group,intensity,exp_index,exp_id,exp_folder,node,component,total_energy_J,avg_power_W
with-plugin,low,1,with-plugin_low_1,exp(02:19:47)_fase3_low_iter1,aspire,cpu,288.6,2.86
with-plugin,low,1,with-plugin_low_1,exp(02:19:47)_fase3_low_iter1,aspire,nic,0.25,0.0
with-plugin,low,1,with-plugin_low_1,exp(02:19:47)_fase3_low_iter1,aspire,ram,256.86,1.92
with-plugin,low,1,with-plugin_low_1,exp(02:19:47)_fase3_low_iter1,aspire,sd,543.72,3.88
with-plugin,low,1,with-plugin_low_1,exp(02:19:47)_fase3_low_iter1,leo,cpu,101.7,0.97
with-plugin,low,1,with-plugin_low_1,exp(02:19:47)_fase3_low_iter1,leo,nic,0.17,0.0
with-plugin,low,1,with-plugin_low_1,exp(02:19:47)_fase3_low_iter1,leo,ram,27.76,0.21
with-plugin,low,1,with-plugin_low_1,exp(02:19:47)_fase3_low_iter1,leo,sd,0.0,0.0
with-plugin,low,1,with-plugin_low_1,exp(02:19:47)_fase3_low_iter1,nitro5,cpu,43.05,0.37
with-plugin,low,1,with-plugin_low_1,exp(02:19:47)_fase3_low_iter1,nitro5,nic,0.53,0.0
with-plugin,low,1,with-plugin_low_1,exp(02:19:47)_fase3_low_iter1,nitro5,ram,20.56,0.15
with-plugin,low,1,with-plugin_low_1,exp(02:19:47)_fase3_low_iter1,nitro5,sd,9.35,0.07
with-plugin,low,1,with-plugin_low_1,exp(02:19:47)_fase3_low_iter1,scorpius,cpu,135.08,1.36
with-plugin,low,1,with-plugin_low_1,exp(02:19:47)_fase3_low_iter1,scorpius,nic,0.36,0.0
with-plugin,low,1,with-plugin_low_1,exp(02:19:47)_fase3_low_iter1,scorpius,ram,150.67,1.12
with-plugin,low,1,with-plugin_low_1,exp(02:19:47)_fase3_low_iter1,scorpius,sd,0.01,0.0
with-plugin,low,2,with-plugin_low_2,exp(02:26:20)_fase3_low_iter2,aspire,cpu,82.18,0.78
with-plugin,low,2,with-plugin_low_2,exp(02:26:20)_fase3_low_iter2,aspire,nic,0.22,0.0
with-plugin,low,2,with-plugin_low_2,exp(02:26:20)_fase3_low_iter2,aspire,ram,42.53,0.32
with-plugin,low,2,with-plugin_low_2,exp(02:26:20)_fase3_low_iter2,aspire,sd,168.45,1.21
with-plugin,low,2,with-plugin_low_2,exp(02:26:20)_fase3_low_iter2,leo,cpu,78.6,0.76
with-plugin,low,2,with-plugin_low_2,exp(02:26:20)_fase3_low_iter2,leo,nic,0.22,0.0
with-plugin,low,2,with-plugin_low_2,exp(02:26:20)_fase3_low_iter2,leo,ram,23.42,0.17
with-plugin,low,2,with-plugin_low_2,exp(02:26:20)_fase3_low_iter2,leo,sd,0.0,0.0
with-plugin,low,2,with-plugin_low_2,exp(02:26:20)_fase3_low_iter2,nitro5,cpu,40.66,0.35
with-plugin,low,2,with-plugin_low_2,exp(02:26:20)_fase3_low_iter2,nitro5,nic,0.63,0.0
with-plugin,low,2,with-plugin_low_2,exp(02:26:20)_fase3_low_iter2,nitro5,ram,21.37,0.15
with-plugin,low,2,with-plugin_low_2,exp(02:26:20)_fase3_low_iter2,nitro5,sd,9.64,0.07
with-plugin,low,2,with-plugin_low_2,exp(02:26:20)_fase3_low_iter2,scorpius,cpu,165.76,1.84
with-plugin,low,2,with-plugin_low_2,exp(02:26:20)_fase3_low_iter2,scorpius,nic,0.24,0.0
with-plugin,low,2,with-plugin_low_2,exp(02:26:20)_fase3_low_iter2,scorpius,ram,209.87,1.58
with-plugin,low,2,with-plugin_low_2,exp(02:26:20)_fase3_low_iter2,scorpius,sd,0.0,0.0
with-plugin,low,3,with-plugin_low_3,exp(02:32:56)_fase3_low_iter3,aspire,cpu,173.9,1.69
with-plugin,low,3,with-plugin_low_3,exp(02:32:56)_fase3_low_iter3,aspire,nic,0.24,0.0
with-plugin,low,3,with-plugin_low_3,exp(02:32:56)_fase3_low_iter3,aspire,ram,154.1,1.14
with-plugin,low,3,with-plugin_low_3,exp(02:32:56)_fase3_low_iter3,aspire,sd,11.82,0.08
with-plugin,low,3,with-plugin_low_3,exp(02:32:56)_fase3_low_iter3,leo,cpu,157.61,1.52
with-plugin,low,3,with-plugin_low_3,exp(02:32:56)_fase3_low_iter3,leo,nic,0.18,0.0
with-plugin,low,3,with-plugin_low_3,exp(02:32:56)_fase3_low_iter3,leo,ram,54.51,0.4
with-plugin,low,3,with-plugin_low_3,exp(02:32:56)_fase3_low_iter3,leo,sd,0.07,0.0
with-plugin,low,3,with-plugin_low_3,exp(02:32:56)_fase3_low_iter3,nitro5,cpu,38.88,0.34
with-plugin,low,3,with-plugin_low_3,exp(02:32:56)_fase3_low_iter3,nitro5,nic,1.04,0.01
with-plugin,low,3,with-plugin_low_3,exp(02:32:56)_fase3_low_iter3,nitro5,ram,20.8,0.15
with-plugin,low,3,with-plugin_low_3,exp(02:32:56)_fase3_low_iter3,nitro5,sd,10.43,0.08
with-plugin,low,3,with-plugin_low_3,exp(02:32:56)_fase3_low_iter3,scorpius,cpu,65.87,0.65
with-plugin,low,3,with-plugin_low_3,exp(02:32:56)_fase3_low_iter3,scorpius,nic,0.82,0.01
with-plugin,low,3,with-plugin_low_3,exp(02:32:56)_fase3_low_iter3,scorpius,ram,69.66,0.52
with-plugin,low,3,with-plugin_low_3,exp(02:32:56)_fase3_low_iter3,scorpius,sd,0.0,0.0
with-plugin,low,4,with-plugin_low_4,exp(02:40:08)_fase3_low_iter4,aspire,cpu,66.01,0.64
with-plugin,low,4,with-plugin_low_4,exp(02:40:08)_fase3_low_iter4,aspire,nic,0.21,0.0
with-plugin,low,4,with-plugin_low_4,exp(02:40:08)_fase3_low_iter4,aspire,ram,37.84,0.28
with-plugin,low,4,with-plugin_low_4,exp(02:40:08)_fase3_low_iter4,aspire,sd,225.96,1.63
with-plugin,low,4,with-plugin_low_4,exp(02:40:08)_fase3_low_iter4,leo,cpu,416.26,3.85
with-plugin,low,4,with-plugin_low_4,exp(02:40:08)_fase3_low_iter4,leo,nic,0.84,0.01
with-plugin,low,4,with-plugin_low_4,exp(02:40:08)_fase3_low_iter4,leo,ram,145.13,1.08
with-plugin,low,4,with-plugin_low_4,exp(02:40:08)_fase3_low_iter4,leo,sd,0.0,0.0
with-plugin,low,4,with-plugin_low_4,exp(02:40:08)_fase3_low_iter4,nitro5,cpu,40.45,0.35
with-plugin,low,4,with-plugin_low_4,exp(02:40:08)_fase3_low_iter4,nitro5,nic,1.1,0.01
with-plugin,low,4,with-plugin_low_4,exp(02:40:08)_fase3_low_iter4,nitro5,ram,20.63,0.15
with-plugin,low,4,with-plugin_low_4,exp(02:40:08)_fase3_low_iter4,nitro5,sd,8.63,0.06
with-plugin,low,4,with-plugin_low_4,exp(02:40:08)_fase3_low_iter4,scorpius,cpu,97.76,1.01
with-plugin,low,4,with-plugin_low_4,exp(02:40:08)_fase3_low_iter4,scorpius,nic,0.04,0.0
with-plugin,low,4,with-plugin_low_4,exp(02:40:08)_fase3_low_iter4,scorpius,ram,111.09,0.82
with-plugin,low,4,with-plugin_low_4,exp(02:40:08)_fase3_low_iter4,scorpius,sd,0.0,0.0
with-plugin,low,5,with-plugin_low_5,exp(02:46:49)_fase3_low_iter5,aspire,cpu,180.82,1.74
with-plugin,low,5,with-plugin_low_5,exp(02:46:49)_fase3_low_iter5,aspire,nic,0.28,0.0
with-plugin,low,5,with-plugin_low_5,exp(02:46:49)_fase3_low_iter5,aspire,ram,153.55,1.15
with-plugin,low,5,with-plugin_low_5,exp(02:46:49)_fase3_low_iter5,aspire,sd,17.68,0.13
with-plugin,low,5,with-plugin_low_5,exp(02:46:49)_fase3_low_iter5,leo,cpu,79.36,0.74
with-plugin,low,5,with-plugin_low_5,exp(02:46:49)_fase3_low_iter5,leo,nic,0.11,0.0
with-plugin,low,5,with-plugin_low_5,exp(02:46:49)_fase3_low_iter5,leo,ram,20.6,0.15
with-plugin,low,5,with-plugin_low_5,exp(02:46:49)_fase3_low_iter5,leo,sd,0.0,0.0
with-plugin,low,5,with-plugin_low_5,exp(02:46:49)_fase3_low_iter5,nitro5,cpu,38.85,0.33
with-plugin,low,5,with-plugin_low_5,exp(02:46:49)_fase3_low_iter5,nitro5,nic,0.54,0.0
with-plugin,low,5,with-plugin_low_5,exp(02:46:49)_fase3_low_iter5,nitro5,ram,20.32,0.15
with-plugin,low,5,with-plugin_low_5,exp(02:46:49)_fase3_low_iter5,nitro5,sd,8.95,0.06
with-plugin,low,5,with-plugin_low_5,exp(02:46:49)_fase3_low_iter5,scorpius,cpu,74.89,0.74
with-plugin,low,5,with-plugin_low_5,exp(02:46:49)_fase3_low_iter5,scorpius,nic,0.28,0.0
with-plugin,low,5,with-plugin_low_5,exp(02:46:49)_fase3_low_iter5,scorpius,ram,81.43,0.6
with-plugin,low,5,with-plugin_low_5,exp(02:46:49)_fase3_low_iter5,scorpius,sd,0.01,0.0
with-plugin,low,6,with-plugin_low_6,exp(02:53:36)_fase3_low_iter6,aspire,cpu,69.99,0.67
with-plugin,low,6,with-plugin_low_6,exp(02:53:36)_fase3_low_iter6,aspire,nic,0.51,0.0
with-plugin,low,6,with-plugin_low_6,exp(02:53:36)_fase3_low_iter6,aspire,ram,42.49,0.31
with-plugin,low,6,with-plugin_low_6,exp(02:53:36)_fase3_low_iter6,aspire,sd,230.01,1.64
with-plugin,low,6,with-plugin_low_6,exp(02:53:36)_fase3_low_iter6,leo,cpu,375.22,3.47
with-plugin,low,6,with-plugin_low_6,exp(02:53:36)_fase3_low_iter6,leo,nic,0.17,0.0
with-plugin,low,6,with-plugin_low_6,exp(02:53:36)_fase3_low_iter6,leo,ram,126.21,0.93
with-plugin,low,6,with-plugin_low_6,exp(02:53:36)_fase3_low_iter6,leo,sd,0.0,0.0
with-plugin,low,6,with-plugin_low_6,exp(02:53:36)_fase3_low_iter6,nitro5,cpu,38.53,0.34
with-plugin,low,6,with-plugin_low_6,exp(02:53:36)_fase3_low_iter6,nitro5,nic,1.61,0.01
with-plugin,low,6,with-plugin_low_6,exp(02:53:36)_fase3_low_iter6,nitro5,ram,20.89,0.15
with-plugin,low,6,with-plugin_low_6,exp(02:53:36)_fase3_low_iter6,nitro5,sd,9.24,0.07
with-plugin,low,6,with-plugin_low_6,exp(02:53:36)_fase3_low_iter6,scorpius,cpu,99.26,1.0
with-plugin,low,6,with-plugin_low_6,exp(02:53:36)_fase3_low_iter6,scorpius,nic,0.77,0.01
with-plugin,low,6,with-plugin_low_6,exp(02:53:36)_fase3_low_iter6,scorpius,ram,109.15,0.81
with-plugin,low,6,with-plugin_low_6,exp(02:53:36)_fase3_low_iter6,scorpius,sd,0.0,0.0
with-plugin,low,7,with-plugin_low_7,exp(03:00:08)_fase3_low_iter7,aspire,cpu,173.08,1.77
with-plugin,low,7,with-plugin_low_7,exp(03:00:08)_fase3_low_iter7,aspire,nic,0.17,0.0
with-plugin,low,7,with-plugin_low_7,exp(03:00:08)_fase3_low_iter7,aspire,ram,150.27,1.12
with-plugin,low,7,with-plugin_low_7,exp(03:00:08)_fase3_low_iter7,aspire,sd,9.29,0.07
with-plugin,low,7,with-plugin_low_7,exp(03:00:08)_fase3_low_iter7,leo,cpu,71.2,0.68
with-plugin,low,7,with-plugin_low_7,exp(03:00:08)_fase3_low_iter7,leo,nic,0.83,0.01
with-plugin,low,7,with-plugin_low_7,exp(03:00:08)_fase3_low_iter7,leo,ram,21.08,0.16
with-plugin,low,7,with-plugin_low_7,exp(03:00:08)_fase3_low_iter7,leo,sd,0.0,0.0
with-plugin,low,7,with-plugin_low_7,exp(03:00:08)_fase3_low_iter7,nitro5,cpu,38.82,0.34
with-plugin,low,7,with-plugin_low_7,exp(03:00:08)_fase3_low_iter7,nitro5,nic,0.83,0.01
with-plugin,low,7,with-plugin_low_7,exp(03:00:08)_fase3_low_iter7,nitro5,ram,20.72,0.15
with-plugin,low,7,with-plugin_low_7,exp(03:00:08)_fase3_low_iter7,nitro5,sd,8.81,0.06
with-plugin,low,7,with-plugin_low_7,exp(03:00:08)_fase3_low_iter7,scorpius,cpu,79.72,0.78
with-plugin,low,7,with-plugin_low_7,exp(03:00:08)_fase3_low_iter7,scorpius,nic,0.27,0.0
with-plugin,low,7,with-plugin_low_7,exp(03:00:08)_fase3_low_iter7,scorpius,ram,98.47,0.73
with-plugin,low,7,with-plugin_low_7,exp(03:00:08)_fase3_low_iter7,scorpius,sd,0.02,0.0
with-plugin,low,8,with-plugin_low_8,exp(03:06:30)_fase3_low_iter8,aspire,cpu,57.91,0.57
with-plugin,low,8,with-plugin_low_8,exp(03:06:30)_fase3_low_iter8,aspire,nic,0.22,0.0
with-plugin,low,8,with-plugin_low_8,exp(03:06:30)_fase3_low_iter8,aspire,ram,36.44,0.27
with-plugin,low,8,with-plugin_low_8,exp(03:06:30)_fase3_low_iter8,aspire,sd,153.3,1.1
with-plugin,low,8,with-plugin_low_8,exp(03:06:30)_fase3_low_iter8,leo,cpu,74.13,0.7
with-plugin,low,8,with-plugin_low_8,exp(03:06:30)_fase3_low_iter8,leo,nic,0.15,0.0
with-plugin,low,8,with-plugin_low_8,exp(03:06:30)_fase3_low_iter8,leo,ram,22.64,0.17
with-plugin,low,8,with-plugin_low_8,exp(03:06:30)_fase3_low_iter8,leo,sd,0.0,0.0
with-plugin,low,8,with-plugin_low_8,exp(03:06:30)_fase3_low_iter8,nitro5,cpu,37.47,0.33
with-plugin,low,8,with-plugin_low_8,exp(03:06:30)_fase3_low_iter8,nitro5,nic,0.44,0.0
with-plugin,low,8,with-plugin_low_8,exp(03:06:30)_fase3_low_iter8,nitro5,ram,20.68,0.15
with-plugin,low,8,with-plugin_low_8,exp(03:06:30)_fase3_low_iter8,nitro5,sd,9.16,0.07
with-plugin,low,8,with-plugin_low_8,exp(03:06:30)_fase3_low_iter8,scorpius,cpu,178.03,2.02
with-plugin,low,8,with-plugin_low_8,exp(03:06:30)_fase3_low_iter8,scorpius,nic,0.28,0.0
with-plugin,low,8,with-plugin_low_8,exp(03:06:30)_fase3_low_iter8,scorpius,ram,227.21,1.72
with-plugin,low,8,with-plugin_low_8,exp(03:06:30)_fase3_low_iter8,scorpius,sd,0.0,0.0
with-plugin,low,9,with-plugin_low_9,exp(03:13:02)_fase3_low_iter9,aspire,cpu,169.56,1.7
with-plugin,low,9,with-plugin_low_9,exp(03:13:02)_fase3_low_iter9,aspire,nic,0.29,0.0
with-plugin,low,9,with-plugin_low_9,exp(03:13:02)_fase3_low_iter9,aspire,ram,149.61,1.12
with-plugin,low,9,with-plugin_low_9,exp(03:13:02)_fase3_low_iter9,aspire,sd,10.87,0.08
with-plugin,low,9,with-plugin_low_9,exp(03:13:02)_fase3_low_iter9,leo,cpu,71.83,0.69
with-plugin,low,9,with-plugin_low_9,exp(03:13:02)_fase3_low_iter9,leo,nic,0.22,0.0
with-plugin,low,9,with-plugin_low_9,exp(03:13:02)_fase3_low_iter9,leo,ram,20.66,0.15
with-plugin,low,9,with-plugin_low_9,exp(03:13:02)_fase3_low_iter9,leo,sd,0.0,0.0
with-plugin,low,9,with-plugin_low_9,exp(03:13:02)_fase3_low_iter9,nitro5,cpu,39.65,0.34
with-plugin,low,9,with-plugin_low_9,exp(03:13:02)_fase3_low_iter9,nitro5,nic,0.7,0.01
with-plugin,low,9,with-plugin_low_9,exp(03:13:02)_fase3_low_iter9,nitro5,ram,20.68,0.15
with-plugin,low,9,with-plugin_low_9,exp(03:13:02)_fase3_low_iter9,nitro5,sd,10.04,0.07
with-plugin,low,9,with-plugin_low_9,exp(03:13:02)_fase3_low_iter9,scorpius,cpu,74.71,0.73
with-plugin,low,9,with-plugin_low_9,exp(03:13:02)_fase3_low_iter9,scorpius,nic,0.23,0.0
with-plugin,low,9,with-plugin_low_9,exp(03:13:02)_fase3_low_iter9,scorpius,ram,81.94,0.61
with-plugin,low,9,with-plugin_low_9,exp(03:13:02)_fase3_low_iter9,scorpius,sd,0.01,0.0
with-plugin,low,10,with-plugin_low_10,exp(03:19:30)_fase3_low_iter10,aspire,cpu,77.11,0.75
with-plugin,low,10,with-plugin_low_10,exp(03:19:30)_fase3_low_iter10,aspire,nic,1.05,0.01
with-plugin,low,10,with-plugin_low_10,exp(03:19:30)_fase3_low_iter10,aspire,ram,49.94,0.37
with-plugin,low,10,with-plugin_low_10,exp(03:19:30)_fase3_low_iter10,aspire,sd,340.06,2.45
with-plugin,low,10,with-plugin_low_10,exp(03:19:30)_fase3_low_iter10,leo,cpu,300.93,2.87
with-plugin,low,10,with-plugin_low_10,exp(03:19:30)_fase3_low_iter10,leo,nic,0.19,0.0
with-plugin,low,10,with-plugin_low_10,exp(03:19:30)_fase3_low_iter10,leo,ram,115.18,0.85
with-plugin,low,10,with-plugin_low_10,exp(03:19:30)_fase3_low_iter10,leo,sd,0.0,0.0
with-plugin,low,10,with-plugin_low_10,exp(03:19:30)_fase3_low_iter10,nitro5,cpu,40.21,0.35
with-plugin,low,10,with-plugin_low_10,exp(03:19:30)_fase3_low_iter10,nitro5,nic,1.56,0.01
with-plugin,low,10,with-plugin_low_10,exp(03:19:30)_fase3_low_iter10,nitro5,ram,20.83,0.15
with-plugin,low,10,with-plugin_low_10,exp(03:19:30)_fase3_low_iter10,nitro5,sd,9.15,0.07
with-plugin,low,10,with-plugin_low_10,exp(03:19:30)_fase3_low_iter10,scorpius,cpu,92.73,0.94
with-plugin,low,10,with-plugin_low_10,exp(03:19:30)_fase3_low_iter10,scorpius,nic,0.26,0.0
with-plugin,low,10,with-plugin_low_10,exp(03:19:30)_fase3_low_iter10,scorpius,ram,106.75,0.79
with-plugin,low,10,with-plugin_low_10,exp(03:19:30)_fase3_low_iter10,scorpius,sd,0.0,0.0
with-plugin,low,11,with-plugin_low_11,exp(03:26:26)_fase3_low_iter11,aspire,cpu,172.87,1.76
with-plugin,low,11,with-plugin_low_11,exp(03:26:26)_fase3_low_iter11,aspire,nic,0.2,0.0
with-plugin,low,11,with-plugin_low_11,exp(03:26:26)_fase3_low_iter11,aspire,ram,174.95,1.31
with-plugin,low,11,with-plugin_low_11,exp(03:26:26)_fase3_low_iter11,aspire,sd,9.29,0.07
with-plugin,low,11,with-plugin_low_11,exp(03:26:26)_fase3_low_iter11,leo,cpu,119.16,1.12
with-plugin,low,11,with-plugin_low_11,exp(03:26:26)_fase3_low_iter11,leo,nic,0.15,0.0
with-plugin,low,11,with-plugin_low_11,exp(03:26:26)_fase3_low_iter11,leo,ram,31.2,0.23
with-plugin,low,11,with-plugin_low_11,exp(03:26:26)_fase3_low_iter11,leo,sd,0.02,0.0
with-plugin,low,11,with-plugin_low_11,exp(03:26:26)_fase3_low_iter11,nitro5,cpu,36.76,0.32
with-plugin,low,11,with-plugin_low_11,exp(03:26:26)_fase3_low_iter11,nitro5,nic,1.55,0.01
with-plugin,low,11,with-plugin_low_11,exp(03:26:26)_fase3_low_iter11,nitro5,ram,20.74,0.15
with-plugin,low,11,with-plugin_low_11,exp(03:26:26)_fase3_low_iter11,nitro5,sd,9.51,0.07
with-plugin,low,11,with-plugin_low_11,exp(03:26:26)_fase3_low_iter11,scorpius,cpu,63.59,0.63
with-plugin,low,11,with-plugin_low_11,exp(03:26:26)_fase3_low_iter11,scorpius,nic,0.16,0.0
with-plugin,low,11,with-plugin_low_11,exp(03:26:26)_fase3_low_iter11,scorpius,ram,70.74,0.52
with-plugin,low,11,with-plugin_low_11,exp(03:26:26)_fase3_low_iter11,scorpius,sd,0.0,0.0
with-plugin,low,12,with-plugin_low_12,exp(03:32:37)_fase3_low_iter12,aspire,cpu,55.27,0.53
with-plugin,low,12,with-plugin_low_12,exp(03:32:37)_fase3_low_iter12,aspire,nic,0.27,0.0
with-plugin,low,12,with-plugin_low_12,exp(03:32:37)_fase3_low_iter12,aspire,ram,36.19,0.27
with-plugin,low,12,with-plugin_low_12,exp(03:32:37)_fase3_low_iter12,aspire,sd,154.2,1.1
with-plugin,low,12,with-plugin_low_12,exp(03:32:37)_fase3_low_iter12,leo,cpu,61.01,0.6
with-plugin,low,12,with-plugin_low_12,exp(03:32:37)_fase3_low_iter12,leo,nic,0.12,0.0
with-plugin,low,12,with-plugin_low_12,exp(03:32:37)_fase3_low_iter12,leo,ram,18.49,0.14
with-plugin,low,12,with-plugin_low_12,exp(03:32:37)_fase3_low_iter12,leo,sd,0.0,0.0
with-plugin,low,12,with-plugin_low_12,exp(03:32:37)_fase3_low_iter12,nitro5,cpu,39.14,0.34
with-plugin,low,12,with-plugin_low_12,exp(03:32:37)_fase3_low_iter12,nitro5,nic,0.38,0.0
with-plugin,low,12,with-plugin_low_12,exp(03:32:37)_fase3_low_iter12,nitro5,ram,20.8,0.15
with-plugin,low,12,with-plugin_low_12,exp(03:32:37)_fase3_low_iter12,nitro5,sd,0.0,0.0
with-plugin,low,12,with-plugin_low_12,exp(03:32:37)_fase3_low_iter12,scorpius,cpu,166.27,1.83
with-plugin,low,12,with-plugin_low_12,exp(03:32:37)_fase3_low_iter12,scorpius,nic,0.2,0.0
with-plugin,low,12,with-plugin_low_12,exp(03:32:37)_fase3_low_iter12,scorpius,ram,216.74,1.62
with-plugin,low,12,with-plugin_low_12,exp(03:32:37)_fase3_low_iter12,scorpius,sd,0.0,0.0
with-plugin,low,13,with-plugin_low_13,exp(03:39:11)_fase3_low_iter13,aspire,cpu,172.91,1.71
with-plugin,low,13,with-plugin_low_13,exp(03:39:11)_fase3_low_iter13,aspire,nic,0.11,0.0
with-plugin,low,13,with-plugin_low_13,exp(03:39:11)_fase3_low_iter13,aspire,ram,141.92,1.06
with-plugin,low,13,with-plugin_low_13,exp(03:39:11)_fase3_low_iter13,aspire,sd,10.64,0.08
with-plugin,low,13,with-plugin_low_13,exp(03:39:11)_fase3_low_iter13,leo,cpu,70.09,0.69
with-plugin,low,13,with-plugin_low_13,exp(03:39:11)_fase3_low_iter13,leo,nic,0.23,0.0
with-plugin,low,13,with-plugin_low_13,exp(03:39:11)_fase3_low_iter13,leo,ram,21.39,0.16
with-plugin,low,13,with-plugin_low_13,exp(03:39:11)_fase3_low_iter13,leo,sd,0.0,0.0
with-plugin,low,13,with-plugin_low_13,exp(03:39:11)_fase3_low_iter13,nitro5,cpu,36.67,0.32
with-plugin,low,13,with-plugin_low_13,exp(03:39:11)_fase3_low_iter13,nitro5,nic,0.38,0.0
with-plugin,low,13,with-plugin_low_13,exp(03:39:11)_fase3_low_iter13,nitro5,ram,20.43,0.15
with-plugin,low,13,with-plugin_low_13,exp(03:39:11)_fase3_low_iter13,nitro5,sd,8.65,0.06
with-plugin,low,13,with-plugin_low_13,exp(03:39:11)_fase3_low_iter13,scorpius,cpu,83.65,0.81
with-plugin,low,13,with-plugin_low_13,exp(03:39:11)_fase3_low_iter13,scorpius,nic,0.38,0.0
with-plugin,low,13,with-plugin_low_13,exp(03:39:11)_fase3_low_iter13,scorpius,ram,95.81,0.71
with-plugin,low,13,with-plugin_low_13,exp(03:39:11)_fase3_low_iter13,scorpius,sd,0.01,0.0
with-plugin,low,14,with-plugin_low_14,exp(03:45:34)_fase3_low_iter14,aspire,cpu,64.87,0.63
with-plugin,low,14,with-plugin_low_14,exp(03:45:34)_fase3_low_iter14,aspire,nic,1.2,0.01
with-plugin,low,14,with-plugin_low_14,exp(03:45:34)_fase3_low_iter14,aspire,ram,39.17,0.29
with-plugin,low,14,with-plugin_low_14,exp(03:45:34)_fase3_low_iter14,aspire,sd,173.86,1.24
with-plugin,low,14,with-plugin_low_14,exp(03:45:34)_fase3_low_iter14,leo,cpu,83.33,0.79
with-plugin,low,14,with-plugin_low_14,exp(03:45:34)_fase3_low_iter14,leo,nic,0.26,0.0
with-plugin,low,14,with-plugin_low_14,exp(03:45:34)_fase3_low_iter14,leo,ram,23.79,0.18
with-plugin,low,14,with-plugin_low_14,exp(03:45:34)_fase3_low_iter14,leo,sd,0.0,0.0
with-plugin,low,14,with-plugin_low_14,exp(03:45:34)_fase3_low_iter14,nitro5,cpu,38.84,0.34
with-plugin,low,14,with-plugin_low_14,exp(03:45:34)_fase3_low_iter14,nitro5,nic,1.73,0.01
with-plugin,low,14,with-plugin_low_14,exp(03:45:34)_fase3_low_iter14,nitro5,ram,20.48,0.15
with-plugin,low,14,with-plugin_low_14,exp(03:45:34)_fase3_low_iter14,nitro5,sd,8.96,0.06
with-plugin,low,14,with-plugin_low_14,exp(03:45:34)_fase3_low_iter14,scorpius,cpu,170.16,1.93
with-plugin,low,14,with-plugin_low_14,exp(03:45:34)_fase3_low_iter14,scorpius,nic,0.36,0.0
with-plugin,low,14,with-plugin_low_14,exp(03:45:34)_fase3_low_iter14,scorpius,ram,231.75,1.76
with-plugin,low,14,with-plugin_low_14,exp(03:45:34)_fase3_low_iter14,scorpius,sd,0.0,0.0
with-plugin,low,15,with-plugin_low_15,exp(03:52:20)_fase3_low_iter15,aspire,cpu,206.07,2.15
with-plugin,low,15,with-plugin_low_15,exp(03:52:20)_fase3_low_iter15,aspire,nic,0.25,0.0
with-plugin,low,15,with-plugin_low_15,exp(03:52:20)_fase3_low_iter15,aspire,ram,217.41,1.62
with-plugin,low,15,with-plugin_low_15,exp(03:52:20)_fase3_low_iter15,aspire,sd,14.64,0.1
with-plugin,low,15,with-plugin_low_15,exp(03:52:20)_fase3_low_iter15,leo,cpu,159.83,1.52
with-plugin,low,15,with-plugin_low_15,exp(03:52:20)_fase3_low_iter15,leo,nic,0.59,0.0
with-plugin,low,15,with-plugin_low_15,exp(03:52:20)_fase3_low_iter15,leo,ram,56.08,0.42
with-plugin,low,15,with-plugin_low_15,exp(03:52:20)_fase3_low_iter15,leo,sd,0.08,0.0
with-plugin,low,15,with-plugin_low_15,exp(03:52:20)_fase3_low_iter15,nitro5,cpu,39.21,0.34
with-plugin,low,15,with-plugin_low_15,exp(03:52:20)_fase3_low_iter15,nitro5,nic,1.27,0.01
with-plugin,low,15,with-plugin_low_15,exp(03:52:20)_fase3_low_iter15,nitro5,ram,21.12,0.15
with-plugin,low,15,with-plugin_low_15,exp(03:52:20)_fase3_low_iter15,nitro5,sd,9.51,0.07
with-plugin,low,15,with-plugin_low_15,exp(03:52:20)_fase3_low_iter15,scorpius,cpu,76.58,0.74
with-plugin,low,15,with-plugin_low_15,exp(03:52:20)_fase3_low_iter15,scorpius,nic,0.26,0.0
with-plugin,low,15,with-plugin_low_15,exp(03:52:20)_fase3_low_iter15,scorpius,ram,78.49,0.58
with-plugin,low,15,with-plugin_low_15,exp(03:52:20)_fase3_low_iter15,scorpius,sd,0.0,0.0
with-plugin,low,16,with-plugin_low_16,exp(03:58:57)_fase3_low_iter16,aspire,cpu,61.35,0.57
with-plugin,low,16,with-plugin_low_16,exp(03:58:57)_fase3_low_iter16,aspire,nic,0.22,0.0
with-plugin,low,16,with-plugin_low_16,exp(03:58:57)_fase3_low_iter16,aspire,ram,33.41,0.25
with-plugin,low,16,with-plugin_low_16,exp(03:58:57)_fase3_low_iter16,aspire,sd,117.82,0.85
with-plugin,low,16,with-plugin_low_16,exp(03:58:57)_fase3_low_iter16,leo,cpu,70.83,0.67
with-plugin,low,16,with-plugin_low_16,exp(03:58:57)_fase3_low_iter16,leo,nic,0.19,0.0
with-plugin,low,16,with-plugin_low_16,exp(03:58:57)_fase3_low_iter16,leo,ram,19.63,0.15
with-plugin,low,16,with-plugin_low_16,exp(03:58:57)_fase3_low_iter16,leo,sd,0.0,0.0
with-plugin,low,16,with-plugin_low_16,exp(03:58:57)_fase3_low_iter16,nitro5,cpu,40.33,0.35
with-plugin,low,16,with-plugin_low_16,exp(03:58:57)_fase3_low_iter16,nitro5,nic,0.44,0.0
with-plugin,low,16,with-plugin_low_16,exp(03:58:57)_fase3_low_iter16,nitro5,ram,20.68,0.15
with-plugin,low,16,with-plugin_low_16,exp(03:58:57)_fase3_low_iter16,nitro5,sd,9.11,0.07
with-plugin,low,16,with-plugin_low_16,exp(03:58:57)_fase3_low_iter16,scorpius,cpu,159.43,1.71
with-plugin,low,16,with-plugin_low_16,exp(03:58:57)_fase3_low_iter16,scorpius,nic,0.05,0.0
with-plugin,low,16,with-plugin_low_16,exp(03:58:57)_fase3_low_iter16,scorpius,ram,205.55,1.53
with-plugin,low,16,with-plugin_low_16,exp(03:58:57)_fase3_low_iter16,scorpius,sd,0.0,0.0
with-plugin,low,17,with-plugin_low_17,exp(04:05:37)_fase3_low_iter17,aspire,cpu,152.15,1.51
with-plugin,low,17,with-plugin_low_17,exp(04:05:37)_fase3_low_iter17,aspire,nic,0.22,0.0
with-plugin,low,17,with-plugin_low_17,exp(04:05:37)_fase3_low_iter17,aspire,ram,145.72,1.08
with-plugin,low,17,with-plugin_low_17,exp(04:05:37)_fase3_low_iter17,aspire,sd,7.1,0.05
with-plugin,low,17,with-plugin_low_17,exp(04:05:37)_fase3_low_iter17,leo,cpu,63.64,0.61
with-plugin,low,17,with-plugin_low_17,exp(04:05:37)_fase3_low_iter17,leo,nic,0.15,0.0
with-plugin,low,17,with-plugin_low_17,exp(04:05:37)_fase3_low_iter17,leo,ram,17.17,0.13
with-plugin,low,17,with-plugin_low_17,exp(04:05:37)_fase3_low_iter17,leo,sd,0.0,0.0
with-plugin,low,17,with-plugin_low_17,exp(04:05:37)_fase3_low_iter17,nitro5,cpu,38.87,0.34
with-plugin,low,17,with-plugin_low_17,exp(04:05:37)_fase3_low_iter17,nitro5,nic,1.83,0.01
with-plugin,low,17,with-plugin_low_17,exp(04:05:37)_fase3_low_iter17,nitro5,ram,20.94,0.15
with-plugin,low,17,with-plugin_low_17,exp(04:05:37)_fase3_low_iter17,nitro5,sd,9.1,0.07
with-plugin,low,17,with-plugin_low_17,exp(04:05:37)_fase3_low_iter17,scorpius,cpu,75.42,0.72
with-plugin,low,17,with-plugin_low_17,exp(04:05:37)_fase3_low_iter17,scorpius,nic,0.16,0.0
with-plugin,low,17,with-plugin_low_17,exp(04:05:37)_fase3_low_iter17,scorpius,ram,79.47,0.59
with-plugin,low,17,with-plugin_low_17,exp(04:05:37)_fase3_low_iter17,scorpius,sd,0.01,0.0
with-plugin,low,18,with-plugin_low_18,exp(04:12:57)_fase3_low_iter18,aspire,cpu,52.58,0.52
with-plugin,low,18,with-plugin_low_18,exp(04:12:57)_fase3_low_iter18,aspire,nic,1.01,0.01
with-plugin,low,18,with-plugin_low_18,exp(04:12:57)_fase3_low_iter18,aspire,ram,31.5,0.23
with-plugin,low,18,with-plugin_low_18,exp(04:12:57)_fase3_low_iter18,aspire,sd,229.84,1.65
with-plugin,low,18,with-plugin_low_18,exp(04:12:57)_fase3_low_iter18,leo,cpu,54.52,0.53
with-plugin,low,18,with-plugin_low_18,exp(04:12:57)_fase3_low_iter18,leo,nic,0.81,0.01
with-plugin,low,18,with-plugin_low_18,exp(04:12:57)_fase3_low_iter18,leo,ram,15.96,0.12
with-plugin,low,18,with-plugin_low_18,exp(04:12:57)_fase3_low_iter18,leo,sd,0.0,0.0
with-plugin,low,18,with-plugin_low_18,exp(04:12:57)_fase3_low_iter18,nitro5,cpu,40.19,0.36
with-plugin,low,18,with-plugin_low_18,exp(04:12:57)_fase3_low_iter18,nitro5,nic,1.21,0.01
with-plugin,low,18,with-plugin_low_18,exp(04:12:57)_fase3_low_iter18,nitro5,ram,21.7,0.16
with-plugin,low,18,with-plugin_low_18,exp(04:12:57)_fase3_low_iter18,nitro5,sd,11.6,0.08
with-plugin,low,18,with-plugin_low_18,exp(04:12:57)_fase3_low_iter18,scorpius,cpu,137.11,1.59
with-plugin,low,18,with-plugin_low_18,exp(04:12:57)_fase3_low_iter18,scorpius,nic,0.22,0.0
with-plugin,low,18,with-plugin_low_18,exp(04:12:57)_fase3_low_iter18,scorpius,ram,192.03,1.43
with-plugin,low,18,with-plugin_low_18,exp(04:12:57)_fase3_low_iter18,scorpius,sd,0.0,0.0
with-plugin,low,19,with-plugin_low_19,exp(04:19:59)_fase3_low_iter19,aspire,cpu,149.7,1.58
with-plugin,low,19,with-plugin_low_19,exp(04:19:59)_fase3_low_iter19,aspire,nic,0.29,0.0
with-plugin,low,19,with-plugin_low_19,exp(04:19:59)_fase3_low_iter19,aspire,ram,142.92,1.07
with-plugin,low,19,with-plugin_low_19,exp(04:19:59)_fase3_low_iter19,aspire,sd,0.0,0.0
with-plugin,low,19,with-plugin_low_19,exp(04:19:59)_fase3_low_iter19,leo,cpu,130.68,1.24
with-plugin,low,19,with-plugin_low_19,exp(04:19:59)_fase3_low_iter19,leo,nic,0.0,0.0
with-plugin,low,19,with-plugin_low_19,exp(04:19:59)_fase3_low_iter19,leo,ram,42.21,0.31
with-plugin,low,19,with-plugin_low_19,exp(04:19:59)_fase3_low_iter19,leo,sd,0.02,0.0
with-plugin,low,19,with-plugin_low_19,exp(04:19:59)_fase3_low_iter19,nitro5,cpu,38.88,0.34
with-plugin,low,19,with-plugin_low_19,exp(04:19:59)_fase3_low_iter19,nitro5,nic,0.6,0.0
with-plugin,low,19,with-plugin_low_19,exp(04:19:59)_fase3_low_iter19,nitro5,ram,20.23,0.15
with-plugin,low,19,with-plugin_low_19,exp(04:19:59)_fase3_low_iter19,nitro5,sd,8.47,0.06
with-plugin,low,19,with-plugin_low_19,exp(04:19:59)_fase3_low_iter19,scorpius,cpu,58.61,0.57
with-plugin,low,19,with-plugin_low_19,exp(04:19:59)_fase3_low_iter19,scorpius,nic,0.0,0.0
with-plugin,low,19,with-plugin_low_19,exp(04:19:59)_fase3_low_iter19,scorpius,ram,65.13,0.48
with-plugin,low,19,with-plugin_low_19,exp(04:19:59)_fase3_low_iter19,scorpius,sd,0.0,0.0
with-plugin,low,20,with-plugin_low_20,exp(04:26:36)_fase3_low_iter20,aspire,cpu,58.5,0.58
with-plugin,low,20,with-plugin_low_20,exp(04:26:36)_fase3_low_iter20,aspire,nic,1.03,0.01
with-plugin,low,20,with-plugin_low_20,exp(04:26:36)_fase3_low_iter20,aspire,ram,32.37,0.24
with-plugin,low,20,with-plugin_low_20,exp(04:26:36)_fase3_low_iter20,aspire,sd,117.65,0.84
with-plugin,low,20,with-plugin_low_20,exp(04:26:36)_fase3_low_iter20,leo,cpu,62.36,0.61
with-plugin,low,20,with-plugin_low_20,exp(04:26:36)_fase3_low_iter20,leo,nic,0.15,0.0
with-plugin,low,20,with-plugin_low_20,exp(04:26:36)_fase3_low_iter20,leo,ram,18.83,0.14
with-plugin,low,20,with-plugin_low_20,exp(04:26:36)_fase3_low_iter20,leo,sd,0.0,0.0
with-plugin,low,20,with-plugin_low_20,exp(04:26:36)_fase3_low_iter20,nitro5,cpu,38.53,0.34
with-plugin,low,20,with-plugin_low_20,exp(04:26:36)_fase3_low_iter20,nitro5,nic,0.87,0.01
with-plugin,low,20,with-plugin_low_20,exp(04:26:36)_fase3_low_iter20,nitro5,ram,21.06,0.15
with-plugin,low,20,with-plugin_low_20,exp(04:26:36)_fase3_low_iter20,nitro5,sd,10.0,0.07
with-plugin,low,20,with-plugin_low_20,exp(04:26:36)_fase3_low_iter20,scorpius,cpu,163.09,1.74
with-plugin,low,20,with-plugin_low_20,exp(04:26:36)_fase3_low_iter20,scorpius,nic,0.12,0.0
with-plugin,low,20,with-plugin_low_20,exp(04:26:36)_fase3_low_iter20,scorpius,ram,203.03,1.52
with-plugin,low,20,with-plugin_low_20,exp(04:26:36)_fase3_low_iter20,scorpius,sd,0.0,0.0
with-plugin,medium,1,with-plugin_medium_1,exp(04:33:06)_fase3_medium_iter1,aspire,cpu,170.05,1.7
with-plugin,medium,1,with-plugin_medium_1,exp(04:33:06)_fase3_medium_iter1,aspire,nic,0.26,0.0
with-plugin,medium,1,with-plugin_medium_1,exp(04:33:06)_fase3_medium_iter1,aspire,ram,158.61,1.17
with-plugin,medium,1,with-plugin_medium_1,exp(04:33:06)_fase3_medium_iter1,aspire,sd,18.25,0.13
with-plugin,medium,1,with-plugin_medium_1,exp(04:33:06)_fase3_medium_iter1,leo,cpu,74.97,0.72
with-plugin,medium,1,with-plugin_medium_1,exp(04:33:06)_fase3_medium_iter1,leo,nic,0.15,0.0
with-plugin,medium,1,with-plugin_medium_1,exp(04:33:06)_fase3_medium_iter1,leo,ram,23.22,0.17
with-plugin,medium,1,with-plugin_medium_1,exp(04:33:06)_fase3_medium_iter1,leo,sd,0.0,0.0
with-plugin,medium,1,with-plugin_medium_1,exp(04:33:06)_fase3_medium_iter1,nitro5,cpu,39.35,0.35
with-plugin,medium,1,with-plugin_medium_1,exp(04:33:06)_fase3_medium_iter1,nitro5,nic,1.38,0.01
with-plugin,medium,1,with-plugin_medium_1,exp(04:33:06)_fase3_medium_iter1,nitro5,ram,20.97,0.15
with-plugin,medium,1,with-plugin_medium_1,exp(04:33:06)_fase3_medium_iter1,nitro5,sd,10.58,0.08
with-plugin,medium,1,with-plugin_medium_1,exp(04:33:06)_fase3_medium_iter1,scorpius,cpu,68.31,0.67
with-plugin,medium,1,with-plugin_medium_1,exp(04:33:06)_fase3_medium_iter1,scorpius,nic,1.11,0.01
with-plugin,medium,1,with-plugin_medium_1,exp(04:33:06)_fase3_medium_iter1,scorpius,ram,77.55,0.57
with-plugin,medium,1,with-plugin_medium_1,exp(04:33:06)_fase3_medium_iter1,scorpius,sd,0.01,0.0
with-plugin,medium,2,with-plugin_medium_2,exp(04:39:43)_fase3_medium_iter2,aspire,cpu,53.2,0.53
with-plugin,medium,2,with-plugin_medium_2,exp(04:39:43)_fase3_medium_iter2,aspire,nic,0.27,0.0
with-plugin,medium,2,with-plugin_medium_2,exp(04:39:43)_fase3_medium_iter2,aspire,ram,31.84,0.24
with-plugin,medium,2,with-plugin_medium_2,exp(04:39:43)_fase3_medium_iter2,aspire,sd,118.1,0.84
with-plugin,medium,2,with-plugin_medium_2,exp(04:39:43)_fase3_medium_iter2,leo,cpu,52.65,0.51
with-plugin,medium,2,with-plugin_medium_2,exp(04:39:43)_fase3_medium_iter2,leo,nic,0.14,0.0
with-plugin,medium,2,with-plugin_medium_2,exp(04:39:43)_fase3_medium_iter2,leo,ram,14.22,0.11
with-plugin,medium,2,with-plugin_medium_2,exp(04:39:43)_fase3_medium_iter2,leo,sd,0.0,0.0
with-plugin,medium,2,with-plugin_medium_2,exp(04:39:43)_fase3_medium_iter2,nitro5,cpu,37.06,0.34
with-plugin,medium,2,with-plugin_medium_2,exp(04:39:43)_fase3_medium_iter2,nitro5,nic,0.32,0.0
with-plugin,medium,2,with-plugin_medium_2,exp(04:39:43)_fase3_medium_iter2,nitro5,ram,20.08,0.15
with-plugin,medium,2,with-plugin_medium_2,exp(04:39:43)_fase3_medium_iter2,nitro5,sd,9.07,0.06
with-plugin,medium,2,with-plugin_medium_2,exp(04:39:43)_fase3_medium_iter2,scorpius,cpu,134.7,1.42
with-plugin,medium,2,with-plugin_medium_2,exp(04:39:43)_fase3_medium_iter2,scorpius,nic,0.47,0.0
with-plugin,medium,2,with-plugin_medium_2,exp(04:39:43)_fase3_medium_iter2,scorpius,ram,153.05,1.14
with-plugin,medium,2,with-plugin_medium_2,exp(04:39:43)_fase3_medium_iter2,scorpius,sd,0.0,0.0
with-plugin,medium,3,with-plugin_medium_3,exp(04:46:28)_fase3_medium_iter3,aspire,cpu,143.84,1.42
with-plugin,medium,3,with-plugin_medium_3,exp(04:46:28)_fase3_medium_iter3,aspire,nic,0.29,0.0
with-plugin,medium,3,with-plugin_medium_3,exp(04:46:28)_fase3_medium_iter3,aspire,ram,137.94,1.03
with-plugin,medium,3,with-plugin_medium_3,exp(04:46:28)_fase3_medium_iter3,aspire,sd,7.77,0.06
with-plugin,medium,3,with-plugin_medium_3,exp(04:46:28)_fase3_medium_iter3,leo,cpu,72.24,0.69
with-plugin,medium,3,with-plugin_medium_3,exp(04:46:28)_fase3_medium_iter3,leo,nic,0.25,0.0
with-plugin,medium,3,with-plugin_medium_3,exp(04:46:28)_fase3_medium_iter3,leo,ram,20.43,0.15
with-plugin,medium,3,with-plugin_medium_3,exp(04:46:28)_fase3_medium_iter3,leo,sd,0.0,0.0
with-plugin,medium,3,with-plugin_medium_3,exp(04:46:28)_fase3_medium_iter3,nitro5,cpu,34.57,0.31
with-plugin,medium,3,with-plugin_medium_3,exp(04:46:28)_fase3_medium_iter3,nitro5,nic,0.52,0.0
with-plugin,medium,3,with-plugin_medium_3,exp(04:46:28)_fase3_medium_iter3,nitro5,ram,20.43,0.15
with-plugin,medium,3,with-plugin_medium_3,exp(04:46:28)_fase3_medium_iter3,nitro5,sd,11.51,0.08
with-plugin,medium,3,with-plugin_medium_3,exp(04:46:28)_fase3_medium_iter3,scorpius,cpu,88.01,0.85
with-plugin,medium,3,with-plugin_medium_3,exp(04:46:28)_fase3_medium_iter3,scorpius,nic,0.2,0.0
with-plugin,medium,3,with-plugin_medium_3,exp(04:46:28)_fase3_medium_iter3,scorpius,ram,109.46,0.81
with-plugin,medium,3,with-plugin_medium_3,exp(04:46:28)_fase3_medium_iter3,scorpius,sd,0.02,0.0
with-plugin,medium,4,with-plugin_medium_4,exp(04:53:13)_fase3_medium_iter4,aspire,cpu,50.31,0.48
with-plugin,medium,4,with-plugin_medium_4,exp(04:53:13)_fase3_medium_iter4,aspire,nic,0.21,0.0
with-plugin,medium,4,with-plugin_medium_4,exp(04:53:13)_fase3_medium_iter4,aspire,ram,34.72,0.26
with-plugin,medium,4,with-plugin_medium_4,exp(04:53:13)_fase3_medium_iter4,aspire,sd,146.43,1.05
with-plugin,medium,4,with-plugin_medium_4,exp(04:53:13)_fase3_medium_iter4,leo,cpu,276.42,2.58
with-plugin,medium,4,with-plugin_medium_4,exp(04:53:13)_fase3_medium_iter4,leo,nic,3.91,0.03
with-plugin,medium,4,with-plugin_medium_4,exp(04:53:13)_fase3_medium_iter4,leo,ram,89.57,0.66
with-plugin,medium,4,with-plugin_medium_4,exp(04:53:13)_fase3_medium_iter4,leo,sd,0.0,0.0
with-plugin,medium,4,with-plugin_medium_4,exp(04:53:13)_fase3_medium_iter4,nitro5,cpu,39.45,0.35
with-plugin,medium,4,with-plugin_medium_4,exp(04:53:13)_fase3_medium_iter4,nitro5,nic,0.82,0.01
with-plugin,medium,4,with-plugin_medium_4,exp(04:53:13)_fase3_medium_iter4,nitro5,ram,20.75,0.15
with-plugin,medium,4,with-plugin_medium_4,exp(04:53:13)_fase3_medium_iter4,nitro5,sd,11.96,0.09
with-plugin,medium,4,with-plugin_medium_4,exp(04:53:13)_fase3_medium_iter4,scorpius,cpu,97.62,0.98
with-plugin,medium,4,with-plugin_medium_4,exp(04:53:13)_fase3_medium_iter4,scorpius,nic,0.0,0.0
with-plugin,medium,4,with-plugin_medium_4,exp(04:53:13)_fase3_medium_iter4,scorpius,ram,111.34,0.82
with-plugin,medium,4,with-plugin_medium_4,exp(04:53:13)_fase3_medium_iter4,scorpius,sd,0.0,0.0
with-plugin,medium,5,with-plugin_medium_5,exp(04:59:46)_fase3_medium_iter5,aspire,cpu,129.84,1.35
with-plugin,medium,5,with-plugin_medium_5,exp(04:59:46)_fase3_medium_iter5,aspire,nic,0.33,0.0
with-plugin,medium,5,with-plugin_medium_5,exp(04:59:46)_fase3_medium_iter5,aspire,ram,128.56,0.96
with-plugin,medium,5,with-plugin_medium_5,exp(04:59:46)_fase3_medium_iter5,aspire,sd,8.9,0.06
with-plugin,medium,5,with-plugin_medium_5,exp(04:59:46)_fase3_medium_iter5,leo,cpu,168.29,1.57
with-plugin,medium,5,with-plugin_medium_5,exp(04:59:46)_fase3_medium_iter5,leo,nic,0.17,0.0
with-plugin,medium,5,with-plugin_medium_5,exp(04:59:46)_fase3_medium_iter5,leo,ram,57.0,0.42
with-plugin,medium,5,with-plugin_medium_5,exp(04:59:46)_fase3_medium_iter5,leo,sd,0.06,0.0
with-plugin,medium,5,with-plugin_medium_5,exp(04:59:46)_fase3_medium_iter5,nitro5,cpu,37.4,0.33
with-plugin,medium,5,with-plugin_medium_5,exp(04:59:46)_fase3_medium_iter5,nitro5,nic,0.37,0.0
with-plugin,medium,5,with-plugin_medium_5,exp(04:59:46)_fase3_medium_iter5,nitro5,ram,20.36,0.15
with-plugin,medium,5,with-plugin_medium_5,exp(04:59:46)_fase3_medium_iter5,nitro5,sd,9.5,0.07
with-plugin,medium,5,with-plugin_medium_5,exp(04:59:46)_fase3_medium_iter5,scorpius,cpu,57.1,0.57
with-plugin,medium,5,with-plugin_medium_5,exp(04:59:46)_fase3_medium_iter5,scorpius,nic,0.18,0.0
with-plugin,medium,5,with-plugin_medium_5,exp(04:59:46)_fase3_medium_iter5,scorpius,ram,64.8,0.48
with-plugin,medium,5,with-plugin_medium_5,exp(04:59:46)_fase3_medium_iter5,scorpius,sd,0.0,0.0
with-plugin,medium,6,with-plugin_medium_6,exp(05:06:22)_fase3_medium_iter6,aspire,cpu,61.73,0.58
with-plugin,medium,6,with-plugin_medium_6,exp(05:06:22)_fase3_medium_iter6,aspire,nic,0.24,0.0
with-plugin,medium,6,with-plugin_medium_6,exp(05:06:22)_fase3_medium_iter6,aspire,ram,35.12,0.26
with-plugin,medium,6,with-plugin_medium_6,exp(05:06:22)_fase3_medium_iter6,aspire,sd,138.1,0.99
with-plugin,medium,6,with-plugin_medium_6,exp(05:06:22)_fase3_medium_iter6,leo,cpu,66.67,0.63
with-plugin,medium,6,with-plugin_medium_6,exp(05:06:22)_fase3_medium_iter6,leo,nic,0.28,0.0
with-plugin,medium,6,with-plugin_medium_6,exp(05:06:22)_fase3_medium_iter6,leo,ram,20.2,0.15
with-plugin,medium,6,with-plugin_medium_6,exp(05:06:22)_fase3_medium_iter6,leo,sd,0.0,0.0
with-plugin,medium,6,with-plugin_medium_6,exp(05:06:22)_fase3_medium_iter6,nitro5,cpu,37.68,0.34
with-plugin,medium,6,with-plugin_medium_6,exp(05:06:22)_fase3_medium_iter6,nitro5,nic,0.4,0.0
with-plugin,medium,6,with-plugin_medium_6,exp(05:06:22)_fase3_medium_iter6,nitro5,ram,20.78,0.15
with-plugin,medium,6,with-plugin_medium_6,exp(05:06:22)_fase3_medium_iter6,nitro5,sd,15.81,0.11
with-plugin,medium,6,with-plugin_medium_6,exp(05:06:22)_fase3_medium_iter6,scorpius,cpu,129.96,1.33
with-plugin,medium,6,with-plugin_medium_6,exp(05:06:22)_fase3_medium_iter6,scorpius,nic,0.11,0.0
with-plugin,medium,6,with-plugin_medium_6,exp(05:06:22)_fase3_medium_iter6,scorpius,ram,148.96,1.1
with-plugin,medium,6,with-plugin_medium_6,exp(05:06:22)_fase3_medium_iter6,scorpius,sd,0.0,0.0
with-plugin,medium,7,with-plugin_medium_7,exp(05:12:30)_fase3_medium_iter7,aspire,cpu,145.86,1.43
with-plugin,medium,7,with-plugin_medium_7,exp(05:12:30)_fase3_medium_iter7,aspire,nic,0.52,0.0
with-plugin,medium,7,with-plugin_medium_7,exp(05:12:30)_fase3_medium_iter7,aspire,ram,144.83,1.08
with-plugin,medium,7,with-plugin_medium_7,exp(05:12:30)_fase3_medium_iter7,aspire,sd,13.18,0.09
with-plugin,medium,7,with-plugin_medium_7,exp(05:12:30)_fase3_medium_iter7,leo,cpu,66.31,0.63
with-plugin,medium,7,with-plugin_medium_7,exp(05:12:30)_fase3_medium_iter7,leo,nic,0.15,0.0
with-plugin,medium,7,with-plugin_medium_7,exp(05:12:30)_fase3_medium_iter7,leo,ram,20.26,0.15
with-plugin,medium,7,with-plugin_medium_7,exp(05:12:30)_fase3_medium_iter7,leo,sd,0.0,0.0
with-plugin,medium,7,with-plugin_medium_7,exp(05:12:30)_fase3_medium_iter7,nitro5,cpu,37.67,0.34
with-plugin,medium,7,with-plugin_medium_7,exp(05:12:30)_fase3_medium_iter7,nitro5,nic,0.52,0.0
with-plugin,medium,7,with-plugin_medium_7,exp(05:12:30)_fase3_medium_iter7,nitro5,ram,20.75,0.15
with-plugin,medium,7,with-plugin_medium_7,exp(05:12:30)_fase3_medium_iter7,nitro5,sd,0.0,0.0
with-plugin,medium,7,with-plugin_medium_7,exp(05:12:30)_fase3_medium_iter7,scorpius,cpu,66.13,0.67
with-plugin,medium,7,with-plugin_medium_7,exp(05:12:30)_fase3_medium_iter7,scorpius,nic,0.0,0.0
with-plugin,medium,7,with-plugin_medium_7,exp(05:12:30)_fase3_medium_iter7,scorpius,ram,81.27,0.6
with-plugin,medium,7,with-plugin_medium_7,exp(05:12:30)_fase3_medium_iter7,scorpius,sd,0.01,0.0
with-plugin,medium,8,with-plugin_medium_8,exp(05:19:09)_fase3_medium_iter8,aspire,cpu,57.43,0.54
with-plugin,medium,8,with-plugin_medium_8,exp(05:19:09)_fase3_medium_iter8,aspire,nic,0.27,0.0
with-plugin,medium,8,with-plugin_medium_8,exp(05:19:09)_fase3_medium_iter8,aspire,ram,40.09,0.3
with-plugin,medium,8,with-plugin_medium_8,exp(05:19:09)_fase3_medium_iter8,aspire,sd,172.4,1.23
with-plugin,medium,8,with-plugin_medium_8,exp(05:19:09)_fase3_medium_iter8,leo,cpu,257.19,2.45
with-plugin,medium,8,with-plugin_medium_8,exp(05:19:09)_fase3_medium_iter8,leo,nic,0.29,0.0
with-plugin,medium,8,with-plugin_medium_8,exp(05:19:09)_fase3_medium_iter8,leo,ram,88.55,0.66
with-plugin,medium,8,with-plugin_medium_8,exp(05:19:09)_fase3_medium_iter8,leo,sd,0.0,0.0
with-plugin,medium,8,with-plugin_medium_8,exp(05:19:09)_fase3_medium_iter8,nitro5,cpu,37.81,0.34
with-plugin,medium,8,with-plugin_medium_8,exp(05:19:09)_fase3_medium_iter8,nitro5,nic,0.65,0.0
with-plugin,medium,8,with-plugin_medium_8,exp(05:19:09)_fase3_medium_iter8,nitro5,ram,20.9,0.15
with-plugin,medium,8,with-plugin_medium_8,exp(05:19:09)_fase3_medium_iter8,nitro5,sd,9.86,0.07
with-plugin,medium,8,with-plugin_medium_8,exp(05:19:09)_fase3_medium_iter8,scorpius,cpu,92.23,0.92
with-plugin,medium,8,with-plugin_medium_8,exp(05:19:09)_fase3_medium_iter8,scorpius,nic,0.18,0.0
with-plugin,medium,8,with-plugin_medium_8,exp(05:19:09)_fase3_medium_iter8,scorpius,ram,0.0,0.0
with-plugin,medium,8,with-plugin_medium_8,exp(05:19:09)_fase3_medium_iter8,scorpius,sd,0.0,0.0
with-plugin,medium,9,with-plugin_medium_9,exp(05:31:15)_fase3_medium_iter9,aspire,cpu,65.16,0.64
with-plugin,medium,9,with-plugin_medium_9,exp(05:31:15)_fase3_medium_iter9,aspire,nic,0.17,0.0
with-plugin,medium,9,with-plugin_medium_9,exp(05:31:15)_fase3_medium_iter9,aspire,ram,51.22,0.38
with-plugin,medium,9,with-plugin_medium_9,exp(05:31:15)_fase3_medium_iter9,aspire,sd,1.8,0.01
with-plugin,medium,9,with-plugin_medium_9,exp(05:31:15)_fase3_medium_iter9,leo,cpu,88.48,0.83
with-plugin,medium,9,with-plugin_medium_9,exp(05:31:15)_fase3_medium_iter9,leo,nic,0.21,0.0
with-plugin,medium,9,with-plugin_medium_9,exp(05:31:15)_fase3_medium_iter9,leo,ram,23.13,0.17
with-plugin,medium,9,with-plugin_medium_9,exp(05:31:15)_fase3_medium_iter9,leo,sd,0.0,0.0
with-plugin,medium,9,with-plugin_medium_9,exp(05:31:15)_fase3_medium_iter9,nitro5,cpu,40.39,0.35
with-plugin,medium,9,with-plugin_medium_9,exp(05:31:15)_fase3_medium_iter9,nitro5,nic,0.75,0.01
with-plugin,medium,9,with-plugin_medium_9,exp(05:31:15)_fase3_medium_iter9,nitro5,ram,20.32,0.15
with-plugin,medium,9,with-plugin_medium_9,exp(05:31:15)_fase3_medium_iter9,nitro5,sd,9.36,0.07
with-plugin,medium,9,with-plugin_medium_9,exp(05:31:15)_fase3_medium_iter9,scorpius,cpu,39.0,0.37
with-plugin,medium,9,with-plugin_medium_9,exp(05:31:15)_fase3_medium_iter9,scorpius,nic,0.07,0.0
with-plugin,medium,9,with-plugin_medium_9,exp(05:31:15)_fase3_medium_iter9,scorpius,ram,41.78,0.31
with-plugin,medium,9,with-plugin_medium_9,exp(05:31:15)_fase3_medium_iter9,scorpius,sd,0.0,0.0
without-plugin,high,1,without-plugin_high_1,exp(05:24:30)_fase3_high_iter1,aspire,cpu,262.48,3.09
without-plugin,high,1,without-plugin_high_1,exp(05:24:30)_fase3_high_iter1,aspire,nic,0.18,0.0
without-plugin,high,1,without-plugin_high_1,exp(05:24:30)_fase3_high_iter1,aspire,ram,333.62,2.45
without-plugin,high,1,without-plugin_high_1,exp(05:24:30)_fase3_high_iter1,aspire,sd,328.06,2.28
without-plugin,high,1,without-plugin_high_1,exp(05:24:30)_fase3_high_iter1,leo,cpu,298.73,2.69
without-plugin,high,1,without-plugin_high_1,exp(05:24:30)_fase3_high_iter1,leo,nic,0.2,0.0
without-plugin,high,1,without-plugin_high_1,exp(05:24:30)_fase3_high_iter1,leo,ram,91.21,0.65
without-plugin,high,1,without-plugin_high_1,exp(05:24:30)_fase3_high_iter1,leo,sd,0.0,0.0
without-plugin,high,1,without-plugin_high_1,exp(05:24:30)_fase3_high_iter1,nitro5,cpu,39.58,0.36
without-plugin,high,1,without-plugin_high_1,exp(05:24:30)_fase3_high_iter1,nitro5,nic,0.21,0.0
without-plugin,high,1,without-plugin_high_1,exp(05:24:30)_fase3_high_iter1,nitro5,ram,23.18,0.16
without-plugin,high,1,without-plugin_high_1,exp(05:24:30)_fase3_high_iter1,nitro5,sd,10.2,0.07
without-plugin,high,1,without-plugin_high_1,exp(05:24:30)_fase3_high_iter1,scorpius,cpu,26.57,0.25
without-plugin,high,1,without-plugin_high_1,exp(05:24:30)_fase3_high_iter1,scorpius,nic,0.0,0.0
without-plugin,high,1,without-plugin_high_1,exp(05:24:30)_fase3_high_iter1,scorpius,ram,24.34,0.17
without-plugin,high,1,without-plugin_high_1,exp(05:24:30)_fase3_high_iter1,scorpius,sd,0.0,0.0
without-plugin,high,2,without-plugin_high_2,exp(05:32:12)_fase3_high_iter2,aspire,cpu,213.97,2.43
without-plugin,high,2,without-plugin_high_2,exp(05:32:12)_fase3_high_iter2,aspire,nic,0.97,0.01
without-plugin,high,2,without-plugin_high_2,exp(05:32:12)_fase3_high_iter2,aspire,ram,242.3,1.78
without-plugin,high,2,without-plugin_high_2,exp(05:32:12)_fase3_high_iter2,aspire,sd,119.23,0.83
without-plugin,high,2,without-plugin_high_2,exp(05:32:12)_fase3_high_iter2,leo,cpu,214.79,1.97
without-plugin,high,2,without-plugin_high_2,exp(05:32:12)_fase3_high_iter2,leo,nic,0.19,0.0
without-plugin,high,2,without-plugin_high_2,exp(05:32:12)_fase3_high_iter2,leo,ram,67.42,0.48
without-plugin,high,2,without-plugin_high_2,exp(05:32:12)_fase3_high_iter2,leo,sd,0.0,0.0
without-plugin,high,2,without-plugin_high_2,exp(05:32:12)_fase3_high_iter2,nitro5,cpu,37.2,0.34
without-plugin,high,2,without-plugin_high_2,exp(05:32:12)_fase3_high_iter2,nitro5,nic,0.17,0.0
without-plugin,high,2,without-plugin_high_2,exp(05:32:12)_fase3_high_iter2,nitro5,ram,23.04,0.16
without-plugin,high,2,without-plugin_high_2,exp(05:32:12)_fase3_high_iter2,nitro5,sd,9.83,0.07
without-plugin,high,2,without-plugin_high_2,exp(05:32:12)_fase3_high_iter2,scorpius,cpu,43.08,0.39
without-plugin,high,2,without-plugin_high_2,exp(05:32:12)_fase3_high_iter2,scorpius,nic,0.12,0.0
without-plugin,high,2,without-plugin_high_2,exp(05:32:12)_fase3_high_iter2,scorpius,ram,41.32,0.3
without-plugin,high,2,without-plugin_high_2,exp(05:32:12)_fase3_high_iter2,scorpius,sd,0.0,0.0
without-plugin,high,3,without-plugin_high_3,exp(05:38:35)_fase3_high_iter3,aspire,cpu,264.87,3.15
without-plugin,high,3,without-plugin_high_3,exp(05:38:35)_fase3_high_iter3,aspire,nic,0.05,0.0
without-plugin,high,3,without-plugin_high_3,exp(05:38:35)_fase3_high_iter3,aspire,ram,334.26,2.48
without-plugin,high,3,without-plugin_high_3,exp(05:38:35)_fase3_high_iter3,aspire,sd,269.27,1.86
without-plugin,high,3,without-plugin_high_3,exp(05:38:35)_fase3_high_iter3,leo,cpu,309.29,2.84
without-plugin,high,3,without-plugin_high_3,exp(05:38:35)_fase3_high_iter3,leo,nic,0.43,0.0
without-plugin,high,3,without-plugin_high_3,exp(05:38:35)_fase3_high_iter3,leo,ram,88.05,0.63
without-plugin,high,3,without-plugin_high_3,exp(05:38:35)_fase3_high_iter3,leo,sd,0.0,0.0
without-plugin,high,3,without-plugin_high_3,exp(05:38:35)_fase3_high_iter3,nitro5,cpu,36.66,0.34
without-plugin,high,3,without-plugin_high_3,exp(05:38:35)_fase3_high_iter3,nitro5,nic,0.22,0.0
without-plugin,high,3,without-plugin_high_3,exp(05:38:35)_fase3_high_iter3,nitro5,ram,22.91,0.16
without-plugin,high,3,without-plugin_high_3,exp(05:38:35)_fase3_high_iter3,nitro5,sd,8.18,0.06
without-plugin,high,3,without-plugin_high_3,exp(05:38:35)_fase3_high_iter3,scorpius,cpu,30.54,0.28
without-plugin,high,3,without-plugin_high_3,exp(05:38:35)_fase3_high_iter3,scorpius,nic,0.16,0.0
without-plugin,high,3,without-plugin_high_3,exp(05:38:35)_fase3_high_iter3,scorpius,ram,31.51,0.23
without-plugin,high,3,without-plugin_high_3,exp(05:38:35)_fase3_high_iter3,scorpius,sd,0.0,0.0
without-plugin,high,4,without-plugin_high_4,exp(08:21:36)_fase3_high_iter1,aspire,cpu,155.3,1.48
without-plugin,high,4,without-plugin_high_4,exp(08:21:36)_fase3_high_iter1,aspire,nic,0.05,0.01
without-plugin,high,4,without-plugin_high_4,exp(08:21:36)_fase3_high_iter1,aspire,ram,135.33,0.97
without-plugin,high,4,without-plugin_high_4,exp(08:21:36)_fase3_high_iter1,aspire,sd,6.61,0.05
without-plugin,high,4,without-plugin_high_4,exp(08:21:36)_fase3_high_iter1,leo,cpu,120.24,1.12
without-plugin,high,4,without-plugin_high_4,exp(08:21:36)_fase3_high_iter1,leo,nic,0.24,0.0
without-plugin,high,4,without-plugin_high_4,exp(08:21:36)_fase3_high_iter1,leo,ram,38.86,0.28
without-plugin,high,4,without-plugin_high_4,exp(08:21:36)_fase3_high_iter1,leo,sd,0.03,0.0
without-plugin,high,4,without-plugin_high_4,exp(08:21:36)_fase3_high_iter1,nitro5,cpu,40.32,0.37
without-plugin,high,4,without-plugin_high_4,exp(08:21:36)_fase3_high_iter1,nitro5,nic,1.4,0.01
without-plugin,high,4,without-plugin_high_4,exp(08:21:36)_fase3_high_iter1,nitro5,ram,21.72,0.15
without-plugin,high,4,without-plugin_high_4,exp(08:21:36)_fase3_high_iter1,nitro5,sd,11.12,0.08
without-plugin,high,4,without-plugin_high_4,exp(08:21:36)_fase3_high_iter1,scorpius,cpu,39.06,0.37
without-plugin,high,4,without-plugin_high_4,exp(08:21:36)_fase3_high_iter1,scorpius,nic,0.39,0.0
without-plugin,high,4,without-plugin_high_4,exp(08:21:36)_fase3_high_iter1,scorpius,ram,42.09,0.3
without-plugin,high,4,without-plugin_high_4,exp(08:21:36)_fase3_high_iter1,scorpius,sd,0.0,0.0
without-plugin,high,5,without-plugin_high_5,exp(08:37:20)_fase3_high_iter3,aspire,cpu,66.6,0.63
without-plugin,high,5,without-plugin_high_5,exp(08:37:20)_fase3_high_iter3,aspire,nic,0.0,0.0
without-plugin,high,5,without-plugin_high_5,exp(08:37:20)_fase3_high_iter3,aspire,ram,41.16,0.3
without-plugin,high,5,without-plugin_high_5,exp(08:37:20)_fase3_high_iter3,aspire,sd,2.48,0.02
without-plugin,high,5,without-plugin_high_5,exp(08:37:20)_fase3_high_iter3,leo,cpu,153.41,1.39
without-plugin,high,5,without-plugin_high_5,exp(08:37:20)_fase3_high_iter3,leo,nic,0.24,0.0
without-plugin,high,5,without-plugin_high_5,exp(08:37:20)_fase3_high_iter3,leo,ram,49.48,0.35
without-plugin,high,5,without-plugin_high_5,exp(08:37:20)_fase3_high_iter3,leo,sd,0.06,0.0
without-plugin,high,5,without-plugin_high_5,exp(08:37:20)_fase3_high_iter3,nitro5,cpu,39.63,0.4
without-plugin,high,5,without-plugin_high_5,exp(08:37:20)_fase3_high_iter3,nitro5,nic,0.43,0.0
without-plugin,high,5,without-plugin_high_5,exp(08:37:20)_fase3_high_iter3,nitro5,ram,22.51,0.16
without-plugin,high,5,without-plugin_high_5,exp(08:37:20)_fase3_high_iter3,nitro5,sd,58.42,0.4
without-plugin,high,5,without-plugin_high_5,exp(08:37:20)_fase3_high_iter3,scorpius,cpu,108.97,1.03
without-plugin,high,5,without-plugin_high_5,exp(08:37:20)_fase3_high_iter3,scorpius,nic,0.82,0.01
without-plugin,high,5,without-plugin_high_5,exp(08:37:20)_fase3_high_iter3,scorpius,ram,145.98,1.04
without-plugin,high,5,without-plugin_high_5,exp(08:37:20)_fase3_high_iter3,scorpius,sd,0.0,0.0
without-plugin,high,6,without-plugin_high_6,exp(21:41:23)_fase3_high_iter1,aspire,cpu,163.96,1.5
without-plugin,high,6,without-plugin_high_6,exp(21:41:23)_fase3_high_iter1,aspire,nic,0.07,0.0
without-plugin,high,6,without-plugin_high_6,exp(21:41:23)_fase3_high_iter1,aspire,ram,136.26,0.98
without-plugin,high,6,without-plugin_high_6,exp(21:41:23)_fase3_high_iter1,aspire,sd,5.8,0.04
without-plugin,high,6,without-plugin_high_6,exp(21:41:23)_fase3_high_iter1,leo,cpu,167.72,1.57
without-plugin,high,6,without-plugin_high_6,exp(21:41:23)_fase3_high_iter1,leo,nic,0.0,0.0
without-plugin,high,6,without-plugin_high_6,exp(21:41:23)_fase3_high_iter1,leo,ram,50.99,0.36
without-plugin,high,6,without-plugin_high_6,exp(21:41:23)_fase3_high_iter1,leo,sd,0.05,0.0
without-plugin,high,6,without-plugin_high_6,exp(21:41:23)_fase3_high_iter1,nitro5,cpu,44.56,0.39
without-plugin,high,6,without-plugin_high_6,exp(21:41:23)_fase3_high_iter1,nitro5,nic,1.26,0.01
without-plugin,high,6,without-plugin_high_6,exp(21:41:23)_fase3_high_iter1,nitro5,ram,21.59,0.15
without-plugin,high,6,without-plugin_high_6,exp(21:41:23)_fase3_high_iter1,nitro5,sd,7.35,0.05
without-plugin,high,6,without-plugin_high_6,exp(21:41:23)_fase3_high_iter1,scorpius,cpu,42.68,0.4
without-plugin,high,6,without-plugin_high_6,exp(21:41:23)_fase3_high_iter1,scorpius,nic,0.21,0.0
without-plugin,high,6,without-plugin_high_6,exp(21:41:23)_fase3_high_iter1,scorpius,ram,38.9,0.28
without-plugin,high,6,without-plugin_high_6,exp(21:41:23)_fase3_high_iter1,scorpius,sd,0.0,0.0
without-plugin,high,7,without-plugin_high_7,exp(21:47:43)_fase3_high_iter2,aspire,cpu,296.69,2.91
without-plugin,high,7,without-plugin_high_7,exp(21:47:43)_fase3_high_iter2,aspire,nic,0.02,0.0
without-plugin,high,7,without-plugin_high_7,exp(21:47:43)_fase3_high_iter2,aspire,ram,296.13,2.15
without-plugin,high,7,without-plugin_high_7,exp(21:47:43)_fase3_high_iter2,aspire,sd,769.57,5.34
without-plugin,high,7,without-plugin_high_7,exp(21:47:43)_fase3_high_iter2,leo,cpu,175.33,1.72
without-plugin,high,7,without-plugin_high_7,exp(21:47:43)_fase3_high_iter2,leo,nic,0.17,0.0
without-plugin,high,7,without-plugin_high_7,exp(21:47:43)_fase3_high_iter2,leo,ram,69.38,0.5
without-plugin,high,7,without-plugin_high_7,exp(21:47:43)_fase3_high_iter2,leo,sd,0.04,0.0
without-plugin,high,7,without-plugin_high_7,exp(21:47:43)_fase3_high_iter2,nitro5,cpu,45.64,0.4
without-plugin,high,7,without-plugin_high_7,exp(21:47:43)_fase3_high_iter2,nitro5,nic,0.57,0.0
without-plugin,high,7,without-plugin_high_7,exp(21:47:43)_fase3_high_iter2,nitro5,ram,20.75,0.15
without-plugin,high,7,without-plugin_high_7,exp(21:47:43)_fase3_high_iter2,nitro5,sd,7.64,0.05
without-plugin,high,7,without-plugin_high_7,exp(21:47:43)_fase3_high_iter2,scorpius,cpu,27.83,0.26
without-plugin,high,7,without-plugin_high_7,exp(21:47:43)_fase3_high_iter2,scorpius,nic,0.13,0.0
without-plugin,high,7,without-plugin_high_7,exp(21:47:43)_fase3_high_iter2,scorpius,ram,30.57,0.22
without-plugin,high,7,without-plugin_high_7,exp(21:47:43)_fase3_high_iter2,scorpius,sd,0.0,0.0
without-plugin,high,8,without-plugin_high_8,exp(21:58:26)_fase3_high_iter3,aspire,cpu,127.87,1.25
without-plugin,high,8,without-plugin_high_8,exp(21:58:26)_fase3_high_iter3,aspire,nic,0.04,0.0
without-plugin,high,8,without-plugin_high_8,exp(21:58:26)_fase3_high_iter3,aspire,ram,96.26,0.69
without-plugin,high,8,without-plugin_high_8,exp(21:58:26)_fase3_high_iter3,aspire,sd,258.73,1.8
without-plugin,high,8,without-plugin_high_8,exp(21:58:26)_fase3_high_iter3,leo,cpu,478.41,4.39
without-plugin,high,8,without-plugin_high_8,exp(21:58:26)_fase3_high_iter3,leo,nic,0.19,0.0
without-plugin,high,8,without-plugin_high_8,exp(21:58:26)_fase3_high_iter3,leo,ram,150.08,1.07
without-plugin,high,8,without-plugin_high_8,exp(21:58:26)_fase3_high_iter3,leo,sd,0.0,0.0
without-plugin,high,8,without-plugin_high_8,exp(21:58:26)_fase3_high_iter3,nitro5,cpu,40.15,0.35
without-plugin,high,8,without-plugin_high_8,exp(21:58:26)_fase3_high_iter3,nitro5,nic,2.14,0.02
without-plugin,high,8,without-plugin_high_8,exp(21:58:26)_fase3_high_iter3,nitro5,ram,20.91,0.15
without-plugin,high,8,without-plugin_high_8,exp(21:58:26)_fase3_high_iter3,nitro5,sd,7.56,0.05
without-plugin,high,8,without-plugin_high_8,exp(21:58:26)_fase3_high_iter3,scorpius,cpu,19.61,0.19
without-plugin,high,8,without-plugin_high_8,exp(21:58:26)_fase3_high_iter3,scorpius,nic,0.19,0.0
without-plugin,high,8,without-plugin_high_8,exp(21:58:26)_fase3_high_iter3,scorpius,ram,20.2,0.14
without-plugin,high,8,without-plugin_high_8,exp(21:58:26)_fase3_high_iter3,scorpius,sd,0.0,0.0
without-plugin,high,9,without-plugin_high_9,exp(22:06:21)_fase3_high_iter4,aspire,cpu,322.47,3.39
without-plugin,high,9,without-plugin_high_9,exp(22:06:21)_fase3_high_iter4,aspire,nic,0.01,0.0
without-plugin,high,9,without-plugin_high_9,exp(22:06:21)_fase3_high_iter4,aspire,ram,329.07,2.38
without-plugin,high,9,without-plugin_high_9,exp(22:06:21)_fase3_high_iter4,aspire,sd,1118.93,7.77
without-plugin,high,9,without-plugin_high_9,exp(22:06:21)_fase3_high_iter4,leo,cpu,320.81,2.89
without-plugin,high,9,without-plugin_high_9,exp(22:06:21)_fase3_high_iter4,leo,nic,0.24,0.0
without-plugin,high,9,without-plugin_high_9,exp(22:06:21)_fase3_high_iter4,leo,ram,92.32,0.66
without-plugin,high,9,without-plugin_high_9,exp(22:06:21)_fase3_high_iter4,leo,sd,0.0,0.0
without-plugin,high,9,without-plugin_high_9,exp(22:06:21)_fase3_high_iter4,nitro5,cpu,40.81,0.34
without-plugin,high,9,without-plugin_high_9,exp(22:06:21)_fase3_high_iter4,nitro5,nic,0.81,0.01
without-plugin,high,9,without-plugin_high_9,exp(22:06:21)_fase3_high_iter4,nitro5,ram,20.95,0.15
without-plugin,high,9,without-plugin_high_9,exp(22:06:21)_fase3_high_iter4,nitro5,sd,7.21,0.05
without-plugin,high,9,without-plugin_high_9,exp(22:06:21)_fase3_high_iter4,scorpius,cpu,32.29,0.3
without-plugin,high,9,without-plugin_high_9,exp(22:06:21)_fase3_high_iter4,scorpius,nic,0.15,0.0
without-plugin,high,9,without-plugin_high_9,exp(22:06:21)_fase3_high_iter4,scorpius,ram,33.76,0.24
without-plugin,high,9,without-plugin_high_9,exp(22:06:21)_fase3_high_iter4,scorpius,sd,0.0,0.0
without-plugin,high,10,without-plugin_high_10,exp(22:14:20)_fase3_high_iter5,aspire,cpu,175.81,1.76
without-plugin,high,10,without-plugin_high_10,exp(22:14:20)_fase3_high_iter5,aspire,nic,0.0,0.0
without-plugin,high,10,without-plugin_high_10,exp(22:14:20)_fase3_high_iter5,aspire,ram,175.78,1.26
without-plugin,high,10,without-plugin_high_10,exp(22:14:20)_fase3_high_iter5,aspire,sd,605.38,4.2
without-plugin,high,10,without-plugin_high_10,exp(22:14:20)_fase3_high_iter5,leo,cpu,198.2,1.85
without-plugin,high,10,without-plugin_high_10,exp(22:14:20)_fase3_high_iter5,leo,nic,0.73,0.01
without-plugin,high,10,without-plugin_high_10,exp(22:14:20)_fase3_high_iter5,leo,ram,64.41,0.46
without-plugin,high,10,without-plugin_high_10,exp(22:14:20)_fase3_high_iter5,leo,sd,0.0,0.0
without-plugin,high,10,without-plugin_high_10,exp(22:14:20)_fase3_high_iter5,nitro5,cpu,42.42,0.36
without-plugin,high,10,without-plugin_high_10,exp(22:14:20)_fase3_high_iter5,nitro5,nic,6.23,0.04
without-plugin,high,10,without-plugin_high_10,exp(22:14:20)_fase3_high_iter5,nitro5,ram,24.52,0.17
without-plugin,high,10,without-plugin_high_10,exp(22:14:20)_fase3_high_iter5,nitro5,sd,11.0,0.08
without-plugin,high,10,without-plugin_high_10,exp(22:14:20)_fase3_high_iter5,scorpius,cpu,39.05,0.36
without-plugin,high,10,without-plugin_high_10,exp(22:14:20)_fase3_high_iter5,scorpius,nic,0.0,0.0
without-plugin,high,10,without-plugin_high_10,exp(22:14:20)_fase3_high_iter5,scorpius,ram,44.75,0.32
without-plugin,high,10,without-plugin_high_10,exp(22:14:20)_fase3_high_iter5,scorpius,sd,0.0,0.0
without-plugin,high,11,without-plugin_high_11,exp(22:20:55)_fase3_high_iter6,aspire,cpu,115.39,1.09
without-plugin,high,11,without-plugin_high_11,exp(22:20:55)_fase3_high_iter6,aspire,nic,0.04,0.0
without-plugin,high,11,without-plugin_high_11,exp(22:20:55)_fase3_high_iter6,aspire,ram,107.15,0.77
without-plugin,high,11,without-plugin_high_11,exp(22:20:55)_fase3_high_iter6,aspire,sd,170.27,1.17
without-plugin,high,11,without-plugin_high_11,exp(22:20:55)_fase3_high_iter6,leo,cpu,175.46,1.6
without-plugin,high,11,without-plugin_high_11,exp(22:20:55)_fase3_high_iter6,leo,nic,0.0,0.0
without-plugin,high,11,without-plugin_high_11,exp(22:20:55)_fase3_high_iter6,leo,ram,52.68,0.38
without-plugin,high,11,without-plugin_high_11,exp(22:20:55)_fase3_high_iter6,leo,sd,0.0,0.0
without-plugin,high,11,without-plugin_high_11,exp(22:20:55)_fase3_high_iter6,nitro5,cpu,37.62,0.32
without-plugin,high,11,without-plugin_high_11,exp(22:20:55)_fase3_high_iter6,nitro5,nic,2.29,0.02
without-plugin,high,11,without-plugin_high_11,exp(22:20:55)_fase3_high_iter6,nitro5,ram,21.2,0.15
without-plugin,high,11,without-plugin_high_11,exp(22:20:55)_fase3_high_iter6,nitro5,sd,7.77,0.05
without-plugin,high,11,without-plugin_high_11,exp(22:20:55)_fase3_high_iter6,scorpius,cpu,102.26,0.89
without-plugin,high,11,without-plugin_high_11,exp(22:20:55)_fase3_high_iter6,scorpius,nic,0.14,0.0
without-plugin,high,11,without-plugin_high_11,exp(22:20:55)_fase3_high_iter6,scorpius,ram,102.92,0.74
without-plugin,high,11,without-plugin_high_11,exp(22:20:55)_fase3_high_iter6,scorpius,sd,0.0,0.0
without-plugin,high,12,without-plugin_high_12,exp(22:29:57)_fase3_high_iter7,aspire,cpu,191.52,1.84
without-plugin,high,12,without-plugin_high_12,exp(22:29:57)_fase3_high_iter7,aspire,nic,0.03,0.0
without-plugin,high,12,without-plugin_high_12,exp(22:29:57)_fase3_high_iter7,aspire,ram,192.22,1.38
without-plugin,high,12,without-plugin_high_12,exp(22:29:57)_fase3_high_iter7,aspire,sd,11.8,0.08
without-plugin,high,12,without-plugin_high_12,exp(22:29:57)_fase3_high_iter7,leo,cpu,196.75,1.79
without-plugin,high,12,without-plugin_high_12,exp(22:29:57)_fase3_high_iter7,leo,nic,0.84,0.01
without-plugin,high,12,without-plugin_high_12,exp(22:29:57)_fase3_high_iter7,leo,ram,55.28,0.39
without-plugin,high,12,without-plugin_high_12,exp(22:29:57)_fase3_high_iter7,leo,sd,0.0,0.0
without-plugin,high,12,without-plugin_high_12,exp(22:29:57)_fase3_high_iter7,nitro5,cpu,42.28,0.38
without-plugin,high,12,without-plugin_high_12,exp(22:29:57)_fase3_high_iter7,nitro5,nic,0.59,0.0
without-plugin,high,12,without-plugin_high_12,exp(22:29:57)_fase3_high_iter7,nitro5,ram,21.5,0.15
without-plugin,high,12,without-plugin_high_12,exp(22:29:57)_fase3_high_iter7,nitro5,sd,8.07,0.06
without-plugin,high,12,without-plugin_high_12,exp(22:29:57)_fase3_high_iter7,scorpius,cpu,31.84,0.29
without-plugin,high,12,without-plugin_high_12,exp(22:29:57)_fase3_high_iter7,scorpius,nic,0.38,0.0
without-plugin,high,12,without-plugin_high_12,exp(22:29:57)_fase3_high_iter7,scorpius,ram,32.7,0.23
without-plugin,high,12,without-plugin_high_12,exp(22:29:57)_fase3_high_iter7,scorpius,sd,0.0,0.0
without-plugin,high,13,without-plugin_high_13,exp(22:56:08)_fase3_high_iter8,aspire,cpu,112.86,1.05
without-plugin,high,13,without-plugin_high_13,exp(22:56:08)_fase3_high_iter8,aspire,nic,0.03,0.0
without-plugin,high,13,without-plugin_high_13,exp(22:56:08)_fase3_high_iter8,aspire,ram,57.48,0.41
without-plugin,high,13,without-plugin_high_13,exp(22:56:08)_fase3_high_iter8,aspire,sd,138.38,0.95
without-plugin,high,13,without-plugin_high_13,exp(22:56:08)_fase3_high_iter8,leo,cpu,559.08,5.32
without-plugin,high,13,without-plugin_high_13,exp(22:56:08)_fase3_high_iter8,leo,nic,0.14,0.0
without-plugin,high,13,without-plugin_high_13,exp(22:56:08)_fase3_high_iter8,leo,ram,200.22,1.43
without-plugin,high,13,without-plugin_high_13,exp(22:56:08)_fase3_high_iter8,leo,sd,0.0,0.0
without-plugin,high,13,without-plugin_high_13,exp(22:56:08)_fase3_high_iter8,nitro5,cpu,44.72,0.4
without-plugin,high,13,without-plugin_high_13,exp(22:56:08)_fase3_high_iter8,nitro5,nic,3.69,0.03
without-plugin,high,13,without-plugin_high_13,exp(22:56:08)_fase3_high_iter8,nitro5,ram,21.49,0.15
without-plugin,high,13,without-plugin_high_13,exp(22:56:08)_fase3_high_iter8,nitro5,sd,8.61,0.06
without-plugin,high,13,without-plugin_high_13,exp(22:56:08)_fase3_high_iter8,scorpius,cpu,14.52,0.13
without-plugin,high,13,without-plugin_high_13,exp(22:56:08)_fase3_high_iter8,scorpius,nic,0.52,0.0
without-plugin,high,13,without-plugin_high_13,exp(22:56:08)_fase3_high_iter8,scorpius,ram,9.61,0.07
without-plugin,high,13,without-plugin_high_13,exp(22:56:08)_fase3_high_iter8,scorpius,sd,0.0,0.0
without-plugin,high,14,without-plugin_high_14,exp(23:07:07)_fase3_high_iter1,aspire,cpu,187.01,2.08
without-plugin,high,14,without-plugin_high_14,exp(23:07:07)_fase3_high_iter1,aspire,nic,0.11,0.0
without-plugin,high,14,without-plugin_high_14,exp(23:07:07)_fase3_high_iter1,aspire,ram,205.75,1.5
without-plugin,high,14,without-plugin_high_14,exp(23:07:07)_fase3_high_iter1,aspire,sd,52.69,0.36
without-plugin,high,14,without-plugin_high_14,exp(23:07:07)_fase3_high_iter1,leo,cpu,192.63,1.78
without-plugin,high,14,without-plugin_high_14,exp(23:07:07)_fase3_high_iter1,leo,nic,0.08,0.0
without-plugin,high,14,without-plugin_high_14,exp(23:07:07)_fase3_high_iter1,leo,ram,54.7,0.39
without-plugin,high,14,without-plugin_high_14,exp(23:07:07)_fase3_high_iter1,leo,sd,0.0,0.0
without-plugin,high,14,without-plugin_high_14,exp(23:07:07)_fase3_high_iter1,nitro5,cpu,37.94,0.33
without-plugin,high,14,without-plugin_high_14,exp(23:07:07)_fase3_high_iter1,nitro5,nic,0.16,0.0
without-plugin,high,14,without-plugin_high_14,exp(23:07:07)_fase3_high_iter1,nitro5,ram,23.3,0.16
without-plugin,high,14,without-plugin_high_14,exp(23:07:07)_fase3_high_iter1,nitro5,sd,11.46,0.08
without-plugin,high,14,without-plugin_high_14,exp(23:07:07)_fase3_high_iter1,scorpius,cpu,38.19,0.35
without-plugin,high,14,without-plugin_high_14,exp(23:07:07)_fase3_high_iter1,scorpius,nic,1.0,0.01
without-plugin,high,14,without-plugin_high_14,exp(23:07:07)_fase3_high_iter1,scorpius,ram,38.32,0.27
without-plugin,high,14,without-plugin_high_14,exp(23:07:07)_fase3_high_iter1,scorpius,sd,0.0,0.0
without-plugin,high,15,without-plugin_high_15,exp(23:07:40)_fase3_high_iter9,aspire,cpu,216.44,2.02
without-plugin,high,15,without-plugin_high_15,exp(23:07:40)_fase3_high_iter9,aspire,nic,0.46,0.01
without-plugin,high,15,without-plugin_high_15,exp(23:07:40)_fase3_high_iter9,aspire,ram,184.51,1.32
without-plugin,high,15,without-plugin_high_15,exp(23:07:40)_fase3_high_iter9,aspire,sd,14.41,0.1
without-plugin,high,15,without-plugin_high_15,exp(23:07:40)_fase3_high_iter9,leo,cpu,257.94,2.37
without-plugin,high,15,without-plugin_high_15,exp(23:07:40)_fase3_high_iter9,leo,nic,0.09,0.0
without-plugin,high,15,without-plugin_high_15,exp(23:07:40)_fase3_high_iter9,leo,ram,78.86,0.56
without-plugin,high,15,without-plugin_high_15,exp(23:07:40)_fase3_high_iter9,leo,sd,0.0,0.0
without-plugin,high,15,without-plugin_high_15,exp(23:07:40)_fase3_high_iter9,nitro5,cpu,41.35,0.38
without-plugin,high,15,without-plugin_high_15,exp(23:07:40)_fase3_high_iter9,nitro5,nic,1.37,0.01
without-plugin,high,15,without-plugin_high_15,exp(23:07:40)_fase3_high_iter9,nitro5,ram,20.68,0.15
without-plugin,high,15,without-plugin_high_15,exp(23:07:40)_fase3_high_iter9,nitro5,sd,7.65,0.05
without-plugin,high,15,without-plugin_high_15,exp(23:07:40)_fase3_high_iter9,scorpius,cpu,44.72,0.43
without-plugin,high,15,without-plugin_high_15,exp(23:07:40)_fase3_high_iter9,scorpius,nic,0.26,0.0
without-plugin,high,15,without-plugin_high_15,exp(23:07:40)_fase3_high_iter9,scorpius,ram,55.46,0.4
without-plugin,high,15,without-plugin_high_15,exp(23:07:40)_fase3_high_iter9,scorpius,sd,0.02,0.0
without-plugin,low,1,without-plugin_low_1,exp(01:26:36)_fase3_low_iter1,aspire,cpu,104.86,0.95
without-plugin,low,1,without-plugin_low_1,exp(01:26:36)_fase3_low_iter1,aspire,nic,0.3,0.0
without-plugin,low,1,without-plugin_low_1,exp(01:26:36)_fase3_low_iter1,aspire,ram,68.09,0.49
without-plugin,low,1,without-plugin_low_1,exp(01:26:36)_fase3_low_iter1,aspire,sd,27.54,0.19
without-plugin,low,1,without-plugin_low_1,exp(01:26:36)_fase3_low_iter1,leo,cpu,226.28,2.04
without-plugin,low,1,without-plugin_low_1,exp(01:26:36)_fase3_low_iter1,leo,nic,0.22,0.0
without-plugin,low,1,without-plugin_low_1,exp(01:26:36)_fase3_low_iter1,leo,ram,66.61,0.48
without-plugin,low,1,without-plugin_low_1,exp(01:26:36)_fase3_low_iter1,leo,sd,0.02,0.0
without-plugin,low,1,without-plugin_low_1,exp(01:26:36)_fase3_low_iter1,nitro5,cpu,40.02,0.34
without-plugin,low,1,without-plugin_low_1,exp(01:26:36)_fase3_low_iter1,nitro5,nic,0.5,0.0
without-plugin,low,1,without-plugin_low_1,exp(01:26:36)_fase3_low_iter1,nitro5,ram,21.45,0.15
without-plugin,low,1,without-plugin_low_1,exp(01:26:36)_fase3_low_iter1,nitro5,sd,10.85,0.07
without-plugin,low,1,without-plugin_low_1,exp(01:26:36)_fase3_low_iter1,scorpius,cpu,108.71,1.0
without-plugin,low,1,without-plugin_low_1,exp(01:26:36)_fase3_low_iter1,scorpius,nic,0.4,0.0
without-plugin,low,1,without-plugin_low_1,exp(01:26:36)_fase3_low_iter1,scorpius,ram,117.12,0.84
without-plugin,low,1,without-plugin_low_1,exp(01:26:36)_fase3_low_iter1,scorpius,sd,0.0,0.0
without-plugin,low,2,without-plugin_low_2,exp(01:33:05)_fase3_low_iter2,aspire,cpu,179.68,1.87
without-plugin,low,2,without-plugin_low_2,exp(01:33:05)_fase3_low_iter2,aspire,nic,0.27,0.0
without-plugin,low,2,without-plugin_low_2,exp(01:33:05)_fase3_low_iter2,aspire,ram,172.9,1.25
without-plugin,low,2,without-plugin_low_2,exp(01:33:05)_fase3_low_iter2,aspire,sd,15.92,0.11
without-plugin,low,2,without-plugin_low_2,exp(01:33:05)_fase3_low_iter2,leo,cpu,135.55,1.24
without-plugin,low,2,without-plugin_low_2,exp(01:33:05)_fase3_low_iter2,leo,nic,0.71,0.01
without-plugin,low,2,without-plugin_low_2,exp(01:33:05)_fase3_low_iter2,leo,ram,41.03,0.29
without-plugin,low,2,without-plugin_low_2,exp(01:33:05)_fase3_low_iter2,leo,sd,0.03,0.0
without-plugin,low,2,without-plugin_low_2,exp(01:33:05)_fase3_low_iter2,nitro5,cpu,40.77,0.34
without-plugin,low,2,without-plugin_low_2,exp(01:33:05)_fase3_low_iter2,nitro5,nic,1.74,0.01
without-plugin,low,2,without-plugin_low_2,exp(01:33:05)_fase3_low_iter2,nitro5,ram,22.14,0.15
without-plugin,low,2,without-plugin_low_2,exp(01:33:05)_fase3_low_iter2,nitro5,sd,0.0,0.0
without-plugin,low,2,without-plugin_low_2,exp(01:33:05)_fase3_low_iter2,scorpius,cpu,44.83,0.4
without-plugin,low,2,without-plugin_low_2,exp(01:33:05)_fase3_low_iter2,scorpius,nic,0.21,0.0
without-plugin,low,2,without-plugin_low_2,exp(01:33:05)_fase3_low_iter2,scorpius,ram,40.42,0.29
without-plugin,low,2,without-plugin_low_2,exp(01:33:05)_fase3_low_iter2,scorpius,sd,0.0,0.0
without-plugin,low,3,without-plugin_low_3,exp(01:57:40)_fase3_low_iter3,aspire,cpu,0.0,0.0
without-plugin,low,3,without-plugin_low_3,exp(01:57:40)_fase3_low_iter3,aspire,nic,0.0,0.0
without-plugin,low,3,without-plugin_low_3,exp(01:57:40)_fase3_low_iter3,aspire,ram,0.0,0.0
without-plugin,low,3,without-plugin_low_3,exp(01:57:40)_fase3_low_iter3,aspire,sd,0.0,0.0
without-plugin,low,3,without-plugin_low_3,exp(01:57:40)_fase3_low_iter3,leo,cpu,668.55,6.19
without-plugin,low,3,without-plugin_low_3,exp(01:57:40)_fase3_low_iter3,leo,nic,0.47,0.0
without-plugin,low,3,without-plugin_low_3,exp(01:57:40)_fase3_low_iter3,leo,ram,259.27,1.87
without-plugin,low,3,without-plugin_low_3,exp(01:57:40)_fase3_low_iter3,leo,sd,0.0,0.0
without-plugin,low,3,without-plugin_low_3,exp(01:57:40)_fase3_low_iter3,nitro5,cpu,39.51,0.33
without-plugin,low,3,without-plugin_low_3,exp(01:57:40)_fase3_low_iter3,nitro5,nic,0.82,0.01
without-plugin,low,3,without-plugin_low_3,exp(01:57:40)_fase3_low_iter3,nitro5,ram,22.05,0.15
without-plugin,low,3,without-plugin_low_3,exp(01:57:40)_fase3_low_iter3,nitro5,sd,9.79,0.07
without-plugin,low,3,without-plugin_low_3,exp(01:57:40)_fase3_low_iter3,scorpius,cpu,55.0,0.5
without-plugin,low,3,without-plugin_low_3,exp(01:57:40)_fase3_low_iter3,scorpius,nic,0.41,0.0
without-plugin,low,3,without-plugin_low_3,exp(01:57:40)_fase3_low_iter3,scorpius,ram,57.35,0.41
without-plugin,low,3,without-plugin_low_3,exp(01:57:40)_fase3_low_iter3,scorpius,sd,0.01,0.0
without-plugin,low,4,without-plugin_low_4,exp(04:42:15)_fase3_low_iter1,aspire,cpu,319.79,3.63
without-plugin,low,4,without-plugin_low_4,exp(04:42:15)_fase3_low_iter1,aspire,nic,20.72,0.16
without-plugin,low,4,without-plugin_low_4,exp(04:42:15)_fase3_low_iter1,aspire,ram,343.51,2.53
without-plugin,low,4,without-plugin_low_4,exp(04:42:15)_fase3_low_iter1,aspire,sd,214.71,1.48
without-plugin,low,4,without-plugin_low_4,exp(04:42:15)_fase3_low_iter1,leo,cpu,282.97,2.53
without-plugin,low,4,without-plugin_low_4,exp(04:42:15)_fase3_low_iter1,leo,nic,0.69,0.01
without-plugin,low,4,without-plugin_low_4,exp(04:42:15)_fase3_low_iter1,leo,ram,74.75,0.53
without-plugin,low,4,without-plugin_low_4,exp(04:42:15)_fase3_low_iter1,leo,sd,0.0,0.0
without-plugin,low,4,without-plugin_low_4,exp(04:42:15)_fase3_low_iter1,nitro5,cpu,41.52,0.36
without-plugin,low,4,without-plugin_low_4,exp(04:42:15)_fase3_low_iter1,nitro5,nic,0.44,0.0
without-plugin,low,4,without-plugin_low_4,exp(04:42:15)_fase3_low_iter1,nitro5,ram,23.34,0.16
without-plugin,low,4,without-plugin_low_4,exp(04:42:15)_fase3_low_iter1,nitro5,sd,7.95,0.05
without-plugin,low,4,without-plugin_low_4,exp(04:42:15)_fase3_low_iter1,scorpius,cpu,28.02,0.26
without-plugin,low,4,without-plugin_low_4,exp(04:42:15)_fase3_low_iter1,scorpius,nic,0.24,0.0
without-plugin,low,4,without-plugin_low_4,exp(04:42:15)_fase3_low_iter1,scorpius,ram,24.61,0.18
without-plugin,low,4,without-plugin_low_4,exp(04:42:15)_fase3_low_iter1,scorpius,sd,0.0,0.0
without-plugin,low,5,without-plugin_low_5,exp(04:49:08)_fase3_low_iter2,aspire,cpu,81.03,0.74
without-plugin,low,5,without-plugin_low_5,exp(04:49:08)_fase3_low_iter2,aspire,nic,0.17,0.0
without-plugin,low,5,without-plugin_low_5,exp(04:49:08)_fase3_low_iter2,aspire,ram,56.43,0.4
without-plugin,low,5,without-plugin_low_5,exp(04:49:08)_fase3_low_iter2,aspire,sd,3.27,0.02
without-plugin,low,5,without-plugin_low_5,exp(04:49:08)_fase3_low_iter2,leo,cpu,507.21,4.7
without-plugin,low,5,without-plugin_low_5,exp(04:49:08)_fase3_low_iter2,leo,nic,0.15,0.0
without-plugin,low,5,without-plugin_low_5,exp(04:49:08)_fase3_low_iter2,leo,ram,187.12,1.34
without-plugin,low,5,without-plugin_low_5,exp(04:49:08)_fase3_low_iter2,leo,sd,0.0,0.0
without-plugin,low,5,without-plugin_low_5,exp(04:49:08)_fase3_low_iter2,nitro5,cpu,38.28,0.34
without-plugin,low,5,without-plugin_low_5,exp(04:49:08)_fase3_low_iter2,nitro5,nic,0.69,0.0
without-plugin,low,5,without-plugin_low_5,exp(04:49:08)_fase3_low_iter2,nitro5,ram,22.88,0.16
without-plugin,low,5,without-plugin_low_5,exp(04:49:08)_fase3_low_iter2,nitro5,sd,7.52,0.05
without-plugin,low,5,without-plugin_low_5,exp(04:49:08)_fase3_low_iter2,scorpius,cpu,36.09,0.33
without-plugin,low,5,without-plugin_low_5,exp(04:49:08)_fase3_low_iter2,scorpius,nic,0.46,0.0
without-plugin,low,5,without-plugin_low_5,exp(04:49:08)_fase3_low_iter2,scorpius,ram,35.8,0.26
without-plugin,low,5,without-plugin_low_5,exp(04:49:08)_fase3_low_iter2,scorpius,sd,0.0,0.0
without-plugin,low,6,without-plugin_low_6,exp(04:55:44)_fase3_low_iter3,aspire,cpu,290.88,3.5
without-plugin,low,6,without-plugin_low_6,exp(04:55:44)_fase3_low_iter3,aspire,nic,0.33,0.0
without-plugin,low,6,without-plugin_low_6,exp(04:55:44)_fase3_low_iter3,aspire,ram,339.53,2.52
without-plugin,low,6,without-plugin_low_6,exp(04:55:44)_fase3_low_iter3,aspire,sd,653.31,4.54
without-plugin,low,6,without-plugin_low_6,exp(04:55:44)_fase3_low_iter3,leo,cpu,297.56,2.76
without-plugin,low,6,without-plugin_low_6,exp(04:55:44)_fase3_low_iter3,leo,nic,0.13,0.0
without-plugin,low,6,without-plugin_low_6,exp(04:55:44)_fase3_low_iter3,leo,ram,83.72,0.6
without-plugin,low,6,without-plugin_low_6,exp(04:55:44)_fase3_low_iter3,leo,sd,0.0,0.0
without-plugin,low,6,without-plugin_low_6,exp(04:55:44)_fase3_low_iter3,nitro5,cpu,39.89,0.35
without-plugin,low,6,without-plugin_low_6,exp(04:55:44)_fase3_low_iter3,nitro5,nic,0.34,0.0
without-plugin,low,6,without-plugin_low_6,exp(04:55:44)_fase3_low_iter3,nitro5,ram,23.05,0.16
without-plugin,low,6,without-plugin_low_6,exp(04:55:44)_fase3_low_iter3,nitro5,sd,9.76,0.07
without-plugin,low,6,without-plugin_low_6,exp(04:55:44)_fase3_low_iter3,scorpius,cpu,27.07,0.25
without-plugin,low,6,without-plugin_low_6,exp(04:55:44)_fase3_low_iter3,scorpius,nic,0.19,0.0
without-plugin,low,6,without-plugin_low_6,exp(04:55:44)_fase3_low_iter3,scorpius,ram,24.42,0.17
without-plugin,low,6,without-plugin_low_6,exp(04:55:44)_fase3_low_iter3,scorpius,sd,0.0,0.0
without-plugin,low,7,without-plugin_low_7,exp(06:04:53)_fase3_low_iter4,aspire,cpu,131.89,1.19
without-plugin,low,7,without-plugin_low_7,exp(06:04:53)_fase3_low_iter4,aspire,nic,0.46,0.0
without-plugin,low,7,without-plugin_low_7,exp(06:04:53)_fase3_low_iter4,aspire,ram,99.46,0.71
without-plugin,low,7,without-plugin_low_7,exp(06:04:53)_fase3_low_iter4,aspire,sd,387.65,2.67
without-plugin,low,7,without-plugin_low_7,exp(06:04:53)_fase3_low_iter4,leo,cpu,95.14,0.88
without-plugin,low,7,without-plugin_low_7,exp(06:04:53)_fase3_low_iter4,leo,nic,0.78,0.01
without-plugin,low,7,without-plugin_low_7,exp(06:04:53)_fase3_low_iter4,leo,ram,28.95,0.21
without-plugin,low,7,without-plugin_low_7,exp(06:04:53)_fase3_low_iter4,leo,sd,0.0,0.0
without-plugin,low,7,without-plugin_low_7,exp(06:04:53)_fase3_low_iter4,nitro5,cpu,40.87,0.34
without-plugin,low,7,without-plugin_low_7,exp(06:04:53)_fase3_low_iter4,nitro5,nic,1.89,0.01
without-plugin,low,7,without-plugin_low_7,exp(06:04:53)_fase3_low_iter4,nitro5,ram,21.23,0.15
without-plugin,low,7,without-plugin_low_7,exp(06:04:53)_fase3_low_iter4,nitro5,sd,9.24,0.06
without-plugin,low,7,without-plugin_low_7,exp(06:04:53)_fase3_low_iter4,scorpius,cpu,168.12,1.54
without-plugin,low,7,without-plugin_low_7,exp(06:04:53)_fase3_low_iter4,scorpius,nic,0.88,0.01
without-plugin,low,7,without-plugin_low_7,exp(06:04:53)_fase3_low_iter4,scorpius,ram,188.9,1.35
without-plugin,low,7,without-plugin_low_7,exp(06:04:53)_fase3_low_iter4,scorpius,sd,0.0,0.0
without-plugin,low,8,without-plugin_low_8,exp(06:12:48)_fase3_low_iter5,aspire,cpu,121.43,1.12
without-plugin,low,8,without-plugin_low_8,exp(06:12:48)_fase3_low_iter5,aspire,nic,0.13,0.0
without-plugin,low,8,without-plugin_low_8,exp(06:12:48)_fase3_low_iter5,aspire,ram,65.98,0.47
without-plugin,low,8,without-plugin_low_8,exp(06:12:48)_fase3_low_iter5,aspire,sd,4.67,0.03
without-plugin,low,8,without-plugin_low_8,exp(06:12:48)_fase3_low_iter5,leo,cpu,431.89,3.89
without-plugin,low,8,without-plugin_low_8,exp(06:12:48)_fase3_low_iter5,leo,nic,0.14,0.0
without-plugin,low,8,without-plugin_low_8,exp(06:12:48)_fase3_low_iter5,leo,ram,148.09,1.05
without-plugin,low,8,without-plugin_low_8,exp(06:12:48)_fase3_low_iter5,leo,sd,0.0,0.0
without-plugin,low,8,without-plugin_low_8,exp(06:12:48)_fase3_low_iter5,nitro5,cpu,42.38,0.35
without-plugin,low,8,without-plugin_low_8,exp(06:12:48)_fase3_low_iter5,nitro5,nic,0.44,0.0
without-plugin,low,8,without-plugin_low_8,exp(06:12:48)_fase3_low_iter5,nitro5,ram,21.8,0.15
without-plugin,low,8,without-plugin_low_8,exp(06:12:48)_fase3_low_iter5,nitro5,sd,9.94,0.07
without-plugin,low,8,without-plugin_low_8,exp(06:12:48)_fase3_low_iter5,scorpius,cpu,54.18,0.52
without-plugin,low,8,without-plugin_low_8,exp(06:12:48)_fase3_low_iter5,scorpius,nic,0.09,0.0
without-plugin,low,8,without-plugin_low_8,exp(06:12:48)_fase3_low_iter5,scorpius,ram,57.69,0.42
without-plugin,low,8,without-plugin_low_8,exp(06:12:48)_fase3_low_iter5,scorpius,sd,0.01,0.0
without-plugin,low,9,without-plugin_low_9,exp(07:03:35)_fase3_low_iter9,aspire,cpu,34.72,0.32
without-plugin,low,9,without-plugin_low_9,exp(07:03:35)_fase3_low_iter9,aspire,nic,0.18,0.0
without-plugin,low,9,without-plugin_low_9,exp(07:03:35)_fase3_low_iter9,aspire,ram,20.83,0.15
without-plugin,low,9,without-plugin_low_9,exp(07:03:35)_fase3_low_iter9,aspire,sd,22.33,0.15
without-plugin,low,9,without-plugin_low_9,exp(07:03:35)_fase3_low_iter9,leo,cpu,214.38,2.02
without-plugin,low,9,without-plugin_low_9,exp(07:03:35)_fase3_low_iter9,leo,nic,0.14,0.0
without-plugin,low,9,without-plugin_low_9,exp(07:03:35)_fase3_low_iter9,leo,ram,65.24,0.47
without-plugin,low,9,without-plugin_low_9,exp(07:03:35)_fase3_low_iter9,leo,sd,0.02,0.0
without-plugin,low,9,without-plugin_low_9,exp(07:03:35)_fase3_low_iter9,nitro5,cpu,47.39,0.43
without-plugin,low,9,without-plugin_low_9,exp(07:03:35)_fase3_low_iter9,nitro5,nic,0.82,0.01
without-plugin,low,9,without-plugin_low_9,exp(07:03:35)_fase3_low_iter9,nitro5,ram,21.42,0.15
without-plugin,low,9,without-plugin_low_9,exp(07:03:35)_fase3_low_iter9,nitro5,sd,8.81,0.06
without-plugin,low,9,without-plugin_low_9,exp(07:03:35)_fase3_low_iter9,scorpius,cpu,111.29,1.03
without-plugin,low,9,without-plugin_low_9,exp(07:03:35)_fase3_low_iter9,scorpius,nic,0.0,0.0
without-plugin,low,9,without-plugin_low_9,exp(07:03:35)_fase3_low_iter9,scorpius,ram,135.72,0.97
without-plugin,low,9,without-plugin_low_9,exp(07:03:35)_fase3_low_iter9,scorpius,sd,0.0,0.0
without-plugin,low,10,without-plugin_low_10,exp(21:20:45)_fase3_low_iter1,aspire,cpu,78.82,0.74
without-plugin,low,10,without-plugin_low_10,exp(21:20:45)_fase3_low_iter1,aspire,nic,0.11,0.0
without-plugin,low,10,without-plugin_low_10,exp(21:20:45)_fase3_low_iter1,aspire,ram,42.14,0.3
without-plugin,low,10,without-plugin_low_10,exp(21:20:45)_fase3_low_iter1,aspire,sd,2.25,0.02
without-plugin,low,10,without-plugin_low_10,exp(21:20:45)_fase3_low_iter1,leo,cpu,491.37,4.64
without-plugin,low,10,without-plugin_low_10,exp(21:20:45)_fase3_low_iter1,leo,nic,0.95,0.01
without-plugin,low,10,without-plugin_low_10,exp(21:20:45)_fase3_low_iter1,leo,ram,175.75,1.26
without-plugin,low,10,without-plugin_low_10,exp(21:20:45)_fase3_low_iter1,leo,sd,0.0,0.0
without-plugin,low,10,without-plugin_low_10,exp(21:20:45)_fase3_low_iter1,nitro5,cpu,46.63,0.41
without-plugin,low,10,without-plugin_low_10,exp(21:20:45)_fase3_low_iter1,nitro5,nic,1.31,0.01
without-plugin,low,10,without-plugin_low_10,exp(21:20:45)_fase3_low_iter1,nitro5,ram,22.0,0.15
without-plugin,low,10,without-plugin_low_10,exp(21:20:45)_fase3_low_iter1,nitro5,sd,8.28,0.06
without-plugin,low,10,without-plugin_low_10,exp(21:20:45)_fase3_low_iter1,scorpius,cpu,71.02,0.66
without-plugin,low,10,without-plugin_low_10,exp(21:20:45)_fase3_low_iter1,scorpius,nic,0.24,0.0
without-plugin,low,10,without-plugin_low_10,exp(21:20:45)_fase3_low_iter1,scorpius,ram,78.73,0.56
without-plugin,low,10,without-plugin_low_10,exp(21:20:45)_fase3_low_iter1,scorpius,sd,0.01,0.0
without-plugin,low,11,without-plugin_low_11,exp(21:29:09)_fase3_low_iter2,aspire,cpu,113.27,1.05
without-plugin,low,11,without-plugin_low_11,exp(21:29:09)_fase3_low_iter2,aspire,nic,0.21,0.01
without-plugin,low,11,without-plugin_low_11,exp(21:29:09)_fase3_low_iter2,aspire,ram,68.96,0.49
without-plugin,low,11,without-plugin_low_11,exp(21:29:09)_fase3_low_iter2,aspire,sd,16.11,0.11
without-plugin,low,11,without-plugin_low_11,exp(21:29:09)_fase3_low_iter2,leo,cpu,499.41,4.46
without-plugin,low,11,without-plugin_low_11,exp(21:29:09)_fase3_low_iter2,leo,nic,0.24,0.0
without-plugin,low,11,without-plugin_low_11,exp(21:29:09)_fase3_low_iter2,leo,ram,166.5,1.19
without-plugin,low,11,without-plugin_low_11,exp(21:29:09)_fase3_low_iter2,leo,sd,0.0,0.0
without-plugin,low,11,without-plugin_low_11,exp(21:29:09)_fase3_low_iter2,nitro5,cpu,50.47,0.44
without-plugin,low,11,without-plugin_low_11,exp(21:29:09)_fase3_low_iter2,nitro5,nic,0.93,0.01
without-plugin,low,11,without-plugin_low_11,exp(21:29:09)_fase3_low_iter2,nitro5,ram,21.86,0.15
without-plugin,low,11,without-plugin_low_11,exp(21:29:09)_fase3_low_iter2,nitro5,sd,7.86,0.05
without-plugin,low,11,without-plugin_low_11,exp(21:29:09)_fase3_low_iter2,scorpius,cpu,36.17,0.34
without-plugin,low,11,without-plugin_low_11,exp(21:29:09)_fase3_low_iter2,scorpius,nic,0.33,0.0
without-plugin,low,11,without-plugin_low_11,exp(21:29:09)_fase3_low_iter2,scorpius,ram,38.05,0.27
without-plugin,low,11,without-plugin_low_11,exp(21:29:09)_fase3_low_iter2,scorpius,sd,0.01,0.0
without-plugin,low,12,without-plugin_low_12,exp(21:36:16)_fase3_low_iter3,aspire,cpu,110.79,1.01
without-plugin,low,12,without-plugin_low_12,exp(21:36:16)_fase3_low_iter3,aspire,nic,1.17,0.01
without-plugin,low,12,without-plugin_low_12,exp(21:36:16)_fase3_low_iter3,aspire,ram,82.94,0.59
without-plugin,low,12,without-plugin_low_12,exp(21:36:16)_fase3_low_iter3,aspire,sd,236.6,1.63
without-plugin,low,12,without-plugin_low_12,exp(21:36:16)_fase3_low_iter3,leo,cpu,115.36,1.08
without-plugin,low,12,without-plugin_low_12,exp(21:36:16)_fase3_low_iter3,leo,nic,0.44,0.0
without-plugin,low,12,without-plugin_low_12,exp(21:36:16)_fase3_low_iter3,leo,ram,32.3,0.23
without-plugin,low,12,without-plugin_low_12,exp(21:36:16)_fase3_low_iter3,leo,sd,0.0,0.0
without-plugin,low,12,without-plugin_low_12,exp(21:36:16)_fase3_low_iter3,nitro5,cpu,47.73,0.41
without-plugin,low,12,without-plugin_low_12,exp(21:36:16)_fase3_low_iter3,nitro5,nic,2.83,0.02
without-plugin,low,12,without-plugin_low_12,exp(21:36:16)_fase3_low_iter3,nitro5,ram,21.06,0.15
without-plugin,low,12,without-plugin_low_12,exp(21:36:16)_fase3_low_iter3,nitro5,sd,7.7,0.05
without-plugin,low,12,without-plugin_low_12,exp(21:36:16)_fase3_low_iter3,scorpius,cpu,168.6,1.53
without-plugin,low,12,without-plugin_low_12,exp(21:36:16)_fase3_low_iter3,scorpius,nic,0.04,0.0
without-plugin,low,12,without-plugin_low_12,exp(21:36:16)_fase3_low_iter3,scorpius,ram,189.34,1.35
without-plugin,low,12,without-plugin_low_12,exp(21:36:16)_fase3_low_iter3,scorpius,sd,0.0,0.0
without-plugin,low,13,without-plugin_low_13,exp(21:47:29)_fase3_low_iter4,aspire,cpu,167.73,1.54
without-plugin,low,13,without-plugin_low_13,exp(21:47:29)_fase3_low_iter4,aspire,nic,0.01,0.0
without-plugin,low,13,without-plugin_low_13,exp(21:47:29)_fase3_low_iter4,aspire,ram,113.07,0.81
without-plugin,low,13,without-plugin_low_13,exp(21:47:29)_fase3_low_iter4,aspire,sd,8.79,0.06
without-plugin,low,13,without-plugin_low_13,exp(21:47:29)_fase3_low_iter4,leo,cpu,108.27,1.0
without-plugin,low,13,without-plugin_low_13,exp(21:47:29)_fase3_low_iter4,leo,nic,0.21,0.0
without-plugin,low,13,without-plugin_low_13,exp(21:47:29)_fase3_low_iter4,leo,ram,34.5,0.25
without-plugin,low,13,without-plugin_low_13,exp(21:47:29)_fase3_low_iter4,leo,sd,0.0,0.0
without-plugin,low,13,without-plugin_low_13,exp(21:47:29)_fase3_low_iter4,nitro5,cpu,50.67,0.44
without-plugin,low,13,without-plugin_low_13,exp(21:47:29)_fase3_low_iter4,nitro5,nic,0.73,0.01
without-plugin,low,13,without-plugin_low_13,exp(21:47:29)_fase3_low_iter4,nitro5,ram,21.92,0.15
without-plugin,low,13,without-plugin_low_13,exp(21:47:29)_fase3_low_iter4,nitro5,sd,8.35,0.06
without-plugin,low,13,without-plugin_low_13,exp(21:47:29)_fase3_low_iter4,scorpius,cpu,35.85,0.33
without-plugin,low,13,without-plugin_low_13,exp(21:47:29)_fase3_low_iter4,scorpius,nic,0.18,0.0
without-plugin,low,13,without-plugin_low_13,exp(21:47:29)_fase3_low_iter4,scorpius,ram,38.27,0.27
without-plugin,low,13,without-plugin_low_13,exp(21:47:29)_fase3_low_iter4,scorpius,sd,0.01,0.0
without-plugin,low,14,without-plugin_low_14,exp(21:54:49)_fase3_low_iter5,aspire,cpu,123.28,1.11
without-plugin,low,14,without-plugin_low_14,exp(21:54:49)_fase3_low_iter5,aspire,nic,0.06,0.0
without-plugin,low,14,without-plugin_low_14,exp(21:54:49)_fase3_low_iter5,aspire,ram,88.24,0.63
without-plugin,low,14,without-plugin_low_14,exp(21:54:49)_fase3_low_iter5,aspire,sd,391.93,2.72
without-plugin,low,14,without-plugin_low_14,exp(21:54:49)_fase3_low_iter5,leo,cpu,109.39,1.04
without-plugin,low,14,without-plugin_low_14,exp(21:54:49)_fase3_low_iter5,leo,nic,0.14,0.0
without-plugin,low,14,without-plugin_low_14,exp(21:54:49)_fase3_low_iter5,leo,ram,29.93,0.21
without-plugin,low,14,without-plugin_low_14,exp(21:54:49)_fase3_low_iter5,leo,sd,0.0,0.0
without-plugin,low,14,without-plugin_low_14,exp(21:54:49)_fase3_low_iter5,nitro5,cpu,48.58,0.42
without-plugin,low,14,without-plugin_low_14,exp(21:54:49)_fase3_low_iter5,nitro5,nic,0.51,0.0
without-plugin,low,14,without-plugin_low_14,exp(21:54:49)_fase3_low_iter5,nitro5,ram,20.78,0.15
without-plugin,low,14,without-plugin_low_14,exp(21:54:49)_fase3_low_iter5,nitro5,sd,8.1,0.06
without-plugin,low,14,without-plugin_low_14,exp(21:54:49)_fase3_low_iter5,scorpius,cpu,167.04,1.55
without-plugin,low,14,without-plugin_low_14,exp(21:54:49)_fase3_low_iter5,scorpius,nic,0.15,0.0
without-plugin,low,14,without-plugin_low_14,exp(21:54:49)_fase3_low_iter5,scorpius,ram,198.24,1.42
without-plugin,low,14,without-plugin_low_14,exp(21:54:49)_fase3_low_iter5,scorpius,sd,0.0,0.0
without-plugin,low,15,without-plugin_low_15,exp(22:02:44)_fase3_low_iter6,aspire,cpu,91.41,0.84
without-plugin,low,15,without-plugin_low_15,exp(22:02:44)_fase3_low_iter6,aspire,nic,0.18,0.0
without-plugin,low,15,without-plugin_low_15,exp(22:02:44)_fase3_low_iter6,aspire,ram,57.2,0.41
without-plugin,low,15,without-plugin_low_15,exp(22:02:44)_fase3_low_iter6,aspire,sd,204.72,1.42
without-plugin,low,15,without-plugin_low_15,exp(22:02:44)_fase3_low_iter6,leo,cpu,482.8,4.43
without-plugin,low,15,without-plugin_low_15,exp(22:02:44)_fase3_low_iter6,leo,nic,0.18,0.0
without-plugin,low,15,without-plugin_low_15,exp(22:02:44)_fase3_low_iter6,leo,ram,158.9,1.14
without-plugin,low,15,without-plugin_low_15,exp(22:02:44)_fase3_low_iter6,leo,sd,0.0,0.0
without-plugin,low,15,without-plugin_low_15,exp(22:02:44)_fase3_low_iter6,nitro5,cpu,47.55,0.42
without-plugin,low,15,without-plugin_low_15,exp(22:02:44)_fase3_low_iter6,nitro5,nic,1.76,0.01
without-plugin,low,15,without-plugin_low_15,exp(22:02:44)_fase3_low_iter6,nitro5,ram,21.05,0.15
without-plugin,low,15,without-plugin_low_15,exp(22:02:44)_fase3_low_iter6,nitro5,sd,7.35,0.05
without-plugin,low,15,without-plugin_low_15,exp(22:02:44)_fase3_low_iter6,scorpius,cpu,54.42,0.5
without-plugin,low,15,without-plugin_low_15,exp(22:02:44)_fase3_low_iter6,scorpius,nic,0.29,0.0
without-plugin,low,15,without-plugin_low_15,exp(22:02:44)_fase3_low_iter6,scorpius,ram,54.5,0.39
without-plugin,low,15,without-plugin_low_15,exp(22:02:44)_fase3_low_iter6,scorpius,sd,0.0,0.0
without-plugin,low,16,without-plugin_low_16,exp(22:11:14)_fase3_low_iter7,aspire,cpu,180.41,1.66
without-plugin,low,16,without-plugin_low_16,exp(22:11:14)_fase3_low_iter7,aspire,nic,0.07,0.0
without-plugin,low,16,without-plugin_low_16,exp(22:11:14)_fase3_low_iter7,aspire,ram,137.16,0.98
without-plugin,low,16,without-plugin_low_16,exp(22:11:14)_fase3_low_iter7,aspire,sd,10.64,0.07
without-plugin,low,16,without-plugin_low_16,exp(22:11:14)_fase3_low_iter7,leo,cpu,132.28,1.22
without-plugin,low,16,without-plugin_low_16,exp(22:11:14)_fase3_low_iter7,leo,nic,0.19,0.0
without-plugin,low,16,without-plugin_low_16,exp(22:11:14)_fase3_low_iter7,leo,ram,43.6,0.31
without-plugin,low,16,without-plugin_low_16,exp(22:11:14)_fase3_low_iter7,leo,sd,0.03,0.0
without-plugin,low,16,without-plugin_low_16,exp(22:11:14)_fase3_low_iter7,nitro5,cpu,46.6,0.41
without-plugin,low,16,without-plugin_low_16,exp(22:11:14)_fase3_low_iter7,nitro5,nic,0.37,0.0
without-plugin,low,16,without-plugin_low_16,exp(22:11:14)_fase3_low_iter7,nitro5,ram,21.28,0.15
without-plugin,low,16,without-plugin_low_16,exp(22:11:14)_fase3_low_iter7,nitro5,sd,7.57,0.05
without-plugin,low,16,without-plugin_low_16,exp(22:11:14)_fase3_low_iter7,scorpius,cpu,0.0,0.0
without-plugin,low,16,without-plugin_low_16,exp(22:11:14)_fase3_low_iter7,scorpius,nic,0.04,0.0
without-plugin,low,16,without-plugin_low_16,exp(22:11:14)_fase3_low_iter7,scorpius,ram,37.17,0.27
without-plugin,low,16,without-plugin_low_16,exp(22:11:14)_fase3_low_iter7,scorpius,sd,0.0,0.0
without-plugin,low,17,without-plugin_low_17,exp(22:36:32)_fase3_low_iter8,aspire,cpu,0.0,0.0
without-plugin,low,17,without-plugin_low_17,exp(22:36:32)_fase3_low_iter8,aspire,nic,0.0,0.0
without-plugin,low,17,without-plugin_low_17,exp(22:36:32)_fase3_low_iter8,aspire,ram,0.0,0.0
without-plugin,low,17,without-plugin_low_17,exp(22:36:32)_fase3_low_iter8,aspire,sd,0.0,0.0
without-plugin,low,17,without-plugin_low_17,exp(22:36:32)_fase3_low_iter8,leo,cpu,108.08,1.0
without-plugin,low,17,without-plugin_low_17,exp(22:36:32)_fase3_low_iter8,leo,nic,0.23,0.0
without-plugin,low,17,without-plugin_low_17,exp(22:36:32)_fase3_low_iter8,leo,ram,34.25,0.25
without-plugin,low,17,without-plugin_low_17,exp(22:36:32)_fase3_low_iter8,leo,sd,0.0,0.0
without-plugin,low,17,without-plugin_low_17,exp(22:36:32)_fase3_low_iter8,nitro5,cpu,49.34,0.43
without-plugin,low,17,without-plugin_low_17,exp(22:36:32)_fase3_low_iter8,nitro5,nic,1.13,0.01
without-plugin,low,17,without-plugin_low_17,exp(22:36:32)_fase3_low_iter8,nitro5,ram,21.68,0.15
without-plugin,low,17,without-plugin_low_17,exp(22:36:32)_fase3_low_iter8,nitro5,sd,9.79,0.07
without-plugin,low,17,without-plugin_low_17,exp(22:36:32)_fase3_low_iter8,scorpius,cpu,37.16,0.35
without-plugin,low,17,without-plugin_low_17,exp(22:36:32)_fase3_low_iter8,scorpius,nic,1.07,0.01
without-plugin,low,17,without-plugin_low_17,exp(22:36:32)_fase3_low_iter8,scorpius,ram,40.94,0.29
without-plugin,low,17,without-plugin_low_17,exp(22:36:32)_fase3_low_iter8,scorpius,sd,0.0,0.0
without-plugin,low,18,without-plugin_low_18,exp(22:54:05)_fase3_low_iter1,aspire,cpu,203.48,2.03
without-plugin,low,18,without-plugin_low_18,exp(22:54:05)_fase3_low_iter1,aspire,nic,0.04,0.0
without-plugin,low,18,without-plugin_low_18,exp(22:54:05)_fase3_low_iter1,aspire,ram,201.53,1.46
without-plugin,low,18,without-plugin_low_18,exp(22:54:05)_fase3_low_iter1,aspire,sd,176.46,1.23
without-plugin,low,18,without-plugin_low_18,exp(22:54:05)_fase3_low_iter1,leo,cpu,239.41,2.2
without-plugin,low,18,without-plugin_low_18,exp(22:54:05)_fase3_low_iter1,leo,nic,0.11,0.0
without-plugin,low,18,without-plugin_low_18,exp(22:54:05)_fase3_low_iter1,leo,ram,72.92,0.52
without-plugin,low,18,without-plugin_low_18,exp(22:54:05)_fase3_low_iter1,leo,sd,0.0,0.0
without-plugin,low,18,without-plugin_low_18,exp(22:54:05)_fase3_low_iter1,nitro5,cpu,43.3,0.38
without-plugin,low,18,without-plugin_low_18,exp(22:54:05)_fase3_low_iter1,nitro5,nic,1.7,0.01
without-plugin,low,18,without-plugin_low_18,exp(22:54:05)_fase3_low_iter1,nitro5,ram,24.03,0.17
without-plugin,low,18,without-plugin_low_18,exp(22:54:05)_fase3_low_iter1,nitro5,sd,9.66,0.07
without-plugin,low,18,without-plugin_low_18,exp(22:54:05)_fase3_low_iter1,scorpius,cpu,57.53,0.54
without-plugin,low,18,without-plugin_low_18,exp(22:54:05)_fase3_low_iter1,scorpius,nic,0.41,0.0
without-plugin,low,18,without-plugin_low_18,exp(22:54:05)_fase3_low_iter1,scorpius,ram,62.87,0.45
without-plugin,low,18,without-plugin_low_18,exp(22:54:05)_fase3_low_iter1,scorpius,sd,0.0,0.0
without-plugin,low,19,without-plugin_low_19,exp(23:14:18)_fase3_low_iter1,aspire,cpu,254.83,2.93
without-plugin,low,19,without-plugin_low_19,exp(23:14:18)_fase3_low_iter1,aspire,nic,0.2,0.0
without-plugin,low,19,without-plugin_low_19,exp(23:14:18)_fase3_low_iter1,aspire,ram,307.54,2.26
without-plugin,low,19,without-plugin_low_19,exp(23:14:18)_fase3_low_iter1,aspire,sd,328.12,2.26
without-plugin,low,19,without-plugin_low_19,exp(23:14:18)_fase3_low_iter1,leo,cpu,221.98,2.04
without-plugin,low,19,without-plugin_low_19,exp(23:14:18)_fase3_low_iter1,leo,nic,0.0,0.0
without-plugin,low,19,without-plugin_low_19,exp(23:14:18)_fase3_low_iter1,leo,ram,65.87,0.47
without-plugin,low,19,without-plugin_low_19,exp(23:14:18)_fase3_low_iter1,leo,sd,0.0,0.0
without-plugin,low,19,without-plugin_low_19,exp(23:14:18)_fase3_low_iter1,nitro5,cpu,40.72,0.35
without-plugin,low,19,without-plugin_low_19,exp(23:14:18)_fase3_low_iter1,nitro5,nic,0.96,0.01
without-plugin,low,19,without-plugin_low_19,exp(23:14:18)_fase3_low_iter1,nitro5,ram,22.98,0.16
without-plugin,low,19,without-plugin_low_19,exp(23:14:18)_fase3_low_iter1,nitro5,sd,9.51,0.07
without-plugin,low,19,without-plugin_low_19,exp(23:14:18)_fase3_low_iter1,scorpius,cpu,30.17,0.27
without-plugin,low,19,without-plugin_low_19,exp(23:14:18)_fase3_low_iter1,scorpius,nic,0.1,0.0
without-plugin,low,19,without-plugin_low_19,exp(23:14:18)_fase3_low_iter1,scorpius,ram,26.82,0.19
without-plugin,low,19,without-plugin_low_19,exp(23:14:18)_fase3_low_iter1,scorpius,sd,0.0,0.0
without-plugin,low,20,without-plugin_low_20,exp(23:22:39)_fase3_low_iter2,aspire,cpu,67.12,0.62
without-plugin,low,20,without-plugin_low_20,exp(23:22:39)_fase3_low_iter2,aspire,nic,0.23,0.0
without-plugin,low,20,without-plugin_low_20,exp(23:22:39)_fase3_low_iter2,aspire,ram,44.52,0.32
without-plugin,low,20,without-plugin_low_20,exp(23:22:39)_fase3_low_iter2,aspire,sd,5.41,0.04
without-plugin,low,20,without-plugin_low_20,exp(23:22:39)_fase3_low_iter2,leo,cpu,478.06,4.23
without-plugin,low,20,without-plugin_low_20,exp(23:22:39)_fase3_low_iter2,leo,nic,0.11,0.0
without-plugin,low,20,without-plugin_low_20,exp(23:22:39)_fase3_low_iter2,leo,ram,177.59,1.26
without-plugin,low,20,without-plugin_low_20,exp(23:22:39)_fase3_low_iter2,leo,sd,0.0,0.0
without-plugin,low,20,without-plugin_low_20,exp(23:22:39)_fase3_low_iter2,nitro5,cpu,38.47,0.34
without-plugin,low,20,without-plugin_low_20,exp(23:22:39)_fase3_low_iter2,nitro5,nic,0.18,0.0
without-plugin,low,20,without-plugin_low_20,exp(23:22:39)_fase3_low_iter2,nitro5,ram,22.71,0.16
without-plugin,low,20,without-plugin_low_20,exp(23:22:39)_fase3_low_iter2,nitro5,sd,10.66,0.07
without-plugin,low,20,without-plugin_low_20,exp(23:22:39)_fase3_low_iter2,scorpius,cpu,45.27,0.42
without-plugin,low,20,without-plugin_low_20,exp(23:22:39)_fase3_low_iter2,scorpius,nic,1.07,0.01
without-plugin,low,20,without-plugin_low_20,exp(23:22:39)_fase3_low_iter2,scorpius,ram,43.67,0.31
without-plugin,low,20,without-plugin_low_20,exp(23:22:39)_fase3_low_iter2,scorpius,sd,0.0,0.0
without-plugin,low,21,without-plugin_low_21,exp(23:28:58)_fase3_low_iter3,aspire,cpu,53.17,0.5
without-plugin,low,21,without-plugin_low_21,exp(23:28:58)_fase3_low_iter3,aspire,nic,0.17,0.0
without-plugin,low,21,without-plugin_low_21,exp(23:28:58)_fase3_low_iter3,aspire,ram,37.84,0.27
without-plugin,low,21,without-plugin_low_21,exp(23:28:58)_fase3_low_iter3,aspire,sd,5.97,0.04
without-plugin,low,21,without-plugin_low_21,exp(23:28:58)_fase3_low_iter3,leo,cpu,70.53,0.66
without-plugin,low,21,without-plugin_low_21,exp(23:28:58)_fase3_low_iter3,leo,nic,0.22,0.0
without-plugin,low,21,without-plugin_low_21,exp(23:28:58)_fase3_low_iter3,leo,ram,21.94,0.16
without-plugin,low,21,without-plugin_low_21,exp(23:28:58)_fase3_low_iter3,leo,sd,0.0,0.0
without-plugin,low,21,without-plugin_low_21,exp(23:28:58)_fase3_low_iter3,nitro5,cpu,38.0,0.34
without-plugin,low,21,without-plugin_low_21,exp(23:28:58)_fase3_low_iter3,nitro5,nic,0.14,0.0
without-plugin,low,21,without-plugin_low_21,exp(23:28:58)_fase3_low_iter3,nitro5,ram,22.75,0.16
without-plugin,low,21,without-plugin_low_21,exp(23:28:58)_fase3_low_iter3,nitro5,sd,9.72,0.07
without-plugin,low,21,without-plugin_low_21,exp(23:28:58)_fase3_low_iter3,scorpius,cpu,120.2,1.1
without-plugin,low,21,without-plugin_low_21,exp(23:28:58)_fase3_low_iter3,scorpius,nic,0.29,0.0
without-plugin,low,21,without-plugin_low_21,exp(23:28:58)_fase3_low_iter3,scorpius,ram,155.73,1.11
without-plugin,low,21,without-plugin_low_21,exp(23:28:58)_fase3_low_iter3,scorpius,sd,0.0,0.0
without-plugin,medium,1,without-plugin_medium_1,exp(05:04:02)_fase3_medium_iter1,aspire,cpu,66.54,0.62
without-plugin,medium,1,without-plugin_medium_1,exp(05:04:02)_fase3_medium_iter1,aspire,nic,0.18,0.0
without-plugin,medium,1,without-plugin_medium_1,exp(05:04:02)_fase3_medium_iter1,aspire,ram,45.05,0.32
without-plugin,medium,1,without-plugin_medium_1,exp(05:04:02)_fase3_medium_iter1,aspire,sd,4.17,0.03
without-plugin,medium,1,without-plugin_medium_1,exp(05:04:02)_fase3_medium_iter1,leo,cpu,540.12,5.05
without-plugin,medium,1,without-plugin_medium_1,exp(05:04:02)_fase3_medium_iter1,leo,nic,0.36,0.0
without-plugin,medium,1,without-plugin_medium_1,exp(05:04:02)_fase3_medium_iter1,leo,ram,228.59,1.63
without-plugin,medium,1,without-plugin_medium_1,exp(05:04:02)_fase3_medium_iter1,leo,sd,0.0,0.0
without-plugin,medium,1,without-plugin_medium_1,exp(05:04:02)_fase3_medium_iter1,nitro5,cpu,36.73,0.33
without-plugin,medium,1,without-plugin_medium_1,exp(05:04:02)_fase3_medium_iter1,nitro5,nic,0.64,0.0
without-plugin,medium,1,without-plugin_medium_1,exp(05:04:02)_fase3_medium_iter1,nitro5,ram,23.01,0.16
without-plugin,medium,1,without-plugin_medium_1,exp(05:04:02)_fase3_medium_iter1,nitro5,sd,7.47,0.05
without-plugin,medium,1,without-plugin_medium_1,exp(05:04:02)_fase3_medium_iter1,scorpius,cpu,36.09,0.34
without-plugin,medium,1,without-plugin_medium_1,exp(05:04:02)_fase3_medium_iter1,scorpius,nic,0.94,0.01
without-plugin,medium,1,without-plugin_medium_1,exp(05:04:02)_fase3_medium_iter1,scorpius,ram,41.59,0.3
without-plugin,medium,1,without-plugin_medium_1,exp(05:04:02)_fase3_medium_iter1,scorpius,sd,0.0,0.0
without-plugin,medium,2,without-plugin_medium_2,exp(05:10:17)_fase3_medium_iter2,aspire,cpu,87.4,0.82
without-plugin,medium,2,without-plugin_medium_2,exp(05:10:17)_fase3_medium_iter2,aspire,nic,0.26,0.0
without-plugin,medium,2,without-plugin_medium_2,exp(05:10:17)_fase3_medium_iter2,aspire,ram,73.94,0.53
without-plugin,medium,2,without-plugin_medium_2,exp(05:10:17)_fase3_medium_iter2,aspire,sd,3.49,0.02
without-plugin,medium,2,without-plugin_medium_2,exp(05:10:17)_fase3_medium_iter2,leo,cpu,162.07,1.46
without-plugin,medium,2,without-plugin_medium_2,exp(05:10:17)_fase3_medium_iter2,leo,nic,0.21,0.0
without-plugin,medium,2,without-plugin_medium_2,exp(05:10:17)_fase3_medium_iter2,leo,ram,47.66,0.34
without-plugin,medium,2,without-plugin_medium_2,exp(05:10:17)_fase3_medium_iter2,leo,sd,0.0,0.0
without-plugin,medium,2,without-plugin_medium_2,exp(05:10:17)_fase3_medium_iter2,nitro5,cpu,35.79,0.34
without-plugin,medium,2,without-plugin_medium_2,exp(05:10:17)_fase3_medium_iter2,nitro5,nic,0.21,0.0
without-plugin,medium,2,without-plugin_medium_2,exp(05:10:17)_fase3_medium_iter2,nitro5,ram,23.45,0.17
without-plugin,medium,2,without-plugin_medium_2,exp(05:10:17)_fase3_medium_iter2,nitro5,sd,10.32,0.07
without-plugin,medium,2,without-plugin_medium_2,exp(05:10:17)_fase3_medium_iter2,scorpius,cpu,103.49,0.95
without-plugin,medium,2,without-plugin_medium_2,exp(05:10:17)_fase3_medium_iter2,scorpius,nic,0.0,0.0
without-plugin,medium,2,without-plugin_medium_2,exp(05:10:17)_fase3_medium_iter2,scorpius,ram,115.74,0.83
without-plugin,medium,2,without-plugin_medium_2,exp(05:10:17)_fase3_medium_iter2,scorpius,sd,0.0,0.0
without-plugin,medium,3,without-plugin_medium_3,exp(05:18:13)_fase3_medium_iter3,aspire,cpu,246.37,2.62
without-plugin,medium,3,without-plugin_medium_3,exp(05:18:13)_fase3_medium_iter3,aspire,nic,1.02,0.01
without-plugin,medium,3,without-plugin_medium_3,exp(05:18:13)_fase3_medium_iter3,aspire,ram,266.51,1.95
without-plugin,medium,3,without-plugin_medium_3,exp(05:18:13)_fase3_medium_iter3,aspire,sd,542.53,3.74
without-plugin,medium,3,without-plugin_medium_3,exp(05:18:13)_fase3_medium_iter3,leo,cpu,379.58,3.39
without-plugin,medium,3,without-plugin_medium_3,exp(05:18:13)_fase3_medium_iter3,leo,nic,0.11,0.0
without-plugin,medium,3,without-plugin_medium_3,exp(05:18:13)_fase3_medium_iter3,leo,ram,109.6,0.78
without-plugin,medium,3,without-plugin_medium_3,exp(05:18:13)_fase3_medium_iter3,leo,sd,0.0,0.0
without-plugin,medium,3,without-plugin_medium_3,exp(05:18:13)_fase3_medium_iter3,nitro5,cpu,38.57,0.35
without-plugin,medium,3,without-plugin_medium_3,exp(05:18:13)_fase3_medium_iter3,nitro5,nic,0.16,0.0
without-plugin,medium,3,without-plugin_medium_3,exp(05:18:13)_fase3_medium_iter3,nitro5,ram,22.72,0.16
without-plugin,medium,3,without-plugin_medium_3,exp(05:18:13)_fase3_medium_iter3,nitro5,sd,7.79,0.05
without-plugin,medium,3,without-plugin_medium_3,exp(05:18:13)_fase3_medium_iter3,scorpius,cpu,73.54,0.69
without-plugin,medium,3,without-plugin_medium_3,exp(05:18:13)_fase3_medium_iter3,scorpius,nic,0.17,0.0
without-plugin,medium,3,without-plugin_medium_3,exp(05:18:13)_fase3_medium_iter3,scorpius,ram,73.95,0.53
without-plugin,medium,3,without-plugin_medium_3,exp(05:18:13)_fase3_medium_iter3,scorpius,sd,0.0,0.0
without-plugin,medium,4,without-plugin_medium_4,exp(06:20:25)_fase3_medium_iter1,aspire,cpu,78.45,0.74
without-plugin,medium,4,without-plugin_medium_4,exp(06:20:25)_fase3_medium_iter1,aspire,nic,0.13,0.01
without-plugin,medium,4,without-plugin_medium_4,exp(06:20:25)_fase3_medium_iter1,aspire,ram,47.16,0.34
without-plugin,medium,4,without-plugin_medium_4,exp(06:20:25)_fase3_medium_iter1,aspire,sd,4.51,0.03
without-plugin,medium,4,without-plugin_medium_4,exp(06:20:25)_fase3_medium_iter1,leo,cpu,219.43,2.11
without-plugin,medium,4,without-plugin_medium_4,exp(06:20:25)_fase3_medium_iter1,leo,nic,0.27,0.0
without-plugin,medium,4,without-plugin_medium_4,exp(06:20:25)_fase3_medium_iter1,leo,ram,68.05,0.49
without-plugin,medium,4,without-plugin_medium_4,exp(06:20:25)_fase3_medium_iter1,leo,sd,0.05,0.0
without-plugin,medium,4,without-plugin_medium_4,exp(06:20:25)_fase3_medium_iter1,nitro5,cpu,40.29,0.34
without-plugin,medium,4,without-plugin_medium_4,exp(06:20:25)_fase3_medium_iter1,nitro5,nic,1.96,0.01
without-plugin,medium,4,without-plugin_medium_4,exp(06:20:25)_fase3_medium_iter1,nitro5,ram,22.47,0.16
without-plugin,medium,4,without-plugin_medium_4,exp(06:20:25)_fase3_medium_iter1,nitro5,sd,9.96,0.07
without-plugin,medium,4,without-plugin_medium_4,exp(06:20:25)_fase3_medium_iter1,scorpius,cpu,274.74,2.64
without-plugin,medium,4,without-plugin_medium_4,exp(06:20:25)_fase3_medium_iter1,scorpius,nic,0.0,0.0
without-plugin,medium,4,without-plugin_medium_4,exp(06:20:25)_fase3_medium_iter1,scorpius,ram,328.69,2.35
without-plugin,medium,4,without-plugin_medium_4,exp(06:20:25)_fase3_medium_iter1,scorpius,sd,0.0,0.0
without-plugin,medium,5,without-plugin_medium_5,exp(06:28:20)_fase3_medium_iter2,aspire,cpu,269.76,2.84
without-plugin,medium,5,without-plugin_medium_5,exp(06:28:20)_fase3_medium_iter2,aspire,nic,0.14,0.0
without-plugin,medium,5,without-plugin_medium_5,exp(06:28:20)_fase3_medium_iter2,aspire,ram,292.53,2.12
without-plugin,medium,5,without-plugin_medium_5,exp(06:28:20)_fase3_medium_iter2,aspire,sd,739.21,5.1
without-plugin,medium,5,without-plugin_medium_5,exp(06:28:20)_fase3_medium_iter2,leo,cpu,209.79,1.91
without-plugin,medium,5,without-plugin_medium_5,exp(06:28:20)_fase3_medium_iter2,leo,nic,0.86,0.01
without-plugin,medium,5,without-plugin_medium_5,exp(06:28:20)_fase3_medium_iter2,leo,ram,63.2,0.45
without-plugin,medium,5,without-plugin_medium_5,exp(06:28:20)_fase3_medium_iter2,leo,sd,0.0,0.0
without-plugin,medium,5,without-plugin_medium_5,exp(06:28:20)_fase3_medium_iter2,nitro5,cpu,42.28,0.35
without-plugin,medium,5,without-plugin_medium_5,exp(06:28:20)_fase3_medium_iter2,nitro5,nic,0.61,0.0
without-plugin,medium,5,without-plugin_medium_5,exp(06:28:20)_fase3_medium_iter2,nitro5,ram,21.82,0.15
without-plugin,medium,5,without-plugin_medium_5,exp(06:28:20)_fase3_medium_iter2,nitro5,sd,9.98,0.07
without-plugin,medium,5,without-plugin_medium_5,exp(06:28:20)_fase3_medium_iter2,scorpius,cpu,64.25,0.59
without-plugin,medium,5,without-plugin_medium_5,exp(06:28:20)_fase3_medium_iter2,scorpius,nic,1.01,0.01
without-plugin,medium,5,without-plugin_medium_5,exp(06:28:20)_fase3_medium_iter2,scorpius,ram,67.67,0.48
without-plugin,medium,5,without-plugin_medium_5,exp(06:28:20)_fase3_medium_iter2,scorpius,sd,0.0,0.0
without-plugin,medium,6,without-plugin_medium_6,exp(06:35:32)_fase3_medium_iter3,aspire,cpu,119.58,1.13
without-plugin,medium,6,without-plugin_medium_6,exp(06:35:32)_fase3_medium_iter3,aspire,nic,0.34,0.0
without-plugin,medium,6,without-plugin_medium_6,exp(06:35:32)_fase3_medium_iter3,aspire,ram,80.06,0.58
without-plugin,medium,6,without-plugin_medium_6,exp(06:35:32)_fase3_medium_iter3,aspire,sd,2.03,0.01
without-plugin,medium,6,without-plugin_medium_6,exp(06:35:32)_fase3_medium_iter3,leo,cpu,215.31,2.01
without-plugin,medium,6,without-plugin_medium_6,exp(06:35:32)_fase3_medium_iter3,leo,nic,0.79,0.01
without-plugin,medium,6,without-plugin_medium_6,exp(06:35:32)_fase3_medium_iter3,leo,ram,70.86,0.51
without-plugin,medium,6,without-plugin_medium_6,exp(06:35:32)_fase3_medium_iter3,leo,sd,0.1,0.0
without-plugin,medium,6,without-plugin_medium_6,exp(06:35:32)_fase3_medium_iter3,nitro5,cpu,40.6,0.33
without-plugin,medium,6,without-plugin_medium_6,exp(06:35:32)_fase3_medium_iter3,nitro5,nic,1.1,0.01
without-plugin,medium,6,without-plugin_medium_6,exp(06:35:32)_fase3_medium_iter3,nitro5,ram,20.92,0.15
without-plugin,medium,6,without-plugin_medium_6,exp(06:35:32)_fase3_medium_iter3,nitro5,sd,9.04,0.06
without-plugin,medium,6,without-plugin_medium_6,exp(06:35:32)_fase3_medium_iter3,scorpius,cpu,191.65,1.9
without-plugin,medium,6,without-plugin_medium_6,exp(06:35:32)_fase3_medium_iter3,scorpius,nic,0.1,0.0
without-plugin,medium,6,without-plugin_medium_6,exp(06:35:32)_fase3_medium_iter3,scorpius,ram,238.94,1.71
without-plugin,medium,6,without-plugin_medium_6,exp(06:35:32)_fase3_medium_iter3,scorpius,sd,0.0,0.0
without-plugin,medium,7,without-plugin_medium_7,exp(07:13:58)_fase3_medium_iter1,aspire,cpu,52.09,0.49
without-plugin,medium,7,without-plugin_medium_7,exp(07:13:58)_fase3_medium_iter1,aspire,nic,0.23,0.0
without-plugin,medium,7,without-plugin_medium_7,exp(07:13:58)_fase3_medium_iter1,aspire,ram,24.45,0.18
without-plugin,medium,7,without-plugin_medium_7,exp(07:13:58)_fase3_medium_iter1,aspire,sd,1.8,0.01
without-plugin,medium,7,without-plugin_medium_7,exp(07:13:58)_fase3_medium_iter1,leo,cpu,249.18,2.24
without-plugin,medium,7,without-plugin_medium_7,exp(07:13:58)_fase3_medium_iter1,leo,nic,0.0,0.0
without-plugin,medium,7,without-plugin_medium_7,exp(07:13:58)_fase3_medium_iter1,leo,ram,81.45,0.58
without-plugin,medium,7,without-plugin_medium_7,exp(07:13:58)_fase3_medium_iter1,leo,sd,0.04,0.0
without-plugin,medium,7,without-plugin_medium_7,exp(07:13:58)_fase3_medium_iter1,nitro5,cpu,46.29,0.42
without-plugin,medium,7,without-plugin_medium_7,exp(07:13:58)_fase3_medium_iter1,nitro5,nic,0.89,0.01
without-plugin,medium,7,without-plugin_medium_7,exp(07:13:58)_fase3_medium_iter1,nitro5,ram,20.76,0.15
without-plugin,medium,7,without-plugin_medium_7,exp(07:13:58)_fase3_medium_iter1,nitro5,sd,27.96,0.19
without-plugin,medium,7,without-plugin_medium_7,exp(07:13:58)_fase3_medium_iter1,scorpius,cpu,103.8,0.96
without-plugin,medium,7,without-plugin_medium_7,exp(07:13:58)_fase3_medium_iter1,scorpius,nic,0.05,0.0
without-plugin,medium,7,without-plugin_medium_7,exp(07:13:58)_fase3_medium_iter1,scorpius,ram,112.04,0.8
without-plugin,medium,7,without-plugin_medium_7,exp(07:13:58)_fase3_medium_iter1,scorpius,sd,0.0,0.0
without-plugin,medium,8,without-plugin_medium_8,exp(07:22:01)_fase3_medium_iter2,aspire,cpu,272.01,2.5
without-plugin,medium,8,without-plugin_medium_8,exp(07:22:01)_fase3_medium_iter2,aspire,nic,0.0,0.0
without-plugin,medium,8,without-plugin_medium_8,exp(07:22:01)_fase3_medium_iter2,aspire,ram,244.72,1.75
without-plugin,medium,8,without-plugin_medium_8,exp(07:22:01)_fase3_medium_iter2,aspire,sd,545.48,3.76
without-plugin,medium,8,without-plugin_medium_8,exp(07:22:01)_fase3_medium_iter2,leo,cpu,251.97,2.27
without-plugin,medium,8,without-plugin_medium_8,exp(07:22:01)_fase3_medium_iter2,leo,nic,0.22,0.0
without-plugin,medium,8,without-plugin_medium_8,exp(07:22:01)_fase3_medium_iter2,leo,ram,75.36,0.54
without-plugin,medium,8,without-plugin_medium_8,exp(07:22:01)_fase3_medium_iter2,leo,sd,0.0,0.0
without-plugin,medium,8,without-plugin_medium_8,exp(07:22:01)_fase3_medium_iter2,nitro5,cpu,47.18,0.41
without-plugin,medium,8,without-plugin_medium_8,exp(07:22:01)_fase3_medium_iter2,nitro5,nic,0.38,0.0
without-plugin,medium,8,without-plugin_medium_8,exp(07:22:01)_fase3_medium_iter2,nitro5,ram,21.01,0.15
without-plugin,medium,8,without-plugin_medium_8,exp(07:22:01)_fase3_medium_iter2,nitro5,sd,10.05,0.07
without-plugin,medium,8,without-plugin_medium_8,exp(07:22:01)_fase3_medium_iter2,scorpius,cpu,54.02,0.5
without-plugin,medium,8,without-plugin_medium_8,exp(07:22:01)_fase3_medium_iter2,scorpius,nic,1.04,0.01
without-plugin,medium,8,without-plugin_medium_8,exp(07:22:01)_fase3_medium_iter2,scorpius,ram,61.27,0.44
without-plugin,medium,8,without-plugin_medium_8,exp(07:22:01)_fase3_medium_iter2,scorpius,sd,0.0,0.0
without-plugin,medium,9,without-plugin_medium_9,exp(07:28:48)_fase3_medium_iter3,aspire,cpu,223.76,2.17
without-plugin,medium,9,without-plugin_medium_9,exp(07:28:48)_fase3_medium_iter3,aspire,nic,0.04,0.0
without-plugin,medium,9,without-plugin_medium_9,exp(07:28:48)_fase3_medium_iter3,aspire,ram,230.26,1.67
without-plugin,medium,9,without-plugin_medium_9,exp(07:28:48)_fase3_medium_iter3,aspire,sd,14.67,0.1
without-plugin,medium,9,without-plugin_medium_9,exp(07:28:48)_fase3_medium_iter3,leo,cpu,120.61,1.09
without-plugin,medium,9,without-plugin_medium_9,exp(07:28:48)_fase3_medium_iter3,leo,nic,0.0,0.0
without-plugin,medium,9,without-plugin_medium_9,exp(07:28:48)_fase3_medium_iter3,leo,ram,37.64,0.27
without-plugin,medium,9,without-plugin_medium_9,exp(07:28:48)_fase3_medium_iter3,leo,sd,0.0,0.0
without-plugin,medium,9,without-plugin_medium_9,exp(07:28:48)_fase3_medium_iter3,nitro5,cpu,44.41,0.4
without-plugin,medium,9,without-plugin_medium_9,exp(07:28:48)_fase3_medium_iter3,nitro5,nic,0.5,0.0
without-plugin,medium,9,without-plugin_medium_9,exp(07:28:48)_fase3_medium_iter3,nitro5,ram,20.64,0.15
without-plugin,medium,9,without-plugin_medium_9,exp(07:28:48)_fase3_medium_iter3,nitro5,sd,8.83,0.06
without-plugin,medium,9,without-plugin_medium_9,exp(07:28:48)_fase3_medium_iter3,scorpius,cpu,40.27,0.37
without-plugin,medium,9,without-plugin_medium_9,exp(07:28:48)_fase3_medium_iter3,scorpius,nic,0.3,0.0
without-plugin,medium,9,without-plugin_medium_9,exp(07:28:48)_fase3_medium_iter3,scorpius,ram,38.78,0.28
without-plugin,medium,9,without-plugin_medium_9,exp(07:28:48)_fase3_medium_iter3,scorpius,sd,0.01,0.0
without-plugin,medium,10,without-plugin_medium_10,exp(07:36:27)_fase3_medium_iter4,aspire,cpu,121.27,1.11
without-plugin,medium,10,without-plugin_medium_10,exp(07:36:27)_fase3_medium_iter4,aspire,nic,0.15,0.0
without-plugin,medium,10,without-plugin_medium_10,exp(07:36:27)_fase3_medium_iter4,aspire,ram,89.57,0.64
without-plugin,medium,10,without-plugin_medium_10,exp(07:36:27)_fase3_medium_iter4,aspire,sd,437.21,3.04
without-plugin,medium,10,without-plugin_medium_10,exp(07:36:27)_fase3_medium_iter4,leo,cpu,100.87,0.96
without-plugin,medium,10,without-plugin_medium_10,exp(07:36:27)_fase3_medium_iter4,leo,nic,0.2,0.0
without-plugin,medium,10,without-plugin_medium_10,exp(07:36:27)_fase3_medium_iter4,leo,ram,27.9,0.2
without-plugin,medium,10,without-plugin_medium_10,exp(07:36:27)_fase3_medium_iter4,leo,sd,0.0,0.0
without-plugin,medium,10,without-plugin_medium_10,exp(07:36:27)_fase3_medium_iter4,nitro5,cpu,45.98,0.4
without-plugin,medium,10,without-plugin_medium_10,exp(07:36:27)_fase3_medium_iter4,nitro5,nic,2.5,0.02
without-plugin,medium,10,without-plugin_medium_10,exp(07:36:27)_fase3_medium_iter4,nitro5,ram,21.67,0.15
without-plugin,medium,10,without-plugin_medium_10,exp(07:36:27)_fase3_medium_iter4,nitro5,sd,9.75,0.07
without-plugin,medium,10,without-plugin_medium_10,exp(07:36:27)_fase3_medium_iter4,scorpius,cpu,132.66,1.2
without-plugin,medium,10,without-plugin_medium_10,exp(07:36:27)_fase3_medium_iter4,scorpius,nic,0.95,0.01
without-plugin,medium,10,without-plugin_medium_10,exp(07:36:27)_fase3_medium_iter4,scorpius,ram,166.96,1.19
without-plugin,medium,10,without-plugin_medium_10,exp(07:36:27)_fase3_medium_iter4,scorpius,sd,0.0,0.0
without-plugin,medium,11,without-plugin_medium_11,exp(07:42:50)_fase3_medium_iter5,aspire,cpu,269.96,2.5
without-plugin,medium,11,without-plugin_medium_11,exp(07:42:50)_fase3_medium_iter5,aspire,nic,0.07,0.0
without-plugin,medium,11,without-plugin_medium_11,exp(07:42:50)_fase3_medium_iter5,aspire,ram,237.98,1.71
without-plugin,medium,11,without-plugin_medium_11,exp(07:42:50)_fase3_medium_iter5,aspire,sd,545.63,3.76
without-plugin,medium,11,without-plugin_medium_11,exp(07:42:50)_fase3_medium_iter5,leo,cpu,176.0,1.61
without-plugin,medium,11,without-plugin_medium_11,exp(07:42:50)_fase3_medium_iter5,leo,nic,0.25,0.0
without-plugin,medium,11,without-plugin_medium_11,exp(07:42:50)_fase3_medium_iter5,leo,ram,55.76,0.4
without-plugin,medium,11,without-plugin_medium_11,exp(07:42:50)_fase3_medium_iter5,leo,sd,0.0,0.0
without-plugin,medium,11,without-plugin_medium_11,exp(07:42:50)_fase3_medium_iter5,nitro5,cpu,45.4,0.4
without-plugin,medium,11,without-plugin_medium_11,exp(07:42:50)_fase3_medium_iter5,nitro5,nic,1.18,0.01
without-plugin,medium,11,without-plugin_medium_11,exp(07:42:50)_fase3_medium_iter5,nitro5,ram,20.73,0.15
without-plugin,medium,11,without-plugin_medium_11,exp(07:42:50)_fase3_medium_iter5,nitro5,sd,0.0,0.0
without-plugin,medium,11,without-plugin_medium_11,exp(07:42:50)_fase3_medium_iter5,scorpius,cpu,56.1,0.51
without-plugin,medium,11,without-plugin_medium_11,exp(07:42:50)_fase3_medium_iter5,scorpius,nic,0.22,0.0
without-plugin,medium,11,without-plugin_medium_11,exp(07:42:50)_fase3_medium_iter5,scorpius,ram,62.49,0.45
without-plugin,medium,11,without-plugin_medium_11,exp(07:42:50)_fase3_medium_iter5,scorpius,sd,0.0,0.0
without-plugin,medium,12,without-plugin_medium_12,exp(07:51:18)_fase3_medium_iter6,aspire,cpu,71.56,0.7
without-plugin,medium,12,without-plugin_medium_12,exp(07:51:18)_fase3_medium_iter6,aspire,nic,0.06,0.01
without-plugin,medium,12,without-plugin_medium_12,exp(07:51:18)_fase3_medium_iter6,aspire,ram,39.52,0.28
without-plugin,medium,12,without-plugin_medium_12,exp(07:51:18)_fase3_medium_iter6,aspire,sd,162.99,1.13
without-plugin,medium,12,without-plugin_medium_12,exp(07:51:18)_fase3_medium_iter6,leo,cpu,189.01,1.75
without-plugin,medium,12,without-plugin_medium_12,exp(07:51:18)_fase3_medium_iter6,leo,nic,0.21,0.0
without-plugin,medium,12,without-plugin_medium_12,exp(07:51:18)_fase3_medium_iter6,leo,ram,58.52,0.42
without-plugin,medium,12,without-plugin_medium_12,exp(07:51:18)_fase3_medium_iter6,leo,sd,0.0,0.0
without-plugin,medium,12,without-plugin_medium_12,exp(07:51:18)_fase3_medium_iter6,nitro5,cpu,42.88,0.38
without-plugin,medium,12,without-plugin_medium_12,exp(07:51:18)_fase3_medium_iter6,nitro5,nic,0.82,0.01
without-plugin,medium,12,without-plugin_medium_12,exp(07:51:18)_fase3_medium_iter6,nitro5,ram,21.81,0.15
without-plugin,medium,12,without-plugin_medium_12,exp(07:51:18)_fase3_medium_iter6,nitro5,sd,8.46,0.06
without-plugin,medium,12,without-plugin_medium_12,exp(07:51:18)_fase3_medium_iter6,scorpius,cpu,112.71,1.02
without-plugin,medium,12,without-plugin_medium_12,exp(07:51:18)_fase3_medium_iter6,scorpius,nic,0.19,0.0
without-plugin,medium,12,without-plugin_medium_12,exp(07:51:18)_fase3_medium_iter6,scorpius,ram,135.37,0.97
without-plugin,medium,12,without-plugin_medium_12,exp(07:51:18)_fase3_medium_iter6,scorpius,sd,0.0,0.0
without-plugin,medium,13,without-plugin_medium_13,exp(07:57:40)_fase3_medium_iter7,aspire,cpu,245.05,2.31
without-plugin,medium,13,without-plugin_medium_13,exp(07:57:40)_fase3_medium_iter7,aspire,nic,0.08,0.01
without-plugin,medium,13,without-plugin_medium_13,exp(07:57:40)_fase3_medium_iter7,aspire,ram,240.24,1.72
without-plugin,medium,13,without-plugin_medium_13,exp(07:57:40)_fase3_medium_iter7,aspire,sd,530.42,3.66
without-plugin,medium,13,without-plugin_medium_13,exp(07:57:40)_fase3_medium_iter7,leo,cpu,205.27,1.83
without-plugin,medium,13,without-plugin_medium_13,exp(07:57:40)_fase3_medium_iter7,leo,nic,0.28,0.0
without-plugin,medium,13,without-plugin_medium_13,exp(07:57:40)_fase3_medium_iter7,leo,ram,58.3,0.42
without-plugin,medium,13,without-plugin_medium_13,exp(07:57:40)_fase3_medium_iter7,leo,sd,0.0,0.0
without-plugin,medium,13,without-plugin_medium_13,exp(07:57:40)_fase3_medium_iter7,nitro5,cpu,42.01,0.38
without-plugin,medium,13,without-plugin_medium_13,exp(07:57:40)_fase3_medium_iter7,nitro5,nic,1.11,0.01
without-plugin,medium,13,without-plugin_medium_13,exp(07:57:40)_fase3_medium_iter7,nitro5,ram,21.4,0.15
without-plugin,medium,13,without-plugin_medium_13,exp(07:57:40)_fase3_medium_iter7,nitro5,sd,8.41,0.06
without-plugin,medium,13,without-plugin_medium_13,exp(07:57:40)_fase3_medium_iter7,scorpius,cpu,56.31,0.52
without-plugin,medium,13,without-plugin_medium_13,exp(07:57:40)_fase3_medium_iter7,scorpius,nic,0.44,0.0
without-plugin,medium,13,without-plugin_medium_13,exp(07:57:40)_fase3_medium_iter7,scorpius,ram,60.94,0.44
without-plugin,medium,13,without-plugin_medium_13,exp(07:57:40)_fase3_medium_iter7,scorpius,sd,0.0,0.0
without-plugin,medium,14,without-plugin_medium_14,exp(08:05:26)_fase3_medium_iter8,aspire,cpu,47.37,0.44
without-plugin,medium,14,without-plugin_medium_14,exp(08:05:26)_fase3_medium_iter8,aspire,nic,0.2,0.0
without-plugin,medium,14,without-plugin_medium_14,exp(08:05:26)_fase3_medium_iter8,aspire,ram,22.79,0.16
without-plugin,medium,14,without-plugin_medium_14,exp(08:05:26)_fase3_medium_iter8,aspire,sd,2.2,0.02
without-plugin,medium,14,without-plugin_medium_14,exp(08:05:26)_fase3_medium_iter8,leo,cpu,225.57,2.01
without-plugin,medium,14,without-plugin_medium_14,exp(08:05:26)_fase3_medium_iter8,leo,nic,0.34,0.0
without-plugin,medium,14,without-plugin_medium_14,exp(08:05:26)_fase3_medium_iter8,leo,ram,69.14,0.49
without-plugin,medium,14,without-plugin_medium_14,exp(08:05:26)_fase3_medium_iter8,leo,sd,0.02,0.0
without-plugin,medium,14,without-plugin_medium_14,exp(08:05:26)_fase3_medium_iter8,nitro5,cpu,42.61,0.38
without-plugin,medium,14,without-plugin_medium_14,exp(08:05:26)_fase3_medium_iter8,nitro5,nic,0.46,0.0
without-plugin,medium,14,without-plugin_medium_14,exp(08:05:26)_fase3_medium_iter8,nitro5,ram,20.76,0.15
without-plugin,medium,14,without-plugin_medium_14,exp(08:05:26)_fase3_medium_iter8,nitro5,sd,16.38,0.11
without-plugin,medium,14,without-plugin_medium_14,exp(08:05:26)_fase3_medium_iter8,scorpius,cpu,106.82,0.98
without-plugin,medium,14,without-plugin_medium_14,exp(08:05:26)_fase3_medium_iter8,scorpius,nic,0.23,0.0
without-plugin,medium,14,without-plugin_medium_14,exp(08:05:26)_fase3_medium_iter8,scorpius,ram,124.68,0.89
without-plugin,medium,14,without-plugin_medium_14,exp(08:05:26)_fase3_medium_iter8,scorpius,sd,0.0,0.0
without-plugin,medium,15,without-plugin_medium_15,exp(08:13:08)_fase3_medium_iter9,aspire,cpu,261.93,2.54
without-plugin,medium,15,without-plugin_medium_15,exp(08:13:08)_fase3_medium_iter9,aspire,nic,0.08,0.0
without-plugin,medium,15,without-plugin_medium_15,exp(08:13:08)_fase3_medium_iter9,aspire,ram,260.6,1.87
without-plugin,medium,15,without-plugin_medium_15,exp(08:13:08)_fase3_medium_iter9,aspire,sd,556.67,3.84
without-plugin,medium,15,without-plugin_medium_15,exp(08:13:08)_fase3_medium_iter9,leo,cpu,183.99,1.7
without-plugin,medium,15,without-plugin_medium_15,exp(08:13:08)_fase3_medium_iter9,leo,nic,0.3,0.0
without-plugin,medium,15,without-plugin_medium_15,exp(08:13:08)_fase3_medium_iter9,leo,ram,57.38,0.41
without-plugin,medium,15,without-plugin_medium_15,exp(08:13:08)_fase3_medium_iter9,leo,sd,0.0,0.0
without-plugin,medium,15,without-plugin_medium_15,exp(08:13:08)_fase3_medium_iter9,nitro5,cpu,44.34,0.42
without-plugin,medium,15,without-plugin_medium_15,exp(08:13:08)_fase3_medium_iter9,nitro5,nic,0.47,0.0
without-plugin,medium,15,without-plugin_medium_15,exp(08:13:08)_fase3_medium_iter9,nitro5,ram,20.94,0.15
without-plugin,medium,15,without-plugin_medium_15,exp(08:13:08)_fase3_medium_iter9,nitro5,sd,14.73,0.1
without-plugin,medium,15,without-plugin_medium_15,exp(08:13:08)_fase3_medium_iter9,scorpius,cpu,62.08,0.58
without-plugin,medium,15,without-plugin_medium_15,exp(08:13:08)_fase3_medium_iter9,scorpius,nic,0.2,0.0
without-plugin,medium,15,without-plugin_medium_15,exp(08:13:08)_fase3_medium_iter9,scorpius,ram,61.46,0.44
without-plugin,medium,15,without-plugin_medium_15,exp(08:13:08)_fase3_medium_iter9,scorpius,sd,0.0,0.0
without-plugin,medium,16,without-plugin_medium_16,exp(23:00:51)_fase3_medium_iter1,aspire,cpu,73.37,0.69
without-plugin,medium,16,without-plugin_medium_16,exp(23:00:51)_fase3_medium_iter1,aspire,nic,0.34,0.0
without-plugin,medium,16,without-plugin_medium_16,exp(23:00:51)_fase3_medium_iter1,aspire,ram,54.11,0.39
without-plugin,medium,16,without-plugin_medium_16,exp(23:00:51)_fase3_medium_iter1,aspire,sd,3.49,0.02
without-plugin,medium,16,without-plugin_medium_16,exp(23:00:51)_fase3_medium_iter1,leo,cpu,103.16,0.97
without-plugin,medium,16,without-plugin_medium_16,exp(23:00:51)_fase3_medium_iter1,leo,nic,0.65,0.01
without-plugin,medium,16,without-plugin_medium_16,exp(23:00:51)_fase3_medium_iter1,leo,ram,32.94,0.24
without-plugin,medium,16,without-plugin_medium_16,exp(23:00:51)_fase3_medium_iter1,leo,sd,0.0,0.0
without-plugin,medium,16,without-plugin_medium_16,exp(23:00:51)_fase3_medium_iter1,nitro5,cpu,39.82,0.35
without-plugin,medium,16,without-plugin_medium_16,exp(23:00:51)_fase3_medium_iter1,nitro5,nic,1.17,0.01
without-plugin,medium,16,without-plugin_medium_16,exp(23:00:51)_fase3_medium_iter1,nitro5,ram,24.86,0.17
without-plugin,medium,16,without-plugin_medium_16,exp(23:00:51)_fase3_medium_iter1,nitro5,sd,10.76,0.07
without-plugin,medium,16,without-plugin_medium_16,exp(23:00:51)_fase3_medium_iter1,scorpius,cpu,97.53,0.89
without-plugin,medium,16,without-plugin_medium_16,exp(23:00:51)_fase3_medium_iter1,scorpius,nic,2.62,0.02
without-plugin,medium,16,without-plugin_medium_16,exp(23:00:51)_fase3_medium_iter1,scorpius,ram,108.13,0.77
without-plugin,medium,16,without-plugin_medium_16,exp(23:00:51)_fase3_medium_iter1,scorpius,sd,0.0,0.0
without-plugin,medium,17,without-plugin_medium_17,exp(23:36:51)_fase3_medium_iter1,aspire,cpu,215.42,2.22
without-plugin,medium,17,without-plugin_medium_17,exp(23:36:51)_fase3_medium_iter1,aspire,nic,0.18,0.0
without-plugin,medium,17,without-plugin_medium_17,exp(23:36:51)_fase3_medium_iter1,aspire,ram,208.08,1.52
without-plugin,medium,17,without-plugin_medium_17,exp(23:36:51)_fase3_medium_iter1,aspire,sd,40.94,0.28
without-plugin,medium,17,without-plugin_medium_17,exp(23:36:51)_fase3_medium_iter1,leo,cpu,199.99,1.85
without-plugin,medium,17,without-plugin_medium_17,exp(23:36:51)_fase3_medium_iter1,leo,nic,0.23,0.0
without-plugin,medium,17,without-plugin_medium_17,exp(23:36:51)_fase3_medium_iter1,leo,ram,58.03,0.41
without-plugin,medium,17,without-plugin_medium_17,exp(23:36:51)_fase3_medium_iter1,leo,sd,0.0,0.0
without-plugin,medium,17,without-plugin_medium_17,exp(23:36:51)_fase3_medium_iter1,nitro5,cpu,39.38,0.35
without-plugin,medium,17,without-plugin_medium_17,exp(23:36:51)_fase3_medium_iter1,nitro5,nic,0.07,0.0
without-plugin,medium,17,without-plugin_medium_17,exp(23:36:51)_fase3_medium_iter1,nitro5,ram,22.77,0.16
without-plugin,medium,17,without-plugin_medium_17,exp(23:36:51)_fase3_medium_iter1,nitro5,sd,12.55,0.09
without-plugin,medium,17,without-plugin_medium_17,exp(23:36:51)_fase3_medium_iter1,scorpius,cpu,41.57,0.38
without-plugin,medium,17,without-plugin_medium_17,exp(23:36:51)_fase3_medium_iter1,scorpius,nic,0.68,0.0
without-plugin,medium,17,without-plugin_medium_17,exp(23:36:51)_fase3_medium_iter1,scorpius,ram,37.73,0.27
without-plugin,medium,17,without-plugin_medium_17,exp(23:36:51)_fase3_medium_iter1,scorpius,sd,0.0,0.0
without-plugin,medium,18,without-plugin_medium_18,exp(23:43:10)_fase3_medium_iter2,aspire,cpu,279.87,3.25
without-plugin,medium,18,without-plugin_medium_18,exp(23:43:10)_fase3_medium_iter2,aspire,nic,0.23,0.0
without-plugin,medium,18,without-plugin_medium_18,exp(23:43:10)_fase3_medium_iter2,aspire,ram,339.14,2.49
without-plugin,medium,18,without-plugin_medium_18,exp(23:43:10)_fase3_medium_iter2,aspire,sd,551.15,3.8
without-plugin,medium,18,without-plugin_medium_18,exp(23:43:10)_fase3_medium_iter2,leo,cpu,332.06,2.99
without-plugin,medium,18,without-plugin_medium_18,exp(23:43:10)_fase3_medium_iter2,leo,nic,0.07,0.0
without-plugin,medium,18,without-plugin_medium_18,exp(23:43:10)_fase3_medium_iter2,leo,ram,90.89,0.65
without-plugin,medium,18,without-plugin_medium_18,exp(23:43:10)_fase3_medium_iter2,leo,sd,0.0,0.0
without-plugin,medium,18,without-plugin_medium_18,exp(23:43:10)_fase3_medium_iter2,nitro5,cpu,40.86,0.36
without-plugin,medium,18,without-plugin_medium_18,exp(23:43:10)_fase3_medium_iter2,nitro5,nic,1.03,0.01
without-plugin,medium,18,without-plugin_medium_18,exp(23:43:10)_fase3_medium_iter2,nitro5,ram,23.14,0.16
without-plugin,medium,18,without-plugin_medium_18,exp(23:43:10)_fase3_medium_iter2,nitro5,sd,10.02,0.07
without-plugin,medium,18,without-plugin_medium_18,exp(23:43:10)_fase3_medium_iter2,scorpius,cpu,27.93,0.26
without-plugin,medium,18,without-plugin_medium_18,exp(23:43:10)_fase3_medium_iter2,scorpius,nic,0.97,0.01
without-plugin,medium,18,without-plugin_medium_18,exp(23:43:10)_fase3_medium_iter2,scorpius,ram,25.37,0.18
without-plugin,medium,18,without-plugin_medium_18,exp(23:43:10)_fase3_medium_iter2,scorpius,sd,0.0,0.0
