========================================
🔬 EXPERIMENTO: 2 iteraciones por escenario
   Escenarios: 3
   Total ejecuciones: 6
   Inicio: 2026-02-20 10:41:09
========================================

########################################################
🔄 ESCENARIO: low | ITERACIÓN: 1 / 2
   Hora: 10:41:09
########################################################
========================================
🔋 FASE 1: Descarga de imágenes (low, iter 1)
========================================
📋 Capturando PIDs (gepidstea.sh)...
📋 Capturando PIDs de contenedores (kpsnodos.sh)...
🔋 [10:41:34] Iniciando medición de energía: fase1_descarga_low_iter1 (25s)
   PID de medición: 1931280
🚀 Desplegando TeaStore desde /home/luish/Documents/death/teastore/TeaStore/examples/kubernetes/teastore-energy-scheduler.yaml...
========================================
🔋 MEASURE ENERGY - Fase: fase1_descarga_low_iter1
   Duración: 25s
   PID: 1931280
========================================
=== Medición bloque 25s - Fase: fase1_descarga_low_iter1 ===
[⏱ 10:41:34] Iniciando ecofloc en nitro5 por 25s (fase: fase1_descarga_low_iter1)
⏳ Esperando a que todos los pods de TeaStore estén Running y Ready...
  ├─ [nitro5:sd] start 10:41:34
  ├─ [nitro5:ram] start 10:41:35
  ├─ [nitro5:nic] start 10:41:35
[⏱ 10:41:36] Iniciando ecofloc en aspire por 25s (fase: fase1_descarga_low_iter1)
  ├─ [nitro5:cpu] start 10:41:36
  ├─ [aspire:sd] start 10:41:36
  ├─ [aspire:ram] start 10:41:36
[⏱ 10:41:36] Iniciando ecofloc en scorpius por 25s (fase: fase1_descarga_low_iter1)
  ├─ [aspire:nic] start 10:41:36
  ├─ [aspire:cpu] start 10:41:36
  ├─ [scorpius:sd] start 10:41:36
  ├─ [scorpius:ram] start 10:41:36
[⏱ 10:41:36] Iniciando ecofloc en leo por 25s (fase: fase1_descarga_low_iter1)
  ├─ [scorpius:cpu] start 10:41:36
  ├─ [scorpius:nic] start 10:41:36
  ├─ [leo:ram] start 10:41:36
  ├─ [leo:sd] start 10:41:36
  ├─ [leo:nic] start 10:41:36
  ├─ [leo:cpu] start 10:41:36
  └─ [nitro5:sd] end 10:42:00
  └─ [nitro5:ram] end 10:42:00
  └─ [nitro5:nic] end 10:42:00
  └─ [nitro5:cpu] end 10:42:01
  └─ [scorpius:cpu] end 10:42:03
  └─ [scorpius:sd] end 10:42:03
  └─ [leo:sd] end 10:42:03
  └─ [leo:cpu] end 10:42:03
  └─ [scorpius:nic] end 10:42:04
  └─ [scorpius:ram] end 10:42:04
  └─ [leo:ram] end 10:42:04
  └─ [leo:nic] end 10:42:05
=== Bloque 25s terminado - Fase: fase1_descarga_low_iter1 ===
[🧹] Limpiando CSVs internos de ecofloc en cada nodo (fase: fase1_descarga_low_iter1)...
  ✔ [nitro5:cpu] limpiado /home/luish/Documents/p3/ecofloc2/ecofloc/ecofloc-cpu/ECOFLOC_CPU_COMM_text.csv
  ✔ [nitro5:nic] limpiado /home/luish/Documents/p3/ecofloc2/ecofloc/ecofloc-nic/ECOFLOC_NIC_COMM_text.csv
  ✔ [nitro5:ram] limpiado /home/luish/Documents/p3/ecofloc2/ecofloc/ecofloc-ram/ECOFLOC_RAM_COMM_text.csv
  ✔ [nitro5:sd] limpiado /home/luish/Documents/p3/ecofloc2/ecofloc/ecofloc-sd/ECOFLOC_SD_COMM_text.csv
  ✔ [leo:cpu] limpiado /home/leo/ecofloc/ecofloc-cpu/ECOFLOC_CPU_COMM_text.csv
  ✔ [leo:nic] limpiado /home/leo/ecofloc/ecofloc-nic/ECOFLOC_NIC_COMM_text.csv
  ✔ [leo:ram] limpiado /home/leo/ecofloc/ecofloc-ram/ECOFLOC_RAM_COMM_text.csv
  ✔ [leo:sd] limpiado /home/leo/ecofloc/ecofloc-sd/ECOFLOC_SD_COMM_text.csv
ssh: connect to host luish-aspire-a315-55g port 22: No route to host
⚠️ Algunos pods aún no están listos. Estado actual:
NAME                                    READY   STATUS    RESTARTS   AGE   IP       NODE     NOMINATED NODE   READINESS GATES
teastore-auth-7f45dc5b78-xdgrm          0/1     Pending   0          2m    <none>   <none>   <none>           <none>
teastore-db-7fbd65fffc-xwbjh            0/1     Pending   0          2m    <none>   <none>   <none>           <none>
teastore-image-d667f788f-7wj9d          0/1     Pending   0          2m    <none>   <none>   <none>           <none>
teastore-persistence-78457db6cd-m2fl4   0/1     Pending   0          2m    <none>   <none>   <none>           <none>
teastore-recommender-74b77f5cd9-bkx4t   0/1     Pending   0          2m    <none>   <none>   <none>           <none>
teastore-registry-5ff566bd59-m7mm7      0/1     Pending   0          2m    <none>   <none>   <none>           <none>
teastore-webui-6dc474c7f8-rmx2r         0/1     Pending   0          2m    <none>   <none>   <none>           <none>
🔁 Reintentando espera...
⚠️ Algunos pods aún no están listos. Estado actual:
NAME                                    READY   STATUS              RESTARTS   AGE   IP       NODE                   NOMINATED NODE   READINESS GATES
teastore-auth-7f45dc5b78-xdgrm          0/1     Pending             0          4m    <none>   scorpius03             <none>           <none>
teastore-db-7fbd65fffc-xwbjh            0/1     Pending             0          4m    <none>   scorpius03             <none>           <none>
teastore-image-d667f788f-7wj9d          0/1     Pending             0          4m    <none>   scorpius03             <none>           <none>
teastore-persistence-78457db6cd-m2fl4   0/1     Pending             0          4m    <none>   scorpius03             <none>           <none>
teastore-recommender-74b77f5cd9-bkx4t   0/1     Pending             0          4m    <none>   scorpius03             <none>           <none>
teastore-registry-5ff566bd59-m7mm7      0/1     Pending             0          4m    <none>   scorpius03             <none>           <none>
teastore-webui-6dc474c7f8-rmx2r         0/1     ContainerCreating   0          4m    <none>   luish-nitro-an515-57   <none>           <none>
🔁 Reintentando espera...
⚠️ Algunos pods aún no están listos. Estado actual:
NAME                                    READY   STATUS              RESTARTS   AGE   IP             NODE                   NOMINATED NODE   READINESS GATES
teastore-auth-7f45dc5b78-xdgrm          1/1     Running             0          6m    172.16.91.33   scorpius03             <none>           <none>
teastore-db-7fbd65fffc-xwbjh            1/1     Running             0          6m    172.16.91.32   scorpius03             <none>           <none>
teastore-image-d667f788f-7wj9d          1/1     Running             0          6m    172.16.91.34   scorpius03             <none>           <none>
teastore-persistence-78457db6cd-m2fl4   1/1     Running             0          6m    172.16.91.37   scorpius03             <none>           <none>
teastore-recommender-74b77f5cd9-bkx4t   1/1     Running             0          6m    172.16.91.35   scorpius03             <none>           <none>
teastore-registry-5ff566bd59-m7mm7      1/1     Running             0          6m    172.16.91.36   scorpius03             <none>           <none>
teastore-webui-6dc474c7f8-rmx2r         0/1     ContainerCreating   0          6m    <none>         luish-nitro-an515-57   <none>           <none>
🔁 Reintentando espera...
✅ Pods listos.
⏳ [10:47:42] Esperando que termine medición: fase1_descarga_low_iter1 (PID: 1931280)
✔️ [10:47:42] Medición fase1_descarga_low_iter1 completada
[📦] Archivando resultados → ./historyexecutions/exp(10:47:47)_fase1_low_iter1
[✔] Archivado: ./historyexecutions/exp(10:47:47)_fase1_low_iter1
========================================
🔋 FASE 2: Preparación de servicios (low, iter 1)
========================================
📋 Capturando PIDs (gepidstea.sh)...
📋 Capturando PIDs de contenedores (kpsnodos.sh)...
🔋 [10:48:07] Iniciando medición de energía: fase2_preparacion_low_iter1 (50s)
   PID de medición: 2001715
========================================
🔋 MEASURE ENERGY - Fase: fase2_preparacion_low_iter1
   Duración: 50s
   PID: 2001715
========================================
=== Medición bloque 50s - Fase: fase2_preparacion_low_iter1 ===
[⏱ 10:48:07] Iniciando ecofloc en nitro5 por 50s (fase: fase2_preparacion_low_iter1)
⏳ Esperando 10s a que CoreDNS se estabilice...
  ├─ [nitro5:sd] start 10:48:07
  ├─ [nitro5:ram] start 10:48:08
  ├─ [nitro5:nic] start 10:48:08
[⏱ 10:48:08] Iniciando ecofloc en aspire por 50s (fase: fase2_preparacion_low_iter1)
  ├─ [nitro5:cpu] start 10:48:08
  ├─ [aspire:sd] start 10:48:08
  ├─ [aspire:ram] start 10:48:08
[⏱ 10:48:08] Iniciando ecofloc en scorpius por 50s (fase: fase2_preparacion_low_iter1)
  ├─ [aspire:nic] start 10:48:08
  ├─ [aspire:cpu] start 10:48:08
  ├─ [scorpius:sd] start 10:48:08
  ├─ [scorpius:ram] start 10:48:08
  ├─ [scorpius:nic] start 10:48:08
[⏱ 10:48:08] Iniciando ecofloc en leo por 50s (fase: fase2_preparacion_low_iter1)
  ├─ [scorpius:cpu] start 10:48:08
  ├─ [leo:ram] start 10:48:08
  ├─ [leo:sd] start 10:48:08
  ├─ [leo:cpu] start 10:48:08
  ├─ [leo:nic] start 10:48:08
➡️ Pod WebUI: teastore-webui-6dc474c7f8-rmx2r
➡️ Está en el nodo: luish-nitro-an515-57
🌐 IP del nodo WebUI: 192.168.18.27
⏳ Verificando estado del TeaStore en http://192.168.18.27:30080/tools.descartes.teastore.webui/status ...
   ➤ Estado actual: 5 / 5 servicios OK
✔ TODOS los servicios del TeaStore están OK. Continuando...
⏳ [10:48:28] Esperando que termine medición: fase2_preparacion_low_iter1 (PID: 2001715)
  └─ [nitro5:sd] end 10:48:57
  └─ [nitro5:ram] end 10:48:58
  └─ [nitro5:nic] end 10:48:58
  └─ [nitro5:cpu] end 10:48:58
  └─ [aspire:sd] end 10:48:59
  └─ [aspire:cpu] end 10:48:59
  └─ [aspire:nic] end 10:49:00
  └─ [leo:sd] end 10:49:01
  └─ [leo:nic] end 10:49:02
  └─ [aspire:ram] end 10:49:02
  └─ [scorpius:sd] end 10:49:03
  └─ [leo:cpu] end 10:49:03
  └─ [scorpius:nic] end 10:49:03
  └─ [scorpius:ram] end 10:49:03
  └─ [leo:ram] end 10:49:03
  └─ [scorpius:cpu] end 10:49:04
=== Bloque 50s terminado - Fase: fase2_preparacion_low_iter1 ===
[🧹] Limpiando CSVs internos de ecofloc en cada nodo (fase: fase2_preparacion_low_iter1)...
  ✔ [nitro5:cpu] limpiado /home/luish/Documents/p3/ecofloc2/ecofloc/ecofloc-cpu/ECOFLOC_CPU_COMM_text.csv
  ✔ [nitro5:nic] limpiado /home/luish/Documents/p3/ecofloc2/ecofloc/ecofloc-nic/ECOFLOC_NIC_COMM_text.csv
  ✔ [nitro5:ram] limpiado /home/luish/Documents/p3/ecofloc2/ecofloc/ecofloc-ram/ECOFLOC_RAM_COMM_text.csv
  ✔ [nitro5:sd] limpiado /home/luish/Documents/p3/ecofloc2/ecofloc/ecofloc-sd/ECOFLOC_SD_COMM_text.csv
  ✔ [leo:cpu] limpiado /home/leo/ecofloc/ecofloc-cpu/ECOFLOC_CPU_COMM_text.csv
  ✔ [leo:nic] limpiado /home/leo/ecofloc/ecofloc-nic/ECOFLOC_NIC_COMM_text.csv
  ✔ [leo:ram] limpiado /home/leo/ecofloc/ecofloc-ram/ECOFLOC_RAM_COMM_text.csv
  ✔ [leo:sd] limpiado /home/leo/ecofloc/ecofloc-sd/ECOFLOC_SD_COMM_text.csv
  ✔ [aspire:cpu] limpiado /home/luish/Documents/p3/ecofloc2/ecofloc/ecofloc-cpu/ECOFLOC_CPU_COMM_text.csv
  ✔ [aspire:nic] limpiado /home/luish/Documents/p3/ecofloc2/ecofloc/ecofloc-nic/ECOFLOC_NIC_COMM_text.csv
  ✔ [aspire:ram] limpiado /home/luish/Documents/p3/ecofloc2/ecofloc/ecofloc-ram/ECOFLOC_RAM_COMM_text.csv
  ✔ [aspire:sd] limpiado /home/luish/Documents/p3/ecofloc2/ecofloc/ecofloc-sd/ECOFLOC_SD_COMM_text.csv
  ✔ [scorpius:cpu] limpiado /home/scorpius03/Documents/ecofloc/ecofloc-cpu/ECOFLOC_CPU_COMM_text.csv
  ✔ [scorpius:nic] limpiado /home/scorpius03/Documents/ecofloc/ecofloc-nic/ECOFLOC_NIC_COMM_text.csv
  ✔ [scorpius:ram] limpiado /home/scorpius03/Documents/ecofloc/ecofloc-ram/ECOFLOC_RAM_COMM_text.csv
  ✔ [scorpius:sd] limpiado /home/scorpius03/Documents/ecofloc/ecofloc-sd/ECOFLOC_SD_COMM_text.csv
========================================
🔋 MEASURE ENERGY FINALIZADO
   Fase: fase2_preparacion_low_iter1
========================================
✔️ [10:49:11] Medición fase2_preparacion_low_iter1 completada
[📦] Archivando resultados → ./historyexecutions/exp(10:49:16)_fase2_low_iter1
[✔] Archivado: ./historyexecutions/exp(10:49:16)_fase2_low_iter1
========================================
🔋 FASE 3: Ejecución de carga (low, iter 1)
========================================
📋 Capturando PIDs (gepidstea.sh)...
📋 Capturando PIDs de contenedores (kpsnodos.sh)...
🔋 [10:49:37] Iniciando medición de energía: fase3_carga_low_iter1 (145s)
   PID de medición: 2136800
=== Escenario low (iter 1) ===
========================================
🔋 MEASURE ENERGY - Fase: fase3_carga_low_iter1
   Duración: 145s
   PID: 2136800
========================================
=== Medición bloque 145s - Fase: fase3_carga_low_iter1 ===
🚀 Iniciando LIMBO con profile=/home/luish/Documents/death/teastore/TeaStore/examples/httploadgenerator/increasingLowIntensity.csv y script=/home/luish/Documents/death/teastore/TeaStore/examples/httploadgenerator/teastore_buy.lua
[⏱ 10:49:37] Iniciando ecofloc en nitro5 por 145s (fase: fase3_carga_low_iter1)
Feb 20, 2026 10:49:37 AM tools.descartes.dlim.httploadgenerator.runner.Director executeDirector
WARNING: No power measurements
Feb 20, 2026 10:49:37 AM tools.descartes.dlim.httploadgenerator.runner.Director executeDirector
INFO: Load Generator Thread Count set to 128
Feb 20, 2026 10:49:37 AM tools.descartes.dlim.httploadgenerator.runner.Director executeDirector
INFO: URL connection timout set to 10000 ms
Feb 20, 2026 10:49:37 AM tools.descartes.dlim.httploadgenerator.runner.Director executeDirector
INFO: Using Lua Script: /home/luish/Documents/death/teastore/TeaStore/examples/httploadgenerator/teastore_buy.lua
Feb 20, 2026 10:49:37 AM tools.descartes.dlim.httploadgenerator.runner.Director process
INFO: Read 120 Arrival Rate Tuples
Load Generator sent: ok
Feb 20, 2026 10:49:37 AM tools.descartes.dlim.httploadgenerator.runner.Director process
INFO: Arrival Rates sent to Load Generator(s).
Load Generator sent: ok
Feb 20, 2026 10:49:37 AM tools.descartes.dlim.httploadgenerator.runner.Director process
INFO: Thread Count sent to Load Generator(s): 128
Load Generator sent: ok
Feb 20, 2026 10:49:37 AM tools.descartes.dlim.httploadgenerator.runner.Director process
INFO: URL connection timeout sent to Load Generator(s): 10000
Load Generator sent: ok
Feb 20, 2026 10:49:37 AM tools.descartes.dlim.httploadgenerator.runner.Director process
INFO: Contents of script sent to Load Generator: /home/luish/Documents/death/teastore/TeaStore/examples/httploadgenerator/teastore_buy.lua
Feb 20, 2026 10:49:37 AM tools.descartes.dlim.httploadgenerator.runner.Director process
INFO: Starting Load Generation
Beginning Run @1771602577493(20.02.2026;10:49:37493)
  ├─ [nitro5:sd] start 10:49:37
Target Time = 0.5; Load Intensity = 0.0; #Success = 0; #Failed = 0; #Dropped = 0
  ├─ [nitro5:ram] start 10:49:38
  ├─ [nitro5:nic] start 10:49:38
[⏱ 10:49:38] Iniciando ecofloc en aspire por 145s (fase: fase3_carga_low_iter1)
  ├─ [nitro5:cpu] start 10:49:38
  ├─ [aspire:sd] start 10:49:38
  ├─ [aspire:ram] start 10:49:38
  ├─ [aspire:nic] start 10:49:38
[⏱ 10:49:38] Iniciando ecofloc en scorpius por 145s (fase: fase3_carga_low_iter1)
  ├─ [aspire:cpu] start 10:49:38
  ├─ [scorpius:sd] start 10:49:38
  ├─ [scorpius:ram] start 10:49:38
  ├─ [scorpius:nic] start 10:49:38
[⏱ 10:49:38] Iniciando ecofloc en leo por 145s (fase: fase3_carga_low_iter1)
  ├─ [scorpius:cpu] start 10:49:38
  ├─ [leo:sd] start 10:49:38
  ├─ [leo:ram] start 10:49:38
  ├─ [leo:nic] start 10:49:38
  ├─ [leo:cpu] start 10:49:38
Target Time = 1.5; Load Intensity = 1.0; #Success = 0; #Failed = 0; #Dropped = 0
Target Time = 2.5; Load Intensity = 2.0; #Success = 0; #Failed = 0; #Dropped = 0
Target Time = 3.5; Load Intensity = 2.0; #Success = 0; #Failed = 0; #Dropped = 0
Target Time = 4.5; Load Intensity = 3.0; #Success = 8; #Failed = 0; #Dropped = 0
Target Time = 5.5; Load Intensity = 4.0; #Success = 4; #Failed = 0; #Dropped = 0
Target Time = 6.5; Load Intensity = 5.0; #Success = 5; #Failed = 0; #Dropped = 0
Target Time = 7.5; Load Intensity = 6.0; #Success = 6; #Failed = 0; #Dropped = 0
Target Time = 8.5; Load Intensity = 7.0; #Success = 7; #Failed = 0; #Dropped = 0
Target Time = 9.5; Load Intensity = 7.0; #Success = 7; #Failed = 0; #Dropped = 0
Target Time = 10.5; Load Intensity = 8.0; #Success = 7; #Failed = 0; #Dropped = 0
Target Time = 11.5; Load Intensity = 9.0; #Success = 10; #Failed = 0; #Dropped = 0
Target Time = 12.5; Load Intensity = 10.0; #Success = 10; #Failed = 0; #Dropped = 0
Target Time = 13.5; Load Intensity = 11.0; #Success = 9; #Failed = 0; #Dropped = 0
Target Time = 14.5; Load Intensity = 12.0; #Success = 13; #Failed = 0; #Dropped = 0
Target Time = 15.5; Load Intensity = 12.0; #Success = 13; #Failed = 0; #Dropped = 0
Target Time = 16.5; Load Intensity = 13.0; #Success = 12; #Failed = 0; #Dropped = 0
Target Time = 17.5; Load Intensity = 14.0; #Success = 15; #Failed = 0; #Dropped = 0
Target Time = 18.5; Load Intensity = 15.0; #Success = 15; #Failed = 0; #Dropped = 0
Target Time = 19.5; Load Intensity = 16.0; #Success = 15; #Failed = 0; #Dropped = 0
Target Time = 20.5; Load Intensity = 17.0; #Success = 4; #Failed = 0; #Dropped = 0
Target Time = 21.5; Load Intensity = 17.0; #Success = 2; #Failed = 0; #Dropped = 0
Target Time = 22.5; Load Intensity = 18.0; #Success = 2; #Failed = 0; #Dropped = 0
Target Time = 23.5; Load Intensity = 19.0; #Success = 1; #Failed = 0; #Dropped = 0
Target Time = 24.5; Load Intensity = 20.0; #Success = 3; #Failed = 0; #Dropped = 0
Target Time = 25.5; Load Intensity = 21.0; #Success = 4; #Failed = 2; #Dropped = 0
Target Time = 26.5; Load Intensity = 22.0; #Success = 1; #Failed = 7; #Dropped = 0
Target Time = 27.5; Load Intensity = 22.0; #Success = 6; #Failed = 10; #Dropped = 0
Target Time = 28.5; Load Intensity = 23.0; #Success = 8; #Failed = 12; #Dropped = 0
Target Time = 29.5; Load Intensity = 24.0; #Success = 70; #Failed = 0; #Dropped = 0
Target Time = 30.5; Load Intensity = 25.0; #Success = 0; #Failed = 0; #Dropped = 0
Target Time = 31.5; Load Intensity = 26.0; #Success = 2; #Failed = 0; #Dropped = 0
Target Time = 32.5; Load Intensity = 27.0; #Success = 14; #Failed = 0; #Dropped = 0
Target Time = 33.5; Load Intensity = 27.0; #Success = 22; #Failed = 0; #Dropped = 0
Target Time = 34.5; Load Intensity = 28.0; #Success = 22; #Failed = 0; #Dropped = 0
Target Time = 35.5; Load Intensity = 29.0; #Success = 27; #Failed = 0; #Dropped = 0
Target Time = 36.5; Load Intensity = 30.0; #Success = 24; #Failed = 0; #Dropped = 0
Target Time = 37.5; Load Intensity = 31.0; #Success = 1; #Failed = 0; #Dropped = 0
Target Time = 38.5; Load Intensity = 32.0; #Success = 6; #Failed = 0; #Dropped = 0
Target Time = 39.5; Load Intensity = 32.0; #Success = 6; #Failed = 0; #Dropped = 0
Target Time = 40.5; Load Intensity = 33.0; #Success = 0; #Failed = 0; #Dropped = 0
Target Time = 41.5; Load Intensity = 34.0; #Success = 4; #Failed = 0; #Dropped = 0
Target Time = 42.5; Load Intensity = 35.0; #Success = 18; #Failed = 0; #Dropped = 0
Target Time = 43.5; Load Intensity = 36.0; #Success = 23; #Failed = 0; #Dropped = 0
Target Time = 44.5; Load Intensity = 37.0; #Success = 22; #Failed = 0; #Dropped = 0
Target Time = 45.5; Load Intensity = 37.0; #Success = 26; #Failed = 0; #Dropped = 0
Target Time = 46.5; Load Intensity = 38.0; #Success = 20; #Failed = 2; #Dropped = 0
Target Time = 47.5; Load Intensity = 39.0; #Success = 1; #Failed = 0; #Dropped = 0
Target Time = 48.5; Load Intensity = 40.0; #Success = 6; #Failed = 0; #Dropped = 0
Target Time = 49.5; Load Intensity = 41.0; #Success = 2; #Failed = 0; #Dropped = 0
Target Time = 50.5; Load Intensity = 42.0; #Success = 4; #Failed = 0; #Dropped = 0
Target Time = 51.5; Load Intensity = 42.0; #Success = 4; #Failed = 0; #Dropped = 42
Target Time = 52.5; Load Intensity = 43.0; #Success = 18; #Failed = 0; #Dropped = 10
Target Time = 53.5; Load Intensity = 44.0; #Success = 23; #Failed = 8; #Dropped = 24
Target Time = 54.5; Load Intensity = 45.0; #Success = 16; #Failed = 4; #Dropped = 0
Target Time = 55.5; Load Intensity = 46.0; #Success = 20; #Failed = 0; #Dropped = 19
Target Time = 56.5; Load Intensity = 47.0; #Success = 22; #Failed = 0; #Dropped = 22
Target Time = 57.5; Load Intensity = 47.0; #Success = 1; #Failed = 0; #Dropped = 13
Target Time = 58.5; Load Intensity = 48.0; #Success = 6; #Failed = 1; #Dropped = 59
Target Time = 59.5; Load Intensity = 49.0; #Success = 2; #Failed = 0; #Dropped = 27
Target Time = 60.5; Load Intensity = 50.0; #Success = 4; #Failed = 1; #Dropped = 16
Target Time = 61.5; Load Intensity = 51.0; #Success = 3; #Failed = 0; #Dropped = 68
Target Time = 62.5; Load Intensity = 52.0; #Success = 18; #Failed = 0; #Dropped = 16
Target Time = 63.5; Load Intensity = 52.0; #Success = 31; #Failed = 0; #Dropped = 32
Target Time = 64.5; Load Intensity = 53.0; #Success = 20; #Failed = 0; #Dropped = 9
Target Time = 65.5; Load Intensity = 54.0; #Success = 20; #Failed = 0; #Dropped = 27
Target Time = 66.5; Load Intensity = 55.0; #Success = 19; #Failed = 0; #Dropped = 31
Target Time = 67.5; Load Intensity = 56.0; #Success = 3; #Failed = 0; #Dropped = 0
Target Time = 68.5; Load Intensity = 57.0; #Success = 7; #Failed = 0; #Dropped = 91
Target Time = 69.5; Load Intensity = 57.0; #Success = 3; #Failed = 0; #Dropped = 45
Target Time = 70.5; Load Intensity = 58.0; #Success = 4; #Failed = 0; #Dropped = 10
Target Time = 71.5; Load Intensity = 59.0; #Success = 2; #Failed = 0; #Dropped = 74
Target Time = 72.5; Load Intensity = 60.0; #Success = 19; #Failed = 0; #Dropped = 35
Target Time = 73.5; Load Intensity = 61.0; #Success = 31; #Failed = 0; #Dropped = 39
Target Time = 74.5; Load Intensity = 62.0; #Success = 20; #Failed = 0; #Dropped = 18
Target Time = 75.5; Load Intensity = 62.0; #Success = 20; #Failed = 0; #Dropped = 38
Target Time = 76.5; Load Intensity = 63.0; #Success = 21; #Failed = 0; #Dropped = 38
Target Time = 77.5; Load Intensity = 64.0; #Success = 1; #Failed = 0; #Dropped = 0
Target Time = 78.5; Load Intensity = 65.0; #Success = 7; #Failed = 0; #Dropped = 106
Target Time = 79.5; Load Intensity = 66.0; #Success = 2; #Failed = 3; #Dropped = 49
Target Time = 80.5; Load Intensity = 67.0; #Success = 5; #Failed = 106; #Dropped = 0
Target Time = 81.5; Load Intensity = 67.0; #Success = 3; #Failed = 6; #Dropped = 3
Target Time = 82.5; Load Intensity = 68.0; #Success = 1; #Failed = 25; #Dropped = 49
Target Time = 83.5; Load Intensity = 69.0; #Success = 0; #Failed = 92; #Dropped = 0
Target Time = 84.5; Load Intensity = 70.0; #Success = 0; #Failed = 6; #Dropped = 13
Target Time = 85.5; Load Intensity = 71.0; #Success = 0; #Failed = 1; #Dropped = 10
Target Time = 86.5; Load Intensity = 72.0; #Success = 0; #Failed = 110; #Dropped = 36
Target Time = 87.5; Load Intensity = 72.0; #Success = 0; #Failed = 2; #Dropped = 0
Target Time = 88.5; Load Intensity = 73.0; #Success = 0; #Failed = 8; #Dropped = 37
Target Time = 89.5; Load Intensity = 74.0; #Success = 0; #Failed = 110; #Dropped = 38
Target Time = 90.5; Load Intensity = 75.0; #Success = 0; #Failed = 5; #Dropped = 7
Target Time = 91.5; Load Intensity = 76.0; #Success = 0; #Failed = 8; #Dropped = 70
Target Time = 92.5; Load Intensity = 77.0; #Success = 0; #Failed = 112; #Dropped = 0
Target Time = 93.5; Load Intensity = 77.0; #Success = 0; #Failed = 8; #Dropped = 26
Target Time = 94.5; Load Intensity = 78.0; #Success = 0; #Failed = 0; #Dropped = 0
Target Time = 95.5; Load Intensity = 79.0; #Success = 0; #Failed = 0; #Dropped = 0
  └─ [aspire:nic] end 10:51:14
Target Time = 96.5; Load Intensity = 80.0; #Success = 0; #Failed = 0; #Dropped = 0
Target Time = 97.5; Load Intensity = 81.0; #Success = 0; #Failed = 0; #Dropped = 0
Target Time = 98.5; Load Intensity = 82.0; #Success = 1; #Failed = 0; #Dropped = 303
Target Time = 99.5; Load Intensity = 82.0; #Success = 0; #Failed = 0; #Dropped = 0
Target Time = 100.5; Load Intensity = 83.0; #Success = 4; #Failed = 1; #Dropped = 183
Target Time = 101.5; Load Intensity = 84.0; #Success = 2; #Failed = 0; #Dropped = 80
Target Time = 102.5; Load Intensity = 85.0; #Success = 111; #Failed = 4; #Dropped = 9
Target Time = 103.5; Load Intensity = 86.0; #Success = 2; #Failed = 1; #Dropped = 0
Target Time = 104.5; Load Intensity = 87.0; #Success = 3; #Failed = 0; #Dropped = 27
Target Time = 105.5; Load Intensity = 87.0; #Success = 0; #Failed = 68; #Dropped = 134
Target Time = 106.5; Load Intensity = 88.0; #Success = 0; #Failed = 1; #Dropped = 0
Target Time = 107.5; Load Intensity = 89.0; #Success = 0; #Failed = 13; #Dropped = 78
Target Time = 108.5; Load Intensity = 90.0; #Success = 0; #Failed = 71; #Dropped = 71
Target Time = 109.5; Load Intensity = 91.0; #Success = 0; #Failed = 3; #Dropped = 33
Target Time = 110.5; Load Intensity = 92.0; #Success = 0; #Failed = 2; #Dropped = 78
Target Time = 111.5; Load Intensity = 92.0; #Success = 0; #Failed = 0; #Dropped = 0
Target Time = 112.5; Load Intensity = 93.0; #Success = 1; #Failed = 0; #Dropped = 102
Target Time = 113.5; Load Intensity = 94.0; #Success = 3; #Failed = 0; #Dropped = 120
Target Time = 114.5; Load Intensity = 95.0; #Success = 0; #Failed = 0; #Dropped = 0
Target Time = 115.5; Load Intensity = 96.0; #Success = 34; #Failed = 0; #Dropped = 173
Target Time = 116.5; Load Intensity = 97.0; #Success = 1; #Failed = 0; #Dropped = 54
Target Time = 117.5; Load Intensity = 97.0; #Success = 13; #Failed = 0; #Dropped = 77
Target Time = 118.5; Load Intensity = 98.0; #Success = 71; #Failed = 0; #Dropped = 77
Target Time = 119.5; Load Intensity = 99.0; #Success = 3; #Failed = 0; #Dropped = 55
Target Time = 120.5; Load Intensity = 0.0; #Success = 2; #Failed = 0; #Dropped = 82
Target Time = 121.5; Load Intensity = 0.0; #Success = 0; #Failed = 0; #Dropped = 0
Target Time = 122.5; Load Intensity = 0.0; #Success = 1; #Failed = 0; #Dropped = 121
Target Time = 123.5; Load Intensity = 0.0; #Success = 3; #Failed = 0; #Dropped = 130
Target Time = 124.5; Load Intensity = 0.0; #Success = 0; #Failed = 43; #Dropped = 70
Target Time = 125.5; Load Intensity = 0.0; #Success = 0; #Failed = 0; #Dropped = 0
Target Time = 126.5; Load Intensity = 0.0; #Success = 0; #Failed = 0; #Dropped = 0
Target Time = 127.5; Load Intensity = 0.0; #Success = 6; #Failed = 91; #Dropped = 248
Target Time = 128.5; Load Intensity = 0.0; #Success = 23; #Failed = 4; #Dropped = 31
Target Time = 129.5; Load Intensity = 0.0; #Success = 0; #Failed = 0; #Dropped = 0
Target Time = 130.5; Load Intensity = 0.0; #Success = 2; #Failed = 66; #Dropped = 111
Target Time = 131.5; Load Intensity = 0.0; #Success = 0; #Failed = 21; #Dropped = 0
Target Time = 132.5; Load Intensity = 0.0; #Success = 0; #Failed = 0; #Dropped = 0
Target Time = 133.5; Load Intensity = 0.0; #Success = 2; #Failed = 0; #Dropped = 0
Target Time = 134.5; Load Intensity = 0.0; #Success = 0; #Failed = 0; #Dropped = 0
Target Time = 135.5; Load Intensity = 0.0; #Success = 0; #Failed = 0; #Dropped = 0
Target Time = 136.5; Load Intensity = 0.0; #Success = 0; #Failed = 23; #Dropped = 0
Target Time = 137.5; Load Intensity = 0.0; #Success = 8; #Failed = 0; #Dropped = 0
Target Time = 138.5; Load Intensity = 0.0; #Success = 6; #Failed = 0; #Dropped = 0
Workload finished.
Log finished.
📄 LIMBO finalizado para scenario=low
⏳ [10:52:01] Esperando que termine medición: fase3_carga_low_iter1 (PID: 2136800)
  └─ [nitro5:sd] end 10:52:02
  └─ [nitro5:ram] end 10:52:03
  └─ [nitro5:nic] end 10:52:03
  └─ [nitro5:cpu] end 10:52:03
  └─ [scorpius:sd] end 10:52:06
  └─ [leo:nic] end 10:52:06
  └─ [scorpius:cpu] end 10:52:07
  └─ [leo:sd] end 10:52:07
  └─ [aspire:cpu] end 10:52:07
  └─ [aspire:sd] end 10:52:08
  └─ [leo:cpu] end 10:52:09
  └─ [scorpius:nic] end 10:52:10
  └─ [leo:ram] end 10:52:11
  └─ [scorpius:ram] end 10:52:12
  └─ [aspire:ram] end 10:52:12
=== Bloque 145s terminado - Fase: fase3_carga_low_iter1 ===
[🧹] Limpiando CSVs internos de ecofloc en cada nodo (fase: fase3_carga_low_iter1)...
  ✔ [nitro5:cpu] limpiado /home/luish/Documents/p3/ecofloc2/ecofloc/ecofloc-cpu/ECOFLOC_CPU_COMM_text.csv
  ✔ [nitro5:nic] limpiado /home/luish/Documents/p3/ecofloc2/ecofloc/ecofloc-nic/ECOFLOC_NIC_COMM_text.csv
  ✔ [nitro5:ram] limpiado /home/luish/Documents/p3/ecofloc2/ecofloc/ecofloc-ram/ECOFLOC_RAM_COMM_text.csv
  ✔ [nitro5:sd] limpiado /home/luish/Documents/p3/ecofloc2/ecofloc/ecofloc-sd/ECOFLOC_SD_COMM_text.csv
  ✔ [leo:cpu] limpiado /home/leo/ecofloc/ecofloc-cpu/ECOFLOC_CPU_COMM_text.csv
  ✔ [leo:nic] limpiado /home/leo/ecofloc/ecofloc-nic/ECOFLOC_NIC_COMM_text.csv
  ✔ [leo:ram] limpiado /home/leo/ecofloc/ecofloc-ram/ECOFLOC_RAM_COMM_text.csv
  ✔ [leo:sd] limpiado /home/leo/ecofloc/ecofloc-sd/ECOFLOC_SD_COMM_text.csv
  ✔ [aspire:cpu] limpiado /home/luish/Documents/p3/ecofloc2/ecofloc/ecofloc-cpu/ECOFLOC_CPU_COMM_text.csv
  ✔ [aspire:nic] limpiado /home/luish/Documents/p3/ecofloc2/ecofloc/ecofloc-nic/ECOFLOC_NIC_COMM_text.csv
  ✔ [aspire:ram] limpiado /home/luish/Documents/p3/ecofloc2/ecofloc/ecofloc-ram/ECOFLOC_RAM_COMM_text.csv
  ✔ [aspire:sd] limpiado /home/luish/Documents/p3/ecofloc2/ecofloc/ecofloc-sd/ECOFLOC_SD_COMM_text.csv
  ✔ [scorpius:cpu] limpiado /home/scorpius03/Documents/ecofloc/ecofloc-cpu/ECOFLOC_CPU_COMM_text.csv
  ✔ [scorpius:nic] limpiado /home/scorpius03/Documents/ecofloc/ecofloc-nic/ECOFLOC_NIC_COMM_text.csv
  ✔ [scorpius:ram] limpiado /home/scorpius03/Documents/ecofloc/ecofloc-ram/ECOFLOC_RAM_COMM_text.csv
  ✔ [scorpius:sd] limpiado /home/scorpius03/Documents/ecofloc/ecofloc-sd/ECOFLOC_SD_COMM_text.csv
========================================
🔋 MEASURE ENERGY FINALIZADO
   Fase: fase3_carga_low_iter1
========================================
✔️ [10:52:18] Medición fase3_carga_low_iter1 completada
[📦] Archivando resultados → ./historyexecutions/exp(10:52:23)_fase3_low_iter1
[✔] Archivado: ./historyexecutions/exp(10:52:23)_fase3_low_iter1
🧹 Limpiando TeaStore (iter 1)...
⏸ Esperando 15s para limpieza completa...
✅ Iteración 1 / 2 del escenario low completada.

########################################################
🔄 ESCENARIO: low | ITERACIÓN: 2 / 2
   Hora: 10:53:12
########################################################
========================================
🔋 FASE 1: Descarga de imágenes (low, iter 2)
========================================
📋 Capturando PIDs (gepidstea.sh)...
📋 Capturando PIDs de contenedores (kpsnodos.sh)...
🔋 [10:53:40] Iniciando medición de energía: fase1_descarga_low_iter2 (25s)
   PID de medición: 2543335
🚀 Desplegando TeaStore desde /home/luish/Documents/death/teastore/TeaStore/examples/kubernetes/teastore-energy-scheduler.yaml...
========================================
🔋 MEASURE ENERGY - Fase: fase1_descarga_low_iter2
   Duración: 25s
   PID: 2543335
========================================
=== Medición bloque 25s - Fase: fase1_descarga_low_iter2 ===
[⏱ 10:53:40] Iniciando ecofloc en nitro5 por 25s (fase: fase1_descarga_low_iter2)
⏳ Esperando a que todos los pods de TeaStore estén Running y Ready...
  ├─ [nitro5:sd] start 10:53:41
  ├─ [nitro5:ram] start 10:53:41
  ├─ [nitro5:nic] start 10:53:41
[⏱ 10:53:42] Iniciando ecofloc en aspire por 25s (fase: fase1_descarga_low_iter2)
  ├─ [nitro5:cpu] start 10:53:42
  ├─ [aspire:sd] start 10:53:42
  ├─ [aspire:ram] start 10:53:42
  ├─ [aspire:nic] start 10:53:42
[⏱ 10:53:42] Iniciando ecofloc en scorpius por 25s (fase: fase1_descarga_low_iter2)
  ├─ [aspire:cpu] start 10:53:42
  ├─ [scorpius:sd] start 10:53:42
  ├─ [scorpius:ram] start 10:53:42
  ├─ [scorpius:nic] start 10:53:42
[⏱ 10:53:42] Iniciando ecofloc en leo por 25s (fase: fase1_descarga_low_iter2)
  ├─ [scorpius:cpu] start 10:53:42
  ├─ [leo:sd] start 10:53:42
  ├─ [leo:nic] start 10:53:42
  ├─ [leo:cpu] start 10:53:42
  ├─ [leo:ram] start 10:53:42
✅ Pods listos.
⏳ [10:53:44] Esperando que termine medición: fase1_descarga_low_iter2 (PID: 2543335)
  └─ [nitro5:sd] end 10:54:06
  └─ [nitro5:ram] end 10:54:06
  └─ [nitro5:nic] end 10:54:06
  └─ [nitro5:cpu] end 10:54:07
  └─ [scorpius:sd] end 10:54:09
  └─ [aspire:cpu] end 10:54:10
  └─ [aspire:sd] end 10:54:11
  └─ [leo:sd] end 10:54:12
  └─ [aspire:nic] end 10:54:13
  └─ [aspire:ram] end 10:54:13
  └─ [leo:nic] end 10:54:13
  └─ [leo:ram] end 10:54:14
  └─ [leo:cpu] end 10:54:15
  └─ [scorpius:cpu] end 10:54:15
  └─ [scorpius:nic] end 10:54:15
=== Bloque 25s terminado - Fase: fase1_descarga_low_iter2 ===
[🧹] Limpiando CSVs internos de ecofloc en cada nodo (fase: fase1_descarga_low_iter2)...
  ✔ [nitro5:cpu] limpiado /home/luish/Documents/p3/ecofloc2/ecofloc/ecofloc-cpu/ECOFLOC_CPU_COMM_text.csv
  ✔ [nitro5:nic] limpiado /home/luish/Documents/p3/ecofloc2/ecofloc/ecofloc-nic/ECOFLOC_NIC_COMM_text.csv
  ✔ [nitro5:ram] limpiado /home/luish/Documents/p3/ecofloc2/ecofloc/ecofloc-ram/ECOFLOC_RAM_COMM_text.csv
  ✔ [nitro5:sd] limpiado /home/luish/Documents/p3/ecofloc2/ecofloc/ecofloc-sd/ECOFLOC_SD_COMM_text.csv
  ✔ [leo:cpu] limpiado /home/leo/ecofloc/ecofloc-cpu/ECOFLOC_CPU_COMM_text.csv
  ✔ [leo:nic] limpiado /home/leo/ecofloc/ecofloc-nic/ECOFLOC_NIC_COMM_text.csv
  ✔ [leo:ram] limpiado /home/leo/ecofloc/ecofloc-ram/ECOFLOC_RAM_COMM_text.csv
  ✔ [leo:sd] limpiado /home/leo/ecofloc/ecofloc-sd/ECOFLOC_SD_COMM_text.csv
  ✔ [aspire:cpu] limpiado /home/luish/Documents/p3/ecofloc2/ecofloc/ecofloc-cpu/ECOFLOC_CPU_COMM_text.csv
  ✔ [aspire:nic] limpiado /home/luish/Documents/p3/ecofloc2/ecofloc/ecofloc-nic/ECOFLOC_NIC_COMM_text.csv
  ✔ [aspire:ram] limpiado /home/luish/Documents/p3/ecofloc2/ecofloc/ecofloc-ram/ECOFLOC_RAM_COMM_text.csv
  ✔ [aspire:sd] limpiado /home/luish/Documents/p3/ecofloc2/ecofloc/ecofloc-sd/ECOFLOC_SD_COMM_text.csv
  ✔ [scorpius:cpu] limpiado /home/scorpius03/Documents/ecofloc/ecofloc-cpu/ECOFLOC_CPU_COMM_text.csv
  ✔ [scorpius:nic] limpiado /home/scorpius03/Documents/ecofloc/ecofloc-nic/ECOFLOC_NIC_COMM_text.csv
  ✔ [scorpius:ram] limpiado /home/scorpius03/Documents/ecofloc/ecofloc-ram/ECOFLOC_RAM_COMM_text.csv
  ✔ [scorpius:sd] limpiado /home/scorpius03/Documents/ecofloc/ecofloc-sd/ECOFLOC_SD_COMM_text.csv
========================================
🔋 MEASURE ENERGY FINALIZADO
   Fase: fase1_descarga_low_iter2
========================================
✔️ [10:54:22] Medición fase1_descarga_low_iter2 completada
[📦] Archivando resultados → ./historyexecutions/exp(10:54:27)_fase1_low_iter2
[✔] Archivado: ./historyexecutions/exp(10:54:27)_fase1_low_iter2
========================================
🔋 FASE 2: Preparación de servicios (low, iter 2)
========================================
📋 Capturando PIDs (gepidstea.sh)...
📋 Capturando PIDs de contenedores (kpsnodos.sh)...
🔋 [10:54:54] Iniciando medición de energía: fase2_preparacion_low_iter2 (50s)
   PID de medición: 2610673
========================================
🔋 MEASURE ENERGY - Fase: fase2_preparacion_low_iter2
   Duración: 50s
   PID: 2610673
========================================
=== Medición bloque 50s - Fase: fase2_preparacion_low_iter2 ===
[⏱ 10:54:54] Iniciando ecofloc en nitro5 por 50s (fase: fase2_preparacion_low_iter2)
⏳ Esperando 10s a que CoreDNS se estabilice...
  ├─ [nitro5:sd] start 10:54:55
  ├─ [nitro5:ram] start 10:54:55
  ├─ [nitro5:nic] start 10:54:55
[⏱ 10:54:56] Iniciando ecofloc en aspire por 50s (fase: fase2_preparacion_low_iter2)
  ├─ [nitro5:cpu] start 10:54:56
  ├─ [aspire:sd] start 10:54:56
  ├─ [aspire:ram] start 10:54:56
[⏱ 10:54:56] Iniciando ecofloc en scorpius por 50s (fase: fase2_preparacion_low_iter2)
  ├─ [aspire:nic] start 10:54:56
  ├─ [aspire:cpu] start 10:54:56
  ├─ [scorpius:sd] start 10:54:56
  ├─ [scorpius:ram] start 10:54:56
  ├─ [scorpius:nic] start 10:54:56
[⏱ 10:54:56] Iniciando ecofloc en leo por 50s (fase: fase2_preparacion_low_iter2)
  ├─ [scorpius:cpu] start 10:54:56
  ├─ [leo:sd] start 10:54:56
  ├─ [leo:ram] start 10:54:56
  ├─ [leo:nic] start 10:54:56
  ├─ [leo:cpu] start 10:54:56
➡️ Pod WebUI: teastore-webui-ff7768544-nvgrc
➡️ Está en el nodo: leo02
🌐 IP del nodo WebUI: 192.168.18.36
⏳ Verificando estado del TeaStore en http://192.168.18.36:30080/tools.descartes.teastore.webui/status ...
   ➤ Estado actual: 5 / 5 servicios OK
✔ TODOS los servicios del TeaStore están OK. Continuando...
⏳ [10:55:10] Esperando que termine medición: fase2_preparacion_low_iter2 (PID: 2610673)
  └─ [nitro5:sd] end 10:55:45
  └─ [nitro5:ram] end 10:55:45
  └─ [nitro5:nic] end 10:55:45
  └─ [nitro5:cpu] end 10:55:46
  └─ [scorpius:ram] end 10:55:49
  └─ [scorpius:cpu] end 10:55:50
  └─ [scorpius:sd] end 10:55:50
  └─ [leo:cpu] end 10:55:50
  └─ [leo:sd] end 10:55:50
  └─ [aspire:cpu] end 10:55:51
  └─ [aspire:sd] end 10:55:51
  └─ [scorpius:nic] end 10:55:51
  └─ [leo:nic] end 10:55:51
  └─ [leo:ram] end 10:55:52
  └─ [aspire:nic] end 10:55:52
  └─ [aspire:ram] end 10:55:53
=== Bloque 50s terminado - Fase: fase2_preparacion_low_iter2 ===
[🧹] Limpiando CSVs internos de ecofloc en cada nodo (fase: fase2_preparacion_low_iter2)...
  ✔ [nitro5:cpu] limpiado /home/luish/Documents/p3/ecofloc2/ecofloc/ecofloc-cpu/ECOFLOC_CPU_COMM_text.csv
  ✔ [nitro5:nic] limpiado /home/luish/Documents/p3/ecofloc2/ecofloc/ecofloc-nic/ECOFLOC_NIC_COMM_text.csv
  ✔ [nitro5:ram] limpiado /home/luish/Documents/p3/ecofloc2/ecofloc/ecofloc-ram/ECOFLOC_RAM_COMM_text.csv
  ✔ [nitro5:sd] limpiado /home/luish/Documents/p3/ecofloc2/ecofloc/ecofloc-sd/ECOFLOC_SD_COMM_text.csv
  ✔ [leo:cpu] limpiado /home/leo/ecofloc/ecofloc-cpu/ECOFLOC_CPU_COMM_text.csv
  ✔ [leo:nic] limpiado /home/leo/ecofloc/ecofloc-nic/ECOFLOC_NIC_COMM_text.csv
  ✔ [leo:ram] limpiado /home/leo/ecofloc/ecofloc-ram/ECOFLOC_RAM_COMM_text.csv
  ✔ [leo:sd] limpiado /home/leo/ecofloc/ecofloc-sd/ECOFLOC_SD_COMM_text.csv
  ✔ [aspire:cpu] limpiado /home/luish/Documents/p3/ecofloc2/ecofloc/ecofloc-cpu/ECOFLOC_CPU_COMM_text.csv
  ✔ [aspire:nic] limpiado /home/luish/Documents/p3/ecofloc2/ecofloc/ecofloc-nic/ECOFLOC_NIC_COMM_text.csv
  ✔ [aspire:ram] limpiado /home/luish/Documents/p3/ecofloc2/ecofloc/ecofloc-ram/ECOFLOC_RAM_COMM_text.csv
  ✔ [aspire:sd] limpiado /home/luish/Documents/p3/ecofloc2/ecofloc/ecofloc-sd/ECOFLOC_SD_COMM_text.csv
  ✔ [scorpius:cpu] limpiado /home/scorpius03/Documents/ecofloc/ecofloc-cpu/ECOFLOC_CPU_COMM_text.csv
  ✔ [scorpius:nic] limpiado /home/scorpius03/Documents/ecofloc/ecofloc-nic/ECOFLOC_NIC_COMM_text.csv
  ✔ [scorpius:ram] limpiado /home/scorpius03/Documents/ecofloc/ecofloc-ram/ECOFLOC_RAM_COMM_text.csv
  ✔ [scorpius:sd] limpiado /home/scorpius03/Documents/ecofloc/ecofloc-sd/ECOFLOC_SD_COMM_text.csv
========================================
🔋 MEASURE ENERGY FINALIZADO
   Fase: fase2_preparacion_low_iter2
========================================
✔️ [10:55:58] Medición fase2_preparacion_low_iter2 completada
[📦] Archivando resultados → ./historyexecutions/exp(10:56:03)_fase2_low_iter2
[✔] Archivado: ./historyexecutions/exp(10:56:03)_fase2_low_iter2
========================================
🔋 FASE 3: Ejecución de carga (low, iter 2)
========================================
📋 Capturando PIDs (gepidstea.sh)...
📋 Capturando PIDs de contenedores (kpsnodos.sh)...
🔋 [10:56:24] Iniciando medición de energía: fase3_carga_low_iter2 (145s)
   PID de medición: 2739870
=== Escenario low (iter 2) ===
========================================
🔋 MEASURE ENERGY - Fase: fase3_carga_low_iter2
   Duración: 145s
   PID: 2739870
========================================
🚀 Iniciando LIMBO con profile=/home/luish/Documents/death/teastore/TeaStore/examples/httploadgenerator/increasingLowIntensity.csv y script=/home/luish/Documents/death/teastore/TeaStore/examples/httploadgenerator/teastore_buy.lua
=== Medición bloque 145s - Fase: fase3_carga_low_iter2 ===
[⏱ 10:56:24] Iniciando ecofloc en nitro5 por 145s (fase: fase3_carga_low_iter2)
Feb 20, 2026 10:56:24 AM tools.descartes.dlim.httploadgenerator.runner.Director executeDirector
WARNING: No power measurements
Feb 20, 2026 10:56:24 AM tools.descartes.dlim.httploadgenerator.runner.Director executeDirector
INFO: Load Generator Thread Count set to 128
Feb 20, 2026 10:56:24 AM tools.descartes.dlim.httploadgenerator.runner.Director executeDirector
INFO: URL connection timout set to 10000 ms
Feb 20, 2026 10:56:24 AM tools.descartes.dlim.httploadgenerator.runner.Director executeDirector
INFO: Using Lua Script: /home/luish/Documents/death/teastore/TeaStore/examples/httploadgenerator/teastore_buy.lua
Feb 20, 2026 10:56:24 AM tools.descartes.dlim.httploadgenerator.runner.Director process
INFO: Read 120 Arrival Rate Tuples
Load Generator sent: ok
Feb 20, 2026 10:56:24 AM tools.descartes.dlim.httploadgenerator.runner.Director process
INFO: Arrival Rates sent to Load Generator(s).
Load Generator sent: ok
Feb 20, 2026 10:56:24 AM tools.descartes.dlim.httploadgenerator.runner.Director process
INFO: Thread Count sent to Load Generator(s): 128
Load Generator sent: ok
Feb 20, 2026 10:56:24 AM tools.descartes.dlim.httploadgenerator.runner.Director process
INFO: URL connection timeout sent to Load Generator(s): 10000
Load Generator sent: ok
Feb 20, 2026 10:56:24 AM tools.descartes.dlim.httploadgenerator.runner.Director process
INFO: Contents of script sent to Load Generator: /home/luish/Documents/death/teastore/TeaStore/examples/httploadgenerator/teastore_buy.lua
Feb 20, 2026 10:56:24 AM tools.descartes.dlim.httploadgenerator.runner.Director process
INFO: Starting Load Generation
Beginning Run @1771602984352(20.02.2026;10:56:24352)
Target Time = 0.5; Load Intensity = 0.0; #Success = 0; #Failed = 0; #Dropped = 0
  ├─ [nitro5:sd] start 10:56:24
  ├─ [nitro5:ram] start 10:56:24
  ├─ [nitro5:nic] start 10:56:25
[⏱ 10:56:25] Iniciando ecofloc en aspire por 145s (fase: fase3_carga_low_iter2)
  ├─ [nitro5:cpu] start 10:56:25
  ├─ [aspire:sd] start 10:56:25
  ├─ [aspire:ram] start 10:56:25
[⏱ 10:56:25] Iniciando ecofloc en scorpius por 145s (fase: fase3_carga_low_iter2)
  ├─ [aspire:nic] start 10:56:25
  ├─ [aspire:cpu] start 10:56:25
  ├─ [scorpius:sd] start 10:56:25
  ├─ [scorpius:ram] start 10:56:25
[⏱ 10:56:25] Iniciando ecofloc en leo por 145s (fase: fase3_carga_low_iter2)
  ├─ [scorpius:nic] start 10:56:25
  ├─ [scorpius:cpu] start 10:56:25
  ├─ [leo:sd] start 10:56:25
  ├─ [leo:nic] start 10:56:25
  ├─ [leo:ram] start 10:56:25
  ├─ [leo:cpu] start 10:56:25
Target Time = 1.5; Load Intensity = 1.0; #Success = 0; #Failed = 0; #Dropped = 0
Target Time = 2.5; Load Intensity = 2.0; #Success = 0; #Failed = 0; #Dropped = 0
Target Time = 3.5; Load Intensity = 2.0; #Success = 0; #Failed = 0; #Dropped = 0
Target Time = 4.5; Load Intensity = 3.0; #Success = 0; #Failed = 0; #Dropped = 0
Target Time = 5.5; Load Intensity = 4.0; #Success = 4; #Failed = 0; #Dropped = 0
Target Time = 6.5; Load Intensity = 5.0; #Success = 5; #Failed = 0; #Dropped = 0
Target Time = 7.5; Load Intensity = 6.0; #Success = 4; #Failed = 0; #Dropped = 0
Target Time = 8.5; Load Intensity = 7.0; #Success = 1; #Failed = 0; #Dropped = 0
Target Time = 9.5; Load Intensity = 7.0; #Success = 2; #Failed = 0; #Dropped = 0
Target Time = 10.5; Load Intensity = 8.0; #Success = 0; #Failed = 0; #Dropped = 0
Target Time = 11.5; Load Intensity = 9.0; #Success = 1; #Failed = 0; #Dropped = 0
Target Time = 12.5; Load Intensity = 10.0; #Success = 1; #Failed = 0; #Dropped = 0
Target Time = 13.5; Load Intensity = 11.0; #Success = 3; #Failed = 0; #Dropped = 0
Target Time = 14.5; Load Intensity = 12.0; #Success = 0; #Failed = 0; #Dropped = 0
Target Time = 15.5; Load Intensity = 12.0; #Success = 1; #Failed = 0; #Dropped = 0
Target Time = 16.5; Load Intensity = 13.0; #Success = 2; #Failed = 0; #Dropped = 0
Target Time = 17.5; Load Intensity = 14.0; #Success = 1; #Failed = 0; #Dropped = 0
Target Time = 18.5; Load Intensity = 15.0; #Success = 8; #Failed = 0; #Dropped = 0
Target Time = 19.5; Load Intensity = 16.0; #Success = 5; #Failed = 2; #Dropped = 0
Target Time = 20.5; Load Intensity = 17.0; #Success = 6; #Failed = 0; #Dropped = 0
Target Time = 21.5; Load Intensity = 17.0; #Success = 8; #Failed = 0; #Dropped = 0
Target Time = 22.5; Load Intensity = 18.0; #Success = 10; #Failed = 0; #Dropped = 0
Target Time = 23.5; Load Intensity = 19.0; #Success = 11; #Failed = 0; #Dropped = 0
Target Time = 24.5; Load Intensity = 20.0; #Success = 12; #Failed = 0; #Dropped = 0
Target Time = 25.5; Load Intensity = 21.0; #Success = 12; #Failed = 0; #Dropped = 0
Target Time = 26.5; Load Intensity = 22.0; #Success = 13; #Failed = 0; #Dropped = 0
Target Time = 27.5; Load Intensity = 22.0; #Success = 14; #Failed = 0; #Dropped = 0
Target Time = 28.5; Load Intensity = 23.0; #Success = 15; #Failed = 0; #Dropped = 0
Target Time = 29.5; Load Intensity = 24.0; #Success = 16; #Failed = 1; #Dropped = 0
Target Time = 30.5; Load Intensity = 25.0; #Success = 17; #Failed = 0; #Dropped = 0
Target Time = 31.5; Load Intensity = 26.0; #Success = 7; #Failed = 0; #Dropped = 0
Target Time = 32.5; Load Intensity = 27.0; #Success = 10; #Failed = 0; #Dropped = 0
Target Time = 33.5; Load Intensity = 27.0; #Success = 11; #Failed = 0; #Dropped = 0
Target Time = 34.5; Load Intensity = 28.0; #Success = 12; #Failed = 0; #Dropped = 0
Target Time = 35.5; Load Intensity = 29.0; #Success = 12; #Failed = 0; #Dropped = 0
Target Time = 36.5; Load Intensity = 30.0; #Success = 13; #Failed = 0; #Dropped = 0
Target Time = 37.5; Load Intensity = 31.0; #Success = 14; #Failed = 0; #Dropped = 0
Target Time = 38.5; Load Intensity = 32.0; #Success = 15; #Failed = 0; #Dropped = 0
Target Time = 39.5; Load Intensity = 32.0; #Success = 17; #Failed = 0; #Dropped = 0
Target Time = 40.5; Load Intensity = 33.0; #Success = 17; #Failed = 0; #Dropped = 0
Target Time = 41.5; Load Intensity = 34.0; #Success = 8; #Failed = 0; #Dropped = 0
  └─ [aspire:nic] end 10:57:06
Target Time = 42.5; Load Intensity = 35.0; #Success = 9; #Failed = 0; #Dropped = 0
Target Time = 43.5; Load Intensity = 36.0; #Success = 13; #Failed = 0; #Dropped = 6
Target Time = 44.5; Load Intensity = 37.0; #Success = 10; #Failed = 0; #Dropped = 15
Target Time = 45.5; Load Intensity = 37.0; #Success = 12; #Failed = 0; #Dropped = 18
Target Time = 46.5; Load Intensity = 38.0; #Success = 13; #Failed = 0; #Dropped = 14
Target Time = 47.5; Load Intensity = 39.0; #Success = 14; #Failed = 0; #Dropped = 20
Target Time = 48.5; Load Intensity = 40.0; #Success = 15; #Failed = 0; #Dropped = 17
Target Time = 49.5; Load Intensity = 41.0; #Success = 17; #Failed = 0; #Dropped = 16
Target Time = 50.5; Load Intensity = 42.0; #Success = 17; #Failed = 0; #Dropped = 15
Target Time = 51.5; Load Intensity = 42.0; #Success = 7; #Failed = 0; #Dropped = 20
Target Time = 52.5; Load Intensity = 43.0; #Success = 10; #Failed = 0; #Dropped = 27
Target Time = 53.5; Load Intensity = 44.0; #Success = 13; #Failed = 0; #Dropped = 29
Target Time = 54.5; Load Intensity = 45.0; #Success = 10; #Failed = 0; #Dropped = 23
Target Time = 55.5; Load Intensity = 46.0; #Success = 12; #Failed = 0; #Dropped = 26
Target Time = 56.5; Load Intensity = 47.0; #Success = 13; #Failed = 0; #Dropped = 23
Target Time = 57.5; Load Intensity = 47.0; #Success = 14; #Failed = 0; #Dropped = 28
Target Time = 58.5; Load Intensity = 48.0; #Success = 15; #Failed = 0; #Dropped = 27
Target Time = 59.5; Load Intensity = 49.0; #Success = 17; #Failed = 0; #Dropped = 24
Target Time = 60.5; Load Intensity = 50.0; #Success = 17; #Failed = 0; #Dropped = 23
Target Time = 61.5; Load Intensity = 51.0; #Success = 7; #Failed = 0; #Dropped = 28
Target Time = 62.5; Load Intensity = 52.0; #Success = 10; #Failed = 0; #Dropped = 36
Target Time = 63.5; Load Intensity = 52.0; #Success = 12; #Failed = 0; #Dropped = 36
Target Time = 64.5; Load Intensity = 53.0; #Success = 11; #Failed = 0; #Dropped = 33
Target Time = 65.5; Load Intensity = 54.0; #Success = 12; #Failed = 0; #Dropped = 32
Target Time = 66.5; Load Intensity = 55.0; #Success = 13; #Failed = 0; #Dropped = 34
Target Time = 67.5; Load Intensity = 56.0; #Success = 14; #Failed = 0; #Dropped = 34
Target Time = 68.5; Load Intensity = 57.0; #Success = 14; #Failed = 0; #Dropped = 33
Target Time = 69.5; Load Intensity = 57.0; #Success = 18; #Failed = 0; #Dropped = 35
Target Time = 70.5; Load Intensity = 58.0; #Success = 12; #Failed = 7; #Dropped = 31
Target Time = 71.5; Load Intensity = 59.0; #Success = 8; #Failed = 0; #Dropped = 46
Target Time = 72.5; Load Intensity = 60.0; #Success = 9; #Failed = 0; #Dropped = 37
Target Time = 73.5; Load Intensity = 61.0; #Success = 11; #Failed = 0; #Dropped = 42
Target Time = 74.5; Load Intensity = 62.0; #Success = 12; #Failed = 0; #Dropped = 44
Target Time = 75.5; Load Intensity = 62.0; #Success = 12; #Failed = 0; #Dropped = 42
Target Time = 76.5; Load Intensity = 63.0; #Success = 13; #Failed = 0; #Dropped = 39
Target Time = 77.5; Load Intensity = 64.0; #Success = 13; #Failed = 4; #Dropped = 44
Target Time = 78.5; Load Intensity = 65.0; #Success = 13; #Failed = 5; #Dropped = 40
Target Time = 79.5; Load Intensity = 66.0; #Success = 14; #Failed = 0; #Dropped = 41
Target Time = 80.5; Load Intensity = 67.0; #Success = 14; #Failed = 0; #Dropped = 41
Target Time = 81.5; Load Intensity = 67.0; #Success = 8; #Failed = 0; #Dropped = 53
Target Time = 82.5; Load Intensity = 68.0; #Success = 9; #Failed = 0; #Dropped = 41
Target Time = 83.5; Load Intensity = 69.0; #Success = 11; #Failed = 0; #Dropped = 57
Target Time = 84.5; Load Intensity = 70.0; #Success = 12; #Failed = 0; #Dropped = 52
Target Time = 85.5; Load Intensity = 71.0; #Success = 12; #Failed = 0; #Dropped = 51
Target Time = 86.5; Load Intensity = 72.0; #Success = 13; #Failed = 0; #Dropped = 47
Target Time = 87.5; Load Intensity = 72.0; #Success = 20; #Failed = 0; #Dropped = 52
Target Time = 88.5; Load Intensity = 73.0; #Success = 14; #Failed = 0; #Dropped = 46
Target Time = 89.5; Load Intensity = 74.0; #Success = 15; #Failed = 0; #Dropped = 49
Target Time = 90.5; Load Intensity = 75.0; #Success = 14; #Failed = 0; #Dropped = 55
Target Time = 91.5; Load Intensity = 76.0; #Success = 7; #Failed = 0; #Dropped = 48
Target Time = 92.5; Load Intensity = 77.0; #Success = 10; #Failed = 0; #Dropped = 58
Target Time = 93.5; Load Intensity = 77.0; #Success = 13; #Failed = 0; #Dropped = 75
Target Time = 94.5; Load Intensity = 78.0; #Success = 10; #Failed = 0; #Dropped = 51
Target Time = 95.5; Load Intensity = 79.0; #Success = 12; #Failed = 0; #Dropped = 57
Target Time = 96.5; Load Intensity = 80.0; #Success = 13; #Failed = 0; #Dropped = 60
Target Time = 97.5; Load Intensity = 81.0; #Success = 20; #Failed = 0; #Dropped = 57
Target Time = 98.5; Load Intensity = 82.0; #Success = 13; #Failed = 0; #Dropped = 53
Target Time = 99.5; Load Intensity = 82.0; #Success = 14; #Failed = 0; #Dropped = 56
Target Time = 100.5; Load Intensity = 83.0; #Success = 16; #Failed = 0; #Dropped = 67
Target Time = 101.5; Load Intensity = 84.0; #Success = 8; #Failed = 0; #Dropped = 75
Target Time = 102.5; Load Intensity = 85.0; #Success = 9; #Failed = 0; #Dropped = 57
Target Time = 103.5; Load Intensity = 86.0; #Success = 13; #Failed = 0; #Dropped = 70
Target Time = 104.5; Load Intensity = 87.0; #Success = 10; #Failed = 0; #Dropped = 66
Target Time = 105.5; Load Intensity = 87.0; #Success = 12; #Failed = 0; #Dropped = 68
Target Time = 106.5; Load Intensity = 88.0; #Success = 13; #Failed = 0; #Dropped = 59
Target Time = 107.5; Load Intensity = 89.0; #Success = 16; #Failed = 0; #Dropped = 72
Target Time = 108.5; Load Intensity = 90.0; #Success = 19; #Failed = 0; #Dropped = 70
Target Time = 109.5; Load Intensity = 91.0; #Success = 12; #Failed = 0; #Dropped = 61
Target Time = 110.5; Load Intensity = 92.0; #Success = 16; #Failed = 0; #Dropped = 67
Target Time = 111.5; Load Intensity = 92.0; #Success = 7; #Failed = 0; #Dropped = 64
Target Time = 112.5; Load Intensity = 93.0; #Success = 10; #Failed = 0; #Dropped = 81
Target Time = 113.5; Load Intensity = 94.0; #Success = 11; #Failed = 0; #Dropped = 80
Target Time = 114.5; Load Intensity = 95.0; #Success = 12; #Failed = 0; #Dropped = 74
Target Time = 115.5; Load Intensity = 96.0; #Success = 13; #Failed = 0; #Dropped = 88
Target Time = 116.5; Load Intensity = 97.0; #Success = 12; #Failed = 1; #Dropped = 65
Target Time = 117.5; Load Intensity = 97.0; #Success = 18; #Failed = 1; #Dropped = 77
Target Time = 118.5; Load Intensity = 98.0; #Success = 14; #Failed = 0; #Dropped = 71
Target Time = 119.5; Load Intensity = 99.0; #Success = 13; #Failed = 0; #Dropped = 72
Target Time = 120.5; Load Intensity = 0.0; #Success = 16; #Failed = 0; #Dropped = 80
Target Time = 121.5; Load Intensity = 0.0; #Success = 7; #Failed = 0; #Dropped = 64
Target Time = 122.5; Load Intensity = 0.0; #Success = 10; #Failed = 0; #Dropped = 100
Target Time = 123.5; Load Intensity = 0.0; #Success = 13; #Failed = 0; #Dropped = 95
Target Time = 124.5; Load Intensity = 0.0; #Success = 10; #Failed = 0; #Dropped = 74
Target Time = 125.5; Load Intensity = 0.0; #Success = 12; #Failed = 0; #Dropped = 78
Target Time = 126.5; Load Intensity = 0.0; #Success = 14; #Failed = 0; #Dropped = 86
Target Time = 127.5; Load Intensity = 0.0; #Success = 17; #Failed = 0; #Dropped = 81
Target Time = 128.5; Load Intensity = 0.0; #Success = 17; #Failed = 0; #Dropped = 90
Target Time = 129.5; Load Intensity = 0.0; #Success = 14; #Failed = 0; #Dropped = 82
Target Time = 130.5; Load Intensity = 0.0; #Success = 14; #Failed = 0; #Dropped = 0
Target Time = 131.5; Load Intensity = 0.0; #Success = 8; #Failed = 0; #Dropped = 0
Target Time = 132.5; Load Intensity = 0.0; #Success = 9; #Failed = 0; #Dropped = 0
Target Time = 133.5; Load Intensity = 0.0; #Success = 13; #Failed = 0; #Dropped = 0
Target Time = 134.5; Load Intensity = 0.0; #Success = 10; #Failed = 0; #Dropped = 0
Target Time = 135.5; Load Intensity = 0.0; #Success = 12; #Failed = 0; #Dropped = 0
Target Time = 136.5; Load Intensity = 0.0; #Success = 14; #Failed = 0; #Dropped = 0
Target Time = 137.5; Load Intensity = 0.0; #Success = 17; #Failed = 0; #Dropped = 0
Target Time = 138.5; Load Intensity = 0.0; #Success = 16; #Failed = 0; #Dropped = 0
Target Time = 139.5; Load Intensity = 0.0; #Success = 13; #Failed = 0; #Dropped = 0
Workload finished.
Log finished.
📄 LIMBO finalizado para scenario=low
⏳ [10:58:48] Esperando que termine medición: fase3_carga_low_iter2 (PID: 2739870)
  └─ [nitro5:ram] end 10:58:49
  └─ [nitro5:sd] end 10:58:49
  └─ [nitro5:nic] end 10:58:50
  └─ [nitro5:cpu] end 10:58:50
  └─ [scorpius:nic] end 10:58:54
  └─ [leo:nic] end 10:58:58
  └─ [leo:ram] end 10:59:00
  └─ [scorpius:sd] end 10:59:00
  └─ [scorpius:ram] end 10:59:01
  └─ [leo:sd] end 10:59:01
  └─ [leo:cpu] end 10:59:02
  └─ [scorpius:cpu] end 10:59:02
  └─ [aspire:cpu] end 11:08:35
  └─ [aspire:sd] end 11:08:35
  └─ [aspire:ram] end 11:08:41
=== Bloque 145s terminado - Fase: fase3_carga_low_iter2 ===
[🧹] Limpiando CSVs internos de ecofloc en cada nodo (fase: fase3_carga_low_iter2)...
  ✔ [nitro5:cpu] limpiado /home/luish/Documents/p3/ecofloc2/ecofloc/ecofloc-cpu/ECOFLOC_CPU_COMM_text.csv
  ✔ [nitro5:nic] limpiado /home/luish/Documents/p3/ecofloc2/ecofloc/ecofloc-nic/ECOFLOC_NIC_COMM_text.csv
  ✔ [nitro5:ram] limpiado /home/luish/Documents/p3/ecofloc2/ecofloc/ecofloc-ram/ECOFLOC_RAM_COMM_text.csv
  ✔ [nitro5:sd] limpiado /home/luish/Documents/p3/ecofloc2/ecofloc/ecofloc-sd/ECOFLOC_SD_COMM_text.csv
  ✔ [leo:cpu] limpiado /home/leo/ecofloc/ecofloc-cpu/ECOFLOC_CPU_COMM_text.csv
  ✔ [leo:nic] limpiado /home/leo/ecofloc/ecofloc-nic/ECOFLOC_NIC_COMM_text.csv
  ✔ [leo:ram] limpiado /home/leo/ecofloc/ecofloc-ram/ECOFLOC_RAM_COMM_text.csv
  ✔ [leo:sd] limpiado /home/leo/ecofloc/ecofloc-sd/ECOFLOC_SD_COMM_text.csv
  ✔ [aspire:cpu] limpiado /home/luish/Documents/p3/ecofloc2/ecofloc/ecofloc-cpu/ECOFLOC_CPU_COMM_text.csv
  ✔ [aspire:nic] limpiado /home/luish/Documents/p3/ecofloc2/ecofloc/ecofloc-nic/ECOFLOC_NIC_COMM_text.csv
  ✔ [aspire:ram] limpiado /home/luish/Documents/p3/ecofloc2/ecofloc/ecofloc-ram/ECOFLOC_RAM_COMM_text.csv
  ✔ [aspire:sd] limpiado /home/luish/Documents/p3/ecofloc2/ecofloc/ecofloc-sd/ECOFLOC_SD_COMM_text.csv
  ✔ [scorpius:cpu] limpiado /home/scorpius03/Documents/ecofloc/ecofloc-cpu/ECOFLOC_CPU_COMM_text.csv
  ✔ [scorpius:nic] limpiado /home/scorpius03/Documents/ecofloc/ecofloc-nic/ECOFLOC_NIC_COMM_text.csv
  ✔ [scorpius:ram] limpiado /home/scorpius03/Documents/ecofloc/ecofloc-ram/ECOFLOC_RAM_COMM_text.csv
  ✔ [scorpius:sd] limpiado /home/scorpius03/Documents/ecofloc/ecofloc-sd/ECOFLOC_SD_COMM_text.csv
========================================
🔋 MEASURE ENERGY FINALIZADO
   Fase: fase3_carga_low_iter2
========================================
✔️ [11:08:45] Medición fase3_carga_low_iter2 completada
[📦] Archivando resultados → ./historyexecutions/exp(11:08:50)_fase3_low_iter2
[✔] Archivado: ./historyexecutions/exp(11:08:50)_fase3_low_iter2
🧹 Limpiando TeaStore (iter 2)...
⏸ Esperando 15s para limpieza completa...
✅ Iteración 2 / 2 del escenario low completada.

🏁 Escenario low finalizado (2 iteraciones).

########################################################
🔄 ESCENARIO: medium | ITERACIÓN: 1 / 2
   Hora: 11:09:39
########################################################
========================================
🔋 FASE 1: Descarga de imágenes (medium, iter 1)
========================================
📋 Capturando PIDs (gepidstea.sh)...
📋 Capturando PIDs de contenedores (kpsnodos.sh)...
🔋 [11:09:57] Iniciando medición de energía: fase1_descarga_medium_iter1 (25s)
   PID de medición: 3102818
🚀 Desplegando TeaStore desde /home/luish/Documents/death/teastore/TeaStore/examples/kubernetes/teastore-energy-scheduler.yaml...
========================================
🔋 MEASURE ENERGY - Fase: fase1_descarga_medium_iter1
   Duración: 25s
   PID: 3102818
========================================
=== Medición bloque 25s - Fase: fase1_descarga_medium_iter1 ===
[⏱ 11:09:57] Iniciando ecofloc en nitro5 por 25s (fase: fase1_descarga_medium_iter1)
⏳ Esperando a que todos los pods de TeaStore estén Running y Ready...
  ├─ [nitro5:sd] start 11:09:57
  ├─ [nitro5:ram] start 11:09:58
  ├─ [nitro5:nic] start 11:09:58
[⏱ 11:09:58] Iniciando ecofloc en aspire por 25s (fase: fase1_descarga_medium_iter1)
  ├─ [nitro5:cpu] start 11:09:58
  ├─ [aspire:sd] start 11:09:58
  ├─ [aspire:ram] start 11:09:58
[⏱ 11:09:58] Iniciando ecofloc en scorpius por 25s (fase: fase1_descarga_medium_iter1)
  ├─ [aspire:nic] start 11:09:58
  ├─ [aspire:cpu] start 11:09:58
  ├─ [scorpius:sd] start 11:09:58
  ├─ [scorpius:ram] start 11:09:58
  ├─ [scorpius:nic] start 11:09:58
[⏱ 11:09:58] Iniciando ecofloc en leo por 25s (fase: fase1_descarga_medium_iter1)
  ├─ [scorpius:cpu] start 11:09:58
  ├─ [leo:sd] start 11:09:58
  ├─ [leo:ram] start 11:09:58
  ├─ [leo:nic] start 11:09:58
  ├─ [leo:cpu] start 11:09:58
✅ Pods listos.
⏳ [11:10:01] Esperando que termine medición: fase1_descarga_medium_iter1 (PID: 3102818)
/home/luish/Documents/death/teastore/TeaStore/examples/httploadgenerator/measure_energy.sh: line 104: 3102895 Segmentation fault      timeout $((real_duration+5)) sudo "$path/ecofloc-$comp/ecofloc-$comp.out" -n text -i $ECO_INTERVAL -t $real_duration -f "$path/ecofloc-$comp/" > "$tmpfile" 2> /dev/null
  └─ [nitro5:ram] end 11:10:23
  └─ [nitro5:nic] end 11:10:23
  └─ [nitro5:cpu] end 11:10:23
  └─ [aspire:sd] end 11:10:24
  └─ [aspire:cpu] end 11:10:24
  └─ [leo:cpu] end 11:10:25
  └─ [leo:sd] end 11:10:25
  └─ [aspire:nic] end 11:10:26
  └─ [leo:nic] end 11:10:26
  └─ [scorpius:sd] end 11:10:26
  └─ [leo:ram] end 11:10:27
  └─ [aspire:ram] end 11:10:27
  └─ [scorpius:cpu] end 11:10:27
  └─ [scorpius:nic] end 11:10:28
  └─ [scorpius:ram] end 11:10:28
=== Bloque 25s terminado - Fase: fase1_descarga_medium_iter1 ===
[🧹] Limpiando CSVs internos de ecofloc en cada nodo (fase: fase1_descarga_medium_iter1)...
  ✔ [nitro5:cpu] limpiado /home/luish/Documents/p3/ecofloc2/ecofloc/ecofloc-cpu/ECOFLOC_CPU_COMM_text.csv
  ✔ [nitro5:nic] limpiado /home/luish/Documents/p3/ecofloc2/ecofloc/ecofloc-nic/ECOFLOC_NIC_COMM_text.csv
  ✔ [nitro5:ram] limpiado /home/luish/Documents/p3/ecofloc2/ecofloc/ecofloc-ram/ECOFLOC_RAM_COMM_text.csv
  ✔ [nitro5:sd] limpiado /home/luish/Documents/p3/ecofloc2/ecofloc/ecofloc-sd/ECOFLOC_SD_COMM_text.csv
  ✔ [leo:cpu] limpiado /home/leo/ecofloc/ecofloc-cpu/ECOFLOC_CPU_COMM_text.csv
  ✔ [leo:nic] limpiado /home/leo/ecofloc/ecofloc-nic/ECOFLOC_NIC_COMM_text.csv
  ✔ [leo:ram] limpiado /home/leo/ecofloc/ecofloc-ram/ECOFLOC_RAM_COMM_text.csv
  ✔ [leo:sd] limpiado /home/leo/ecofloc/ecofloc-sd/ECOFLOC_SD_COMM_text.csv
  ✔ [aspire:cpu] limpiado /home/luish/Documents/p3/ecofloc2/ecofloc/ecofloc-cpu/ECOFLOC_CPU_COMM_text.csv
  ✔ [aspire:nic] limpiado /home/luish/Documents/p3/ecofloc2/ecofloc/ecofloc-nic/ECOFLOC_NIC_COMM_text.csv
  ✔ [aspire:ram] limpiado /home/luish/Documents/p3/ecofloc2/ecofloc/ecofloc-ram/ECOFLOC_RAM_COMM_text.csv
  ✔ [aspire:sd] limpiado /home/luish/Documents/p3/ecofloc2/ecofloc/ecofloc-sd/ECOFLOC_SD_COMM_text.csv
  ✔ [scorpius:cpu] limpiado /home/scorpius03/Documents/ecofloc/ecofloc-cpu/ECOFLOC_CPU_COMM_text.csv
  ✔ [scorpius:nic] limpiado /home/scorpius03/Documents/ecofloc/ecofloc-nic/ECOFLOC_NIC_COMM_text.csv
  ✔ [scorpius:ram] limpiado /home/scorpius03/Documents/ecofloc/ecofloc-ram/ECOFLOC_RAM_COMM_text.csv
  ✔ [scorpius:sd] limpiado /home/scorpius03/Documents/ecofloc/ecofloc-sd/ECOFLOC_SD_COMM_text.csv
========================================
🔋 MEASURE ENERGY FINALIZADO
   Fase: fase1_descarga_medium_iter1
========================================
✔️ [11:10:37] Medición fase1_descarga_medium_iter1 completada
[📦] Archivando resultados → ./historyexecutions/exp(11:10:42)_fase1_medium_iter1
[✔] Archivado: ./historyexecutions/exp(11:10:42)_fase1_medium_iter1
========================================
🔋 FASE 2: Preparación de servicios (medium, iter 1)
========================================
📋 Capturando PIDs (gepidstea.sh)...
📋 Capturando PIDs de contenedores (kpsnodos.sh)...
🔋 [11:11:01] Iniciando medición de energía: fase2_preparacion_medium_iter1 (50s)
   PID de medición: 3171808
========================================
🔋 MEASURE ENERGY - Fase: fase2_preparacion_medium_iter1
   Duración: 50s
   PID: 3171808
========================================
=== Medición bloque 50s - Fase: fase2_preparacion_medium_iter1 ===
[⏱ 11:11:01] Iniciando ecofloc en nitro5 por 50s (fase: fase2_preparacion_medium_iter1)
⏳ Esperando 10s a que CoreDNS se estabilice...
  ├─ [nitro5:sd] start 11:11:02
  ├─ [nitro5:ram] start 11:11:02
  ├─ [nitro5:nic] start 11:11:03
[⏱ 11:11:03] Iniciando ecofloc en aspire por 50s (fase: fase2_preparacion_medium_iter1)
  ├─ [nitro5:cpu] start 11:11:03
  ├─ [aspire:sd] start 11:11:03
  ├─ [aspire:ram] start 11:11:03
[⏱ 11:11:03] Iniciando ecofloc en scorpius por 50s (fase: fase2_preparacion_medium_iter1)
  ├─ [aspire:nic] start 11:11:03
  ├─ [aspire:cpu] start 11:11:03
  ├─ [scorpius:sd] start 11:11:03
  ├─ [scorpius:ram] start 11:11:03
  ├─ [scorpius:nic] start 11:11:03
[⏱ 11:11:03] Iniciando ecofloc en leo por 50s (fase: fase2_preparacion_medium_iter1)
  ├─ [scorpius:cpu] start 11:11:03
  ├─ [leo:sd] start 11:11:03
  ├─ [leo:ram] start 11:11:03
  ├─ [leo:cpu] start 11:11:03
  ├─ [leo:nic] start 11:11:03
➡️ Pod WebUI: teastore-webui-ff7768544-bwrpd
➡️ Está en el nodo: luish-aspire-a315-55g
🌐 IP del nodo WebUI: 192.168.18.37
⏳ Verificando estado del TeaStore en http://192.168.18.37:30080/tools.descartes.teastore.webui/status ...
   ➤ Estado actual: 5 / 5 servicios OK
✔ TODOS los servicios del TeaStore están OK. Continuando...
⏳ [11:11:18] Esperando que termine medición: fase2_preparacion_medium_iter1 (PID: 3171808)
  └─ [nitro5:sd] end 11:11:52
  └─ [nitro5:ram] end 11:11:52
  └─ [nitro5:nic] end 11:11:53
  └─ [nitro5:cpu] end 11:11:53
  └─ [aspire:sd] end 11:11:54
  └─ [scorpius:cpu] end 11:11:55
  └─ [aspire:cpu] end 11:11:55
  └─ [aspire:nic] end 11:11:55
  └─ [leo:sd] end 11:11:55
  └─ [leo:nic] end 11:11:55
  └─ [scorpius:sd] end 11:11:56
  └─ [leo:cpu] end 11:11:56
  └─ [aspire:ram] end 11:11:56
  └─ [scorpius:nic] end 11:11:56
  └─ [scorpius:ram] end 11:11:56
  └─ [leo:ram] end 11:11:57
=== Bloque 50s terminado - Fase: fase2_preparacion_medium_iter1 ===
[🧹] Limpiando CSVs internos de ecofloc en cada nodo (fase: fase2_preparacion_medium_iter1)...
  ✔ [nitro5:cpu] limpiado /home/luish/Documents/p3/ecofloc2/ecofloc/ecofloc-cpu/ECOFLOC_CPU_COMM_text.csv
  ✔ [nitro5:nic] limpiado /home/luish/Documents/p3/ecofloc2/ecofloc/ecofloc-nic/ECOFLOC_NIC_COMM_text.csv
  ✔ [nitro5:ram] limpiado /home/luish/Documents/p3/ecofloc2/ecofloc/ecofloc-ram/ECOFLOC_RAM_COMM_text.csv
  ✔ [nitro5:sd] limpiado /home/luish/Documents/p3/ecofloc2/ecofloc/ecofloc-sd/ECOFLOC_SD_COMM_text.csv
  ✔ [leo:cpu] limpiado /home/leo/ecofloc/ecofloc-cpu/ECOFLOC_CPU_COMM_text.csv
  ✔ [leo:nic] limpiado /home/leo/ecofloc/ecofloc-nic/ECOFLOC_NIC_COMM_text.csv
  ✔ [leo:ram] limpiado /home/leo/ecofloc/ecofloc-ram/ECOFLOC_RAM_COMM_text.csv
  ✔ [leo:sd] limpiado /home/leo/ecofloc/ecofloc-sd/ECOFLOC_SD_COMM_text.csv
  ✔ [aspire:cpu] limpiado /home/luish/Documents/p3/ecofloc2/ecofloc/ecofloc-cpu/ECOFLOC_CPU_COMM_text.csv
  ✔ [aspire:nic] limpiado /home/luish/Documents/p3/ecofloc2/ecofloc/ecofloc-nic/ECOFLOC_NIC_COMM_text.csv
  ✔ [aspire:ram] limpiado /home/luish/Documents/p3/ecofloc2/ecofloc/ecofloc-ram/ECOFLOC_RAM_COMM_text.csv
  ✔ [aspire:sd] limpiado /home/luish/Documents/p3/ecofloc2/ecofloc/ecofloc-sd/ECOFLOC_SD_COMM_text.csv
  ✔ [scorpius:cpu] limpiado /home/scorpius03/Documents/ecofloc/ecofloc-cpu/ECOFLOC_CPU_COMM_text.csv
  ✔ [scorpius:nic] limpiado /home/scorpius03/Documents/ecofloc/ecofloc-nic/ECOFLOC_NIC_COMM_text.csv
  ✔ [scorpius:ram] limpiado /home/scorpius03/Documents/ecofloc/ecofloc-ram/ECOFLOC_RAM_COMM_text.csv
  ✔ [scorpius:sd] limpiado /home/scorpius03/Documents/ecofloc/ecofloc-sd/ECOFLOC_SD_COMM_text.csv
========================================
🔋 MEASURE ENERGY FINALIZADO
   Fase: fase2_preparacion_medium_iter1
========================================
✔️ [11:12:01] Medición fase2_preparacion_medium_iter1 completada
[📦] Archivando resultados → ./historyexecutions/exp(11:12:06)_fase2_medium_iter1
[✔] Archivado: ./historyexecutions/exp(11:12:06)_fase2_medium_iter1
========================================
🔋 FASE 3: Ejecución de carga (medium, iter 1)
========================================
📋 Capturando PIDs (gepidstea.sh)...
📋 Capturando PIDs de contenedores (kpsnodos.sh)...
🔋 [11:12:24] Iniciando medición de energía: fase3_carga_medium_iter1 (145s)
   PID de medición: 3305337
=== Escenario medium (iter 1) ===
========================================
🔋 MEASURE ENERGY - Fase: fase3_carga_medium_iter1
   Duración: 145s
   PID: 3305337
========================================
=== Medición bloque 145s - Fase: fase3_carga_medium_iter1 ===
🚀 Iniciando LIMBO con profile=/home/luish/Documents/death/teastore/TeaStore/examples/httploadgenerator/increasingMedIntensity.csv y script=/home/luish/Documents/death/teastore/TeaStore/examples/httploadgenerator/teastore_buy.lua
[⏱ 11:12:24] Iniciando ecofloc en nitro5 por 145s (fase: fase3_carga_medium_iter1)
Feb 20, 2026 11:12:24 AM tools.descartes.dlim.httploadgenerator.runner.Director executeDirector
WARNING: No power measurements
Feb 20, 2026 11:12:24 AM tools.descartes.dlim.httploadgenerator.runner.Director executeDirector
INFO: Load Generator Thread Count set to 128
Feb 20, 2026 11:12:24 AM tools.descartes.dlim.httploadgenerator.runner.Director executeDirector
INFO: URL connection timout set to 10000 ms
Feb 20, 2026 11:12:24 AM tools.descartes.dlim.httploadgenerator.runner.Director executeDirector
INFO: Using Lua Script: /home/luish/Documents/death/teastore/TeaStore/examples/httploadgenerator/teastore_buy.lua
Feb 20, 2026 11:12:24 AM tools.descartes.dlim.httploadgenerator.runner.Director process
INFO: Read 120 Arrival Rate Tuples
Load Generator sent: ok
Feb 20, 2026 11:12:24 AM tools.descartes.dlim.httploadgenerator.runner.Director process
INFO: Arrival Rates sent to Load Generator(s).
Load Generator sent: ok
Feb 20, 2026 11:12:24 AM tools.descartes.dlim.httploadgenerator.runner.Director process
INFO: Thread Count sent to Load Generator(s): 128
Load Generator sent: ok
Feb 20, 2026 11:12:24 AM tools.descartes.dlim.httploadgenerator.runner.Director process
INFO: URL connection timeout sent to Load Generator(s): 10000
Load Generator sent: ok
Feb 20, 2026 11:12:24 AM tools.descartes.dlim.httploadgenerator.runner.Director process
INFO: Contents of script sent to Load Generator: /home/luish/Documents/death/teastore/TeaStore/examples/httploadgenerator/teastore_buy.lua
Feb 20, 2026 11:12:24 AM tools.descartes.dlim.httploadgenerator.runner.Director process
INFO: Starting Load Generation
Beginning Run @1771603944375(20.02.2026;11:12:24375)
  ├─ [nitro5:sd] start 11:12:24
Target Time = 0.5; Load Intensity = 8.0; #Success = 0; #Failed = 0; #Dropped = 0
  ├─ [nitro5:ram] start 11:12:25
  ├─ [nitro5:nic] start 11:12:25
[⏱ 11:12:25] Iniciando ecofloc en aspire por 145s (fase: fase3_carga_medium_iter1)
  ├─ [nitro5:cpu] start 11:12:25
  ├─ [aspire:sd] start 11:12:25
  ├─ [aspire:ram] start 11:12:25
  ├─ [aspire:nic] start 11:12:25
[⏱ 11:12:25] Iniciando ecofloc en scorpius por 145s (fase: fase3_carga_medium_iter1)
  ├─ [aspire:cpu] start 11:12:25
  ├─ [scorpius:sd] start 11:12:25
  ├─ [scorpius:ram] start 11:12:25
  ├─ [scorpius:nic] start 11:12:25
[⏱ 11:12:25] Iniciando ecofloc en leo por 145s (fase: fase3_carga_medium_iter1)
  ├─ [scorpius:cpu] start 11:12:25
  ├─ [leo:sd] start 11:12:25
  ├─ [leo:ram] start 11:12:25
  ├─ [leo:nic] start 11:12:25
  ├─ [leo:cpu] start 11:12:25
Target Time = 1.5; Load Intensity = 16.0; #Success = 1; #Failed = 0; #Dropped = 0
Target Time = 2.5; Load Intensity = 25.0; #Success = 13; #Failed = 0; #Dropped = 0
Target Time = 3.5; Load Intensity = 33.0; #Success = 9; #Failed = 0; #Dropped = 0
Target Time = 4.5; Load Intensity = 41.0; #Success = 12; #Failed = 0; #Dropped = 0
Target Time = 5.5; Load Intensity = 50.0; #Success = 9; #Failed = 0; #Dropped = 0
Target Time = 6.5; Load Intensity = 58.0; #Success = 2; #Failed = 0; #Dropped = 0
Target Time = 7.5; Load Intensity = 66.0; #Success = 9; #Failed = 0; #Dropped = 0
Target Time = 8.5; Load Intensity = 75.0; #Success = 11; #Failed = 0; #Dropped = 0
Target Time = 9.5; Load Intensity = 83.0; #Success = 5; #Failed = 0; #Dropped = 0
Target Time = 10.5; Load Intensity = 91.0; #Success = 6; #Failed = 0; #Dropped = 0
Target Time = 11.5; Load Intensity = 100.0; #Success = 5; #Failed = 0; #Dropped = 0
Target Time = 12.5; Load Intensity = 108.0; #Success = 2; #Failed = 0; #Dropped = 0
Target Time = 13.5; Load Intensity = 116.0; #Success = 1; #Failed = 0; #Dropped = 0
Target Time = 14.5; Load Intensity = 125.0; #Success = 39; #Failed = 2; #Dropped = 0
Target Time = 15.5; Load Intensity = 133.0; #Success = 40; #Failed = 6; #Dropped = 0
Target Time = 16.5; Load Intensity = 141.0; #Success = 1; #Failed = 0; #Dropped = 0
Target Time = 17.5; Load Intensity = 150.0; #Success = 9; #Failed = 1; #Dropped = 0
Target Time = 18.5; Load Intensity = 158.0; #Success = 9; #Failed = 2; #Dropped = 43
Target Time = 19.5; Load Intensity = 166.0; #Success = 5; #Failed = 0; #Dropped = 78
Target Time = 20.5; Load Intensity = 175.0; #Success = 6; #Failed = 0; #Dropped = 81
Target Time = 21.5; Load Intensity = 183.0; #Success = 5; #Failed = 0; #Dropped = 86
Target Time = 22.5; Load Intensity = 191.0; #Success = 18; #Failed = 0; #Dropped = 121
Target Time = 23.5; Load Intensity = 200.0; #Success = 11; #Failed = 0; #Dropped = 83
Target Time = 24.5; Load Intensity = 208.0; #Success = 34; #Failed = 0; #Dropped = 108
Target Time = 25.5; Load Intensity = 216.0; #Success = 27; #Failed = 0; #Dropped = 99
Target Time = 26.5; Load Intensity = 225.0; #Success = 2; #Failed = 0; #Dropped = 148
Target Time = 27.5; Load Intensity = 233.0; #Success = 9; #Failed = 0; #Dropped = 134
Target Time = 28.5; Load Intensity = 241.0; #Success = 11; #Failed = 0; #Dropped = 130
Target Time = 29.5; Load Intensity = 250.0; #Success = 5; #Failed = 0; #Dropped = 172
Target Time = 30.5; Load Intensity = 258.0; #Success = 7; #Failed = 0; #Dropped = 198
Target Time = 31.5; Load Intensity = 266.0; #Success = 4; #Failed = 0; #Dropped = 113
Target Time = 32.5; Load Intensity = 275.0; #Success = 16; #Failed = 1; #Dropped = 153
Target Time = 33.5; Load Intensity = 283.0; #Success = 13; #Failed = 4; #Dropped = 246
Target Time = 34.5; Load Intensity = 291.0; #Success = 29; #Failed = 42; #Dropped = 152
Target Time = 35.5; Load Intensity = 300.0; #Success = 0; #Failed = 7; #Dropped = 119
Target Time = 36.5; Load Intensity = 308.0; #Success = 7; #Failed = 0; #Dropped = 304
Target Time = 37.5; Load Intensity = 316.0; #Success = 22; #Failed = 0; #Dropped = 162
Target Time = 38.5; Load Intensity = 325.0; #Success = 3; #Failed = 0; #Dropped = 264
Target Time = 39.5; Load Intensity = 333.0; #Success = 26; #Failed = 0; #Dropped = 271
Target Time = 40.5; Load Intensity = 341.0; #Success = 12; #Failed = 0; #Dropped = 199
Target Time = 41.5; Load Intensity = 350.0; #Success = 26; #Failed = 0; #Dropped = 171
Target Time = 42.5; Load Intensity = 358.0; #Success = 20; #Failed = 0; #Dropped = 292
Target Time = 43.5; Load Intensity = 366.0; #Success = 7; #Failed = 0; #Dropped = 298
Target Time = 44.5; Load Intensity = 375.0; #Success = 5; #Failed = 0; #Dropped = 306
Target Time = 45.5; Load Intensity = 383.0; #Success = 1; #Failed = 0; #Dropped = 193
Target Time = 46.5; Load Intensity = 391.0; #Success = 7; #Failed = 0; #Dropped = 409
Target Time = 47.5; Load Intensity = 400.0; #Success = 24; #Failed = 0; #Dropped = 322
Target Time = 48.5; Load Intensity = 408.0; #Success = 3; #Failed = 0; #Dropped = 280
Target Time = 49.5; Load Intensity = 416.0; #Success = 20; #Failed = 3; #Dropped = 325
Target Time = 50.5; Load Intensity = 425.0; #Success = 14; #Failed = 1; #Dropped = 372
Target Time = 51.5; Load Intensity = 433.0; #Success = 23; #Failed = 1; #Dropped = 229
Target Time = 52.5; Load Intensity = 441.0; #Success = 19; #Failed = 0; #Dropped = 339
Target Time = 53.5; Load Intensity = 450.0; #Success = 7; #Failed = 0; #Dropped = 375
Target Time = 54.5; Load Intensity = 458.0; #Success = 4; #Failed = 0; #Dropped = 339
Target Time = 55.5; Load Intensity = 466.0; #Success = 2; #Failed = 0; #Dropped = 354
Target Time = 56.5; Load Intensity = 475.0; #Success = 6; #Failed = 2; #Dropped = 474
Target Time = 57.5; Load Intensity = 483.0; #Success = 23; #Failed = 1; #Dropped = 376
Target Time = 58.5; Load Intensity = 491.0; #Success = 2; #Failed = 0; #Dropped = 406
Target Time = 59.5; Load Intensity = 500.0; #Success = 19; #Failed = 0; #Dropped = 383
Target Time = 60.5; Load Intensity = 508.0; #Success = 19; #Failed = 0; #Dropped = 421
Target Time = 61.5; Load Intensity = 516.0; #Success = 24; #Failed = 0; #Dropped = 316
Target Time = 62.5; Load Intensity = 525.0; #Success = 19; #Failed = 0; #Dropped = 479
Target Time = 63.5; Load Intensity = 533.0; #Success = 7; #Failed = 0; #Dropped = 412
Target Time = 64.5; Load Intensity = 541.0; #Success = 5; #Failed = 0; #Dropped = 541
Target Time = 65.5; Load Intensity = 550.0; #Success = 1; #Failed = 0; #Dropped = 310
Target Time = 66.5; Load Intensity = 558.0; #Success = 9; #Failed = 0; #Dropped = 622
Target Time = 67.5; Load Intensity = 566.0; #Success = 22; #Failed = 0; #Dropped = 405
Target Time = 68.5; Load Intensity = 575.0; #Success = 3; #Failed = 0; #Dropped = 521
Target Time = 69.5; Load Intensity = 583.0; #Success = 20; #Failed = 0; #Dropped = 504
Target Time = 70.5; Load Intensity = 591.0; #Success = 17; #Failed = 0; #Dropped = 467
Target Time = 71.5; Load Intensity = 600.0; #Success = 25; #Failed = 0; #Dropped = 404
Target Time = 72.5; Load Intensity = 608.0; #Success = 19; #Failed = 0; #Dropped = 558
Target Time = 73.5; Load Intensity = 616.0; #Success = 7; #Failed = 0; #Dropped = 543
Target Time = 74.5; Load Intensity = 625.0; #Success = 4; #Failed = 0; #Dropped = 479
Target Time = 75.5; Load Intensity = 633.0; #Success = 2; #Failed = 0; #Dropped = 399
Target Time = 76.5; Load Intensity = 641.0; #Success = 9; #Failed = 0; #Dropped = 767
Target Time = 77.5; Load Intensity = 650.0; #Success = 22; #Failed = 0; #Dropped = 448
Target Time = 78.5; Load Intensity = 658.0; #Success = 3; #Failed = 0; #Dropped = 675
Target Time = 79.5; Load Intensity = 666.0; #Success = 19; #Failed = 0; #Dropped = 521
Target Time = 80.5; Load Intensity = 675.0; #Success = 17; #Failed = 0; #Dropped = 617
Target Time = 81.5; Load Intensity = 683.0; #Success = 26; #Failed = 0; #Dropped = 461
Target Time = 82.5; Load Intensity = 691.0; #Success = 19; #Failed = 0; #Dropped = 642
Target Time = 83.5; Load Intensity = 700.0; #Success = 7; #Failed = 0; #Dropped = 609
Target Time = 84.5; Load Intensity = 708.0; #Success = 5; #Failed = 0; #Dropped = 710
Target Time = 85.5; Load Intensity = 716.0; #Success = 1; #Failed = 0; #Dropped = 394
Target Time = 86.5; Load Intensity = 725.0; #Success = 9; #Failed = 3; #Dropped = 839
Target Time = 87.5; Load Intensity = 733.0; #Success = 22; #Failed = 10; #Dropped = 550
Target Time = 88.5; Load Intensity = 741.0; #Success = 3; #Failed = 2; #Dropped = 697
Target Time = 89.5; Load Intensity = 750.0; #Success = 19; #Failed = 16; #Dropped = 620
Target Time = 90.5; Load Intensity = 758.0; #Success = 15; #Failed = 6; #Dropped = 652
Target Time = 91.5; Load Intensity = 766.0; #Success = 26; #Failed = 16; #Dropped = 619
Target Time = 92.5; Load Intensity = 775.0; #Success = 18; #Failed = 7; #Dropped = 678
Target Time = 93.5; Load Intensity = 783.0; #Success = 7; #Failed = 0; #Dropped = 715
Target Time = 94.5; Load Intensity = 791.0; #Success = 5; #Failed = 0; #Dropped = 726
Target Time = 95.5; Load Intensity = 800.0; #Success = 3; #Failed = 0; #Dropped = 572
Target Time = 96.5; Load Intensity = 808.0; #Success = 9; #Failed = 0; #Dropped = 761
Target Time = 97.5; Load Intensity = 816.0; #Success = 25; #Failed = 0; #Dropped = 839
Target Time = 98.5; Load Intensity = 825.0; #Success = 4; #Failed = 4; #Dropped = 675
Target Time = 99.5; Load Intensity = 833.0; #Success = 15; #Failed = 6; #Dropped = 739
Target Time = 100.5; Load Intensity = 841.0; #Success = 7; #Failed = 5; #Dropped = 705
Target Time = 101.5; Load Intensity = 850.0; #Success = 20; #Failed = 0; #Dropped = 752
Target Time = 102.5; Load Intensity = 858.0; #Success = 18; #Failed = 0; #Dropped = 705
Target Time = 103.5; Load Intensity = 866.0; #Success = 7; #Failed = 0; #Dropped = 813
Target Time = 104.5; Load Intensity = 875.0; #Success = 4; #Failed = 0; #Dropped = 669
Target Time = 105.5; Load Intensity = 883.0; #Success = 4; #Failed = 0; #Dropped = 786
Target Time = 106.5; Load Intensity = 891.0; #Success = 9; #Failed = 0; #Dropped = 949
Target Time = 107.5; Load Intensity = 900.0; #Success = 22; #Failed = 1; #Dropped = 734
Target Time = 108.5; Load Intensity = 908.0; #Success = 8; #Failed = 1; #Dropped = 529
Target Time = 109.5; Load Intensity = 916.0; #Success = 19; #Failed = 3; #Dropped = 1191
  └─ [leo:nic] end 11:14:14
Target Time = 110.5; Load Intensity = 925.0; #Success = 12; #Failed = 1; #Dropped = 915
Target Time = 111.5; Load Intensity = 933.0; #Success = 18; #Failed = 1; #Dropped = 691
Target Time = 112.5; Load Intensity = 941.0; #Success = 18; #Failed = 0; #Dropped = 830
Target Time = 113.5; Load Intensity = 950.0; #Success = 7; #Failed = 0; #Dropped = 854
Target Time = 114.5; Load Intensity = 958.0; #Success = 5; #Failed = 1; #Dropped = 986
Target Time = 115.5; Load Intensity = 966.0; #Success = 3; #Failed = 1; #Dropped = 629
Target Time = 116.5; Load Intensity = 975.0; #Success = 11; #Failed = 0; #Dropped = 1209
Target Time = 117.5; Load Intensity = 983.0; #Success = 22; #Failed = 1; #Dropped = 799
Target Time = 118.5; Load Intensity = 991.0; #Success = 9; #Failed = 19; #Dropped = 924
Target Time = 119.5; Load Intensity = 1000.0; #Success = 9; #Failed = 26; #Dropped = 562
Target Time = 120.5; Load Intensity = 0.0; #Success = 4; #Failed = 0; #Dropped = 1153
Target Time = 121.5; Load Intensity = 0.0; #Success = 4; #Failed = 0; #Dropped = 742
Target Time = 122.5; Load Intensity = 0.0; #Success = 10; #Failed = 0; #Dropped = 1097
Target Time = 123.5; Load Intensity = 0.0; #Success = 5; #Failed = 0; #Dropped = 731
Target Time = 124.5; Load Intensity = 0.0; #Success = 5; #Failed = 0; #Dropped = 1157
Target Time = 125.5; Load Intensity = 0.0; #Success = 3; #Failed = 0; #Dropped = 844
Target Time = 126.5; Load Intensity = 0.0; #Success = 11; #Failed = 0; #Dropped = 1098
Target Time = 127.5; Load Intensity = 0.0; #Success = 23; #Failed = 0; #Dropped = 976
Target Time = 128.5; Load Intensity = 0.0; #Success = 26; #Failed = 0; #Dropped = 913
Target Time = 129.5; Load Intensity = 0.0; #Success = 38; #Failed = 0; #Dropped = 756
Target Time = 130.5; Load Intensity = 0.0; #Success = 2; #Failed = 0; #Dropped = 257
Target Time = 131.5; Load Intensity = 0.0; #Success = 5; #Failed = 0; #Dropped = 0
Target Time = 132.5; Load Intensity = 0.0; #Success = 10; #Failed = 0; #Dropped = 0
Target Time = 133.5; Load Intensity = 0.0; #Success = 5; #Failed = 0; #Dropped = 0
Target Time = 134.5; Load Intensity = 0.0; #Success = 5; #Failed = 0; #Dropped = 0
Target Time = 135.5; Load Intensity = 0.0; #Success = 3; #Failed = 0; #Dropped = 0
Target Time = 136.5; Load Intensity = 0.0; #Success = 11; #Failed = 0; #Dropped = 0
Target Time = 137.5; Load Intensity = 0.0; #Success = 24; #Failed = 0; #Dropped = 0
Target Time = 138.5; Load Intensity = 0.0; #Success = 25; #Failed = 0; #Dropped = 0
Target Time = 139.5; Load Intensity = 0.0; #Success = 38; #Failed = 0; #Dropped = 0
Workload finished.
Log finished.
📄 LIMBO finalizado para scenario=medium
⏳ [11:14:49] Esperando que termine medición: fase3_carga_medium_iter1 (PID: 3305337)
  └─ [nitro5:sd] end 11:14:49
  └─ [nitro5:ram] end 11:14:50
  └─ [nitro5:nic] end 11:14:50
  └─ [nitro5:cpu] end 11:14:50
  └─ [leo:cpu] end 11:14:59
  └─ [scorpius:nic] end 11:15:00
  └─ [scorpius:cpu] end 11:15:02
  └─ [leo:sd] end 11:15:03
  └─ [scorpius:ram] end 11:15:09
  └─ [scorpius:sd] end 11:15:09
  └─ [leo:ram] end 11:15:10
  └─ [aspire:sd] end 11:17:38
  └─ [aspire:cpu] end 11:17:38
  └─ [aspire:ram] end 11:17:38
Connection reset by 192.168.18.37 port 22
=== Bloque 145s terminado - Fase: fase3_carga_medium_iter1 ===
[🧹] Limpiando CSVs internos de ecofloc en cada nodo (fase: fase3_carga_medium_iter1)...
  ✔ [nitro5:cpu] limpiado /home/luish/Documents/p3/ecofloc2/ecofloc/ecofloc-cpu/ECOFLOC_CPU_COMM_text.csv
  ✔ [nitro5:nic] limpiado /home/luish/Documents/p3/ecofloc2/ecofloc/ecofloc-nic/ECOFLOC_NIC_COMM_text.csv
  ✔ [nitro5:ram] limpiado /home/luish/Documents/p3/ecofloc2/ecofloc/ecofloc-ram/ECOFLOC_RAM_COMM_text.csv
  ✔ [nitro5:sd] limpiado /home/luish/Documents/p3/ecofloc2/ecofloc/ecofloc-sd/ECOFLOC_SD_COMM_text.csv
  ✔ [leo:cpu] limpiado /home/leo/ecofloc/ecofloc-cpu/ECOFLOC_CPU_COMM_text.csv
  ✔ [leo:nic] limpiado /home/leo/ecofloc/ecofloc-nic/ECOFLOC_NIC_COMM_text.csv
  ✔ [leo:ram] limpiado /home/leo/ecofloc/ecofloc-ram/ECOFLOC_RAM_COMM_text.csv
  ✔ [leo:sd] limpiado /home/leo/ecofloc/ecofloc-sd/ECOFLOC_SD_COMM_text.csv
  ✔ [aspire:cpu] limpiado /home/luish/Documents/p3/ecofloc2/ecofloc/ecofloc-cpu/ECOFLOC_CPU_COMM_text.csv
  ✔ [aspire:nic] limpiado /home/luish/Documents/p3/ecofloc2/ecofloc/ecofloc-nic/ECOFLOC_NIC_COMM_text.csv
  ✔ [aspire:ram] limpiado /home/luish/Documents/p3/ecofloc2/ecofloc/ecofloc-ram/ECOFLOC_RAM_COMM_text.csv
  ✔ [aspire:sd] limpiado /home/luish/Documents/p3/ecofloc2/ecofloc/ecofloc-sd/ECOFLOC_SD_COMM_text.csv
  ✔ [scorpius:cpu] limpiado /home/scorpius03/Documents/ecofloc/ecofloc-cpu/ECOFLOC_CPU_COMM_text.csv
  ✔ [scorpius:nic] limpiado /home/scorpius03/Documents/ecofloc/ecofloc-nic/ECOFLOC_NIC_COMM_text.csv
  ✔ [scorpius:ram] limpiado /home/scorpius03/Documents/ecofloc/ecofloc-ram/ECOFLOC_RAM_COMM_text.csv
  ✔ [scorpius:sd] limpiado /home/scorpius03/Documents/ecofloc/ecofloc-sd/ECOFLOC_SD_COMM_text.csv
========================================
🔋 MEASURE ENERGY FINALIZADO
   Fase: fase3_carga_medium_iter1
========================================
✔️ [11:18:21] Medición fase3_carga_medium_iter1 completada
[📦] Archivando resultados → ./historyexecutions/exp(11:18:26)_fase3_medium_iter1
[✔] Archivado: ./historyexecutions/exp(11:18:26)_fase3_medium_iter1
🧹 Limpiando TeaStore (iter 1)...
⏸ Esperando 15s para limpieza completa...
✅ Iteración 1 / 2 del escenario medium completada.

########################################################
🔄 ESCENARIO: medium | ITERACIÓN: 2 / 2
   Hora: 11:19:14
########################################################
========================================
🔋 FASE 1: Descarga de imágenes (medium, iter 2)
========================================
📋 Capturando PIDs (gepidstea.sh)...
📋 Capturando PIDs de contenedores (kpsnodos.sh)...
🔋 [11:19:30] Iniciando medición de energía: fase1_descarga_medium_iter2 (25s)
   PID de medición: 3670856
🚀 Desplegando TeaStore desde /home/luish/Documents/death/teastore/TeaStore/examples/kubernetes/teastore-energy-scheduler.yaml...
========================================
🔋 MEASURE ENERGY - Fase: fase1_descarga_medium_iter2
   Duración: 25s
   PID: 3670856
========================================
=== Medición bloque 25s - Fase: fase1_descarga_medium_iter2 ===
[⏱ 11:19:30] Iniciando ecofloc en nitro5 por 25s (fase: fase1_descarga_medium_iter2)
⏳ Esperando a que todos los pods de TeaStore estén Running y Ready...
  ├─ [nitro5:sd] start 11:19:31
  ├─ [nitro5:ram] start 11:19:31
  ├─ [nitro5:nic] start 11:19:31
[⏱ 11:19:32] Iniciando ecofloc en aspire por 25s (fase: fase1_descarga_medium_iter2)
  ├─ [nitro5:cpu] start 11:19:32
  ├─ [aspire:sd] start 11:19:32
  ├─ [aspire:ram] start 11:19:32
[⏱ 11:19:32] Iniciando ecofloc en scorpius por 25s (fase: fase1_descarga_medium_iter2)
  ├─ [aspire:nic] start 11:19:32
  ├─ [aspire:cpu] start 11:19:32
  ├─ [scorpius:sd] start 11:19:32
  ├─ [scorpius:ram] start 11:19:32
[⏱ 11:19:32] Iniciando ecofloc en leo por 25s (fase: fase1_descarga_medium_iter2)
  ├─ [scorpius:nic] start 11:19:32
  ├─ [scorpius:cpu] start 11:19:32
  ├─ [leo:sd] start 11:19:32
  ├─ [leo:ram] start 11:19:32
  ├─ [leo:nic] start 11:19:32
  ├─ [leo:cpu] start 11:19:32
✅ Pods listos.
⏳ [11:19:34] Esperando que termine medición: fase1_descarga_medium_iter2 (PID: 3670856)
  └─ [nitro5:sd] end 11:19:56
  └─ [nitro5:ram] end 11:19:56
  └─ [nitro5:nic] end 11:19:56
  └─ [nitro5:cpu] end 11:19:57
  └─ [leo:cpu] end 11:19:58
  └─ [aspire:sd] end 11:19:58
  └─ [aspire:cpu] end 11:19:58
  └─ [scorpius:cpu] end 11:19:58
  └─ [leo:nic] end 11:19:58
  └─ [scorpius:sd] end 11:19:59
  └─ [aspire:nic] end 11:19:59
  └─ [aspire:ram] end 11:19:59
  └─ [scorpius:nic] end 11:19:59
  └─ [leo:ram] end 11:19:59
=== Bloque 25s terminado - Fase: fase1_descarga_medium_iter2 ===
[🧹] Limpiando CSVs internos de ecofloc en cada nodo (fase: fase1_descarga_medium_iter2)...
  ✔ [nitro5:cpu] limpiado /home/luish/Documents/p3/ecofloc2/ecofloc/ecofloc-cpu/ECOFLOC_CPU_COMM_text.csv
  ✔ [nitro5:nic] limpiado /home/luish/Documents/p3/ecofloc2/ecofloc/ecofloc-nic/ECOFLOC_NIC_COMM_text.csv
  ✔ [nitro5:ram] limpiado /home/luish/Documents/p3/ecofloc2/ecofloc/ecofloc-ram/ECOFLOC_RAM_COMM_text.csv
  ✔ [nitro5:sd] limpiado /home/luish/Documents/p3/ecofloc2/ecofloc/ecofloc-sd/ECOFLOC_SD_COMM_text.csv
  ✔ [leo:cpu] limpiado /home/leo/ecofloc/ecofloc-cpu/ECOFLOC_CPU_COMM_text.csv
  ✔ [leo:nic] limpiado /home/leo/ecofloc/ecofloc-nic/ECOFLOC_NIC_COMM_text.csv
  ✔ [leo:ram] limpiado /home/leo/ecofloc/ecofloc-ram/ECOFLOC_RAM_COMM_text.csv
  ✔ [leo:sd] limpiado /home/leo/ecofloc/ecofloc-sd/ECOFLOC_SD_COMM_text.csv
  ✔ [aspire:cpu] limpiado /home/luish/Documents/p3/ecofloc2/ecofloc/ecofloc-cpu/ECOFLOC_CPU_COMM_text.csv
  ✔ [aspire:nic] limpiado /home/luish/Documents/p3/ecofloc2/ecofloc/ecofloc-nic/ECOFLOC_NIC_COMM_text.csv
  ✔ [aspire:ram] limpiado /home/luish/Documents/p3/ecofloc2/ecofloc/ecofloc-ram/ECOFLOC_RAM_COMM_text.csv
  ✔ [aspire:sd] limpiado /home/luish/Documents/p3/ecofloc2/ecofloc/ecofloc-sd/ECOFLOC_SD_COMM_text.csv
  ✔ [scorpius:cpu] limpiado /home/scorpius03/Documents/ecofloc/ecofloc-cpu/ECOFLOC_CPU_COMM_text.csv
  ✔ [scorpius:nic] limpiado /home/scorpius03/Documents/ecofloc/ecofloc-nic/ECOFLOC_NIC_COMM_text.csv
  ✔ [scorpius:ram] limpiado /home/scorpius03/Documents/ecofloc/ecofloc-ram/ECOFLOC_RAM_COMM_text.csv
  ✔ [scorpius:sd] limpiado /home/scorpius03/Documents/ecofloc/ecofloc-sd/ECOFLOC_SD_COMM_text.csv
========================================
🔋 MEASURE ENERGY FINALIZADO
   Fase: fase1_descarga_medium_iter2
========================================
✔️ [11:20:03] Medición fase1_descarga_medium_iter2 completada
[📦] Archivando resultados → ./historyexecutions/exp(11:20:08)_fase1_medium_iter2
[✔] Archivado: ./historyexecutions/exp(11:20:08)_fase1_medium_iter2
========================================
🔋 FASE 2: Preparación de servicios (medium, iter 2)
========================================
📋 Capturando PIDs (gepidstea.sh)...
📋 Capturando PIDs de contenedores (kpsnodos.sh)...
🔋 [11:20:24] Iniciando medición de energía: fase2_preparacion_medium_iter2 (50s)
   PID de medición: 3736739
========================================
🔋 MEASURE ENERGY - Fase: fase2_preparacion_medium_iter2
   Duración: 50s
   PID: 3736739
========================================
=== Medición bloque 50s - Fase: fase2_preparacion_medium_iter2 ===
[⏱ 11:20:24] Iniciando ecofloc en nitro5 por 50s (fase: fase2_preparacion_medium_iter2)
⏳ Esperando 10s a que CoreDNS se estabilice...
  ├─ [nitro5:sd] start 11:20:24
  ├─ [nitro5:ram] start 11:20:24
  ├─ [nitro5:nic] start 11:20:25
[⏱ 11:20:25] Iniciando ecofloc en aspire por 50s (fase: fase2_preparacion_medium_iter2)
  ├─ [nitro5:cpu] start 11:20:25
  ├─ [aspire:sd] start 11:20:25
  ├─ [aspire:ram] start 11:20:25
[⏱ 11:20:25] Iniciando ecofloc en scorpius por 50s (fase: fase2_preparacion_medium_iter2)
  ├─ [aspire:nic] start 11:20:25
  ├─ [aspire:cpu] start 11:20:25
  ├─ [scorpius:sd] start 11:20:25
  ├─ [scorpius:ram] start 11:20:25
  ├─ [scorpius:nic] start 11:20:25
[⏱ 11:20:25] Iniciando ecofloc en leo por 50s (fase: fase2_preparacion_medium_iter2)
  ├─ [scorpius:cpu] start 11:20:25
  ├─ [leo:sd] start 11:20:25
  ├─ [leo:ram] start 11:20:25
  ├─ [leo:nic] start 11:20:25
  ├─ [leo:cpu] start 11:20:25
➡️ Pod WebUI: teastore-webui-ff7768544-5cbjg
➡️ Está en el nodo: scorpius03
🌐 IP del nodo WebUI: 192.168.18.34
⏳ Verificando estado del TeaStore en http://192.168.18.34:30080/tools.descartes.teastore.webui/status ...
   ➤ Estado actual: 5 / 5 servicios OK
✔ TODOS los servicios del TeaStore están OK. Continuando...
⏳ [11:20:41] Esperando que termine medición: fase2_preparacion_medium_iter2 (PID: 3736739)
  └─ [nitro5:sd] end 11:21:14
  └─ [nitro5:ram] end 11:21:15
  └─ [nitro5:nic] end 11:21:15
  └─ [nitro5:cpu] end 11:21:15
  └─ [aspire:sd] end 11:21:16
  └─ [aspire:cpu] end 11:21:16
  └─ [aspire:nic] end 11:21:17
  └─ [scorpius:sd] end 11:21:17
  └─ [scorpius:cpu] end 11:21:17
  └─ [aspire:ram] end 11:21:18
  └─ [leo:sd] end 11:21:18
  └─ [leo:cpu] end 11:21:18
  └─ [leo:nic] end 11:21:18
  └─ [scorpius:nic] end 11:21:18
  └─ [leo:ram] end 11:21:19
  └─ [scorpius:ram] end 11:21:19
=== Bloque 50s terminado - Fase: fase2_preparacion_medium_iter2 ===
[🧹] Limpiando CSVs internos de ecofloc en cada nodo (fase: fase2_preparacion_medium_iter2)...
  ✔ [nitro5:cpu] limpiado /home/luish/Documents/p3/ecofloc2/ecofloc/ecofloc-cpu/ECOFLOC_CPU_COMM_text.csv
  ✔ [nitro5:nic] limpiado /home/luish/Documents/p3/ecofloc2/ecofloc/ecofloc-nic/ECOFLOC_NIC_COMM_text.csv
  ✔ [nitro5:ram] limpiado /home/luish/Documents/p3/ecofloc2/ecofloc/ecofloc-ram/ECOFLOC_RAM_COMM_text.csv
  ✔ [nitro5:sd] limpiado /home/luish/Documents/p3/ecofloc2/ecofloc/ecofloc-sd/ECOFLOC_SD_COMM_text.csv
  ✔ [leo:cpu] limpiado /home/leo/ecofloc/ecofloc-cpu/ECOFLOC_CPU_COMM_text.csv
  ✔ [leo:nic] limpiado /home/leo/ecofloc/ecofloc-nic/ECOFLOC_NIC_COMM_text.csv
  ✔ [leo:ram] limpiado /home/leo/ecofloc/ecofloc-ram/ECOFLOC_RAM_COMM_text.csv
  ✔ [leo:sd] limpiado /home/leo/ecofloc/ecofloc-sd/ECOFLOC_SD_COMM_text.csv
  ✔ [aspire:cpu] limpiado /home/luish/Documents/p3/ecofloc2/ecofloc/ecofloc-cpu/ECOFLOC_CPU_COMM_text.csv
  ✔ [aspire:nic] limpiado /home/luish/Documents/p3/ecofloc2/ecofloc/ecofloc-nic/ECOFLOC_NIC_COMM_text.csv
  ✔ [aspire:ram] limpiado /home/luish/Documents/p3/ecofloc2/ecofloc/ecofloc-ram/ECOFLOC_RAM_COMM_text.csv
  ✔ [aspire:sd] limpiado /home/luish/Documents/p3/ecofloc2/ecofloc/ecofloc-sd/ECOFLOC_SD_COMM_text.csv
  ✔ [scorpius:cpu] limpiado /home/scorpius03/Documents/ecofloc/ecofloc-cpu/ECOFLOC_CPU_COMM_text.csv
  ✔ [scorpius:nic] limpiado /home/scorpius03/Documents/ecofloc/ecofloc-nic/ECOFLOC_NIC_COMM_text.csv
  ✔ [scorpius:ram] limpiado /home/scorpius03/Documents/ecofloc/ecofloc-ram/ECOFLOC_RAM_COMM_text.csv
  ✔ [scorpius:sd] limpiado /home/scorpius03/Documents/ecofloc/ecofloc-sd/ECOFLOC_SD_COMM_text.csv
========================================
🔋 MEASURE ENERGY FINALIZADO
   Fase: fase2_preparacion_medium_iter2
========================================
✔️ [11:21:24] Medición fase2_preparacion_medium_iter2 completada
[📦] Archivando resultados → ./historyexecutions/exp(11:21:29)_fase2_medium_iter2
[✔] Archivado: ./historyexecutions/exp(11:21:29)_fase2_medium_iter2
========================================
🔋 FASE 3: Ejecución de carga (medium, iter 2)
========================================
📋 Capturando PIDs (gepidstea.sh)...
📋 Capturando PIDs de contenedores (kpsnodos.sh)...
🔋 [11:21:47] Iniciando medición de energía: fase3_carga_medium_iter2 (145s)
   PID de medición: 3868865
=== Escenario medium (iter 2) ===
========================================
🔋 MEASURE ENERGY - Fase: fase3_carga_medium_iter2
   Duración: 145s
   PID: 3868865
========================================
=== Medición bloque 145s - Fase: fase3_carga_medium_iter2 ===
🚀 Iniciando LIMBO con profile=/home/luish/Documents/death/teastore/TeaStore/examples/httploadgenerator/increasingMedIntensity.csv y script=/home/luish/Documents/death/teastore/TeaStore/examples/httploadgenerator/teastore_buy.lua
[⏱ 11:21:47] Iniciando ecofloc en nitro5 por 145s (fase: fase3_carga_medium_iter2)
Feb 20, 2026 11:21:48 AM tools.descartes.dlim.httploadgenerator.runner.Director executeDirector
WARNING: No power measurements
Feb 20, 2026 11:21:48 AM tools.descartes.dlim.httploadgenerator.runner.Director executeDirector
INFO: Load Generator Thread Count set to 128
Feb 20, 2026 11:21:48 AM tools.descartes.dlim.httploadgenerator.runner.Director executeDirector
INFO: URL connection timout set to 10000 ms
Feb 20, 2026 11:21:48 AM tools.descartes.dlim.httploadgenerator.runner.Director executeDirector
INFO: Using Lua Script: /home/luish/Documents/death/teastore/TeaStore/examples/httploadgenerator/teastore_buy.lua
Feb 20, 2026 11:21:48 AM tools.descartes.dlim.httploadgenerator.runner.Director process
INFO: Read 120 Arrival Rate Tuples
Load Generator sent: ok
Feb 20, 2026 11:21:48 AM tools.descartes.dlim.httploadgenerator.runner.Director process
INFO: Arrival Rates sent to Load Generator(s).
Load Generator sent: ok
Feb 20, 2026 11:21:48 AM tools.descartes.dlim.httploadgenerator.runner.Director process
INFO: Thread Count sent to Load Generator(s): 128
Load Generator sent: ok
Feb 20, 2026 11:21:48 AM tools.descartes.dlim.httploadgenerator.runner.Director process
INFO: URL connection timeout sent to Load Generator(s): 10000
Load Generator sent: ok
Feb 20, 2026 11:21:48 AM tools.descartes.dlim.httploadgenerator.runner.Director process
INFO: Contents of script sent to Load Generator: /home/luish/Documents/death/teastore/TeaStore/examples/httploadgenerator/teastore_buy.lua
Feb 20, 2026 11:21:48 AM tools.descartes.dlim.httploadgenerator.runner.Director process
INFO: Starting Load Generation
Beginning Run @1771604508100(20.02.2026;11:21:48100)
  ├─ [nitro5:sd] start 11:21:48
Target Time = 0.5; Load Intensity = 8.0; #Success = 0; #Failed = 0; #Dropped = 0
  ├─ [nitro5:ram] start 11:21:48
  ├─ [nitro5:nic] start 11:21:49
[⏱ 11:21:49] Iniciando ecofloc en aspire por 145s (fase: fase3_carga_medium_iter2)
  ├─ [nitro5:cpu] start 11:21:49
  ├─ [aspire:sd] start 11:21:49
  ├─ [aspire:ram] start 11:21:49
[⏱ 11:21:49] Iniciando ecofloc en scorpius por 145s (fase: fase3_carga_medium_iter2)
  ├─ [aspire:nic] start 11:21:49
  ├─ [aspire:cpu] start 11:21:49
  ├─ [scorpius:sd] start 11:21:49
  ├─ [scorpius:ram] start 11:21:49
[⏱ 11:21:49] Iniciando ecofloc en leo por 145s (fase: fase3_carga_medium_iter2)
  ├─ [scorpius:nic] start 11:21:49
  ├─ [scorpius:cpu] start 11:21:49
  ├─ [leo:sd] start 11:21:49
  ├─ [leo:nic] start 11:21:49
  ├─ [leo:ram] start 11:21:49
  ├─ [leo:cpu] start 11:21:49
Target Time = 1.5; Load Intensity = 16.0; #Success = 0; #Failed = 0; #Dropped = 0
Target Time = 2.5; Load Intensity = 25.0; #Success = 0; #Failed = 0; #Dropped = 0
Target Time = 3.5; Load Intensity = 33.0; #Success = 11; #Failed = 0; #Dropped = 0
Target Time = 4.5; Load Intensity = 41.0; #Success = 42; #Failed = 0; #Dropped = 0
Target Time = 5.5; Load Intensity = 50.0; #Success = 14; #Failed = 0; #Dropped = 0
Target Time = 6.5; Load Intensity = 58.0; #Success = 5; #Failed = 0; #Dropped = 0
Target Time = 7.5; Load Intensity = 66.0; #Success = 6; #Failed = 0; #Dropped = 0
Target Time = 8.5; Load Intensity = 75.0; #Success = 6; #Failed = 0; #Dropped = 0
Target Time = 9.5; Load Intensity = 83.0; #Success = 6; #Failed = 0; #Dropped = 0
Target Time = 10.5; Load Intensity = 91.0; #Success = 4; #Failed = 0; #Dropped = 0
Target Time = 11.5; Load Intensity = 100.0; #Success = 6; #Failed = 0; #Dropped = 0
Target Time = 12.5; Load Intensity = 108.0; #Success = 0; #Failed = 0; #Dropped = 0
Target Time = 13.5; Load Intensity = 116.0; #Success = 3; #Failed = 0; #Dropped = 0
Target Time = 14.5; Load Intensity = 125.0; #Success = 24; #Failed = 0; #Dropped = 0
Target Time = 15.5; Load Intensity = 133.0; #Success = 40; #Failed = 8; #Dropped = 0
Target Time = 16.5; Load Intensity = 141.0; #Success = 22; #Failed = 4; #Dropped = 0
Target Time = 17.5; Load Intensity = 150.0; #Success = 6; #Failed = 0; #Dropped = 0
Target Time = 18.5; Load Intensity = 158.0; #Success = 5; #Failed = 0; #Dropped = 27
Target Time = 19.5; Load Intensity = 166.0; #Success = 4; #Failed = 2; #Dropped = 83
Target Time = 20.5; Load Intensity = 175.0; #Success = 2; #Failed = 2; #Dropped = 56
Target Time = 21.5; Load Intensity = 183.0; #Success = 6; #Failed = 0; #Dropped = 112
Target Time = 22.5; Load Intensity = 191.0; #Success = 0; #Failed = 2; #Dropped = 114
Target Time = 23.5; Load Intensity = 200.0; #Success = 3; #Failed = 1; #Dropped = 108
Target Time = 24.5; Load Intensity = 208.0; #Success = 24; #Failed = 1; #Dropped = 113
Target Time = 25.5; Load Intensity = 216.0; #Success = 48; #Failed = 3; #Dropped = 82
Target Time = 26.5; Load Intensity = 225.0; #Success = 25; #Failed = 4; #Dropped = 72
Target Time = 27.5; Load Intensity = 233.0; #Success = 2; #Failed = 3; #Dropped = 181
Target Time = 28.5; Load Intensity = 241.0; #Success = 2; #Failed = 0; #Dropped = 43
Target Time = 29.5; Load Intensity = 250.0; #Success = 1; #Failed = 0; #Dropped = 278
Target Time = 30.5; Load Intensity = 258.0; #Success = 3; #Failed = 0; #Dropped = 123
Target Time = 31.5; Load Intensity = 266.0; #Success = 6; #Failed = 13; #Dropped = 216
Target Time = 32.5; Load Intensity = 275.0; #Success = 2; #Failed = 5; #Dropped = 167
Target Time = 33.5; Load Intensity = 283.0; #Success = 4; #Failed = 2; #Dropped = 203
Target Time = 34.5; Load Intensity = 291.0; #Success = 21; #Failed = 0; #Dropped = 192
Target Time = 35.5; Load Intensity = 300.0; #Success = 56; #Failed = 0; #Dropped = 173
Target Time = 36.5; Load Intensity = 308.0; #Success = 12; #Failed = 0; #Dropped = 156
Target Time = 37.5; Load Intensity = 316.0; #Success = 2; #Failed = 0; #Dropped = 179
Target Time = 38.5; Load Intensity = 325.0; #Success = 1; #Failed = 0; #Dropped = 95
Target Time = 39.5; Load Intensity = 333.0; #Success = 1; #Failed = 0; #Dropped = 490
Target Time = 40.5; Load Intensity = 341.0; #Success = 3; #Failed = 0; #Dropped = 199
Target Time = 41.5; Load Intensity = 350.0; #Success = 19; #Failed = 0; #Dropped = 305
Target Time = 42.5; Load Intensity = 358.0; #Success = 7; #Failed = 0; #Dropped = 219
Target Time = 43.5; Load Intensity = 366.0; #Success = 6; #Failed = 0; #Dropped = 315
Target Time = 44.5; Load Intensity = 375.0; #Success = 20; #Failed = 0; #Dropped = 274
Target Time = 45.5; Load Intensity = 383.0; #Success = 57; #Failed = 0; #Dropped = 250
Target Time = 46.5; Load Intensity = 391.0; #Success = 12; #Failed = 0; #Dropped = 238
Target Time = 47.5; Load Intensity = 400.0; #Success = 2; #Failed = 0; #Dropped = 211
Target Time = 48.5; Load Intensity = 408.0; #Success = 1; #Failed = 0; #Dropped = 189
Target Time = 49.5; Load Intensity = 416.0; #Success = 0; #Failed = 0; #Dropped = 0
Target Time = 50.5; Load Intensity = 425.0; #Success = 4; #Failed = 0; #Dropped = 876
Target Time = 51.5; Load Intensity = 433.0; #Success = 13; #Failed = 0; #Dropped = 371
Target Time = 52.5; Load Intensity = 441.0; #Success = 13; #Failed = 0; #Dropped = 351
Target Time = 53.5; Load Intensity = 450.0; #Success = 6; #Failed = 0; #Dropped = 395
Target Time = 54.5; Load Intensity = 458.0; #Success = 23; #Failed = 0; #Dropped = 402
Target Time = 55.5; Load Intensity = 466.0; #Success = 54; #Failed = 0; #Dropped = 298
Target Time = 56.5; Load Intensity = 475.0; #Success = 12; #Failed = 0; #Dropped = 327
Target Time = 57.5; Load Intensity = 483.0; #Success = 2; #Failed = 0; #Dropped = 227
Target Time = 58.5; Load Intensity = 491.0; #Success = 1; #Failed = 0; #Dropped = 237
Target Time = 59.5; Load Intensity = 500.0; #Success = 1; #Failed = 0; #Dropped = 879
Target Time = 60.5; Load Intensity = 508.0; #Success = 3; #Failed = 0; #Dropped = 203
Target Time = 61.5; Load Intensity = 516.0; #Success = 19; #Failed = 7; #Dropped = 576
Target Time = 62.5; Load Intensity = 525.0; #Success = 7; #Failed = 9; #Dropped = 357
Target Time = 63.5; Load Intensity = 533.0; #Success = 6; #Failed = 0; #Dropped = 457
Target Time = 64.5; Load Intensity = 541.0; #Success = 22; #Failed = 0; #Dropped = 466
Target Time = 65.5; Load Intensity = 550.0; #Success = 47; #Failed = 0; #Dropped = 411
Target Time = 66.5; Load Intensity = 558.0; #Success = 4; #Failed = 0; #Dropped = 436
Target Time = 67.5; Load Intensity = 566.0; #Success = 3; #Failed = 0; #Dropped = 589
Target Time = 68.5; Load Intensity = 575.0; #Success = 0; #Failed = 0; #Dropped = 0
Target Time = 69.5; Load Intensity = 583.0; #Success = 0; #Failed = 0; #Dropped = 0
Target Time = 70.5; Load Intensity = 591.0; #Success = 4; #Failed = 0; #Dropped = 1297
Target Time = 71.5; Load Intensity = 600.0; #Success = 20; #Failed = 0; #Dropped = 536
Target Time = 72.5; Load Intensity = 608.0; #Success = 22; #Failed = 0; #Dropped = 566
Target Time = 73.5; Load Intensity = 616.0; #Success = 6; #Failed = 0; #Dropped = 547
Target Time = 74.5; Load Intensity = 625.0; #Success = 25; #Failed = 0; #Dropped = 579
Target Time = 75.5; Load Intensity = 633.0; #Success = 45; #Failed = 0; #Dropped = 423
Target Time = 76.5; Load Intensity = 641.0; #Success = 9; #Failed = 0; #Dropped = 526
Target Time = 77.5; Load Intensity = 650.0; #Success = 6; #Failed = 0; #Dropped = 597
Target Time = 78.5; Load Intensity = 658.0; #Success = 7; #Failed = 0; #Dropped = 569
Target Time = 79.5; Load Intensity = 666.0; #Success = 6; #Failed = 0; #Dropped = 645
Target Time = 80.5; Load Intensity = 675.0; #Success = 9; #Failed = 0; #Dropped = 398
Target Time = 81.5; Load Intensity = 683.0; #Success = 13; #Failed = 0; #Dropped = 743
Target Time = 82.5; Load Intensity = 691.0; #Success = 9; #Failed = 0; #Dropped = 537
Target Time = 83.5; Load Intensity = 700.0; #Success = 3; #Failed = 0; #Dropped = 611
Target Time = 84.5; Load Intensity = 708.0; #Success = 16; #Failed = 0; #Dropped = 640
Target Time = 85.5; Load Intensity = 716.0; #Success = 50; #Failed = 0; #Dropped = 586
Target Time = 86.5; Load Intensity = 725.0; #Success = 9; #Failed = 0; #Dropped = 531
Target Time = 87.5; Load Intensity = 733.0; #Success = 6; #Failed = 0; #Dropped = 743
Target Time = 88.5; Load Intensity = 741.0; #Success = 7; #Failed = 0; #Dropped = 618
Target Time = 89.5; Load Intensity = 750.0; #Success = 5; #Failed = 0; #Dropped = 670
Target Time = 90.5; Load Intensity = 758.0; #Success = 10; #Failed = 0; #Dropped = 600
Target Time = 91.5; Load Intensity = 766.0; #Success = 12; #Failed = 0; #Dropped = 600
Target Time = 92.5; Load Intensity = 775.0; #Success = 10; #Failed = 0; #Dropped = 801
Target Time = 93.5; Load Intensity = 783.0; #Success = 3; #Failed = 0; #Dropped = 734
Target Time = 94.5; Load Intensity = 791.0; #Success = 21; #Failed = 0; #Dropped = 732
Target Time = 95.5; Load Intensity = 800.0; #Success = 45; #Failed = 0; #Dropped = 622
Target Time = 96.5; Load Intensity = 808.0; #Success = 9; #Failed = 0; #Dropped = 596
Target Time = 97.5; Load Intensity = 816.0; #Success = 7; #Failed = 0; #Dropped = 991
Target Time = 98.5; Load Intensity = 825.0; #Success = 6; #Failed = 0; #Dropped = 593
Target Time = 99.5; Load Intensity = 833.0; #Success = 5; #Failed = 0; #Dropped = 731
Target Time = 100.5; Load Intensity = 841.0; #Success = 10; #Failed = 0; #Dropped = 706
Target Time = 101.5; Load Intensity = 850.0; #Success = 13; #Failed = 0; #Dropped = 853
Target Time = 102.5; Load Intensity = 858.0; #Success = 9; #Failed = 5; #Dropped = 726
Target Time = 103.5; Load Intensity = 866.0; #Success = 3; #Failed = 2; #Dropped = 814
Target Time = 104.5; Load Intensity = 875.0; #Success = 21; #Failed = 1; #Dropped = 736
Target Time = 105.5; Load Intensity = 883.0; #Success = 45; #Failed = 1; #Dropped = 725
Target Time = 106.5; Load Intensity = 891.0; #Success = 10; #Failed = 1; #Dropped = 900
Target Time = 107.5; Load Intensity = 900.0; #Success = 5; #Failed = 1; #Dropped = 705
Target Time = 108.5; Load Intensity = 908.0; #Success = 7; #Failed = 0; #Dropped = 807
Target Time = 109.5; Load Intensity = 916.0; #Success = 5; #Failed = 2; #Dropped = 819
Target Time = 110.5; Load Intensity = 925.0; #Success = 10; #Failed = 0; #Dropped = 768
Target Time = 111.5; Load Intensity = 933.0; #Success = 12; #Failed = 2; #Dropped = 935
Target Time = 112.5; Load Intensity = 941.0; #Success = 8; #Failed = 1; #Dropped = 774
Target Time = 113.5; Load Intensity = 950.0; #Success = 2; #Failed = 2; #Dropped = 867
Target Time = 114.5; Load Intensity = 958.0; #Success = 16; #Failed = 10; #Dropped = 925
Target Time = 115.5; Load Intensity = 966.0; #Success = 40; #Failed = 29; #Dropped = 774
Target Time = 116.5; Load Intensity = 975.0; #Success = 8; #Failed = 4; #Dropped = 885
Target Time = 117.5; Load Intensity = 983.0; #Success = 7; #Failed = 5; #Dropped = 866
Target Time = 118.5; Load Intensity = 991.0; #Success = 5; #Failed = 4; #Dropped = 947
Target Time = 119.5; Load Intensity = 1000.0; #Success = 14; #Failed = 3; #Dropped = 896
Target Time = 120.5; Load Intensity = 0.0; #Success = 12; #Failed = 2; #Dropped = 969
Target Time = 121.5; Load Intensity = 0.0; #Success = 15; #Failed = 3; #Dropped = 915
Target Time = 122.5; Load Intensity = 0.0; #Success = 9; #Failed = 0; #Dropped = 978
Target Time = 123.5; Load Intensity = 0.0; #Success = 12; #Failed = 18; #Dropped = 961
Target Time = 124.5; Load Intensity = 0.0; #Success = 17; #Failed = 6; #Dropped = 894
Target Time = 125.5; Load Intensity = 0.0; #Success = 35; #Failed = 0; #Dropped = 841
Target Time = 126.5; Load Intensity = 0.0; #Success = 9; #Failed = 0; #Dropped = 921
Target Time = 127.5; Load Intensity = 0.0; #Success = 4; #Failed = 1; #Dropped = 962
Target Time = 128.5; Load Intensity = 0.0; #Success = 3; #Failed = 0; #Dropped = 1013
Target Time = 129.5; Load Intensity = 0.0; #Success = 2; #Failed = 0; #Dropped = 85
Target Time = 130.5; Load Intensity = 0.0; #Success = 2; #Failed = 22; #Dropped = 948
Target Time = 131.5; Load Intensity = 0.0; #Success = 18; #Failed = 6; #Dropped = 0
Target Time = 132.5; Load Intensity = 0.0; #Success = 4; #Failed = 0; #Dropped = 0
Target Time = 133.5; Load Intensity = 0.0; #Success = 24; #Failed = 1; #Dropped = 0
Target Time = 134.5; Load Intensity = 0.0; #Success = 16; #Failed = 1; #Dropped = 0
Target Time = 135.5; Load Intensity = 0.0; #Success = 17; #Failed = 0; #Dropped = 0
Target Time = 136.5; Load Intensity = 0.0; #Success = 7; #Failed = 0; #Dropped = 0
Target Time = 137.5; Load Intensity = 0.0; #Success = 5; #Failed = 0; #Dropped = 0
Target Time = 138.5; Load Intensity = 0.0; #Success = 3; #Failed = 0; #Dropped = 0
Target Time = 139.5; Load Intensity = 0.0; #Success = 2; #Failed = 0; #Dropped = 0
Workload finished.
Log finished.
📄 LIMBO finalizado para scenario=medium
⏳ [11:24:12] Esperando que termine medición: fase3_carga_medium_iter2 (PID: 3868865)
  └─ [nitro5:sd] end 11:24:13
  └─ [nitro5:ram] end 11:24:13
  └─ [nitro5:nic] end 11:24:14
  └─ [nitro5:cpu] end 11:24:14
  └─ [scorpius:cpu] end 11:24:15
  └─ [leo:sd] end 11:24:17
  └─ [scorpius:sd] end 11:24:18
  └─ [leo:ram] end 11:24:18
  └─ [leo:cpu] end 11:24:18
  └─ [aspire:cpu] end 11:24:18
  └─ [aspire:nic] end 11:24:18
  └─ [aspire:sd] end 11:24:18
  └─ [scorpius:nic] end 11:24:18
  └─ [scorpius:ram] end 11:24:19
  └─ [leo:nic] end 11:24:19
  └─ [aspire:ram] end 11:24:19
=== Bloque 145s terminado - Fase: fase3_carga_medium_iter2 ===
[🧹] Limpiando CSVs internos de ecofloc en cada nodo (fase: fase3_carga_medium_iter2)...
  ✔ [nitro5:cpu] limpiado /home/luish/Documents/p3/ecofloc2/ecofloc/ecofloc-cpu/ECOFLOC_CPU_COMM_text.csv
  ✔ [nitro5:nic] limpiado /home/luish/Documents/p3/ecofloc2/ecofloc/ecofloc-nic/ECOFLOC_NIC_COMM_text.csv
  ✔ [nitro5:ram] limpiado /home/luish/Documents/p3/ecofloc2/ecofloc/ecofloc-ram/ECOFLOC_RAM_COMM_text.csv
  ✔ [nitro5:sd] limpiado /home/luish/Documents/p3/ecofloc2/ecofloc/ecofloc-sd/ECOFLOC_SD_COMM_text.csv
  ✔ [leo:cpu] limpiado /home/leo/ecofloc/ecofloc-cpu/ECOFLOC_CPU_COMM_text.csv
  ✔ [leo:nic] limpiado /home/leo/ecofloc/ecofloc-nic/ECOFLOC_NIC_COMM_text.csv
  ✔ [leo:ram] limpiado /home/leo/ecofloc/ecofloc-ram/ECOFLOC_RAM_COMM_text.csv
  ✔ [leo:sd] limpiado /home/leo/ecofloc/ecofloc-sd/ECOFLOC_SD_COMM_text.csv
  ✔ [aspire:cpu] limpiado /home/luish/Documents/p3/ecofloc2/ecofloc/ecofloc-cpu/ECOFLOC_CPU_COMM_text.csv
  ✔ [aspire:nic] limpiado /home/luish/Documents/p3/ecofloc2/ecofloc/ecofloc-nic/ECOFLOC_NIC_COMM_text.csv
  ✔ [aspire:ram] limpiado /home/luish/Documents/p3/ecofloc2/ecofloc/ecofloc-ram/ECOFLOC_RAM_COMM_text.csv
  ✔ [aspire:sd] limpiado /home/luish/Documents/p3/ecofloc2/ecofloc/ecofloc-sd/ECOFLOC_SD_COMM_text.csv
  ✔ [scorpius:cpu] limpiado /home/scorpius03/Documents/ecofloc/ecofloc-cpu/ECOFLOC_CPU_COMM_text.csv
  ✔ [scorpius:nic] limpiado /home/scorpius03/Documents/ecofloc/ecofloc-nic/ECOFLOC_NIC_COMM_text.csv
  ✔ [scorpius:ram] limpiado /home/scorpius03/Documents/ecofloc/ecofloc-ram/ECOFLOC_RAM_COMM_text.csv
  ✔ [scorpius:sd] limpiado /home/scorpius03/Documents/ecofloc/ecofloc-sd/ECOFLOC_SD_COMM_text.csv
========================================
🔋 MEASURE ENERGY FINALIZADO
   Fase: fase3_carga_medium_iter2
========================================
✔️ [11:24:24] Medición fase3_carga_medium_iter2 completada
[📦] Archivando resultados → ./historyexecutions/exp(11:24:29)_fase3_medium_iter2
[✔] Archivado: ./historyexecutions/exp(11:24:29)_fase3_medium_iter2
🧹 Limpiando TeaStore (iter 2)...
⏸ Esperando 15s para limpieza completa...
✅ Iteración 2 / 2 del escenario medium completada.

🏁 Escenario medium finalizado (2 iteraciones).

########################################################
🔄 ESCENARIO: high | ITERACIÓN: 1 / 2
   Hora: 11:25:24
########################################################
========================================
🔋 FASE 1: Descarga de imágenes (high, iter 1)
========================================
📋 Capturando PIDs (gepidstea.sh)...
📋 Capturando PIDs de contenedores (kpsnodos.sh)...
🔋 [11:25:41] Iniciando medición de energía: fase1_descarga_high_iter1 (25s)
   PID de medición: 47634
🚀 Desplegando TeaStore desde /home/luish/Documents/death/teastore/TeaStore/examples/kubernetes/teastore-energy-scheduler.yaml...
========================================
🔋 MEASURE ENERGY - Fase: fase1_descarga_high_iter1
   Duración: 25s
   PID: 47634
========================================
=== Medición bloque 25s - Fase: fase1_descarga_high_iter1 ===
[⏱ 11:25:41] Iniciando ecofloc en nitro5 por 25s (fase: fase1_descarga_high_iter1)
⏳ Esperando a que todos los pods de TeaStore estén Running y Ready...
  ├─ [nitro5:sd] start 11:25:41
  ├─ [nitro5:ram] start 11:25:42
  ├─ [nitro5:nic] start 11:25:42
[⏱ 11:25:43] Iniciando ecofloc en aspire por 25s (fase: fase1_descarga_high_iter1)
  ├─ [nitro5:cpu] start 11:25:43
  ├─ [aspire:sd] start 11:25:43
  ├─ [aspire:ram] start 11:25:43
[⏱ 11:25:43] Iniciando ecofloc en scorpius por 25s (fase: fase1_descarga_high_iter1)
  ├─ [aspire:nic] start 11:25:43
  ├─ [aspire:cpu] start 11:25:43
  ├─ [scorpius:sd] start 11:25:43
  ├─ [scorpius:ram] start 11:25:43
[⏱ 11:25:43] Iniciando ecofloc en leo por 25s (fase: fase1_descarga_high_iter1)
  ├─ [scorpius:nic] start 11:25:43
  ├─ [scorpius:cpu] start 11:25:43
  ├─ [leo:sd] start 11:25:43
  ├─ [leo:ram] start 11:25:43
  ├─ [leo:nic] start 11:25:43
  ├─ [leo:cpu] start 11:25:43
✅ Pods listos.
⏳ [11:25:45] Esperando que termine medición: fase1_descarga_high_iter1 (PID: 47634)
  └─ [nitro5:sd] end 11:26:06
  └─ [nitro5:ram] end 11:26:07
  └─ [nitro5:nic] end 11:26:07
  └─ [nitro5:cpu] end 11:26:08
  └─ [aspire:cpu] end 11:26:08
  └─ [scorpius:cpu] end 11:26:09
  └─ [leo:cpu] end 11:26:09
  └─ [aspire:sd] end 11:26:09
  └─ [leo:nic] end 11:26:09
  └─ [leo:ram] end 11:26:09
  └─ [scorpius:sd] end 11:26:10
  └─ [aspire:nic] end 11:26:10
  └─ [aspire:ram] end 11:26:10
  └─ [scorpius:nic] end 11:26:10
  └─ [leo:sd] end 11:26:10
  └─ [scorpius:ram] end 11:26:10
=== Bloque 25s terminado - Fase: fase1_descarga_high_iter1 ===
[🧹] Limpiando CSVs internos de ecofloc en cada nodo (fase: fase1_descarga_high_iter1)...
  ✔ [nitro5:cpu] limpiado /home/luish/Documents/p3/ecofloc2/ecofloc/ecofloc-cpu/ECOFLOC_CPU_COMM_text.csv
  ✔ [nitro5:nic] limpiado /home/luish/Documents/p3/ecofloc2/ecofloc/ecofloc-nic/ECOFLOC_NIC_COMM_text.csv
  ✔ [nitro5:ram] limpiado /home/luish/Documents/p3/ecofloc2/ecofloc/ecofloc-ram/ECOFLOC_RAM_COMM_text.csv
  ✔ [nitro5:sd] limpiado /home/luish/Documents/p3/ecofloc2/ecofloc/ecofloc-sd/ECOFLOC_SD_COMM_text.csv
  ✔ [leo:cpu] limpiado /home/leo/ecofloc/ecofloc-cpu/ECOFLOC_CPU_COMM_text.csv
  ✔ [leo:nic] limpiado /home/leo/ecofloc/ecofloc-nic/ECOFLOC_NIC_COMM_text.csv
  ✔ [leo:ram] limpiado /home/leo/ecofloc/ecofloc-ram/ECOFLOC_RAM_COMM_text.csv
  ✔ [leo:sd] limpiado /home/leo/ecofloc/ecofloc-sd/ECOFLOC_SD_COMM_text.csv
  ✔ [aspire:cpu] limpiado /home/luish/Documents/p3/ecofloc2/ecofloc/ecofloc-cpu/ECOFLOC_CPU_COMM_text.csv
  ✔ [aspire:nic] limpiado /home/luish/Documents/p3/ecofloc2/ecofloc/ecofloc-nic/ECOFLOC_NIC_COMM_text.csv
  ✔ [aspire:ram] limpiado /home/luish/Documents/p3/ecofloc2/ecofloc/ecofloc-ram/ECOFLOC_RAM_COMM_text.csv
  ✔ [aspire:sd] limpiado /home/luish/Documents/p3/ecofloc2/ecofloc/ecofloc-sd/ECOFLOC_SD_COMM_text.csv
  ✔ [scorpius:cpu] limpiado /home/scorpius03/Documents/ecofloc/ecofloc-cpu/ECOFLOC_CPU_COMM_text.csv
  ✔ [scorpius:nic] limpiado /home/scorpius03/Documents/ecofloc/ecofloc-nic/ECOFLOC_NIC_COMM_text.csv
  ✔ [scorpius:ram] limpiado /home/scorpius03/Documents/ecofloc/ecofloc-ram/ECOFLOC_RAM_COMM_text.csv
  ✔ [scorpius:sd] limpiado /home/scorpius03/Documents/ecofloc/ecofloc-sd/ECOFLOC_SD_COMM_text.csv
========================================
🔋 MEASURE ENERGY FINALIZADO
   Fase: fase1_descarga_high_iter1
========================================
✔️ [11:26:15] Medición fase1_descarga_high_iter1 completada
[📦] Archivando resultados → ./historyexecutions/exp(11:26:20)_fase1_high_iter1
[✔] Archivado: ./historyexecutions/exp(11:26:20)_fase1_high_iter1
========================================
🔋 FASE 2: Preparación de servicios (high, iter 1)
========================================
📋 Capturando PIDs (gepidstea.sh)...
📋 Capturando PIDs de contenedores (kpsnodos.sh)...
🔋 [11:26:37] Iniciando medición de energía: fase2_preparacion_high_iter1 (50s)
   PID de medición: 115476
========================================
🔋 MEASURE ENERGY - Fase: fase2_preparacion_high_iter1
   Duración: 50s
   PID: 115476
========================================
=== Medición bloque 50s - Fase: fase2_preparacion_high_iter1 ===
[⏱ 11:26:37] Iniciando ecofloc en nitro5 por 50s (fase: fase2_preparacion_high_iter1)
⏳ Esperando 10s a que CoreDNS se estabilice...
  ├─ [nitro5:sd] start 11:26:38
  ├─ [nitro5:ram] start 11:26:38
  ├─ [nitro5:nic] start 11:26:39
[⏱ 11:26:39] Iniciando ecofloc en aspire por 50s (fase: fase2_preparacion_high_iter1)
  ├─ [nitro5:cpu] start 11:26:39
  ├─ [aspire:sd] start 11:26:39
  ├─ [aspire:ram] start 11:26:39
[⏱ 11:26:39] Iniciando ecofloc en scorpius por 50s (fase: fase2_preparacion_high_iter1)
  ├─ [aspire:nic] start 11:26:39
  ├─ [aspire:cpu] start 11:26:39
  ├─ [scorpius:sd] start 11:26:39
  ├─ [scorpius:ram] start 11:26:39
  ├─ [scorpius:nic] start 11:26:39
[⏱ 11:26:39] Iniciando ecofloc en leo por 50s (fase: fase2_preparacion_high_iter1)
  ├─ [scorpius:cpu] start 11:26:39
  ├─ [leo:sd] start 11:26:39
  ├─ [leo:ram] start 11:26:39
  ├─ [leo:nic] start 11:26:39
  ├─ [leo:cpu] start 11:26:39
➡️ Pod WebUI: teastore-webui-ff7768544-ctx4n
➡️ Está en el nodo: luish-aspire-a315-55g
🌐 IP del nodo WebUI: 192.168.18.37
⏳ Verificando estado del TeaStore en http://192.168.18.37:30080/tools.descartes.teastore.webui/status ...
   ➤ Estado actual: 5 / 5 servicios OK
✔ TODOS los servicios del TeaStore están OK. Continuando...
⏳ [11:26:53] Esperando que termine medición: fase2_preparacion_high_iter1 (PID: 115476)
  └─ [nitro5:sd] end 11:27:28
  └─ [nitro5:ram] end 11:27:28
  └─ [nitro5:nic] end 11:27:29
  └─ [nitro5:cpu] end 11:27:29
  └─ [leo:cpu] end 11:27:30
  └─ [scorpius:sd] end 11:27:31
  └─ [scorpius:cpu] end 11:27:31
  └─ [aspire:nic] end 11:27:31
  └─ [aspire:sd] end 11:27:31
  └─ [aspire:cpu] end 11:27:31
  └─ [scorpius:nic] end 11:27:32
  └─ [aspire:ram] end 11:27:32
  └─ [leo:nic] end 11:27:32
  └─ [scorpius:ram] end 11:27:32
  └─ [leo:ram] end 11:27:32
  └─ [leo:sd] end 11:27:33
=== Bloque 50s terminado - Fase: fase2_preparacion_high_iter1 ===
[🧹] Limpiando CSVs internos de ecofloc en cada nodo (fase: fase2_preparacion_high_iter1)...
  ✔ [nitro5:cpu] limpiado /home/luish/Documents/p3/ecofloc2/ecofloc/ecofloc-cpu/ECOFLOC_CPU_COMM_text.csv
  ✔ [nitro5:nic] limpiado /home/luish/Documents/p3/ecofloc2/ecofloc/ecofloc-nic/ECOFLOC_NIC_COMM_text.csv
  ✔ [nitro5:ram] limpiado /home/luish/Documents/p3/ecofloc2/ecofloc/ecofloc-ram/ECOFLOC_RAM_COMM_text.csv
  ✔ [nitro5:sd] limpiado /home/luish/Documents/p3/ecofloc2/ecofloc/ecofloc-sd/ECOFLOC_SD_COMM_text.csv
  ✔ [leo:cpu] limpiado /home/leo/ecofloc/ecofloc-cpu/ECOFLOC_CPU_COMM_text.csv
  ✔ [leo:nic] limpiado /home/leo/ecofloc/ecofloc-nic/ECOFLOC_NIC_COMM_text.csv
  ✔ [leo:ram] limpiado /home/leo/ecofloc/ecofloc-ram/ECOFLOC_RAM_COMM_text.csv
  ✔ [leo:sd] limpiado /home/leo/ecofloc/ecofloc-sd/ECOFLOC_SD_COMM_text.csv
  ✔ [aspire:cpu] limpiado /home/luish/Documents/p3/ecofloc2/ecofloc/ecofloc-cpu/ECOFLOC_CPU_COMM_text.csv
  ✔ [aspire:nic] limpiado /home/luish/Documents/p3/ecofloc2/ecofloc/ecofloc-nic/ECOFLOC_NIC_COMM_text.csv
  ✔ [aspire:ram] limpiado /home/luish/Documents/p3/ecofloc2/ecofloc/ecofloc-ram/ECOFLOC_RAM_COMM_text.csv
  ✔ [aspire:sd] limpiado /home/luish/Documents/p3/ecofloc2/ecofloc/ecofloc-sd/ECOFLOC_SD_COMM_text.csv
  ✔ [scorpius:cpu] limpiado /home/scorpius03/Documents/ecofloc/ecofloc-cpu/ECOFLOC_CPU_COMM_text.csv
  ✔ [scorpius:nic] limpiado /home/scorpius03/Documents/ecofloc/ecofloc-nic/ECOFLOC_NIC_COMM_text.csv
  ✔ [scorpius:ram] limpiado /home/scorpius03/Documents/ecofloc/ecofloc-ram/ECOFLOC_RAM_COMM_text.csv
  ✔ [scorpius:sd] limpiado /home/scorpius03/Documents/ecofloc/ecofloc-sd/ECOFLOC_SD_COMM_text.csv
========================================
🔋 MEASURE ENERGY FINALIZADO
   Fase: fase2_preparacion_high_iter1
========================================
✔️ [11:27:37] Medición fase2_preparacion_high_iter1 completada
[📦] Archivando resultados → ./historyexecutions/exp(11:27:42)_fase2_high_iter1
[✔] Archivado: ./historyexecutions/exp(11:27:42)_fase2_high_iter1
========================================
🔋 FASE 3: Ejecución de carga (high, iter 1)
========================================
📋 Capturando PIDs (gepidstea.sh)...
📋 Capturando PIDs de contenedores (kpsnodos.sh)...
🔋 [11:28:05] Iniciando medición de energía: fase3_carga_high_iter1 (145s)
   PID de medición: 247526
=== Escenario high (iter 1) ===
========================================
🔋 MEASURE ENERGY - Fase: fase3_carga_high_iter1
   Duración: 145s
   PID: 247526
========================================
=== Medición bloque 145s - Fase: fase3_carga_high_iter1 ===
🚀 Iniciando LIMBO con profile=/home/luish/Documents/death/teastore/TeaStore/examples/httploadgenerator/increasingHighIntensity.csv y script=/home/luish/Documents/death/teastore/TeaStore/examples/httploadgenerator/teastore_buy.lua
[⏱ 11:28:05] Iniciando ecofloc en nitro5 por 145s (fase: fase3_carga_high_iter1)
Feb 20, 2026 11:28:05 AM tools.descartes.dlim.httploadgenerator.runner.Director executeDirector
WARNING: No power measurements
Feb 20, 2026 11:28:05 AM tools.descartes.dlim.httploadgenerator.runner.Director executeDirector
INFO: Load Generator Thread Count set to 128
Feb 20, 2026 11:28:05 AM tools.descartes.dlim.httploadgenerator.runner.Director executeDirector
INFO: URL connection timout set to 10000 ms
Feb 20, 2026 11:28:05 AM tools.descartes.dlim.httploadgenerator.runner.Director executeDirector
INFO: Using Lua Script: /home/luish/Documents/death/teastore/TeaStore/examples/httploadgenerator/teastore_buy.lua
Feb 20, 2026 11:28:05 AM tools.descartes.dlim.httploadgenerator.runner.Director process
INFO: Read 120 Arrival Rate Tuples
Load Generator sent: ok
Feb 20, 2026 11:28:05 AM tools.descartes.dlim.httploadgenerator.runner.Director process
INFO: Arrival Rates sent to Load Generator(s).
Load Generator sent: ok
Feb 20, 2026 11:28:05 AM tools.descartes.dlim.httploadgenerator.runner.Director process
INFO: Thread Count sent to Load Generator(s): 128
Load Generator sent: ok
Feb 20, 2026 11:28:05 AM tools.descartes.dlim.httploadgenerator.runner.Director process
INFO: URL connection timeout sent to Load Generator(s): 10000
Load Generator sent: ok
Feb 20, 2026 11:28:05 AM tools.descartes.dlim.httploadgenerator.runner.Director process
INFO: Contents of script sent to Load Generator: /home/luish/Documents/death/teastore/TeaStore/examples/httploadgenerator/teastore_buy.lua
Feb 20, 2026 11:28:05 AM tools.descartes.dlim.httploadgenerator.runner.Director process
INFO: Starting Load Generation
Beginning Run @1771604885268(20.02.2026;11:28:05268)
  ├─ [nitro5:sd] start 11:28:05
  ├─ [nitro5:ram] start 11:28:05
Target Time = 0.5; Load Intensity = 16.0; #Success = 0; #Failed = 0; #Dropped = 0
  ├─ [nitro5:nic] start 11:28:06
[⏱ 11:28:06] Iniciando ecofloc en aspire por 145s (fase: fase3_carga_high_iter1)
  ├─ [nitro5:cpu] start 11:28:06
  ├─ [aspire:sd] start 11:28:06
  ├─ [aspire:ram] start 11:28:06
  ├─ [aspire:nic] start 11:28:06
[⏱ 11:28:06] Iniciando ecofloc en scorpius por 145s (fase: fase3_carga_high_iter1)
  ├─ [aspire:cpu] start 11:28:06
  ├─ [scorpius:sd] start 11:28:06
  ├─ [scorpius:ram] start 11:28:06
[⏱ 11:28:06] Iniciando ecofloc en leo por 145s (fase: fase3_carga_high_iter1)
  ├─ [scorpius:nic] start 11:28:06
  ├─ [scorpius:cpu] start 11:28:06
  ├─ [leo:ram] start 11:28:06
  ├─ [leo:nic] start 11:28:06
  ├─ [leo:sd] start 11:28:06
  ├─ [leo:cpu] start 11:28:06
Target Time = 1.5; Load Intensity = 33.0; #Success = 0; #Failed = 2; #Dropped = 0
Target Time = 2.5; Load Intensity = 50.0; #Success = 21; #Failed = 0; #Dropped = 0
Target Time = 3.5; Load Intensity = 66.0; #Success = 3; #Failed = 0; #Dropped = 0
Target Time = 4.5; Load Intensity = 83.0; #Success = 9; #Failed = 0; #Dropped = 0
Target Time = 5.5; Load Intensity = 100.0; #Success = 7; #Failed = 0; #Dropped = 0
Target Time = 6.5; Load Intensity = 116.0; #Success = 5; #Failed = 3; #Dropped = 0
Target Time = 7.5; Load Intensity = 133.0; #Success = 3; #Failed = 0; #Dropped = 0
Target Time = 8.5; Load Intensity = 150.0; #Success = 8; #Failed = 0; #Dropped = 0
Target Time = 9.5; Load Intensity = 166.0; #Success = 6; #Failed = 0; #Dropped = 0
Target Time = 10.5; Load Intensity = 183.0; #Success = 1; #Failed = 0; #Dropped = 0
Target Time = 11.5; Load Intensity = 200.0; #Success = 5; #Failed = 0; #Dropped = 0
Target Time = 12.5; Load Intensity = 216.0; #Success = 39; #Failed = 0; #Dropped = 0
Target Time = 13.5; Load Intensity = 233.0; #Success = 41; #Failed = 9; #Dropped = 0
Target Time = 14.5; Load Intensity = 250.0; #Success = 2; #Failed = 2; #Dropped = 0
Target Time = 15.5; Load Intensity = 266.0; #Success = 3; #Failed = 3; #Dropped = 43
Target Time = 16.5; Load Intensity = 283.0; #Success = 5; #Failed = 2; #Dropped = 117
Target Time = 17.5; Load Intensity = 300.0; #Success = 2; #Failed = 0; #Dropped = 110
Target Time = 18.5; Load Intensity = 316.0; #Success = 8; #Failed = 1; #Dropped = 72
Target Time = 19.5; Load Intensity = 333.0; #Success = 6; #Failed = 0; #Dropped = 218
Target Time = 20.5; Load Intensity = 350.0; #Success = 1; #Failed = 0; #Dropped = 91
Target Time = 21.5; Load Intensity = 366.0; #Success = 5; #Failed = 0; #Dropped = 317
Target Time = 22.5; Load Intensity = 383.0; #Success = 38; #Failed = 1; #Dropped = 177
Target Time = 23.5; Load Intensity = 400.0; #Success = 47; #Failed = 0; #Dropped = 158
Target Time = 24.5; Load Intensity = 416.0; #Success = 6; #Failed = 0; #Dropped = 255
Target Time = 25.5; Load Intensity = 433.0; #Success = 6; #Failed = 0; #Dropped = 270
Target Time = 26.5; Load Intensity = 450.0; #Success = 5; #Failed = 0; #Dropped = 284
Target Time = 27.5; Load Intensity = 466.0; #Success = 4; #Failed = 0; #Dropped = 267
Target Time = 28.5; Load Intensity = 483.0; #Success = 9; #Failed = 0; #Dropped = 190
Target Time = 29.5; Load Intensity = 500.0; #Success = 6; #Failed = 0; #Dropped = 392
Target Time = 30.5; Load Intensity = 516.0; #Success = 1; #Failed = 0; #Dropped = 227
Target Time = 31.5; Load Intensity = 533.0; #Success = 4; #Failed = 0; #Dropped = 564
Target Time = 32.5; Load Intensity = 550.0; #Success = 40; #Failed = 0; #Dropped = 337
Target Time = 33.5; Load Intensity = 566.0; #Success = 47; #Failed = 0; #Dropped = 295
Target Time = 34.5; Load Intensity = 583.0; #Success = 6; #Failed = 5; #Dropped = 462
Target Time = 35.5; Load Intensity = 600.0; #Success = 4; #Failed = 3; #Dropped = 323
Target Time = 36.5; Load Intensity = 616.0; #Success = 1; #Failed = 12; #Dropped = 594
Target Time = 37.5; Load Intensity = 633.0; #Success = 0; #Failed = 1; #Dropped = 442
Target Time = 38.5; Load Intensity = 650.0; #Success = 9; #Failed = 1; #Dropped = 229
Target Time = 39.5; Load Intensity = 666.0; #Success = 6; #Failed = 0; #Dropped = 585
Target Time = 40.5; Load Intensity = 683.0; #Success = 1; #Failed = 0; #Dropped = 273
Target Time = 41.5; Load Intensity = 700.0; #Success = 8; #Failed = 0; #Dropped = 995
Target Time = 42.5; Load Intensity = 716.0; #Success = 36; #Failed = 0; #Dropped = 417
Target Time = 43.5; Load Intensity = 733.0; #Success = 37; #Failed = 0; #Dropped = 585
Target Time = 44.5; Load Intensity = 750.0; #Success = 9; #Failed = 0; #Dropped = 512
Target Time = 45.5; Load Intensity = 766.0; #Success = 8; #Failed = 0; #Dropped = 653
Target Time = 46.5; Load Intensity = 783.0; #Success = 10; #Failed = 0; #Dropped = 464
Target Time = 47.5; Load Intensity = 800.0; #Success = 3; #Failed = 0; #Dropped = 701
Target Time = 48.5; Load Intensity = 816.0; #Success = 10; #Failed = 0; #Dropped = 431
Target Time = 49.5; Load Intensity = 833.0; #Success = 6; #Failed = 0; #Dropped = 758
Target Time = 50.5; Load Intensity = 850.0; #Success = 1; #Failed = 0; #Dropped = 329
Target Time = 51.5; Load Intensity = 866.0; #Success = 4; #Failed = 0; #Dropped = 1146
Target Time = 52.5; Load Intensity = 883.0; #Success = 40; #Failed = 0; #Dropped = 706
Target Time = 53.5; Load Intensity = 900.0; #Success = 37; #Failed = 0; #Dropped = 696
Target Time = 54.5; Load Intensity = 916.0; #Success = 9; #Failed = 0; #Dropped = 721
Target Time = 55.5; Load Intensity = 933.0; #Success = 7; #Failed = 0; #Dropped = 542
Target Time = 56.5; Load Intensity = 950.0; #Success = 12; #Failed = 0; #Dropped = 997
Target Time = 57.5; Load Intensity = 966.0; #Success = 1; #Failed = 0; #Dropped = 122
Target Time = 58.5; Load Intensity = 983.0; #Success = 11; #Failed = 0; #Dropped = 1102
Target Time = 59.5; Load Intensity = 1000.0; #Success = 6; #Failed = 0; #Dropped = 1082
Target Time = 60.5; Load Intensity = 1016.0; #Success = 1; #Failed = 0; #Dropped = 432
Target Time = 61.5; Load Intensity = 1033.0; #Success = 5; #Failed = 0; #Dropped = 1455
Target Time = 62.5; Load Intensity = 1050.0; #Success = 39; #Failed = 0; #Dropped = 803
Target Time = 63.5; Load Intensity = 1066.0; #Success = 35; #Failed = 0; #Dropped = 662
Target Time = 64.5; Load Intensity = 1083.0; #Success = 11; #Failed = 0; #Dropped = 1072
Target Time = 65.5; Load Intensity = 1100.0; #Success = 7; #Failed = 0; #Dropped = 648
Target Time = 66.5; Load Intensity = 1116.0; #Success = 12; #Failed = 0; #Dropped = 1162
Target Time = 67.5; Load Intensity = 1133.0; #Success = 2; #Failed = 0; #Dropped = 1143
Target Time = 68.5; Load Intensity = 1150.0; #Success = 10; #Failed = 0; #Dropped = 613
Target Time = 69.5; Load Intensity = 1166.0; #Success = 6; #Failed = 0; #Dropped = 1113
Target Time = 70.5; Load Intensity = 1183.0; #Success = 1; #Failed = 15; #Dropped = 742
Target Time = 71.5; Load Intensity = 1200.0; #Success = 6; #Failed = 2; #Dropped = 1332
Target Time = 72.5; Load Intensity = 1216.0; #Success = 21; #Failed = 0; #Dropped = 1013
Target Time = 73.5; Load Intensity = 1233.0; #Success = 35; #Failed = 0; #Dropped = 969
Target Time = 74.5; Load Intensity = 1250.0; #Success = 11; #Failed = 0; #Dropped = 1245
Target Time = 75.5; Load Intensity = 1266.0; #Success = 9; #Failed = 0; #Dropped = 796
Target Time = 76.5; Load Intensity = 1283.0; #Success = 12; #Failed = 0; #Dropped = 1406
Target Time = 77.5; Load Intensity = 1300.0; #Success = 1; #Failed = 0; #Dropped = 55
Target Time = 78.5; Load Intensity = 1316.0; #Success = 9; #Failed = 0; #Dropped = 1793
Target Time = 79.5; Load Intensity = 1333.0; #Success = 6; #Failed = 0; #Dropped = 1439
Target Time = 80.5; Load Intensity = 1350.0; #Success = 16; #Failed = 0; #Dropped = 845
Target Time = 81.5; Load Intensity = 1366.0; #Success = 10; #Failed = 0; #Dropped = 1719
Target Time = 82.5; Load Intensity = 1383.0; #Success = 19; #Failed = 0; #Dropped = 1077
Target Time = 83.5; Load Intensity = 1400.0; #Success = 37; #Failed = 0; #Dropped = 1315
Target Time = 84.5; Load Intensity = 1416.0; #Success = 9; #Failed = 5; #Dropped = 1177
Target Time = 85.5; Load Intensity = 1433.0; #Success = 6; #Failed = 15; #Dropped = 1068
Target Time = 86.5; Load Intensity = 1450.0; #Success = 0; #Failed = 7; #Dropped = 1110
Target Time = 87.5; Load Intensity = 1466.0; #Success = 0; #Failed = 0; #Dropped = 0
Target Time = 88.5; Load Intensity = 1483.0; #Success = 10; #Failed = 0; #Dropped = 2803
Target Time = 89.5; Load Intensity = 1500.0; #Success = 13; #Failed = 0; #Dropped = 1426
Target Time = 90.5; Load Intensity = 1516.0; #Success = 12; #Failed = 0; #Dropped = 1306
Target Time = 91.5; Load Intensity = 1533.0; #Success = 9; #Failed = 0; #Dropped = 1332
Target Time = 92.5; Load Intensity = 1550.0; #Success = 10; #Failed = 0; #Dropped = 642
Target Time = 93.5; Load Intensity = 1566.0; #Success = 30; #Failed = 0; #Dropped = 1947
Target Time = 94.5; Load Intensity = 1583.0; #Success = 16; #Failed = 0; #Dropped = 1652
Target Time = 95.5; Load Intensity = 1600.0; #Success = 21; #Failed = 0; #Dropped = 1158
Target Time = 96.5; Load Intensity = 1616.0; #Success = 7; #Failed = 0; #Dropped = 1241
Target Time = 97.5; Load Intensity = 1633.0; #Success = 0; #Failed = 0; #Dropped = 0
Target Time = 98.5; Load Intensity = 1650.0; #Success = 10; #Failed = 0; #Dropped = 3272
Target Time = 99.5; Load Intensity = 1666.0; #Success = 13; #Failed = 0; #Dropped = 1569
Target Time = 100.5; Load Intensity = 1683.0; #Success = 11; #Failed = 1; #Dropped = 1480
Target Time = 101.5; Load Intensity = 1700.0; #Success = 9; #Failed = 0; #Dropped = 1503
Target Time = 102.5; Load Intensity = 1716.0; #Success = 10; #Failed = 0; #Dropped = 777
Target Time = 103.5; Load Intensity = 1733.0; #Success = 30; #Failed = 0; #Dropped = 1994
Target Time = 104.5; Load Intensity = 1750.0; #Success = 15; #Failed = 1; #Dropped = 1922
Target Time = 105.5; Load Intensity = 1766.0; #Success = 18; #Failed = 8; #Dropped = 1390
Target Time = 106.5; Load Intensity = 1783.0; #Success = 3; #Failed = 4; #Dropped = 1170
Target Time = 107.5; Load Intensity = 1800.0; #Success = 0; #Failed = 0; #Dropped = 0
Target Time = 108.5; Load Intensity = 1816.0; #Success = 10; #Failed = 4; #Dropped = 3586
Target Time = 109.5; Load Intensity = 1833.0; #Success = 12; #Failed = 4; #Dropped = 1924
Target Time = 110.5; Load Intensity = 1850.0; #Success = 12; #Failed = 2; #Dropped = 1599
Target Time = 111.5; Load Intensity = 1866.0; #Success = 9; #Failed = 1; #Dropped = 1679
Target Time = 112.5; Load Intensity = 1883.0; #Success = 45; #Failed = 3; #Dropped = 1780
Target Time = 113.5; Load Intensity = 1900.0; #Success = 37; #Failed = 0; #Dropped = 1902
Target Time = 114.5; Load Intensity = 1916.0; #Success = 13; #Failed = 0; #Dropped = 1567
  └─ [aspire:nic] end 11:30:00
Target Time = 115.5; Load Intensity = 1933.0; #Success = 21; #Failed = 0; #Dropped = 1700
Target Time = 116.5; Load Intensity = 1950.0; #Success = 3; #Failed = 0; #Dropped = 1824
Target Time = 117.5; Load Intensity = 1966.0; #Success = 3; #Failed = 0; #Dropped = 1698
Target Time = 118.5; Load Intensity = 1983.0; #Success = 8; #Failed = 0; #Dropped = 761
Target Time = 119.5; Load Intensity = 2000.0; #Success = 3; #Failed = 16; #Dropped = 2757
Target Time = 120.5; Load Intensity = 0.0; #Success = 0; #Failed = 98; #Dropped = 1932
Target Time = 121.5; Load Intensity = 0.0; #Success = 0; #Failed = 31; #Dropped = 1720
Target Time = 122.5; Load Intensity = 0.0; #Success = 0; #Failed = 79; #Dropped = 2035
Target Time = 123.5; Load Intensity = 0.0; #Success = 0; #Failed = 8; #Dropped = 172
Target Time = 124.5; Load Intensity = 0.0; #Success = 15; #Failed = 0; #Dropped = 3481
Target Time = 125.5; Load Intensity = 0.0; #Success = 4; #Failed = 0; #Dropped = 1817
Target Time = 126.5; Load Intensity = 0.0; #Success = 4; #Failed = 0; #Dropped = 1952
Target Time = 127.5; Load Intensity = 0.0; #Success = 2; #Failed = 0; #Dropped = 1021
Target Time = 128.5; Load Intensity = 0.0; #Success = 0; #Failed = 0; #Dropped = 0
Target Time = 129.5; Load Intensity = 0.0; #Success = 1; #Failed = 0; #Dropped = 4982
Target Time = 130.5; Load Intensity = 0.0; #Success = 4; #Failed = 0; #Dropped = 95
Target Time = 131.5; Load Intensity = 0.0; #Success = 17; #Failed = 0; #Dropped = 0
Target Time = 132.5; Load Intensity = 0.0; #Success = 76; #Failed = 0; #Dropped = 0
Target Time = 133.5; Load Intensity = 0.0; #Success = 5; #Failed = 0; #Dropped = 0
Target Time = 134.5; Load Intensity = 0.0; #Success = 15; #Failed = 0; #Dropped = 0
Target Time = 135.5; Load Intensity = 0.0; #Success = 4; #Failed = 0; #Dropped = 0
Target Time = 136.5; Load Intensity = 0.0; #Success = 4; #Failed = 0; #Dropped = 0
Target Time = 137.5; Load Intensity = 0.0; #Success = 2; #Failed = 0; #Dropped = 0
Target Time = 138.5; Load Intensity = 0.0; #Success = 0; #Failed = 0; #Dropped = 0
Target Time = 139.5; Load Intensity = 0.0; #Success = 1; #Failed = 0; #Dropped = 0
Workload finished.
Log finished.
📄 LIMBO finalizado para scenario=high
⏳ [11:30:29] Esperando que termine medición: fase3_carga_high_iter1 (PID: 247526)
  └─ [nitro5:sd] end 11:30:30
  └─ [nitro5:ram] end 11:30:30
  └─ [nitro5:nic] end 11:30:31
  └─ [nitro5:cpu] end 11:30:31
  └─ [leo:cpu] end 11:30:37
  └─ [scorpius:cpu] end 11:30:38
  └─ [scorpius:sd] end 11:30:40
  └─ [leo:sd] end 11:30:44
  └─ [scorpius:nic] end 11:30:52
  └─ [leo:nic] end 11:30:52
  └─ [leo:ram] end 11:31:00
  └─ [scorpius:ram] end 11:31:00
  └─ [aspire:cpu] end 11:31:02
  └─ [aspire:ram] end 11:31:02
  └─ [aspire:sd] end 11:31:02
=== Bloque 145s terminado - Fase: fase3_carga_high_iter1 ===
[🧹] Limpiando CSVs internos de ecofloc en cada nodo (fase: fase3_carga_high_iter1)...
  ✔ [nitro5:cpu] limpiado /home/luish/Documents/p3/ecofloc2/ecofloc/ecofloc-cpu/ECOFLOC_CPU_COMM_text.csv
  ✔ [nitro5:nic] limpiado /home/luish/Documents/p3/ecofloc2/ecofloc/ecofloc-nic/ECOFLOC_NIC_COMM_text.csv
  ✔ [nitro5:ram] limpiado /home/luish/Documents/p3/ecofloc2/ecofloc/ecofloc-ram/ECOFLOC_RAM_COMM_text.csv
  ✔ [nitro5:sd] limpiado /home/luish/Documents/p3/ecofloc2/ecofloc/ecofloc-sd/ECOFLOC_SD_COMM_text.csv
  ✔ [leo:cpu] limpiado /home/leo/ecofloc/ecofloc-cpu/ECOFLOC_CPU_COMM_text.csv
  ✔ [leo:nic] limpiado /home/leo/ecofloc/ecofloc-nic/ECOFLOC_NIC_COMM_text.csv
  ✔ [leo:ram] limpiado /home/leo/ecofloc/ecofloc-ram/ECOFLOC_RAM_COMM_text.csv
  ✔ [leo:sd] limpiado /home/leo/ecofloc/ecofloc-sd/ECOFLOC_SD_COMM_text.csv
  ✔ [aspire:cpu] limpiado /home/luish/Documents/p3/ecofloc2/ecofloc/ecofloc-cpu/ECOFLOC_CPU_COMM_text.csv
  ✔ [aspire:nic] limpiado /home/luish/Documents/p3/ecofloc2/ecofloc/ecofloc-nic/ECOFLOC_NIC_COMM_text.csv
  ✔ [aspire:ram] limpiado /home/luish/Documents/p3/ecofloc2/ecofloc/ecofloc-ram/ECOFLOC_RAM_COMM_text.csv
  ✔ [aspire:sd] limpiado /home/luish/Documents/p3/ecofloc2/ecofloc/ecofloc-sd/ECOFLOC_SD_COMM_text.csv
  ✔ [scorpius:cpu] limpiado /home/scorpius03/Documents/ecofloc/ecofloc-cpu/ECOFLOC_CPU_COMM_text.csv
  ✔ [scorpius:nic] limpiado /home/scorpius03/Documents/ecofloc/ecofloc-nic/ECOFLOC_NIC_COMM_text.csv
  ✔ [scorpius:ram] limpiado /home/scorpius03/Documents/ecofloc/ecofloc-ram/ECOFLOC_RAM_COMM_text.csv
  ✔ [scorpius:sd] limpiado /home/scorpius03/Documents/ecofloc/ecofloc-sd/ECOFLOC_SD_COMM_text.csv
========================================
🔋 MEASURE ENERGY FINALIZADO
   Fase: fase3_carga_high_iter1
========================================
✔️ [11:31:13] Medición fase3_carga_high_iter1 completada
[📦] Archivando resultados → ./historyexecutions/exp(11:31:18)_fase3_high_iter1
[✔] Archivado: ./historyexecutions/exp(11:31:18)_fase3_high_iter1
🧹 Limpiando TeaStore (iter 1)...
⏸ Esperando 15s para limpieza completa...
✅ Iteración 1 / 2 del escenario high completada.

########################################################
🔄 ESCENARIO: high | ITERACIÓN: 2 / 2
   Hora: 11:32:07
########################################################
========================================
🔋 FASE 1: Descarga de imágenes (high, iter 2)
========================================
📋 Capturando PIDs (gepidstea.sh)...
📋 Capturando PIDs de contenedores (kpsnodos.sh)...
🔋 [11:32:26] Iniciando medición de energía: fase1_descarga_high_iter2 (25s)
   PID de medición: 611586
🚀 Desplegando TeaStore desde /home/luish/Documents/death/teastore/TeaStore/examples/kubernetes/teastore-energy-scheduler.yaml...
========================================
🔋 MEASURE ENERGY - Fase: fase1_descarga_high_iter2
   Duración: 25s
   PID: 611586
========================================
=== Medición bloque 25s - Fase: fase1_descarga_high_iter2 ===
[⏱ 11:32:26] Iniciando ecofloc en nitro5 por 25s (fase: fase1_descarga_high_iter2)
⏳ Esperando a que todos los pods de TeaStore estén Running y Ready...
  ├─ [nitro5:sd] start 11:32:27
  ├─ [nitro5:ram] start 11:32:27
  ├─ [nitro5:nic] start 11:32:27
[⏱ 11:32:28] Iniciando ecofloc en aspire por 25s (fase: fase1_descarga_high_iter2)
  ├─ [nitro5:cpu] start 11:32:28
  ├─ [aspire:sd] start 11:32:28
  ├─ [aspire:ram] start 11:32:28
[⏱ 11:32:28] Iniciando ecofloc en scorpius por 25s (fase: fase1_descarga_high_iter2)
  ├─ [aspire:nic] start 11:32:28
  ├─ [aspire:cpu] start 11:32:28
  ├─ [scorpius:sd] start 11:32:28
  ├─ [scorpius:ram] start 11:32:28
[⏱ 11:32:28] Iniciando ecofloc en leo por 25s (fase: fase1_descarga_high_iter2)
  ├─ [scorpius:nic] start 11:32:28
  ├─ [scorpius:cpu] start 11:32:28
  ├─ [leo:sd] start 11:32:28
  ├─ [leo:ram] start 11:32:28
  ├─ [leo:cpu] start 11:32:28
  ├─ [leo:nic] start 11:32:28
✅ Pods listos.
⏳ [11:32:31] Esperando que termine medición: fase1_descarga_high_iter2 (PID: 611586)
  └─ [nitro5:sd] end 11:32:52
  └─ [nitro5:ram] end 11:32:52
  └─ [nitro5:nic] end 11:32:52
  └─ [nitro5:cpu] end 11:32:53
  └─ [leo:sd] end 11:32:54
  └─ [aspire:cpu] end 11:32:54
  └─ [leo:cpu] end 11:32:54
  └─ [aspire:sd] end 11:32:54
  └─ [leo:ram] end 11:32:54
  └─ [leo:nic] end 11:32:54
  └─ [scorpius:cpu] end 11:32:55
  └─ [aspire:nic] end 11:32:55
  └─ [aspire:ram] end 11:32:55
  └─ [scorpius:nic] end 11:32:56
=== Bloque 25s terminado - Fase: fase1_descarga_high_iter2 ===
[🧹] Limpiando CSVs internos de ecofloc en cada nodo (fase: fase1_descarga_high_iter2)...
  ✔ [nitro5:cpu] limpiado /home/luish/Documents/p3/ecofloc2/ecofloc/ecofloc-cpu/ECOFLOC_CPU_COMM_text.csv
  ✔ [nitro5:nic] limpiado /home/luish/Documents/p3/ecofloc2/ecofloc/ecofloc-nic/ECOFLOC_NIC_COMM_text.csv
  ✔ [nitro5:ram] limpiado /home/luish/Documents/p3/ecofloc2/ecofloc/ecofloc-ram/ECOFLOC_RAM_COMM_text.csv
  ✔ [nitro5:sd] limpiado /home/luish/Documents/p3/ecofloc2/ecofloc/ecofloc-sd/ECOFLOC_SD_COMM_text.csv
  ✔ [leo:cpu] limpiado /home/leo/ecofloc/ecofloc-cpu/ECOFLOC_CPU_COMM_text.csv
  ✔ [leo:nic] limpiado /home/leo/ecofloc/ecofloc-nic/ECOFLOC_NIC_COMM_text.csv
  ✔ [leo:ram] limpiado /home/leo/ecofloc/ecofloc-ram/ECOFLOC_RAM_COMM_text.csv
  ✔ [leo:sd] limpiado /home/leo/ecofloc/ecofloc-sd/ECOFLOC_SD_COMM_text.csv
  ✔ [aspire:cpu] limpiado /home/luish/Documents/p3/ecofloc2/ecofloc/ecofloc-cpu/ECOFLOC_CPU_COMM_text.csv
  ✔ [aspire:nic] limpiado /home/luish/Documents/p3/ecofloc2/ecofloc/ecofloc-nic/ECOFLOC_NIC_COMM_text.csv
  ✔ [aspire:ram] limpiado /home/luish/Documents/p3/ecofloc2/ecofloc/ecofloc-ram/ECOFLOC_RAM_COMM_text.csv
  ✔ [aspire:sd] limpiado /home/luish/Documents/p3/ecofloc2/ecofloc/ecofloc-sd/ECOFLOC_SD_COMM_text.csv
  ✔ [scorpius:cpu] limpiado /home/scorpius03/Documents/ecofloc/ecofloc-cpu/ECOFLOC_CPU_COMM_text.csv
  ✔ [scorpius:nic] limpiado /home/scorpius03/Documents/ecofloc/ecofloc-nic/ECOFLOC_NIC_COMM_text.csv
  ✔ [scorpius:ram] limpiado /home/scorpius03/Documents/ecofloc/ecofloc-ram/ECOFLOC_RAM_COMM_text.csv
  ✔ [scorpius:sd] limpiado /home/scorpius03/Documents/ecofloc/ecofloc-sd/ECOFLOC_SD_COMM_text.csv
========================================
🔋 MEASURE ENERGY FINALIZADO
   Fase: fase1_descarga_high_iter2
========================================
✔️ [11:33:00] Medición fase1_descarga_high_iter2 completada
[📦] Archivando resultados → ./historyexecutions/exp(11:33:05)_fase1_high_iter2
