Iteracion,Fecha,Namespace,Pod,Nodo
1,2026-01-16 01:39:03,default,teastore-auth-84d7ccddd9-5wl62,leo02
1,2026-01-16 01:39:03,default,teastore-db-84f96b9dd8-h4llf,luish-aspire-a315-55g
1,2026-01-16 01:39:03,default,teastore-image-79674648d-rg8p4,luish-aspire-a315-55g
1,2026-01-16 01:39:03,default,teastore-persistence-784748b4b9-rf7dh,luish-aspire-a315-55g
1,2026-01-16 01:39:03,default,teastore-recommender-74559c88-829qc,leo02
1,2026-01-16 01:39:03,default,teastore-registry-676858f7cd-xmpvq,scorpius03
1,2026-01-16 01:39:03,default,teastore-webui-558b54cc77-rhc2d,scorpius03
2,2026-01-16 01:39:12,default,teastore-auth-84d7ccddd9-snzjk,luish-aspire-a315-55g
2,2026-01-16 01:39:12,default,teastore-db-84f96b9dd8-jg5k9,luish-nitro-an515-57
2,2026-01-16 01:39:12,default,teastore-image-79674648d-rg8p4,luish-aspire-a315-55g
2,2026-01-16 01:39:12,default,teastore-persistence-784748b4b9-rf7dh,luish-aspire-a315-55g
2,2026-01-16 01:39:12,default,teastore-recommender-74559c88-xs6km,leo02
2,2026-01-16 01:39:12,default,teastore-registry-676858f7cd-xmpvq,scorpius03
2,2026-01-16 01:39:12,default,teastore-webui-558b54cc77-rpfx4,luish-aspire-a315-55g
3,2026-01-16 01:39:20,default,teastore-auth-84d7ccddd9-snzjk,luish-aspire-a315-55g
3,2026-01-16 01:39:20,default,teastore-db-84f96b9dd8-jg5k9,luish-nitro-an515-57
3,2026-01-16 01:39:20,default,teastore-image-79674648d-rg8p4,luish-aspire-a315-55g
3,2026-01-16 01:39:20,default,teastore-persistence-784748b4b9-rf7dh,luish-aspire-a315-55g
3,2026-01-16 01:39:20,default,teastore-recommender-74559c88-xs6km,leo02
3,2026-01-16 01:39:20,default,teastore-registry-676858f7cd-xmpvq,scorpius03
3,2026-01-16 01:39:20,default,teastore-webui-558b54cc77-rpfx4,luish-aspire-a315-55g
4,2026-01-16 01:39:29,default,teastore-auth-84d7ccddd9-snzjk,luish-aspire-a315-55g
4,2026-01-16 01:39:29,default,teastore-db-84f96b9dd8-jg5k9,luish-nitro-an515-57
4,2026-01-16 01:39:29,default,teastore-image-79674648d-rg8p4,luish-aspire-a315-55g
4,2026-01-16 01:39:29,default,teastore-persistence-784748b4b9-xrpkx,scorpius03
4,2026-01-16 01:39:29,default,teastore-recommender-74559c88-xs6km,leo02
4,2026-01-16 01:39:29,default,teastore-registry-676858f7cd-xmpvq,scorpius03
4,2026-01-16 01:39:29,default,teastore-webui-558b54cc77-rpfx4,luish-aspire-a315-55g
5,2026-01-16 01:39:37,default,teastore-auth-84d7ccddd9-snzjk,luish-aspire-a315-55g
5,2026-01-16 01:39:37,default,teastore-db-84f96b9dd8-jg5k9,luish-nitro-an515-57
5,2026-01-16 01:39:37,default,teastore-image-79674648d-rg8p4,luish-aspire-a315-55g
5,2026-01-16 01:39:37,default,teastore-persistence-784748b4b9-xrpkx,scorpius03
5,2026-01-16 01:39:37,default,teastore-recommender-74559c88-xs6km,leo02
5,2026-01-16 01:39:37,default,teastore-registry-676858f7cd-xmpvq,scorpius03
5,2026-01-16 01:39:37,default,teastore-webui-558b54cc77-rpfx4,luish-aspire-a315-55g
6,2026-01-16 01:39:46,default,teastore-auth-84d7ccddd9-snzjk,luish-aspire-a315-55g
6,2026-01-16 01:39:46,default,teastore-db-84f96b9dd8-lcrbf,luish-aspire-a315-55g
6,2026-01-16 01:39:46,default,teastore-image-79674648d-gltc5,leo02
6,2026-01-16 01:39:46,default,teastore-persistence-784748b4b9-xrpkx,scorpius03
6,2026-01-16 01:39:46,default,teastore-recommender-74559c88-xs6km,leo02
6,2026-01-16 01:39:46,default,teastore-registry-676858f7cd-xlrbb,luish-nitro-an515-57
6,2026-01-16 01:39:46,default,teastore-webui-558b54cc77-rpfx4,luish-aspire-a315-55g
7,2026-01-16 01:39:57,default,teastore-auth-84d7ccddd9-7ckkp,luish-aspire-a315-55g
7,2026-01-16 01:39:57,default,teastore-db-84f96b9dd8-lcrbf,luish-aspire-a315-55g
7,2026-01-16 01:39:57,default,teastore-image-79674648d-tfmls,luish-aspire-a315-55g
7,2026-01-16 01:39:57,default,teastore-persistence-784748b4b9-xrpkx,scorpius03
7,2026-01-16 01:39:57,default,teastore-recommender-74559c88-vkcbt,luish-nitro-an515-57
7,2026-01-16 01:39:57,default,teastore-registry-676858f7cd-xlrbb,luish-nitro-an515-57
7,2026-01-16 01:39:57,default,teastore-webui-558b54cc77-zm6bj,luish-nitro-an515-57
8,2026-01-16 01:40:05,default,teastore-auth-84d7ccddd9-wwpvd,luish-nitro-an515-57
8,2026-01-16 01:40:05,default,teastore-db-84f96b9dd8-lcrbf,luish-aspire-a315-55g
8,2026-01-16 01:40:05,default,teastore-image-79674648d-tfmls,luish-aspire-a315-55g
8,2026-01-16 01:40:05,default,teastore-persistence-784748b4b9-xgtbq,leo02
8,2026-01-16 01:40:05,default,teastore-recommender-74559c88-vkcbt,luish-nitro-an515-57
8,2026-01-16 01:40:05,default,teastore-registry-676858f7cd-pvqmp,luish-aspire-a315-55g
8,2026-01-16 01:40:05,default,teastore-webui-558b54cc77-zm6bj,luish-nitro-an515-57
9,2026-01-16 01:40:14,default,teastore-auth-84d7ccddd9-wwpvd,luish-nitro-an515-57
9,2026-01-16 01:40:14,default,teastore-db-84f96b9dd8-lcrbf,luish-aspire-a315-55g
9,2026-01-16 01:40:14,default,teastore-image-79674648d-tfmls,luish-aspire-a315-55g
9,2026-01-16 01:40:14,default,teastore-persistence-784748b4b9-xgtbq,leo02
9,2026-01-16 01:40:14,default,teastore-recommender-74559c88-vl4p9,luish-nitro-an515-57
9,2026-01-16 01:40:14,default,teastore-registry-676858f7cd-vqcst,leo02
9,2026-01-16 01:40:14,default,teastore-webui-558b54cc77-zm6bj,luish-nitro-an515-57
10,2026-01-16 01:40:23,default,teastore-auth-84d7ccddd9-wwpvd,luish-nitro-an515-57
10,2026-01-16 01:40:23,default,teastore-db-84f96b9dd8-m8qxp,luish-aspire-a315-55g
10,2026-01-16 01:40:23,default,teastore-image-79674648d-tfmls,luish-aspire-a315-55g
10,2026-01-16 01:40:23,default,teastore-persistence-784748b4b9-xgtbq,leo02
10,2026-01-16 01:40:23,default,teastore-recommender-74559c88-vl4p9,luish-nitro-an515-57
10,2026-01-16 01:40:23,default,teastore-registry-676858f7cd-vqcst,leo02
10,2026-01-16 01:40:23,default,teastore-webui-558b54cc77-zm6bj,luish-nitro-an515-57
11,2026-01-16 01:40:31,default,teastore-auth-84d7ccddd9-wwpvd,luish-nitro-an515-57
11,2026-01-16 01:40:31,default,teastore-db-84f96b9dd8-m8qxp,luish-aspire-a315-55g
11,2026-01-16 01:40:31,default,teastore-image-79674648d-tfmls,luish-aspire-a315-55g
11,2026-01-16 01:40:31,default,teastore-persistence-784748b4b9-hhv67,scorpius03
11,2026-01-16 01:40:31,default,teastore-recommender-74559c88-vl4p9,luish-nitro-an515-57
11,2026-01-16 01:40:31,default,teastore-registry-676858f7cd-vqcst,leo02
11,2026-01-16 01:40:31,default,teastore-webui-558b54cc77-t5hxs,leo02
12,2026-01-16 01:40:40,default,teastore-auth-84d7ccddd9-rltp9,leo02
12,2026-01-16 01:40:40,default,teastore-db-84f96b9dd8-m8qxp,luish-aspire-a315-55g
12,2026-01-16 01:40:40,default,teastore-image-79674648d-rrcjv,scorpius03
12,2026-01-16 01:40:40,default,teastore-persistence-784748b4b9-pg9dq,leo02
12,2026-01-16 01:40:40,default,teastore-recommender-74559c88-vl4p9,luish-nitro-an515-57
12,2026-01-16 01:40:40,default,teastore-registry-676858f7cd-vqcst,leo02
12,2026-01-16 01:40:40,default,teastore-webui-558b54cc77-t5hxs,leo02
13,2026-01-16 01:40:48,default,teastore-auth-84d7ccddd9-rltp9,leo02
13,2026-01-16 01:40:48,default,teastore-db-84f96b9dd8-m8qxp,luish-aspire-a315-55g
13,2026-01-16 01:40:48,default,teastore-image-79674648d-rrcjv,scorpius03
13,2026-01-16 01:40:48,default,teastore-persistence-784748b4b9-ptd5s,scorpius03
13,2026-01-16 01:40:48,default,teastore-recommender-74559c88-nwzxq,luish-aspire-a315-55g
13,2026-01-16 01:40:48,default,teastore-registry-676858f7cd-p5t2f,luish-nitro-an515-57
13,2026-01-16 01:40:48,default,teastore-webui-558b54cc77-t5hxs,leo02
14,2026-01-16 01:40:57,default,teastore-auth-84d7ccddd9-th286,luish-nitro-an515-57
14,2026-01-16 01:40:57,default,teastore-db-84f96b9dd8-m8qxp,luish-aspire-a315-55g
14,2026-01-16 01:40:57,default,teastore-image-79674648d-rrcjv,scorpius03
14,2026-01-16 01:40:57,default,teastore-persistence-784748b4b9-ptd5s,scorpius03
14,2026-01-16 01:40:57,default,teastore-recommender-74559c88-s57x7,luish-nitro-an515-57
14,2026-01-16 01:40:57,default,teastore-registry-676858f7cd-p5t2f,luish-nitro-an515-57
14,2026-01-16 01:40:57,default,teastore-webui-558b54cc77-t5hxs,leo02
15,2026-01-16 01:41:06,default,teastore-auth-84d7ccddd9-th286,luish-nitro-an515-57
15,2026-01-16 01:41:06,default,teastore-db-84f96b9dd8-nfszz,luish-aspire-a315-55g
15,2026-01-16 01:41:06,default,teastore-image-79674648d-w9p7c,luish-aspire-a315-55g
15,2026-01-16 01:41:06,default,teastore-persistence-784748b4b9-ptd5s,scorpius03
15,2026-01-16 01:41:06,default,teastore-recommender-74559c88-s57x7,luish-nitro-an515-57
15,2026-01-16 01:41:06,default,teastore-registry-676858f7cd-p5t2f,luish-nitro-an515-57
15,2026-01-16 01:41:06,default,teastore-webui-558b54cc77-xsghh,leo02
16,2026-01-16 01:41:14,default,teastore-auth-84d7ccddd9-wl94f,scorpius03
16,2026-01-16 01:41:14,default,teastore-db-84f96b9dd8-p547z,scorpius03
16,2026-01-16 01:41:14,default,teastore-image-79674648d-w9p7c,luish-aspire-a315-55g
16,2026-01-16 01:41:14,default,teastore-persistence-784748b4b9-ptd5s,scorpius03
16,2026-01-16 01:41:14,default,teastore-recommender-74559c88-s57x7,luish-nitro-an515-57
16,2026-01-16 01:41:14,default,teastore-registry-676858f7cd-xwff7,leo02
16,2026-01-16 01:41:14,default,teastore-webui-558b54cc77-xsghh,leo02
17,2026-01-16 01:41:23,default,teastore-auth-84d7ccddd9-wt77p,scorpius03
17,2026-01-16 01:41:23,default,teastore-db-84f96b9dd8-p547z,scorpius03
17,2026-01-16 01:41:23,default,teastore-image-79674648d-w9p7c,luish-aspire-a315-55g
17,2026-01-16 01:41:23,default,teastore-persistence-784748b4b9-s7rc9,leo02
17,2026-01-16 01:41:23,default,teastore-recommender-74559c88-s57x7,luish-nitro-an515-57
17,2026-01-16 01:41:23,default,teastore-registry-676858f7cd-xwff7,leo02
17,2026-01-16 01:41:23,default,teastore-webui-558b54cc77-xsghh,leo02
18,2026-01-16 01:41:32,default,teastore-auth-84d7ccddd9-wt77p,scorpius03
18,2026-01-16 01:41:32,default,teastore-db-84f96b9dd8-s4xmb,scorpius03
18,2026-01-16 01:41:32,default,teastore-image-79674648d-w9p7c,luish-aspire-a315-55g
18,2026-01-16 01:41:32,default,teastore-persistence-784748b4b9-s7rc9,leo02
18,2026-01-16 01:41:32,default,teastore-recommender-74559c88-v2fcm,scorpius03
18,2026-01-16 01:41:32,default,teastore-registry-676858f7cd-xwff7,leo02
18,2026-01-16 01:41:32,default,teastore-webui-558b54cc77-xsghh,leo02
19,2026-01-16 01:41:40,default,teastore-auth-84d7ccddd9-wt77p,scorpius03
19,2026-01-16 01:41:40,default,teastore-db-84f96b9dd8-z6h42,luish-aspire-a315-55g
19,2026-01-16 01:41:40,default,teastore-image-79674648d-w9p7c,luish-aspire-a315-55g
19,2026-01-16 01:41:40,default,teastore-persistence-784748b4b9-ww49p,luish-aspire-a315-55g
19,2026-01-16 01:41:40,default,teastore-recommender-74559c88-v2fcm,scorpius03
19,2026-01-16 01:41:40,default,teastore-registry-676858f7cd-zwkm9,luish-nitro-an515-57
19,2026-01-16 01:41:40,default,teastore-webui-558b54cc77-ttpbv,luish-aspire-a315-55g
20,2026-01-16 01:41:49,default,teastore-auth-84d7ccddd9-wt77p,scorpius03
20,2026-01-16 01:41:49,default,teastore-db-84f96b9dd8-z6h42,luish-aspire-a315-55g
20,2026-01-16 01:41:49,default,teastore-image-79674648d-s2fq2,luish-nitro-an515-57
20,2026-01-16 01:41:49,default,teastore-persistence-784748b4b9-ww49p,luish-aspire-a315-55g
20,2026-01-16 01:41:49,default,teastore-recommender-74559c88-v2fcm,scorpius03
20,2026-01-16 01:41:49,default,teastore-registry-676858f7cd-zwkm9,luish-nitro-an515-57
20,2026-01-16 01:41:49,default,teastore-webui-558b54cc77-ttpbv,luish-aspire-a315-55g
21,2026-01-16 01:41:58,default,teastore-auth-84d7ccddd9-wpnjt,luish-nitro-an515-57
21,2026-01-16 01:41:58,default,teastore-db-84f96b9dd8-z6h42,luish-aspire-a315-55g
21,2026-01-16 01:41:58,default,teastore-image-79674648d-tgr52,luish-aspire-a315-55g
21,2026-01-16 01:41:58,default,teastore-persistence-784748b4b9-ww49p,luish-aspire-a315-55g
21,2026-01-16 01:41:58,default,teastore-recommender-74559c88-v2fcm,scorpius03
21,2026-01-16 01:41:58,default,teastore-registry-676858f7cd-zwkm9,luish-nitro-an515-57
21,2026-01-16 01:41:58,default,teastore-webui-558b54cc77-qg67h,scorpius03
22,2026-01-16 01:42:06,default,teastore-auth-84d7ccddd9-wpnjt,luish-nitro-an515-57
22,2026-01-16 01:42:06,default,teastore-db-84f96b9dd8-z6h42,luish-aspire-a315-55g
22,2026-01-16 01:42:06,default,teastore-image-79674648d-tgr52,luish-aspire-a315-55g
22,2026-01-16 01:42:06,default,teastore-persistence-784748b4b9-ww49p,luish-aspire-a315-55g
22,2026-01-16 01:42:06,default,teastore-recommender-74559c88-kprd4,luish-nitro-an515-57
22,2026-01-16 01:42:06,default,teastore-registry-676858f7cd-zwkm9,luish-nitro-an515-57
22,2026-01-16 01:42:06,default,teastore-webui-558b54cc77-qs4pz,luish-aspire-a315-55g
23,2026-01-16 01:42:15,default,teastore-auth-84d7ccddd9-w8c42,luish-nitro-an515-57
23,2026-01-16 01:42:15,default,teastore-db-84f96b9dd8-z6h42,luish-aspire-a315-55g
23,2026-01-16 01:42:15,default,teastore-image-79674648d-tgr52,luish-aspire-a315-55g
23,2026-01-16 01:42:15,default,teastore-persistence-784748b4b9-ww49p,luish-aspire-a315-55g
23,2026-01-16 01:42:15,default,teastore-recommender-74559c88-kprd4,luish-nitro-an515-57
23,2026-01-16 01:42:15,default,teastore-registry-676858f7cd-mmxtn,leo02
23,2026-01-16 01:42:15,default,teastore-webui-558b54cc77-qs4pz,luish-aspire-a315-55g
24,2026-01-16 01:42:23,default,teastore-auth-84d7ccddd9-v7kz8,luish-aspire-a315-55g
24,2026-01-16 01:42:23,default,teastore-db-84f96b9dd8-ql5nc,leo02
24,2026-01-16 01:42:23,default,teastore-image-79674648d-tgr52,luish-aspire-a315-55g
24,2026-01-16 01:42:23,default,teastore-persistence-784748b4b9-qp727,scorpius03
24,2026-01-16 01:42:23,default,teastore-recommender-74559c88-kprd4,luish-nitro-an515-57
24,2026-01-16 01:42:23,default,teastore-registry-676858f7cd-zfc75,leo02
24,2026-01-16 01:42:23,default,teastore-webui-558b54cc77-qs4pz,luish-aspire-a315-55g
25,2026-01-16 01:42:32,default,teastore-auth-84d7ccddd9-v7kz8,luish-aspire-a315-55g
25,2026-01-16 01:42:32,default,teastore-db-84f96b9dd8-ql5nc,leo02
25,2026-01-16 01:42:32,default,teastore-image-79674648d-vrlgz,luish-nitro-an515-57
25,2026-01-16 01:42:32,default,teastore-persistence-784748b4b9-qld82,scorpius03
25,2026-01-16 01:42:32,default,teastore-recommender-74559c88-n9dwv,luish-nitro-an515-57
25,2026-01-16 01:42:32,default,teastore-registry-676858f7cd-zfc75,leo02
25,2026-01-16 01:42:32,default,teastore-webui-558b54cc77-qs4pz,luish-aspire-a315-55g
26,2026-01-16 01:42:41,default,teastore-auth-84d7ccddd9-v7kz8,luish-aspire-a315-55g
26,2026-01-16 01:42:41,default,teastore-db-84f96b9dd8-pnk29,luish-nitro-an515-57
26,2026-01-16 01:42:41,default,teastore-image-79674648d-vrlgz,luish-nitro-an515-57
26,2026-01-16 01:42:41,default,teastore-persistence-784748b4b9-clcj4,luish-nitro-an515-57
26,2026-01-16 01:42:41,default,teastore-recommender-74559c88-stfms,scorpius03
26,2026-01-16 01:42:41,default,teastore-registry-676858f7cd-zfc75,leo02
26,2026-01-16 01:42:41,default,teastore-webui-558b54cc77-qs4pz,luish-aspire-a315-55g
27,2026-01-16 01:42:50,default,teastore-auth-84d7ccddd9-v7kz8,luish-aspire-a315-55g
27,2026-01-16 01:42:50,default,teastore-db-84f96b9dd8-pnk29,luish-nitro-an515-57
27,2026-01-16 01:42:50,default,teastore-image-79674648d-vrlgz,luish-nitro-an515-57
27,2026-01-16 01:42:50,default,teastore-persistence-784748b4b9-vb5dm,luish-aspire-a315-55g
27,2026-01-16 01:42:50,default,teastore-recommender-74559c88-stfms,scorpius03
27,2026-01-16 01:42:50,default,teastore-registry-676858f7cd-zfc75,leo02
27,2026-01-16 01:42:50,default,teastore-webui-558b54cc77-m28dk,scorpius03
28,2026-01-16 01:42:59,default,teastore-auth-84d7ccddd9-r97x2,luish-nitro-an515-57
28,2026-01-16 01:42:59,default,teastore-db-84f96b9dd8-cqbft,scorpius03
28,2026-01-16 01:42:59,default,teastore-image-79674648d-vrlgz,luish-nitro-an515-57
28,2026-01-16 01:42:59,default,teastore-persistence-784748b4b9-vb5dm,luish-aspire-a315-55g
28,2026-01-16 01:42:59,default,teastore-recommender-74559c88-stfms,scorpius03
28,2026-01-16 01:42:59,default,teastore-registry-676858f7cd-t7pgr,leo02
28,2026-01-16 01:42:59,default,teastore-webui-558b54cc77-m28dk,scorpius03
29,2026-01-16 01:43:07,default,teastore-auth-84d7ccddd9-r97x2,luish-nitro-an515-57
29,2026-01-16 01:43:07,default,teastore-db-84f96b9dd8-cqbft,scorpius03
29,2026-01-16 01:43:07,default,teastore-image-79674648d-v8drh,luish-aspire-a315-55g
29,2026-01-16 01:43:07,default,teastore-persistence-784748b4b9-vb5dm,luish-aspire-a315-55g
29,2026-01-16 01:43:07,default,teastore-recommender-74559c88-stfms,scorpius03
29,2026-01-16 01:43:07,default,teastore-registry-676858f7cd-t7pgr,leo02
29,2026-01-16 01:43:07,default,teastore-webui-558b54cc77-m28dk,scorpius03
30,2026-01-16 01:43:16,default,teastore-auth-84d7ccddd9-xrj22,leo02
30,2026-01-16 01:43:16,default,teastore-db-84f96b9dd8-vwcsf,leo02
30,2026-01-16 01:43:16,default,teastore-image-79674648d-v8drh,luish-aspire-a315-55g
30,2026-01-16 01:43:16,default,teastore-persistence-784748b4b9-vb5dm,luish-aspire-a315-55g
30,2026-01-16 01:43:16,default,teastore-recommender-74559c88-qhsmt,luish-nitro-an515-57
30,2026-01-16 01:43:16,default,teastore-registry-676858f7cd-t7pgr,leo02
30,2026-01-16 01:43:16,default,teastore-webui-558b54cc77-m28dk,scorpius03
31,2026-01-16 01:43:24,default,teastore-auth-84d7ccddd9-xrj22,leo02
31,2026-01-16 01:43:24,default,teastore-db-84f96b9dd8-vwcsf,leo02
31,2026-01-16 01:43:24,default,teastore-image-79674648d-v8drh,luish-aspire-a315-55g
31,2026-01-16 01:43:24,default,teastore-persistence-784748b4b9-vb5dm,luish-aspire-a315-55g
31,2026-01-16 01:43:24,default,teastore-recommender-74559c88-qhsmt,luish-nitro-an515-57
31,2026-01-16 01:43:24,default,teastore-registry-676858f7cd-m7j56,scorpius03
31,2026-01-16 01:43:24,default,teastore-webui-558b54cc77-wbt8w,luish-nitro-an515-57
32,2026-01-16 01:43:33,default,teastore-auth-84d7ccddd9-xrj22,leo02
32,2026-01-16 01:43:33,default,teastore-db-84f96b9dd8-vwcsf,leo02
32,2026-01-16 01:43:33,default,teastore-image-79674648d-swt76,luish-nitro-an515-57
32,2026-01-16 01:43:33,default,teastore-persistence-784748b4b9-sxjss,luish-aspire-a315-55g
32,2026-01-16 01:43:33,default,teastore-recommender-74559c88-qhsmt,luish-nitro-an515-57
32,2026-01-16 01:43:33,default,teastore-registry-676858f7cd-zvktw,leo02
32,2026-01-16 01:43:33,default,teastore-webui-558b54cc77-wbt8w,luish-nitro-an515-57
33,2026-01-16 01:43:42,default,teastore-auth-84d7ccddd9-ztnck,leo02
33,2026-01-16 01:43:42,default,teastore-db-84f96b9dd8-vwcsf,leo02
33,2026-01-16 01:43:42,default,teastore-image-79674648d-swt76,luish-nitro-an515-57
33,2026-01-16 01:43:42,default,teastore-persistence-784748b4b9-sxjss,luish-aspire-a315-55g
33,2026-01-16 01:43:42,default,teastore-recommender-74559c88-qhsmt,luish-nitro-an515-57
33,2026-01-16 01:43:42,default,teastore-registry-676858f7cd-zvktw,leo02
33,2026-01-16 01:43:42,default,teastore-webui-558b54cc77-wbt8w,luish-nitro-an515-57
34,2026-01-16 01:43:50,default,teastore-auth-84d7ccddd9-ztnck,leo02
34,2026-01-16 01:43:50,default,teastore-db-84f96b9dd8-kj5lk,leo02
34,2026-01-16 01:43:50,default,teastore-image-79674648d-pstf8,scorpius03
34,2026-01-16 01:43:50,default,teastore-persistence-784748b4b9-sxjss,luish-aspire-a315-55g
34,2026-01-16 01:43:50,default,teastore-recommender-74559c88-kqk6d,scorpius03
34,2026-01-16 01:43:50,default,teastore-registry-676858f7cd-zvktw,leo02
34,2026-01-16 01:43:50,default,teastore-webui-558b54cc77-wbt8w,luish-nitro-an515-57
35,2026-01-16 01:43:59,default,teastore-auth-84d7ccddd9-ztnck,leo02
35,2026-01-16 01:43:59,default,teastore-db-84f96b9dd8-v8v4l,luish-aspire-a315-55g
35,2026-01-16 01:43:59,default,teastore-image-79674648d-sffpt,luish-nitro-an515-57
35,2026-01-16 01:43:59,default,teastore-persistence-784748b4b9-k6cw7,luish-nitro-an515-57
35,2026-01-16 01:43:59,default,teastore-recommender-74559c88-kqk6d,scorpius03
35,2026-01-16 01:43:59,default,teastore-registry-676858f7cd-zvktw,leo02
35,2026-01-16 01:43:59,default,teastore-webui-558b54cc77-cnfnw,leo02
36,2026-01-16 01:44:08,default,teastore-auth-84d7ccddd9-ztnck,leo02
36,2026-01-16 01:44:08,default,teastore-db-84f96b9dd8-v8v4l,luish-aspire-a315-55g
36,2026-01-16 01:44:08,default,teastore-image-79674648d-z8md4,luish-aspire-a315-55g
36,2026-01-16 01:44:08,default,teastore-persistence-784748b4b9-k6cw7,luish-nitro-an515-57
36,2026-01-16 01:44:08,default,teastore-recommender-74559c88-pk88b,luish-nitro-an515-57
36,2026-01-16 01:44:08,default,teastore-registry-676858f7cd-zvktw,leo02
36,2026-01-16 01:44:08,default,teastore-webui-558b54cc77-cnfnw,leo02
37,2026-01-16 01:44:17,default,teastore-auth-84d7ccddd9-kqddl,leo02
37,2026-01-16 01:44:17,default,teastore-db-84f96b9dd8-wn29z,leo02
37,2026-01-16 01:44:17,default,teastore-image-79674648d-z8md4,luish-aspire-a315-55g
37,2026-01-16 01:44:17,default,teastore-persistence-784748b4b9-k6cw7,luish-nitro-an515-57
37,2026-01-16 01:44:17,default,teastore-recommender-74559c88-pk88b,luish-nitro-an515-57
37,2026-01-16 01:44:17,default,teastore-registry-676858f7cd-vdck8,scorpius03
37,2026-01-16 01:44:17,default,teastore-webui-558b54cc77-hppw7,scorpius03
38,2026-01-16 01:44:25,default,teastore-auth-84d7ccddd9-kqddl,leo02
38,2026-01-16 01:44:25,default,teastore-db-84f96b9dd8-wn29z,leo02
38,2026-01-16 01:44:25,default,teastore-image-79674648d-z8md4,luish-aspire-a315-55g
38,2026-01-16 01:44:25,default,teastore-persistence-784748b4b9-f5xlx,leo02
38,2026-01-16 01:44:25,default,teastore-recommender-74559c88-pk88b,luish-nitro-an515-57
38,2026-01-16 01:44:25,default,teastore-registry-676858f7cd-vdck8,scorpius03
38,2026-01-16 01:44:25,default,teastore-webui-558b54cc77-mxns8,luish-aspire-a315-55g
39,2026-01-16 01:44:34,default,teastore-auth-84d7ccddd9-kqddl,leo02
39,2026-01-16 01:44:34,default,teastore-db-84f96b9dd8-wn29z,leo02
39,2026-01-16 01:44:34,default,teastore-image-79674648d-z8md4,luish-aspire-a315-55g
39,2026-01-16 01:44:34,default,teastore-persistence-784748b4b9-xpp8c,luish-nitro-an515-57
39,2026-01-16 01:44:34,default,teastore-recommender-74559c88-pk88b,luish-nitro-an515-57
39,2026-01-16 01:44:34,default,teastore-registry-676858f7cd-vmfhj,luish-nitro-an515-57
39,2026-01-16 01:44:34,default,teastore-webui-558b54cc77-sfv6x,leo02
40,2026-01-16 01:44:42,default,teastore-auth-84d7ccddd9-czh7c,scorpius03
40,2026-01-16 01:44:42,default,teastore-db-84f96b9dd8-wn29z,leo02
40,2026-01-16 01:44:42,default,teastore-image-79674648d-z8md4,luish-aspire-a315-55g
40,2026-01-16 01:44:42,default,teastore-persistence-784748b4b9-xpp8c,luish-nitro-an515-57
40,2026-01-16 01:44:42,default,teastore-recommender-74559c88-wm9b4,luish-aspire-a315-55g
40,2026-01-16 01:44:42,default,teastore-registry-676858f7cd-x8stx,luish-aspire-a315-55g
40,2026-01-16 01:44:42,default,teastore-webui-558b54cc77-sfv6x,leo02
41,2026-01-16 01:44:51,default,teastore-auth-84d7ccddd9-fxvbt,leo02
41,2026-01-16 01:44:51,default,teastore-db-84f96b9dd8-qjjfc,scorpius03
41,2026-01-16 01:44:51,default,teastore-image-79674648d-z8md4,luish-aspire-a315-55g
41,2026-01-16 01:44:51,default,teastore-persistence-784748b4b9-xpp8c,luish-nitro-an515-57
41,2026-01-16 01:44:51,default,teastore-recommender-74559c88-wm9b4,luish-aspire-a315-55g
41,2026-01-16 01:44:51,default,teastore-registry-676858f7cd-x8stx,luish-aspire-a315-55g
41,2026-01-16 01:44:51,default,teastore-webui-558b54cc77-sfv6x,leo02
42,2026-01-16 01:45:00,default,teastore-auth-84d7ccddd9-fxvbt,leo02
42,2026-01-16 01:45:00,default,teastore-db-84f96b9dd8-qjjfc,scorpius03
42,2026-01-16 01:45:00,default,teastore-image-79674648d-tsb6s,luish-aspire-a315-55g
42,2026-01-16 01:45:00,default,teastore-persistence-784748b4b9-xpp8c,luish-nitro-an515-57
42,2026-01-16 01:45:00,default,teastore-recommender-74559c88-wm9b4,luish-aspire-a315-55g
42,2026-01-16 01:45:00,default,teastore-registry-676858f7cd-zpq27,leo02
42,2026-01-16 01:45:00,default,teastore-webui-558b54cc77-sfv6x,leo02
43,2026-01-16 01:45:08,default,teastore-auth-84d7ccddd9-fxvbt,leo02
43,2026-01-16 01:45:08,default,teastore-db-84f96b9dd8-tx5kp,luish-aspire-a315-55g
43,2026-01-16 01:45:08,default,teastore-image-79674648d-tsb6s,luish-aspire-a315-55g
43,2026-01-16 01:45:08,default,teastore-persistence-784748b4b9-s75bz,scorpius03
43,2026-01-16 01:45:08,default,teastore-recommender-74559c88-wm9b4,luish-aspire-a315-55g
43,2026-01-16 01:45:08,default,teastore-registry-676858f7cd-zpq27,leo02
43,2026-01-16 01:45:08,default,teastore-webui-558b54cc77-spxnp,luish-aspire-a315-55g
44,2026-01-16 01:45:17,default,teastore-auth-84d7ccddd9-fxvbt,leo02
44,2026-01-16 01:45:17,default,teastore-db-84f96b9dd8-tx5kp,luish-aspire-a315-55g
44,2026-01-16 01:45:17,default,teastore-image-79674648d-tq674,luish-nitro-an515-57
44,2026-01-16 01:45:17,default,teastore-persistence-784748b4b9-s75bz,scorpius03
44,2026-01-16 01:45:17,default,teastore-recommender-74559c88-wm9b4,luish-aspire-a315-55g
44,2026-01-16 01:45:17,default,teastore-registry-676858f7cd-zpq27,leo02
44,2026-01-16 01:45:17,default,teastore-webui-558b54cc77-xpcvw,luish-nitro-an515-57
45,2026-01-16 01:45:26,default,teastore-auth-84d7ccddd9-s7x84,luish-aspire-a315-55g
45,2026-01-16 01:45:26,default,teastore-db-84f96b9dd8-tx5kp,luish-aspire-a315-55g
45,2026-01-16 01:45:26,default,teastore-image-79674648d-q4726,luish-nitro-an515-57
45,2026-01-16 01:45:26,default,teastore-persistence-784748b4b9-zbpl8,scorpius03
45,2026-01-16 01:45:26,default,teastore-recommender-74559c88-wm9b4,luish-aspire-a315-55g
45,2026-01-16 01:45:26,default,teastore-registry-676858f7cd-zpq27,leo02
45,2026-01-16 01:45:26,default,teastore-webui-558b54cc77-xpcvw,luish-nitro-an515-57
46,2026-01-16 01:45:34,default,teastore-auth-84d7ccddd9-x47hc,leo02
46,2026-01-16 01:45:34,default,teastore-db-84f96b9dd8-tx5kp,luish-aspire-a315-55g
46,2026-01-16 01:45:34,default,teastore-image-79674648d-hv4hq,luish-aspire-a315-55g
46,2026-01-16 01:45:34,default,teastore-persistence-784748b4b9-zbpl8,scorpius03
46,2026-01-16 01:45:34,default,teastore-recommender-74559c88-wwq57,scorpius03
46,2026-01-16 01:45:34,default,teastore-registry-676858f7cd-vm7ws,leo02
46,2026-01-16 01:45:34,default,teastore-webui-558b54cc77-xpcvw,luish-nitro-an515-57
47,2026-01-16 01:45:43,default,teastore-auth-84d7ccddd9-xt5gf,leo02
47,2026-01-16 01:45:43,default,teastore-db-84f96b9dd8-tx5kp,luish-aspire-a315-55g
47,2026-01-16 01:45:43,default,teastore-image-79674648d-hv4hq,luish-aspire-a315-55g
47,2026-01-16 01:45:43,default,teastore-persistence-784748b4b9-zbpl8,scorpius03
47,2026-01-16 01:45:43,default,teastore-recommender-74559c88-wwq57,scorpius03
47,2026-01-16 01:45:43,default,teastore-registry-676858f7cd-h4lxd,luish-aspire-a315-55g
47,2026-01-16 01:45:43,default,teastore-webui-558b54cc77-xpcvw,luish-nitro-an515-57
48,2026-01-16 01:45:51,default,teastore-auth-84d7ccddd9-xt5gf,leo02
48,2026-01-16 01:45:51,default,teastore-db-84f96b9dd8-wmdj4,leo02
48,2026-01-16 01:45:51,default,teastore-image-79674648d-hv4hq,luish-aspire-a315-55g
48,2026-01-16 01:45:51,default,teastore-persistence-784748b4b9-zbpl8,scorpius03
48,2026-01-16 01:45:51,default,teastore-recommender-74559c88-wwq57,scorpius03
48,2026-01-16 01:45:51,default,teastore-registry-676858f7cd-h4lxd,luish-aspire-a315-55g
48,2026-01-16 01:45:51,default,teastore-webui-558b54cc77-vdgdr,luish-nitro-an515-57
49,2026-01-16 01:46:00,default,teastore-auth-84d7ccddd9-xt5gf,leo02
49,2026-01-16 01:46:00,default,teastore-db-84f96b9dd8-wmdj4,leo02
49,2026-01-16 01:46:00,default,teastore-image-79674648d-hv4hq,luish-aspire-a315-55g
49,2026-01-16 01:46:00,default,teastore-persistence-784748b4b9-mwqch,luish-nitro-an515-57
49,2026-01-16 01:46:00,default,teastore-recommender-74559c88-wwq57,scorpius03
49,2026-01-16 01:46:00,default,teastore-registry-676858f7cd-h4lxd,luish-aspire-a315-55g
49,2026-01-16 01:46:00,default,teastore-webui-558b54cc77-sp8nz,luish-nitro-an515-57
50,2026-01-16 01:46:09,default,teastore-auth-84d7ccddd9-xt5gf,leo02
50,2026-01-16 01:46:09,default,teastore-db-84f96b9dd8-wmdj4,leo02
50,2026-01-16 01:46:09,default,teastore-image-79674648d-hv4hq,luish-aspire-a315-55g
50,2026-01-16 01:46:09,default,teastore-persistence-784748b4b9-nfrkd,luish-aspire-a315-55g
50,2026-01-16 01:46:09,default,teastore-recommender-74559c88-vl2kt,luish-nitro-an515-57
50,2026-01-16 01:46:09,default,teastore-registry-676858f7cd-fglvt,luish-aspire-a315-55g
50,2026-01-16 01:46:09,default,teastore-webui-558b54cc77-sp8nz,luish-nitro-an515-57
51,2026-01-16 01:46:18,default,teastore-auth-84d7ccddd9-ttm9t,luish-aspire-a315-55g
51,2026-01-16 01:46:18,default,teastore-db-84f96b9dd8-wmdj4,leo02
51,2026-01-16 01:46:18,default,teastore-image-79674648d-kvxjc,luish-nitro-an515-57
51,2026-01-16 01:46:18,default,teastore-persistence-784748b4b9-q46xv,scorpius03
51,2026-01-16 01:46:18,default,teastore-recommender-74559c88-vl2kt,luish-nitro-an515-57
51,2026-01-16 01:46:18,default,teastore-registry-676858f7cd-fglvt,luish-aspire-a315-55g
51,2026-01-16 01:46:18,default,teastore-webui-558b54cc77-sp8nz,luish-nitro-an515-57
52,2026-01-16 01:46:26,default,teastore-auth-84d7ccddd9-zt6s2,luish-nitro-an515-57
52,2026-01-16 01:46:26,default,teastore-db-84f96b9dd8-pb9bn,scorpius03
52,2026-01-16 01:46:26,default,teastore-image-79674648d-sgd5p,leo02
52,2026-01-16 01:46:26,default,teastore-persistence-784748b4b9-q46xv,scorpius03
52,2026-01-16 01:46:26,default,teastore-recommender-74559c88-z8znr,luish-aspire-a315-55g
52,2026-01-16 01:46:26,default,teastore-registry-676858f7cd-fglvt,luish-aspire-a315-55g
52,2026-01-16 01:46:26,default,teastore-webui-558b54cc77-sp8nz,luish-nitro-an515-57
53,2026-01-16 01:46:35,default,teastore-auth-84d7ccddd9-zt6s2,luish-nitro-an515-57
53,2026-01-16 01:46:35,default,teastore-db-84f96b9dd8-pb9bn,scorpius03
53,2026-01-16 01:46:35,default,teastore-image-79674648d-sgd5p,leo02
53,2026-01-16 01:46:35,default,teastore-persistence-784748b4b9-q46xv,scorpius03
53,2026-01-16 01:46:35,default,teastore-recommender-74559c88-z8znr,luish-aspire-a315-55g
53,2026-01-16 01:46:35,default,teastore-registry-676858f7cd-fglvt,luish-aspire-a315-55g
53,2026-01-16 01:46:35,default,teastore-webui-558b54cc77-hdth8,leo02
54,2026-01-16 01:46:44,default,teastore-auth-84d7ccddd9-zt6s2,luish-nitro-an515-57
54,2026-01-16 01:46:44,default,teastore-db-84f96b9dd8-vngjf,luish-nitro-an515-57
54,2026-01-16 01:46:44,default,teastore-image-79674648d-sjtlv,luish-aspire-a315-55g
54,2026-01-16 01:46:44,default,teastore-persistence-784748b4b9-w9vf8,luish-nitro-an515-57
54,2026-01-16 01:46:44,default,teastore-recommender-74559c88-z8znr,luish-aspire-a315-55g
54,2026-01-16 01:46:44,default,teastore-registry-676858f7cd-fglvt,luish-aspire-a315-55g
54,2026-01-16 01:46:44,default,teastore-webui-558b54cc77-l6k4s,luish-nitro-an515-57
55,2026-01-16 01:46:53,default,teastore-auth-84d7ccddd9-zt6s2,luish-nitro-an515-57
55,2026-01-16 01:46:53,default,teastore-db-84f96b9dd8-vngjf,luish-nitro-an515-57
55,2026-01-16 01:46:53,default,teastore-image-79674648d-sjtlv,luish-aspire-a315-55g
55,2026-01-16 01:46:53,default,teastore-persistence-784748b4b9-x6n6f,scorpius03
55,2026-01-16 01:46:53,default,teastore-recommender-74559c88-z8znr,luish-aspire-a315-55g
55,2026-01-16 01:46:53,default,teastore-registry-676858f7cd-klgk7,luish-aspire-a315-55g
55,2026-01-16 01:46:53,default,teastore-webui-558b54cc77-l6k4s,luish-nitro-an515-57
56,2026-01-16 01:47:03,default,teastore-auth-84d7ccddd9-tvmhq,luish-nitro-an515-57
56,2026-01-16 01:47:03,default,teastore-db-84f96b9dd8-vngjf,luish-nitro-an515-57
56,2026-01-16 01:47:03,default,teastore-image-79674648d-sjtlv,luish-aspire-a315-55g
56,2026-01-16 01:47:03,default,teastore-persistence-784748b4b9-x6n6f,scorpius03
56,2026-01-16 01:47:03,default,teastore-recommender-74559c88-z8znr,luish-aspire-a315-55g
56,2026-01-16 01:47:03,default,teastore-registry-676858f7cd-l8tcq,scorpius03
56,2026-01-16 01:47:03,default,teastore-webui-558b54cc77-vnnh4,leo02
57,2026-01-16 01:47:12,default,teastore-auth-84d7ccddd9-lfk6z,luish-aspire-a315-55g
57,2026-01-16 01:47:12,default,teastore-db-84f96b9dd8-zrmsj,luish-aspire-a315-55g
57,2026-01-16 01:47:12,default,teastore-image-79674648d-sjtlv,luish-aspire-a315-55g
57,2026-01-16 01:47:12,default,teastore-persistence-784748b4b9-x6n6f,scorpius03
57,2026-01-16 01:47:12,default,teastore-recommender-74559c88-z8znr,luish-aspire-a315-55g
57,2026-01-16 01:47:12,default,teastore-registry-676858f7cd-l8tcq,scorpius03
57,2026-01-16 01:47:12,default,teastore-webui-558b54cc77-vnnh4,leo02
58,2026-01-16 01:47:30,default,teastore-auth-84d7ccddd9-lfk6z,luish-aspire-a315-55g
58,2026-01-16 01:47:30,default,teastore-db-84f96b9dd8-zrmsj,luish-aspire-a315-55g
58,2026-01-16 01:47:30,default,teastore-image-79674648d-qkn22,luish-aspire-a315-55g
58,2026-01-16 01:47:30,default,teastore-persistence-784748b4b9-89vtw,luish-aspire-a315-55g
58,2026-01-16 01:47:30,default,teastore-recommender-74559c88-znfn2,luish-nitro-an515-57
58,2026-01-16 01:47:30,default,teastore-registry-676858f7cd-r9q48,leo02
58,2026-01-16 01:47:30,default,teastore-webui-558b54cc77-mjdq4,leo02
59,2026-01-16 01:47:54,default,teastore-auth-84d7ccddd9-ld7nd,scorpius03
59,2026-01-16 01:47:54,default,teastore-db-84f96b9dd8-v6hnt,leo02
59,2026-01-16 01:47:54,default,teastore-image-79674648d-xrzw9,luish-aspire-a315-55g
59,2026-01-16 01:47:54,default,teastore-persistence-784748b4b9-86v95,luish-nitro-an515-57
59,2026-01-16 01:47:54,default,teastore-recommender-74559c88-znfn2,luish-nitro-an515-57
59,2026-01-16 01:47:54,default,teastore-registry-676858f7cd-r9q48,leo02
59,2026-01-16 01:47:54,default,teastore-webui-558b54cc77-mjdq4,leo02
60,2026-01-16 01:48:23,default,teastore-auth-84d7ccddd9-vnwvh,leo02
60,2026-01-16 01:48:23,default,teastore-db-84f96b9dd8-lpwmg,luish-aspire-a315-55g
60,2026-01-16 01:48:23,default,teastore-image-79674648d-xrzw9,luish-aspire-a315-55g
60,2026-01-16 01:48:23,default,teastore-persistence-784748b4b9-h78hm,scorpius03
60,2026-01-16 01:48:23,default,teastore-recommender-74559c88-zl7zf,scorpius03
60,2026-01-16 01:48:23,default,teastore-registry-676858f7cd-5z67s,leo02
60,2026-01-16 01:48:23,default,teastore-webui-558b54cc77-mq5cx,scorpius03
61,2026-01-16 01:48:51,default,teastore-auth-84d7ccddd9-vnwvh,leo02
61,2026-01-16 01:48:51,default,teastore-db-84f96b9dd8-h2zts,luish-aspire-a315-55g
61,2026-01-16 01:48:51,default,teastore-image-79674648d-n9wp2,luish-nitro-an515-57
61,2026-01-16 01:48:51,default,teastore-persistence-784748b4b9-pzm6q,luish-aspire-a315-55g
61,2026-01-16 01:48:51,default,teastore-recommender-74559c88-tprd6,luish-aspire-a315-55g
61,2026-01-16 01:48:51,default,teastore-registry-676858f7cd-lptld,luish-aspire-a315-55g
61,2026-01-16 01:48:51,default,teastore-webui-558b54cc77-mq5cx,scorpius03
62,2026-01-16 01:49:20,default,teastore-auth-84d7ccddd9-9jfbr,luish-aspire-a315-55g
62,2026-01-16 01:49:20,default,teastore-db-84f96b9dd8-h2zts,luish-aspire-a315-55g
62,2026-01-16 01:49:20,default,teastore-image-79674648d-klc65,scorpius03
62,2026-01-16 01:49:20,default,teastore-persistence-784748b4b9-pzm6q,luish-aspire-a315-55g
62,2026-01-16 01:49:20,default,teastore-recommender-74559c88-zfg8d,scorpius03
62,2026-01-16 01:49:20,default,teastore-registry-676858f7cd-lptld,luish-aspire-a315-55g
62,2026-01-16 01:49:20,default,teastore-webui-558b54cc77-zsgpz,leo02
63,2026-01-16 01:49:48,default,teastore-auth-84d7ccddd9-qwbrd,luish-nitro-an515-57
63,2026-01-16 01:49:48,default,teastore-db-84f96b9dd8-cndt7,scorpius03
63,2026-01-16 01:49:48,default,teastore-image-79674648d-x4qgx,luish-aspire-a315-55g
63,2026-01-16 01:49:48,default,teastore-persistence-784748b4b9-p865s,luish-aspire-a315-55g
63,2026-01-16 01:49:48,default,teastore-recommender-74559c88-zfg8d,scorpius03
63,2026-01-16 01:49:48,default,teastore-registry-676858f7cd-7sxwt,luish-aspire-a315-55g
63,2026-01-16 01:49:48,default,teastore-webui-558b54cc77-zsgpz,leo02
64,2026-01-16 01:50:17,default,teastore-auth-84d7ccddd9-qwbrd,luish-nitro-an515-57
64,2026-01-16 01:50:17,default,teastore-db-84f96b9dd8-mgxpp,leo02
64,2026-01-16 01:50:17,default,teastore-image-79674648d-x4qgx,luish-aspire-a315-55g
64,2026-01-16 01:50:17,default,teastore-persistence-784748b4b9-p865s,luish-aspire-a315-55g
64,2026-01-16 01:50:17,default,teastore-recommender-74559c88-65xw7,luish-nitro-an515-57
64,2026-01-16 01:50:17,default,teastore-registry-676858f7cd-89kkv,leo02
64,2026-01-16 01:50:17,default,teastore-webui-558b54cc77-zv8tq,scorpius03
65,2026-01-16 01:50:41,default,teastore-auth-84d7ccddd9-hwm24,luish-aspire-a315-55g
65,2026-01-16 01:50:41,default,teastore-db-84f96b9dd8-mgxpp,leo02
65,2026-01-16 01:50:41,default,teastore-image-79674648d-g4mck,luish-nitro-an515-57
65,2026-01-16 01:50:41,default,teastore-persistence-784748b4b9-jmzlm,scorpius03
65,2026-01-16 01:50:41,default,teastore-recommender-74559c88-p6mkn,leo02
65,2026-01-16 01:50:41,default,teastore-registry-676858f7cd-vcgsg,luish-aspire-a315-55g
65,2026-01-16 01:50:41,default,teastore-webui-558b54cc77-zv8tq,scorpius03
66,2026-01-16 01:51:04,default,teastore-auth-84d7ccddd9-hwm24,luish-aspire-a315-55g
66,2026-01-16 01:51:04,default,teastore-db-84f96b9dd8-wxk8s,luish-nitro-an515-57
66,2026-01-16 01:51:04,default,teastore-image-79674648d-xd5cz,leo02
66,2026-01-16 01:51:04,default,teastore-persistence-784748b4b9-jmzlm,scorpius03
66,2026-01-16 01:51:04,default,teastore-recommender-74559c88-p6mkn,leo02
66,2026-01-16 01:51:04,default,teastore-registry-676858f7cd-vcgsg,luish-aspire-a315-55g
66,2026-01-16 01:51:04,default,teastore-webui-558b54cc77-wztzk,luish-aspire-a315-55g
67,2026-01-16 01:51:13,default,teastore-auth-84d7ccddd9-sdmvp,leo02
67,2026-01-16 01:51:13,default,teastore-db-84f96b9dd8-wxk8s,luish-nitro-an515-57
67,2026-01-16 01:51:13,default,teastore-image-79674648d-xd5cz,leo02
67,2026-01-16 01:51:13,default,teastore-persistence-784748b4b9-jmzlm,scorpius03
67,2026-01-16 01:51:13,default,teastore-recommender-74559c88-p6mkn,leo02
67,2026-01-16 01:51:13,default,teastore-registry-676858f7cd-w2xpl,leo02
67,2026-01-16 01:51:13,default,teastore-webui-558b54cc77-wztzk,luish-aspire-a315-55g
68,2026-01-16 01:51:36,default,teastore-auth-84d7ccddd9-sdmvp,leo02
68,2026-01-16 01:51:36,default,teastore-db-84f96b9dd8-jjwzq,luish-aspire-a315-55g
68,2026-01-16 01:51:36,default,teastore-image-79674648d-zgv7p,scorpius03
68,2026-01-16 01:51:36,default,teastore-persistence-784748b4b9-gb4wp,scorpius03
68,2026-01-16 01:51:36,default,teastore-recommender-74559c88-v49hf,scorpius03
68,2026-01-16 01:51:36,default,teastore-registry-676858f7cd-w2xpl,leo02
68,2026-01-16 01:51:36,default,teastore-webui-558b54cc77-txxzr,luish-nitro-an515-57
69,2026-01-16 01:51:45,default,teastore-auth-84d7ccddd9-sdmvp,leo02
69,2026-01-16 01:51:45,default,teastore-db-84f96b9dd8-jjwzq,luish-aspire-a315-55g
69,2026-01-16 01:51:45,default,teastore-image-79674648d-zgv7p,scorpius03
69,2026-01-16 01:51:45,default,teastore-persistence-784748b4b9-gb4wp,scorpius03
69,2026-01-16 01:51:45,default,teastore-recommender-74559c88-v49hf,scorpius03
69,2026-01-16 01:51:45,default,teastore-registry-676858f7cd-w2xpl,leo02
69,2026-01-16 01:51:45,default,teastore-webui-558b54cc77-txxzr,luish-nitro-an515-57
70,2026-01-16 01:51:53,default,teastore-auth-84d7ccddd9-sdmvp,leo02
70,2026-01-16 01:51:53,default,teastore-db-84f96b9dd8-zx84w,luish-aspire-a315-55g
70,2026-01-16 01:51:53,default,teastore-image-79674648d-zgv7p,scorpius03
70,2026-01-16 01:51:53,default,teastore-persistence-784748b4b9-gb4wp,scorpius03
70,2026-01-16 01:51:53,default,teastore-recommender-74559c88-v49hf,scorpius03
70,2026-01-16 01:51:53,default,teastore-registry-676858f7cd-w2xpl,leo02
70,2026-01-16 01:51:53,default,teastore-webui-558b54cc77-txxzr,luish-nitro-an515-57
71,2026-01-16 01:52:07,default,teastore-auth-84d7ccddd9-pgf9g,luish-aspire-a315-55g
71,2026-01-16 01:52:07,default,teastore-db-84f96b9dd8-zx84w,luish-aspire-a315-55g
71,2026-01-16 01:52:07,default,teastore-image-79674648d-zgv7p,scorpius03
71,2026-01-16 01:52:07,default,teastore-persistence-784748b4b9-lnpnt,luish-nitro-an515-57
71,2026-01-16 01:52:07,default,teastore-recommender-74559c88-v49hf,scorpius03
71,2026-01-16 01:52:07,default,teastore-registry-676858f7cd-np7tg,leo02
71,2026-01-16 01:52:07,default,teastore-webui-558b54cc77-rgnrb,luish-nitro-an515-57
72,2026-01-16 01:52:21,default,teastore-auth-84d7ccddd9-j6thm,luish-aspire-a315-55g
72,2026-01-16 01:52:21,default,teastore-db-84f96b9dd8-zx84w,luish-aspire-a315-55g
72,2026-01-16 01:52:21,default,teastore-image-79674648d-r94fj,luish-nitro-an515-57
72,2026-01-16 01:52:21,default,teastore-persistence-784748b4b9-lnpnt,luish-nitro-an515-57
72,2026-01-16 01:52:21,default,teastore-recommender-74559c88-txhl4,scorpius03
72,2026-01-16 01:52:21,default,teastore-registry-676858f7cd-np7tg,leo02
72,2026-01-16 01:52:21,default,teastore-webui-558b54cc77-rts2t,luish-aspire-a315-55g
73,2026-01-16 01:52:49,default,teastore-auth-84d7ccddd9-x92rt,luish-aspire-a315-55g
73,2026-01-16 01:52:49,default,teastore-db-84f96b9dd8-z8l4k,luish-aspire-a315-55g
73,2026-01-16 01:52:49,default,teastore-image-79674648d-mm26x,leo02
73,2026-01-16 01:52:49,default,teastore-persistence-784748b4b9-tn7xx,leo02
73,2026-01-16 01:52:49,default,teastore-recommender-74559c88-txhl4,scorpius03
73,2026-01-16 01:52:49,default,teastore-registry-676858f7cd-k2wfx,luish-aspire-a315-55g
73,2026-01-16 01:52:49,default,teastore-webui-558b54cc77-zs8mb,luish-nitro-an515-57
74,2026-01-16 01:53:18,default,teastore-auth-84d7ccddd9-x92rt,luish-aspire-a315-55g
74,2026-01-16 01:53:18,default,teastore-db-84f96b9dd8-xn8cj,leo02
74,2026-01-16 01:53:18,default,teastore-image-79674648d-mm26x,leo02
74,2026-01-16 01:53:18,default,teastore-persistence-784748b4b9-x559g,luish-aspire-a315-55g
74,2026-01-16 01:53:18,default,teastore-recommender-74559c88-l7n29,luish-aspire-a315-55g
74,2026-01-16 01:53:18,default,teastore-registry-676858f7cd-bbmb9,scorpius03
74,2026-01-16 01:53:18,default,teastore-webui-558b54cc77-zs8mb,luish-nitro-an515-57
75,2026-01-16 01:53:46,default,teastore-auth-84d7ccddd9-vvg2z,luish-aspire-a315-55g
75,2026-01-16 01:53:46,default,teastore-db-84f96b9dd8-wnrdp,leo02
75,2026-01-16 01:53:46,default,teastore-image-79674648d-lhc7h,leo02
75,2026-01-16 01:53:46,default,teastore-persistence-784748b4b9-x559g,luish-aspire-a315-55g
75,2026-01-16 01:53:46,default,teastore-recommender-74559c88-gtpbb,luish-aspire-a315-55g
75,2026-01-16 01:53:46,default,teastore-registry-676858f7cd-gzk4m,leo02
75,2026-01-16 01:53:46,default,teastore-webui-558b54cc77-pwzcp,luish-nitro-an515-57
76,2026-01-16 01:54:15,default,teastore-auth-84d7ccddd9-vbjx7,luish-aspire-a315-55g
76,2026-01-16 01:54:15,default,teastore-db-84f96b9dd8-5q2hs,scorpius03
76,2026-01-16 01:54:15,default,teastore-image-79674648d-zx5lx,luish-aspire-a315-55g
76,2026-01-16 01:54:15,default,teastore-persistence-784748b4b9-hc6fc,leo02
76,2026-01-16 01:54:15,default,teastore-recommender-74559c88-rnlk6,scorpius03
76,2026-01-16 01:54:15,default,teastore-registry-676858f7cd-lgq7x,scorpius03
76,2026-01-16 01:54:15,default,teastore-webui-558b54cc77-pwzcp,luish-nitro-an515-57
77,2026-01-16 01:54:24,default,teastore-auth-84d7ccddd9-xzx4d,scorpius03
77,2026-01-16 01:54:24,default,teastore-db-84f96b9dd8-5rcgz,luish-aspire-a315-55g
77,2026-01-16 01:54:24,default,teastore-image-79674648d-zx5lx,luish-aspire-a315-55g
77,2026-01-16 01:54:24,default,teastore-persistence-784748b4b9-tzpjj,luish-nitro-an515-57
77,2026-01-16 01:54:24,default,teastore-recommender-74559c88-rnlk6,scorpius03
77,2026-01-16 01:54:24,default,teastore-registry-676858f7cd-lgq7x,scorpius03
77,2026-01-16 01:54:24,default,teastore-webui-558b54cc77-prqgh,leo02
78,2026-01-16 01:54:52,default,teastore-auth-84d7ccddd9-xzx4d,scorpius03
78,2026-01-16 01:54:52,default,teastore-db-84f96b9dd8-qb6r6,scorpius03
78,2026-01-16 01:54:52,default,teastore-image-79674648d-t8fq8,scorpius03
78,2026-01-16 01:54:52,default,teastore-persistence-784748b4b9-tzpjj,luish-nitro-an515-57
78,2026-01-16 01:54:52,default,teastore-recommender-74559c88-svd8p,luish-aspire-a315-55g
78,2026-01-16 01:54:52,default,teastore-registry-676858f7cd-tdr6z,leo02
78,2026-01-16 01:54:52,default,teastore-webui-558b54cc77-v8x6c,luish-aspire-a315-55g
79,2026-01-16 01:55:16,default,teastore-auth-84d7ccddd9-rgbp2,luish-aspire-a315-55g
79,2026-01-16 01:55:16,default,teastore-db-84f96b9dd8-qb6r6,scorpius03
79,2026-01-16 01:55:16,default,teastore-image-79674648d-t8fq8,scorpius03
79,2026-01-16 01:55:16,default,teastore-persistence-784748b4b9-tzpjj,luish-nitro-an515-57
79,2026-01-16 01:55:16,default,teastore-recommender-74559c88-vg79s,luish-aspire-a315-55g
79,2026-01-16 01:55:16,default,teastore-registry-676858f7cd-tdr6z,leo02
79,2026-01-16 01:55:16,default,teastore-webui-558b54cc77-xbsz5,luish-nitro-an515-57
80,2026-01-16 01:55:44,default,teastore-auth-84d7ccddd9-rgbp2,luish-aspire-a315-55g
80,2026-01-16 01:55:44,default,teastore-db-84f96b9dd8-vfh7v,scorpius03
80,2026-01-16 01:55:44,default,teastore-image-79674648d-sd8xf,luish-nitro-an515-57
80,2026-01-16 01:55:44,default,teastore-persistence-784748b4b9-qdhkb,scorpius03
80,2026-01-16 01:55:44,default,teastore-recommender-74559c88-vg79s,luish-aspire-a315-55g
80,2026-01-16 01:55:44,default,teastore-registry-676858f7cd-lhrpx,leo02
80,2026-01-16 01:55:44,default,teastore-webui-558b54cc77-xbsz5,luish-nitro-an515-57
81,2026-01-16 01:55:58,default,teastore-auth-84d7ccddd9-rgbp2,luish-aspire-a315-55g
81,2026-01-16 01:55:58,default,teastore-db-84f96b9dd8-vfh7v,scorpius03
81,2026-01-16 01:55:58,default,teastore-image-79674648d-vqvjr,luish-aspire-a315-55g
81,2026-01-16 01:55:58,default,teastore-persistence-784748b4b9-zknwl,luish-aspire-a315-55g
81,2026-01-16 01:55:58,default,teastore-recommender-74559c88-vg79s,luish-aspire-a315-55g
81,2026-01-16 01:55:58,default,teastore-registry-676858f7cd-tdz8h,luish-nitro-an515-57
81,2026-01-16 01:55:58,default,teastore-webui-558b54cc77-xbsz5,luish-nitro-an515-57
82,2026-01-16 01:56:07,default,teastore-auth-84d7ccddd9-hxw9s,scorpius03
82,2026-01-16 01:56:07,default,teastore-db-84f96b9dd8-vfh7v,scorpius03
82,2026-01-16 01:56:07,default,teastore-image-79674648d-vqvjr,luish-aspire-a315-55g
82,2026-01-16 01:56:07,default,teastore-persistence-784748b4b9-zknwl,luish-aspire-a315-55g
82,2026-01-16 01:56:07,default,teastore-recommender-74559c88-8crqn,luish-aspire-a315-55g
82,2026-01-16 01:56:07,default,teastore-registry-676858f7cd-tdz8h,luish-nitro-an515-57
82,2026-01-16 01:56:07,default,teastore-webui-558b54cc77-v7pfl,luish-nitro-an515-57
83,2026-01-16 01:56:20,default,teastore-auth-84d7ccddd9-rpj7v,luish-aspire-a315-55g
83,2026-01-16 01:56:20,default,teastore-db-84f96b9dd8-vfh7v,scorpius03
83,2026-01-16 01:56:20,default,teastore-image-79674648d-vqvjr,luish-aspire-a315-55g
83,2026-01-16 01:56:20,default,teastore-persistence-784748b4b9-zknwl,luish-aspire-a315-55g
83,2026-01-16 01:56:20,default,teastore-recommender-74559c88-np56k,scorpius03
83,2026-01-16 01:56:20,default,teastore-registry-676858f7cd-tdz8h,luish-nitro-an515-57
83,2026-01-16 01:56:20,default,teastore-webui-558b54cc77-jllp4,luish-nitro-an515-57
84,2026-01-16 01:56:29,default,teastore-auth-84d7ccddd9-v478q,luish-nitro-an515-57
84,2026-01-16 01:56:29,default,teastore-db-84f96b9dd8-ptwlr,luish-nitro-an515-57
84,2026-01-16 01:56:29,default,teastore-image-79674648d-vqvjr,luish-aspire-a315-55g
84,2026-01-16 01:56:29,default,teastore-persistence-784748b4b9-zknwl,luish-aspire-a315-55g
84,2026-01-16 01:56:29,default,teastore-recommender-74559c88-np56k,scorpius03
84,2026-01-16 01:56:29,default,teastore-registry-676858f7cd-wctl9,leo02
84,2026-01-16 01:56:29,default,teastore-webui-558b54cc77-jllp4,luish-nitro-an515-57
85,2026-01-16 01:56:37,default,teastore-auth-84d7ccddd9-wjxqr,luish-aspire-a315-55g
85,2026-01-16 01:56:37,default,teastore-db-84f96b9dd8-ptwlr,luish-nitro-an515-57
85,2026-01-16 01:56:37,default,teastore-image-79674648d-szp6c,leo02
85,2026-01-16 01:56:37,default,teastore-persistence-784748b4b9-zknwl,luish-aspire-a315-55g
85,2026-01-16 01:56:37,default,teastore-recommender-74559c88-s784j,scorpius03
85,2026-01-16 01:56:37,default,teastore-registry-676858f7cd-wctl9,leo02
85,2026-01-16 01:56:37,default,teastore-webui-558b54cc77-jllp4,luish-nitro-an515-57
86,2026-01-16 01:56:46,default,teastore-auth-84d7ccddd9-wjxqr,luish-aspire-a315-55g
86,2026-01-16 01:56:46,default,teastore-db-84f96b9dd8-ptwlr,luish-nitro-an515-57
86,2026-01-16 01:56:46,default,teastore-image-79674648d-szp6c,leo02
86,2026-01-16 01:56:46,default,teastore-persistence-784748b4b9-zcxlx,luish-aspire-a315-55g
86,2026-01-16 01:56:46,default,teastore-recommender-74559c88-v5d9b,luish-nitro-an515-57
86,2026-01-16 01:56:46,default,teastore-registry-676858f7cd-wctl9,leo02
86,2026-01-16 01:56:46,default,teastore-webui-558b54cc77-njwvr,luish-aspire-a315-55g
87,2026-01-16 01:56:55,default,teastore-auth-84d7ccddd9-xrq4z,luish-aspire-a315-55g
87,2026-01-16 01:56:55,default,teastore-db-84f96b9dd8-mmqqp,leo02
87,2026-01-16 01:56:55,default,teastore-image-79674648d-x4vld,leo02
87,2026-01-16 01:56:55,default,teastore-persistence-784748b4b9-zcxlx,luish-aspire-a315-55g
87,2026-01-16 01:56:55,default,teastore-recommender-74559c88-v5d9b,luish-nitro-an515-57
87,2026-01-16 01:56:55,default,teastore-registry-676858f7cd-wctl9,leo02
87,2026-01-16 01:56:55,default,teastore-webui-558b54cc77-njwvr,luish-aspire-a315-55g
88,2026-01-16 01:57:04,default,teastore-auth-84d7ccddd9-xrq4z,luish-aspire-a315-55g
88,2026-01-16 01:57:04,default,teastore-db-84f96b9dd8-ptj4m,scorpius03
88,2026-01-16 01:57:04,default,teastore-image-79674648d-x4vld,leo02
88,2026-01-16 01:57:04,default,teastore-persistence-784748b4b9-zcxlx,luish-aspire-a315-55g
88,2026-01-16 01:57:04,default,teastore-recommender-74559c88-v5d9b,luish-nitro-an515-57
88,2026-01-16 01:57:04,default,teastore-registry-676858f7cd-mxh76,luish-aspire-a315-55g
88,2026-01-16 01:57:04,default,teastore-webui-558b54cc77-vhnhk,luish-nitro-an515-57
89,2026-01-16 01:57:22,default,teastore-auth-84d7ccddd9-xrq4z,luish-aspire-a315-55g
89,2026-01-16 01:57:22,default,teastore-db-84f96b9dd8-ptj4m,scorpius03
89,2026-01-16 01:57:22,default,teastore-image-79674648d-x4vld,leo02
89,2026-01-16 01:57:22,default,teastore-persistence-784748b4b9-v4hds,luish-aspire-a315-55g
89,2026-01-16 01:57:22,default,teastore-recommender-74559c88-n6cfw,luish-nitro-an515-57
89,2026-01-16 01:57:22,default,teastore-registry-676858f7cd-vj7wx,leo02
89,2026-01-16 01:57:22,default,teastore-webui-558b54cc77-vhnhk,luish-nitro-an515-57
90,2026-01-16 01:57:41,default,teastore-auth-84d7ccddd9-wzlww,luish-aspire-a315-55g
90,2026-01-16 01:57:41,default,teastore-db-84f96b9dd8-4btwx,luish-aspire-a315-55g
90,2026-01-16 01:57:41,default,teastore-image-79674648d-s8269,scorpius03
90,2026-01-16 01:57:41,default,teastore-persistence-784748b4b9-jftbn,scorpius03
90,2026-01-16 01:57:41,default,teastore-recommender-74559c88-n6cfw,luish-nitro-an515-57
90,2026-01-16 01:57:41,default,teastore-registry-676858f7cd-vj7wx,leo02
90,2026-01-16 01:57:41,default,teastore-webui-558b54cc77-vhnhk,luish-nitro-an515-57
91,2026-01-16 01:57:59,default,teastore-auth-84d7ccddd9-wzlww,luish-aspire-a315-55g
91,2026-01-16 01:57:59,default,teastore-db-84f96b9dd8-fd78s,leo02
91,2026-01-16 01:57:59,default,teastore-image-79674648d-s8269,scorpius03
91,2026-01-16 01:57:59,default,teastore-persistence-784748b4b9-jftbn,scorpius03
91,2026-01-16 01:57:59,default,teastore-recommender-74559c88-qnrv6,scorpius03
91,2026-01-16 01:57:59,default,teastore-registry-676858f7cd-vj7wx,leo02
91,2026-01-16 01:57:59,default,teastore-webui-558b54cc77-pdvfw,luish-aspire-a315-55g
92,2026-01-16 01:58:08,default,teastore-auth-84d7ccddd9-wzlww,luish-aspire-a315-55g
92,2026-01-16 01:58:08,default,teastore-db-84f96b9dd8-fd78s,leo02
92,2026-01-16 01:58:08,default,teastore-image-79674648d-s8269,scorpius03
92,2026-01-16 01:58:08,default,teastore-persistence-784748b4b9-nmpjv,luish-nitro-an515-57
92,2026-01-16 01:58:08,default,teastore-recommender-74559c88-xjl7b,luish-nitro-an515-57
92,2026-01-16 01:58:08,default,teastore-registry-676858f7cd-x2s99,leo02
92,2026-01-16 01:58:08,default,teastore-webui-558b54cc77-tjbnj,scorpius03
93,2026-01-16 01:58:17,default,teastore-auth-84d7ccddd9-wzlww,luish-aspire-a315-55g
93,2026-01-16 01:58:17,default,teastore-db-84f96b9dd8-tlb4d,luish-aspire-a315-55g
93,2026-01-16 01:58:17,default,teastore-image-79674648d-s8269,scorpius03
93,2026-01-16 01:58:17,default,teastore-persistence-784748b4b9-nmpjv,luish-nitro-an515-57
93,2026-01-16 01:58:17,default,teastore-recommender-74559c88-xjl7b,luish-nitro-an515-57
93,2026-01-16 01:58:17,default,teastore-registry-676858f7cd-x2s99,leo02
93,2026-01-16 01:58:17,default,teastore-webui-558b54cc77-tjbnj,scorpius03
94,2026-01-16 01:58:26,default,teastore-auth-84d7ccddd9-wzlww,luish-aspire-a315-55g
94,2026-01-16 01:58:26,default,teastore-db-84f96b9dd8-tlb4d,luish-aspire-a315-55g
94,2026-01-16 01:58:26,default,teastore-image-79674648d-pwsbh,luish-nitro-an515-57
94,2026-01-16 01:58:26,default,teastore-persistence-784748b4b9-nmpjv,luish-nitro-an515-57
94,2026-01-16 01:58:26,default,teastore-recommender-74559c88-xjl7b,luish-nitro-an515-57
94,2026-01-16 01:58:26,default,teastore-registry-676858f7cd-x2s99,leo02
94,2026-01-16 01:58:26,default,teastore-webui-558b54cc77-tjbnj,scorpius03
95,2026-01-16 01:58:34,default,teastore-auth-84d7ccddd9-x9tdr,scorpius03
95,2026-01-16 01:58:34,default,teastore-db-84f96b9dd8-tlb4d,luish-aspire-a315-55g
95,2026-01-16 01:58:34,default,teastore-image-79674648d-pwsbh,luish-nitro-an515-57
95,2026-01-16 01:58:34,default,teastore-persistence-784748b4b9-v2x2l,luish-aspire-a315-55g
95,2026-01-16 01:58:34,default,teastore-recommender-74559c88-xjl7b,luish-nitro-an515-57
95,2026-01-16 01:58:34,default,teastore-registry-676858f7cd-x2s99,leo02
95,2026-01-16 01:58:34,default,teastore-webui-558b54cc77-tjbnj,scorpius03
96,2026-01-16 01:58:43,default,teastore-auth-84d7ccddd9-xh4c9,scorpius03
96,2026-01-16 01:58:43,default,teastore-db-84f96b9dd8-wtb7f,leo02
96,2026-01-16 01:58:43,default,teastore-image-79674648d-pwsbh,luish-nitro-an515-57
96,2026-01-16 01:58:43,default,teastore-persistence-784748b4b9-v2x2l,luish-aspire-a315-55g
96,2026-01-16 01:58:43,default,teastore-recommender-74559c88-rvgkz,luish-nitro-an515-57
96,2026-01-16 01:58:43,default,teastore-registry-676858f7cd-wvswc,scorpius03
96,2026-01-16 01:58:43,default,teastore-webui-558b54cc77-qpk7d,scorpius03
97,2026-01-16 01:58:57,default,teastore-auth-84d7ccddd9-x9tdr,scorpius03
97,2026-01-16 01:58:57,default,teastore-db-84f96b9dd8-wtb7f,leo02
97,2026-01-16 01:58:57,default,teastore-image-79674648d-tgqww,luish-aspire-a315-55g
97,2026-01-16 01:58:57,default,teastore-persistence-784748b4b9-v2x2l,luish-aspire-a315-55g
97,2026-01-16 01:58:57,default,teastore-recommender-74559c88-ht8q2,leo02
97,2026-01-16 01:58:57,default,teastore-registry-676858f7cd-wvswc,scorpius03
97,2026-01-16 01:58:57,default,teastore-webui-558b54cc77-qpk7d,scorpius03
98,2026-01-16 01:59:05,default,teastore-auth-84d7ccddd9-x9tdr,scorpius03
98,2026-01-16 01:59:05,default,teastore-db-84f96b9dd8-wtb7f,leo02
98,2026-01-16 01:59:05,default,teastore-image-79674648d-tgqww,luish-aspire-a315-55g
98,2026-01-16 01:59:05,default,teastore-persistence-784748b4b9-v2x2l,luish-aspire-a315-55g
98,2026-01-16 01:59:05,default,teastore-recommender-74559c88-gfk5t,luish-nitro-an515-57
98,2026-01-16 01:59:05,default,teastore-registry-676858f7cd-wvswc,scorpius03
98,2026-01-16 01:59:05,default,teastore-webui-558b54cc77-qvhxq,scorpius03
99,2026-01-16 01:59:14,default,teastore-auth-84d7ccddd9-jdtcr,luish-nitro-an515-57
99,2026-01-16 01:59:14,default,teastore-db-84f96b9dd8-wtb7f,leo02
99,2026-01-16 01:59:14,default,teastore-image-79674648d-tgqww,luish-aspire-a315-55g
99,2026-01-16 01:59:14,default,teastore-persistence-784748b4b9-v2x2l,luish-aspire-a315-55g
99,2026-01-16 01:59:14,default,teastore-recommender-74559c88-fc8tc,luish-nitro-an515-57
99,2026-01-16 01:59:14,default,teastore-registry-676858f7cd-gbsxm,scorpius03
99,2026-01-16 01:59:14,default,teastore-webui-558b54cc77-sjxc5,scorpius03
100,2026-01-16 01:59:23,default,teastore-auth-84d7ccddd9-jdtcr,luish-nitro-an515-57
100,2026-01-16 01:59:23,default,teastore-db-84f96b9dd8-wtb7f,leo02
100,2026-01-16 01:59:23,default,teastore-image-79674648d-tgqww,luish-aspire-a315-55g
100,2026-01-16 01:59:23,default,teastore-persistence-784748b4b9-sq5ch,luish-nitro-an515-57
100,2026-01-16 01:59:23,default,teastore-recommender-74559c88-gmzqz,leo02
100,2026-01-16 01:59:23,default,teastore-registry-676858f7cd-hlffg,leo02
100,2026-01-16 01:59:23,default,teastore-webui-558b54cc77-sjxc5,scorpius03
101,2026-01-16 01:59:32,default,teastore-auth-84d7ccddd9-r9rg5,leo02
101,2026-01-16 01:59:32,default,teastore-db-84f96b9dd8-wht85,luish-aspire-a315-55g
101,2026-01-16 01:59:32,default,teastore-image-79674648d-wmxgj,luish-nitro-an515-57
101,2026-01-16 01:59:32,default,teastore-persistence-784748b4b9-sq5ch,luish-nitro-an515-57
101,2026-01-16 01:59:32,default,teastore-recommender-74559c88-ntzbh,luish-nitro-an515-57
101,2026-01-16 01:59:32,default,teastore-registry-676858f7cd-vk96j,luish-nitro-an515-57
101,2026-01-16 01:59:32,default,teastore-webui-558b54cc77-sjxc5,scorpius03
102,2026-01-16 01:59:42,default,teastore-auth-84d7ccddd9-r9rg5,leo02
102,2026-01-16 01:59:42,default,teastore-db-84f96b9dd8-wht85,luish-aspire-a315-55g
102,2026-01-16 01:59:42,default,teastore-image-79674648d-wmxgj,luish-nitro-an515-57
102,2026-01-16 01:59:42,default,teastore-persistence-784748b4b9-sqjp6,leo02
102,2026-01-16 01:59:42,default,teastore-recommender-74559c88-ntzbh,luish-nitro-an515-57
102,2026-01-16 01:59:42,default,teastore-registry-676858f7cd-vk96j,luish-nitro-an515-57
102,2026-01-16 01:59:42,default,teastore-webui-558b54cc77-sjxc5,scorpius03
103,2026-01-16 01:59:52,default,teastore-auth-84d7ccddd9-r9rg5,leo02
103,2026-01-16 01:59:52,default,teastore-db-84f96b9dd8-wht85,luish-aspire-a315-55g
103,2026-01-16 01:59:52,default,teastore-image-79674648d-wmxgj,luish-nitro-an515-57
103,2026-01-16 01:59:52,default,teastore-persistence-784748b4b9-sqjp6,leo02
103,2026-01-16 01:59:52,default,teastore-recommender-74559c88-qbbb4,scorpius03
103,2026-01-16 01:59:52,default,teastore-registry-676858f7cd-vk96j,luish-nitro-an515-57
103,2026-01-16 01:59:52,default,teastore-webui-558b54cc77-zh8nk,luish-aspire-a315-55g
104,2026-01-16 02:00:00,default,teastore-auth-84d7ccddd9-r9rg5,leo02
104,2026-01-16 02:00:00,default,teastore-db-84f96b9dd8-wht85,luish-aspire-a315-55g
104,2026-01-16 02:00:00,default,teastore-image-79674648d-wmxgj,luish-nitro-an515-57
104,2026-01-16 02:00:00,default,teastore-persistence-784748b4b9-sqjp6,leo02
104,2026-01-16 02:00:00,default,teastore-recommender-74559c88-qbbb4,scorpius03
104,2026-01-16 02:00:00,default,teastore-registry-676858f7cd-t6bwd,scorpius03
104,2026-01-16 02:00:00,default,teastore-webui-558b54cc77-zqw85,luish-nitro-an515-57
105,2026-01-16 02:00:24,default,teastore-auth-84d7ccddd9-j22hd,luish-nitro-an515-57
105,2026-01-16 02:00:24,default,teastore-db-84f96b9dd8-t7n4w,scorpius03
105,2026-01-16 02:00:24,default,teastore-image-79674648d-56bzk,leo02
105,2026-01-16 02:00:24,default,teastore-persistence-784748b4b9-tn7f5,leo02
105,2026-01-16 02:00:24,default,teastore-recommender-74559c88-zt2nd,luish-nitro-an515-57
105,2026-01-16 02:00:24,default,teastore-registry-676858f7cd-t6bwd,scorpius03
105,2026-01-16 02:00:24,default,teastore-webui-558b54cc77-zqw85,luish-nitro-an515-57
106,2026-01-16 02:00:44,default,teastore-auth-84d7ccddd9-j22hd,luish-nitro-an515-57
106,2026-01-16 02:00:44,default,teastore-db-84f96b9dd8-8km6h,luish-aspire-a315-55g
106,2026-01-16 02:00:44,default,teastore-image-79674648d-99nkc,luish-aspire-a315-55g
106,2026-01-16 02:00:44,default,teastore-persistence-784748b4b9-tn7f5,leo02
106,2026-01-16 02:00:44,default,teastore-recommender-74559c88-zt2nd,luish-nitro-an515-57
106,2026-01-16 02:00:44,default,teastore-registry-676858f7cd-xtp2f,luish-aspire-a315-55g
106,2026-01-16 02:00:44,default,teastore-webui-558b54cc77-zqw85,luish-nitro-an515-57
107,2026-01-16 02:01:12,default,teastore-auth-84d7ccddd9-j22hd,luish-nitro-an515-57
107,2026-01-16 02:01:12,default,teastore-db-84f96b9dd8-zxxfq,scorpius03
107,2026-01-16 02:01:12,default,teastore-image-79674648d-vqdcq,leo02
107,2026-01-16 02:01:12,default,teastore-persistence-784748b4b9-w9vdl,luish-aspire-a315-55g
107,2026-01-16 02:01:12,default,teastore-recommender-74559c88-zt2nd,luish-nitro-an515-57
107,2026-01-16 02:01:12,default,teastore-registry-676858f7cd-xtp2f,luish-aspire-a315-55g
107,2026-01-16 02:01:12,default,teastore-webui-558b54cc77-zqw85,luish-nitro-an515-57
108,2026-01-16 02:01:31,default,teastore-auth-84d7ccddd9-j22hd,luish-nitro-an515-57
108,2026-01-16 02:01:31,default,teastore-db-84f96b9dd8-zxxfq,scorpius03
108,2026-01-16 02:01:31,default,teastore-image-79674648d-vqdcq,leo02
108,2026-01-16 02:01:31,default,teastore-persistence-784748b4b9-w9vdl,luish-aspire-a315-55g
108,2026-01-16 02:01:31,default,teastore-recommender-74559c88-zt2nd,luish-nitro-an515-57
108,2026-01-16 02:01:31,default,teastore-registry-676858f7cd-xtp2f,luish-aspire-a315-55g
108,2026-01-16 02:01:31,default,teastore-webui-558b54cc77-txfh8,luish-aspire-a315-55g
109,2026-01-16 02:01:54,default,teastore-auth-84d7ccddd9-v6x96,scorpius03
109,2026-01-16 02:01:54,default,teastore-db-84f96b9dd8-js8k8,luish-aspire-a315-55g
109,2026-01-16 02:01:54,default,teastore-image-79674648d-wfkth,luish-aspire-a315-55g
109,2026-01-16 02:01:54,default,teastore-persistence-784748b4b9-hv8p7,leo02
109,2026-01-16 02:01:54,default,teastore-recommender-74559c88-qvb2t,luish-nitro-an515-57
109,2026-01-16 02:01:54,default,teastore-registry-676858f7cd-zrccm,luish-aspire-a315-55g
109,2026-01-16 02:01:54,default,teastore-webui-558b54cc77-wsvhr,scorpius03
110,2026-01-16 02:02:23,default,teastore-auth-84d7ccddd9-v6x96,scorpius03
110,2026-01-16 02:02:23,default,teastore-db-84f96b9dd8-js8k8,luish-aspire-a315-55g
110,2026-01-16 02:02:23,default,teastore-image-79674648d-wfkth,luish-aspire-a315-55g
110,2026-01-16 02:02:23,default,teastore-persistence-784748b4b9-smzrd,luish-aspire-a315-55g
110,2026-01-16 02:02:23,default,teastore-recommender-74559c88-qvb2t,luish-nitro-an515-57
110,2026-01-16 02:02:23,default,teastore-registry-676858f7cd-zrccm,luish-aspire-a315-55g
110,2026-01-16 02:02:23,default,teastore-webui-558b54cc77-wsvhr,scorpius03
111,2026-01-16 02:02:41,default,teastore-auth-84d7ccddd9-l74cq,leo02
111,2026-01-16 02:02:41,default,teastore-db-84f96b9dd8-f7t55,leo02
111,2026-01-16 02:02:41,default,teastore-image-79674648d-2lhjn,luish-nitro-an515-57
111,2026-01-16 02:02:41,default,teastore-persistence-784748b4b9-smzrd,luish-aspire-a315-55g
111,2026-01-16 02:02:41,default,teastore-recommender-74559c88-qvb2t,luish-nitro-an515-57
111,2026-01-16 02:02:41,default,teastore-registry-676858f7cd-nkrlz,leo02
111,2026-01-16 02:02:41,default,teastore-webui-558b54cc77-s7442,luish-aspire-a315-55g
112,2026-01-16 02:03:10,default,teastore-auth-84d7ccddd9-f8wr8,leo02
112,2026-01-16 02:03:10,default,teastore-db-84f96b9dd8-b5djq,luish-aspire-a315-55g
112,2026-01-16 02:03:10,default,teastore-image-79674648d-48kct,leo02
112,2026-01-16 02:03:10,default,teastore-persistence-784748b4b9-zrrcz,leo02
112,2026-01-16 02:03:10,default,teastore-recommender-74559c88-t4xkv,luish-aspire-a315-55g
112,2026-01-16 02:03:10,default,teastore-registry-676858f7cd-tm5bn,luish-aspire-a315-55g
112,2026-01-16 02:03:10,default,teastore-webui-558b54cc77-vhstt,scorpius03
113,2026-01-16 02:03:39,default,teastore-auth-84d7ccddd9-wqjqt,luish-aspire-a315-55g
113,2026-01-16 02:03:39,default,teastore-db-84f96b9dd8-b5djq,luish-aspire-a315-55g
113,2026-01-16 02:03:39,default,teastore-image-79674648d-8x28h,luish-nitro-an515-57
113,2026-01-16 02:03:39,default,teastore-persistence-784748b4b9-zrrcz,leo02
113,2026-01-16 02:03:39,default,teastore-recommender-74559c88-t4xkv,luish-aspire-a315-55g
113,2026-01-16 02:03:39,default,teastore-registry-676858f7cd-zx95v,scorpius03
113,2026-01-16 02:03:39,default,teastore-webui-558b54cc77-vhstt,scorpius03
114,2026-01-16 02:04:07,default,teastore-auth-84d7ccddd9-wqjqt,luish-aspire-a315-55g
114,2026-01-16 02:04:07,default,teastore-db-84f96b9dd8-jwg5h,luish-aspire-a315-55g
114,2026-01-16 02:04:07,default,teastore-image-79674648d-lmzt4,luish-aspire-a315-55g
114,2026-01-16 02:04:07,default,teastore-persistence-784748b4b9-nl4jh,leo02
114,2026-01-16 02:04:07,default,teastore-recommender-74559c88-bzb4l,leo02
114,2026-01-16 02:04:07,default,teastore-registry-676858f7cd-zx95v,scorpius03
114,2026-01-16 02:04:07,default,teastore-webui-558b54cc77-mrrtn,luish-nitro-an515-57
115,2026-01-16 02:04:36,default,teastore-auth-84d7ccddd9-x8n9m,luish-aspire-a315-55g
115,2026-01-16 02:04:36,default,teastore-db-84f96b9dd8-nfff4,scorpius03
115,2026-01-16 02:04:36,default,teastore-image-79674648d-rm4jt,luish-nitro-an515-57
115,2026-01-16 02:04:36,default,teastore-persistence-784748b4b9-7dnsm,scorpius03
115,2026-01-16 02:04:36,default,teastore-recommender-74559c88-kdbjk,luish-aspire-a315-55g
115,2026-01-16 02:04:36,default,teastore-registry-676858f7cd-jsfqq,luish-aspire-a315-55g
115,2026-01-16 02:04:36,default,teastore-webui-558b54cc77-mrrtn,luish-nitro-an515-57
116,2026-01-16 02:05:04,default,teastore-auth-84d7ccddd9-x8n9m,luish-aspire-a315-55g
116,2026-01-16 02:05:04,default,teastore-db-84f96b9dd8-nfff4,scorpius03
116,2026-01-16 02:05:04,default,teastore-image-79674648d-rm4jt,luish-nitro-an515-57
116,2026-01-16 02:05:04,default,teastore-persistence-784748b4b9-8nszg,luish-aspire-a315-55g
116,2026-01-16 02:05:04,default,teastore-recommender-74559c88-mvsvw,luish-nitro-an515-57
116,2026-01-16 02:05:04,default,teastore-registry-676858f7cd-gw9fv,leo02
116,2026-01-16 02:05:04,default,teastore-webui-558b54cc77-n55lp,luish-aspire-a315-55g
117,2026-01-16 02:05:33,default,teastore-auth-84d7ccddd9-ns8v5,leo02
117,2026-01-16 02:05:33,default,teastore-db-84f96b9dd8-mmbw9,scorpius03
117,2026-01-16 02:05:33,default,teastore-image-79674648d-rm4jt,luish-nitro-an515-57
117,2026-01-16 02:05:33,default,teastore-persistence-784748b4b9-ckwsw,leo02
117,2026-01-16 02:05:33,default,teastore-recommender-74559c88-nxg5l,luish-nitro-an515-57
117,2026-01-16 02:05:33,default,teastore-registry-676858f7cd-gw9fv,leo02
117,2026-01-16 02:05:33,default,teastore-webui-558b54cc77-wdj4g,leo02
118,2026-01-16 02:05:48,default,teastore-auth-84d7ccddd9-tq4x4,luish-nitro-an515-57
118,2026-01-16 02:05:48,default,teastore-db-84f96b9dd8-mmbw9,scorpius03
118,2026-01-16 02:05:48,default,teastore-image-79674648d-x7zpj,luish-nitro-an515-57
118,2026-01-16 02:05:48,default,teastore-persistence-784748b4b9-qs8nz,luish-aspire-a315-55g
118,2026-01-16 02:05:48,default,teastore-recommender-74559c88-nxg5l,luish-nitro-an515-57
118,2026-01-16 02:05:48,default,teastore-registry-676858f7cd-xsg5m,luish-nitro-an515-57
118,2026-01-16 02:05:48,default,teastore-webui-558b54cc77-wdj4g,leo02
119,2026-01-16 02:05:59,default,teastore-auth-84d7ccddd9-tq4x4,luish-nitro-an515-57
119,2026-01-16 02:05:59,default,teastore-db-84f96b9dd8-w6nx8,luish-aspire-a315-55g
119,2026-01-16 02:05:59,default,teastore-image-79674648d-x7zpj,luish-nitro-an515-57
119,2026-01-16 02:05:59,default,teastore-persistence-784748b4b9-qs8nz,luish-aspire-a315-55g
119,2026-01-16 02:05:59,default,teastore-recommender-74559c88-nxg5l,luish-nitro-an515-57
119,2026-01-16 02:05:59,default,teastore-registry-676858f7cd-xsg5m,luish-nitro-an515-57
119,2026-01-16 02:05:59,default,teastore-webui-558b54cc77-wdj4g,leo02
120,2026-01-16 02:06:08,default,teastore-auth-84d7ccddd9-tq4x4,luish-nitro-an515-57
120,2026-01-16 02:06:08,default,teastore-db-84f96b9dd8-w6nx8,luish-aspire-a315-55g
120,2026-01-16 02:06:08,default,teastore-image-79674648d-xrb2s,leo02
120,2026-01-16 02:06:08,default,teastore-persistence-784748b4b9-qs8nz,luish-aspire-a315-55g
120,2026-01-16 02:06:08,default,teastore-recommender-74559c88-nxg5l,luish-nitro-an515-57
120,2026-01-16 02:06:08,default,teastore-registry-676858f7cd-xsg5m,luish-nitro-an515-57
120,2026-01-16 02:06:08,default,teastore-webui-558b54cc77-wdj4g,leo02
121,2026-01-16 02:06:16,default,teastore-auth-84d7ccddd9-tq4x4,luish-nitro-an515-57
121,2026-01-16 02:06:16,default,teastore-db-84f96b9dd8-w6nx8,luish-aspire-a315-55g
121,2026-01-16 02:06:16,default,teastore-image-79674648d-xrb2s,leo02
121,2026-01-16 02:06:16,default,teastore-persistence-784748b4b9-qs8nz,luish-aspire-a315-55g
121,2026-01-16 02:06:16,default,teastore-recommender-74559c88-99dgx,luish-nitro-an515-57
121,2026-01-16 02:06:16,default,teastore-registry-676858f7cd-xsg5m,luish-nitro-an515-57
121,2026-01-16 02:06:16,default,teastore-webui-558b54cc77-gw2nl,luish-nitro-an515-57
122,2026-01-16 02:06:25,default,teastore-auth-84d7ccddd9-qbzpp,luish-nitro-an515-57
122,2026-01-16 02:06:25,default,teastore-db-84f96b9dd8-w6nx8,luish-aspire-a315-55g
122,2026-01-16 02:06:25,default,teastore-image-79674648d-xrb2s,leo02
122,2026-01-16 02:06:25,default,teastore-persistence-784748b4b9-rfrkb,leo02
122,2026-01-16 02:06:25,default,teastore-recommender-74559c88-lvr8w,luish-nitro-an515-57
122,2026-01-16 02:06:25,default,teastore-registry-676858f7cd-xq8dr,leo02
122,2026-01-16 02:06:25,default,teastore-webui-558b54cc77-rcgcr,scorpius03
123,2026-01-16 02:06:34,default,teastore-auth-84d7ccddd9-qbzpp,luish-nitro-an515-57
123,2026-01-16 02:06:34,default,teastore-db-84f96b9dd8-w6nx8,luish-aspire-a315-55g
123,2026-01-16 02:06:34,default,teastore-image-79674648d-xrb2s,leo02
123,2026-01-16 02:06:34,default,teastore-persistence-784748b4b9-rfrkb,leo02
123,2026-01-16 02:06:34,default,teastore-recommender-74559c88-lvr8w,luish-nitro-an515-57
123,2026-01-16 02:06:34,default,teastore-registry-676858f7cd-xq8dr,leo02
123,2026-01-16 02:06:34,default,teastore-webui-558b54cc77-rcgcr,scorpius03
124,2026-01-16 02:06:42,default,teastore-auth-84d7ccddd9-h62cv,scorpius03
124,2026-01-16 02:06:42,default,teastore-db-84f96b9dd8-plnmb,luish-aspire-a315-55g
124,2026-01-16 02:06:42,default,teastore-image-79674648d-plfj6,luish-nitro-an515-57
124,2026-01-16 02:06:42,default,teastore-persistence-784748b4b9-rfrkb,leo02
124,2026-01-16 02:06:42,default,teastore-recommender-74559c88-v2zvl,luish-aspire-a315-55g
124,2026-01-16 02:06:42,default,teastore-registry-676858f7cd-xq8dr,leo02
124,2026-01-16 02:06:42,default,teastore-webui-558b54cc77-rcgcr,scorpius03
125,2026-01-16 02:06:51,default,teastore-auth-84d7ccddd9-h62cv,scorpius03
125,2026-01-16 02:06:51,default,teastore-db-84f96b9dd8-gww2l,luish-nitro-an515-57
125,2026-01-16 02:06:51,default,teastore-image-79674648d-xz42d,leo02
125,2026-01-16 02:06:51,default,teastore-persistence-784748b4b9-rfrkb,leo02
125,2026-01-16 02:06:51,default,teastore-recommender-74559c88-v6t7p,luish-aspire-a315-55g
125,2026-01-16 02:06:51,default,teastore-registry-676858f7cd-zxdgv,luish-aspire-a315-55g
125,2026-01-16 02:06:51,default,teastore-webui-558b54cc77-v8x4q,luish-nitro-an515-57
126,2026-01-16 02:07:00,default,teastore-auth-84d7ccddd9-ghlw6,luish-nitro-an515-57
126,2026-01-16 02:07:00,default,teastore-db-84f96b9dd8-xtdqp,scorpius03
126,2026-01-16 02:07:00,default,teastore-image-79674648d-xz42d,leo02
126,2026-01-16 02:07:00,default,teastore-persistence-784748b4b9-rh92f,scorpius03
126,2026-01-16 02:07:00,default,teastore-recommender-74559c88-z7bxb,leo02
126,2026-01-16 02:07:00,default,teastore-registry-676858f7cd-zxdgv,luish-aspire-a315-55g
126,2026-01-16 02:07:00,default,teastore-webui-558b54cc77-v8x4q,luish-nitro-an515-57
127,2026-01-16 02:07:08,default,teastore-auth-84d7ccddd9-ghlw6,luish-nitro-an515-57
127,2026-01-16 02:07:08,default,teastore-db-84f96b9dd8-xtdqp,scorpius03
127,2026-01-16 02:07:08,default,teastore-image-79674648d-xz42d,leo02
127,2026-01-16 02:07:08,default,teastore-persistence-784748b4b9-wvjlq,luish-aspire-a315-55g
127,2026-01-16 02:07:08,default,teastore-recommender-74559c88-z7bxb,leo02
127,2026-01-16 02:07:08,default,teastore-registry-676858f7cd-zxdgv,luish-aspire-a315-55g
127,2026-01-16 02:07:08,default,teastore-webui-558b54cc77-whgbq,luish-aspire-a315-55g
128,2026-01-16 02:07:17,default,teastore-auth-84d7ccddd9-qv9fq,luish-nitro-an515-57
128,2026-01-16 02:07:17,default,teastore-db-84f96b9dd8-xtdqp,scorpius03
128,2026-01-16 02:07:17,default,teastore-image-79674648d-xz42d,leo02
128,2026-01-16 02:07:17,default,teastore-persistence-784748b4b9-wvjlq,luish-aspire-a315-55g
128,2026-01-16 02:07:17,default,teastore-recommender-74559c88-z7bxb,leo02
128,2026-01-16 02:07:17,default,teastore-registry-676858f7cd-zxdgv,luish-aspire-a315-55g
128,2026-01-16 02:07:17,default,teastore-webui-558b54cc77-whgbq,luish-aspire-a315-55g
129,2026-01-16 02:07:26,default,teastore-auth-84d7ccddd9-r59ln,scorpius03
129,2026-01-16 02:07:26,default,teastore-db-84f96b9dd8-xtdqp,scorpius03
129,2026-01-16 02:07:26,default,teastore-image-79674648d-p5bls,luish-nitro-an515-57
129,2026-01-16 02:07:26,default,teastore-persistence-784748b4b9-wvjlq,luish-aspire-a315-55g
129,2026-01-16 02:07:26,default,teastore-recommender-74559c88-z7bxb,leo02
129,2026-01-16 02:07:26,default,teastore-registry-676858f7cd-zxdgv,luish-aspire-a315-55g
129,2026-01-16 02:07:26,default,teastore-webui-558b54cc77-whgbq,luish-aspire-a315-55g
130,2026-01-16 02:07:34,default,teastore-auth-84d7ccddd9-r59ln,scorpius03
130,2026-01-16 02:07:34,default,teastore-db-84f96b9dd8-hrmdt,luish-nitro-an515-57
130,2026-01-16 02:07:34,default,teastore-image-79674648d-p5bls,luish-nitro-an515-57
130,2026-01-16 02:07:34,default,teastore-persistence-784748b4b9-x4g8l,luish-nitro-an515-57
130,2026-01-16 02:07:34,default,teastore-recommender-74559c88-xrx4w,luish-nitro-an515-57
130,2026-01-16 02:07:34,default,teastore-registry-676858f7cd-jnrz9,luish-nitro-an515-57
130,2026-01-16 02:07:34,default,teastore-webui-558b54cc77-whgbq,luish-aspire-a315-55g
131,2026-01-16 02:07:43,default,teastore-auth-84d7ccddd9-r59ln,scorpius03
131,2026-01-16 02:07:43,default,teastore-db-84f96b9dd8-hrmdt,luish-nitro-an515-57
131,2026-01-16 02:07:43,default,teastore-image-79674648d-t74zg,luish-nitro-an515-57
131,2026-01-16 02:07:43,default,teastore-persistence-784748b4b9-x4g8l,luish-nitro-an515-57
131,2026-01-16 02:07:43,default,teastore-recommender-74559c88-wbvj7,leo02
131,2026-01-16 02:07:43,default,teastore-registry-676858f7cd-wjxgd,leo02
131,2026-01-16 02:07:43,default,teastore-webui-558b54cc77-whgbq,luish-aspire-a315-55g
132,2026-01-16 02:07:52,default,teastore-auth-84d7ccddd9-r59ln,scorpius03
132,2026-01-16 02:07:52,default,teastore-db-84f96b9dd8-jsrkg,scorpius03
132,2026-01-16 02:07:52,default,teastore-image-79674648d-tndz8,leo02
132,2026-01-16 02:07:52,default,teastore-persistence-784748b4b9-x4g8l,luish-nitro-an515-57
132,2026-01-16 02:07:52,default,teastore-recommender-74559c88-wbvj7,leo02
132,2026-01-16 02:07:52,default,teastore-registry-676858f7cd-wjxgd,leo02
132,2026-01-16 02:07:52,default,teastore-webui-558b54cc77-rjbsj,luish-aspire-a315-55g
133,2026-01-16 02:08:00,default,teastore-auth-84d7ccddd9-kgdnm,luish-aspire-a315-55g
133,2026-01-16 02:08:00,default,teastore-db-84f96b9dd8-zdn2n,leo02
133,2026-01-16 02:08:00,default,teastore-image-79674648d-tndz8,leo02
133,2026-01-16 02:08:00,default,teastore-persistence-784748b4b9-x4g8l,luish-nitro-an515-57
133,2026-01-16 02:08:00,default,teastore-recommender-74559c88-wbvj7,leo02
133,2026-01-16 02:08:00,default,teastore-registry-676858f7cd-wjxgd,leo02
133,2026-01-16 02:08:00,default,teastore-webui-558b54cc77-rjbsj,luish-aspire-a315-55g
134,2026-01-16 02:08:09,default,teastore-auth-84d7ccddd9-pv5pc,luish-aspire-a315-55g
134,2026-01-16 02:08:09,default,teastore-db-84f96b9dd8-zdn2n,leo02
134,2026-01-16 02:08:09,default,teastore-image-79674648d-tndz8,leo02
134,2026-01-16 02:08:09,default,teastore-persistence-784748b4b9-pnx25,luish-nitro-an515-57
134,2026-01-16 02:08:09,default,teastore-recommender-74559c88-wbvj7,leo02
134,2026-01-16 02:08:09,default,teastore-registry-676858f7cd-wjxgd,leo02
134,2026-01-16 02:08:09,default,teastore-webui-558b54cc77-rjbsj,luish-aspire-a315-55g
135,2026-01-16 02:08:17,default,teastore-auth-84d7ccddd9-pv5pc,luish-aspire-a315-55g
135,2026-01-16 02:08:17,default,teastore-db-84f96b9dd8-zdn2n,leo02
135,2026-01-16 02:08:17,default,teastore-image-79674648d-tndz8,leo02
135,2026-01-16 02:08:17,default,teastore-persistence-784748b4b9-pnx25,luish-nitro-an515-57
135,2026-01-16 02:08:17,default,teastore-recommender-74559c88-hqx4d,luish-aspire-a315-55g
135,2026-01-16 02:08:17,default,teastore-registry-676858f7cd-prp5v,luish-nitro-an515-57
135,2026-01-16 02:08:17,default,teastore-webui-558b54cc77-s4ccr,leo02
136,2026-01-16 02:08:26,default,teastore-auth-84d7ccddd9-q7nt9,luish-aspire-a315-55g
136,2026-01-16 02:08:26,default,teastore-db-84f96b9dd8-zdn2n,leo02
136,2026-01-16 02:08:26,default,teastore-image-79674648d-jkzxq,luish-nitro-an515-57
136,2026-01-16 02:08:26,default,teastore-persistence-784748b4b9-pnx25,luish-nitro-an515-57
136,2026-01-16 02:08:26,default,teastore-recommender-74559c88-hqx4d,luish-aspire-a315-55g
136,2026-01-16 02:08:26,default,teastore-registry-676858f7cd-prp5v,luish-nitro-an515-57
136,2026-01-16 02:08:26,default,teastore-webui-558b54cc77-s4ccr,leo02
137,2026-01-16 02:08:35,default,teastore-auth-84d7ccddd9-q7nt9,luish-aspire-a315-55g
137,2026-01-16 02:08:35,default,teastore-db-84f96b9dd8-m2vw2,scorpius03
137,2026-01-16 02:08:35,default,teastore-image-79674648d-nzlc7,leo02
137,2026-01-16 02:08:35,default,teastore-persistence-784748b4b9-x74nz,luish-aspire-a315-55g
137,2026-01-16 02:08:35,default,teastore-recommender-74559c88-fnkmx,luish-nitro-an515-57
137,2026-01-16 02:08:35,default,teastore-registry-676858f7cd-prp5v,luish-nitro-an515-57
137,2026-01-16 02:08:35,default,teastore-webui-558b54cc77-slh9z,leo02
138,2026-01-16 02:08:43,default,teastore-auth-84d7ccddd9-q7nt9,luish-aspire-a315-55g
138,2026-01-16 02:08:43,default,teastore-db-84f96b9dd8-f8qkl,luish-nitro-an515-57
138,2026-01-16 02:08:43,default,teastore-image-79674648d-nzlc7,leo02
138,2026-01-16 02:08:43,default,teastore-persistence-784748b4b9-z4r4r,luish-nitro-an515-57
138,2026-01-16 02:08:43,default,teastore-recommender-74559c88-ghqbr,leo02
138,2026-01-16 02:08:43,default,teastore-registry-676858f7cd-prp5v,luish-nitro-an515-57
138,2026-01-16 02:08:43,default,teastore-webui-558b54cc77-slh9z,leo02
139,2026-01-16 02:08:52,default,teastore-auth-84d7ccddd9-q7nt9,luish-aspire-a315-55g
139,2026-01-16 02:08:52,default,teastore-db-84f96b9dd8-dt4lj,luish-nitro-an515-57
139,2026-01-16 02:08:52,default,teastore-image-79674648d-nzlc7,leo02
139,2026-01-16 02:08:52,default,teastore-persistence-784748b4b9-z4r4r,luish-nitro-an515-57
139,2026-01-16 02:08:52,default,teastore-recommender-74559c88-ghqbr,leo02
139,2026-01-16 02:08:52,default,teastore-registry-676858f7cd-nbf8v,luish-aspire-a315-55g
139,2026-01-16 02:08:52,default,teastore-webui-558b54cc77-slh9z,leo02
140,2026-01-16 02:09:01,default,teastore-auth-84d7ccddd9-q7nt9,luish-aspire-a315-55g
140,2026-01-16 02:09:01,default,teastore-db-84f96b9dd8-zj2qf,luish-aspire-a315-55g
140,2026-01-16 02:09:01,default,teastore-image-79674648d-nzlc7,leo02
140,2026-01-16 02:09:01,default,teastore-persistence-784748b4b9-z4r4r,luish-nitro-an515-57
140,2026-01-16 02:09:01,default,teastore-recommender-74559c88-ghqbr,leo02
140,2026-01-16 02:09:01,default,teastore-registry-676858f7cd-nbf8v,luish-aspire-a315-55g
140,2026-01-16 02:09:01,default,teastore-webui-558b54cc77-w9ffv,leo02
141,2026-01-16 02:09:09,default,teastore-auth-84d7ccddd9-msptt,leo02
141,2026-01-16 02:09:09,default,teastore-db-84f96b9dd8-zj2qf,luish-aspire-a315-55g
141,2026-01-16 02:09:09,default,teastore-image-79674648d-tbncv,luish-aspire-a315-55g
141,2026-01-16 02:09:09,default,teastore-persistence-784748b4b9-z4r4r,luish-nitro-an515-57
141,2026-01-16 02:09:09,default,teastore-recommender-74559c88-szqkf,luish-nitro-an515-57
141,2026-01-16 02:09:09,default,teastore-registry-676858f7cd-btgs6,scorpius03
141,2026-01-16 02:09:09,default,teastore-webui-558b54cc77-w9ffv,leo02
142,2026-01-16 02:09:18,default,teastore-auth-84d7ccddd9-tf7dt,luish-aspire-a315-55g
142,2026-01-16 02:09:18,default,teastore-db-84f96b9dd8-zj2qf,luish-aspire-a315-55g
142,2026-01-16 02:09:18,default,teastore-image-79674648d-tbncv,luish-aspire-a315-55g
142,2026-01-16 02:09:18,default,teastore-persistence-784748b4b9-xcnnh,luish-aspire-a315-55g
142,2026-01-16 02:09:18,default,teastore-recommender-74559c88-xw7rx,luish-nitro-an515-57
142,2026-01-16 02:09:18,default,teastore-registry-676858f7cd-vbhdj,scorpius03
142,2026-01-16 02:09:18,default,teastore-webui-558b54cc77-w9ffv,leo02
143,2026-01-16 02:09:27,default,teastore-auth-84d7ccddd9-tf7dt,luish-aspire-a315-55g
143,2026-01-16 02:09:27,default,teastore-db-84f96b9dd8-zj2qf,luish-aspire-a315-55g
143,2026-01-16 02:09:27,default,teastore-image-79674648d-tbncv,luish-aspire-a315-55g
143,2026-01-16 02:09:27,default,teastore-persistence-784748b4b9-xcnnh,luish-aspire-a315-55g
143,2026-01-16 02:09:27,default,teastore-recommender-74559c88-xw7rx,luish-nitro-an515-57
143,2026-01-16 02:09:27,default,teastore-registry-676858f7cd-vbhdj,scorpius03
143,2026-01-16 02:09:27,default,teastore-webui-558b54cc77-w9ffv,leo02
144,2026-01-16 02:09:35,default,teastore-auth-84d7ccddd9-tf7dt,luish-aspire-a315-55g
144,2026-01-16 02:09:35,default,teastore-db-84f96b9dd8-zj2qf,luish-aspire-a315-55g
144,2026-01-16 02:09:35,default,teastore-image-79674648d-tbncv,luish-aspire-a315-55g
144,2026-01-16 02:09:35,default,teastore-persistence-784748b4b9-wzhxq,luish-aspire-a315-55g
144,2026-01-16 02:09:35,default,teastore-recommender-74559c88-xw7rx,luish-nitro-an515-57
144,2026-01-16 02:09:35,default,teastore-registry-676858f7cd-vbhdj,scorpius03
144,2026-01-16 02:09:35,default,teastore-webui-558b54cc77-vbhtq,luish-aspire-a315-55g
145,2026-01-16 02:09:44,default,teastore-auth-84d7ccddd9-tf7dt,luish-aspire-a315-55g
145,2026-01-16 02:09:44,default,teastore-db-84f96b9dd8-rrt24,leo02
145,2026-01-16 02:09:44,default,teastore-image-79674648d-tpc89,leo02
145,2026-01-16 02:09:44,default,teastore-persistence-784748b4b9-wzhxq,luish-aspire-a315-55g
145,2026-01-16 02:09:44,default,teastore-recommender-74559c88-xw7rx,luish-nitro-an515-57
145,2026-01-16 02:09:44,default,teastore-registry-676858f7cd-vbhdj,scorpius03
145,2026-01-16 02:09:44,default,teastore-webui-558b54cc77-vbhtq,luish-aspire-a315-55g
146,2026-01-16 02:09:53,default,teastore-auth-84d7ccddd9-tf7dt,luish-aspire-a315-55g
146,2026-01-16 02:09:53,default,teastore-db-84f96b9dd8-mttkh,leo02
146,2026-01-16 02:09:53,default,teastore-image-79674648d-tpc89,leo02
146,2026-01-16 02:09:53,default,teastore-persistence-784748b4b9-wzhxq,luish-aspire-a315-55g
146,2026-01-16 02:09:53,default,teastore-recommender-74559c88-xr8zs,luish-nitro-an515-57
146,2026-01-16 02:09:53,default,teastore-registry-676858f7cd-ths9g,scorpius03
146,2026-01-16 02:09:53,default,teastore-webui-558b54cc77-rmqdf,luish-nitro-an515-57
147,2026-01-16 02:10:02,default,teastore-auth-84d7ccddd9-tb5nh,scorpius03
147,2026-01-16 02:10:02,default,teastore-db-84f96b9dd8-rv8rq,leo02
147,2026-01-16 02:10:02,default,teastore-image-79674648d-tpc89,leo02
147,2026-01-16 02:10:02,default,teastore-persistence-784748b4b9-wzhxq,luish-aspire-a315-55g
147,2026-01-16 02:10:02,default,teastore-recommender-74559c88-xr8zs,luish-nitro-an515-57
147,2026-01-16 02:10:02,default,teastore-registry-676858f7cd-ths9g,scorpius03
147,2026-01-16 02:10:02,default,teastore-webui-558b54cc77-rmqdf,luish-nitro-an515-57
148,2026-01-16 02:10:16,default,teastore-auth-84d7ccddd9-tb5nh,scorpius03
148,2026-01-16 02:10:16,default,teastore-db-84f96b9dd8-rv8rq,leo02
148,2026-01-16 02:10:16,default,teastore-image-79674648d-tpc89,leo02
148,2026-01-16 02:10:16,default,teastore-persistence-784748b4b9-wzhxq,luish-aspire-a315-55g
148,2026-01-16 02:10:16,default,teastore-recommender-74559c88-xr8zs,luish-nitro-an515-57
148,2026-01-16 02:10:16,default,teastore-registry-676858f7cd-qrr5q,leo02
148,2026-01-16 02:10:16,default,teastore-webui-558b54cc77-rmqdf,luish-nitro-an515-57
149,2026-01-16 02:10:24,default,teastore-auth-84d7ccddd9-tb5nh,scorpius03
149,2026-01-16 02:10:24,default,teastore-db-84f96b9dd8-rv8rq,leo02
149,2026-01-16 02:10:24,default,teastore-image-79674648d-tnd2r,scorpius03
149,2026-01-16 02:10:24,default,teastore-persistence-784748b4b9-sjzxv,leo02
149,2026-01-16 02:10:24,default,teastore-recommender-74559c88-xr8zs,luish-nitro-an515-57
149,2026-01-16 02:10:24,default,teastore-registry-676858f7cd-scdgb,luish-nitro-an515-57
149,2026-01-16 02:10:24,default,teastore-webui-558b54cc77-dmkmw,luish-nitro-an515-57
150,2026-01-16 02:10:33,default,teastore-auth-84d7ccddd9-wpbws,luish-nitro-an515-57
150,2026-01-16 02:10:33,default,teastore-db-84f96b9dd8-rv8rq,leo02
150,2026-01-16 02:10:33,default,teastore-image-79674648d-sz7hk,luish-nitro-an515-57
150,2026-01-16 02:10:33,default,teastore-persistence-784748b4b9-sjzxv,leo02
150,2026-01-16 02:10:33,default,teastore-recommender-74559c88-rqpsq,luish-aspire-a315-55g
150,2026-01-16 02:10:33,default,teastore-registry-676858f7cd-scdgb,luish-nitro-an515-57
150,2026-01-16 02:10:33,default,teastore-webui-558b54cc77-tw8jg,luish-nitro-an515-57
151,2026-01-16 02:10:42,default,teastore-auth-84d7ccddd9-wpbws,luish-nitro-an515-57
151,2026-01-16 02:10:42,default,teastore-db-84f96b9dd8-pqnft,scorpius03
151,2026-01-16 02:10:42,default,teastore-image-79674648d-sz7hk,luish-nitro-an515-57
151,2026-01-16 02:10:42,default,teastore-persistence-784748b4b9-z7bnj,luish-aspire-a315-55g
151,2026-01-16 02:10:42,default,teastore-recommender-74559c88-r9fqd,luish-nitro-an515-57
151,2026-01-16 02:10:42,default,teastore-registry-676858f7cd-scdgb,luish-nitro-an515-57
151,2026-01-16 02:10:42,default,teastore-webui-558b54cc77-tw8jg,luish-nitro-an515-57
152,2026-01-16 02:10:50,default,teastore-auth-84d7ccddd9-wpbws,luish-nitro-an515-57
152,2026-01-16 02:10:50,default,teastore-db-84f96b9dd8-ftgvj,leo02
152,2026-01-16 02:10:50,default,teastore-image-79674648d-wnrfj,luish-aspire-a315-55g
152,2026-01-16 02:10:50,default,teastore-persistence-784748b4b9-z7bnj,luish-aspire-a315-55g
152,2026-01-16 02:10:50,default,teastore-recommender-74559c88-r9fqd,luish-nitro-an515-57
152,2026-01-16 02:10:50,default,teastore-registry-676858f7cd-scdgb,luish-nitro-an515-57
152,2026-01-16 02:10:50,default,teastore-webui-558b54cc77-tw8jg,luish-nitro-an515-57
153,2026-01-16 02:10:59,default,teastore-auth-84d7ccddd9-wpbws,luish-nitro-an515-57
153,2026-01-16 02:10:59,default,teastore-db-84f96b9dd8-ljxnk,scorpius03
153,2026-01-16 02:10:59,default,teastore-image-79674648d-wnrfj,luish-aspire-a315-55g
153,2026-01-16 02:10:59,default,teastore-persistence-784748b4b9-zmp8w,scorpius03
153,2026-01-16 02:10:59,default,teastore-recommender-74559c88-xhbs4,scorpius03
153,2026-01-16 02:10:59,default,teastore-registry-676858f7cd-wvzjn,scorpius03
153,2026-01-16 02:10:59,default,teastore-webui-558b54cc77-tw8jg,luish-nitro-an515-57
154,2026-01-16 02:11:08,default,teastore-auth-84d7ccddd9-rzvzl,luish-nitro-an515-57
154,2026-01-16 02:11:08,default,teastore-db-84f96b9dd8-ljxnk,scorpius03
154,2026-01-16 02:11:08,default,teastore-image-79674648d-wnrfj,luish-aspire-a315-55g
154,2026-01-16 02:11:08,default,teastore-persistence-784748b4b9-zmp8w,scorpius03
154,2026-01-16 02:11:08,default,teastore-recommender-74559c88-xhbs4,scorpius03
154,2026-01-16 02:11:08,default,teastore-registry-676858f7cd-wvzjn,scorpius03
154,2026-01-16 02:11:08,default,teastore-webui-558b54cc77-qqmb8,leo02
155,2026-01-16 02:11:17,default,teastore-auth-84d7ccddd9-rzvzl,luish-nitro-an515-57
155,2026-01-16 02:11:17,default,teastore-db-84f96b9dd8-ljxnk,scorpius03
155,2026-01-16 02:11:17,default,teastore-image-79674648d-wnrfj,luish-aspire-a315-55g
155,2026-01-16 02:11:17,default,teastore-persistence-784748b4b9-zmp8w,scorpius03
155,2026-01-16 02:11:17,default,teastore-recommender-74559c88-xhbs4,scorpius03
155,2026-01-16 02:11:17,default,teastore-registry-676858f7cd-wvzjn,scorpius03
155,2026-01-16 02:11:17,default,teastore-webui-558b54cc77-qqmb8,leo02
156,2026-01-16 02:11:25,default,teastore-auth-84d7ccddd9-rzvzl,luish-nitro-an515-57
156,2026-01-16 02:11:25,default,teastore-db-84f96b9dd8-ljxnk,scorpius03
156,2026-01-16 02:11:25,default,teastore-image-79674648d-wnrfj,luish-aspire-a315-55g
156,2026-01-16 02:11:25,default,teastore-persistence-784748b4b9-zmp8w,scorpius03
156,2026-01-16 02:11:25,default,teastore-recommender-74559c88-xhbs4,scorpius03
156,2026-01-16 02:11:25,default,teastore-registry-676858f7cd-wvzjn,scorpius03
156,2026-01-16 02:11:25,default,teastore-webui-558b54cc77-w7777,luish-nitro-an515-57
157,2026-01-16 02:11:34,default,teastore-auth-84d7ccddd9-n2wgl,luish-nitro-an515-57
157,2026-01-16 02:11:34,default,teastore-db-84f96b9dd8-fbdpw,luish-aspire-a315-55g
157,2026-01-16 02:11:34,default,teastore-image-79674648d-wnrfj,luish-aspire-a315-55g
157,2026-01-16 02:11:34,default,teastore-persistence-784748b4b9-x9zrd,scorpius03
157,2026-01-16 02:11:34,default,teastore-recommender-74559c88-nqcwp,luish-nitro-an515-57
157,2026-01-16 02:11:34,default,teastore-registry-676858f7cd-v54ll,leo02
157,2026-01-16 02:11:34,default,teastore-webui-558b54cc77-w7777,luish-nitro-an515-57
158,2026-01-16 02:11:43,default,teastore-auth-84d7ccddd9-lknxq,luish-nitro-an515-57
158,2026-01-16 02:11:43,default,teastore-db-84f96b9dd8-c7p6q,scorpius03
158,2026-01-16 02:11:43,default,teastore-image-79674648d-r68z4,luish-aspire-a315-55g
158,2026-01-16 02:11:43,default,teastore-persistence-784748b4b9-x9zrd,scorpius03
158,2026-01-16 02:11:43,default,teastore-recommender-74559c88-v4srq,luish-nitro-an515-57
158,2026-01-16 02:11:43,default,teastore-registry-676858f7cd-v54ll,leo02
158,2026-01-16 02:11:43,default,teastore-webui-558b54cc77-w7777,luish-nitro-an515-57
159,2026-01-16 02:11:51,default,teastore-auth-84d7ccddd9-wt87x,luish-nitro-an515-57
159,2026-01-16 02:11:51,default,teastore-db-84f96b9dd8-rdcbd,luish-nitro-an515-57
159,2026-01-16 02:11:51,default,teastore-image-79674648d-p4kf5,luish-aspire-a315-55g
159,2026-01-16 02:11:51,default,teastore-persistence-784748b4b9-x9zrd,scorpius03
159,2026-01-16 02:11:51,default,teastore-recommender-74559c88-v4srq,luish-nitro-an515-57
159,2026-01-16 02:11:51,default,teastore-registry-676858f7cd-v54ll,leo02
159,2026-01-16 02:11:51,default,teastore-webui-558b54cc77-w7777,luish-nitro-an515-57
160,2026-01-16 02:12:00,default,teastore-auth-84d7ccddd9-wt87x,luish-nitro-an515-57
160,2026-01-16 02:12:00,default,teastore-db-84f96b9dd8-rdcbd,luish-nitro-an515-57
160,2026-01-16 02:12:00,default,teastore-image-79674648d-pxctv,luish-nitro-an515-57
160,2026-01-16 02:12:00,default,teastore-persistence-784748b4b9-jd2r5,luish-aspire-a315-55g
160,2026-01-16 02:12:00,default,teastore-recommender-74559c88-v4srq,luish-nitro-an515-57
160,2026-01-16 02:12:00,default,teastore-registry-676858f7cd-v54ll,leo02
160,2026-01-16 02:12:00,default,teastore-webui-558b54cc77-m994l,luish-nitro-an515-57
161,2026-01-16 02:12:09,default,teastore-auth-84d7ccddd9-xm59v,luish-nitro-an515-57
161,2026-01-16 02:12:09,default,teastore-db-84f96b9dd8-rdcbd,luish-nitro-an515-57
161,2026-01-16 02:12:09,default,teastore-image-79674648d-pxctv,luish-nitro-an515-57
161,2026-01-16 02:12:09,default,teastore-persistence-784748b4b9-nxd2x,scorpius03
161,2026-01-16 02:12:09,default,teastore-recommender-74559c88-v4srq,luish-nitro-an515-57
161,2026-01-16 02:12:09,default,teastore-registry-676858f7cd-qq9ss,luish-nitro-an515-57
161,2026-01-16 02:12:09,default,teastore-webui-558b54cc77-m994l,luish-nitro-an515-57
162,2026-01-16 02:12:17,default,teastore-auth-84d7ccddd9-xm59v,luish-nitro-an515-57
162,2026-01-16 02:12:17,default,teastore-db-84f96b9dd8-rdcbd,luish-nitro-an515-57
162,2026-01-16 02:12:17,default,teastore-image-79674648d-pxctv,luish-nitro-an515-57
162,2026-01-16 02:12:17,default,teastore-persistence-784748b4b9-nxd2x,scorpius03
162,2026-01-16 02:12:17,default,teastore-recommender-74559c88-rsbsl,leo02
162,2026-01-16 02:12:17,default,teastore-registry-676858f7cd-qq9ss,luish-nitro-an515-57
162,2026-01-16 02:12:17,default,teastore-webui-558b54cc77-m994l,luish-nitro-an515-57
163,2026-01-16 02:12:26,default,teastore-auth-84d7ccddd9-xm59v,luish-nitro-an515-57
163,2026-01-16 02:12:26,default,teastore-db-84f96b9dd8-nncpx,leo02
163,2026-01-16 02:12:26,default,teastore-image-79674648d-w654g,scorpius03
163,2026-01-16 02:12:26,default,teastore-persistence-784748b4b9-rjn89,scorpius03
163,2026-01-16 02:12:26,default,teastore-recommender-74559c88-whbnh,leo02
163,2026-01-16 02:12:26,default,teastore-registry-676858f7cd-qq9ss,luish-nitro-an515-57
163,2026-01-16 02:12:26,default,teastore-webui-558b54cc77-v9zp2,luish-aspire-a315-55g
164,2026-01-16 02:12:35,default,teastore-auth-84d7ccddd9-xm59v,luish-nitro-an515-57
164,2026-01-16 02:12:35,default,teastore-db-84f96b9dd8-nncpx,leo02
164,2026-01-16 02:12:35,default,teastore-image-79674648d-w654g,scorpius03
164,2026-01-16 02:12:35,default,teastore-persistence-784748b4b9-rjn89,scorpius03
164,2026-01-16 02:12:35,default,teastore-recommender-74559c88-whbnh,leo02
164,2026-01-16 02:12:35,default,teastore-registry-676858f7cd-qq9ss,luish-nitro-an515-57
164,2026-01-16 02:12:35,default,teastore-webui-558b54cc77-v9zp2,luish-aspire-a315-55g
165,2026-01-16 02:12:43,default,teastore-auth-84d7ccddd9-phnlq,luish-aspire-a315-55g
165,2026-01-16 02:12:43,default,teastore-db-84f96b9dd8-nncpx,leo02
165,2026-01-16 02:12:43,default,teastore-image-79674648d-w654g,scorpius03
165,2026-01-16 02:12:43,default,teastore-persistence-784748b4b9-wq5r5,luish-nitro-an515-57
165,2026-01-16 02:12:43,default,teastore-recommender-74559c88-whbnh,leo02
165,2026-01-16 02:12:43,default,teastore-registry-676858f7cd-pm8tz,luish-aspire-a315-55g
165,2026-01-16 02:12:43,default,teastore-webui-558b54cc77-v9zp2,luish-aspire-a315-55g
166,2026-01-16 02:12:57,default,teastore-auth-84d7ccddd9-phnlq,luish-aspire-a315-55g
166,2026-01-16 02:12:57,default,teastore-db-84f96b9dd8-mkxvs,luish-nitro-an515-57
166,2026-01-16 02:12:57,default,teastore-image-79674648d-w654g,scorpius03
166,2026-01-16 02:12:57,default,teastore-persistence-784748b4b9-wq5r5,luish-nitro-an515-57
166,2026-01-16 02:12:57,default,teastore-recommender-74559c88-xf4jt,scorpius03
166,2026-01-16 02:12:57,default,teastore-registry-676858f7cd-jsr96,scorpius03
166,2026-01-16 02:12:57,default,teastore-webui-558b54cc77-v9zp2,luish-aspire-a315-55g
167,2026-01-16 02:13:06,default,teastore-auth-84d7ccddd9-pb8f8,luish-aspire-a315-55g
167,2026-01-16 02:13:06,default,teastore-db-84f96b9dd8-pcsk2,scorpius03
167,2026-01-16 02:13:06,default,teastore-image-79674648d-ppk4n,luish-nitro-an515-57
167,2026-01-16 02:13:06,default,teastore-persistence-784748b4b9-wq5r5,luish-nitro-an515-57
167,2026-01-16 02:13:06,default,teastore-recommender-74559c88-xs2bd,luish-aspire-a315-55g
167,2026-01-16 02:13:06,default,teastore-registry-676858f7cd-jsr96,scorpius03
167,2026-01-16 02:13:06,default,teastore-webui-558b54cc77-v8n2r,scorpius03
168,2026-01-16 02:13:14,default,teastore-auth-84d7ccddd9-r258g,luish-aspire-a315-55g
168,2026-01-16 02:13:14,default,teastore-db-84f96b9dd8-xx5hl,luish-nitro-an515-57
168,2026-01-16 02:13:14,default,teastore-image-79674648d-kxvpt,leo02
168,2026-01-16 02:13:14,default,teastore-persistence-784748b4b9-wq5r5,luish-nitro-an515-57
168,2026-01-16 02:13:14,default,teastore-recommender-74559c88-xs2bd,luish-aspire-a315-55g
168,2026-01-16 02:13:14,default,teastore-registry-676858f7cd-jsr96,scorpius03
168,2026-01-16 02:13:14,default,teastore-webui-558b54cc77-v8n2r,scorpius03
169,2026-01-16 02:13:23,default,teastore-auth-84d7ccddd9-r258g,luish-aspire-a315-55g
169,2026-01-16 02:13:23,default,teastore-db-84f96b9dd8-xx5hl,luish-nitro-an515-57
169,2026-01-16 02:13:23,default,teastore-image-79674648d-jk2sn,luish-nitro-an515-57
169,2026-01-16 02:13:23,default,teastore-persistence-784748b4b9-txwsf,luish-nitro-an515-57
169,2026-01-16 02:13:23,default,teastore-recommender-74559c88-xs2bd,luish-aspire-a315-55g
169,2026-01-16 02:13:23,default,teastore-registry-676858f7cd-jsr96,scorpius03
169,2026-01-16 02:13:23,default,teastore-webui-558b54cc77-v8n2r,scorpius03
170,2026-01-16 02:13:32,default,teastore-auth-84d7ccddd9-r258g,luish-aspire-a315-55g
170,2026-01-16 02:13:32,default,teastore-db-84f96b9dd8-xx5hl,luish-nitro-an515-57
170,2026-01-16 02:13:32,default,teastore-image-79674648d-rc5xt,luish-nitro-an515-57
170,2026-01-16 02:13:32,default,teastore-persistence-784748b4b9-txwsf,luish-nitro-an515-57
170,2026-01-16 02:13:32,default,teastore-recommender-74559c88-xs2bd,luish-aspire-a315-55g
170,2026-01-16 02:13:32,default,teastore-registry-676858f7cd-pxn78,leo02
170,2026-01-16 02:13:32,default,teastore-webui-558b54cc77-wj7lq,luish-nitro-an515-57
171,2026-01-16 02:13:41,default,teastore-auth-84d7ccddd9-s2vf4,leo02
171,2026-01-16 02:13:41,default,teastore-db-84f96b9dd8-xx5hl,luish-nitro-an515-57
171,2026-01-16 02:13:41,default,teastore-image-79674648d-rc5xt,luish-nitro-an515-57
171,2026-01-16 02:13:41,default,teastore-persistence-784748b4b9-txwsf,luish-nitro-an515-57
171,2026-01-16 02:13:41,default,teastore-recommender-74559c88-x64d5,luish-aspire-a315-55g
171,2026-01-16 02:13:41,default,teastore-registry-676858f7cd-xcpj4,scorpius03
171,2026-01-16 02:13:41,default,teastore-webui-558b54cc77-wj7lq,luish-nitro-an515-57
172,2026-01-16 02:13:49,default,teastore-auth-84d7ccddd9-s2vf4,leo02
172,2026-01-16 02:13:49,default,teastore-db-84f96b9dd8-jncmd,leo02
172,2026-01-16 02:13:49,default,teastore-image-79674648d-rc5xt,luish-nitro-an515-57
172,2026-01-16 02:13:49,default,teastore-persistence-784748b4b9-txwsf,luish-nitro-an515-57
172,2026-01-16 02:13:49,default,teastore-recommender-74559c88-x64d5,luish-aspire-a315-55g
172,2026-01-16 02:13:49,default,teastore-registry-676858f7cd-xcpj4,scorpius03
172,2026-01-16 02:13:49,default,teastore-webui-558b54cc77-wj7lq,luish-nitro-an515-57
173,2026-01-16 02:13:58,default,teastore-auth-84d7ccddd9-s2vf4,leo02
173,2026-01-16 02:13:58,default,teastore-db-84f96b9dd8-s6q59,luish-nitro-an515-57
173,2026-01-16 02:13:58,default,teastore-image-79674648d-rc5xt,luish-nitro-an515-57
173,2026-01-16 02:13:58,default,teastore-persistence-784748b4b9-tbpsc,leo02
173,2026-01-16 02:13:58,default,teastore-recommender-74559c88-ncbdq,leo02
173,2026-01-16 02:13:58,default,teastore-registry-676858f7cd-xcpj4,scorpius03
173,2026-01-16 02:13:58,default,teastore-webui-558b54cc77-wj7lq,luish-nitro-an515-57
174,2026-01-16 02:14:07,default,teastore-auth-84d7ccddd9-s2vf4,leo02
174,2026-01-16 02:14:07,default,teastore-db-84f96b9dd8-s6q59,luish-nitro-an515-57
174,2026-01-16 02:14:07,default,teastore-image-79674648d-nfkmh,scorpius03
174,2026-01-16 02:14:07,default,teastore-persistence-784748b4b9-tbpsc,leo02
174,2026-01-16 02:14:07,default,teastore-recommender-74559c88-xzprb,scorpius03
174,2026-01-16 02:14:07,default,teastore-registry-676858f7cd-xcpj4,scorpius03
174,2026-01-16 02:14:07,default,teastore-webui-558b54cc77-v6268,scorpius03
175,2026-01-16 02:14:15,default,teastore-auth-84d7ccddd9-x8kwt,luish-nitro-an515-57
175,2026-01-16 02:14:15,default,teastore-db-84f96b9dd8-s6q59,luish-nitro-an515-57
175,2026-01-16 02:14:15,default,teastore-image-79674648d-pzb62,luish-nitro-an515-57
175,2026-01-16 02:14:15,default,teastore-persistence-784748b4b9-nhpw8,luish-aspire-a315-55g
175,2026-01-16 02:14:15,default,teastore-recommender-74559c88-xzprb,scorpius03
175,2026-01-16 02:14:15,default,teastore-registry-676858f7cd-rrv6d,luish-aspire-a315-55g
175,2026-01-16 02:14:15,default,teastore-webui-558b54cc77-pmxg4,leo02
176,2026-01-16 02:14:24,default,teastore-auth-84d7ccddd9-x8kwt,luish-nitro-an515-57
176,2026-01-16 02:14:24,default,teastore-db-84f96b9dd8-s6q59,luish-nitro-an515-57
176,2026-01-16 02:14:24,default,teastore-image-79674648d-pzb62,luish-nitro-an515-57
176,2026-01-16 02:14:24,default,teastore-persistence-784748b4b9-nhpw8,luish-aspire-a315-55g
176,2026-01-16 02:14:24,default,teastore-recommender-74559c88-xzprb,scorpius03
176,2026-01-16 02:14:24,default,teastore-registry-676858f7cd-rrv6d,luish-aspire-a315-55g
176,2026-01-16 02:14:24,default,teastore-webui-558b54cc77-pmxg4,leo02
177,2026-01-16 02:14:33,default,teastore-auth-84d7ccddd9-x8kwt,luish-nitro-an515-57
177,2026-01-16 02:14:33,default,teastore-db-84f96b9dd8-rfvlg,scorpius03
177,2026-01-16 02:14:33,default,teastore-image-79674648d-pzb62,luish-nitro-an515-57
177,2026-01-16 02:14:33,default,teastore-persistence-784748b4b9-nhpw8,luish-aspire-a315-55g
177,2026-01-16 02:14:33,default,teastore-recommender-74559c88-xzprb,scorpius03
177,2026-01-16 02:14:33,default,teastore-registry-676858f7cd-rrv6d,luish-aspire-a315-55g
177,2026-01-16 02:14:33,default,teastore-webui-558b54cc77-pmxg4,leo02
178,2026-01-16 02:14:41,default,teastore-auth-84d7ccddd9-x8kwt,luish-nitro-an515-57
178,2026-01-16 02:14:41,default,teastore-db-84f96b9dd8-rfvlg,scorpius03
178,2026-01-16 02:14:41,default,teastore-image-79674648d-vtv4t,luish-nitro-an515-57
178,2026-01-16 02:14:41,default,teastore-persistence-784748b4b9-nhpw8,luish-aspire-a315-55g
178,2026-01-16 02:14:41,default,teastore-recommender-74559c88-szld6,leo02
178,2026-01-16 02:14:41,default,teastore-registry-676858f7cd-g2fvg,leo02
178,2026-01-16 02:14:41,default,teastore-webui-558b54cc77-tzc4c,luish-nitro-an515-57
179,2026-01-16 02:14:50,default,teastore-auth-84d7ccddd9-s9x6n,luish-nitro-an515-57
179,2026-01-16 02:14:50,default,teastore-db-84f96b9dd8-rfvlg,scorpius03
179,2026-01-16 02:14:50,default,teastore-image-79674648d-vtv4t,luish-nitro-an515-57
179,2026-01-16 02:14:50,default,teastore-persistence-784748b4b9-lz88v,luish-aspire-a315-55g
179,2026-01-16 02:14:50,default,teastore-recommender-74559c88-szld6,leo02
179,2026-01-16 02:14:50,default,teastore-registry-676858f7cd-xs7fj,luish-aspire-a315-55g
179,2026-01-16 02:14:50,default,teastore-webui-558b54cc77-tzc4c,luish-nitro-an515-57
180,2026-01-16 02:15:04,default,teastore-auth-84d7ccddd9-s9x6n,luish-nitro-an515-57
180,2026-01-16 02:15:04,default,teastore-db-84f96b9dd8-wrlrn,scorpius03
180,2026-01-16 02:15:04,default,teastore-image-79674648d-qzxnq,luish-aspire-a315-55g
180,2026-01-16 02:15:04,default,teastore-persistence-784748b4b9-sbz2b,leo02
180,2026-01-16 02:15:04,default,teastore-recommender-74559c88-lpmll,leo02
180,2026-01-16 02:15:04,default,teastore-registry-676858f7cd-xs7fj,luish-aspire-a315-55g
180,2026-01-16 02:15:04,default,teastore-webui-558b54cc77-tzc4c,luish-nitro-an515-57
181,2026-01-16 02:15:22,default,teastore-auth-84d7ccddd9-r245h,scorpius03
181,2026-01-16 02:15:22,default,teastore-db-84f96b9dd8-wrlrn,scorpius03
181,2026-01-16 02:15:22,default,teastore-image-79674648d-qzxnq,luish-aspire-a315-55g
181,2026-01-16 02:15:22,default,teastore-persistence-784748b4b9-sbz2b,leo02
181,2026-01-16 02:15:22,default,teastore-recommender-74559c88-lpmll,leo02
181,2026-01-16 02:15:22,default,teastore-registry-676858f7cd-xs7fj,luish-aspire-a315-55g
181,2026-01-16 02:15:22,default,teastore-webui-558b54cc77-pln2q,luish-aspire-a315-55g
182,2026-01-16 02:15:51,default,teastore-auth-84d7ccddd9-fdsb7,luish-aspire-a315-55g
182,2026-01-16 02:15:51,default,teastore-db-84f96b9dd8-w9lbv,scorpius03
182,2026-01-16 02:15:51,default,teastore-image-79674648d-qzxnq,luish-aspire-a315-55g
182,2026-01-16 02:15:51,default,teastore-persistence-784748b4b9-pcwkv,luish-nitro-an515-57
182,2026-01-16 02:15:51,default,teastore-recommender-74559c88-mtpx6,luish-aspire-a315-55g
182,2026-01-16 02:15:51,default,teastore-registry-676858f7cd-j69f4,luish-aspire-a315-55g
182,2026-01-16 02:15:51,default,teastore-webui-558b54cc77-k2jqb,leo02
183,2026-01-16 02:16:15,default,teastore-auth-84d7ccddd9-fdsb7,luish-aspire-a315-55g
183,2026-01-16 02:16:15,default,teastore-db-84f96b9dd8-w9lbv,scorpius03
183,2026-01-16 02:16:15,default,teastore-image-79674648d-p9xx7,scorpius03
183,2026-01-16 02:16:15,default,teastore-persistence-784748b4b9-pcwkv,luish-nitro-an515-57
183,2026-01-16 02:16:15,default,teastore-recommender-74559c88-wc686,scorpius03
183,2026-01-16 02:16:15,default,teastore-registry-676858f7cd-jd7lm,leo02
183,2026-01-16 02:16:15,default,teastore-webui-558b54cc77-hdqdc,scorpius03
184,2026-01-16 02:16:38,default,teastore-auth-84d7ccddd9-xlss4,luish-nitro-an515-57
184,2026-01-16 02:16:38,default,teastore-db-84f96b9dd8-wpkw4,luish-nitro-an515-57
184,2026-01-16 02:16:38,default,teastore-image-79674648d-fxlxm,luish-aspire-a315-55g
184,2026-01-16 02:16:38,default,teastore-persistence-784748b4b9-rw622,scorpius03
184,2026-01-16 02:16:38,default,teastore-recommender-74559c88-wc686,scorpius03
184,2026-01-16 02:16:38,default,teastore-registry-676858f7cd-ns29n,leo02
184,2026-01-16 02:16:38,default,teastore-webui-558b54cc77-pwz92,luish-nitro-an515-57
185,2026-01-16 02:16:52,default,teastore-auth-84d7ccddd9-xlss4,luish-nitro-an515-57
185,2026-01-16 02:16:52,default,teastore-db-84f96b9dd8-wpkw4,luish-nitro-an515-57
185,2026-01-16 02:16:52,default,teastore-image-79674648d-fxlxm,luish-aspire-a315-55g
185,2026-01-16 02:16:52,default,teastore-persistence-784748b4b9-tcj7q,luish-aspire-a315-55g
185,2026-01-16 02:16:52,default,teastore-recommender-74559c88-wc686,scorpius03
185,2026-01-16 02:16:52,default,teastore-registry-676858f7cd-ns29n,leo02
185,2026-01-16 02:16:52,default,teastore-webui-558b54cc77-pwz92,luish-nitro-an515-57
186,2026-01-16 02:17:00,default,teastore-auth-84d7ccddd9-xlss4,luish-nitro-an515-57
186,2026-01-16 02:17:00,default,teastore-db-84f96b9dd8-wpkw4,luish-nitro-an515-57
186,2026-01-16 02:17:00,default,teastore-image-79674648d-gdlxv,leo02
186,2026-01-16 02:17:00,default,teastore-persistence-784748b4b9-tcj7q,luish-aspire-a315-55g
186,2026-01-16 02:17:00,default,teastore-recommender-74559c88-wc686,scorpius03
186,2026-01-16 02:17:00,default,teastore-registry-676858f7cd-ns29n,leo02
186,2026-01-16 02:17:00,default,teastore-webui-558b54cc77-pwz92,luish-nitro-an515-57
187,2026-01-16 02:17:09,default,teastore-auth-84d7ccddd9-xlss4,luish-nitro-an515-57
187,2026-01-16 02:17:09,default,teastore-db-84f96b9dd8-vnpck,leo02
187,2026-01-16 02:17:09,default,teastore-image-79674648d-gdlxv,leo02
187,2026-01-16 02:17:09,default,teastore-persistence-784748b4b9-tcj7q,luish-aspire-a315-55g
187,2026-01-16 02:17:09,default,teastore-recommender-74559c88-t867h,luish-nitro-an515-57
187,2026-01-16 02:17:09,default,teastore-registry-676858f7cd-pwb98,leo02
187,2026-01-16 02:17:09,default,teastore-webui-558b54cc77-pwz92,luish-nitro-an515-57
188,2026-01-16 02:17:32,default,teastore-auth-84d7ccddd9-pwnlr,luish-nitro-an515-57
188,2026-01-16 02:17:32,default,teastore-db-84f96b9dd8-vnpck,leo02
188,2026-01-16 02:17:32,default,teastore-image-79674648d-748zf,scorpius03
188,2026-01-16 02:17:32,default,teastore-persistence-784748b4b9-jhctd,leo02
188,2026-01-16 02:17:32,default,teastore-recommender-74559c88-z5jjc,luish-aspire-a315-55g
188,2026-01-16 02:17:32,default,teastore-registry-676858f7cd-zft57,luish-aspire-a315-55g
188,2026-01-16 02:17:32,default,teastore-webui-558b54cc77-pwz92,luish-nitro-an515-57
189,2026-01-16 02:17:51,default,teastore-auth-84d7ccddd9-pwnlr,luish-nitro-an515-57
189,2026-01-16 02:17:51,default,teastore-db-84f96b9dd8-v2m8g,scorpius03
189,2026-01-16 02:17:51,default,teastore-image-79674648d-bnkwp,luish-nitro-an515-57
189,2026-01-16 02:17:51,default,teastore-persistence-784748b4b9-plm57,luish-nitro-an515-57
189,2026-01-16 02:17:51,default,teastore-recommender-74559c88-z5jjc,luish-aspire-a315-55g
189,2026-01-16 02:17:51,default,teastore-registry-676858f7cd-zft57,luish-aspire-a315-55g
189,2026-01-16 02:17:51,default,teastore-webui-558b54cc77-pwz92,luish-nitro-an515-57
190,2026-01-16 02:18:10,default,teastore-auth-84d7ccddd9-nhs6j,luish-aspire-a315-55g
190,2026-01-16 02:18:10,default,teastore-db-84f96b9dd8-dvsrd,leo02
190,2026-01-16 02:18:10,default,teastore-image-79674648d-cbm6j,scorpius03
190,2026-01-16 02:18:10,default,teastore-persistence-784748b4b9-plm57,luish-nitro-an515-57
190,2026-01-16 02:18:10,default,teastore-recommender-74559c88-z5jjc,luish-aspire-a315-55g
190,2026-01-16 02:18:10,default,teastore-registry-676858f7cd-fswtj,leo02
190,2026-01-16 02:18:10,default,teastore-webui-558b54cc77-pblfh,luish-nitro-an515-57
191,2026-01-16 02:18:33,default,teastore-auth-84d7ccddd9-cx8sm,scorpius03
191,2026-01-16 02:18:33,default,teastore-db-84f96b9dd8-z74wp,luish-aspire-a315-55g
191,2026-01-16 02:18:33,default,teastore-image-79674648d-ldbjc,luish-aspire-a315-55g
191,2026-01-16 02:18:33,default,teastore-persistence-784748b4b9-rwtnz,luish-nitro-an515-57
191,2026-01-16 02:18:33,default,teastore-recommender-74559c88-wqzs9,luish-nitro-an515-57
191,2026-01-16 02:18:33,default,teastore-registry-676858f7cd-kv8l6,luish-aspire-a315-55g
191,2026-01-16 02:18:33,default,teastore-webui-558b54cc77-smmvz,leo02
192,2026-01-16 02:18:57,default,teastore-auth-84d7ccddd9-7hpkl,leo02
192,2026-01-16 02:18:57,default,teastore-db-84f96b9dd8-z74wp,luish-aspire-a315-55g
192,2026-01-16 02:18:57,default,teastore-image-79674648d-t9rqm,scorpius03
192,2026-01-16 02:18:57,default,teastore-persistence-784748b4b9-rwtnz,luish-nitro-an515-57
192,2026-01-16 02:18:57,default,teastore-recommender-74559c88-wqzs9,luish-nitro-an515-57
192,2026-01-16 02:18:57,default,teastore-registry-676858f7cd-kv8l6,luish-aspire-a315-55g
192,2026-01-16 02:18:57,default,teastore-webui-558b54cc77-zmhpl,luish-aspire-a315-55g
193,2026-01-16 02:19:16,default,teastore-auth-84d7ccddd9-tjxnj,scorpius03
193,2026-01-16 02:19:16,default,teastore-db-84f96b9dd8-tzmgf,scorpius03
193,2026-01-16 02:19:16,default,teastore-image-79674648d-t9rqm,scorpius03
193,2026-01-16 02:19:16,default,teastore-persistence-784748b4b9-g47rm,luish-nitro-an515-57
193,2026-01-16 02:19:16,default,teastore-recommender-74559c88-wqzs9,luish-nitro-an515-57
193,2026-01-16 02:19:16,default,teastore-registry-676858f7cd-xm5mp,leo02
193,2026-01-16 02:19:16,default,teastore-webui-558b54cc77-zmhpl,luish-aspire-a315-55g
194,2026-01-16 02:19:45,default,teastore-auth-84d7ccddd9-tjxnj,scorpius03
194,2026-01-16 02:19:45,default,teastore-db-84f96b9dd8-xqnwl,luish-aspire-a315-55g
194,2026-01-16 02:19:45,default,teastore-image-79674648d-k89nr,luish-aspire-a315-55g
194,2026-01-16 02:19:45,default,teastore-persistence-784748b4b9-g47rm,luish-nitro-an515-57
194,2026-01-16 02:19:45,default,teastore-recommender-74559c88-lxrw9,luish-nitro-an515-57
194,2026-01-16 02:19:45,default,teastore-registry-676858f7cd-xm5mp,leo02
194,2026-01-16 02:19:45,default,teastore-webui-558b54cc77-m9ktg,luish-nitro-an515-57
195,2026-01-16 02:20:08,default,teastore-auth-84d7ccddd9-ph7pj,luish-aspire-a315-55g
195,2026-01-16 02:20:08,default,teastore-db-84f96b9dd8-xqnwl,luish-aspire-a315-55g
195,2026-01-16 02:20:08,default,teastore-image-79674648d-k89nr,luish-aspire-a315-55g
195,2026-01-16 02:20:08,default,teastore-persistence-784748b4b9-b6lx7,leo02
195,2026-01-16 02:20:08,default,teastore-recommender-74559c88-lxrw9,luish-nitro-an515-57
195,2026-01-16 02:20:08,default,teastore-registry-676858f7cd-wmhhp,scorpius03
195,2026-01-16 02:20:08,default,teastore-webui-558b54cc77-m9ktg,luish-nitro-an515-57
196,2026-01-16 02:20:37,default,teastore-auth-84d7ccddd9-j26wt,luish-aspire-a315-55g
196,2026-01-16 02:20:37,default,teastore-db-84f96b9dd8-ppjvt,luish-aspire-a315-55g
196,2026-01-16 02:20:37,default,teastore-image-79674648d-wp8l2,scorpius03
196,2026-01-16 02:20:37,default,teastore-persistence-784748b4b9-b6lx7,leo02
196,2026-01-16 02:20:37,default,teastore-recommender-74559c88-bnr55,luish-nitro-an515-57
196,2026-01-16 02:20:37,default,teastore-registry-676858f7cd-wmhhp,scorpius03
196,2026-01-16 02:20:37,default,teastore-webui-558b54cc77-jglzc,leo02
197,2026-01-16 02:20:56,default,teastore-auth-84d7ccddd9-j26wt,luish-aspire-a315-55g
197,2026-01-16 02:20:56,default,teastore-db-84f96b9dd8-ppjvt,luish-aspire-a315-55g
197,2026-01-16 02:20:56,default,teastore-image-79674648d-wp8l2,scorpius03
197,2026-01-16 02:20:56,default,teastore-persistence-784748b4b9-rgrr4,luish-nitro-an515-57
197,2026-01-16 02:20:56,default,teastore-recommender-74559c88-f497g,scorpius03
197,2026-01-16 02:20:56,default,teastore-registry-676858f7cd-kg8fm,leo02
197,2026-01-16 02:20:56,default,teastore-webui-558b54cc77-ft9kr,leo02
198,2026-01-16 02:21:24,default,teastore-auth-84d7ccddd9-j26wt,luish-aspire-a315-55g
198,2026-01-16 02:21:24,default,teastore-db-84f96b9dd8-9ng9k,luish-aspire-a315-55g
198,2026-01-16 02:21:24,default,teastore-image-79674648d-rrlpm,scorpius03
198,2026-01-16 02:21:24,default,teastore-persistence-784748b4b9-rgrr4,luish-nitro-an515-57
198,2026-01-16 02:21:24,default,teastore-recommender-74559c88-t5vbk,luish-aspire-a315-55g
198,2026-01-16 02:21:24,default,teastore-registry-676858f7cd-kg8fm,leo02
198,2026-01-16 02:21:24,default,teastore-webui-558b54cc77-v2fhz,luish-nitro-an515-57
199,2026-01-16 02:21:38,default,teastore-auth-84d7ccddd9-dnkxv,luish-nitro-an515-57
199,2026-01-16 02:21:38,default,teastore-db-84f96b9dd8-rtlcr,luish-aspire-a315-55g
199,2026-01-16 02:21:38,default,teastore-image-79674648d-rrlpm,scorpius03
199,2026-01-16 02:21:38,default,teastore-persistence-784748b4b9-rgrr4,luish-nitro-an515-57
199,2026-01-16 02:21:38,default,teastore-recommender-74559c88-t5vbk,luish-aspire-a315-55g
199,2026-01-16 02:21:38,default,teastore-registry-676858f7cd-xmrls,luish-aspire-a315-55g
199,2026-01-16 02:21:38,default,teastore-webui-558b54cc77-v2fhz,luish-nitro-an515-57
200,2026-01-16 02:21:52,default,teastore-auth-84d7ccddd9-vnm69,scorpius03
200,2026-01-16 02:21:52,default,teastore-db-84f96b9dd8-rtlcr,luish-aspire-a315-55g
200,2026-01-16 02:21:52,default,teastore-image-79674648d-rrlpm,scorpius03
200,2026-01-16 02:21:52,default,teastore-persistence-784748b4b9-gmkbt,luish-aspire-a315-55g
200,2026-01-16 02:21:52,default,teastore-recommender-74559c88-wp4pw,luish-nitro-an515-57
200,2026-01-16 02:21:52,default,teastore-registry-676858f7cd-xmrls,luish-aspire-a315-55g
200,2026-01-16 02:21:52,default,teastore-webui-558b54cc77-v2fhz,luish-nitro-an515-57
201,2026-01-16 02:22:06,default,teastore-auth-84d7ccddd9-vnm69,scorpius03
201,2026-01-16 02:22:06,default,teastore-db-84f96b9dd8-rtlcr,luish-aspire-a315-55g
201,2026-01-16 02:22:06,default,teastore-image-79674648d-97v5f,leo02
201,2026-01-16 02:22:06,default,teastore-persistence-784748b4b9-gmkbt,luish-aspire-a315-55g
201,2026-01-16 02:22:06,default,teastore-recommender-74559c88-wp4pw,luish-nitro-an515-57
201,2026-01-16 02:22:06,default,teastore-registry-676858f7cd-xmrls,luish-aspire-a315-55g
201,2026-01-16 02:22:06,default,teastore-webui-558b54cc77-v2fhz,luish-nitro-an515-57
202,2026-01-16 02:22:14,default,teastore-auth-84d7ccddd9-xljtn,scorpius03
202,2026-01-16 02:22:14,default,teastore-db-84f96b9dd8-wjq4d,luish-aspire-a315-55g
202,2026-01-16 02:22:14,default,teastore-image-79674648d-m4kqz,luish-aspire-a315-55g
202,2026-01-16 02:22:14,default,teastore-persistence-784748b4b9-gmkbt,luish-aspire-a315-55g
202,2026-01-16 02:22:14,default,teastore-recommender-74559c88-wp4pw,luish-nitro-an515-57
202,2026-01-16 02:22:14,default,teastore-registry-676858f7cd-xmrls,luish-aspire-a315-55g
202,2026-01-16 02:22:14,default,teastore-webui-558b54cc77-v2fhz,luish-nitro-an515-57
203,2026-01-16 02:22:23,default,teastore-auth-84d7ccddd9-xljtn,scorpius03
203,2026-01-16 02:22:23,default,teastore-db-84f96b9dd8-zcb5q,scorpius03
203,2026-01-16 02:22:23,default,teastore-image-79674648d-n87mq,leo02
203,2026-01-16 02:22:23,default,teastore-persistence-784748b4b9-gmkbt,luish-aspire-a315-55g
203,2026-01-16 02:22:23,default,teastore-recommender-74559c88-wp4pw,luish-nitro-an515-57
203,2026-01-16 02:22:23,default,teastore-registry-676858f7cd-xmrls,luish-aspire-a315-55g
203,2026-01-16 02:22:23,default,teastore-webui-558b54cc77-snv79,luish-nitro-an515-57
204,2026-01-16 02:22:32,default,teastore-auth-84d7ccddd9-xljtn,scorpius03
204,2026-01-16 02:22:32,default,teastore-db-84f96b9dd8-zcb5q,scorpius03
204,2026-01-16 02:22:32,default,teastore-image-79674648d-n87mq,leo02
204,2026-01-16 02:22:32,default,teastore-persistence-784748b4b9-gmkbt,luish-aspire-a315-55g
204,2026-01-16 02:22:32,default,teastore-recommender-74559c88-wp4pw,luish-nitro-an515-57
204,2026-01-16 02:22:32,default,teastore-registry-676858f7cd-xmrls,luish-aspire-a315-55g
204,2026-01-16 02:22:32,default,teastore-webui-558b54cc77-snv79,luish-nitro-an515-57
205,2026-01-16 02:22:40,default,teastore-auth-84d7ccddd9-xljtn,scorpius03
205,2026-01-16 02:22:40,default,teastore-db-84f96b9dd8-zcb5q,scorpius03
205,2026-01-16 02:22:40,default,teastore-image-79674648d-qj5sv,luish-nitro-an515-57
205,2026-01-16 02:22:40,default,teastore-persistence-784748b4b9-gmkbt,luish-aspire-a315-55g
205,2026-01-16 02:22:40,default,teastore-recommender-74559c88-pl7nd,luish-nitro-an515-57
205,2026-01-16 02:22:40,default,teastore-registry-676858f7cd-pzfct,leo02
205,2026-01-16 02:22:40,default,teastore-webui-558b54cc77-snv79,luish-nitro-an515-57
206,2026-01-16 02:22:54,default,teastore-auth-84d7ccddd9-h69lh,luish-aspire-a315-55g
206,2026-01-16 02:22:54,default,teastore-db-84f96b9dd8-t8dzg,luish-aspire-a315-55g
206,2026-01-16 02:22:54,default,teastore-image-79674648d-qj5sv,luish-nitro-an515-57
206,2026-01-16 02:22:54,default,teastore-persistence-784748b4b9-dg7zc,luish-nitro-an515-57
206,2026-01-16 02:22:54,default,teastore-recommender-74559c88-d56zb,scorpius03
206,2026-01-16 02:22:54,default,teastore-registry-676858f7cd-nmsww,luish-aspire-a315-55g
206,2026-01-16 02:22:54,default,teastore-webui-558b54cc77-g4c84,leo02
207,2026-01-16 02:23:23,default,teastore-auth-84d7ccddd9-t6mln,luish-aspire-a315-55g
207,2026-01-16 02:23:23,default,teastore-db-84f96b9dd8-p95vw,luish-aspire-a315-55g
207,2026-01-16 02:23:23,default,teastore-image-79674648d-qj5sv,luish-nitro-an515-57
207,2026-01-16 02:23:23,default,teastore-persistence-784748b4b9-qzxcb,luish-aspire-a315-55g
207,2026-01-16 02:23:23,default,teastore-recommender-74559c88-f9zdz,scorpius03
207,2026-01-16 02:23:23,default,teastore-registry-676858f7cd-dw5kt,leo02
207,2026-01-16 02:23:23,default,teastore-webui-558b54cc77-g4c84,leo02
208,2026-01-16 02:23:42,default,teastore-auth-84d7ccddd9-wkjdf,luish-nitro-an515-57
208,2026-01-16 02:23:42,default,teastore-db-84f96b9dd8-p95vw,luish-aspire-a315-55g
208,2026-01-16 02:23:42,default,teastore-image-79674648d-t2dlp,scorpius03
208,2026-01-16 02:23:42,default,teastore-persistence-784748b4b9-qzxcb,luish-aspire-a315-55g
208,2026-01-16 02:23:42,default,teastore-recommender-74559c88-mck2l,leo02
208,2026-01-16 02:23:42,default,teastore-registry-676858f7cd-4h44w,luish-aspire-a315-55g
208,2026-01-16 02:23:42,default,teastore-webui-558b54cc77-njrrf,luish-nitro-an515-57
209,2026-01-16 02:24:05,default,teastore-auth-84d7ccddd9-wkjdf,luish-nitro-an515-57
209,2026-01-16 02:24:05,default,teastore-db-84f96b9dd8-t6b8p,leo02
209,2026-01-16 02:24:05,default,teastore-image-79674648d-t2dlp,scorpius03
209,2026-01-16 02:24:05,default,teastore-persistence-784748b4b9-qzxcb,luish-aspire-a315-55g
209,2026-01-16 02:24:05,default,teastore-recommender-74559c88-mck2l,leo02
209,2026-01-16 02:24:05,default,teastore-registry-676858f7cd-6qp6z,luish-aspire-a315-55g
209,2026-01-16 02:24:05,default,teastore-webui-558b54cc77-zfbvc,leo02
210,2026-01-16 02:24:19,default,teastore-auth-84d7ccddd9-x5wqh,leo02
210,2026-01-16 02:24:19,default,teastore-db-84f96b9dd8-t6b8p,leo02
210,2026-01-16 02:24:19,default,teastore-image-79674648d-t2dlp,scorpius03
210,2026-01-16 02:24:19,default,teastore-persistence-784748b4b9-nsw52,luish-nitro-an515-57
210,2026-01-16 02:24:19,default,teastore-recommender-74559c88-xt8sm,luish-nitro-an515-57
210,2026-01-16 02:24:19,default,teastore-registry-676858f7cd-rk7nl,luish-aspire-a315-55g
210,2026-01-16 02:24:19,default,teastore-webui-558b54cc77-zfbvc,leo02
211,2026-01-16 02:24:27,default,teastore-auth-84d7ccddd9-x5wqh,leo02
211,2026-01-16 02:24:27,default,teastore-db-84f96b9dd8-t6b8p,leo02
211,2026-01-16 02:24:27,default,teastore-image-79674648d-t2dlp,scorpius03
211,2026-01-16 02:24:27,default,teastore-persistence-784748b4b9-pkfb9,scorpius03
211,2026-01-16 02:24:27,default,teastore-recommender-74559c88-xt8sm,luish-nitro-an515-57
211,2026-01-16 02:24:27,default,teastore-registry-676858f7cd-rk7nl,luish-aspire-a315-55g
211,2026-01-16 02:24:27,default,teastore-webui-558b54cc77-zfbvc,leo02
212,2026-01-16 02:24:36,default,teastore-auth-84d7ccddd9-x5wqh,leo02
212,2026-01-16 02:24:36,default,teastore-db-84f96b9dd8-zf272,scorpius03
212,2026-01-16 02:24:36,default,teastore-image-79674648d-hzvkj,luish-aspire-a315-55g
212,2026-01-16 02:24:36,default,teastore-persistence-784748b4b9-tqg8p,luish-nitro-an515-57
212,2026-01-16 02:24:36,default,teastore-recommender-74559c88-xt8sm,luish-nitro-an515-57
212,2026-01-16 02:24:36,default,teastore-registry-676858f7cd-zqxkf,leo02
212,2026-01-16 02:24:36,default,teastore-webui-558b54cc77-zfbvc,leo02
213,2026-01-16 02:24:45,default,teastore-auth-84d7ccddd9-n9z77,scorpius03
213,2026-01-16 02:24:45,default,teastore-db-84f96b9dd8-zf272,scorpius03
213,2026-01-16 02:24:45,default,teastore-image-79674648d-spw7j,leo02
213,2026-01-16 02:24:45,default,teastore-persistence-784748b4b9-tqg8p,luish-nitro-an515-57
213,2026-01-16 02:24:45,default,teastore-recommender-74559c88-xt8sm,luish-nitro-an515-57
213,2026-01-16 02:24:45,default,teastore-registry-676858f7cd-zqxkf,leo02
213,2026-01-16 02:24:45,default,teastore-webui-558b54cc77-xnxxs,luish-aspire-a315-55g
214,2026-01-16 02:24:59,default,teastore-auth-84d7ccddd9-n9z77,scorpius03
214,2026-01-16 02:24:59,default,teastore-db-84f96b9dd8-zf272,scorpius03
214,2026-01-16 02:24:59,default,teastore-image-79674648d-z7c4c,luish-aspire-a315-55g
214,2026-01-16 02:24:59,default,teastore-persistence-784748b4b9-tqg8p,luish-nitro-an515-57
214,2026-01-16 02:24:59,default,teastore-recommender-74559c88-jdhj4,luish-nitro-an515-57
214,2026-01-16 02:24:59,default,teastore-registry-676858f7cd-zqxkf,leo02
214,2026-01-16 02:24:59,default,teastore-webui-558b54cc77-xnxxs,luish-aspire-a315-55g
215,2026-01-16 02:25:08,default,teastore-auth-84d7ccddd9-n9z77,scorpius03
215,2026-01-16 02:25:08,default,teastore-db-84f96b9dd8-zf272,scorpius03
215,2026-01-16 02:25:08,default,teastore-image-79674648d-z7c4c,luish-aspire-a315-55g
215,2026-01-16 02:25:08,default,teastore-persistence-784748b4b9-nk2jm,luish-aspire-a315-55g
215,2026-01-16 02:25:08,default,teastore-recommender-74559c88-krflr,luish-aspire-a315-55g
215,2026-01-16 02:25:08,default,teastore-registry-676858f7cd-nhsj2,luish-nitro-an515-57
215,2026-01-16 02:25:08,default,teastore-webui-558b54cc77-xnxxs,luish-aspire-a315-55g
216,2026-01-16 02:25:16,default,teastore-auth-84d7ccddd9-wlgh5,luish-aspire-a315-55g
216,2026-01-16 02:25:16,default,teastore-db-84f96b9dd8-vpk45,leo02
216,2026-01-16 02:25:16,default,teastore-image-79674648d-z7c4c,luish-aspire-a315-55g
216,2026-01-16 02:25:16,default,teastore-persistence-784748b4b9-nk2jm,luish-aspire-a315-55g
216,2026-01-16 02:25:16,default,teastore-recommender-74559c88-krflr,luish-aspire-a315-55g
216,2026-01-16 02:25:16,default,teastore-registry-676858f7cd-zrkt9,luish-nitro-an515-57
216,2026-01-16 02:25:16,default,teastore-webui-558b54cc77-lfgqv,scorpius03
217,2026-01-16 02:25:25,default,teastore-auth-84d7ccddd9-wlgh5,luish-aspire-a315-55g
217,2026-01-16 02:25:25,default,teastore-db-84f96b9dd8-xmks9,luish-nitro-an515-57
217,2026-01-16 02:25:25,default,teastore-image-79674648d-z7c4c,luish-aspire-a315-55g
217,2026-01-16 02:25:25,default,teastore-persistence-784748b4b9-nk2jm,luish-aspire-a315-55g
217,2026-01-16 02:25:25,default,teastore-recommender-74559c88-krflr,luish-aspire-a315-55g
217,2026-01-16 02:25:25,default,teastore-registry-676858f7cd-zrkt9,luish-nitro-an515-57
217,2026-01-16 02:25:25,default,teastore-webui-558b54cc77-qxzsv,luish-nitro-an515-57
218,2026-01-16 02:25:34,default,teastore-auth-84d7ccddd9-wlgh5,luish-aspire-a315-55g
218,2026-01-16 02:25:34,default,teastore-db-84f96b9dd8-xmks9,luish-nitro-an515-57
218,2026-01-16 02:25:34,default,teastore-image-79674648d-z7c4c,luish-aspire-a315-55g
218,2026-01-16 02:25:34,default,teastore-persistence-784748b4b9-vhvtr,luish-aspire-a315-55g
218,2026-01-16 02:25:34,default,teastore-recommender-74559c88-krflr,luish-aspire-a315-55g
218,2026-01-16 02:25:34,default,teastore-registry-676858f7cd-zrkt9,luish-nitro-an515-57
218,2026-01-16 02:25:34,default,teastore-webui-558b54cc77-qxzsv,luish-nitro-an515-57
219,2026-01-16 02:25:42,default,teastore-auth-84d7ccddd9-wlgh5,luish-aspire-a315-55g
219,2026-01-16 02:25:42,default,teastore-db-84f96b9dd8-xmks9,luish-nitro-an515-57
219,2026-01-16 02:25:42,default,teastore-image-79674648d-vqt7s,luish-aspire-a315-55g
219,2026-01-16 02:25:42,default,teastore-persistence-784748b4b9-vhvtr,luish-aspire-a315-55g
219,2026-01-16 02:25:42,default,teastore-recommender-74559c88-krflr,luish-aspire-a315-55g
219,2026-01-16 02:25:42,default,teastore-registry-676858f7cd-zrkt9,luish-nitro-an515-57
219,2026-01-16 02:25:42,default,teastore-webui-558b54cc77-rnznl,luish-aspire-a315-55g
220,2026-01-16 02:25:51,default,teastore-auth-84d7ccddd9-pd9qm,luish-nitro-an515-57
220,2026-01-16 02:25:51,default,teastore-db-84f96b9dd8-xmks9,luish-nitro-an515-57
220,2026-01-16 02:25:51,default,teastore-image-79674648d-vqt7s,luish-aspire-a315-55g
220,2026-01-16 02:25:51,default,teastore-persistence-784748b4b9-vhvtr,luish-aspire-a315-55g
220,2026-01-16 02:25:51,default,teastore-recommender-74559c88-zzlfk,luish-nitro-an515-57
220,2026-01-16 02:25:51,default,teastore-registry-676858f7cd-smszj,scorpius03
220,2026-01-16 02:25:51,default,teastore-webui-558b54cc77-rnznl,luish-aspire-a315-55g
221,2026-01-16 02:26:00,default,teastore-auth-84d7ccddd9-pd9qm,luish-nitro-an515-57
221,2026-01-16 02:26:00,default,teastore-db-84f96b9dd8-rx89l,luish-nitro-an515-57
221,2026-01-16 02:26:00,default,teastore-image-79674648d-vqt7s,luish-aspire-a315-55g
221,2026-01-16 02:26:00,default,teastore-persistence-784748b4b9-vhvtr,luish-aspire-a315-55g
221,2026-01-16 02:26:00,default,teastore-recommender-74559c88-zzlfk,luish-nitro-an515-57
221,2026-01-16 02:26:00,default,teastore-registry-676858f7cd-smszj,scorpius03
221,2026-01-16 02:26:00,default,teastore-webui-558b54cc77-rnznl,luish-aspire-a315-55g
222,2026-01-16 02:26:08,default,teastore-auth-84d7ccddd9-pd9qm,luish-nitro-an515-57
222,2026-01-16 02:26:08,default,teastore-db-84f96b9dd8-rx89l,luish-nitro-an515-57
222,2026-01-16 02:26:08,default,teastore-image-79674648d-pvdvp,luish-nitro-an515-57
222,2026-01-16 02:26:08,default,teastore-persistence-784748b4b9-vhvtr,luish-aspire-a315-55g
222,2026-01-16 02:26:08,default,teastore-recommender-74559c88-zzlfk,luish-nitro-an515-57
222,2026-01-16 02:26:08,default,teastore-registry-676858f7cd-ql47s,luish-aspire-a315-55g
222,2026-01-16 02:26:08,default,teastore-webui-558b54cc77-wsvzr,leo02
223,2026-01-16 02:26:17,default,teastore-auth-84d7ccddd9-vg8ms,leo02
223,2026-01-16 02:26:17,default,teastore-db-84f96b9dd8-fcltd,scorpius03
223,2026-01-16 02:26:17,default,teastore-image-79674648d-vnzdm,luish-nitro-an515-57
223,2026-01-16 02:26:17,default,teastore-persistence-784748b4b9-rwrlx,scorpius03
223,2026-01-16 02:26:17,default,teastore-recommender-74559c88-zzlfk,luish-nitro-an515-57
223,2026-01-16 02:26:17,default,teastore-registry-676858f7cd-z9fbx,leo02
223,2026-01-16 02:26:17,default,teastore-webui-558b54cc77-wsvzr,leo02
224,2026-01-16 02:26:26,default,teastore-auth-84d7ccddd9-vg8ms,leo02
224,2026-01-16 02:26:26,default,teastore-db-84f96b9dd8-st4jn,luish-nitro-an515-57
224,2026-01-16 02:26:26,default,teastore-image-79674648d-vnzdm,luish-nitro-an515-57
224,2026-01-16 02:26:26,default,teastore-persistence-784748b4b9-xhccn,luish-nitro-an515-57
224,2026-01-16 02:26:26,default,teastore-recommender-74559c88-z4hqn,scorpius03
224,2026-01-16 02:26:26,default,teastore-registry-676858f7cd-z9fbx,leo02
224,2026-01-16 02:26:26,default,teastore-webui-558b54cc77-wsvzr,leo02
225,2026-01-16 02:26:35,default,teastore-auth-84d7ccddd9-vg8ms,leo02
225,2026-01-16 02:26:35,default,teastore-db-84f96b9dd8-st4jn,luish-nitro-an515-57
225,2026-01-16 02:26:35,default,teastore-image-79674648d-vnzdm,luish-nitro-an515-57
225,2026-01-16 02:26:35,default,teastore-persistence-784748b4b9-xhccn,luish-nitro-an515-57
225,2026-01-16 02:26:35,default,teastore-recommender-74559c88-z4hqn,scorpius03
225,2026-01-16 02:26:35,default,teastore-registry-676858f7cd-z9fbx,leo02
225,2026-01-16 02:26:35,default,teastore-webui-558b54cc77-wsvzr,leo02
226,2026-01-16 02:26:49,default,teastore-auth-84d7ccddd9-mrgdx,leo02
226,2026-01-16 02:26:49,default,teastore-db-84f96b9dd8-9fvwd,luish-aspire-a315-55g
226,2026-01-16 02:26:49,default,teastore-image-79674648d-zdl9b,luish-aspire-a315-55g
226,2026-01-16 02:26:49,default,teastore-persistence-784748b4b9-g2n29,scorpius03
226,2026-01-16 02:26:49,default,teastore-recommender-74559c88-xjbjt,luish-nitro-an515-57
226,2026-01-16 02:26:49,default,teastore-registry-676858f7cd-vp5hs,luish-aspire-a315-55g
226,2026-01-16 02:26:49,default,teastore-webui-558b54cc77-wwdnh,leo02
227,2026-01-16 02:27:17,default,teastore-auth-84d7ccddd9-mrgdx,leo02
227,2026-01-16 02:27:17,default,teastore-db-84f96b9dd8-nwpks,luish-aspire-a315-55g
227,2026-01-16 02:27:17,default,teastore-image-79674648d-zdl9b,luish-aspire-a315-55g
227,2026-01-16 02:27:17,default,teastore-persistence-784748b4b9-wqpf6,luish-aspire-a315-55g
227,2026-01-16 02:27:17,default,teastore-recommender-74559c88-zzn89,luish-nitro-an515-57
227,2026-01-16 02:27:17,default,teastore-registry-676858f7cd-jdrln,luish-aspire-a315-55g
227,2026-01-16 02:27:17,default,teastore-webui-558b54cc77-wwdnh,leo02
228,2026-01-16 02:27:46,default,teastore-auth-84d7ccddd9-8zgdw,leo02
228,2026-01-16 02:27:46,default,teastore-db-84f96b9dd8-nwpks,luish-aspire-a315-55g
228,2026-01-16 02:27:46,default,teastore-image-79674648d-vqj9p,luish-aspire-a315-55g
228,2026-01-16 02:27:46,default,teastore-persistence-784748b4b9-wqpf6,luish-aspire-a315-55g
228,2026-01-16 02:27:46,default,teastore-recommender-74559c88-zzn89,luish-nitro-an515-57
228,2026-01-16 02:27:46,default,teastore-registry-676858f7cd-s4rjs,scorpius03
228,2026-01-16 02:27:46,default,teastore-webui-558b54cc77-nf6sq,scorpius03
229,2026-01-16 02:28:09,default,teastore-auth-84d7ccddd9-h9v54,luish-nitro-an515-57
229,2026-01-16 02:28:09,default,teastore-db-84f96b9dd8-nwpks,luish-aspire-a315-55g
229,2026-01-16 02:28:09,default,teastore-image-79674648d-vqj9p,luish-aspire-a315-55g
229,2026-01-16 02:28:09,default,teastore-persistence-784748b4b9-wqpf6,luish-aspire-a315-55g
229,2026-01-16 02:28:09,default,teastore-recommender-74559c88-zzn89,luish-nitro-an515-57
229,2026-01-16 02:28:09,default,teastore-registry-676858f7cd-s4rjs,scorpius03
229,2026-01-16 02:28:09,default,teastore-webui-558b54cc77-nhdhm,scorpius03
230,2026-01-16 02:28:18,default,teastore-auth-84d7ccddd9-lt7nt,luish-nitro-an515-57
230,2026-01-16 02:28:18,default,teastore-db-84f96b9dd8-l544h,leo02
230,2026-01-16 02:28:18,default,teastore-image-79674648d-vqj9p,luish-aspire-a315-55g
230,2026-01-16 02:28:18,default,teastore-persistence-784748b4b9-spr7g,luish-aspire-a315-55g
230,2026-01-16 02:28:18,default,teastore-recommender-74559c88-zzn89,luish-nitro-an515-57
230,2026-01-16 02:28:18,default,teastore-registry-676858f7cd-s4rjs,scorpius03
230,2026-01-16 02:28:18,default,teastore-webui-558b54cc77-nhdhm,scorpius03
231,2026-01-16 02:28:47,default,teastore-auth-84d7ccddd9-lt7nt,luish-nitro-an515-57
231,2026-01-16 02:28:47,default,teastore-db-84f96b9dd8-kf6dh,leo02
231,2026-01-16 02:28:47,default,teastore-image-79674648d-jp7hf,luish-nitro-an515-57
231,2026-01-16 02:28:47,default,teastore-persistence-784748b4b9-spr7g,luish-aspire-a315-55g
231,2026-01-16 02:28:47,default,teastore-recommender-74559c88-v66k6,luish-aspire-a315-55g
231,2026-01-16 02:28:47,default,teastore-registry-676858f7cd-t8hcq,leo02
231,2026-01-16 02:28:47,default,teastore-webui-558b54cc77-gh8c5,luish-aspire-a315-55g
232,2026-01-16 02:29:15,default,teastore-auth-84d7ccddd9-rt9xg,luish-aspire-a315-55g
232,2026-01-16 02:29:15,default,teastore-db-84f96b9dd8-nz5wn,luish-aspire-a315-55g
232,2026-01-16 02:29:15,default,teastore-image-79674648d-nqwqj,luish-nitro-an515-57
232,2026-01-16 02:29:15,default,teastore-persistence-784748b4b9-smvn5,scorpius03
232,2026-01-16 02:29:15,default,teastore-recommender-74559c88-pf28g,leo02
232,2026-01-16 02:29:15,default,teastore-registry-676858f7cd-t8hcq,leo02
232,2026-01-16 02:29:15,default,teastore-webui-558b54cc77-gh8c5,luish-aspire-a315-55g
233,2026-01-16 02:29:44,default,teastore-auth-84d7ccddd9-xw7g7,leo02
233,2026-01-16 02:29:44,default,teastore-db-84f96b9dd8-q2c4l,leo02
233,2026-01-16 02:29:44,default,teastore-image-79674648d-zcxbr,luish-nitro-an515-57
233,2026-01-16 02:29:44,default,teastore-persistence-784748b4b9-sfch9,scorpius03
233,2026-01-16 02:29:44,default,teastore-recommender-74559c88-p4lf6,luish-aspire-a315-55g
233,2026-01-16 02:29:44,default,teastore-registry-676858f7cd-gc5dk,leo02
233,2026-01-16 02:29:44,default,teastore-webui-558b54cc77-xq4gb,scorpius03
234,2026-01-16 02:30:12,default,teastore-auth-84d7ccddd9-xw7g7,leo02
234,2026-01-16 02:30:12,default,teastore-db-84f96b9dd8-q2c4l,leo02
234,2026-01-16 02:30:12,default,teastore-image-79674648d-zcxbr,luish-nitro-an515-57
234,2026-01-16 02:30:12,default,teastore-persistence-784748b4b9-8qj8p,luish-aspire-a315-55g
234,2026-01-16 02:30:12,default,teastore-recommender-74559c88-p4lf6,luish-aspire-a315-55g
234,2026-01-16 02:30:12,default,teastore-registry-676858f7cd-gc5dk,leo02
234,2026-01-16 02:30:12,default,teastore-webui-558b54cc77-xq4gb,scorpius03
235,2026-01-16 02:30:41,default,teastore-auth-84d7ccddd9-lhn4c,scorpius03
235,2026-01-16 02:30:41,default,teastore-db-84f96b9dd8-p5965,leo02
235,2026-01-16 02:30:41,default,teastore-image-79674648d-w5z5f,scorpius03
235,2026-01-16 02:30:41,default,teastore-persistence-784748b4b9-xps6g,luish-nitro-an515-57
235,2026-01-16 02:30:41,default,teastore-recommender-74559c88-ms6vj,leo02
235,2026-01-16 02:30:41,default,teastore-registry-676858f7cd-gbbwd,scorpius03
235,2026-01-16 02:30:41,default,teastore-webui-558b54cc77-7mxwp,luish-aspire-a315-55g
236,2026-01-16 02:31:10,default,teastore-auth-84d7ccddd9-z7r8g,leo02
236,2026-01-16 02:31:10,default,teastore-db-84f96b9dd8-p5965,leo02
236,2026-01-16 02:31:10,default,teastore-image-79674648d-hk7f7,luish-aspire-a315-55g
236,2026-01-16 02:31:10,default,teastore-persistence-784748b4b9-xps6g,luish-nitro-an515-57
236,2026-01-16 02:31:10,default,teastore-recommender-74559c88-ms6vj,leo02
236,2026-01-16 02:31:10,default,teastore-registry-676858f7cd-gslmq,luish-aspire-a315-55g
236,2026-01-16 02:31:10,default,teastore-webui-558b54cc77-jknbl,luish-nitro-an515-57
237,2026-01-16 02:31:38,default,teastore-auth-84d7ccddd9-z7r8g,leo02
237,2026-01-16 02:31:38,default,teastore-db-84f96b9dd8-b7t9b,scorpius03
237,2026-01-16 02:31:38,default,teastore-image-79674648d-scqrg,leo02
237,2026-01-16 02:31:38,default,teastore-persistence-784748b4b9-db7kr,luish-aspire-a315-55g
237,2026-01-16 02:31:38,default,teastore-recommender-74559c88-kvz9j,scorpius03
237,2026-01-16 02:31:38,default,teastore-registry-676858f7cd-gslmq,luish-aspire-a315-55g
237,2026-01-16 02:31:38,default,teastore-webui-558b54cc77-jknbl,luish-nitro-an515-57
238,2026-01-16 02:32:07,default,teastore-auth-84d7ccddd9-v7t6m,luish-aspire-a315-55g
238,2026-01-16 02:32:07,default,teastore-db-84f96b9dd8-nfdpm,scorpius03
238,2026-01-16 02:32:07,default,teastore-image-79674648d-scqrg,leo02
238,2026-01-16 02:32:07,default,teastore-persistence-784748b4b9-p7vfj,leo02
238,2026-01-16 02:32:07,default,teastore-recommender-74559c88-zfchx,scorpius03
238,2026-01-16 02:32:07,default,teastore-registry-676858f7cd-mb5bt,luish-aspire-a315-55g
238,2026-01-16 02:32:07,default,teastore-webui-558b54cc77-jknbl,luish-nitro-an515-57
239,2026-01-16 02:32:35,default,teastore-auth-84d7ccddd9-v7t6m,luish-aspire-a315-55g
239,2026-01-16 02:32:35,default,teastore-db-84f96b9dd8-85z6b,leo02
239,2026-01-16 02:32:35,default,teastore-image-79674648d-pbjmz,luish-nitro-an515-57
239,2026-01-16 02:32:35,default,teastore-persistence-784748b4b9-p7vfj,leo02
239,2026-01-16 02:32:35,default,teastore-recommender-74559c88-zfchx,scorpius03
239,2026-01-16 02:32:35,default,teastore-registry-676858f7cd-r55lq,scorpius03
239,2026-01-16 02:32:35,default,teastore-webui-558b54cc77-78nsx,luish-aspire-a315-55g
240,2026-01-16 02:32:59,default,teastore-auth-84d7ccddd9-jfbvg,luish-aspire-a315-55g
240,2026-01-16 02:32:59,default,teastore-db-84f96b9dd8-mcw88,luish-aspire-a315-55g
240,2026-01-16 02:32:59,default,teastore-image-79674648d-6lq5c,leo02
240,2026-01-16 02:32:59,default,teastore-persistence-784748b4b9-ll4r8,luish-aspire-a315-55g
240,2026-01-16 02:32:59,default,teastore-recommender-74559c88-x2j6s,luish-aspire-a315-55g
240,2026-01-16 02:32:59,default,teastore-registry-676858f7cd-xjksk,luish-aspire-a315-55g
240,2026-01-16 02:32:59,default,teastore-webui-558b54cc77-xgctd,luish-nitro-an515-57
241,2026-01-16 02:33:18,default,teastore-auth-84d7ccddd9-jfbvg,luish-aspire-a315-55g
241,2026-01-16 02:33:18,default,teastore-db-84f96b9dd8-pqx8j,leo02
241,2026-01-16 02:33:18,default,teastore-image-79674648d-cjcqt,luish-nitro-an515-57
241,2026-01-16 02:33:18,default,teastore-persistence-784748b4b9-ll4r8,luish-aspire-a315-55g
241,2026-01-16 02:33:18,default,teastore-recommender-74559c88-x2j6s,luish-aspire-a315-55g
241,2026-01-16 02:33:18,default,teastore-registry-676858f7cd-xjksk,luish-aspire-a315-55g
241,2026-01-16 02:33:18,default,teastore-webui-558b54cc77-xgctd,luish-nitro-an515-57
242,2026-01-16 02:33:36,default,teastore-auth-84d7ccddd9-rkw5s,luish-aspire-a315-55g
242,2026-01-16 02:33:36,default,teastore-db-84f96b9dd8-vkwpp,scorpius03
242,2026-01-16 02:33:36,default,teastore-image-79674648d-lm4ww,scorpius03
242,2026-01-16 02:33:36,default,teastore-persistence-784748b4b9-hwpp6,luish-aspire-a315-55g
242,2026-01-16 02:33:36,default,teastore-recommender-74559c88-jn4c9,luish-aspire-a315-55g
242,2026-01-16 02:33:36,default,teastore-registry-676858f7cd-xjksk,luish-aspire-a315-55g
242,2026-01-16 02:33:36,default,teastore-webui-558b54cc77-xgctd,luish-nitro-an515-57
243,2026-01-16 02:33:45,default,teastore-auth-84d7ccddd9-rkw5s,luish-aspire-a315-55g
243,2026-01-16 02:33:45,default,teastore-db-84f96b9dd8-vkwpp,scorpius03
243,2026-01-16 02:33:45,default,teastore-image-79674648d-z9lmt,luish-aspire-a315-55g
243,2026-01-16 02:33:45,default,teastore-persistence-784748b4b9-hwpp6,luish-aspire-a315-55g
243,2026-01-16 02:33:45,default,teastore-recommender-74559c88-slwbm,leo02
243,2026-01-16 02:33:45,default,teastore-registry-676858f7cd-xjksk,luish-aspire-a315-55g
243,2026-01-16 02:33:45,default,teastore-webui-558b54cc77-xgctd,luish-nitro-an515-57
244,2026-01-16 02:33:54,default,teastore-auth-84d7ccddd9-zwkj9,luish-aspire-a315-55g
244,2026-01-16 02:33:54,default,teastore-db-84f96b9dd8-vkwpp,scorpius03
244,2026-01-16 02:33:54,default,teastore-image-79674648d-z9lmt,luish-aspire-a315-55g
244,2026-01-16 02:33:54,default,teastore-persistence-784748b4b9-kzkhj,leo02
244,2026-01-16 02:33:54,default,teastore-recommender-74559c88-z5mq2,scorpius03
244,2026-01-16 02:33:54,default,teastore-registry-676858f7cd-w22tl,luish-nitro-an515-57
244,2026-01-16 02:33:54,default,teastore-webui-558b54cc77-kkljl,luish-nitro-an515-57
245,2026-01-16 02:34:07,default,teastore-auth-84d7ccddd9-zwkj9,luish-aspire-a315-55g
245,2026-01-16 02:34:07,default,teastore-db-84f96b9dd8-vkwpp,scorpius03
245,2026-01-16 02:34:07,default,teastore-image-79674648d-z9lmt,luish-aspire-a315-55g
245,2026-01-16 02:34:07,default,teastore-persistence-784748b4b9-kzkhj,leo02
245,2026-01-16 02:34:07,default,teastore-recommender-74559c88-z5mq2,scorpius03
245,2026-01-16 02:34:07,default,teastore-registry-676858f7cd-w22tl,luish-nitro-an515-57
245,2026-01-16 02:34:07,default,teastore-webui-558b54cc77-kkljl,luish-nitro-an515-57
246,2026-01-16 02:34:16,default,teastore-auth-84d7ccddd9-zwkj9,luish-aspire-a315-55g
246,2026-01-16 02:34:16,default,teastore-db-84f96b9dd8-rscfq,luish-nitro-an515-57
246,2026-01-16 02:34:16,default,teastore-image-79674648d-z9lmt,luish-aspire-a315-55g
246,2026-01-16 02:34:16,default,teastore-persistence-784748b4b9-rq255,leo02
246,2026-01-16 02:34:16,default,teastore-recommender-74559c88-z5mq2,scorpius03
246,2026-01-16 02:34:16,default,teastore-registry-676858f7cd-w22tl,luish-nitro-an515-57
246,2026-01-16 02:34:16,default,teastore-webui-558b54cc77-kkljl,luish-nitro-an515-57
247,2026-01-16 02:34:24,default,teastore-auth-84d7ccddd9-zwkj9,luish-aspire-a315-55g
247,2026-01-16 02:34:24,default,teastore-db-84f96b9dd8-vtssj,luish-nitro-an515-57
247,2026-01-16 02:34:24,default,teastore-image-79674648d-wg6tj,luish-nitro-an515-57
247,2026-01-16 02:34:24,default,teastore-persistence-784748b4b9-rq255,leo02
247,2026-01-16 02:34:24,default,teastore-recommender-74559c88-z5mq2,scorpius03
247,2026-01-16 02:34:24,default,teastore-registry-676858f7cd-w22tl,luish-nitro-an515-57
247,2026-01-16 02:34:24,default,teastore-webui-558b54cc77-kkljl,luish-nitro-an515-57
248,2026-01-16 02:34:33,default,teastore-auth-84d7ccddd9-zwkj9,luish-aspire-a315-55g
248,2026-01-16 02:34:33,default,teastore-db-84f96b9dd8-wvg6s,luish-nitro-an515-57
248,2026-01-16 02:34:33,default,teastore-image-79674648d-w7xnk,luish-aspire-a315-55g
248,2026-01-16 02:34:33,default,teastore-persistence-784748b4b9-rq255,leo02
248,2026-01-16 02:34:33,default,teastore-recommender-74559c88-nwwhn,luish-aspire-a315-55g
248,2026-01-16 02:34:33,default,teastore-registry-676858f7cd-sxcbd,luish-aspire-a315-55g
248,2026-01-16 02:34:33,default,teastore-webui-558b54cc77-sc9m2,luish-aspire-a315-55g
249,2026-01-16 02:34:47,default,teastore-auth-84d7ccddd9-q2w89,scorpius03
249,2026-01-16 02:34:47,default,teastore-db-84f96b9dd8-wvg6s,luish-nitro-an515-57
249,2026-01-16 02:34:47,default,teastore-image-79674648d-w7xnk,luish-aspire-a315-55g
249,2026-01-16 02:34:47,default,teastore-persistence-784748b4b9-rq255,leo02
249,2026-01-16 02:34:47,default,teastore-recommender-74559c88-nwwhn,luish-aspire-a315-55g
249,2026-01-16 02:34:47,default,teastore-registry-676858f7cd-n7lxx,scorpius03
249,2026-01-16 02:34:47,default,teastore-webui-558b54cc77-swk6n,scorpius03
250,2026-01-16 02:34:56,default,teastore-auth-84d7ccddd9-mbflp,luish-nitro-an515-57
250,2026-01-16 02:34:56,default,teastore-db-84f96b9dd8-wvg6s,luish-nitro-an515-57
250,2026-01-16 02:34:56,default,teastore-image-79674648d-w7xnk,luish-aspire-a315-55g
250,2026-01-16 02:34:56,default,teastore-persistence-784748b4b9-lsxfc,leo02
250,2026-01-16 02:34:56,default,teastore-recommender-74559c88-kzkxb,luish-aspire-a315-55g
250,2026-01-16 02:34:56,default,teastore-registry-676858f7cd-wc5pw,leo02
250,2026-01-16 02:34:56,default,teastore-webui-558b54cc77-swk6n,scorpius03
251,2026-01-16 02:35:05,default,teastore-auth-84d7ccddd9-n8pf6,leo02
251,2026-01-16 02:35:05,default,teastore-db-84f96b9dd8-wvg6s,luish-nitro-an515-57
251,2026-01-16 02:35:05,default,teastore-image-79674648d-w7xnk,luish-aspire-a315-55g
251,2026-01-16 02:35:05,default,teastore-persistence-784748b4b9-lsxfc,leo02
251,2026-01-16 02:35:05,default,teastore-recommender-74559c88-kzkxb,luish-aspire-a315-55g
251,2026-01-16 02:35:05,default,teastore-registry-676858f7cd-xvnss,luish-aspire-a315-55g
251,2026-01-16 02:35:05,default,teastore-webui-558b54cc77-swk6n,scorpius03
252,2026-01-16 02:35:14,default,teastore-auth-84d7ccddd9-n8pf6,leo02
252,2026-01-16 02:35:14,default,teastore-db-84f96b9dd8-prw54,luish-aspire-a315-55g
252,2026-01-16 02:35:14,default,teastore-image-79674648d-w7xnk,luish-aspire-a315-55g
252,2026-01-16 02:35:14,default,teastore-persistence-784748b4b9-lsxfc,leo02
252,2026-01-16 02:35:14,default,teastore-recommender-74559c88-kzkxb,luish-aspire-a315-55g
252,2026-01-16 02:35:14,default,teastore-registry-676858f7cd-zhd72,luish-nitro-an515-57
252,2026-01-16 02:35:14,default,teastore-webui-558b54cc77-z87mt,luish-nitro-an515-57
253,2026-01-16 02:35:23,default,teastore-auth-84d7ccddd9-n8pf6,leo02
253,2026-01-16 02:35:23,default,teastore-db-84f96b9dd8-zn4z5,luish-nitro-an515-57
253,2026-01-16 02:35:23,default,teastore-image-79674648d-vgf4k,luish-aspire-a315-55g
253,2026-01-16 02:35:23,default,teastore-persistence-784748b4b9-hccz5,scorpius03
253,2026-01-16 02:35:23,default,teastore-recommender-74559c88-vccbf,leo02
253,2026-01-16 02:35:23,default,teastore-registry-676858f7cd-zhd72,luish-nitro-an515-57
253,2026-01-16 02:35:23,default,teastore-webui-558b54cc77-z87mt,luish-nitro-an515-57
254,2026-01-16 02:35:31,default,teastore-auth-84d7ccddd9-n8pf6,leo02
254,2026-01-16 02:35:31,default,teastore-db-84f96b9dd8-zn4z5,luish-nitro-an515-57
254,2026-01-16 02:35:31,default,teastore-image-79674648d-vgf4k,luish-aspire-a315-55g
254,2026-01-16 02:35:31,default,teastore-persistence-784748b4b9-hccz5,scorpius03
254,2026-01-16 02:35:31,default,teastore-recommender-74559c88-vccbf,leo02
254,2026-01-16 02:35:31,default,teastore-registry-676858f7cd-zhd72,luish-nitro-an515-57
254,2026-01-16 02:35:31,default,teastore-webui-558b54cc77-z87mt,luish-nitro-an515-57
255,2026-01-16 02:35:40,default,teastore-auth-84d7ccddd9-hh7q6,luish-aspire-a315-55g
255,2026-01-16 02:35:40,default,teastore-db-84f96b9dd8-zn4z5,luish-nitro-an515-57
255,2026-01-16 02:35:40,default,teastore-image-79674648d-mcqqv,luish-aspire-a315-55g
255,2026-01-16 02:35:40,default,teastore-persistence-784748b4b9-hccz5,scorpius03
255,2026-01-16 02:35:40,default,teastore-recommender-74559c88-wlml2,luish-nitro-an515-57
255,2026-01-16 02:35:40,default,teastore-registry-676858f7cd-zhd72,luish-nitro-an515-57
255,2026-01-16 02:35:40,default,teastore-webui-558b54cc77-z87mt,luish-nitro-an515-57
256,2026-01-16 02:35:49,default,teastore-auth-84d7ccddd9-wdt98,leo02
256,2026-01-16 02:35:49,default,teastore-db-84f96b9dd8-zn4z5,luish-nitro-an515-57
256,2026-01-16 02:35:49,default,teastore-image-79674648d-mcqqv,luish-aspire-a315-55g
256,2026-01-16 02:35:49,default,teastore-persistence-784748b4b9-bscmm,scorpius03
256,2026-01-16 02:35:49,default,teastore-recommender-74559c88-wlml2,luish-nitro-an515-57
256,2026-01-16 02:35:49,default,teastore-registry-676858f7cd-lkrpc,luish-nitro-an515-57
256,2026-01-16 02:35:49,default,teastore-webui-558b54cc77-p9tg4,luish-nitro-an515-57
257,2026-01-16 02:35:58,default,teastore-auth-84d7ccddd9-wdt98,leo02
257,2026-01-16 02:35:58,default,teastore-db-84f96b9dd8-j2qdn,scorpius03
257,2026-01-16 02:35:58,default,teastore-image-79674648d-xf6rn,leo02
257,2026-01-16 02:35:58,default,teastore-persistence-784748b4b9-bscmm,scorpius03
257,2026-01-16 02:35:58,default,teastore-recommender-74559c88-wlml2,luish-nitro-an515-57
257,2026-01-16 02:35:58,default,teastore-registry-676858f7cd-clf6t,scorpius03
257,2026-01-16 02:35:58,default,teastore-webui-558b54cc77-p9tg4,luish-nitro-an515-57
258,2026-01-16 02:36:06,default,teastore-auth-84d7ccddd9-wdt98,leo02
258,2026-01-16 02:36:06,default,teastore-db-84f96b9dd8-j2qdn,scorpius03
258,2026-01-16 02:36:06,default,teastore-image-79674648d-xf6rn,leo02
258,2026-01-16 02:36:06,default,teastore-persistence-784748b4b9-fs9xz,scorpius03
258,2026-01-16 02:36:06,default,teastore-recommender-74559c88-wlml2,luish-nitro-an515-57
258,2026-01-16 02:36:06,default,teastore-registry-676858f7cd-752vh,luish-aspire-a315-55g
258,2026-01-16 02:36:06,default,teastore-webui-558b54cc77-qmxr2,luish-nitro-an515-57
259,2026-01-16 02:36:15,default,teastore-auth-84d7ccddd9-wdt98,leo02
259,2026-01-16 02:36:15,default,teastore-db-84f96b9dd8-m9rqm,leo02
259,2026-01-16 02:36:15,default,teastore-image-79674648d-xf6rn,leo02
259,2026-01-16 02:36:15,default,teastore-persistence-784748b4b9-z5jmp,scorpius03
259,2026-01-16 02:36:15,default,teastore-recommender-74559c88-pnj5j,luish-nitro-an515-57
259,2026-01-16 02:36:15,default,teastore-registry-676858f7cd-qlpxq,scorpius03
259,2026-01-16 02:36:15,default,teastore-webui-558b54cc77-qmxr2,luish-nitro-an515-57
260,2026-01-16 02:36:23,default,teastore-auth-84d7ccddd9-t2zc5,leo02
260,2026-01-16 02:36:23,default,teastore-db-84f96b9dd8-m9rqm,leo02
260,2026-01-16 02:36:23,default,teastore-image-79674648d-xf6rn,leo02
260,2026-01-16 02:36:23,default,teastore-persistence-784748b4b9-z5jmp,scorpius03
260,2026-01-16 02:36:23,default,teastore-recommender-74559c88-pnj5j,luish-nitro-an515-57
260,2026-01-16 02:36:23,default,teastore-registry-676858f7cd-v4nbj,scorpius03
260,2026-01-16 02:36:23,default,teastore-webui-558b54cc77-qmxr2,luish-nitro-an515-57
261,2026-01-16 02:36:37,default,teastore-auth-84d7ccddd9-t2zc5,leo02
261,2026-01-16 02:36:37,default,teastore-db-84f96b9dd8-m9rqm,leo02
261,2026-01-16 02:36:37,default,teastore-image-79674648d-whhb7,luish-aspire-a315-55g
261,2026-01-16 02:36:37,default,teastore-persistence-784748b4b9-z5jmp,scorpius03
261,2026-01-16 02:36:37,default,teastore-recommender-74559c88-pnj5j,luish-nitro-an515-57
261,2026-01-16 02:36:37,default,teastore-registry-676858f7cd-v4nbj,scorpius03
261,2026-01-16 02:36:37,default,teastore-webui-558b54cc77-xd87w,luish-nitro-an515-57
262,2026-01-16 02:36:46,default,teastore-auth-84d7ccddd9-lw956,luish-nitro-an515-57
262,2026-01-16 02:36:46,default,teastore-db-84f96b9dd8-m9rqm,leo02
262,2026-01-16 02:36:46,default,teastore-image-79674648d-whhb7,luish-aspire-a315-55g
262,2026-01-16 02:36:46,default,teastore-persistence-784748b4b9-z5jmp,scorpius03
262,2026-01-16 02:36:46,default,teastore-recommender-74559c88-p7ntj,leo02
262,2026-01-16 02:36:46,default,teastore-registry-676858f7cd-v4nbj,scorpius03
262,2026-01-16 02:36:46,default,teastore-webui-558b54cc77-xd87w,luish-nitro-an515-57
263,2026-01-16 02:36:54,default,teastore-auth-84d7ccddd9-nsdqc,luish-aspire-a315-55g
263,2026-01-16 02:36:54,default,teastore-db-84f96b9dd8-hknnn,luish-aspire-a315-55g
263,2026-01-16 02:36:54,default,teastore-image-79674648d-whhb7,luish-aspire-a315-55g
263,2026-01-16 02:36:54,default,teastore-persistence-784748b4b9-hg7pg,luish-aspire-a315-55g
263,2026-01-16 02:36:54,default,teastore-recommender-74559c88-p7ntj,leo02
263,2026-01-16 02:36:54,default,teastore-registry-676858f7cd-v4nbj,scorpius03
263,2026-01-16 02:36:54,default,teastore-webui-558b54cc77-xd87w,luish-nitro-an515-57
264,2026-01-16 02:37:03,default,teastore-auth-84d7ccddd9-rjcsg,scorpius03
264,2026-01-16 02:37:03,default,teastore-db-84f96b9dd8-hknnn,luish-aspire-a315-55g
264,2026-01-16 02:37:03,default,teastore-image-79674648d-whhb7,luish-aspire-a315-55g
264,2026-01-16 02:37:03,default,teastore-persistence-784748b4b9-v5gnd,luish-nitro-an515-57
264,2026-01-16 02:37:03,default,teastore-recommender-74559c88-lttx8,luish-aspire-a315-55g
264,2026-01-16 02:37:03,default,teastore-registry-676858f7cd-nrsbf,luish-nitro-an515-57
264,2026-01-16 02:37:03,default,teastore-webui-558b54cc77-xd87w,luish-nitro-an515-57
265,2026-01-16 02:37:12,default,teastore-auth-84d7ccddd9-rrljw,luish-aspire-a315-55g
265,2026-01-16 02:37:12,default,teastore-db-84f96b9dd8-hknnn,luish-aspire-a315-55g
265,2026-01-16 02:37:12,default,teastore-image-79674648d-whhb7,luish-aspire-a315-55g
265,2026-01-16 02:37:12,default,teastore-persistence-784748b4b9-v5gnd,luish-nitro-an515-57
265,2026-01-16 02:37:12,default,teastore-recommender-74559c88-lttx8,luish-aspire-a315-55g
265,2026-01-16 02:37:12,default,teastore-registry-676858f7cd-v54sw,scorpius03
265,2026-01-16 02:37:12,default,teastore-webui-558b54cc77-xd87w,luish-nitro-an515-57
266,2026-01-16 02:37:20,default,teastore-auth-84d7ccddd9-rrljw,luish-aspire-a315-55g
266,2026-01-16 02:37:20,default,teastore-db-84f96b9dd8-nnd78,luish-nitro-an515-57
266,2026-01-16 02:37:20,default,teastore-image-79674648d-z6f8d,luish-nitro-an515-57
266,2026-01-16 02:37:20,default,teastore-persistence-784748b4b9-zrwvw,luish-aspire-a315-55g
266,2026-01-16 02:37:20,default,teastore-recommender-74559c88-lttx8,luish-aspire-a315-55g
266,2026-01-16 02:37:20,default,teastore-registry-676858f7cd-v54sw,scorpius03
266,2026-01-16 02:37:20,default,teastore-webui-558b54cc77-r5nbz,leo02
267,2026-01-16 02:37:29,default,teastore-auth-84d7ccddd9-rrljw,luish-aspire-a315-55g
267,2026-01-16 02:37:29,default,teastore-db-84f96b9dd8-nnd78,luish-nitro-an515-57
267,2026-01-16 02:37:29,default,teastore-image-79674648d-z6f8d,luish-nitro-an515-57
267,2026-01-16 02:37:29,default,teastore-persistence-784748b4b9-zrwvw,luish-aspire-a315-55g
267,2026-01-16 02:37:29,default,teastore-recommender-74559c88-nmhp2,luish-aspire-a315-55g
267,2026-01-16 02:37:29,default,teastore-registry-676858f7cd-v54sw,scorpius03
267,2026-01-16 02:37:29,default,teastore-webui-558b54cc77-r5nbz,leo02
268,2026-01-16 02:37:42,default,teastore-auth-84d7ccddd9-rrljw,luish-aspire-a315-55g
268,2026-01-16 02:37:42,default,teastore-db-84f96b9dd8-nnd78,luish-nitro-an515-57
268,2026-01-16 02:37:42,default,teastore-image-79674648d-z6f8d,luish-nitro-an515-57
268,2026-01-16 02:37:42,default,teastore-persistence-784748b4b9-zrwvw,luish-aspire-a315-55g
268,2026-01-16 02:37:42,default,teastore-recommender-74559c88-nmhp2,luish-aspire-a315-55g
268,2026-01-16 02:37:42,default,teastore-registry-676858f7cd-v54sw,scorpius03
268,2026-01-16 02:37:42,default,teastore-webui-558b54cc77-jxfvj,scorpius03
269,2026-01-16 02:37:51,default,teastore-auth-84d7ccddd9-rrljw,luish-aspire-a315-55g
269,2026-01-16 02:37:51,default,teastore-db-84f96b9dd8-s2t8h,scorpius03
269,2026-01-16 02:37:51,default,teastore-image-79674648d-z6f8d,luish-nitro-an515-57
269,2026-01-16 02:37:51,default,teastore-persistence-784748b4b9-zrwvw,luish-aspire-a315-55g
269,2026-01-16 02:37:51,default,teastore-recommender-74559c88-nmhp2,luish-aspire-a315-55g
269,2026-01-16 02:37:51,default,teastore-registry-676858f7cd-qkhgz,scorpius03
269,2026-01-16 02:37:51,default,teastore-webui-558b54cc77-mv4ld,scorpius03
270,2026-01-16 02:38:00,default,teastore-auth-84d7ccddd9-tp5d4,leo02
270,2026-01-16 02:38:00,default,teastore-db-84f96b9dd8-s2t8h,scorpius03
270,2026-01-16 02:38:00,default,teastore-image-79674648d-njvzt,luish-aspire-a315-55g
270,2026-01-16 02:38:00,default,teastore-persistence-784748b4b9-mtrhg,leo02
270,2026-01-16 02:38:00,default,teastore-recommender-74559c88-nmhp2,luish-aspire-a315-55g
270,2026-01-16 02:38:00,default,teastore-registry-676858f7cd-qkhgz,scorpius03
270,2026-01-16 02:38:00,default,teastore-webui-558b54cc77-mv4ld,scorpius03
271,2026-01-16 02:38:08,default,teastore-auth-84d7ccddd9-tp5d4,leo02
271,2026-01-16 02:38:08,default,teastore-db-84f96b9dd8-t4j7s,luish-aspire-a315-55g
271,2026-01-16 02:38:08,default,teastore-image-79674648d-njvzt,luish-aspire-a315-55g
271,2026-01-16 02:38:08,default,teastore-persistence-784748b4b9-mtrhg,leo02
271,2026-01-16 02:38:08,default,teastore-recommender-74559c88-nmhp2,luish-aspire-a315-55g
271,2026-01-16 02:38:08,default,teastore-registry-676858f7cd-qkhgz,scorpius03
271,2026-01-16 02:38:08,default,teastore-webui-558b54cc77-smrvf,leo02
272,2026-01-16 02:38:17,default,teastore-auth-84d7ccddd9-tp5d4,leo02
272,2026-01-16 02:38:17,default,teastore-db-84f96b9dd8-t4j7s,luish-aspire-a315-55g
272,2026-01-16 02:38:17,default,teastore-image-79674648d-xpn9f,luish-aspire-a315-55g
272,2026-01-16 02:38:17,default,teastore-persistence-784748b4b9-z9rvh,leo02
272,2026-01-16 02:38:17,default,teastore-recommender-74559c88-nmhp2,luish-aspire-a315-55g
272,2026-01-16 02:38:17,default,teastore-registry-676858f7cd-xp75g,luish-aspire-a315-55g
272,2026-01-16 02:38:17,default,teastore-webui-558b54cc77-smrvf,leo02
273,2026-01-16 02:38:26,default,teastore-auth-84d7ccddd9-w5f9p,scorpius03
273,2026-01-16 02:38:26,default,teastore-db-84f96b9dd8-tjcl8,luish-nitro-an515-57
273,2026-01-16 02:38:26,default,teastore-image-79674648d-xpn9f,luish-aspire-a315-55g
273,2026-01-16 02:38:26,default,teastore-persistence-784748b4b9-z9rvh,leo02
273,2026-01-16 02:38:26,default,teastore-recommender-74559c88-d5jf8,luish-aspire-a315-55g
273,2026-01-16 02:38:26,default,teastore-registry-676858f7cd-xp75g,luish-aspire-a315-55g
273,2026-01-16 02:38:26,default,teastore-webui-558b54cc77-smrvf,leo02
274,2026-01-16 02:38:34,default,teastore-auth-84d7ccddd9-w5f9p,scorpius03
274,2026-01-16 02:38:34,default,teastore-db-84f96b9dd8-tjcl8,luish-nitro-an515-57
274,2026-01-16 02:38:34,default,teastore-image-79674648d-xpn9f,luish-aspire-a315-55g
274,2026-01-16 02:38:34,default,teastore-persistence-784748b4b9-z9rvh,leo02
274,2026-01-16 02:38:34,default,teastore-recommender-74559c88-znx6v,scorpius03
274,2026-01-16 02:38:34,default,teastore-registry-676858f7cd-xp75g,luish-aspire-a315-55g
274,2026-01-16 02:38:34,default,teastore-webui-558b54cc77-zj96q,leo02
275,2026-01-16 02:38:43,default,teastore-auth-84d7ccddd9-w5f9p,scorpius03
275,2026-01-16 02:38:43,default,teastore-db-84f96b9dd8-tjcl8,luish-nitro-an515-57
275,2026-01-16 02:38:43,default,teastore-image-79674648d-xpn9f,luish-aspire-a315-55g
275,2026-01-16 02:38:43,default,teastore-persistence-784748b4b9-z9rvh,leo02
275,2026-01-16 02:38:43,default,teastore-recommender-74559c88-znx6v,scorpius03
275,2026-01-16 02:38:43,default,teastore-registry-676858f7cd-xp75g,luish-aspire-a315-55g
275,2026-01-16 02:38:43,default,teastore-webui-558b54cc77-zj96q,leo02
276,2026-01-16 02:38:51,default,teastore-auth-84d7ccddd9-w5f9p,scorpius03
276,2026-01-16 02:38:51,default,teastore-db-84f96b9dd8-tjcl8,luish-nitro-an515-57
276,2026-01-16 02:38:51,default,teastore-image-79674648d-xpn9f,luish-aspire-a315-55g
276,2026-01-16 02:38:51,default,teastore-persistence-784748b4b9-x7z8j,leo02
276,2026-01-16 02:38:51,default,teastore-recommender-74559c88-znx6v,scorpius03
276,2026-01-16 02:38:51,default,teastore-registry-676858f7cd-xp75g,luish-aspire-a315-55g
276,2026-01-16 02:38:51,default,teastore-webui-558b54cc77-zj96q,leo02
277,2026-01-16 02:39:00,default,teastore-auth-84d7ccddd9-ts6hf,luish-aspire-a315-55g
277,2026-01-16 02:39:00,default,teastore-db-84f96b9dd8-s88tj,luish-aspire-a315-55g
277,2026-01-16 02:39:00,default,teastore-image-79674648d-xdfxg,luish-aspire-a315-55g
277,2026-01-16 02:39:00,default,teastore-persistence-784748b4b9-x7z8j,leo02
277,2026-01-16 02:39:00,default,teastore-recommender-74559c88-znx6v,scorpius03
277,2026-01-16 02:39:00,default,teastore-registry-676858f7cd-v8bs6,scorpius03
277,2026-01-16 02:39:00,default,teastore-webui-558b54cc77-zj96q,leo02
278,2026-01-16 02:39:09,default,teastore-auth-84d7ccddd9-ts6hf,luish-aspire-a315-55g
278,2026-01-16 02:39:09,default,teastore-db-84f96b9dd8-s88tj,luish-aspire-a315-55g
278,2026-01-16 02:39:09,default,teastore-image-79674648d-xdfxg,luish-aspire-a315-55g
278,2026-01-16 02:39:09,default,teastore-persistence-784748b4b9-x7z8j,leo02
278,2026-01-16 02:39:09,default,teastore-recommender-74559c88-w96d9,luish-aspire-a315-55g
278,2026-01-16 02:39:09,default,teastore-registry-676858f7cd-rs7f9,luish-nitro-an515-57
278,2026-01-16 02:39:09,default,teastore-webui-558b54cc77-th9xj,luish-nitro-an515-57
279,2026-01-16 02:39:17,default,teastore-auth-84d7ccddd9-ts6hf,luish-aspire-a315-55g
279,2026-01-16 02:39:17,default,teastore-db-84f96b9dd8-s88tj,luish-aspire-a315-55g
279,2026-01-16 02:39:17,default,teastore-image-79674648d-wl48q,luish-nitro-an515-57
279,2026-01-16 02:39:17,default,teastore-persistence-784748b4b9-rpt9m,luish-aspire-a315-55g
279,2026-01-16 02:39:17,default,teastore-recommender-74559c88-w96d9,luish-aspire-a315-55g
279,2026-01-16 02:39:17,default,teastore-registry-676858f7cd-r2w57,scorpius03
279,2026-01-16 02:39:17,default,teastore-webui-558b54cc77-th9xj,luish-nitro-an515-57
280,2026-01-16 02:39:26,default,teastore-auth-84d7ccddd9-pfjhw,luish-aspire-a315-55g
280,2026-01-16 02:39:26,default,teastore-db-84f96b9dd8-s88tj,luish-aspire-a315-55g
280,2026-01-16 02:39:26,default,teastore-image-79674648d-wl48q,luish-nitro-an515-57
280,2026-01-16 02:39:26,default,teastore-persistence-784748b4b9-rpt9m,luish-aspire-a315-55g
280,2026-01-16 02:39:26,default,teastore-recommender-74559c88-w96d9,luish-aspire-a315-55g
280,2026-01-16 02:39:26,default,teastore-registry-676858f7cd-r2w57,scorpius03
280,2026-01-16 02:39:26,default,teastore-webui-558b54cc77-rmx4z,luish-aspire-a315-55g
281,2026-01-16 02:39:35,default,teastore-auth-84d7ccddd9-ztmzf,luish-nitro-an515-57
281,2026-01-16 02:39:35,default,teastore-db-84f96b9dd8-lfhg8,leo02
281,2026-01-16 02:39:35,default,teastore-image-79674648d-wl48q,luish-nitro-an515-57
281,2026-01-16 02:39:35,default,teastore-persistence-784748b4b9-lzb5c,scorpius03
281,2026-01-16 02:39:35,default,teastore-recommender-74559c88-w96d9,luish-aspire-a315-55g
281,2026-01-16 02:39:35,default,teastore-registry-676858f7cd-r2w57,scorpius03
281,2026-01-16 02:39:35,default,teastore-webui-558b54cc77-rmx4z,luish-aspire-a315-55g
282,2026-01-16 02:39:44,default,teastore-auth-84d7ccddd9-ztmzf,luish-nitro-an515-57
282,2026-01-16 02:39:44,default,teastore-db-84f96b9dd8-lfhg8,leo02
282,2026-01-16 02:39:44,default,teastore-image-79674648d-vwr84,leo02
282,2026-01-16 02:39:44,default,teastore-persistence-784748b4b9-lzb5c,scorpius03
282,2026-01-16 02:39:44,default,teastore-recommender-74559c88-w96d9,luish-aspire-a315-55g
282,2026-01-16 02:39:44,default,teastore-registry-676858f7cd-r2w57,scorpius03
282,2026-01-16 02:39:44,default,teastore-webui-558b54cc77-wrzqs,scorpius03
283,2026-01-16 02:39:52,default,teastore-auth-84d7ccddd9-ztmzf,luish-nitro-an515-57
283,2026-01-16 02:39:52,default,teastore-db-84f96b9dd8-lfhg8,leo02
283,2026-01-16 02:39:52,default,teastore-image-79674648d-vwr84,leo02
283,2026-01-16 02:39:52,default,teastore-persistence-784748b4b9-lzb5c,scorpius03
283,2026-01-16 02:39:52,default,teastore-recommender-74559c88-w96d9,luish-aspire-a315-55g
283,2026-01-16 02:39:52,default,teastore-registry-676858f7cd-hv2zt,luish-aspire-a315-55g
283,2026-01-16 02:39:52,default,teastore-webui-558b54cc77-wrzqs,scorpius03
284,2026-01-16 02:40:01,default,teastore-auth-84d7ccddd9-ztmzf,luish-nitro-an515-57
284,2026-01-16 02:40:01,default,teastore-db-84f96b9dd8-vv5zl,scorpius03
284,2026-01-16 02:40:01,default,teastore-image-79674648d-vwr84,leo02
284,2026-01-16 02:40:01,default,teastore-persistence-784748b4b9-lf298,luish-nitro-an515-57
284,2026-01-16 02:40:01,default,teastore-recommender-74559c88-w7jr5,luish-aspire-a315-55g
284,2026-01-16 02:40:01,default,teastore-registry-676858f7cd-nsmlf,scorpius03
284,2026-01-16 02:40:01,default,teastore-webui-558b54cc77-wrzqs,scorpius03
285,2026-01-16 02:40:10,default,teastore-auth-84d7ccddd9-rdwcc,luish-aspire-a315-55g
285,2026-01-16 02:40:10,default,teastore-db-84f96b9dd8-vv5zl,scorpius03
285,2026-01-16 02:40:10,default,teastore-image-79674648d-vwr84,leo02
285,2026-01-16 02:40:10,default,teastore-persistence-784748b4b9-lf298,luish-nitro-an515-57
285,2026-01-16 02:40:10,default,teastore-recommender-74559c88-w7jr5,luish-aspire-a315-55g
285,2026-01-16 02:40:10,default,teastore-registry-676858f7cd-xq4f7,luish-aspire-a315-55g
285,2026-01-16 02:40:10,default,teastore-webui-558b54cc77-wrzqs,scorpius03
286,2026-01-16 02:40:19,default,teastore-auth-84d7ccddd9-rdwcc,luish-aspire-a315-55g
286,2026-01-16 02:40:19,default,teastore-db-84f96b9dd8-xjqz5,luish-aspire-a315-55g
286,2026-01-16 02:40:19,default,teastore-image-79674648d-svmwp,scorpius03
286,2026-01-16 02:40:19,default,teastore-persistence-784748b4b9-xftws,luish-aspire-a315-55g
286,2026-01-16 02:40:19,default,teastore-recommender-74559c88-w7jr5,luish-aspire-a315-55g
286,2026-01-16 02:40:19,default,teastore-registry-676858f7cd-xq4f7,luish-aspire-a315-55g
286,2026-01-16 02:40:19,default,teastore-webui-558b54cc77-pw9p8,scorpius03
287,2026-01-16 02:40:27,default,teastore-auth-84d7ccddd9-rdwcc,luish-aspire-a315-55g
287,2026-01-16 02:40:27,default,teastore-db-84f96b9dd8-xjqz5,luish-aspire-a315-55g
287,2026-01-16 02:40:27,default,teastore-image-79674648d-vqzr8,leo02
287,2026-01-16 02:40:27,default,teastore-persistence-784748b4b9-xftws,luish-aspire-a315-55g
287,2026-01-16 02:40:27,default,teastore-recommender-74559c88-xrsxh,luish-nitro-an515-57
287,2026-01-16 02:40:27,default,teastore-registry-676858f7cd-xq4f7,luish-aspire-a315-55g
287,2026-01-16 02:40:27,default,teastore-webui-558b54cc77-zklb7,luish-nitro-an515-57
288,2026-01-16 02:40:36,default,teastore-auth-84d7ccddd9-rdwcc,luish-aspire-a315-55g
288,2026-01-16 02:40:36,default,teastore-db-84f96b9dd8-xjqz5,luish-aspire-a315-55g
288,2026-01-16 02:40:36,default,teastore-image-79674648d-vqzr8,leo02
288,2026-01-16 02:40:36,default,teastore-persistence-784748b4b9-xftws,luish-aspire-a315-55g
288,2026-01-16 02:40:36,default,teastore-recommender-74559c88-xrsxh,luish-nitro-an515-57
288,2026-01-16 02:40:36,default,teastore-registry-676858f7cd-xq4f7,luish-aspire-a315-55g
288,2026-01-16 02:40:36,default,teastore-webui-558b54cc77-zklb7,luish-nitro-an515-57
289,2026-01-16 02:40:45,default,teastore-auth-84d7ccddd9-mw2wn,luish-nitro-an515-57
289,2026-01-16 02:40:45,default,teastore-db-84f96b9dd8-xjqz5,luish-aspire-a315-55g
289,2026-01-16 02:40:45,default,teastore-image-79674648d-vqzr8,leo02
289,2026-01-16 02:40:45,default,teastore-persistence-784748b4b9-xgxtv,scorpius03
289,2026-01-16 02:40:45,default,teastore-recommender-74559c88-xrsxh,luish-nitro-an515-57
289,2026-01-16 02:40:45,default,teastore-registry-676858f7cd-xq4f7,luish-aspire-a315-55g
289,2026-01-16 02:40:45,default,teastore-webui-558b54cc77-zklb7,luish-nitro-an515-57
290,2026-01-16 02:40:54,default,teastore-auth-84d7ccddd9-kkdbp,luish-aspire-a315-55g
290,2026-01-16 02:40:54,default,teastore-db-84f96b9dd8-xjqz5,luish-aspire-a315-55g
290,2026-01-16 02:40:54,default,teastore-image-79674648d-vqzr8,leo02
290,2026-01-16 02:40:54,default,teastore-persistence-784748b4b9-xgxtv,scorpius03
290,2026-01-16 02:40:54,default,teastore-recommender-74559c88-xrsxh,luish-nitro-an515-57
290,2026-01-16 02:40:54,default,teastore-registry-676858f7cd-xq4f7,luish-aspire-a315-55g
290,2026-01-16 02:40:54,default,teastore-webui-558b54cc77-zklb7,luish-nitro-an515-57
291,2026-01-16 02:41:02,default,teastore-auth-84d7ccddd9-znsnc,luish-nitro-an515-57
291,2026-01-16 02:41:02,default,teastore-db-84f96b9dd8-x5rfc,luish-nitro-an515-57
291,2026-01-16 02:41:02,default,teastore-image-79674648d-npdf4,scorpius03
291,2026-01-16 02:41:02,default,teastore-persistence-784748b4b9-xgxtv,scorpius03
291,2026-01-16 02:41:02,default,teastore-recommender-74559c88-vhllk,scorpius03
291,2026-01-16 02:41:02,default,teastore-registry-676858f7cd-jrjzt,luish-nitro-an515-57
291,2026-01-16 02:41:02,default,teastore-webui-558b54cc77-tlnkq,luish-aspire-a315-55g
292,2026-01-16 02:41:11,default,teastore-auth-84d7ccddd9-znsnc,luish-nitro-an515-57
292,2026-01-16 02:41:11,default,teastore-db-84f96b9dd8-x5rfc,luish-nitro-an515-57
292,2026-01-16 02:41:11,default,teastore-image-79674648d-npdf4,scorpius03
292,2026-01-16 02:41:11,default,teastore-persistence-784748b4b9-xgxtv,scorpius03
292,2026-01-16 02:41:11,default,teastore-recommender-74559c88-wvfn7,leo02
292,2026-01-16 02:41:11,default,teastore-registry-676858f7cd-jrjzt,luish-nitro-an515-57
292,2026-01-16 02:41:11,default,teastore-webui-558b54cc77-tlnkq,luish-aspire-a315-55g
293,2026-01-16 02:41:20,default,teastore-auth-84d7ccddd9-znsnc,luish-nitro-an515-57
293,2026-01-16 02:41:20,default,teastore-db-84f96b9dd8-z76l4,luish-aspire-a315-55g
293,2026-01-16 02:41:20,default,teastore-image-79674648d-npdf4,scorpius03
293,2026-01-16 02:41:20,default,teastore-persistence-784748b4b9-v9rw6,luish-nitro-an515-57
293,2026-01-16 02:41:20,default,teastore-recommender-74559c88-wvfn7,leo02
293,2026-01-16 02:41:20,default,teastore-registry-676858f7cd-xdkr7,scorpius03
293,2026-01-16 02:41:20,default,teastore-webui-558b54cc77-tlnkq,luish-aspire-a315-55g
294,2026-01-16 02:41:29,default,teastore-auth-84d7ccddd9-znsnc,luish-nitro-an515-57
294,2026-01-16 02:41:29,default,teastore-db-84f96b9dd8-z76l4,luish-aspire-a315-55g
294,2026-01-16 02:41:29,default,teastore-image-79674648d-npdf4,scorpius03
294,2026-01-16 02:41:29,default,teastore-persistence-784748b4b9-v9rw6,luish-nitro-an515-57
294,2026-01-16 02:41:29,default,teastore-recommender-74559c88-wvfn7,leo02
294,2026-01-16 02:41:29,default,teastore-registry-676858f7cd-xdkr7,scorpius03
294,2026-01-16 02:41:29,default,teastore-webui-558b54cc77-w2kb9,luish-aspire-a315-55g
295,2026-01-16 02:41:37,default,teastore-auth-84d7ccddd9-wdd9v,luish-aspire-a315-55g
295,2026-01-16 02:41:37,default,teastore-db-84f96b9dd8-z76l4,luish-aspire-a315-55g
295,2026-01-16 02:41:37,default,teastore-image-79674648d-xrkvf,luish-aspire-a315-55g
295,2026-01-16 02:41:37,default,teastore-persistence-784748b4b9-v9rw6,luish-nitro-an515-57
295,2026-01-16 02:41:37,default,teastore-recommender-74559c88-wvfn7,leo02
295,2026-01-16 02:41:37,default,teastore-registry-676858f7cd-xdkr7,scorpius03
295,2026-01-16 02:41:37,default,teastore-webui-558b54cc77-w2kb9,luish-aspire-a315-55g
296,2026-01-16 02:41:46,default,teastore-auth-84d7ccddd9-wdd9v,luish-aspire-a315-55g
296,2026-01-16 02:41:46,default,teastore-db-84f96b9dd8-z76l4,luish-aspire-a315-55g
296,2026-01-16 02:41:46,default,teastore-image-79674648d-xrkvf,luish-aspire-a315-55g
296,2026-01-16 02:41:46,default,teastore-persistence-784748b4b9-whvm9,scorpius03
296,2026-01-16 02:41:46,default,teastore-recommender-74559c88-sgnbr,leo02
296,2026-01-16 02:41:46,default,teastore-registry-676858f7cd-zmfjf,leo02
296,2026-01-16 02:41:46,default,teastore-webui-558b54cc77-w2kb9,luish-aspire-a315-55g
297,2026-01-16 02:41:55,default,teastore-auth-84d7ccddd9-wdd9v,luish-aspire-a315-55g
297,2026-01-16 02:41:55,default,teastore-db-84f96b9dd8-z76l4,luish-aspire-a315-55g
297,2026-01-16 02:41:55,default,teastore-image-79674648d-xrkvf,luish-aspire-a315-55g
297,2026-01-16 02:41:55,default,teastore-persistence-784748b4b9-whvm9,scorpius03
297,2026-01-16 02:41:55,default,teastore-recommender-74559c88-zcpzz,leo02
297,2026-01-16 02:41:55,default,teastore-registry-676858f7cd-zmfjf,leo02
297,2026-01-16 02:41:55,default,teastore-webui-558b54cc77-w2kb9,luish-aspire-a315-55g
298,2026-01-16 02:42:04,default,teastore-auth-84d7ccddd9-wdd9v,luish-aspire-a315-55g
298,2026-01-16 02:42:04,default,teastore-db-84f96b9dd8-tzt5k,luish-nitro-an515-57
298,2026-01-16 02:42:04,default,teastore-image-79674648d-xrkvf,luish-aspire-a315-55g
298,2026-01-16 02:42:04,default,teastore-persistence-784748b4b9-whvm9,scorpius03
298,2026-01-16 02:42:04,default,teastore-recommender-74559c88-zcpzz,leo02
298,2026-01-16 02:42:04,default,teastore-registry-676858f7cd-zmfjf,leo02
298,2026-01-16 02:42:04,default,teastore-webui-558b54cc77-w2kb9,luish-aspire-a315-55g
299,2026-01-16 02:42:12,default,teastore-auth-84d7ccddd9-g98mw,luish-aspire-a315-55g
299,2026-01-16 02:42:12,default,teastore-db-84f96b9dd8-tzt5k,luish-nitro-an515-57
299,2026-01-16 02:42:12,default,teastore-image-79674648d-xrkvf,luish-aspire-a315-55g
299,2026-01-16 02:42:12,default,teastore-persistence-784748b4b9-whvm9,scorpius03
299,2026-01-16 02:42:12,default,teastore-recommender-74559c88-zcpzz,leo02
299,2026-01-16 02:42:12,default,teastore-registry-676858f7cd-zmfjf,leo02
299,2026-01-16 02:42:12,default,teastore-webui-558b54cc77-w2kb9,luish-aspire-a315-55g
300,2026-01-16 02:42:21,default,teastore-auth-84d7ccddd9-mtb55,luish-nitro-an515-57
300,2026-01-16 02:42:21,default,teastore-db-84f96b9dd8-tzt5k,luish-nitro-an515-57
300,2026-01-16 02:42:21,default,teastore-image-79674648d-kt8dz,scorpius03
300,2026-01-16 02:42:21,default,teastore-persistence-784748b4b9-jmlr8,leo02
300,2026-01-16 02:42:21,default,teastore-recommender-74559c88-zcpzz,leo02
300,2026-01-16 02:42:21,default,teastore-registry-676858f7cd-r6mb4,luish-nitro-an515-57
300,2026-01-16 02:42:21,default,teastore-webui-558b54cc77-rrskj,luish-aspire-a315-55g
301,2026-01-16 02:42:30,default,teastore-auth-84d7ccddd9-xpqn2,luish-nitro-an515-57
301,2026-01-16 02:42:30,default,teastore-db-84f96b9dd8-tzt5k,luish-nitro-an515-57
301,2026-01-16 02:42:30,default,teastore-image-79674648d-kt8dz,scorpius03
301,2026-01-16 02:42:30,default,teastore-persistence-784748b4b9-rc8db,leo02
301,2026-01-16 02:42:30,default,teastore-recommender-74559c88-rjq2p,leo02
301,2026-01-16 02:42:30,default,teastore-registry-676858f7cd-w4kfb,luish-nitro-an515-57
301,2026-01-16 02:42:30,default,teastore-webui-558b54cc77-sbmds,leo02
302,2026-01-16 02:42:38,default,teastore-auth-84d7ccddd9-xpqn2,luish-nitro-an515-57
302,2026-01-16 02:42:38,default,teastore-db-84f96b9dd8-rq6fj,luish-nitro-an515-57
302,2026-01-16 02:42:38,default,teastore-image-79674648d-nnqsn,luish-aspire-a315-55g
302,2026-01-16 02:42:38,default,teastore-persistence-784748b4b9-rc8db,leo02
302,2026-01-16 02:42:38,default,teastore-recommender-74559c88-rjq2p,leo02
302,2026-01-16 02:42:38,default,teastore-registry-676858f7cd-w4kfb,luish-nitro-an515-57
302,2026-01-16 02:42:38,default,teastore-webui-558b54cc77-sbmds,leo02
303,2026-01-16 02:42:47,default,teastore-auth-84d7ccddd9-xpqn2,luish-nitro-an515-57
303,2026-01-16 02:42:47,default,teastore-db-84f96b9dd8-rq6fj,luish-nitro-an515-57
303,2026-01-16 02:42:47,default,teastore-image-79674648d-nnqsn,luish-aspire-a315-55g
303,2026-01-16 02:42:47,default,teastore-persistence-784748b4b9-rc8db,leo02
303,2026-01-16 02:42:47,default,teastore-recommender-74559c88-t5q79,luish-nitro-an515-57
303,2026-01-16 02:42:47,default,teastore-registry-676858f7cd-w4kfb,luish-nitro-an515-57
303,2026-01-16 02:42:47,default,teastore-webui-558b54cc77-sbmds,leo02
304,2026-01-16 02:42:56,default,teastore-auth-84d7ccddd9-xpqn2,luish-nitro-an515-57
304,2026-01-16 02:42:56,default,teastore-db-84f96b9dd8-ssn6s,scorpius03
304,2026-01-16 02:42:56,default,teastore-image-79674648d-nnqsn,luish-aspire-a315-55g
304,2026-01-16 02:42:56,default,teastore-persistence-784748b4b9-rc8db,leo02
304,2026-01-16 02:42:56,default,teastore-recommender-74559c88-x9b8h,luish-aspire-a315-55g
304,2026-01-16 02:42:56,default,teastore-registry-676858f7cd-w4kfb,luish-nitro-an515-57
304,2026-01-16 02:42:56,default,teastore-webui-558b54cc77-zmhxj,scorpius03
305,2026-01-16 02:43:04,default,teastore-auth-84d7ccddd9-wlkn4,leo02
305,2026-01-16 02:43:04,default,teastore-db-84f96b9dd8-ssn6s,scorpius03
305,2026-01-16 02:43:04,default,teastore-image-79674648d-t8npw,luish-aspire-a315-55g
305,2026-01-16 02:43:04,default,teastore-persistence-784748b4b9-rb798,luish-aspire-a315-55g
305,2026-01-16 02:43:04,default,teastore-recommender-74559c88-x9b8h,luish-aspire-a315-55g
305,2026-01-16 02:43:04,default,teastore-registry-676858f7cd-bhbcf,scorpius03
305,2026-01-16 02:43:04,default,teastore-webui-558b54cc77-zmhxj,scorpius03
306,2026-01-16 02:43:13,default,teastore-auth-84d7ccddd9-wlkn4,leo02
306,2026-01-16 02:43:13,default,teastore-db-84f96b9dd8-ztt46,luish-nitro-an515-57
306,2026-01-16 02:43:13,default,teastore-image-79674648d-t8npw,luish-aspire-a315-55g
306,2026-01-16 02:43:13,default,teastore-persistence-784748b4b9-v6q6f,leo02
306,2026-01-16 02:43:13,default,teastore-recommender-74559c88-x9b8h,luish-aspire-a315-55g
306,2026-01-16 02:43:13,default,teastore-registry-676858f7cd-tmhcn,scorpius03
306,2026-01-16 02:43:13,default,teastore-webui-558b54cc77-zmhxj,scorpius03
307,2026-01-16 02:43:22,default,teastore-auth-84d7ccddd9-vm4vx,luish-nitro-an515-57
307,2026-01-16 02:43:22,default,teastore-db-84f96b9dd8-ztt46,luish-nitro-an515-57
307,2026-01-16 02:43:22,default,teastore-image-79674648d-t8npw,luish-aspire-a315-55g
307,2026-01-16 02:43:22,default,teastore-persistence-784748b4b9-v6q6f,leo02
307,2026-01-16 02:43:22,default,teastore-recommender-74559c88-x9b8h,luish-aspire-a315-55g
307,2026-01-16 02:43:22,default,teastore-registry-676858f7cd-tmhcn,scorpius03
307,2026-01-16 02:43:22,default,teastore-webui-558b54cc77-zmhxj,scorpius03
308,2026-01-16 02:43:30,default,teastore-auth-84d7ccddd9-zhbcz,luish-nitro-an515-57
308,2026-01-16 02:43:30,default,teastore-db-84f96b9dd8-ztt46,luish-nitro-an515-57
308,2026-01-16 02:43:30,default,teastore-image-79674648d-t8npw,luish-aspire-a315-55g
308,2026-01-16 02:43:30,default,teastore-persistence-784748b4b9-v6q6f,leo02
308,2026-01-16 02:43:30,default,teastore-recommender-74559c88-x9b8h,luish-aspire-a315-55g
308,2026-01-16 02:43:30,default,teastore-registry-676858f7cd-tmhcn,scorpius03
308,2026-01-16 02:43:30,default,teastore-webui-558b54cc77-x59c7,leo02
309,2026-01-16 02:43:39,default,teastore-auth-84d7ccddd9-zp6pd,luish-aspire-a315-55g
309,2026-01-16 02:43:39,default,teastore-db-84f96b9dd8-ztt46,luish-nitro-an515-57
309,2026-01-16 02:43:39,default,teastore-image-79674648d-xbk7l,scorpius03
309,2026-01-16 02:43:39,default,teastore-persistence-784748b4b9-v6q6f,leo02
309,2026-01-16 02:43:39,default,teastore-recommender-74559c88-x9b8h,luish-aspire-a315-55g
309,2026-01-16 02:43:39,default,teastore-registry-676858f7cd-tmhcn,scorpius03
309,2026-01-16 02:43:39,default,teastore-webui-558b54cc77-x59c7,leo02
310,2026-01-16 02:43:48,default,teastore-auth-84d7ccddd9-zp6pd,luish-aspire-a315-55g
310,2026-01-16 02:43:48,default,teastore-db-84f96b9dd8-w7krx,scorpius03
310,2026-01-16 02:43:48,default,teastore-image-79674648d-xbk7l,scorpius03
310,2026-01-16 02:43:48,default,teastore-persistence-784748b4b9-lslpj,luish-aspire-a315-55g
310,2026-01-16 02:43:48,default,teastore-recommender-74559c88-rtc4h,luish-nitro-an515-57
310,2026-01-16 02:43:48,default,teastore-registry-676858f7cd-tmhcn,scorpius03
310,2026-01-16 02:43:48,default,teastore-webui-558b54cc77-rwzwv,luish-nitro-an515-57
311,2026-01-16 02:43:57,default,teastore-auth-84d7ccddd9-zp6pd,luish-aspire-a315-55g
311,2026-01-16 02:43:57,default,teastore-db-84f96b9dd8-w7krx,scorpius03
311,2026-01-16 02:43:57,default,teastore-image-79674648d-xbk7l,scorpius03
311,2026-01-16 02:43:57,default,teastore-persistence-784748b4b9-svbrd,luish-aspire-a315-55g
311,2026-01-16 02:43:57,default,teastore-recommender-74559c88-rtc4h,luish-nitro-an515-57
311,2026-01-16 02:43:57,default,teastore-registry-676858f7cd-tmhcn,scorpius03
311,2026-01-16 02:43:57,default,teastore-webui-558b54cc77-rwzwv,luish-nitro-an515-57
312,2026-01-16 02:44:06,default,teastore-auth-84d7ccddd9-zp6pd,luish-aspire-a315-55g
312,2026-01-16 02:44:06,default,teastore-db-84f96b9dd8-hq5g2,scorpius03
312,2026-01-16 02:44:06,default,teastore-image-79674648d-xbk7l,scorpius03
312,2026-01-16 02:44:06,default,teastore-persistence-784748b4b9-svbrd,luish-aspire-a315-55g
312,2026-01-16 02:44:06,default,teastore-recommender-74559c88-q6hvf,luish-nitro-an515-57
312,2026-01-16 02:44:06,default,teastore-registry-676858f7cd-qs7bg,luish-aspire-a315-55g
312,2026-01-16 02:44:06,default,teastore-webui-558b54cc77-rwzwv,luish-nitro-an515-57
313,2026-01-16 02:44:15,default,teastore-auth-84d7ccddd9-zp6pd,luish-aspire-a315-55g
313,2026-01-16 02:44:15,default,teastore-db-84f96b9dd8-rdgwv,luish-nitro-an515-57
313,2026-01-16 02:44:15,default,teastore-image-79674648d-xbk7l,scorpius03
313,2026-01-16 02:44:15,default,teastore-persistence-784748b4b9-xfbtl,luish-aspire-a315-55g
313,2026-01-16 02:44:15,default,teastore-recommender-74559c88-q6hvf,luish-nitro-an515-57
313,2026-01-16 02:44:15,default,teastore-registry-676858f7cd-tbsjp,scorpius03
313,2026-01-16 02:44:15,default,teastore-webui-558b54cc77-rwzwv,luish-nitro-an515-57
314,2026-01-16 02:44:24,default,teastore-auth-84d7ccddd9-zp6pd,luish-aspire-a315-55g
314,2026-01-16 02:44:24,default,teastore-db-84f96b9dd8-rdgwv,luish-nitro-an515-57
314,2026-01-16 02:44:24,default,teastore-image-79674648d-xbk7l,scorpius03
314,2026-01-16 02:44:24,default,teastore-persistence-784748b4b9-xfbtl,luish-aspire-a315-55g
314,2026-01-16 02:44:24,default,teastore-recommender-74559c88-s6wfz,luish-nitro-an515-57
314,2026-01-16 02:44:24,default,teastore-registry-676858f7cd-tbsjp,scorpius03
314,2026-01-16 02:44:24,default,teastore-webui-558b54cc77-pgpgs,leo02
315,2026-01-16 02:44:33,default,teastore-auth-84d7ccddd9-t6s7k,luish-aspire-a315-55g
315,2026-01-16 02:44:33,default,teastore-db-84f96b9dd8-rdgwv,luish-nitro-an515-57
315,2026-01-16 02:44:33,default,teastore-image-79674648d-llxll,luish-aspire-a315-55g
315,2026-01-16 02:44:33,default,teastore-persistence-784748b4b9-xfbtl,luish-aspire-a315-55g
315,2026-01-16 02:44:33,default,teastore-recommender-74559c88-s6wfz,luish-nitro-an515-57
315,2026-01-16 02:44:33,default,teastore-registry-676858f7cd-tbsjp,scorpius03
315,2026-01-16 02:44:33,default,teastore-webui-558b54cc77-pgpgs,leo02
316,2026-01-16 02:44:43,default,teastore-auth-84d7ccddd9-wmj96,leo02
316,2026-01-16 02:44:43,default,teastore-db-84f96b9dd8-m4wb8,luish-nitro-an515-57
316,2026-01-16 02:44:43,default,teastore-image-79674648d-llxll,luish-aspire-a315-55g
316,2026-01-16 02:44:43,default,teastore-persistence-784748b4b9-xfbtl,luish-aspire-a315-55g
316,2026-01-16 02:44:43,default,teastore-recommender-74559c88-s6wfz,luish-nitro-an515-57
316,2026-01-16 02:44:43,default,teastore-registry-676858f7cd-rdmx8,leo02
316,2026-01-16 02:44:43,default,teastore-webui-558b54cc77-pgpgs,leo02
317,2026-01-16 02:45:11,default,teastore-auth-84d7ccddd9-wmj96,leo02
317,2026-01-16 02:45:11,default,teastore-db-84f96b9dd8-dn2wg,leo02
317,2026-01-16 02:45:11,default,teastore-image-79674648d-llxll,luish-aspire-a315-55g
317,2026-01-16 02:45:11,default,teastore-persistence-784748b4b9-w2ld7,scorpius03
317,2026-01-16 02:45:11,default,teastore-recommender-74559c88-55cwx,luish-aspire-a315-55g
317,2026-01-16 02:45:11,default,teastore-registry-676858f7cd-rdmx8,leo02
317,2026-01-16 02:45:11,default,teastore-webui-558b54cc77-r7zt8,luish-nitro-an515-57
318,2026-01-16 02:45:40,default,teastore-auth-84d7ccddd9-k7dqd,leo02
318,2026-01-16 02:45:40,default,teastore-db-84f96b9dd8-xmw7q,leo02
318,2026-01-16 02:45:40,default,teastore-image-79674648d-6fkxf,luish-aspire-a315-55g
318,2026-01-16 02:45:40,default,teastore-persistence-784748b4b9-n8v9l,luish-aspire-a315-55g
318,2026-01-16 02:45:40,default,teastore-recommender-74559c88-9nsqc,scorpius03
318,2026-01-16 02:45:40,default,teastore-registry-676858f7cd-k29w4,leo02
318,2026-01-16 02:45:40,default,teastore-webui-558b54cc77-r7zt8,luish-nitro-an515-57
319,2026-01-16 02:46:09,default,teastore-auth-84d7ccddd9-k7dqd,leo02
319,2026-01-16 02:46:09,default,teastore-db-84f96b9dd8-xmw7q,leo02
319,2026-01-16 02:46:09,default,teastore-image-79674648d-ps4kc,luish-nitro-an515-57
319,2026-01-16 02:46:09,default,teastore-persistence-784748b4b9-n8v9l,luish-aspire-a315-55g
319,2026-01-16 02:46:09,default,teastore-recommender-74559c88-rdpt6,scorpius03
319,2026-01-16 02:46:09,default,teastore-registry-676858f7cd-pmqjc,scorpius03
319,2026-01-16 02:46:09,default,teastore-webui-558b54cc77-r7zt8,luish-nitro-an515-57
320,2026-01-16 02:46:22,default,teastore-auth-84d7ccddd9-s6krg,luish-nitro-an515-57
320,2026-01-16 02:46:22,default,teastore-db-84f96b9dd8-fjl84,scorpius03
320,2026-01-16 02:46:22,default,teastore-image-79674648d-ps4kc,luish-nitro-an515-57
320,2026-01-16 02:46:22,default,teastore-persistence-784748b4b9-n8v9l,luish-aspire-a315-55g
320,2026-01-16 02:46:22,default,teastore-recommender-74559c88-rdpt6,scorpius03
320,2026-01-16 02:46:22,default,teastore-registry-676858f7cd-pmqjc,scorpius03
320,2026-01-16 02:46:22,default,teastore-webui-558b54cc77-tkdq7,leo02
321,2026-01-16 02:46:41,default,teastore-auth-84d7ccddd9-s6krg,luish-nitro-an515-57
321,2026-01-16 02:46:41,default,teastore-db-84f96b9dd8-p88nh,leo02
321,2026-01-16 02:46:41,default,teastore-image-79674648d-tzcsc,scorpius03
321,2026-01-16 02:46:41,default,teastore-persistence-784748b4b9-k2fq4,luish-aspire-a315-55g
321,2026-01-16 02:46:41,default,teastore-recommender-74559c88-kg2nk,luish-aspire-a315-55g
321,2026-01-16 02:46:41,default,teastore-registry-676858f7cd-nr5qq,luish-nitro-an515-57
321,2026-01-16 02:46:41,default,teastore-webui-558b54cc77-tkdq7,leo02
322,2026-01-16 02:47:00,default,teastore-auth-84d7ccddd9-s6krg,luish-nitro-an515-57
322,2026-01-16 02:47:00,default,teastore-db-84f96b9dd8-wwtjj,scorpius03
322,2026-01-16 02:47:00,default,teastore-image-79674648d-tzcsc,scorpius03
322,2026-01-16 02:47:00,default,teastore-persistence-784748b4b9-9gsxq,luish-nitro-an515-57
322,2026-01-16 02:47:00,default,teastore-recommender-74559c88-9cdv9,leo02
322,2026-01-16 02:47:00,default,teastore-registry-676858f7cd-5vbkz,leo02
322,2026-01-16 02:47:00,default,teastore-webui-558b54cc77-7f8l9,luish-aspire-a315-55g
323,2026-01-16 02:47:28,default,teastore-auth-84d7ccddd9-kzp5q,scorpius03
323,2026-01-16 02:47:28,default,teastore-db-84f96b9dd8-wwtjj,scorpius03
323,2026-01-16 02:47:28,default,teastore-image-79674648d-sg2g5,scorpius03
323,2026-01-16 02:47:28,default,teastore-persistence-784748b4b9-95nvd,luish-aspire-a315-55g
323,2026-01-16 02:47:28,default,teastore-recommender-74559c88-htdtf,luish-aspire-a315-55g
323,2026-01-16 02:47:28,default,teastore-registry-676858f7cd-p9kkz,luish-aspire-a315-55g
323,2026-01-16 02:47:28,default,teastore-webui-558b54cc77-ksg2h,scorpius03
324,2026-01-16 02:47:57,default,teastore-auth-84d7ccddd9-frnl8,leo02
324,2026-01-16 02:47:57,default,teastore-db-84f96b9dd8-xrvxl,leo02
324,2026-01-16 02:47:57,default,teastore-image-79674648d-6lfvb,luish-nitro-an515-57
324,2026-01-16 02:47:57,default,teastore-persistence-784748b4b9-h5t5q,scorpius03
324,2026-01-16 02:47:57,default,teastore-recommender-74559c88-htdtf,luish-aspire-a315-55g
324,2026-01-16 02:47:57,default,teastore-registry-676858f7cd-p9kkz,luish-aspire-a315-55g
324,2026-01-16 02:47:57,default,teastore-webui-558b54cc77-ksg2h,scorpius03
325,2026-01-16 02:48:26,default,teastore-auth-84d7ccddd9-9kbtj,leo02
325,2026-01-16 02:48:26,default,teastore-db-84f96b9dd8-vnskm,leo02
325,2026-01-16 02:48:26,default,teastore-image-79674648d-6hc5z,luish-nitro-an515-57
325,2026-01-16 02:48:26,default,teastore-persistence-784748b4b9-h5t5q,scorpius03
325,2026-01-16 02:48:26,default,teastore-recommender-74559c88-htdtf,luish-aspire-a315-55g
325,2026-01-16 02:48:26,default,teastore-registry-676858f7cd-dfb5c,luish-aspire-a315-55g
325,2026-01-16 02:48:26,default,teastore-webui-558b54cc77-bltzm,luish-aspire-a315-55g
326,2026-01-16 02:48:49,default,teastore-auth-84d7ccddd9-6c4zn,luish-aspire-a315-55g
326,2026-01-16 02:48:49,default,teastore-db-84f96b9dd8-vnskm,leo02
326,2026-01-16 02:48:49,default,teastore-image-79674648d-d9ww5,luish-nitro-an515-57
326,2026-01-16 02:48:49,default,teastore-persistence-784748b4b9-zkt6l,scorpius03
326,2026-01-16 02:48:49,default,teastore-recommender-74559c88-kbqvs,leo02
326,2026-01-16 02:48:49,default,teastore-registry-676858f7cd-dfb5c,luish-aspire-a315-55g
326,2026-01-16 02:48:49,default,teastore-webui-558b54cc77-ntl2k,luish-aspire-a315-55g
327,2026-01-16 02:49:08,default,teastore-auth-84d7ccddd9-f5gn5,luish-nitro-an515-57
327,2026-01-16 02:49:08,default,teastore-db-84f96b9dd8-vxqmv,scorpius03
327,2026-01-16 02:49:08,default,teastore-image-79674648d-nsvc9,luish-aspire-a315-55g
327,2026-01-16 02:49:08,default,teastore-persistence-784748b4b9-zkt6l,scorpius03
327,2026-01-16 02:49:08,default,teastore-recommender-74559c88-kbqvs,leo02
327,2026-01-16 02:49:08,default,teastore-registry-676858f7cd-dfb5c,luish-aspire-a315-55g
327,2026-01-16 02:49:08,default,teastore-webui-558b54cc77-rjz26,luish-nitro-an515-57
328,2026-01-16 02:49:27,default,teastore-auth-84d7ccddd9-x4tp4,leo02
328,2026-01-16 02:49:27,default,teastore-db-84f96b9dd8-vxqmv,scorpius03
328,2026-01-16 02:49:27,default,teastore-image-79674648d-nsvc9,luish-aspire-a315-55g
328,2026-01-16 02:49:27,default,teastore-persistence-784748b4b9-p6nnk,leo02
328,2026-01-16 02:49:27,default,teastore-recommender-74559c88-k5466,luish-aspire-a315-55g
328,2026-01-16 02:49:27,default,teastore-registry-676858f7cd-p5q69,luish-aspire-a315-55g
328,2026-01-16 02:49:27,default,teastore-webui-558b54cc77-rjz26,luish-nitro-an515-57
329,2026-01-16 02:49:56,default,teastore-auth-84d7ccddd9-x4tp4,leo02
329,2026-01-16 02:49:56,default,teastore-db-84f96b9dd8-wdlh8,scorpius03
329,2026-01-16 02:49:56,default,teastore-image-79674648d-qrs69,luish-aspire-a315-55g
329,2026-01-16 02:49:56,default,teastore-persistence-784748b4b9-p6nnk,leo02
329,2026-01-16 02:49:56,default,teastore-recommender-74559c88-k5466,luish-aspire-a315-55g
329,2026-01-16 02:49:56,default,teastore-registry-676858f7cd-p5q69,luish-aspire-a315-55g
329,2026-01-16 02:49:56,default,teastore-webui-558b54cc77-rjz26,luish-nitro-an515-57
330,2026-01-16 02:50:14,default,teastore-auth-84d7ccddd9-h6z4f,leo02
330,2026-01-16 02:50:14,default,teastore-db-84f96b9dd8-wdlh8,scorpius03
330,2026-01-16 02:50:14,default,teastore-image-79674648d-qrs69,luish-aspire-a315-55g
330,2026-01-16 02:50:14,default,teastore-persistence-784748b4b9-wq5fd,luish-aspire-a315-55g
330,2026-01-16 02:50:14,default,teastore-recommender-74559c88-9hnmg,scorpius03
330,2026-01-16 02:50:14,default,teastore-registry-676858f7cd-klh67,scorpius03
330,2026-01-16 02:50:14,default,teastore-webui-558b54cc77-h5rrn,leo02
331,2026-01-16 02:50:43,default,teastore-auth-84d7ccddd9-w465s,scorpius03
331,2026-01-16 02:50:43,default,teastore-db-84f96b9dd8-sfng2,luish-aspire-a315-55g
331,2026-01-16 02:50:43,default,teastore-image-79674648d-v2pmr,luish-nitro-an515-57
331,2026-01-16 02:50:43,default,teastore-persistence-784748b4b9-wq5fd,luish-aspire-a315-55g
331,2026-01-16 02:50:43,default,teastore-recommender-74559c88-vnbkh,leo02
331,2026-01-16 02:50:43,default,teastore-registry-676858f7cd-vvjtb,leo02
331,2026-01-16 02:50:43,default,teastore-webui-558b54cc77-h5rrn,leo02
332,2026-01-16 02:51:18,default,teastore-auth-84d7ccddd9-w465s,scorpius03
332,2026-01-16 02:51:18,default,teastore-db-84f96b9dd8-nfxvd,scorpius03
332,2026-01-16 02:51:18,default,teastore-image-79674648d-x2pqc,leo02
332,2026-01-16 02:51:18,default,teastore-persistence-784748b4b9-g2988,luish-nitro-an515-57
332,2026-01-16 02:51:18,default,teastore-recommender-74559c88-vnbkh,leo02
332,2026-01-16 02:51:18,default,teastore-registry-676858f7cd-vvjtb,leo02
332,2026-01-16 02:51:18,default,teastore-webui-558b54cc77-mjhxr,leo02
333,2026-01-16 02:51:37,default,teastore-auth-84d7ccddd9-x5t89,luish-nitro-an515-57
333,2026-01-16 02:51:37,default,teastore-db-84f96b9dd8-hkjjv,luish-aspire-a315-55g
333,2026-01-16 02:51:37,default,teastore-image-79674648d-x2pqc,leo02
333,2026-01-16 02:51:37,default,teastore-persistence-784748b4b9-wjrgg,luish-nitro-an515-57
333,2026-01-16 02:51:37,default,teastore-recommender-74559c88-gtcf7,scorpius03
333,2026-01-16 02:51:37,default,teastore-registry-676858f7cd-rg4tc,luish-aspire-a315-55g
333,2026-01-16 02:51:37,default,teastore-webui-558b54cc77-ppvqt,leo02
334,2026-01-16 02:51:51,default,teastore-auth-84d7ccddd9-x5t89,luish-nitro-an515-57
334,2026-01-16 02:51:51,default,teastore-db-84f96b9dd8-hkjjv,luish-aspire-a315-55g
334,2026-01-16 02:51:51,default,teastore-image-79674648d-x2pqc,leo02
334,2026-01-16 02:51:51,default,teastore-persistence-784748b4b9-wjrgg,luish-nitro-an515-57
334,2026-01-16 02:51:51,default,teastore-recommender-74559c88-hgs55,leo02
334,2026-01-16 02:51:51,default,teastore-registry-676858f7cd-rg4tc,luish-aspire-a315-55g
334,2026-01-16 02:51:51,default,teastore-webui-558b54cc77-vpdsv,luish-nitro-an515-57
335,2026-01-16 02:51:59,default,teastore-auth-84d7ccddd9-x5t89,luish-nitro-an515-57
335,2026-01-16 02:51:59,default,teastore-db-84f96b9dd8-n96kl,luish-nitro-an515-57
335,2026-01-16 02:51:59,default,teastore-image-79674648d-x2pqc,leo02
335,2026-01-16 02:51:59,default,teastore-persistence-784748b4b9-wjrgg,luish-nitro-an515-57
335,2026-01-16 02:51:59,default,teastore-recommender-74559c88-hgs55,leo02
335,2026-01-16 02:51:59,default,teastore-registry-676858f7cd-rg4tc,luish-aspire-a315-55g
335,2026-01-16 02:51:59,default,teastore-webui-558b54cc77-vpdsv,luish-nitro-an515-57
336,2026-01-16 02:52:08,default,teastore-auth-84d7ccddd9-z2kgw,leo02
336,2026-01-16 02:52:08,default,teastore-db-84f96b9dd8-n96kl,luish-nitro-an515-57
336,2026-01-16 02:52:08,default,teastore-image-79674648d-jbmxb,luish-aspire-a315-55g
336,2026-01-16 02:52:08,default,teastore-persistence-784748b4b9-wjrgg,luish-nitro-an515-57
336,2026-01-16 02:52:08,default,teastore-recommender-74559c88-wnbrr,luish-nitro-an515-57
336,2026-01-16 02:52:08,default,teastore-registry-676858f7cd-nj7qk,leo02
336,2026-01-16 02:52:08,default,teastore-webui-558b54cc77-vpdsv,luish-nitro-an515-57
337,2026-01-16 02:52:21,default,teastore-auth-84d7ccddd9-z2kgw,leo02
337,2026-01-16 02:52:21,default,teastore-db-84f96b9dd8-n96kl,luish-nitro-an515-57
337,2026-01-16 02:52:21,default,teastore-image-79674648d-jbmxb,luish-aspire-a315-55g
337,2026-01-16 02:52:21,default,teastore-persistence-784748b4b9-pr6jn,leo02
337,2026-01-16 02:52:21,default,teastore-recommender-74559c88-wnbrr,luish-nitro-an515-57
337,2026-01-16 02:52:21,default,teastore-registry-676858f7cd-nj7qk,leo02
337,2026-01-16 02:52:21,default,teastore-webui-558b54cc77-vpdsv,luish-nitro-an515-57
338,2026-01-16 02:52:30,default,teastore-auth-84d7ccddd9-z2kgw,leo02
338,2026-01-16 02:52:30,default,teastore-db-84f96b9dd8-tgvs8,scorpius03
338,2026-01-16 02:52:30,default,teastore-image-79674648d-jbmxb,luish-aspire-a315-55g
338,2026-01-16 02:52:30,default,teastore-persistence-784748b4b9-l8fc2,luish-aspire-a315-55g
338,2026-01-16 02:52:30,default,teastore-recommender-74559c88-wnbrr,luish-nitro-an515-57
338,2026-01-16 02:52:30,default,teastore-registry-676858f7cd-zhwgq,luish-aspire-a315-55g
338,2026-01-16 02:52:30,default,teastore-webui-558b54cc77-r6b7k,scorpius03
339,2026-01-16 02:52:54,default,teastore-auth-84d7ccddd9-rh5cz,luish-nitro-an515-57
339,2026-01-16 02:52:54,default,teastore-db-84f96b9dd8-tgvs8,scorpius03
339,2026-01-16 02:52:54,default,teastore-image-79674648d-qgs6m,luish-aspire-a315-55g
339,2026-01-16 02:52:54,default,teastore-persistence-784748b4b9-l8fc2,luish-aspire-a315-55g
339,2026-01-16 02:52:54,default,teastore-recommender-74559c88-v5gpg,luish-aspire-a315-55g
339,2026-01-16 02:52:54,default,teastore-registry-676858f7cd-zhwgq,luish-aspire-a315-55g
339,2026-01-16 02:52:54,default,teastore-webui-558b54cc77-rjdvx,luish-nitro-an515-57
340,2026-01-16 02:53:13,default,teastore-auth-84d7ccddd9-rh5cz,luish-nitro-an515-57
340,2026-01-16 02:53:13,default,teastore-db-84f96b9dd8-gt5cw,scorpius03
340,2026-01-16 02:53:13,default,teastore-image-79674648d-qgs6m,luish-aspire-a315-55g
340,2026-01-16 02:53:13,default,teastore-persistence-784748b4b9-kc9qf,luish-aspire-a315-55g
340,2026-01-16 02:53:13,default,teastore-recommender-74559c88-m8tjb,luish-aspire-a315-55g
340,2026-01-16 02:53:13,default,teastore-registry-676858f7cd-ht7z2,leo02
340,2026-01-16 02:53:13,default,teastore-webui-558b54cc77-rjdvx,luish-nitro-an515-57
341,2026-01-16 02:53:36,default,teastore-auth-84d7ccddd9-s8krm,luish-aspire-a315-55g
341,2026-01-16 02:53:36,default,teastore-db-84f96b9dd8-gt5cw,scorpius03
341,2026-01-16 02:53:36,default,teastore-image-79674648d-hr6vc,leo02
341,2026-01-16 02:53:36,default,teastore-persistence-784748b4b9-khhkn,leo02
341,2026-01-16 02:53:36,default,teastore-recommender-74559c88-m8tjb,luish-aspire-a315-55g
341,2026-01-16 02:53:36,default,teastore-registry-676858f7cd-t5pnd,luish-aspire-a315-55g
341,2026-01-16 02:53:36,default,teastore-webui-558b54cc77-rjdvx,luish-nitro-an515-57
342,2026-01-16 02:53:55,default,teastore-auth-84d7ccddd9-s8krm,luish-aspire-a315-55g
342,2026-01-16 02:53:55,default,teastore-db-84f96b9dd8-qssv7,luish-nitro-an515-57
342,2026-01-16 02:53:55,default,teastore-image-79674648d-hr6vc,leo02
342,2026-01-16 02:53:55,default,teastore-persistence-784748b4b9-khhkn,leo02
342,2026-01-16 02:53:55,default,teastore-recommender-74559c88-m8tjb,luish-aspire-a315-55g
342,2026-01-16 02:53:55,default,teastore-registry-676858f7cd-t5pnd,luish-aspire-a315-55g
342,2026-01-16 02:53:55,default,teastore-webui-558b54cc77-gprvh,luish-aspire-a315-55g
343,2026-01-16 02:54:08,default,teastore-auth-84d7ccddd9-s8krm,luish-aspire-a315-55g
343,2026-01-16 02:54:08,default,teastore-db-84f96b9dd8-qssv7,luish-nitro-an515-57
343,2026-01-16 02:54:08,default,teastore-image-79674648d-tjc86,luish-aspire-a315-55g
343,2026-01-16 02:54:08,default,teastore-persistence-784748b4b9-p55ds,luish-aspire-a315-55g
343,2026-01-16 02:54:08,default,teastore-recommender-74559c88-rdq5x,scorpius03
343,2026-01-16 02:54:08,default,teastore-registry-676858f7cd-t5pnd,luish-aspire-a315-55g
343,2026-01-16 02:54:08,default,teastore-webui-558b54cc77-gprvh,luish-aspire-a315-55g
344,2026-01-16 02:54:27,default,teastore-auth-84d7ccddd9-x449s,luish-aspire-a315-55g
344,2026-01-16 02:54:27,default,teastore-db-84f96b9dd8-qssv7,luish-nitro-an515-57
344,2026-01-16 02:54:27,default,teastore-image-79674648d-tjc86,luish-aspire-a315-55g
344,2026-01-16 02:54:27,default,teastore-persistence-784748b4b9-p55ds,luish-aspire-a315-55g
344,2026-01-16 02:54:27,default,teastore-recommender-74559c88-rdq5x,scorpius03
344,2026-01-16 02:54:27,default,teastore-registry-676858f7cd-rxjqf,scorpius03
344,2026-01-16 02:54:27,default,teastore-webui-558b54cc77-xrcvf,luish-aspire-a315-55g
345,2026-01-16 02:54:41,default,teastore-auth-84d7ccddd9-x449s,luish-aspire-a315-55g
345,2026-01-16 02:54:41,default,teastore-db-84f96b9dd8-pbb4g,luish-aspire-a315-55g
345,2026-01-16 02:54:41,default,teastore-image-79674648d-tjc86,luish-aspire-a315-55g
345,2026-01-16 02:54:41,default,teastore-persistence-784748b4b9-p55ds,luish-aspire-a315-55g
345,2026-01-16 02:54:41,default,teastore-recommender-74559c88-rdq5x,scorpius03
345,2026-01-16 02:54:41,default,teastore-registry-676858f7cd-rxjqf,scorpius03
345,2026-01-16 02:54:41,default,teastore-webui-558b54cc77-xrcvf,luish-aspire-a315-55g
346,2026-01-16 02:54:49,default,teastore-auth-84d7ccddd9-x449s,luish-aspire-a315-55g
346,2026-01-16 02:54:49,default,teastore-db-84f96b9dd8-pbb4g,luish-aspire-a315-55g
346,2026-01-16 02:54:49,default,teastore-image-79674648d-tjc86,luish-aspire-a315-55g
346,2026-01-16 02:54:49,default,teastore-persistence-784748b4b9-p55ds,luish-aspire-a315-55g
346,2026-01-16 02:54:49,default,teastore-recommender-74559c88-rdq5x,scorpius03
346,2026-01-16 02:54:49,default,teastore-registry-676858f7cd-rxjqf,scorpius03
346,2026-01-16 02:54:49,default,teastore-webui-558b54cc77-xrcvf,luish-aspire-a315-55g
347,2026-01-16 02:54:58,default,teastore-auth-84d7ccddd9-x449s,luish-aspire-a315-55g
347,2026-01-16 02:54:58,default,teastore-db-84f96b9dd8-pbb4g,luish-aspire-a315-55g
347,2026-01-16 02:54:58,default,teastore-image-79674648d-t2nzg,scorpius03
347,2026-01-16 02:54:58,default,teastore-persistence-784748b4b9-n27r9,luish-aspire-a315-55g
347,2026-01-16 02:54:58,default,teastore-recommender-74559c88-mb6fz,scorpius03
347,2026-01-16 02:54:58,default,teastore-registry-676858f7cd-lmc5j,luish-aspire-a315-55g
347,2026-01-16 02:54:58,default,teastore-webui-558b54cc77-xrcvf,luish-aspire-a315-55g
348,2026-01-16 02:55:07,default,teastore-auth-84d7ccddd9-x449s,luish-aspire-a315-55g
348,2026-01-16 02:55:07,default,teastore-db-84f96b9dd8-lnqkz,leo02
348,2026-01-16 02:55:07,default,teastore-image-79674648d-t2nzg,scorpius03
348,2026-01-16 02:55:07,default,teastore-persistence-784748b4b9-grk6g,luish-nitro-an515-57
348,2026-01-16 02:55:07,default,teastore-recommender-74559c88-jzg64,luish-nitro-an515-57
348,2026-01-16 02:55:07,default,teastore-registry-676858f7cd-xkq55,luish-aspire-a315-55g
348,2026-01-16 02:55:07,default,teastore-webui-558b54cc77-xrcvf,luish-aspire-a315-55g
349,2026-01-16 02:55:16,default,teastore-auth-84d7ccddd9-qfclw,leo02
349,2026-01-16 02:55:16,default,teastore-db-84f96b9dd8-x7xts,leo02
349,2026-01-16 02:55:16,default,teastore-image-79674648d-t2nzg,scorpius03
349,2026-01-16 02:55:16,default,teastore-persistence-784748b4b9-vwbmd,luish-aspire-a315-55g
349,2026-01-16 02:55:16,default,teastore-recommender-74559c88-xwr6l,luish-aspire-a315-55g
349,2026-01-16 02:55:16,default,teastore-registry-676858f7cd-xkq55,luish-aspire-a315-55g
349,2026-01-16 02:55:16,default,teastore-webui-558b54cc77-szwbk,scorpius03
350,2026-01-16 02:55:24,default,teastore-auth-84d7ccddd9-qfclw,leo02
350,2026-01-16 02:55:24,default,teastore-db-84f96b9dd8-x7xts,leo02
350,2026-01-16 02:55:24,default,teastore-image-79674648d-t2nzg,scorpius03
350,2026-01-16 02:55:24,default,teastore-persistence-784748b4b9-vwbmd,luish-aspire-a315-55g
350,2026-01-16 02:55:24,default,teastore-recommender-74559c88-xwr6l,luish-aspire-a315-55g
350,2026-01-16 02:55:24,default,teastore-registry-676858f7cd-xkq55,luish-aspire-a315-55g
350,2026-01-16 02:55:24,default,teastore-webui-558b54cc77-szwbk,scorpius03
351,2026-01-16 02:55:33,default,teastore-auth-84d7ccddd9-pft7b,luish-nitro-an515-57
351,2026-01-16 02:55:33,default,teastore-db-84f96b9dd8-x7xts,leo02
351,2026-01-16 02:55:33,default,teastore-image-79674648d-nvt4d,luish-aspire-a315-55g
351,2026-01-16 02:55:33,default,teastore-persistence-784748b4b9-vwbmd,luish-aspire-a315-55g
351,2026-01-16 02:55:33,default,teastore-recommender-74559c88-xwr6l,luish-aspire-a315-55g
351,2026-01-16 02:55:33,default,teastore-registry-676858f7cd-xkq55,luish-aspire-a315-55g
351,2026-01-16 02:55:33,default,teastore-webui-558b54cc77-szwbk,scorpius03
352,2026-01-16 02:55:42,default,teastore-auth-84d7ccddd9-pft7b,luish-nitro-an515-57
352,2026-01-16 02:55:42,default,teastore-db-84f96b9dd8-xtfnc,scorpius03
352,2026-01-16 02:55:42,default,teastore-image-79674648d-qqrst,scorpius03
352,2026-01-16 02:55:42,default,teastore-persistence-784748b4b9-zfr2x,luish-aspire-a315-55g
352,2026-01-16 02:55:42,default,teastore-recommender-74559c88-xwr6l,luish-aspire-a315-55g
352,2026-01-16 02:55:42,default,teastore-registry-676858f7cd-xkq55,luish-aspire-a315-55g
352,2026-01-16 02:55:42,default,teastore-webui-558b54cc77-szwbk,scorpius03
353,2026-01-16 02:55:50,default,teastore-auth-84d7ccddd9-pft7b,luish-nitro-an515-57
353,2026-01-16 02:55:50,default,teastore-db-84f96b9dd8-xtfnc,scorpius03
353,2026-01-16 02:55:50,default,teastore-image-79674648d-qqrst,scorpius03
353,2026-01-16 02:55:50,default,teastore-persistence-784748b4b9-zfr2x,luish-aspire-a315-55g
353,2026-01-16 02:55:50,default,teastore-recommender-74559c88-xwr6l,luish-aspire-a315-55g
353,2026-01-16 02:55:50,default,teastore-registry-676858f7cd-srfl8,leo02
353,2026-01-16 02:55:50,default,teastore-webui-558b54cc77-h6mhk,luish-nitro-an515-57
354,2026-01-16 02:55:59,default,teastore-auth-84d7ccddd9-pft7b,luish-nitro-an515-57
354,2026-01-16 02:55:59,default,teastore-db-84f96b9dd8-z472m,leo02
354,2026-01-16 02:55:59,default,teastore-image-79674648d-qqrst,scorpius03
354,2026-01-16 02:55:59,default,teastore-persistence-784748b4b9-zfr2x,luish-aspire-a315-55g
354,2026-01-16 02:55:59,default,teastore-recommender-74559c88-snqmf,scorpius03
354,2026-01-16 02:55:59,default,teastore-registry-676858f7cd-srfl8,leo02
354,2026-01-16 02:55:59,default,teastore-webui-558b54cc77-qd4ff,leo02
355,2026-01-16 02:56:08,default,teastore-auth-84d7ccddd9-rnh7k,luish-aspire-a315-55g
355,2026-01-16 02:56:08,default,teastore-db-84f96b9dd8-z472m,leo02
355,2026-01-16 02:56:08,default,teastore-image-79674648d-qqrst,scorpius03
355,2026-01-16 02:56:08,default,teastore-persistence-784748b4b9-zfr2x,luish-aspire-a315-55g
355,2026-01-16 02:56:08,default,teastore-recommender-74559c88-snqmf,scorpius03
355,2026-01-16 02:56:08,default,teastore-registry-676858f7cd-srfl8,leo02
355,2026-01-16 02:56:08,default,teastore-webui-558b54cc77-qd4ff,leo02
356,2026-01-16 02:56:16,default,teastore-auth-84d7ccddd9-rnh7k,luish-aspire-a315-55g
356,2026-01-16 02:56:16,default,teastore-db-84f96b9dd8-z472m,leo02
356,2026-01-16 02:56:16,default,teastore-image-79674648d-nvt4d,luish-aspire-a315-55g
356,2026-01-16 02:56:16,default,teastore-persistence-784748b4b9-zfr2x,luish-aspire-a315-55g
356,2026-01-16 02:56:16,default,teastore-recommender-74559c88-snqmf,scorpius03
356,2026-01-16 02:56:16,default,teastore-registry-676858f7cd-pjqbq,luish-nitro-an515-57
356,2026-01-16 02:56:16,default,teastore-webui-558b54cc77-qd4ff,leo02
357,2026-01-16 02:56:25,default,teastore-auth-84d7ccddd9-xtvs5,luish-nitro-an515-57
357,2026-01-16 02:56:25,default,teastore-db-84f96b9dd8-z472m,leo02
357,2026-01-16 02:56:25,default,teastore-image-79674648d-s4jp6,luish-nitro-an515-57
357,2026-01-16 02:56:25,default,teastore-persistence-784748b4b9-zg7nn,scorpius03
357,2026-01-16 02:56:25,default,teastore-recommender-74559c88-snqmf,scorpius03
357,2026-01-16 02:56:25,default,teastore-registry-676858f7cd-sjzb8,scorpius03
357,2026-01-16 02:56:25,default,teastore-webui-558b54cc77-qd4ff,leo02
358,2026-01-16 02:56:34,default,teastore-auth-84d7ccddd9-xtvs5,luish-nitro-an515-57
358,2026-01-16 02:56:34,default,teastore-db-84f96b9dd8-tk8zz,leo02
358,2026-01-16 02:56:34,default,teastore-image-79674648d-s4jp6,luish-nitro-an515-57
358,2026-01-16 02:56:34,default,teastore-persistence-784748b4b9-zg7nn,scorpius03
358,2026-01-16 02:56:34,default,teastore-recommender-74559c88-pxvj6,luish-nitro-an515-57
358,2026-01-16 02:56:34,default,teastore-registry-676858f7cd-sjzb8,scorpius03
358,2026-01-16 02:56:34,default,teastore-webui-558b54cc77-kwddv,scorpius03
359,2026-01-16 02:56:47,default,teastore-auth-84d7ccddd9-xtvs5,luish-nitro-an515-57
359,2026-01-16 02:56:47,default,teastore-db-84f96b9dd8-sb8pm,leo02
359,2026-01-16 02:56:47,default,teastore-image-79674648d-s4jp6,luish-nitro-an515-57
359,2026-01-16 02:56:47,default,teastore-persistence-784748b4b9-zg7nn,scorpius03
359,2026-01-16 02:56:47,default,teastore-recommender-74559c88-pxvj6,luish-nitro-an515-57
359,2026-01-16 02:56:47,default,teastore-registry-676858f7cd-sjzb8,scorpius03
359,2026-01-16 02:56:47,default,teastore-webui-558b54cc77-rh989,leo02
360,2026-01-16 02:57:01,default,teastore-auth-84d7ccddd9-vp48b,leo02
360,2026-01-16 02:57:01,default,teastore-db-84f96b9dd8-sb8pm,leo02
360,2026-01-16 02:57:01,default,teastore-image-79674648d-k5mn4,luish-aspire-a315-55g
360,2026-01-16 02:57:01,default,teastore-persistence-784748b4b9-tpgr9,leo02
360,2026-01-16 02:57:01,default,teastore-recommender-74559c88-vh4gs,scorpius03
360,2026-01-16 02:57:01,default,teastore-registry-676858f7cd-msvxd,luish-aspire-a315-55g
360,2026-01-16 02:57:01,default,teastore-webui-558b54cc77-rh989,leo02
361,2026-01-16 02:57:30,default,teastore-auth-84d7ccddd9-nqzsm,luish-nitro-an515-57
361,2026-01-16 02:57:30,default,teastore-db-84f96b9dd8-4vl2t,luish-aspire-a315-55g
361,2026-01-16 02:57:30,default,teastore-image-79674648d-q79dl,leo02
361,2026-01-16 02:57:30,default,teastore-persistence-784748b4b9-gk6x7,luish-aspire-a315-55g
361,2026-01-16 02:57:30,default,teastore-recommender-74559c88-vh4gs,scorpius03
361,2026-01-16 02:57:30,default,teastore-registry-676858f7cd-msvxd,luish-aspire-a315-55g
361,2026-01-16 02:57:30,default,teastore-webui-558b54cc77-m7wqt,scorpius03
362,2026-01-16 02:57:58,default,teastore-auth-84d7ccddd9-nqzsm,luish-nitro-an515-57
362,2026-01-16 02:57:58,default,teastore-db-84f96b9dd8-kdd5t,luish-aspire-a315-55g
362,2026-01-16 02:57:58,default,teastore-image-79674648d-q79dl,leo02
362,2026-01-16 02:57:58,default,teastore-persistence-784748b4b9-ggbsx,scorpius03
362,2026-01-16 02:57:58,default,teastore-recommender-74559c88-wggcz,luish-aspire-a315-55g
362,2026-01-16 02:57:58,default,teastore-registry-676858f7cd-xtkrz,luish-aspire-a315-55g
362,2026-01-16 02:57:58,default,teastore-webui-558b54cc77-8mptk,leo02
363,2026-01-16 02:58:22,default,teastore-auth-84d7ccddd9-tgjxf,scorpius03
363,2026-01-16 02:58:22,default,teastore-db-84f96b9dd8-pw9zd,leo02
363,2026-01-16 02:58:22,default,teastore-image-79674648d-qdc67,luish-nitro-an515-57
363,2026-01-16 02:58:22,default,teastore-persistence-784748b4b9-bqlnf,luish-aspire-a315-55g
363,2026-01-16 02:58:22,default,teastore-recommender-74559c88-wggcz,luish-aspire-a315-55g
363,2026-01-16 02:58:22,default,teastore-registry-676858f7cd-xtkrz,luish-aspire-a315-55g
363,2026-01-16 02:58:22,default,teastore-webui-558b54cc77-l54xt,luish-nitro-an515-57
364,2026-01-16 02:58:51,default,teastore-auth-84d7ccddd9-tgjxf,scorpius03
364,2026-01-16 02:58:51,default,teastore-db-84f96b9dd8-pw9zd,leo02
364,2026-01-16 02:58:51,default,teastore-image-79674648d-qdc67,luish-nitro-an515-57
364,2026-01-16 02:58:51,default,teastore-persistence-784748b4b9-67ncp,leo02
364,2026-01-16 02:58:51,default,teastore-recommender-74559c88-zcvhl,luish-aspire-a315-55g
364,2026-01-16 02:58:51,default,teastore-registry-676858f7cd-kcm8w,scorpius03
364,2026-01-16 02:58:51,default,teastore-webui-558b54cc77-l54xt,luish-nitro-an515-57
365,2026-01-16 02:59:19,default,teastore-auth-84d7ccddd9-qdhjd,luish-aspire-a315-55g
365,2026-01-16 02:59:19,default,teastore-db-84f96b9dd8-sxssj,leo02
365,2026-01-16 02:59:19,default,teastore-image-79674648d-6ws9x,leo02
365,2026-01-16 02:59:19,default,teastore-persistence-784748b4b9-qb6gr,leo02
365,2026-01-16 02:59:19,default,teastore-recommender-74559c88-zcvhl,luish-aspire-a315-55g
365,2026-01-16 02:59:19,default,teastore-registry-676858f7cd-qkzt7,scorpius03
365,2026-01-16 02:59:19,default,teastore-webui-558b54cc77-nrxdl,leo02
366,2026-01-16 02:59:48,default,teastore-auth-84d7ccddd9-nr7cz,luish-aspire-a315-55g
366,2026-01-16 02:59:48,default,teastore-db-84f96b9dd8-xpn65,luish-aspire-a315-55g
366,2026-01-16 02:59:48,default,teastore-image-79674648d-6ws9x,leo02
366,2026-01-16 02:59:48,default,teastore-persistence-784748b4b9-xf4p8,luish-aspire-a315-55g
366,2026-01-16 02:59:48,default,teastore-recommender-74559c88-vpzj6,luish-nitro-an515-57
366,2026-01-16 02:59:48,default,teastore-registry-676858f7cd-qkzt7,scorpius03
366,2026-01-16 02:59:48,default,teastore-webui-558b54cc77-nrxdl,leo02
367,2026-01-16 03:00:17,default,teastore-auth-84d7ccddd9-nr7cz,luish-aspire-a315-55g
367,2026-01-16 03:00:17,default,teastore-db-84f96b9dd8-xpn65,luish-aspire-a315-55g
367,2026-01-16 03:00:17,default,teastore-image-79674648d-9l6c8,leo02
367,2026-01-16 03:00:17,default,teastore-persistence-784748b4b9-xf4p8,luish-aspire-a315-55g
367,2026-01-16 03:00:17,default,teastore-recommender-74559c88-c8k7n,scorpius03
367,2026-01-16 03:00:17,default,teastore-registry-676858f7cd-7ljn8,scorpius03
367,2026-01-16 03:00:17,default,teastore-webui-558b54cc77-9vkcb,scorpius03
368,2026-01-16 03:00:45,default,teastore-auth-84d7ccddd9-htck5,scorpius03
368,2026-01-16 03:00:45,default,teastore-db-84f96b9dd8-jqvkh,luish-aspire-a315-55g
368,2026-01-16 03:00:45,default,teastore-image-79674648d-hx5jx,luish-nitro-an515-57
368,2026-01-16 03:00:45,default,teastore-persistence-784748b4b9-mc9kx,leo02
368,2026-01-16 03:00:45,default,teastore-recommender-74559c88-v7kf5,luish-aspire-a315-55g
368,2026-01-16 03:00:45,default,teastore-registry-676858f7cd-7ljn8,scorpius03
368,2026-01-16 03:00:45,default,teastore-webui-558b54cc77-jtr64,luish-aspire-a315-55g
369,2026-01-16 03:01:14,default,teastore-auth-84d7ccddd9-zrk8b,scorpius03
369,2026-01-16 03:01:14,default,teastore-db-84f96b9dd8-jqvkh,luish-aspire-a315-55g
369,2026-01-16 03:01:14,default,teastore-image-79674648d-lnvr6,leo02
369,2026-01-16 03:01:14,default,teastore-persistence-784748b4b9-swkp7,leo02
369,2026-01-16 03:01:14,default,teastore-recommender-74559c88-v7kf5,luish-aspire-a315-55g
369,2026-01-16 03:01:14,default,teastore-registry-676858f7cd-k9hw5,leo02
369,2026-01-16 03:01:14,default,teastore-webui-558b54cc77-qzd9c,scorpius03
370,2026-01-16 03:01:43,default,teastore-auth-84d7ccddd9-zrk8b,scorpius03
370,2026-01-16 03:01:43,default,teastore-db-84f96b9dd8-llwcx,luish-aspire-a315-55g
370,2026-01-16 03:01:43,default,teastore-image-79674648d-lnvr6,leo02
370,2026-01-16 03:01:43,default,teastore-persistence-784748b4b9-swkp7,leo02
370,2026-01-16 03:01:43,default,teastore-recommender-74559c88-b4db6,luish-nitro-an515-57
370,2026-01-16 03:01:43,default,teastore-registry-676858f7cd-qjtr4,luish-aspire-a315-55g
370,2026-01-16 03:01:43,default,teastore-webui-558b54cc77-qzd9c,scorpius03
371,2026-01-16 03:02:11,default,teastore-auth-84d7ccddd9-ntzbt,leo02
371,2026-01-16 03:02:11,default,teastore-db-84f96b9dd8-mnlqz,leo02
371,2026-01-16 03:02:11,default,teastore-image-79674648d-bc9c7,luish-aspire-a315-55g
371,2026-01-16 03:02:11,default,teastore-persistence-784748b4b9-64rt8,luish-aspire-a315-55g
371,2026-01-16 03:02:11,default,teastore-recommender-74559c88-w9c88,scorpius03
371,2026-01-16 03:02:11,default,teastore-registry-676858f7cd-snxgr,scorpius03
371,2026-01-16 03:02:11,default,teastore-webui-558b54cc77-lkm8c,scorpius03
372,2026-01-16 03:02:40,default,teastore-auth-84d7ccddd9-ntzbt,leo02
372,2026-01-16 03:02:40,default,teastore-db-84f96b9dd8-pvg2m,luish-aspire-a315-55g
372,2026-01-16 03:02:40,default,teastore-image-79674648d-ks6d9,luish-aspire-a315-55g
372,2026-01-16 03:02:40,default,teastore-persistence-784748b4b9-48t87,luish-aspire-a315-55g
372,2026-01-16 03:02:40,default,teastore-recommender-74559c88-w9c88,scorpius03
372,2026-01-16 03:02:40,default,teastore-registry-676858f7cd-snxgr,scorpius03
372,2026-01-16 03:02:40,default,teastore-webui-558b54cc77-lkm8c,scorpius03
373,2026-01-16 03:03:03,default,teastore-auth-84d7ccddd9-ntzbt,leo02
373,2026-01-16 03:03:03,default,teastore-db-84f96b9dd8-pvg2m,luish-aspire-a315-55g
373,2026-01-16 03:03:03,default,teastore-image-79674648d-ndpzz,luish-aspire-a315-55g
373,2026-01-16 03:03:03,default,teastore-persistence-784748b4b9-qsmww,luish-nitro-an515-57
373,2026-01-16 03:03:03,default,teastore-recommender-74559c88-w9c88,scorpius03
373,2026-01-16 03:03:03,default,teastore-registry-676858f7cd-wbcgw,leo02
373,2026-01-16 03:03:03,default,teastore-webui-558b54cc77-lkm8c,scorpius03
374,2026-01-16 03:03:22,default,teastore-auth-84d7ccddd9-n8lxv,leo02
374,2026-01-16 03:03:22,default,teastore-db-84f96b9dd8-pscfd,scorpius03
374,2026-01-16 03:03:22,default,teastore-image-79674648d-ndpzz,luish-aspire-a315-55g
374,2026-01-16 03:03:22,default,teastore-persistence-784748b4b9-qsmww,luish-nitro-an515-57
374,2026-01-16 03:03:22,default,teastore-recommender-74559c88-w98rz,leo02
374,2026-01-16 03:03:22,default,teastore-registry-676858f7cd-wbcgw,leo02
374,2026-01-16 03:03:22,default,teastore-webui-558b54cc77-t96q6,luish-nitro-an515-57
375,2026-01-16 03:03:46,default,teastore-auth-84d7ccddd9-pdcmg,luish-aspire-a315-55g
375,2026-01-16 03:03:46,default,teastore-db-84f96b9dd8-zfd22,luish-aspire-a315-55g
375,2026-01-16 03:03:46,default,teastore-image-79674648d-ndpzz,luish-aspire-a315-55g
375,2026-01-16 03:03:46,default,teastore-persistence-784748b4b9-qsmww,luish-nitro-an515-57
375,2026-01-16 03:03:46,default,teastore-recommender-74559c88-59kdc,luish-aspire-a315-55g
375,2026-01-16 03:03:46,default,teastore-registry-676858f7cd-sd77w,leo02
375,2026-01-16 03:03:46,default,teastore-webui-558b54cc77-t96q6,luish-nitro-an515-57
376,2026-01-16 03:03:54,default,teastore-auth-84d7ccddd9-pdcmg,luish-aspire-a315-55g
376,2026-01-16 03:03:54,default,teastore-db-84f96b9dd8-zfd22,luish-aspire-a315-55g
376,2026-01-16 03:03:54,default,teastore-image-79674648d-lwvzt,scorpius03
376,2026-01-16 03:03:54,default,teastore-persistence-784748b4b9-k755x,scorpius03
376,2026-01-16 03:03:54,default,teastore-recommender-74559c88-5tw84,scorpius03
376,2026-01-16 03:03:54,default,teastore-registry-676858f7cd-sd77w,leo02
376,2026-01-16 03:03:54,default,teastore-webui-558b54cc77-wnp5d,luish-nitro-an515-57
377,2026-01-16 03:04:18,default,teastore-auth-84d7ccddd9-t6p7j,leo02
377,2026-01-16 03:04:18,default,teastore-db-84f96b9dd8-zfd22,luish-aspire-a315-55g
377,2026-01-16 03:04:18,default,teastore-image-79674648d-szqv9,luish-nitro-an515-57
377,2026-01-16 03:04:18,default,teastore-persistence-784748b4b9-g24b8,leo02
377,2026-01-16 03:04:18,default,teastore-recommender-74559c88-vqgb8,scorpius03
377,2026-01-16 03:04:18,default,teastore-registry-676858f7cd-8gbsd,leo02
377,2026-01-16 03:04:18,default,teastore-webui-558b54cc77-wnp5d,luish-nitro-an515-57
378,2026-01-16 03:04:32,default,teastore-auth-84d7ccddd9-t6p7j,leo02
378,2026-01-16 03:04:32,default,teastore-db-84f96b9dd8-tlchx,scorpius03
378,2026-01-16 03:04:32,default,teastore-image-79674648d-szqv9,luish-nitro-an515-57
378,2026-01-16 03:04:32,default,teastore-persistence-784748b4b9-g24b8,leo02
378,2026-01-16 03:04:32,default,teastore-recommender-74559c88-vqgb8,scorpius03
378,2026-01-16 03:04:32,default,teastore-registry-676858f7cd-ns2dr,luish-aspire-a315-55g
378,2026-01-16 03:04:32,default,teastore-webui-558b54cc77-wnp5d,luish-nitro-an515-57
379,2026-01-16 03:04:45,default,teastore-auth-84d7ccddd9-v2gvw,luish-aspire-a315-55g
379,2026-01-16 03:04:45,default,teastore-db-84f96b9dd8-tlchx,scorpius03
379,2026-01-16 03:04:45,default,teastore-image-79674648d-szqv9,luish-nitro-an515-57
379,2026-01-16 03:04:45,default,teastore-persistence-784748b4b9-g24b8,leo02
379,2026-01-16 03:04:45,default,teastore-recommender-74559c88-vqgb8,scorpius03
379,2026-01-16 03:04:45,default,teastore-registry-676858f7cd-ns2dr,luish-aspire-a315-55g
379,2026-01-16 03:04:45,default,teastore-webui-558b54cc77-phqkd,luish-nitro-an515-57
380,2026-01-16 03:04:59,default,teastore-auth-84d7ccddd9-v2gvw,luish-aspire-a315-55g
380,2026-01-16 03:04:59,default,teastore-db-84f96b9dd8-nwrpl,luish-aspire-a315-55g
380,2026-01-16 03:04:59,default,teastore-image-79674648d-sdg4h,luish-aspire-a315-55g
380,2026-01-16 03:04:59,default,teastore-persistence-784748b4b9-pqcpq,luish-nitro-an515-57
380,2026-01-16 03:04:59,default,teastore-recommender-74559c88-qz4pm,leo02
380,2026-01-16 03:04:59,default,teastore-registry-676858f7cd-ntqvh,luish-nitro-an515-57
380,2026-01-16 03:04:59,default,teastore-webui-558b54cc77-q6f4n,luish-nitro-an515-57
381,2026-01-16 03:05:08,default,teastore-auth-84d7ccddd9-v2gvw,luish-aspire-a315-55g
381,2026-01-16 03:05:08,default,teastore-db-84f96b9dd8-nwrpl,luish-aspire-a315-55g
381,2026-01-16 03:05:08,default,teastore-image-79674648d-sdg4h,luish-aspire-a315-55g
381,2026-01-16 03:05:08,default,teastore-persistence-784748b4b9-pqcpq,luish-nitro-an515-57
381,2026-01-16 03:05:08,default,teastore-recommender-74559c88-qz4pm,leo02
381,2026-01-16 03:05:08,default,teastore-registry-676858f7cd-ntqvh,luish-nitro-an515-57
381,2026-01-16 03:05:08,default,teastore-webui-558b54cc77-q6f4n,luish-nitro-an515-57
382,2026-01-16 03:05:26,default,teastore-auth-84d7ccddd9-v2gvw,luish-aspire-a315-55g
382,2026-01-16 03:05:26,default,teastore-db-84f96b9dd8-ltjzc,luish-nitro-an515-57
382,2026-01-16 03:05:26,default,teastore-image-79674648d-vlpmv,luish-aspire-a315-55g
382,2026-01-16 03:05:26,default,teastore-persistence-784748b4b9-pqcpq,luish-nitro-an515-57
382,2026-01-16 03:05:26,default,teastore-recommender-74559c88-qz4pm,leo02
382,2026-01-16 03:05:26,default,teastore-registry-676858f7cd-p84h6,luish-aspire-a315-55g
382,2026-01-16 03:05:26,default,teastore-webui-558b54cc77-skvm7,scorpius03
383,2026-01-16 03:05:35,default,teastore-auth-84d7ccddd9-nqfdk,luish-aspire-a315-55g
383,2026-01-16 03:05:35,default,teastore-db-84f96b9dd8-chnxt,scorpius03
383,2026-01-16 03:05:35,default,teastore-image-79674648d-vlpmv,luish-aspire-a315-55g
383,2026-01-16 03:05:35,default,teastore-persistence-784748b4b9-p476p,luish-aspire-a315-55g
383,2026-01-16 03:05:35,default,teastore-recommender-74559c88-m9htx,scorpius03
383,2026-01-16 03:05:35,default,teastore-registry-676858f7cd-p84h6,luish-aspire-a315-55g
383,2026-01-16 03:05:35,default,teastore-webui-558b54cc77-skvm7,scorpius03
384,2026-01-16 03:05:44,default,teastore-auth-84d7ccddd9-trlf7,scorpius03
384,2026-01-16 03:05:44,default,teastore-db-84f96b9dd8-f7q4n,luish-nitro-an515-57
384,2026-01-16 03:05:44,default,teastore-image-79674648d-x2frt,luish-nitro-an515-57
384,2026-01-16 03:05:44,default,teastore-persistence-784748b4b9-p476p,luish-aspire-a315-55g
384,2026-01-16 03:05:44,default,teastore-recommender-74559c88-m9htx,scorpius03
384,2026-01-16 03:05:44,default,teastore-registry-676858f7cd-zgmhj,luish-aspire-a315-55g
384,2026-01-16 03:05:44,default,teastore-webui-558b54cc77-skvm7,scorpius03
385,2026-01-16 03:05:52,default,teastore-auth-84d7ccddd9-trlf7,scorpius03
385,2026-01-16 03:05:52,default,teastore-db-84f96b9dd8-hrhlg,luish-nitro-an515-57
385,2026-01-16 03:05:52,default,teastore-image-79674648d-x2frt,luish-nitro-an515-57
385,2026-01-16 03:05:52,default,teastore-persistence-784748b4b9-p476p,luish-aspire-a315-55g
385,2026-01-16 03:05:52,default,teastore-recommender-74559c88-sv927,luish-nitro-an515-57
385,2026-01-16 03:05:52,default,teastore-registry-676858f7cd-zgmhj,luish-aspire-a315-55g
385,2026-01-16 03:05:52,default,teastore-webui-558b54cc77-z4hng,leo02
386,2026-01-16 03:06:01,default,teastore-auth-84d7ccddd9-vw6wm,scorpius03
386,2026-01-16 03:06:01,default,teastore-db-84f96b9dd8-mzwtt,scorpius03
386,2026-01-16 03:06:01,default,teastore-image-79674648d-z84gs,leo02
386,2026-01-16 03:06:01,default,teastore-persistence-784748b4b9-p476p,luish-aspire-a315-55g
386,2026-01-16 03:06:01,default,teastore-recommender-74559c88-sv927,luish-nitro-an515-57
386,2026-01-16 03:06:01,default,teastore-registry-676858f7cd-zgmhj,luish-aspire-a315-55g
386,2026-01-16 03:06:01,default,teastore-webui-558b54cc77-z4hng,leo02
387,2026-01-16 03:06:10,default,teastore-auth-84d7ccddd9-xr7ml,luish-nitro-an515-57
387,2026-01-16 03:06:10,default,teastore-db-84f96b9dd8-mzwtt,scorpius03
387,2026-01-16 03:06:10,default,teastore-image-79674648d-z84gs,leo02
387,2026-01-16 03:06:10,default,teastore-persistence-784748b4b9-p476p,luish-aspire-a315-55g
387,2026-01-16 03:06:10,default,teastore-recommender-74559c88-sv927,luish-nitro-an515-57
387,2026-01-16 03:06:10,default,teastore-registry-676858f7cd-zgmhj,luish-aspire-a315-55g
387,2026-01-16 03:06:10,default,teastore-webui-558b54cc77-z4hng,leo02
388,2026-01-16 03:06:18,default,teastore-auth-84d7ccddd9-xr7ml,luish-nitro-an515-57
388,2026-01-16 03:06:18,default,teastore-db-84f96b9dd8-mzwtt,scorpius03
388,2026-01-16 03:06:18,default,teastore-image-79674648d-z84gs,leo02
388,2026-01-16 03:06:18,default,teastore-persistence-784748b4b9-lsncc,luish-aspire-a315-55g
388,2026-01-16 03:06:18,default,teastore-recommender-74559c88-sv927,luish-nitro-an515-57
388,2026-01-16 03:06:18,default,teastore-registry-676858f7cd-zgmhj,luish-aspire-a315-55g
388,2026-01-16 03:06:18,default,teastore-webui-558b54cc77-z4hng,leo02
389,2026-01-16 03:06:27,default,teastore-auth-84d7ccddd9-xr7ml,luish-nitro-an515-57
389,2026-01-16 03:06:27,default,teastore-db-84f96b9dd8-pqnmt,luish-nitro-an515-57
389,2026-01-16 03:06:27,default,teastore-image-79674648d-z84gs,leo02
389,2026-01-16 03:06:27,default,teastore-persistence-784748b4b9-wldxm,luish-aspire-a315-55g
389,2026-01-16 03:06:27,default,teastore-recommender-74559c88-g685g,luish-nitro-an515-57
389,2026-01-16 03:06:27,default,teastore-registry-676858f7cd-zgmhj,luish-aspire-a315-55g
389,2026-01-16 03:06:27,default,teastore-webui-558b54cc77-z4hng,leo02
390,2026-01-16 03:06:35,default,teastore-auth-84d7ccddd9-xr7ml,luish-nitro-an515-57
390,2026-01-16 03:06:35,default,teastore-db-84f96b9dd8-pqnmt,luish-nitro-an515-57
390,2026-01-16 03:06:35,default,teastore-image-79674648d-p9fhq,luish-nitro-an515-57
390,2026-01-16 03:06:35,default,teastore-persistence-784748b4b9-wldxm,luish-aspire-a315-55g
390,2026-01-16 03:06:35,default,teastore-recommender-74559c88-g685g,luish-nitro-an515-57
390,2026-01-16 03:06:35,default,teastore-registry-676858f7cd-zgmhj,luish-aspire-a315-55g
390,2026-01-16 03:06:35,default,teastore-webui-558b54cc77-sd6vn,luish-nitro-an515-57
391,2026-01-16 03:06:49,default,teastore-auth-84d7ccddd9-wv22t,leo02
391,2026-01-16 03:06:49,default,teastore-db-84f96b9dd8-pqnmt,luish-nitro-an515-57
391,2026-01-16 03:06:49,default,teastore-image-79674648d-nq4gk,luish-nitro-an515-57
391,2026-01-16 03:06:49,default,teastore-persistence-784748b4b9-wldxm,luish-aspire-a315-55g
391,2026-01-16 03:06:49,default,teastore-recommender-74559c88-g685g,luish-nitro-an515-57
391,2026-01-16 03:06:49,default,teastore-registry-676858f7cd-z68rx,leo02
391,2026-01-16 03:06:49,default,teastore-webui-558b54cc77-nt9qj,leo02
392,2026-01-16 03:07:03,default,teastore-auth-84d7ccddd9-vxp4c,scorpius03
392,2026-01-16 03:07:03,default,teastore-db-84f96b9dd8-gsr47,scorpius03
392,2026-01-16 03:07:03,default,teastore-image-79674648d-nq4gk,luish-nitro-an515-57
392,2026-01-16 03:07:03,default,teastore-persistence-784748b4b9-wldxm,luish-aspire-a315-55g
392,2026-01-16 03:07:03,default,teastore-recommender-74559c88-929ml,leo02
392,2026-01-16 03:07:03,default,teastore-registry-676858f7cd-z68rx,leo02
392,2026-01-16 03:07:03,default,teastore-webui-558b54cc77-nt9qj,leo02
393,2026-01-16 03:07:11,default,teastore-auth-84d7ccddd9-vxp4c,scorpius03
393,2026-01-16 03:07:11,default,teastore-db-84f96b9dd8-gsr47,scorpius03
393,2026-01-16 03:07:11,default,teastore-image-79674648d-qblf5,luish-aspire-a315-55g
393,2026-01-16 03:07:11,default,teastore-persistence-784748b4b9-qmx67,luish-nitro-an515-57
393,2026-01-16 03:07:11,default,teastore-recommender-74559c88-nqxtz,luish-nitro-an515-57
393,2026-01-16 03:07:11,default,teastore-registry-676858f7cd-z68rx,leo02
393,2026-01-16 03:07:11,default,teastore-webui-558b54cc77-wbhg5,leo02
394,2026-01-16 03:07:25,default,teastore-auth-84d7ccddd9-m68wm,luish-aspire-a315-55g
394,2026-01-16 03:07:25,default,teastore-db-84f96b9dd8-hn729,luish-nitro-an515-57
394,2026-01-16 03:07:25,default,teastore-image-79674648d-qblf5,luish-aspire-a315-55g
394,2026-01-16 03:07:25,default,teastore-persistence-784748b4b9-l5fwq,scorpius03
394,2026-01-16 03:07:25,default,teastore-recommender-74559c88-nqxtz,luish-nitro-an515-57
394,2026-01-16 03:07:25,default,teastore-registry-676858f7cd-gc7fr,luish-nitro-an515-57
394,2026-01-16 03:07:25,default,teastore-webui-558b54cc77-wbhg5,leo02
395,2026-01-16 03:10:13,default,teastore-auth-84d7ccddd9-m68wm,luish-aspire-a315-55g
395,2026-01-16 03:10:13,default,teastore-db-84f96b9dd8-hn729,luish-nitro-an515-57
395,2026-01-16 03:10:13,default,teastore-image-79674648d-qblf5,luish-aspire-a315-55g
395,2026-01-16 03:10:13,default,teastore-persistence-784748b4b9-l5fwq,scorpius03
395,2026-01-16 03:10:13,default,teastore-recommender-74559c88-h7vgx,luish-nitro-an515-57
395,2026-01-16 03:10:13,default,teastore-registry-676858f7cd-gc7fr,luish-nitro-an515-57
395,2026-01-16 03:10:13,default,teastore-webui-558b54cc77-wbhg5,leo02
396,2026-01-16 03:11:04,default,teastore-auth-84d7ccddd9-wgcr7,luish-nitro-an515-57
396,2026-01-16 03:11:04,default,teastore-db-84f96b9dd8-hn729,luish-nitro-an515-57
396,2026-01-16 03:11:04,default,teastore-image-79674648d-qblf5,luish-aspire-a315-55g
396,2026-01-16 03:11:04,default,teastore-persistence-784748b4b9-l5fwq,scorpius03
396,2026-01-16 03:11:04,default,teastore-recommender-74559c88-p79km,luish-nitro-an515-57
396,2026-01-16 03:11:04,default,teastore-registry-676858f7cd-gc7fr,luish-nitro-an515-57
396,2026-01-16 03:11:04,default,teastore-webui-558b54cc77-wbhg5,leo02
397,2026-01-16 03:11:28,default,teastore-auth-84d7ccddd9-wgcr7,luish-nitro-an515-57
397,2026-01-16 03:11:28,default,teastore-db-84f96b9dd8-gsr47,scorpius03
397,2026-01-16 03:11:28,default,teastore-image-79674648d-tzmph,luish-nitro-an515-57
397,2026-01-16 03:11:28,default,teastore-persistence-784748b4b9-l5fwq,scorpius03
397,2026-01-16 03:11:28,default,teastore-recommender-74559c88-p79km,luish-nitro-an515-57
397,2026-01-16 03:11:28,default,teastore-registry-676858f7cd-lt549,scorpius03
397,2026-01-16 03:11:28,default,teastore-webui-558b54cc77-wbhg5,leo02
398,2026-01-16 03:11:52,default,teastore-auth-84d7ccddd9-wgcr7,luish-nitro-an515-57
398,2026-01-16 03:11:52,default,teastore-db-84f96b9dd8-gsr47,scorpius03
398,2026-01-16 03:11:52,default,teastore-image-79674648d-tzmph,luish-nitro-an515-57
398,2026-01-16 03:11:52,default,teastore-persistence-784748b4b9-t7clc,luish-nitro-an515-57
398,2026-01-16 03:11:52,default,teastore-recommender-74559c88-p79km,luish-nitro-an515-57
398,2026-01-16 03:11:52,default,teastore-registry-676858f7cd-lt549,scorpius03
398,2026-01-16 03:11:52,default,teastore-webui-558b54cc77-wbhg5,leo02
399,2026-01-16 03:12:07,default,teastore-auth-84d7ccddd9-wgcr7,luish-nitro-an515-57
399,2026-01-16 03:12:07,default,teastore-db-84f96b9dd8-nxlfr,leo02
399,2026-01-16 03:12:07,default,teastore-image-79674648d-tzmph,luish-nitro-an515-57
399,2026-01-16 03:12:07,default,teastore-persistence-784748b4b9-t7clc,luish-nitro-an515-57
399,2026-01-16 03:12:07,default,teastore-recommender-74559c88-p79km,luish-nitro-an515-57
399,2026-01-16 03:12:07,default,teastore-registry-676858f7cd-rkpqz,scorpius03
399,2026-01-16 03:12:07,default,teastore-webui-558b54cc77-knxms,scorpius03
400,2026-01-16 03:12:24,default,teastore-auth-84d7ccddd9-wgcr7,luish-nitro-an515-57
400,2026-01-16 03:12:24,default,teastore-db-84f96b9dd8-nxlfr,leo02
400,2026-01-16 03:12:24,default,teastore-image-79674648d-tzmph,luish-nitro-an515-57
400,2026-01-16 03:12:24,default,teastore-persistence-784748b4b9-t7clc,luish-nitro-an515-57
400,2026-01-16 03:12:24,default,teastore-recommender-74559c88-p79km,luish-nitro-an515-57
400,2026-01-16 03:12:24,default,teastore-registry-676858f7cd-rkpqz,scorpius03
400,2026-01-16 03:12:24,default,teastore-webui-558b54cc77-r65lh,scorpius03
401,2026-01-16 03:12:34,default,teastore-auth-84d7ccddd9-wgcr7,luish-nitro-an515-57
401,2026-01-16 03:12:34,default,teastore-db-84f96b9dd8-sw4wl,leo02
401,2026-01-16 03:12:34,default,teastore-image-79674648d-tzmph,luish-nitro-an515-57
401,2026-01-16 03:12:34,default,teastore-persistence-784748b4b9-t7clc,luish-nitro-an515-57
401,2026-01-16 03:12:34,default,teastore-recommender-74559c88-p79km,luish-nitro-an515-57
401,2026-01-16 03:12:34,default,teastore-registry-676858f7cd-rkpqz,scorpius03
401,2026-01-16 03:12:34,default,teastore-webui-558b54cc77-zmsh9,luish-aspire-a315-55g
402,2026-01-16 03:12:48,default,teastore-auth-84d7ccddd9-w5l8k,luish-aspire-a315-55g
402,2026-01-16 03:12:48,default,teastore-db-84f96b9dd8-vgbpf,luish-nitro-an515-57
402,2026-01-16 03:12:48,default,teastore-image-79674648d-tzmph,luish-nitro-an515-57
402,2026-01-16 03:12:48,default,teastore-persistence-784748b4b9-t7clc,luish-nitro-an515-57
402,2026-01-16 03:12:48,default,teastore-recommender-74559c88-ntw8p,scorpius03
402,2026-01-16 03:12:48,default,teastore-registry-676858f7cd-rkpqz,scorpius03
402,2026-01-16 03:12:48,default,teastore-webui-558b54cc77-zmsh9,luish-aspire-a315-55g
403,2026-01-16 03:13:17,default,teastore-auth-84d7ccddd9-w5l8k,luish-aspire-a315-55g
403,2026-01-16 03:13:17,default,teastore-db-84f96b9dd8-vgbpf,luish-nitro-an515-57
403,2026-01-16 03:13:17,default,teastore-image-79674648d-xkgz6,luish-aspire-a315-55g
403,2026-01-16 03:13:17,default,teastore-persistence-784748b4b9-z7zzd,luish-nitro-an515-57
403,2026-01-16 03:13:17,default,teastore-recommender-74559c88-ntw8p,scorpius03
403,2026-01-16 03:13:17,default,teastore-registry-676858f7cd-rkpqz,scorpius03
403,2026-01-16 03:13:17,default,teastore-webui-558b54cc77-zmsh9,luish-aspire-a315-55g
404,2026-01-16 03:13:26,default,teastore-auth-84d7ccddd9-w5l8k,luish-aspire-a315-55g
404,2026-01-16 03:13:26,default,teastore-db-84f96b9dd8-vgbpf,luish-nitro-an515-57
404,2026-01-16 03:13:26,default,teastore-image-79674648d-xkgz6,luish-aspire-a315-55g
404,2026-01-16 03:13:26,default,teastore-persistence-784748b4b9-z7zzd,luish-nitro-an515-57
404,2026-01-16 03:13:26,default,teastore-recommender-74559c88-ntw8p,scorpius03
404,2026-01-16 03:13:26,default,teastore-registry-676858f7cd-rkpqz,scorpius03
404,2026-01-16 03:13:26,default,teastore-webui-558b54cc77-zmsh9,luish-aspire-a315-55g
405,2026-01-16 03:13:36,default,teastore-auth-84d7ccddd9-w5l8k,luish-aspire-a315-55g
405,2026-01-16 03:13:36,default,teastore-db-84f96b9dd8-vgbpf,luish-nitro-an515-57
405,2026-01-16 03:13:36,default,teastore-image-79674648d-xkgz6,luish-aspire-a315-55g
405,2026-01-16 03:13:36,default,teastore-persistence-784748b4b9-z7zzd,luish-nitro-an515-57
405,2026-01-16 03:13:36,default,teastore-recommender-74559c88-ntw8p,scorpius03
405,2026-01-16 03:13:36,default,teastore-registry-676858f7cd-rkpqz,scorpius03
405,2026-01-16 03:13:36,default,teastore-webui-558b54cc77-zmsh9,luish-aspire-a315-55g
406,2026-01-16 03:13:49,default,teastore-auth-84d7ccddd9-wz6g2,leo02
406,2026-01-16 03:13:49,default,teastore-db-84f96b9dd8-vgbpf,luish-nitro-an515-57
406,2026-01-16 03:13:49,default,teastore-image-79674648d-xkgz6,luish-aspire-a315-55g
406,2026-01-16 03:13:49,default,teastore-persistence-784748b4b9-z7zzd,luish-nitro-an515-57
406,2026-01-16 03:13:49,default,teastore-recommender-74559c88-ntw8p,scorpius03
406,2026-01-16 03:13:49,default,teastore-registry-676858f7cd-rkpqz,scorpius03
406,2026-01-16 03:13:49,default,teastore-webui-558b54cc77-zmsh9,luish-aspire-a315-55g
407,2026-01-16 03:14:00,default,teastore-auth-84d7ccddd9-wz6g2,leo02
407,2026-01-16 03:14:00,default,teastore-db-84f96b9dd8-vgbpf,luish-nitro-an515-57
407,2026-01-16 03:14:00,default,teastore-image-79674648d-xkgz6,luish-aspire-a315-55g
407,2026-01-16 03:14:00,default,teastore-persistence-784748b4b9-z7zzd,luish-nitro-an515-57
407,2026-01-16 03:14:00,default,teastore-recommender-74559c88-p858g,luish-nitro-an515-57
407,2026-01-16 03:14:00,default,teastore-registry-676858f7cd-rkpqz,scorpius03
407,2026-01-16 03:14:00,default,teastore-webui-558b54cc77-zmsh9,luish-aspire-a315-55g
408,2026-01-16 03:14:12,default,teastore-auth-84d7ccddd9-wz6g2,leo02
408,2026-01-16 03:14:12,default,teastore-db-84f96b9dd8-sw4wl,leo02
408,2026-01-16 03:14:12,default,teastore-image-79674648d-xkgz6,luish-aspire-a315-55g
408,2026-01-16 03:14:12,default,teastore-persistence-784748b4b9-z7zzd,luish-nitro-an515-57
408,2026-01-16 03:14:12,default,teastore-recommender-74559c88-zw7mx,luish-aspire-a315-55g
408,2026-01-16 03:14:12,default,teastore-registry-676858f7cd-rkpqz,scorpius03
408,2026-01-16 03:14:12,default,teastore-webui-558b54cc77-zmsh9,luish-aspire-a315-55g
409,2026-01-16 03:14:25,default,teastore-auth-84d7ccddd9-wz6g2,leo02
409,2026-01-16 03:14:25,default,teastore-db-84f96b9dd8-sw4wl,leo02
409,2026-01-16 03:14:25,default,teastore-image-79674648d-xkgz6,luish-aspire-a315-55g
409,2026-01-16 03:14:25,default,teastore-persistence-784748b4b9-z7zzd,luish-nitro-an515-57
409,2026-01-16 03:14:25,default,teastore-recommender-74559c88-zw7mx,luish-aspire-a315-55g
409,2026-01-16 03:14:25,default,teastore-registry-676858f7cd-rkpqz,scorpius03
409,2026-01-16 03:14:25,default,teastore-webui-558b54cc77-zmsh9,luish-aspire-a315-55g
410,2026-01-16 03:14:37,default,teastore-auth-84d7ccddd9-wz6g2,leo02
410,2026-01-16 03:14:37,default,teastore-db-84f96b9dd8-sw4wl,leo02
410,2026-01-16 03:14:37,default,teastore-image-79674648d-xkgz6,luish-aspire-a315-55g
410,2026-01-16 03:14:37,default,teastore-persistence-784748b4b9-zf25h,luish-nitro-an515-57
410,2026-01-16 03:14:37,default,teastore-recommender-74559c88-zw7mx,luish-aspire-a315-55g
410,2026-01-16 03:14:37,default,teastore-registry-676858f7cd-rkpqz,scorpius03
410,2026-01-16 03:14:37,default,teastore-webui-558b54cc77-zmsh9,luish-aspire-a315-55g
411,2026-01-16 03:14:47,default,teastore-auth-84d7ccddd9-wz6g2,leo02
411,2026-01-16 03:14:47,default,teastore-db-84f96b9dd8-sw4wl,leo02
411,2026-01-16 03:14:47,default,teastore-image-79674648d-xkgz6,luish-aspire-a315-55g
411,2026-01-16 03:14:47,default,teastore-persistence-784748b4b9-zf25h,luish-nitro-an515-57
411,2026-01-16 03:14:47,default,teastore-recommender-74559c88-zw7mx,luish-aspire-a315-55g
411,2026-01-16 03:14:47,default,teastore-registry-676858f7cd-v6bgd,luish-aspire-a315-55g
411,2026-01-16 03:14:47,default,teastore-webui-558b54cc77-zmsh9,luish-aspire-a315-55g
412,2026-01-16 03:15:02,default,teastore-auth-84d7ccddd9-wz6g2,leo02
412,2026-01-16 03:15:02,default,teastore-db-84f96b9dd8-sw4wl,leo02
412,2026-01-16 03:15:02,default,teastore-image-79674648d-xkgz6,luish-aspire-a315-55g
412,2026-01-16 03:15:02,default,teastore-persistence-784748b4b9-zf25h,luish-nitro-an515-57
412,2026-01-16 03:15:02,default,teastore-recommender-74559c88-zw7mx,luish-aspire-a315-55g
412,2026-01-16 03:15:02,default,teastore-registry-676858f7cd-v6bgd,luish-aspire-a315-55g
412,2026-01-16 03:15:02,default,teastore-webui-558b54cc77-zmsh9,luish-aspire-a315-55g
413,2026-01-16 03:15:12,default,teastore-auth-84d7ccddd9-wz6g2,leo02
413,2026-01-16 03:15:12,default,teastore-db-84f96b9dd8-w8crg,scorpius03
413,2026-01-16 03:15:12,default,teastore-image-79674648d-xkgz6,luish-aspire-a315-55g
413,2026-01-16 03:15:12,default,teastore-persistence-784748b4b9-zf25h,luish-nitro-an515-57
413,2026-01-16 03:15:12,default,teastore-recommender-74559c88-zw7mx,luish-aspire-a315-55g
413,2026-01-16 03:15:12,default,teastore-registry-676858f7cd-xkkl5,leo02
413,2026-01-16 03:15:12,default,teastore-webui-558b54cc77-zmsh9,luish-aspire-a315-55g
414,2026-01-16 03:15:22,default,teastore-auth-84d7ccddd9-wz6g2,leo02
414,2026-01-16 03:15:22,default,teastore-db-84f96b9dd8-w8crg,scorpius03
414,2026-01-16 03:15:22,default,teastore-image-79674648d-xkgz6,luish-aspire-a315-55g
414,2026-01-16 03:15:22,default,teastore-persistence-784748b4b9-zf25h,luish-nitro-an515-57
414,2026-01-16 03:15:22,default,teastore-recommender-74559c88-zw7mx,luish-aspire-a315-55g
414,2026-01-16 03:15:22,default,teastore-registry-676858f7cd-xkkl5,leo02
414,2026-01-16 03:15:22,default,teastore-webui-558b54cc77-zmsh9,luish-aspire-a315-55g
415,2026-01-16 03:15:31,default,teastore-auth-84d7ccddd9-wz6g2,leo02
415,2026-01-16 03:15:31,default,teastore-db-84f96b9dd8-w8crg,scorpius03
415,2026-01-16 03:15:31,default,teastore-image-79674648d-xkgz6,luish-aspire-a315-55g
415,2026-01-16 03:15:31,default,teastore-persistence-784748b4b9-zf7vw,leo02
415,2026-01-16 03:15:31,default,teastore-recommender-74559c88-zw7mx,luish-aspire-a315-55g
415,2026-01-16 03:15:31,default,teastore-registry-676858f7cd-xkkl5,leo02
415,2026-01-16 03:15:31,default,teastore-webui-558b54cc77-tczqt,scorpius03
416,2026-01-16 03:15:46,default,teastore-auth-84d7ccddd9-wz2mf,leo02
416,2026-01-16 03:15:46,default,teastore-db-84f96b9dd8-w8crg,scorpius03
416,2026-01-16 03:15:46,default,teastore-image-79674648d-t8t5t,leo02
416,2026-01-16 03:15:46,default,teastore-persistence-784748b4b9-zf7vw,leo02
416,2026-01-16 03:15:46,default,teastore-recommender-74559c88-zw7mx,luish-aspire-a315-55g
416,2026-01-16 03:15:46,default,teastore-registry-676858f7cd-xkkl5,leo02
416,2026-01-16 03:15:46,default,teastore-webui-558b54cc77-xnjcq,luish-aspire-a315-55g
417,2026-01-16 03:16:05,default,teastore-auth-84d7ccddd9-wr9rf,luish-aspire-a315-55g
417,2026-01-16 03:16:05,default,teastore-db-84f96b9dd8-knsn7,luish-nitro-an515-57
417,2026-01-16 03:16:05,default,teastore-image-79674648d-l4qqv,luish-aspire-a315-55g
417,2026-01-16 03:16:05,default,teastore-persistence-784748b4b9-zf7vw,leo02
417,2026-01-16 03:16:05,default,teastore-recommender-74559c88-z9s58,luish-aspire-a315-55g
417,2026-01-16 03:16:05,default,teastore-registry-676858f7cd-wzflk,scorpius03
417,2026-01-16 03:16:05,default,teastore-webui-558b54cc77-xnjcq,luish-aspire-a315-55g
418,2026-01-16 03:16:33,default,teastore-auth-84d7ccddd9-pd68p,leo02
418,2026-01-16 03:16:33,default,teastore-db-84f96b9dd8-knsn7,luish-nitro-an515-57
418,2026-01-16 03:16:33,default,teastore-image-79674648d-nq9z2,leo02
418,2026-01-16 03:16:33,default,teastore-persistence-784748b4b9-w4x2f,scorpius03
418,2026-01-16 03:16:33,default,teastore-recommender-74559c88-z9s58,luish-aspire-a315-55g
418,2026-01-16 03:16:33,default,teastore-registry-676858f7cd-wzflk,scorpius03
418,2026-01-16 03:16:33,default,teastore-webui-558b54cc77-xnjcq,luish-aspire-a315-55g
419,2026-01-16 03:17:02,default,teastore-auth-84d7ccddd9-pd68p,leo02
419,2026-01-16 03:17:02,default,teastore-db-84f96b9dd8-zwv52,luish-aspire-a315-55g
419,2026-01-16 03:17:02,default,teastore-image-79674648d-z8xk4,luish-aspire-a315-55g
419,2026-01-16 03:17:02,default,teastore-persistence-784748b4b9-rhrvx,leo02
419,2026-01-16 03:17:02,default,teastore-recommender-74559c88-xfx7k,scorpius03
419,2026-01-16 03:17:02,default,teastore-registry-676858f7cd-n67gt,luish-nitro-an515-57
419,2026-01-16 03:17:02,default,teastore-webui-558b54cc77-sk9h4,luish-nitro-an515-57
420,2026-01-16 03:17:31,default,teastore-auth-84d7ccddd9-hq46d,scorpius03
420,2026-01-16 03:17:31,default,teastore-db-84f96b9dd8-zwv52,luish-aspire-a315-55g
420,2026-01-16 03:17:31,default,teastore-image-79674648d-z8xk4,luish-aspire-a315-55g
420,2026-01-16 03:17:31,default,teastore-persistence-784748b4b9-l5hd6,scorpius03
420,2026-01-16 03:17:31,default,teastore-recommender-74559c88-xfx7k,scorpius03
420,2026-01-16 03:17:31,default,teastore-registry-676858f7cd-pz4xw,leo02
420,2026-01-16 03:17:31,default,teastore-webui-558b54cc77-sk9h4,luish-nitro-an515-57
421,2026-01-16 03:17:49,default,teastore-auth-84d7ccddd9-l5sf5,scorpius03
421,2026-01-16 03:17:49,default,teastore-db-84f96b9dd8-7gj9s,leo02
421,2026-01-16 03:17:49,default,teastore-image-79674648d-bvsxx,leo02
421,2026-01-16 03:17:49,default,teastore-persistence-784748b4b9-r96nr,scorpius03
421,2026-01-16 03:17:49,default,teastore-recommender-74559c88-sfzkp,luish-aspire-a315-55g
421,2026-01-16 03:17:49,default,teastore-registry-676858f7cd-pz4xw,leo02
421,2026-01-16 03:17:49,default,teastore-webui-558b54cc77-sk9h4,luish-nitro-an515-57
422,2026-01-16 03:18:18,default,teastore-auth-84d7ccddd9-xszwq,leo02
422,2026-01-16 03:18:18,default,teastore-db-84f96b9dd8-vlbp2,leo02
422,2026-01-16 03:18:18,default,teastore-image-79674648d-xxsph,leo02
422,2026-01-16 03:18:18,default,teastore-persistence-784748b4b9-sr7hn,luish-aspire-a315-55g
422,2026-01-16 03:18:18,default,teastore-recommender-74559c88-djqh2,luish-nitro-an515-57
422,2026-01-16 03:18:18,default,teastore-registry-676858f7cd-bhr8z,luish-aspire-a315-55g
422,2026-01-16 03:18:18,default,teastore-webui-558b54cc77-mwb72,luish-nitro-an515-57
423,2026-01-16 03:19:02,default,teastore-auth-84d7ccddd9-xszwq,leo02
423,2026-01-16 03:19:02,default,teastore-db-84f96b9dd8-vlbp2,leo02
423,2026-01-16 03:19:02,default,teastore-image-79674648d-xxsph,leo02
423,2026-01-16 03:19:02,default,teastore-persistence-784748b4b9-sr7hn,luish-aspire-a315-55g
423,2026-01-16 03:19:02,default,teastore-recommender-74559c88-djqh2,luish-nitro-an515-57
423,2026-01-16 03:19:02,default,teastore-registry-676858f7cd-rwsr5,scorpius03
423,2026-01-16 03:19:02,default,teastore-webui-558b54cc77-qj5lm,luish-nitro-an515-57
424,2026-01-16 03:19:30,default,teastore-auth-84d7ccddd9-lssm6,luish-aspire-a315-55g
424,2026-01-16 03:19:30,default,teastore-db-84f96b9dd8-lh7vm,scorpius03
424,2026-01-16 03:19:30,default,teastore-image-79674648d-s922j,scorpius03
424,2026-01-16 03:19:30,default,teastore-persistence-784748b4b9-wnn8n,luish-aspire-a315-55g
424,2026-01-16 03:19:30,default,teastore-recommender-74559c88-2sc8q,luish-aspire-a315-55g
424,2026-01-16 03:19:30,default,teastore-registry-676858f7cd-rwsr5,scorpius03
424,2026-01-16 03:19:30,default,teastore-webui-558b54cc77-qj5lm,luish-nitro-an515-57
425,2026-01-16 03:19:44,default,teastore-auth-84d7ccddd9-nvb8g,luish-nitro-an515-57
425,2026-01-16 03:19:44,default,teastore-db-84f96b9dd8-lh7vm,scorpius03
425,2026-01-16 03:19:44,default,teastore-image-79674648d-s922j,scorpius03
425,2026-01-16 03:19:44,default,teastore-persistence-784748b4b9-z6h9l,luish-nitro-an515-57
425,2026-01-16 03:19:44,default,teastore-recommender-74559c88-5lgxd,luish-aspire-a315-55g
425,2026-01-16 03:19:44,default,teastore-registry-676858f7cd-9mwqx,leo02
425,2026-01-16 03:19:44,default,teastore-webui-558b54cc77-qj5lm,luish-nitro-an515-57
426,2026-01-16 03:20:03,default,teastore-auth-84d7ccddd9-nvb8g,luish-nitro-an515-57
426,2026-01-16 03:20:03,default,teastore-db-84f96b9dd8-rkd72,scorpius03
426,2026-01-16 03:20:03,default,teastore-image-79674648d-mp24w,luish-nitro-an515-57
426,2026-01-16 03:20:03,default,teastore-persistence-784748b4b9-z6h9l,luish-nitro-an515-57
426,2026-01-16 03:20:03,default,teastore-recommender-74559c88-5zdjj,luish-aspire-a315-55g
426,2026-01-16 03:20:03,default,teastore-registry-676858f7cd-9mwqx,leo02
426,2026-01-16 03:20:03,default,teastore-webui-558b54cc77-r8lgp,leo02
427,2026-01-16 03:20:26,default,teastore-auth-84d7ccddd9-nvb8g,luish-nitro-an515-57
427,2026-01-16 03:20:26,default,teastore-db-84f96b9dd8-z5gm9,luish-aspire-a315-55g
427,2026-01-16 03:20:26,default,teastore-image-79674648d-vxjnh,luish-aspire-a315-55g
427,2026-01-16 03:20:26,default,teastore-persistence-784748b4b9-z6h9l,luish-nitro-an515-57
427,2026-01-16 03:20:26,default,teastore-recommender-74559c88-ddz2s,leo02
427,2026-01-16 03:20:26,default,teastore-registry-676858f7cd-klnvc,leo02
427,2026-01-16 03:20:26,default,teastore-webui-558b54cc77-twj42,scorpius03
428,2026-01-16 03:20:45,default,teastore-auth-84d7ccddd9-586jj,scorpius03
428,2026-01-16 03:20:45,default,teastore-db-84f96b9dd8-z5gm9,luish-aspire-a315-55g
428,2026-01-16 03:20:45,default,teastore-image-79674648d-vxjnh,luish-aspire-a315-55g
428,2026-01-16 03:20:45,default,teastore-persistence-784748b4b9-vc7jg,luish-aspire-a315-55g
428,2026-01-16 03:20:45,default,teastore-recommender-74559c88-w2sxr,scorpius03
428,2026-01-16 03:20:45,default,teastore-registry-676858f7cd-9gv74,luish-aspire-a315-55g
428,2026-01-16 03:20:45,default,teastore-webui-558b54cc77-kqrzh,luish-nitro-an515-57
429,2026-01-16 03:21:29,default,teastore-auth-84d7ccddd9-qcp5r,luish-aspire-a315-55g
429,2026-01-16 03:21:29,default,teastore-db-84f96b9dd8-mbpd4,leo02
429,2026-01-16 03:21:29,default,teastore-image-79674648d-vp7tq,leo02
429,2026-01-16 03:21:29,default,teastore-persistence-784748b4b9-k9r46,luish-aspire-a315-55g
429,2026-01-16 03:21:29,default,teastore-recommender-74559c88-w2sxr,scorpius03
429,2026-01-16 03:21:29,default,teastore-registry-676858f7cd-zmthd,luish-aspire-a315-55g
429,2026-01-16 03:21:29,default,teastore-webui-558b54cc77-r6lgv,leo02
430,2026-01-16 03:21:57,default,teastore-auth-84d7ccddd9-vzfv2,luish-aspire-a315-55g
430,2026-01-16 03:21:57,default,teastore-db-84f96b9dd8-twqqh,scorpius03
430,2026-01-16 03:21:57,default,teastore-image-79674648d-n5z9b,luish-nitro-an515-57
430,2026-01-16 03:21:57,default,teastore-persistence-784748b4b9-k9r46,luish-aspire-a315-55g
430,2026-01-16 03:21:57,default,teastore-recommender-74559c88-jbsh9,leo02
430,2026-01-16 03:21:57,default,teastore-registry-676858f7cd-zmthd,luish-aspire-a315-55g
430,2026-01-16 03:21:57,default,teastore-webui-558b54cc77-tfsqm,scorpius03
431,2026-01-16 03:22:16,default,teastore-auth-84d7ccddd9-vzfv2,luish-aspire-a315-55g
431,2026-01-16 03:22:16,default,teastore-db-84f96b9dd8-twqqh,scorpius03
431,2026-01-16 03:22:16,default,teastore-image-79674648d-n5z9b,luish-nitro-an515-57
431,2026-01-16 03:22:16,default,teastore-persistence-784748b4b9-7pdkf,luish-aspire-a315-55g
431,2026-01-16 03:22:16,default,teastore-recommender-74559c88-jbsh9,leo02
431,2026-01-16 03:22:16,default,teastore-registry-676858f7cd-pn5gx,scorpius03
431,2026-01-16 03:22:16,default,teastore-webui-558b54cc77-tfsqm,scorpius03
432,2026-01-16 03:22:34,default,teastore-auth-84d7ccddd9-xtlg9,luish-nitro-an515-57
432,2026-01-16 03:22:34,default,teastore-db-84f96b9dd8-whvm2,luish-aspire-a315-55g
432,2026-01-16 03:22:34,default,teastore-image-79674648d-n5z9b,luish-nitro-an515-57
432,2026-01-16 03:22:34,default,teastore-persistence-784748b4b9-kd7xk,luish-aspire-a315-55g
432,2026-01-16 03:22:34,default,teastore-recommender-74559c88-s5dxn,luish-aspire-a315-55g
432,2026-01-16 03:22:34,default,teastore-registry-676858f7cd-z8stk,luish-aspire-a315-55g
432,2026-01-16 03:22:34,default,teastore-webui-558b54cc77-tfsqm,scorpius03
433,2026-01-16 03:22:48,default,teastore-auth-84d7ccddd9-xtlg9,luish-nitro-an515-57
433,2026-01-16 03:22:48,default,teastore-db-84f96b9dd8-whvm2,luish-aspire-a315-55g
433,2026-01-16 03:22:48,default,teastore-image-79674648d-hxcw8,leo02
433,2026-01-16 03:22:48,default,teastore-persistence-784748b4b9-ltzkw,scorpius03
433,2026-01-16 03:22:48,default,teastore-recommender-74559c88-s5dxn,luish-aspire-a315-55g
433,2026-01-16 03:22:48,default,teastore-registry-676858f7cd-z8stk,luish-aspire-a315-55g
433,2026-01-16 03:22:48,default,teastore-webui-558b54cc77-xwhq8,luish-nitro-an515-57
434,2026-01-16 03:23:02,default,teastore-auth-84d7ccddd9-xtlg9,luish-nitro-an515-57
434,2026-01-16 03:23:02,default,teastore-db-84f96b9dd8-whvm2,luish-aspire-a315-55g
434,2026-01-16 03:23:02,default,teastore-image-79674648d-hxcw8,leo02
434,2026-01-16 03:23:02,default,teastore-persistence-784748b4b9-ltzkw,scorpius03
434,2026-01-16 03:23:02,default,teastore-recommender-74559c88-s5dxn,luish-aspire-a315-55g
434,2026-01-16 03:23:02,default,teastore-registry-676858f7cd-z8stk,luish-aspire-a315-55g
434,2026-01-16 03:23:02,default,teastore-webui-558b54cc77-xwhq8,luish-nitro-an515-57
435,2026-01-16 03:23:10,default,teastore-auth-84d7ccddd9-xtlg9,luish-nitro-an515-57
435,2026-01-16 03:23:10,default,teastore-db-84f96b9dd8-whvm2,luish-aspire-a315-55g
435,2026-01-16 03:23:10,default,teastore-image-79674648d-hxcw8,leo02
435,2026-01-16 03:23:10,default,teastore-persistence-784748b4b9-ltzkw,scorpius03
435,2026-01-16 03:23:10,default,teastore-recommender-74559c88-s5dxn,luish-aspire-a315-55g
435,2026-01-16 03:23:10,default,teastore-registry-676858f7cd-zgf4w,leo02
435,2026-01-16 03:23:10,default,teastore-webui-558b54cc77-xwhq8,luish-nitro-an515-57
436,2026-01-16 03:23:19,default,teastore-auth-84d7ccddd9-r6ph6,luish-aspire-a315-55g
436,2026-01-16 03:23:19,default,teastore-db-84f96b9dd8-s89qf,luish-aspire-a315-55g
436,2026-01-16 03:23:19,default,teastore-image-79674648d-xzpxh,luish-nitro-an515-57
436,2026-01-16 03:23:19,default,teastore-persistence-784748b4b9-jjwzz,luish-nitro-an515-57
436,2026-01-16 03:23:19,default,teastore-recommender-74559c88-ltdx8,luish-nitro-an515-57
436,2026-01-16 03:23:19,default,teastore-registry-676858f7cd-zgf4w,leo02
436,2026-01-16 03:23:19,default,teastore-webui-558b54cc77-rnkrk,luish-nitro-an515-57
437,2026-01-16 03:23:38,default,teastore-auth-84d7ccddd9-xtmtp,scorpius03
437,2026-01-16 03:23:38,default,teastore-db-84f96b9dd8-s89qf,luish-aspire-a315-55g
437,2026-01-16 03:23:38,default,teastore-image-79674648d-xzpxh,luish-nitro-an515-57
437,2026-01-16 03:23:38,default,teastore-persistence-784748b4b9-bvj6j,leo02
437,2026-01-16 03:23:38,default,teastore-recommender-74559c88-sp4kl,leo02
437,2026-01-16 03:23:38,default,teastore-registry-676858f7cd-glr7b,luish-aspire-a315-55g
437,2026-01-16 03:23:38,default,teastore-webui-558b54cc77-f27f8,leo02
438,2026-01-16 03:23:56,default,teastore-auth-84d7ccddd9-xtmtp,scorpius03
438,2026-01-16 03:23:56,default,teastore-db-84f96b9dd8-s89qf,luish-aspire-a315-55g
438,2026-01-16 03:23:56,default,teastore-image-79674648d-xzpxh,luish-nitro-an515-57
438,2026-01-16 03:23:56,default,teastore-persistence-784748b4b9-bvj6j,leo02
438,2026-01-16 03:23:56,default,teastore-recommender-74559c88-xb2ns,luish-aspire-a315-55g
438,2026-01-16 03:23:56,default,teastore-registry-676858f7cd-jfwmq,luish-nitro-an515-57
438,2026-01-16 03:23:56,default,teastore-webui-558b54cc77-f27f8,leo02
439,2026-01-16 03:24:15,default,teastore-auth-84d7ccddd9-t2mz4,luish-nitro-an515-57
439,2026-01-16 03:24:15,default,teastore-db-84f96b9dd8-xqzgh,luish-aspire-a315-55g
439,2026-01-16 03:24:15,default,teastore-image-79674648d-xngxx,scorpius03
439,2026-01-16 03:24:15,default,teastore-persistence-784748b4b9-vr8gg,luish-aspire-a315-55g
439,2026-01-16 03:24:15,default,teastore-recommender-74559c88-xb2ns,luish-aspire-a315-55g
439,2026-01-16 03:24:15,default,teastore-registry-676858f7cd-xrfhc,luish-aspire-a315-55g
439,2026-01-16 03:24:15,default,teastore-webui-558b54cc77-bzg7h,scorpius03
440,2026-01-16 03:24:29,default,teastore-auth-84d7ccddd9-t2mz4,luish-nitro-an515-57
440,2026-01-16 03:24:29,default,teastore-db-84f96b9dd8-xqzgh,luish-aspire-a315-55g
440,2026-01-16 03:24:29,default,teastore-image-79674648d-xngxx,scorpius03
440,2026-01-16 03:24:29,default,teastore-persistence-784748b4b9-www48,scorpius03
440,2026-01-16 03:24:29,default,teastore-recommender-74559c88-xb2ns,luish-aspire-a315-55g
440,2026-01-16 03:24:29,default,teastore-registry-676858f7cd-z59tl,leo02
440,2026-01-16 03:24:29,default,teastore-webui-558b54cc77-f858x,scorpius03
441,2026-01-16 03:24:37,default,teastore-auth-84d7ccddd9-xpzd9,scorpius03
441,2026-01-16 03:24:37,default,teastore-db-84f96b9dd8-xqzgh,luish-aspire-a315-55g
441,2026-01-16 03:24:37,default,teastore-image-79674648d-jj9vk,luish-aspire-a315-55g
441,2026-01-16 03:24:37,default,teastore-persistence-784748b4b9-www48,scorpius03
441,2026-01-16 03:24:37,default,teastore-recommender-74559c88-v97rm,scorpius03
441,2026-01-16 03:24:37,default,teastore-registry-676858f7cd-z59tl,leo02
441,2026-01-16 03:24:37,default,teastore-webui-558b54cc77-ktccx,luish-aspire-a315-55g
442,2026-01-16 03:25:06,default,teastore-auth-84d7ccddd9-xpzd9,scorpius03
442,2026-01-16 03:25:06,default,teastore-db-84f96b9dd8-q8hj9,luish-aspire-a315-55g
442,2026-01-16 03:25:06,default,teastore-image-79674648d-tl645,scorpius03
442,2026-01-16 03:25:06,default,teastore-persistence-784748b4b9-6mmj8,luish-aspire-a315-55g
442,2026-01-16 03:25:06,default,teastore-recommender-74559c88-ggmrn,leo02
442,2026-01-16 03:25:06,default,teastore-registry-676858f7cd-826nv,scorpius03
442,2026-01-16 03:25:06,default,teastore-webui-558b54cc77-ktccx,luish-aspire-a315-55g
443,2026-01-16 03:25:25,default,teastore-auth-84d7ccddd9-sr6b8,leo02
443,2026-01-16 03:25:25,default,teastore-db-84f96b9dd8-b8z9l,leo02
443,2026-01-16 03:25:25,default,teastore-image-79674648d-tl645,scorpius03
443,2026-01-16 03:25:25,default,teastore-persistence-784748b4b9-bwg4g,leo02
443,2026-01-16 03:25:25,default,teastore-recommender-74559c88-rqg7t,leo02
443,2026-01-16 03:25:25,default,teastore-registry-676858f7cd-dhc9j,luish-aspire-a315-55g
443,2026-01-16 03:25:25,default,teastore-webui-558b54cc77-x4vr7,scorpius03
444,2026-01-16 03:25:53,default,teastore-auth-84d7ccddd9-d7v2n,scorpius03
444,2026-01-16 03:25:53,default,teastore-db-84f96b9dd8-b6l4m,luish-aspire-a315-55g
444,2026-01-16 03:25:53,default,teastore-image-79674648d-l9j5s,luish-nitro-an515-57
444,2026-01-16 03:25:53,default,teastore-persistence-784748b4b9-tdhgj,luish-aspire-a315-55g
444,2026-01-16 03:25:53,default,teastore-recommender-74559c88-tjqhw,luish-aspire-a315-55g
444,2026-01-16 03:25:53,default,teastore-registry-676858f7cd-dhc9j,luish-aspire-a315-55g
444,2026-01-16 03:25:53,default,teastore-webui-558b54cc77-x4vr7,scorpius03
445,2026-01-16 03:26:02,default,teastore-auth-84d7ccddd9-xgg7l,luish-aspire-a315-55g
445,2026-01-16 03:26:02,default,teastore-db-84f96b9dd8-fzq24,leo02
445,2026-01-16 03:26:02,default,teastore-image-79674648d-z7g7j,leo02
445,2026-01-16 03:26:02,default,teastore-persistence-784748b4b9-tdhgj,luish-aspire-a315-55g
445,2026-01-16 03:26:02,default,teastore-recommender-74559c88-tjqhw,luish-aspire-a315-55g
445,2026-01-16 03:26:02,default,teastore-registry-676858f7cd-k5h2r,leo02
445,2026-01-16 03:26:02,default,teastore-webui-558b54cc77-x4vr7,scorpius03
446,2026-01-16 03:26:16,default,teastore-auth-84d7ccddd9-xgg7l,luish-aspire-a315-55g
446,2026-01-16 03:26:16,default,teastore-db-84f96b9dd8-gxcwh,luish-nitro-an515-57
446,2026-01-16 03:26:16,default,teastore-image-79674648d-z7g7j,leo02
446,2026-01-16 03:26:16,default,teastore-persistence-784748b4b9-tdhgj,luish-aspire-a315-55g
446,2026-01-16 03:26:16,default,teastore-recommender-74559c88-tjqhw,luish-aspire-a315-55g
446,2026-01-16 03:26:16,default,teastore-registry-676858f7cd-k5h2r,leo02
446,2026-01-16 03:26:16,default,teastore-webui-558b54cc77-x4vr7,scorpius03
447,2026-01-16 03:26:25,default,teastore-auth-84d7ccddd9-xgg7l,luish-aspire-a315-55g
447,2026-01-16 03:26:25,default,teastore-db-84f96b9dd8-gxcwh,luish-nitro-an515-57
447,2026-01-16 03:26:25,default,teastore-image-79674648d-z7g7j,leo02
447,2026-01-16 03:26:25,default,teastore-persistence-784748b4b9-tdhgj,luish-aspire-a315-55g
447,2026-01-16 03:26:25,default,teastore-recommender-74559c88-tjqhw,luish-aspire-a315-55g
447,2026-01-16 03:26:25,default,teastore-registry-676858f7cd-k5h2r,leo02
447,2026-01-16 03:26:25,default,teastore-webui-558b54cc77-qsxc7,luish-aspire-a315-55g
448,2026-01-16 03:26:34,default,teastore-auth-84d7ccddd9-xgg7l,luish-aspire-a315-55g
448,2026-01-16 03:26:34,default,teastore-db-84f96b9dd8-rnv56,luish-aspire-a315-55g
448,2026-01-16 03:26:34,default,teastore-image-79674648d-z7g7j,leo02
448,2026-01-16 03:26:34,default,teastore-persistence-784748b4b9-rwhp2,scorpius03
448,2026-01-16 03:26:34,default,teastore-recommender-74559c88-tjqhw,luish-aspire-a315-55g
448,2026-01-16 03:26:34,default,teastore-registry-676858f7cd-k5h2r,leo02
448,2026-01-16 03:26:34,default,teastore-webui-558b54cc77-qsxc7,luish-aspire-a315-55g
449,2026-01-16 03:26:43,default,teastore-auth-84d7ccddd9-xgg7l,luish-aspire-a315-55g
449,2026-01-16 03:26:43,default,teastore-db-84f96b9dd8-rnv56,luish-aspire-a315-55g
449,2026-01-16 03:26:43,default,teastore-image-79674648d-z7g7j,leo02
449,2026-01-16 03:26:43,default,teastore-persistence-784748b4b9-j8s5s,leo02
449,2026-01-16 03:26:43,default,teastore-recommender-74559c88-qp9j6,luish-aspire-a315-55g
449,2026-01-16 03:26:43,default,teastore-registry-676858f7cd-zg77s,luish-nitro-an515-57
449,2026-01-16 03:26:43,default,teastore-webui-558b54cc77-s55cl,scorpius03
450,2026-01-16 03:26:52,default,teastore-auth-84d7ccddd9-wjn8c,luish-aspire-a315-55g
450,2026-01-16 03:26:52,default,teastore-db-84f96b9dd8-rnv56,luish-aspire-a315-55g
450,2026-01-16 03:26:52,default,teastore-image-79674648d-qkl69,luish-nitro-an515-57
450,2026-01-16 03:26:52,default,teastore-persistence-784748b4b9-j8s5s,leo02
450,2026-01-16 03:26:52,default,teastore-recommender-74559c88-qp9j6,luish-aspire-a315-55g
450,2026-01-16 03:26:52,default,teastore-registry-676858f7cd-zg77s,luish-nitro-an515-57
450,2026-01-16 03:26:52,default,teastore-webui-558b54cc77-v4b2k,scorpius03
451,2026-01-16 03:27:00,default,teastore-auth-84d7ccddd9-wjn8c,luish-aspire-a315-55g
451,2026-01-16 03:27:00,default,teastore-db-84f96b9dd8-rnv56,luish-aspire-a315-55g
451,2026-01-16 03:27:00,default,teastore-image-79674648d-qkl69,luish-nitro-an515-57
451,2026-01-16 03:27:00,default,teastore-persistence-784748b4b9-j8s5s,leo02
451,2026-01-16 03:27:00,default,teastore-recommender-74559c88-qp9j6,luish-aspire-a315-55g
451,2026-01-16 03:27:00,default,teastore-registry-676858f7cd-zg77s,luish-nitro-an515-57
451,2026-01-16 03:27:00,default,teastore-webui-558b54cc77-v4b2k,scorpius03
452,2026-01-16 03:27:09,default,teastore-auth-84d7ccddd9-wjn8c,luish-aspire-a315-55g
452,2026-01-16 03:27:09,default,teastore-db-84f96b9dd8-rnv56,luish-aspire-a315-55g
452,2026-01-16 03:27:09,default,teastore-image-79674648d-w2x2w,luish-aspire-a315-55g
452,2026-01-16 03:27:09,default,teastore-persistence-784748b4b9-qbnlc,leo02
452,2026-01-16 03:27:09,default,teastore-recommender-74559c88-nng5f,luish-nitro-an515-57
452,2026-01-16 03:27:09,default,teastore-registry-676858f7cd-zg77s,luish-nitro-an515-57
452,2026-01-16 03:27:09,default,teastore-webui-558b54cc77-v4b2k,scorpius03
453,2026-01-16 03:27:18,default,teastore-auth-84d7ccddd9-xmg2q,luish-nitro-an515-57
453,2026-01-16 03:27:18,default,teastore-db-84f96b9dd8-rcwzh,scorpius03
453,2026-01-16 03:27:18,default,teastore-image-79674648d-w2x2w,luish-aspire-a315-55g
453,2026-01-16 03:27:18,default,teastore-persistence-784748b4b9-qbnlc,leo02
453,2026-01-16 03:27:18,default,teastore-recommender-74559c88-nng5f,luish-nitro-an515-57
453,2026-01-16 03:27:18,default,teastore-registry-676858f7cd-szmzj,scorpius03
453,2026-01-16 03:27:18,default,teastore-webui-558b54cc77-v4b2k,scorpius03
454,2026-01-16 03:27:27,default,teastore-auth-84d7ccddd9-xmg2q,luish-nitro-an515-57
454,2026-01-16 03:27:27,default,teastore-db-84f96b9dd8-rcwzh,scorpius03
454,2026-01-16 03:27:27,default,teastore-image-79674648d-w2x2w,luish-aspire-a315-55g
454,2026-01-16 03:27:27,default,teastore-persistence-784748b4b9-qbnlc,leo02
454,2026-01-16 03:27:27,default,teastore-recommender-74559c88-zhb9f,scorpius03
454,2026-01-16 03:27:27,default,teastore-registry-676858f7cd-szmzj,scorpius03
454,2026-01-16 03:27:27,default,teastore-webui-558b54cc77-pkknv,scorpius03
455,2026-01-16 03:27:35,default,teastore-auth-84d7ccddd9-xmg2q,luish-nitro-an515-57
455,2026-01-16 03:27:35,default,teastore-db-84f96b9dd8-t2lzb,leo02
455,2026-01-16 03:27:35,default,teastore-image-79674648d-w2x2w,luish-aspire-a315-55g
455,2026-01-16 03:27:35,default,teastore-persistence-784748b4b9-tzmhv,luish-aspire-a315-55g
455,2026-01-16 03:27:35,default,teastore-recommender-74559c88-zhb9f,scorpius03
455,2026-01-16 03:27:35,default,teastore-registry-676858f7cd-wvnkc,leo02
455,2026-01-16 03:27:35,default,teastore-webui-558b54cc77-sf2mm,scorpius03
456,2026-01-16 03:27:44,default,teastore-auth-84d7ccddd9-xmg2q,luish-nitro-an515-57
456,2026-01-16 03:27:44,default,teastore-db-84f96b9dd8-t2lzb,leo02
456,2026-01-16 03:27:44,default,teastore-image-79674648d-w2x2w,luish-aspire-a315-55g
456,2026-01-16 03:27:44,default,teastore-persistence-784748b4b9-tzmhv,luish-aspire-a315-55g
456,2026-01-16 03:27:44,default,teastore-recommender-74559c88-zhb9f,scorpius03
456,2026-01-16 03:27:44,default,teastore-registry-676858f7cd-wvnkc,leo02
456,2026-01-16 03:27:44,default,teastore-webui-558b54cc77-sf2mm,scorpius03
457,2026-01-16 03:27:53,default,teastore-auth-84d7ccddd9-sf697,leo02
457,2026-01-16 03:27:53,default,teastore-db-84f96b9dd8-vjjlk,leo02
457,2026-01-16 03:27:53,default,teastore-image-79674648d-w2x2w,luish-aspire-a315-55g
457,2026-01-16 03:27:53,default,teastore-persistence-784748b4b9-xmhkh,luish-nitro-an515-57
457,2026-01-16 03:27:53,default,teastore-recommender-74559c88-zhb9f,scorpius03
457,2026-01-16 03:27:53,default,teastore-registry-676858f7cd-wvnkc,leo02
457,2026-01-16 03:27:53,default,teastore-webui-558b54cc77-sf2mm,scorpius03
458,2026-01-16 03:28:02,default,teastore-auth-84d7ccddd9-sf697,leo02
458,2026-01-16 03:28:02,default,teastore-db-84f96b9dd8-vjjlk,leo02
458,2026-01-16 03:28:02,default,teastore-image-79674648d-s5fqt,luish-aspire-a315-55g
458,2026-01-16 03:28:02,default,teastore-persistence-784748b4b9-xmhkh,luish-nitro-an515-57
458,2026-01-16 03:28:02,default,teastore-recommender-74559c88-tlzcj,scorpius03
458,2026-01-16 03:28:02,default,teastore-registry-676858f7cd-wvnkc,leo02
458,2026-01-16 03:28:02,default,teastore-webui-558b54cc77-sf2mm,scorpius03
459,2026-01-16 03:28:11,default,teastore-auth-84d7ccddd9-w7f8n,luish-nitro-an515-57
459,2026-01-16 03:28:11,default,teastore-db-84f96b9dd8-xn6tj,luish-aspire-a315-55g
459,2026-01-16 03:28:11,default,teastore-image-79674648d-s5fqt,luish-aspire-a315-55g
459,2026-01-16 03:28:11,default,teastore-persistence-784748b4b9-xmhkh,luish-nitro-an515-57
459,2026-01-16 03:28:11,default,teastore-recommender-74559c88-tlzcj,scorpius03
459,2026-01-16 03:28:11,default,teastore-registry-676858f7cd-wknlj,luish-aspire-a315-55g
459,2026-01-16 03:28:11,default,teastore-webui-558b54cc77-pphkt,luish-nitro-an515-57
460,2026-01-16 03:28:19,default,teastore-auth-84d7ccddd9-w7f8n,luish-nitro-an515-57
460,2026-01-16 03:28:19,default,teastore-db-84f96b9dd8-xn6tj,luish-aspire-a315-55g
460,2026-01-16 03:28:19,default,teastore-image-79674648d-wdtsj,luish-aspire-a315-55g
460,2026-01-16 03:28:19,default,teastore-persistence-784748b4b9-xmhkh,luish-nitro-an515-57
460,2026-01-16 03:28:19,default,teastore-recommender-74559c88-xl68g,leo02
460,2026-01-16 03:28:19,default,teastore-registry-676858f7cd-wknlj,luish-aspire-a315-55g
460,2026-01-16 03:28:19,default,teastore-webui-558b54cc77-lqcvb,luish-nitro-an515-57
461,2026-01-16 03:28:38,default,teastore-auth-84d7ccddd9-x84gr,leo02
461,2026-01-16 03:28:38,default,teastore-db-84f96b9dd8-xn6tj,luish-aspire-a315-55g
461,2026-01-16 03:28:38,default,teastore-image-79674648d-wdtsj,luish-aspire-a315-55g
461,2026-01-16 03:28:38,default,teastore-persistence-784748b4b9-qng98,luish-aspire-a315-55g
461,2026-01-16 03:28:38,default,teastore-recommender-74559c88-xl68g,leo02
461,2026-01-16 03:28:38,default,teastore-registry-676858f7cd-wknlj,luish-aspire-a315-55g
461,2026-01-16 03:28:38,default,teastore-webui-558b54cc77-nv9kc,luish-nitro-an515-57
462,2026-01-16 03:29:02,default,teastore-auth-84d7ccddd9-xpr72,leo02
462,2026-01-16 03:29:02,default,teastore-db-84f96b9dd8-nfwt8,leo02
462,2026-01-16 03:29:02,default,teastore-image-79674648d-wdtsj,luish-aspire-a315-55g
462,2026-01-16 03:29:02,default,teastore-persistence-784748b4b9-vt6qs,luish-aspire-a315-55g
462,2026-01-16 03:29:02,default,teastore-recommender-74559c88-5sr9t,scorpius03
462,2026-01-16 03:29:02,default,teastore-registry-676858f7cd-ssdsh,luish-nitro-an515-57
462,2026-01-16 03:29:02,default,teastore-webui-558b54cc77-nv9kc,luish-nitro-an515-57
463,2026-01-16 03:29:30,default,teastore-auth-84d7ccddd9-xpr72,leo02
463,2026-01-16 03:29:30,default,teastore-db-84f96b9dd8-6fmvd,leo02
463,2026-01-16 03:29:30,default,teastore-image-79674648d-pt2nz,scorpius03
463,2026-01-16 03:29:30,default,teastore-persistence-784748b4b9-vt6qs,luish-aspire-a315-55g
463,2026-01-16 03:29:30,default,teastore-recommender-74559c88-m4sgj,scorpius03
463,2026-01-16 03:29:30,default,teastore-registry-676858f7cd-75jg6,luish-aspire-a315-55g
463,2026-01-16 03:29:30,default,teastore-webui-558b54cc77-nv9kc,luish-nitro-an515-57
464,2026-01-16 03:29:59,default,teastore-auth-84d7ccddd9-rvk2k,leo02
464,2026-01-16 03:29:59,default,teastore-db-84f96b9dd8-stq98,scorpius03
464,2026-01-16 03:29:59,default,teastore-image-79674648d-hdgqz,luish-aspire-a315-55g
464,2026-01-16 03:29:59,default,teastore-persistence-784748b4b9-s675p,luish-aspire-a315-55g
464,2026-01-16 03:29:59,default,teastore-recommender-74559c88-m4sgj,scorpius03
464,2026-01-16 03:29:59,default,teastore-registry-676858f7cd-75jg6,luish-aspire-a315-55g
464,2026-01-16 03:29:59,default,teastore-webui-558b54cc77-z828f,luish-aspire-a315-55g
465,2026-01-16 03:30:28,default,teastore-auth-84d7ccddd9-rjxs4,luish-aspire-a315-55g
465,2026-01-16 03:30:28,default,teastore-db-84f96b9dd8-s6jn2,leo02
465,2026-01-16 03:30:28,default,teastore-image-79674648d-9sdcl,luish-nitro-an515-57
465,2026-01-16 03:30:28,default,teastore-persistence-784748b4b9-j24n4,luish-nitro-an515-57
465,2026-01-16 03:30:28,default,teastore-recommender-74559c88-7vn4r,leo02
465,2026-01-16 03:30:28,default,teastore-registry-676858f7cd-8whxw,scorpius03
465,2026-01-16 03:30:28,default,teastore-webui-558b54cc77-z828f,luish-aspire-a315-55g
466,2026-01-16 03:30:51,default,teastore-auth-84d7ccddd9-mjnfm,scorpius03
466,2026-01-16 03:30:51,default,teastore-db-84f96b9dd8-7cz59,leo02
466,2026-01-16 03:30:51,default,teastore-image-79674648d-d4tzk,luish-nitro-an515-57
466,2026-01-16 03:30:51,default,teastore-persistence-784748b4b9-vbfm8,luish-aspire-a315-55g
466,2026-01-16 03:30:51,default,teastore-recommender-74559c88-sb8fr,scorpius03
466,2026-01-16 03:30:51,default,teastore-registry-676858f7cd-gmmwh,luish-aspire-a315-55g
466,2026-01-16 03:30:51,default,teastore-webui-558b54cc77-lwj56,luish-aspire-a315-55g
467,2026-01-16 03:31:10,default,teastore-auth-84d7ccddd9-gptbb,leo02
467,2026-01-16 03:31:10,default,teastore-db-84f96b9dd8-jfmn4,scorpius03
467,2026-01-16 03:31:10,default,teastore-image-79674648d-whctp,scorpius03
467,2026-01-16 03:31:10,default,teastore-persistence-784748b4b9-vbfm8,luish-aspire-a315-55g
467,2026-01-16 03:31:10,default,teastore-recommender-74559c88-sb8fr,scorpius03
467,2026-01-16 03:31:10,default,teastore-registry-676858f7cd-n2x46,leo02
467,2026-01-16 03:31:10,default,teastore-webui-558b54cc77-prkw9,luish-aspire-a315-55g
468,2026-01-16 03:31:39,default,teastore-auth-84d7ccddd9-lhkhw,leo02
468,2026-01-16 03:31:39,default,teastore-db-84f96b9dd8-jfmn4,scorpius03
468,2026-01-16 03:31:39,default,teastore-image-79674648d-whctp,scorpius03
468,2026-01-16 03:31:39,default,teastore-persistence-784748b4b9-shq8d,scorpius03
468,2026-01-16 03:31:39,default,teastore-recommender-74559c88-pr6kv,scorpius03
468,2026-01-16 03:31:39,default,teastore-registry-676858f7cd-n2x46,leo02
468,2026-01-16 03:31:39,default,teastore-webui-558b54cc77-prkw9,luish-aspire-a315-55g
469,2026-01-16 03:32:08,default,teastore-auth-84d7ccddd9-rsk7c,scorpius03
469,2026-01-16 03:32:08,default,teastore-db-84f96b9dd8-d2mvc,scorpius03
469,2026-01-16 03:32:08,default,teastore-image-79674648d-rxt64,leo02
469,2026-01-16 03:32:08,default,teastore-persistence-784748b4b9-prwbp,luish-aspire-a315-55g
469,2026-01-16 03:32:08,default,teastore-recommender-74559c88-zb8bt,luish-aspire-a315-55g
469,2026-01-16 03:32:08,default,teastore-registry-676858f7cd-9kb6g,leo02
469,2026-01-16 03:32:08,default,teastore-webui-558b54cc77-nvx4n,scorpius03
470,2026-01-16 03:32:36,default,teastore-auth-84d7ccddd9-rsk7c,scorpius03
470,2026-01-16 03:32:36,default,teastore-db-84f96b9dd8-krkv4,luish-aspire-a315-55g
470,2026-01-16 03:32:36,default,teastore-image-79674648d-rxt64,leo02
470,2026-01-16 03:32:36,default,teastore-persistence-784748b4b9-prwbp,luish-aspire-a315-55g
470,2026-01-16 03:32:36,default,teastore-recommender-74559c88-zb8bt,luish-aspire-a315-55g
470,2026-01-16 03:32:36,default,teastore-registry-676858f7cd-lh4st,leo02
470,2026-01-16 03:32:36,default,teastore-webui-558b54cc77-wxvhj,leo02
471,2026-01-16 03:32:45,default,teastore-auth-84d7ccddd9-rsk7c,scorpius03
471,2026-01-16 03:32:45,default,teastore-db-84f96b9dd8-vq9mm,luish-aspire-a315-55g
471,2026-01-16 03:32:45,default,teastore-image-79674648d-rxt64,leo02
471,2026-01-16 03:32:45,default,teastore-persistence-784748b4b9-tj8bw,luish-nitro-an515-57
471,2026-01-16 03:32:45,default,teastore-recommender-74559c88-zb8bt,luish-aspire-a315-55g
471,2026-01-16 03:32:45,default,teastore-registry-676858f7cd-lh4st,leo02
471,2026-01-16 03:32:45,default,teastore-webui-558b54cc77-zz6vh,luish-aspire-a315-55g
472,2026-01-16 03:33:14,default,teastore-auth-84d7ccddd9-lv979,leo02
472,2026-01-16 03:33:14,default,teastore-db-84f96b9dd8-vq9mm,luish-aspire-a315-55g
472,2026-01-16 03:33:14,default,teastore-image-79674648d-5rxkf,leo02
472,2026-01-16 03:33:14,default,teastore-persistence-784748b4b9-tj8bw,luish-nitro-an515-57
472,2026-01-16 03:33:14,default,teastore-recommender-74559c88-w6mjt,luish-aspire-a315-55g
472,2026-01-16 03:33:14,default,teastore-registry-676858f7cd-sg58x,leo02
472,2026-01-16 03:33:14,default,teastore-webui-558b54cc77-zz6vh,luish-aspire-a315-55g
473,2026-01-16 03:33:32,default,teastore-auth-84d7ccddd9-dzrb5,leo02
473,2026-01-16 03:33:32,default,teastore-db-84f96b9dd8-qqp6j,luish-aspire-a315-55g
473,2026-01-16 03:33:32,default,teastore-image-79674648d-l4nsc,scorpius03
473,2026-01-16 03:33:32,default,teastore-persistence-784748b4b9-tj8bw,luish-nitro-an515-57
473,2026-01-16 03:33:32,default,teastore-recommender-74559c88-w6mjt,luish-aspire-a315-55g
473,2026-01-16 03:33:32,default,teastore-registry-676858f7cd-sg58x,leo02
473,2026-01-16 03:33:32,default,teastore-webui-558b54cc77-xwhvb,luish-nitro-an515-57
474,2026-01-16 03:34:01,default,teastore-auth-84d7ccddd9-x9fq8,luish-aspire-a315-55g
474,2026-01-16 03:34:01,default,teastore-db-84f96b9dd8-qqp6j,luish-aspire-a315-55g
474,2026-01-16 03:34:01,default,teastore-image-79674648d-l4nsc,scorpius03
474,2026-01-16 03:34:01,default,teastore-persistence-784748b4b9-5r9kb,luish-aspire-a315-55g
474,2026-01-16 03:34:01,default,teastore-recommender-74559c88-xpm9h,leo02
474,2026-01-16 03:34:01,default,teastore-registry-676858f7cd-z65hg,leo02
474,2026-01-16 03:34:01,default,teastore-webui-558b54cc77-xwhvb,luish-nitro-an515-57
475,2026-01-16 03:34:30,default,teastore-auth-84d7ccddd9-x9fq8,luish-aspire-a315-55g
475,2026-01-16 03:34:30,default,teastore-db-84f96b9dd8-htwnc,luish-aspire-a315-55g
475,2026-01-16 03:34:30,default,teastore-image-79674648d-8vgfv,luish-aspire-a315-55g
475,2026-01-16 03:34:30,default,teastore-persistence-784748b4b9-zzhjb,luish-aspire-a315-55g
475,2026-01-16 03:34:30,default,teastore-recommender-74559c88-xpm9h,leo02
475,2026-01-16 03:34:30,default,teastore-registry-676858f7cd-z65hg,leo02
475,2026-01-16 03:34:30,default,teastore-webui-558b54cc77-xwhvb,luish-nitro-an515-57
476,2026-01-16 03:34:53,default,teastore-auth-84d7ccddd9-mh27w,scorpius03
476,2026-01-16 03:34:53,default,teastore-db-84f96b9dd8-htwnc,luish-aspire-a315-55g
476,2026-01-16 03:34:53,default,teastore-image-79674648d-ls46h,leo02
476,2026-01-16 03:34:53,default,teastore-persistence-784748b4b9-zzhjb,luish-aspire-a315-55g
476,2026-01-16 03:34:53,default,teastore-recommender-74559c88-h7szf,luish-nitro-an515-57
476,2026-01-16 03:34:53,default,teastore-registry-676858f7cd-r8ghx,luish-aspire-a315-55g
476,2026-01-16 03:34:53,default,teastore-webui-558b54cc77-pb5zm,luish-aspire-a315-55g
477,2026-01-16 03:35:12,default,teastore-auth-84d7ccddd9-tntqc,leo02
477,2026-01-16 03:35:12,default,teastore-db-84f96b9dd8-xjf2c,leo02
477,2026-01-16 03:35:12,default,teastore-image-79674648d-ls46h,leo02
477,2026-01-16 03:35:12,default,teastore-persistence-784748b4b9-zzhjb,luish-aspire-a315-55g
477,2026-01-16 03:35:12,default,teastore-recommender-74559c88-lhvvw,luish-nitro-an515-57
477,2026-01-16 03:35:12,default,teastore-registry-676858f7cd-xw9cb,scorpius03
477,2026-01-16 03:35:12,default,teastore-webui-558b54cc77-pb5zm,luish-aspire-a315-55g
478,2026-01-16 03:35:36,default,teastore-auth-84d7ccddd9-tntqc,leo02
478,2026-01-16 03:35:36,default,teastore-db-84f96b9dd8-xjf2c,leo02
478,2026-01-16 03:35:36,default,teastore-image-79674648d-ls46h,leo02
478,2026-01-16 03:35:36,default,teastore-persistence-784748b4b9-qdbbl,luish-nitro-an515-57
478,2026-01-16 03:35:36,default,teastore-recommender-74559c88-vmmls,luish-nitro-an515-57
478,2026-01-16 03:35:36,default,teastore-registry-676858f7cd-xw9cb,scorpius03
478,2026-01-16 03:35:36,default,teastore-webui-558b54cc77-pb5zm,luish-aspire-a315-55g
479,2026-01-16 03:35:45,default,teastore-auth-84d7ccddd9-vk7bx,luish-aspire-a315-55g
479,2026-01-16 03:35:45,default,teastore-db-84f96b9dd8-xjf2c,leo02
479,2026-01-16 03:35:45,default,teastore-image-79674648d-dxw4f,scorpius03
479,2026-01-16 03:35:45,default,teastore-persistence-784748b4b9-qdbbl,luish-nitro-an515-57
479,2026-01-16 03:35:45,default,teastore-recommender-74559c88-vmmls,luish-nitro-an515-57
479,2026-01-16 03:35:45,default,teastore-registry-676858f7cd-xw9cb,scorpius03
479,2026-01-16 03:35:45,default,teastore-webui-558b54cc77-vdvnt,luish-aspire-a315-55g
480,2026-01-16 03:35:58,default,teastore-auth-84d7ccddd9-vk7bx,luish-aspire-a315-55g
480,2026-01-16 03:35:58,default,teastore-db-84f96b9dd8-xjf2c,leo02
480,2026-01-16 03:35:58,default,teastore-image-79674648d-lllgl,luish-nitro-an515-57
480,2026-01-16 03:35:58,default,teastore-persistence-784748b4b9-qdbbl,luish-nitro-an515-57
480,2026-01-16 03:35:58,default,teastore-recommender-74559c88-vmmls,luish-nitro-an515-57
480,2026-01-16 03:35:58,default,teastore-registry-676858f7cd-xw9cb,scorpius03
480,2026-01-16 03:35:58,default,teastore-webui-558b54cc77-vdvnt,luish-aspire-a315-55g
481,2026-01-16 03:36:08,default,teastore-auth-84d7ccddd9-vk7bx,luish-aspire-a315-55g
481,2026-01-16 03:36:08,default,teastore-db-84f96b9dd8-xhzlw,scorpius03
481,2026-01-16 03:36:08,default,teastore-image-79674648d-lllgl,luish-nitro-an515-57
481,2026-01-16 03:36:08,default,teastore-persistence-784748b4b9-l6fm2,luish-aspire-a315-55g
481,2026-01-16 03:36:08,default,teastore-recommender-74559c88-hq6cf,leo02
481,2026-01-16 03:36:08,default,teastore-registry-676858f7cd-twxhp,scorpius03
481,2026-01-16 03:36:08,default,teastore-webui-558b54cc77-vdvnt,luish-aspire-a315-55g
482,2026-01-16 03:36:27,default,teastore-auth-84d7ccddd9-pzsnw,luish-aspire-a315-55g
482,2026-01-16 03:36:27,default,teastore-db-84f96b9dd8-hltdr,leo02
482,2026-01-16 03:36:27,default,teastore-image-79674648d-lllgl,luish-nitro-an515-57
482,2026-01-16 03:36:27,default,teastore-persistence-784748b4b9-srj6f,luish-aspire-a315-55g
482,2026-01-16 03:36:27,default,teastore-recommender-74559c88-hsq2b,scorpius03
482,2026-01-16 03:36:27,default,teastore-registry-676858f7cd-twxhp,scorpius03
482,2026-01-16 03:36:27,default,teastore-webui-558b54cc77-r44zk,leo02
483,2026-01-16 03:36:45,default,teastore-auth-84d7ccddd9-pzsnw,luish-aspire-a315-55g
483,2026-01-16 03:36:45,default,teastore-db-84f96b9dd8-whxr5,luish-aspire-a315-55g
483,2026-01-16 03:36:45,default,teastore-image-79674648d-x5g6g,scorpius03
483,2026-01-16 03:36:45,default,teastore-persistence-784748b4b9-srj6f,luish-aspire-a315-55g
483,2026-01-16 03:36:45,default,teastore-recommender-74559c88-lgbng,leo02
483,2026-01-16 03:36:45,default,teastore-registry-676858f7cd-twxhp,scorpius03
483,2026-01-16 03:36:45,default,teastore-webui-558b54cc77-r44zk,leo02
484,2026-01-16 03:36:54,default,teastore-auth-84d7ccddd9-pzsnw,luish-aspire-a315-55g
484,2026-01-16 03:36:54,default,teastore-db-84f96b9dd8-whxr5,luish-aspire-a315-55g
484,2026-01-16 03:36:54,default,teastore-image-79674648d-x5g6g,scorpius03
484,2026-01-16 03:36:54,default,teastore-persistence-784748b4b9-srj6f,luish-aspire-a315-55g
484,2026-01-16 03:36:54,default,teastore-recommender-74559c88-qxd9p,luish-nitro-an515-57
484,2026-01-16 03:36:54,default,teastore-registry-676858f7cd-rh224,luish-aspire-a315-55g
484,2026-01-16 03:36:54,default,teastore-webui-558b54cc77-l6qhm,luish-aspire-a315-55g
485,2026-01-16 03:37:03,default,teastore-auth-84d7ccddd9-pzsnw,luish-aspire-a315-55g
485,2026-01-16 03:37:03,default,teastore-db-84f96b9dd8-x5pmt,leo02
485,2026-01-16 03:37:03,default,teastore-image-79674648d-x5g6g,scorpius03
485,2026-01-16 03:37:03,default,teastore-persistence-784748b4b9-srj6f,luish-aspire-a315-55g
485,2026-01-16 03:37:03,default,teastore-recommender-74559c88-qxd9p,luish-nitro-an515-57
485,2026-01-16 03:37:03,default,teastore-registry-676858f7cd-rh224,luish-aspire-a315-55g
485,2026-01-16 03:37:03,default,teastore-webui-558b54cc77-nmpb6,luish-nitro-an515-57
486,2026-01-16 03:37:12,default,teastore-auth-84d7ccddd9-q9dbb,scorpius03
486,2026-01-16 03:37:12,default,teastore-db-84f96b9dd8-x5pmt,leo02
486,2026-01-16 03:37:12,default,teastore-image-79674648d-x5g6g,scorpius03
486,2026-01-16 03:37:12,default,teastore-persistence-784748b4b9-srj6f,luish-aspire-a315-55g
486,2026-01-16 03:37:12,default,teastore-recommender-74559c88-qxd9p,luish-nitro-an515-57
486,2026-01-16 03:37:12,default,teastore-registry-676858f7cd-rh224,luish-aspire-a315-55g
486,2026-01-16 03:37:12,default,teastore-webui-558b54cc77-xj6bg,luish-nitro-an515-57
487,2026-01-16 03:37:20,default,teastore-auth-84d7ccddd9-q9dbb,scorpius03
487,2026-01-16 03:37:20,default,teastore-db-84f96b9dd8-x5pmt,leo02
487,2026-01-16 03:37:20,default,teastore-image-79674648d-vngh4,leo02
487,2026-01-16 03:37:20,default,teastore-persistence-784748b4b9-jthhx,luish-aspire-a315-55g
487,2026-01-16 03:37:20,default,teastore-recommender-74559c88-qxd9p,luish-nitro-an515-57
487,2026-01-16 03:37:20,default,teastore-registry-676858f7cd-m4xm8,leo02
487,2026-01-16 03:37:20,default,teastore-webui-558b54cc77-xj6bg,luish-nitro-an515-57
488,2026-01-16 03:37:30,default,teastore-auth-84d7ccddd9-q9dbb,scorpius03
488,2026-01-16 03:37:30,default,teastore-db-84f96b9dd8-x5pmt,leo02
488,2026-01-16 03:37:30,default,teastore-image-79674648d-vngh4,leo02
488,2026-01-16 03:37:30,default,teastore-persistence-784748b4b9-l5sd8,luish-aspire-a315-55g
488,2026-01-16 03:37:30,default,teastore-recommender-74559c88-mjdfz,luish-aspire-a315-55g
488,2026-01-16 03:37:30,default,teastore-registry-676858f7cd-m4xm8,leo02
488,2026-01-16 03:37:30,default,teastore-webui-558b54cc77-xj6bg,luish-nitro-an515-57
489,2026-01-16 03:37:38,default,teastore-auth-84d7ccddd9-q9dbb,scorpius03
489,2026-01-16 03:37:38,default,teastore-db-84f96b9dd8-v2trd,luish-nitro-an515-57
489,2026-01-16 03:37:38,default,teastore-image-79674648d-vngh4,leo02
489,2026-01-16 03:37:38,default,teastore-persistence-784748b4b9-l5sd8,luish-aspire-a315-55g
489,2026-01-16 03:37:38,default,teastore-recommender-74559c88-mjdfz,luish-aspire-a315-55g
489,2026-01-16 03:37:38,default,teastore-registry-676858f7cd-kcnwt,scorpius03
489,2026-01-16 03:37:38,default,teastore-webui-558b54cc77-xj6bg,luish-nitro-an515-57
490,2026-01-16 03:37:47,default,teastore-auth-84d7ccddd9-njczh,leo02
490,2026-01-16 03:37:47,default,teastore-db-84f96b9dd8-wl5mh,leo02
490,2026-01-16 03:37:47,default,teastore-image-79674648d-v7p9z,luish-aspire-a315-55g
490,2026-01-16 03:37:47,default,teastore-persistence-784748b4b9-l5sd8,luish-aspire-a315-55g
490,2026-01-16 03:37:47,default,teastore-recommender-74559c88-mj9hh,scorpius03
490,2026-01-16 03:37:47,default,teastore-registry-676858f7cd-kcnwt,scorpius03
490,2026-01-16 03:37:47,default,teastore-webui-558b54cc77-jdtr9,luish-nitro-an515-57
491,2026-01-16 03:37:57,default,teastore-auth-84d7ccddd9-njczh,leo02
491,2026-01-16 03:37:57,default,teastore-db-84f96b9dd8-wl5mh,leo02
491,2026-01-16 03:37:57,default,teastore-image-79674648d-v7p9z,luish-aspire-a315-55g
491,2026-01-16 03:37:57,default,teastore-persistence-784748b4b9-l5sd8,luish-aspire-a315-55g
491,2026-01-16 03:37:57,default,teastore-recommender-74559c88-mj9hh,scorpius03
491,2026-01-16 03:37:57,default,teastore-registry-676858f7cd-vhdrw,scorpius03
491,2026-01-16 03:37:57,default,teastore-webui-558b54cc77-jdtr9,luish-nitro-an515-57
492,2026-01-16 03:38:06,default,teastore-auth-84d7ccddd9-njczh,leo02
492,2026-01-16 03:38:06,default,teastore-db-84f96b9dd8-wl5mh,leo02
492,2026-01-16 03:38:06,default,teastore-image-79674648d-v7p9z,luish-aspire-a315-55g
492,2026-01-16 03:38:06,default,teastore-persistence-784748b4b9-l5sd8,luish-aspire-a315-55g
492,2026-01-16 03:38:06,default,teastore-recommender-74559c88-kdmzg,leo02
492,2026-01-16 03:38:06,default,teastore-registry-676858f7cd-vhdrw,scorpius03
492,2026-01-16 03:38:06,default,teastore-webui-558b54cc77-gw42p,luish-nitro-an515-57
493,2026-01-16 03:38:15,default,teastore-auth-84d7ccddd9-tdjg2,luish-aspire-a315-55g
493,2026-01-16 03:38:15,default,teastore-db-84f96b9dd8-ztdzf,luish-aspire-a315-55g
493,2026-01-16 03:38:15,default,teastore-image-79674648d-vk4ps,scorpius03
493,2026-01-16 03:38:15,default,teastore-persistence-784748b4b9-snxj2,luish-aspire-a315-55g
493,2026-01-16 03:38:15,default,teastore-recommender-74559c88-kdmzg,leo02
493,2026-01-16 03:38:15,default,teastore-registry-676858f7cd-vvb4d,scorpius03
493,2026-01-16 03:38:15,default,teastore-webui-558b54cc77-gw42p,luish-nitro-an515-57
494,2026-01-16 03:38:23,default,teastore-auth-84d7ccddd9-tdjg2,luish-aspire-a315-55g
494,2026-01-16 03:38:23,default,teastore-db-84f96b9dd8-ztdzf,luish-aspire-a315-55g
494,2026-01-16 03:38:23,default,teastore-image-79674648d-vk4ps,scorpius03
494,2026-01-16 03:38:23,default,teastore-persistence-784748b4b9-snxj2,luish-aspire-a315-55g
494,2026-01-16 03:38:23,default,teastore-recommender-74559c88-kdmzg,leo02
494,2026-01-16 03:38:23,default,teastore-registry-676858f7cd-vvb4d,scorpius03
494,2026-01-16 03:38:23,default,teastore-webui-558b54cc77-t526j,luish-nitro-an515-57
495,2026-01-16 03:38:32,default,teastore-auth-84d7ccddd9-tdjg2,luish-aspire-a315-55g
495,2026-01-16 03:38:32,default,teastore-db-84f96b9dd8-ztdzf,luish-aspire-a315-55g
495,2026-01-16 03:38:32,default,teastore-image-79674648d-vk4ps,scorpius03
495,2026-01-16 03:38:32,default,teastore-persistence-784748b4b9-snxj2,luish-aspire-a315-55g
495,2026-01-16 03:38:32,default,teastore-recommender-74559c88-kdmzg,leo02
495,2026-01-16 03:38:32,default,teastore-registry-676858f7cd-vvb4d,scorpius03
495,2026-01-16 03:38:32,default,teastore-webui-558b54cc77-vjjn4,luish-aspire-a315-55g
496,2026-01-16 03:38:41,default,teastore-auth-84d7ccddd9-tdjg2,luish-aspire-a315-55g
496,2026-01-16 03:38:41,default,teastore-db-84f96b9dd8-ztdzf,luish-aspire-a315-55g
496,2026-01-16 03:38:41,default,teastore-image-79674648d-vk4ps,scorpius03
496,2026-01-16 03:38:41,default,teastore-persistence-784748b4b9-ssrkj,leo02
496,2026-01-16 03:38:41,default,teastore-recommender-74559c88-dql55,leo02
496,2026-01-16 03:38:41,default,teastore-registry-676858f7cd-xpqgk,luish-aspire-a315-55g
496,2026-01-16 03:38:41,default,teastore-webui-558b54cc77-vjjn4,luish-aspire-a315-55g
497,2026-01-16 03:38:50,default,teastore-auth-84d7ccddd9-tdjg2,luish-aspire-a315-55g
497,2026-01-16 03:38:50,default,teastore-db-84f96b9dd8-ztdzf,luish-aspire-a315-55g
497,2026-01-16 03:38:50,default,teastore-image-79674648d-pthmh,leo02
497,2026-01-16 03:38:50,default,teastore-persistence-784748b4b9-ssrkj,leo02
497,2026-01-16 03:38:50,default,teastore-recommender-74559c88-v978w,luish-aspire-a315-55g
497,2026-01-16 03:38:50,default,teastore-registry-676858f7cd-xpqgk,luish-aspire-a315-55g
497,2026-01-16 03:38:50,default,teastore-webui-558b54cc77-vjjn4,luish-aspire-a315-55g
498,2026-01-16 03:38:59,default,teastore-auth-84d7ccddd9-tdjg2,luish-aspire-a315-55g
498,2026-01-16 03:38:59,default,teastore-db-84f96b9dd8-n5xk7,leo02
498,2026-01-16 03:38:59,default,teastore-image-79674648d-zxk4c,leo02
498,2026-01-16 03:38:59,default,teastore-persistence-784748b4b9-ssrkj,leo02
498,2026-01-16 03:38:59,default,teastore-recommender-74559c88-v978w,luish-aspire-a315-55g
498,2026-01-16 03:38:59,default,teastore-registry-676858f7cd-xpqgk,luish-aspire-a315-55g
498,2026-01-16 03:38:59,default,teastore-webui-558b54cc77-vjjn4,luish-aspire-a315-55g
499,2026-01-16 03:39:18,default,teastore-auth-84d7ccddd9-p8694,scorpius03
499,2026-01-16 03:39:18,default,teastore-db-84f96b9dd8-gzmpm,scorpius03
499,2026-01-16 03:39:18,default,teastore-image-79674648d-zxk4c,leo02
499,2026-01-16 03:39:18,default,teastore-persistence-784748b4b9-chsbt,luish-nitro-an515-57
499,2026-01-16 03:39:18,default,teastore-recommender-74559c88-vcszk,leo02
499,2026-01-16 03:39:18,default,teastore-registry-676858f7cd-xpqgk,luish-aspire-a315-55g
499,2026-01-16 03:39:18,default,teastore-webui-558b54cc77-rj7xw,luish-nitro-an515-57
500,2026-01-16 03:39:37,default,teastore-auth-84d7ccddd9-9b248,luish-nitro-an515-57
500,2026-01-16 03:39:37,default,teastore-db-84f96b9dd8-msc28,luish-aspire-a315-55g
500,2026-01-16 03:39:37,default,teastore-image-79674648d-xd5tg,scorpius03
500,2026-01-16 03:39:37,default,teastore-persistence-784748b4b9-chsbt,luish-nitro-an515-57
500,2026-01-16 03:39:37,default,teastore-recommender-74559c88-vcszk,leo02
500,2026-01-16 03:39:37,default,teastore-registry-676858f7cd-nkvv6,luish-aspire-a315-55g
500,2026-01-16 03:39:37,default,teastore-webui-558b54cc77-rj7xw,luish-nitro-an515-57
501,2026-01-16 03:40:01,default,teastore-auth-84d7ccddd9-9b248,luish-nitro-an515-57
501,2026-01-16 03:40:01,default,teastore-db-84f96b9dd8-v42zf,luish-aspire-a315-55g
501,2026-01-16 03:40:01,default,teastore-image-79674648d-xd5tg,scorpius03
501,2026-01-16 03:40:01,default,teastore-persistence-784748b4b9-chsbt,luish-nitro-an515-57
501,2026-01-16 03:40:01,default,teastore-recommender-74559c88-vcszk,leo02
501,2026-01-16 03:40:01,default,teastore-registry-676858f7cd-nkvv6,luish-aspire-a315-55g
501,2026-01-16 03:40:01,default,teastore-webui-558b54cc77-xzsqd,luish-nitro-an515-57
502,2026-01-16 03:40:09,default,teastore-auth-84d7ccddd9-g7jrb,scorpius03
502,2026-01-16 03:40:09,default,teastore-db-84f96b9dd8-v42zf,luish-aspire-a315-55g
502,2026-01-16 03:40:09,default,teastore-image-79674648d-xd5tg,scorpius03
502,2026-01-16 03:40:09,default,teastore-persistence-784748b4b9-vjpwh,leo02
502,2026-01-16 03:40:09,default,teastore-recommender-74559c88-zr8c4,luish-nitro-an515-57
502,2026-01-16 03:40:09,default,teastore-registry-676858f7cd-nkvv6,luish-aspire-a315-55g
502,2026-01-16 03:40:09,default,teastore-webui-558b54cc77-xzsqd,luish-nitro-an515-57
503,2026-01-16 03:40:28,default,teastore-auth-84d7ccddd9-vfhlr,luish-nitro-an515-57
503,2026-01-16 03:40:28,default,teastore-db-84f96b9dd8-v42zf,luish-aspire-a315-55g
503,2026-01-16 03:40:28,default,teastore-image-79674648d-psjpj,luish-aspire-a315-55g
503,2026-01-16 03:40:28,default,teastore-persistence-784748b4b9-vjpwh,leo02
503,2026-01-16 03:40:28,default,teastore-recommender-74559c88-zr8c4,luish-nitro-an515-57
503,2026-01-16 03:40:28,default,teastore-registry-676858f7cd-nkvv6,luish-aspire-a315-55g
503,2026-01-16 03:40:28,default,teastore-webui-558b54cc77-xzsqd,luish-nitro-an515-57
504,2026-01-16 03:40:42,default,teastore-auth-84d7ccddd9-vfhlr,luish-nitro-an515-57
504,2026-01-16 03:40:42,default,teastore-db-84f96b9dd8-m2hnz,scorpius03
504,2026-01-16 03:40:42,default,teastore-image-79674648d-psjpj,luish-aspire-a315-55g
504,2026-01-16 03:40:42,default,teastore-persistence-784748b4b9-vjpwh,leo02
504,2026-01-16 03:40:42,default,teastore-recommender-74559c88-zr8c4,luish-nitro-an515-57
504,2026-01-16 03:40:42,default,teastore-registry-676858f7cd-tz5kz,leo02
504,2026-01-16 03:40:42,default,teastore-webui-558b54cc77-xzsqd,luish-nitro-an515-57
505,2026-01-16 03:41:01,default,teastore-auth-84d7ccddd9-vfhlr,luish-nitro-an515-57
505,2026-01-16 03:41:01,default,teastore-db-84f96b9dd8-m2hnz,scorpius03
505,2026-01-16 03:41:01,default,teastore-image-79674648d-psjpj,luish-aspire-a315-55g
505,2026-01-16 03:41:01,default,teastore-persistence-784748b4b9-qct7d,luish-aspire-a315-55g
505,2026-01-16 03:41:01,default,teastore-recommender-74559c88-zr8c4,luish-nitro-an515-57
505,2026-01-16 03:41:01,default,teastore-registry-676858f7cd-tz5kz,leo02
505,2026-01-16 03:41:01,default,teastore-webui-558b54cc77-xl89l,leo02
506,2026-01-16 03:41:09,default,teastore-auth-84d7ccddd9-vfhlr,luish-nitro-an515-57
506,2026-01-16 03:41:09,default,teastore-db-84f96b9dd8-mxb4g,leo02
506,2026-01-16 03:41:09,default,teastore-image-79674648d-qkdmv,scorpius03
506,2026-01-16 03:41:09,default,teastore-persistence-784748b4b9-qct7d,luish-aspire-a315-55g
506,2026-01-16 03:41:09,default,teastore-recommender-74559c88-pkh84,luish-nitro-an515-57
506,2026-01-16 03:41:09,default,teastore-registry-676858f7cd-tz5kz,leo02
506,2026-01-16 03:41:09,default,teastore-webui-558b54cc77-qjg2f,luish-aspire-a315-55g
507,2026-01-16 03:41:28,default,teastore-auth-84d7ccddd9-vfhlr,luish-nitro-an515-57
507,2026-01-16 03:41:28,default,teastore-db-84f96b9dd8-mxb4g,leo02
507,2026-01-16 03:41:28,default,teastore-image-79674648d-qkdmv,scorpius03
507,2026-01-16 03:41:28,default,teastore-persistence-784748b4b9-qct7d,luish-aspire-a315-55g
507,2026-01-16 03:41:28,default,teastore-recommender-74559c88-pkh84,luish-nitro-an515-57
507,2026-01-16 03:41:28,default,teastore-registry-676858f7cd-j68dk,scorpius03
507,2026-01-16 03:41:28,default,teastore-webui-558b54cc77-qjg2f,luish-aspire-a315-55g
508,2026-01-16 03:41:47,default,teastore-auth-84d7ccddd9-zgz6d,luish-aspire-a315-55g
508,2026-01-16 03:41:47,default,teastore-db-84f96b9dd8-qdsz2,luish-aspire-a315-55g
508,2026-01-16 03:41:47,default,teastore-image-79674648d-wxwcq,luish-nitro-an515-57
508,2026-01-16 03:41:47,default,teastore-persistence-784748b4b9-qct7d,luish-aspire-a315-55g
508,2026-01-16 03:41:47,default,teastore-recommender-74559c88-pkh84,luish-nitro-an515-57
508,2026-01-16 03:41:47,default,teastore-registry-676858f7cd-j68dk,scorpius03
508,2026-01-16 03:41:47,default,teastore-webui-558b54cc77-mmcs6,scorpius03
509,2026-01-16 03:41:55,default,teastore-auth-84d7ccddd9-zgz6d,luish-aspire-a315-55g
509,2026-01-16 03:41:55,default,teastore-db-84f96b9dd8-t94bt,leo02
509,2026-01-16 03:41:55,default,teastore-image-79674648d-wxwcq,luish-nitro-an515-57
509,2026-01-16 03:41:55,default,teastore-persistence-784748b4b9-z8wmn,leo02
509,2026-01-16 03:41:55,default,teastore-recommender-74559c88-pkh84,luish-nitro-an515-57
509,2026-01-16 03:41:55,default,teastore-registry-676858f7cd-j68dk,scorpius03
509,2026-01-16 03:41:55,default,teastore-webui-558b54cc77-t7xhf,luish-nitro-an515-57
510,2026-01-16 03:42:09,default,teastore-auth-84d7ccddd9-zgz6d,luish-aspire-a315-55g
510,2026-01-16 03:42:09,default,teastore-db-84f96b9dd8-t94bt,leo02
510,2026-01-16 03:42:09,default,teastore-image-79674648d-wxwcq,luish-nitro-an515-57
510,2026-01-16 03:42:09,default,teastore-persistence-784748b4b9-z8wmn,leo02
510,2026-01-16 03:42:09,default,teastore-recommender-74559c88-nl4jw,luish-nitro-an515-57
510,2026-01-16 03:42:09,default,teastore-registry-676858f7cd-t9js5,luish-nitro-an515-57
510,2026-01-16 03:42:09,default,teastore-webui-558b54cc77-t7xhf,luish-nitro-an515-57
511,2026-01-16 03:42:28,default,teastore-auth-84d7ccddd9-tllnw,luish-aspire-a315-55g
511,2026-01-16 03:42:28,default,teastore-db-84f96b9dd8-t94bt,leo02
511,2026-01-16 03:42:28,default,teastore-image-79674648d-wlpqp,scorpius03
511,2026-01-16 03:42:28,default,teastore-persistence-784748b4b9-nsbsc,scorpius03
511,2026-01-16 03:42:28,default,teastore-recommender-74559c88-mdncz,leo02
511,2026-01-16 03:42:28,default,teastore-registry-676858f7cd-t9js5,luish-nitro-an515-57
511,2026-01-16 03:42:28,default,teastore-webui-558b54cc77-v8wh2,leo02
512,2026-01-16 03:42:47,default,teastore-auth-84d7ccddd9-s6x74,luish-aspire-a315-55g
512,2026-01-16 03:42:47,default,teastore-db-84f96b9dd8-l5lsg,luish-nitro-an515-57
512,2026-01-16 03:42:47,default,teastore-image-79674648d-wlpqp,scorpius03
512,2026-01-16 03:42:47,default,teastore-persistence-784748b4b9-sddj9,leo02
512,2026-01-16 03:42:47,default,teastore-recommender-74559c88-znxz6,luish-aspire-a315-55g
512,2026-01-16 03:42:47,default,teastore-registry-676858f7cd-t9js5,luish-nitro-an515-57
512,2026-01-16 03:42:47,default,teastore-webui-558b54cc77-v8wh2,leo02
513,2026-01-16 03:42:55,default,teastore-auth-84d7ccddd9-s6x74,luish-aspire-a315-55g
513,2026-01-16 03:42:55,default,teastore-db-84f96b9dd8-gtr4r,leo02
513,2026-01-16 03:42:55,default,teastore-image-79674648d-wlpqp,scorpius03
513,2026-01-16 03:42:55,default,teastore-persistence-784748b4b9-sddj9,leo02
513,2026-01-16 03:42:55,default,teastore-recommender-74559c88-znxz6,luish-aspire-a315-55g
513,2026-01-16 03:42:55,default,teastore-registry-676858f7cd-rrhbt,leo02
513,2026-01-16 03:42:55,default,teastore-webui-558b54cc77-v8wh2,leo02
514,2026-01-16 03:43:14,default,teastore-auth-84d7ccddd9-l4fcc,luish-aspire-a315-55g
514,2026-01-16 03:43:14,default,teastore-db-84f96b9dd8-gtr4r,leo02
514,2026-01-16 03:43:14,default,teastore-image-79674648d-wdz5x,luish-nitro-an515-57
514,2026-01-16 03:43:14,default,teastore-persistence-784748b4b9-sddj9,leo02
514,2026-01-16 03:43:14,default,teastore-recommender-74559c88-znxz6,luish-aspire-a315-55g
514,2026-01-16 03:43:14,default,teastore-registry-676858f7cd-z94lc,luish-nitro-an515-57
514,2026-01-16 03:43:14,default,teastore-webui-558b54cc77-zglqx,luish-aspire-a315-55g
515,2026-01-16 03:43:22,default,teastore-auth-84d7ccddd9-vjzzv,luish-aspire-a315-55g
515,2026-01-16 03:43:22,default,teastore-db-84f96b9dd8-stc6m,scorpius03
515,2026-01-16 03:43:22,default,teastore-image-79674648d-q7n6x,luish-nitro-an515-57
515,2026-01-16 03:43:22,default,teastore-persistence-784748b4b9-vnxq8,luish-aspire-a315-55g
515,2026-01-16 03:43:22,default,teastore-recommender-74559c88-znxz6,luish-aspire-a315-55g
515,2026-01-16 03:43:22,default,teastore-registry-676858f7cd-z94lc,luish-nitro-an515-57
515,2026-01-16 03:43:22,default,teastore-webui-558b54cc77-zglqx,luish-aspire-a315-55g
516,2026-01-16 03:43:31,default,teastore-auth-84d7ccddd9-vjzzv,luish-aspire-a315-55g
516,2026-01-16 03:43:31,default,teastore-db-84f96b9dd8-stc6m,scorpius03
516,2026-01-16 03:43:31,default,teastore-image-79674648d-trrcz,luish-nitro-an515-57
516,2026-01-16 03:43:31,default,teastore-persistence-784748b4b9-w2tpj,luish-aspire-a315-55g
516,2026-01-16 03:43:31,default,teastore-recommender-74559c88-rgf96,luish-nitro-an515-57
516,2026-01-16 03:43:31,default,teastore-registry-676858f7cd-z94lc,luish-nitro-an515-57
516,2026-01-16 03:43:31,default,teastore-webui-558b54cc77-zglqx,luish-aspire-a315-55g
517,2026-01-16 03:43:40,default,teastore-auth-84d7ccddd9-vjzzv,luish-aspire-a315-55g
517,2026-01-16 03:43:40,default,teastore-db-84f96b9dd8-stc6m,scorpius03
517,2026-01-16 03:43:40,default,teastore-image-79674648d-trrcz,luish-nitro-an515-57
517,2026-01-16 03:43:40,default,teastore-persistence-784748b4b9-w2tpj,luish-aspire-a315-55g
517,2026-01-16 03:43:40,default,teastore-recommender-74559c88-sgzlw,luish-nitro-an515-57
517,2026-01-16 03:43:40,default,teastore-registry-676858f7cd-z94lc,luish-nitro-an515-57
517,2026-01-16 03:43:40,default,teastore-webui-558b54cc77-zglqx,luish-aspire-a315-55g
518,2026-01-16 03:43:48,default,teastore-auth-84d7ccddd9-vjzzv,luish-aspire-a315-55g
518,2026-01-16 03:43:48,default,teastore-db-84f96b9dd8-stc6m,scorpius03
518,2026-01-16 03:43:48,default,teastore-image-79674648d-trrcz,luish-nitro-an515-57
518,2026-01-16 03:43:48,default,teastore-persistence-784748b4b9-w2tpj,luish-aspire-a315-55g
518,2026-01-16 03:43:48,default,teastore-recommender-74559c88-sgzlw,luish-nitro-an515-57
518,2026-01-16 03:43:48,default,teastore-registry-676858f7cd-x7r9l,scorpius03
518,2026-01-16 03:43:48,default,teastore-webui-558b54cc77-zglqx,luish-aspire-a315-55g
519,2026-01-16 03:43:57,default,teastore-auth-84d7ccddd9-vjzzv,luish-aspire-a315-55g
519,2026-01-16 03:43:57,default,teastore-db-84f96b9dd8-jzlc2,leo02
519,2026-01-16 03:43:57,default,teastore-image-79674648d-trrcz,luish-nitro-an515-57
519,2026-01-16 03:43:57,default,teastore-persistence-784748b4b9-w2tpj,luish-aspire-a315-55g
519,2026-01-16 03:43:57,default,teastore-recommender-74559c88-sgzlw,luish-nitro-an515-57
519,2026-01-16 03:43:57,default,teastore-registry-676858f7cd-skwtm,scorpius03
519,2026-01-16 03:43:57,default,teastore-webui-558b54cc77-pdjkq,leo02
520,2026-01-16 03:44:06,default,teastore-auth-84d7ccddd9-nf5hk,leo02
520,2026-01-16 03:44:06,default,teastore-db-84f96b9dd8-jzlc2,leo02
520,2026-01-16 03:44:06,default,teastore-image-79674648d-kxz7z,luish-nitro-an515-57
520,2026-01-16 03:44:06,default,teastore-persistence-784748b4b9-w2tpj,luish-aspire-a315-55g
520,2026-01-16 03:44:06,default,teastore-recommender-74559c88-sgzlw,luish-nitro-an515-57
520,2026-01-16 03:44:06,default,teastore-registry-676858f7cd-vlf92,leo02
520,2026-01-16 03:44:06,default,teastore-webui-558b54cc77-pdjkq,leo02
521,2026-01-16 03:44:14,default,teastore-auth-84d7ccddd9-rkbml,leo02
521,2026-01-16 03:44:14,default,teastore-db-84f96b9dd8-jzlc2,leo02
521,2026-01-16 03:44:14,default,teastore-image-79674648d-ws6lt,luish-aspire-a315-55g
521,2026-01-16 03:44:14,default,teastore-persistence-784748b4b9-hcfzv,scorpius03
521,2026-01-16 03:44:14,default,teastore-recommender-74559c88-p5xgs,luish-nitro-an515-57
521,2026-01-16 03:44:14,default,teastore-registry-676858f7cd-vlf92,leo02
521,2026-01-16 03:44:14,default,teastore-webui-558b54cc77-qpbqd,leo02
522,2026-01-16 03:44:23,default,teastore-auth-84d7ccddd9-zlb46,luish-nitro-an515-57
522,2026-01-16 03:44:23,default,teastore-db-84f96b9dd8-x4k29,luish-nitro-an515-57
522,2026-01-16 03:44:23,default,teastore-image-79674648d-ws6lt,luish-aspire-a315-55g
522,2026-01-16 03:44:23,default,teastore-persistence-784748b4b9-nwc9v,leo02
522,2026-01-16 03:44:23,default,teastore-recommender-74559c88-p5xgs,luish-nitro-an515-57
522,2026-01-16 03:44:23,default,teastore-registry-676858f7cd-zlscw,luish-aspire-a315-55g
522,2026-01-16 03:44:23,default,teastore-webui-558b54cc77-qpbqd,leo02
523,2026-01-16 03:44:32,default,teastore-auth-84d7ccddd9-zlb46,luish-nitro-an515-57
523,2026-01-16 03:44:32,default,teastore-db-84f96b9dd8-x4k29,luish-nitro-an515-57
523,2026-01-16 03:44:32,default,teastore-image-79674648d-ws6lt,luish-aspire-a315-55g
523,2026-01-16 03:44:32,default,teastore-persistence-784748b4b9-pzzbj,luish-nitro-an515-57
523,2026-01-16 03:44:32,default,teastore-recommender-74559c88-p5xgs,luish-nitro-an515-57
523,2026-01-16 03:44:32,default,teastore-registry-676858f7cd-zlscw,luish-aspire-a315-55g
523,2026-01-16 03:44:32,default,teastore-webui-558b54cc77-qpbqd,leo02
524,2026-01-16 03:44:46,default,teastore-auth-84d7ccddd9-zlb46,luish-nitro-an515-57
524,2026-01-16 03:44:46,default,teastore-db-84f96b9dd8-x4k29,luish-nitro-an515-57
524,2026-01-16 03:44:46,default,teastore-image-79674648d-zx72p,luish-nitro-an515-57
524,2026-01-16 03:44:46,default,teastore-persistence-784748b4b9-qsx7x,scorpius03
524,2026-01-16 03:44:46,default,teastore-recommender-74559c88-w2j4s,luish-aspire-a315-55g
524,2026-01-16 03:44:46,default,teastore-registry-676858f7cd-zlscw,luish-aspire-a315-55g
524,2026-01-16 03:44:46,default,teastore-webui-558b54cc77-qpbqd,leo02
525,2026-01-16 03:44:54,default,teastore-auth-84d7ccddd9-zlb46,luish-nitro-an515-57
525,2026-01-16 03:44:54,default,teastore-db-84f96b9dd8-zskvl,leo02
525,2026-01-16 03:44:54,default,teastore-image-79674648d-zx72p,luish-nitro-an515-57
525,2026-01-16 03:44:54,default,teastore-persistence-784748b4b9-qsxqn,scorpius03
525,2026-01-16 03:44:54,default,teastore-recommender-74559c88-w2j4s,luish-aspire-a315-55g
525,2026-01-16 03:44:54,default,teastore-registry-676858f7cd-zlscw,luish-aspire-a315-55g
525,2026-01-16 03:44:54,default,teastore-webui-558b54cc77-jrhlx,luish-aspire-a315-55g
526,2026-01-16 03:45:03,default,teastore-auth-84d7ccddd9-rv5kt,scorpius03
526,2026-01-16 03:45:03,default,teastore-db-84f96b9dd8-zskvl,leo02
526,2026-01-16 03:45:03,default,teastore-image-79674648d-zx72p,luish-nitro-an515-57
526,2026-01-16 03:45:03,default,teastore-persistence-784748b4b9-z9wxz,luish-nitro-an515-57
526,2026-01-16 03:45:03,default,teastore-recommender-74559c88-w2j4s,luish-aspire-a315-55g
526,2026-01-16 03:45:03,default,teastore-registry-676858f7cd-zlscw,luish-aspire-a315-55g
526,2026-01-16 03:45:03,default,teastore-webui-558b54cc77-jrhlx,luish-aspire-a315-55g
527,2026-01-16 03:45:12,default,teastore-auth-84d7ccddd9-rv5kt,scorpius03
527,2026-01-16 03:45:12,default,teastore-db-84f96b9dd8-zskvl,leo02
527,2026-01-16 03:45:12,default,teastore-image-79674648d-zx72p,luish-nitro-an515-57
527,2026-01-16 03:45:12,default,teastore-persistence-784748b4b9-z9wxz,luish-nitro-an515-57
527,2026-01-16 03:45:12,default,teastore-recommender-74559c88-w2j4s,luish-aspire-a315-55g
527,2026-01-16 03:45:12,default,teastore-registry-676858f7cd-zlscw,luish-aspire-a315-55g
527,2026-01-16 03:45:12,default,teastore-webui-558b54cc77-jrhlx,luish-aspire-a315-55g
528,2026-01-16 03:45:20,default,teastore-auth-84d7ccddd9-mlx88,luish-aspire-a315-55g
528,2026-01-16 03:45:20,default,teastore-db-84f96b9dd8-zskvl,leo02
528,2026-01-16 03:45:20,default,teastore-image-79674648d-kr4wx,luish-nitro-an515-57
528,2026-01-16 03:45:20,default,teastore-persistence-784748b4b9-z9wxz,luish-nitro-an515-57
528,2026-01-16 03:45:20,default,teastore-recommender-74559c88-w2j4s,luish-aspire-a315-55g
528,2026-01-16 03:45:20,default,teastore-registry-676858f7cd-vbpzf,luish-aspire-a315-55g
528,2026-01-16 03:45:20,default,teastore-webui-558b54cc77-k6r4r,scorpius03
529,2026-01-16 03:45:29,default,teastore-auth-84d7ccddd9-mjwwb,luish-nitro-an515-57
529,2026-01-16 03:45:29,default,teastore-db-84f96b9dd8-pq99c,luish-nitro-an515-57
529,2026-01-16 03:45:29,default,teastore-image-79674648d-kr4wx,luish-nitro-an515-57
529,2026-01-16 03:45:29,default,teastore-persistence-784748b4b9-z9wxz,luish-nitro-an515-57
529,2026-01-16 03:45:29,default,teastore-recommender-74559c88-lwbfv,luish-aspire-a315-55g
529,2026-01-16 03:45:29,default,teastore-registry-676858f7cd-q58xc,luish-aspire-a315-55g
529,2026-01-16 03:45:29,default,teastore-webui-558b54cc77-k6r4r,scorpius03
530,2026-01-16 03:45:38,default,teastore-auth-84d7ccddd9-mjwwb,luish-nitro-an515-57
530,2026-01-16 03:45:38,default,teastore-db-84f96b9dd8-rxstk,scorpius03
530,2026-01-16 03:45:38,default,teastore-image-79674648d-n9q6p,leo02
530,2026-01-16 03:45:38,default,teastore-persistence-784748b4b9-sx7xp,scorpius03
530,2026-01-16 03:45:38,default,teastore-recommender-74559c88-t8bcg,luish-nitro-an515-57
530,2026-01-16 03:45:38,default,teastore-registry-676858f7cd-q58xc,luish-aspire-a315-55g
530,2026-01-16 03:45:38,default,teastore-webui-558b54cc77-k6r4r,scorpius03
531,2026-01-16 03:45:46,default,teastore-auth-84d7ccddd9-j4lfg,leo02
531,2026-01-16 03:45:46,default,teastore-db-84f96b9dd8-rxstk,scorpius03
531,2026-01-16 03:45:46,default,teastore-image-79674648d-n9q6p,leo02
531,2026-01-16 03:45:46,default,teastore-persistence-784748b4b9-sx7xp,scorpius03
531,2026-01-16 03:45:46,default,teastore-recommender-74559c88-t8bcg,luish-nitro-an515-57
531,2026-01-16 03:45:46,default,teastore-registry-676858f7cd-zcvjs,luish-nitro-an515-57
531,2026-01-16 03:45:46,default,teastore-webui-558b54cc77-k6r4r,scorpius03
532,2026-01-16 03:45:55,default,teastore-auth-84d7ccddd9-mhv86,luish-nitro-an515-57
532,2026-01-16 03:45:55,default,teastore-db-84f96b9dd8-sxm8x,leo02
532,2026-01-16 03:45:55,default,teastore-image-79674648d-xcwdz,luish-nitro-an515-57
532,2026-01-16 03:45:55,default,teastore-persistence-784748b4b9-zh4gp,luish-aspire-a315-55g
532,2026-01-16 03:45:55,default,teastore-recommender-74559c88-t8bcg,luish-nitro-an515-57
532,2026-01-16 03:45:55,default,teastore-registry-676858f7cd-zgx4p,luish-nitro-an515-57
532,2026-01-16 03:45:55,default,teastore-webui-558b54cc77-fxtns,luish-aspire-a315-55g
533,2026-01-16 03:46:04,default,teastore-auth-84d7ccddd9-mhv86,luish-nitro-an515-57
533,2026-01-16 03:46:04,default,teastore-db-84f96b9dd8-sxm8x,leo02
533,2026-01-16 03:46:04,default,teastore-image-79674648d-xcwdz,luish-nitro-an515-57
533,2026-01-16 03:46:04,default,teastore-persistence-784748b4b9-zh4gp,luish-aspire-a315-55g
533,2026-01-16 03:46:04,default,teastore-recommender-74559c88-t8bcg,luish-nitro-an515-57
533,2026-01-16 03:46:04,default,teastore-registry-676858f7cd-zgx4p,luish-nitro-an515-57
533,2026-01-16 03:46:04,default,teastore-webui-558b54cc77-l6tkq,luish-nitro-an515-57
534,2026-01-16 03:46:12,default,teastore-auth-84d7ccddd9-rbk6f,scorpius03
534,2026-01-16 03:46:12,default,teastore-db-84f96b9dd8-sxm8x,leo02
534,2026-01-16 03:46:12,default,teastore-image-79674648d-xcwdz,luish-nitro-an515-57
534,2026-01-16 03:46:12,default,teastore-persistence-784748b4b9-zh4gp,luish-aspire-a315-55g
534,2026-01-16 03:46:12,default,teastore-recommender-74559c88-hwpvs,luish-aspire-a315-55g
534,2026-01-16 03:46:12,default,teastore-registry-676858f7cd-zgx4p,luish-nitro-an515-57
534,2026-01-16 03:46:12,default,teastore-webui-558b54cc77-qhvsp,luish-aspire-a315-55g
535,2026-01-16 03:46:21,default,teastore-auth-84d7ccddd9-vfdfq,luish-aspire-a315-55g
535,2026-01-16 03:46:21,default,teastore-db-84f96b9dd8-sxm8x,leo02
535,2026-01-16 03:46:21,default,teastore-image-79674648d-xcwdz,luish-nitro-an515-57
535,2026-01-16 03:46:21,default,teastore-persistence-784748b4b9-zh4gp,luish-aspire-a315-55g
535,2026-01-16 03:46:21,default,teastore-recommender-74559c88-trj8p,scorpius03
535,2026-01-16 03:46:21,default,teastore-registry-676858f7cd-zgx4p,luish-nitro-an515-57
535,2026-01-16 03:46:21,default,teastore-webui-558b54cc77-qhvsp,luish-aspire-a315-55g
536,2026-01-16 03:46:30,default,teastore-auth-84d7ccddd9-vfdfq,luish-aspire-a315-55g
536,2026-01-16 03:46:30,default,teastore-db-84f96b9dd8-sd4v9,scorpius03
536,2026-01-16 03:46:30,default,teastore-image-79674648d-l5v4h,scorpius03
536,2026-01-16 03:46:30,default,teastore-persistence-784748b4b9-zh4gp,luish-aspire-a315-55g
536,2026-01-16 03:46:30,default,teastore-recommender-74559c88-trj8p,scorpius03
536,2026-01-16 03:46:30,default,teastore-registry-676858f7cd-pzwk6,luish-aspire-a315-55g
536,2026-01-16 03:46:30,default,teastore-webui-558b54cc77-qhvsp,luish-aspire-a315-55g
537,2026-01-16 03:46:43,default,teastore-auth-84d7ccddd9-vfdfq,luish-aspire-a315-55g
537,2026-01-16 03:46:43,default,teastore-db-84f96b9dd8-sd4v9,scorpius03
537,2026-01-16 03:46:43,default,teastore-image-79674648d-pfmjr,luish-aspire-a315-55g
537,2026-01-16 03:46:43,default,teastore-persistence-784748b4b9-w7gc9,luish-nitro-an515-57
537,2026-01-16 03:46:43,default,teastore-recommender-74559c88-trj8p,scorpius03
537,2026-01-16 03:46:43,default,teastore-registry-676858f7cd-pzwk6,luish-aspire-a315-55g
537,2026-01-16 03:46:43,default,teastore-webui-558b54cc77-prhz5,luish-nitro-an515-57
538,2026-01-16 03:47:02,default,teastore-auth-84d7ccddd9-vfdfq,luish-aspire-a315-55g
538,2026-01-16 03:47:02,default,teastore-db-84f96b9dd8-lj8w6,luish-nitro-an515-57
538,2026-01-16 03:47:02,default,teastore-image-79674648d-vkn4b,luish-aspire-a315-55g
538,2026-01-16 03:47:02,default,teastore-persistence-784748b4b9-w7gc9,luish-nitro-an515-57
538,2026-01-16 03:47:02,default,teastore-recommender-74559c88-qrnh9,luish-nitro-an515-57
538,2026-01-16 03:47:02,default,teastore-registry-676858f7cd-mx6gs,luish-aspire-a315-55g
538,2026-01-16 03:47:02,default,teastore-webui-558b54cc77-z4f9h,leo02
539,2026-01-16 03:47:16,default,teastore-auth-84d7ccddd9-pcjz9,leo02
539,2026-01-16 03:47:16,default,teastore-db-84f96b9dd8-zssbz,luish-aspire-a315-55g
539,2026-01-16 03:47:16,default,teastore-image-79674648d-vkn4b,luish-aspire-a315-55g
539,2026-01-16 03:47:16,default,teastore-persistence-784748b4b9-cv47f,luish-aspire-a315-55g
539,2026-01-16 03:47:16,default,teastore-recommender-74559c88-zzdwl,leo02
539,2026-01-16 03:47:16,default,teastore-registry-676858f7cd-mx6gs,luish-aspire-a315-55g
539,2026-01-16 03:47:16,default,teastore-webui-558b54cc77-z4f9h,leo02
540,2026-01-16 03:47:29,default,teastore-auth-84d7ccddd9-qld5d,leo02
540,2026-01-16 03:47:29,default,teastore-db-84f96b9dd8-zssbz,luish-aspire-a315-55g
540,2026-01-16 03:47:29,default,teastore-image-79674648d-vkn4b,luish-aspire-a315-55g
540,2026-01-16 03:47:29,default,teastore-persistence-784748b4b9-cv47f,luish-aspire-a315-55g
540,2026-01-16 03:47:29,default,teastore-recommender-74559c88-zzdwl,leo02
540,2026-01-16 03:47:29,default,teastore-registry-676858f7cd-mx6gs,luish-aspire-a315-55g
540,2026-01-16 03:47:29,default,teastore-webui-558b54cc77-z4f9h,leo02
541,2026-01-16 03:47:53,default,teastore-auth-84d7ccddd9-qld5d,leo02
541,2026-01-16 03:47:53,default,teastore-db-84f96b9dd8-v4ltk,leo02
541,2026-01-16 03:47:53,default,teastore-image-79674648d-tv9p6,luish-aspire-a315-55g
541,2026-01-16 03:47:53,default,teastore-persistence-784748b4b9-bcr4z,leo02
541,2026-01-16 03:47:53,default,teastore-recommender-74559c88-7jp2b,scorpius03
541,2026-01-16 03:47:53,default,teastore-registry-676858f7cd-9grsg,scorpius03
541,2026-01-16 03:47:53,default,teastore-webui-558b54cc77-nf4dk,luish-nitro-an515-57
542,2026-01-16 03:48:22,default,teastore-auth-84d7ccddd9-m2xn4,luish-aspire-a315-55g
542,2026-01-16 03:48:22,default,teastore-db-84f96b9dd8-sjmb2,leo02
542,2026-01-16 03:48:22,default,teastore-image-79674648d-hcdxt,luish-aspire-a315-55g
542,2026-01-16 03:48:22,default,teastore-persistence-784748b4b9-tp4ks,luish-nitro-an515-57
542,2026-01-16 03:48:22,default,teastore-recommender-74559c88-rzqd9,leo02
542,2026-01-16 03:48:22,default,teastore-registry-676858f7cd-mfpkj,luish-aspire-a315-55g
542,2026-01-16 03:48:22,default,teastore-webui-558b54cc77-lfmll,leo02
543,2026-01-16 03:48:45,default,teastore-auth-84d7ccddd9-m2xn4,luish-aspire-a315-55g
543,2026-01-16 03:48:45,default,teastore-db-84f96b9dd8-k6zwt,scorpius03
543,2026-01-16 03:48:45,default,teastore-image-79674648d-rzr48,scorpius03
543,2026-01-16 03:48:45,default,teastore-persistence-784748b4b9-tp4ks,luish-nitro-an515-57
543,2026-01-16 03:48:45,default,teastore-recommender-74559c88-cxndl,luish-nitro-an515-57
543,2026-01-16 03:48:45,default,teastore-registry-676858f7cd-mfpkj,luish-aspire-a315-55g
543,2026-01-16 03:48:45,default,teastore-webui-558b54cc77-ntc5s,luish-aspire-a315-55g
544,2026-01-16 03:49:19,default,teastore-auth-84d7ccddd9-lmvls,luish-nitro-an515-57
544,2026-01-16 03:49:19,default,teastore-db-84f96b9dd8-k6zwt,scorpius03
544,2026-01-16 03:49:19,default,teastore-image-79674648d-rzr48,scorpius03
544,2026-01-16 03:49:19,default,teastore-persistence-784748b4b9-nz6kr,scorpius03
544,2026-01-16 03:49:19,default,teastore-recommender-74559c88-jml48,luish-aspire-a315-55g
544,2026-01-16 03:49:19,default,teastore-registry-676858f7cd-mdkh2,luish-aspire-a315-55g
544,2026-01-16 03:49:19,default,teastore-webui-558b54cc77-ntc5s,luish-aspire-a315-55g
545,2026-01-16 03:49:47,default,teastore-auth-84d7ccddd9-lmvls,luish-nitro-an515-57
545,2026-01-16 03:49:47,default,teastore-db-84f96b9dd8-rvnlm,scorpius03
545,2026-01-16 03:49:47,default,teastore-image-79674648d-cmhbv,luish-aspire-a315-55g
545,2026-01-16 03:49:47,default,teastore-persistence-784748b4b9-nz6kr,scorpius03
545,2026-01-16 03:49:47,default,teastore-recommender-74559c88-jml48,luish-aspire-a315-55g
545,2026-01-16 03:49:47,default,teastore-registry-676858f7cd-xswfw,leo02
545,2026-01-16 03:49:47,default,teastore-webui-558b54cc77-w4g74,leo02
546,2026-01-16 03:50:01,default,teastore-auth-84d7ccddd9-n57tf,luish-nitro-an515-57
546,2026-01-16 03:50:01,default,teastore-db-84f96b9dd8-vdxcc,luish-aspire-a315-55g
546,2026-01-16 03:50:01,default,teastore-image-79674648d-qzk7j,luish-nitro-an515-57
546,2026-01-16 03:50:01,default,teastore-persistence-784748b4b9-nz6kr,scorpius03
546,2026-01-16 03:50:01,default,teastore-recommender-74559c88-rgj6g,leo02
546,2026-01-16 03:50:01,default,teastore-registry-676858f7cd-xswfw,leo02
546,2026-01-16 03:50:01,default,teastore-webui-558b54cc77-wkkr4,scorpius03
547,2026-01-16 03:50:10,default,teastore-auth-84d7ccddd9-n57tf,luish-nitro-an515-57
547,2026-01-16 03:50:10,default,teastore-db-84f96b9dd8-vdxcc,luish-aspire-a315-55g
547,2026-01-16 03:50:10,default,teastore-image-79674648d-qzk7j,luish-nitro-an515-57
547,2026-01-16 03:50:10,default,teastore-persistence-784748b4b9-k5wmt,scorpius03
547,2026-01-16 03:50:10,default,teastore-recommender-74559c88-s4286,leo02
547,2026-01-16 03:50:10,default,teastore-registry-676858f7cd-xswfw,leo02
547,2026-01-16 03:50:10,default,teastore-webui-558b54cc77-wkkr4,scorpius03
548,2026-01-16 03:50:28,default,teastore-auth-84d7ccddd9-n57tf,luish-nitro-an515-57
548,2026-01-16 03:50:28,default,teastore-db-84f96b9dd8-vdxcc,luish-aspire-a315-55g
548,2026-01-16 03:50:28,default,teastore-image-79674648d-vct9d,leo02
548,2026-01-16 03:50:28,default,teastore-persistence-784748b4b9-hkfd6,luish-aspire-a315-55g
548,2026-01-16 03:50:28,default,teastore-recommender-74559c88-s4286,leo02
548,2026-01-16 03:50:28,default,teastore-registry-676858f7cd-wxb59,luish-nitro-an515-57
548,2026-01-16 03:50:28,default,teastore-webui-558b54cc77-wkkr4,scorpius03
549,2026-01-16 03:50:37,default,teastore-auth-84d7ccddd9-lkvlr,scorpius03
549,2026-01-16 03:50:37,default,teastore-db-84f96b9dd8-s55rw,scorpius03
549,2026-01-16 03:50:37,default,teastore-image-79674648d-vct9d,leo02
549,2026-01-16 03:50:37,default,teastore-persistence-784748b4b9-dxpkv,scorpius03
549,2026-01-16 03:50:37,default,teastore-recommender-74559c88-s4286,leo02
549,2026-01-16 03:50:37,default,teastore-registry-676858f7cd-wxb59,luish-nitro-an515-57
549,2026-01-16 03:50:37,default,teastore-webui-558b54cc77-mv5lh,scorpius03
550,2026-01-16 03:50:56,default,teastore-auth-84d7ccddd9-lkvlr,scorpius03
550,2026-01-16 03:50:56,default,teastore-db-84f96b9dd8-s55rw,scorpius03
550,2026-01-16 03:50:56,default,teastore-image-79674648d-vct9d,leo02
550,2026-01-16 03:50:56,default,teastore-persistence-784748b4b9-x7z47,luish-aspire-a315-55g
550,2026-01-16 03:50:56,default,teastore-recommender-74559c88-vvj4k,leo02
550,2026-01-16 03:50:56,default,teastore-registry-676858f7cd-tbrbm,luish-nitro-an515-57
550,2026-01-16 03:50:56,default,teastore-webui-558b54cc77-ch4xh,luish-aspire-a315-55g
551,2026-01-16 03:51:15,default,teastore-auth-84d7ccddd9-nrchq,scorpius03
551,2026-01-16 03:51:15,default,teastore-db-84f96b9dd8-8nzwm,leo02
551,2026-01-16 03:51:15,default,teastore-image-79674648d-vr69q,luish-aspire-a315-55g
551,2026-01-16 03:51:15,default,teastore-persistence-784748b4b9-x7z47,luish-aspire-a315-55g
551,2026-01-16 03:51:15,default,teastore-recommender-74559c88-vvj4k,leo02
551,2026-01-16 03:51:15,default,teastore-registry-676858f7cd-tbrbm,luish-nitro-an515-57
551,2026-01-16 03:51:15,default,teastore-webui-558b54cc77-8z6lj,luish-nitro-an515-57
552,2026-01-16 03:51:34,default,teastore-auth-84d7ccddd9-w6hqh,luish-aspire-a315-55g
552,2026-01-16 03:51:34,default,teastore-db-84f96b9dd8-wjt2f,scorpius03
552,2026-01-16 03:51:34,default,teastore-image-79674648d-vr69q,luish-aspire-a315-55g
552,2026-01-16 03:51:34,default,teastore-persistence-784748b4b9-n9dhq,luish-aspire-a315-55g
552,2026-01-16 03:51:34,default,teastore-recommender-74559c88-xc7rt,scorpius03
552,2026-01-16 03:51:34,default,teastore-registry-676858f7cd-tbrbm,luish-nitro-an515-57
552,2026-01-16 03:51:34,default,teastore-webui-558b54cc77-ctprh,luish-nitro-an515-57
553,2026-01-16 03:51:58,default,teastore-auth-84d7ccddd9-w6hqh,luish-aspire-a315-55g
553,2026-01-16 03:51:58,default,teastore-db-84f96b9dd8-wjt2f,scorpius03
553,2026-01-16 03:51:58,default,teastore-image-79674648d-qmlcw,leo02
553,2026-01-16 03:51:58,default,teastore-persistence-784748b4b9-zs7xp,luish-aspire-a315-55g
553,2026-01-16 03:51:58,default,teastore-recommender-74559c88-xc7rt,scorpius03
553,2026-01-16 03:51:58,default,teastore-registry-676858f7cd-qzck5,luish-aspire-a315-55g
553,2026-01-16 03:51:58,default,teastore-webui-558b54cc77-l7fhd,scorpius03
554,2026-01-16 03:52:26,default,teastore-auth-84d7ccddd9-s88zc,luish-aspire-a315-55g
554,2026-01-16 03:52:26,default,teastore-db-84f96b9dd8-j4w9s,scorpius03
554,2026-01-16 03:52:26,default,teastore-image-79674648d-qmlcw,leo02
554,2026-01-16 03:52:26,default,teastore-persistence-784748b4b9-zs7xp,luish-aspire-a315-55g
554,2026-01-16 03:52:26,default,teastore-recommender-74559c88-ksdx8,scorpius03
554,2026-01-16 03:52:26,default,teastore-registry-676858f7cd-tv8ph,leo02
554,2026-01-16 03:52:26,default,teastore-webui-558b54cc77-xqwf9,luish-aspire-a315-55g
555,2026-01-16 03:52:40,default,teastore-auth-84d7ccddd9-s88zc,luish-aspire-a315-55g
555,2026-01-16 03:52:40,default,teastore-db-84f96b9dd8-j4w9s,scorpius03
555,2026-01-16 03:52:40,default,teastore-image-79674648d-sl4mx,luish-nitro-an515-57
555,2026-01-16 03:52:40,default,teastore-persistence-784748b4b9-zs7xp,luish-aspire-a315-55g
555,2026-01-16 03:52:40,default,teastore-recommender-74559c88-lg8lk,luish-aspire-a315-55g
555,2026-01-16 03:52:40,default,teastore-registry-676858f7cd-tv8ph,leo02
555,2026-01-16 03:52:40,default,teastore-webui-558b54cc77-xrcdn,leo02
556,2026-01-16 03:52:48,default,teastore-auth-84d7ccddd9-p522n,leo02
556,2026-01-16 03:52:48,default,teastore-db-84f96b9dd8-nw5xb,luish-aspire-a315-55g
556,2026-01-16 03:52:48,default,teastore-image-79674648d-sl4mx,luish-nitro-an515-57
556,2026-01-16 03:52:48,default,teastore-persistence-784748b4b9-xdghp,luish-aspire-a315-55g
556,2026-01-16 03:52:48,default,teastore-recommender-74559c88-lg8lk,luish-aspire-a315-55g
556,2026-01-16 03:52:48,default,teastore-registry-676858f7cd-tv8ph,leo02
556,2026-01-16 03:52:48,default,teastore-webui-558b54cc77-xrcdn,leo02
557,2026-01-16 03:53:07,default,teastore-auth-84d7ccddd9-zmhjf,scorpius03
557,2026-01-16 03:53:07,default,teastore-db-84f96b9dd8-r28pt,luish-aspire-a315-55g
557,2026-01-16 03:53:07,default,teastore-image-79674648d-sl4mx,luish-nitro-an515-57
557,2026-01-16 03:53:07,default,teastore-persistence-784748b4b9-k6nbc,luish-aspire-a315-55g
557,2026-01-16 03:53:07,default,teastore-recommender-74559c88-zzzq7,luish-aspire-a315-55g
557,2026-01-16 03:53:07,default,teastore-registry-676858f7cd-k5tzp,leo02
557,2026-01-16 03:53:07,default,teastore-webui-558b54cc77-kfdj5,scorpius03
558,2026-01-16 03:53:21,default,teastore-auth-84d7ccddd9-zmhjf,scorpius03
558,2026-01-16 03:53:21,default,teastore-db-84f96b9dd8-r28pt,luish-aspire-a315-55g
558,2026-01-16 03:53:21,default,teastore-image-79674648d-wlrzq,luish-nitro-an515-57
558,2026-01-16 03:53:21,default,teastore-persistence-784748b4b9-kfcql,luish-aspire-a315-55g
558,2026-01-16 03:53:21,default,teastore-recommender-74559c88-zzzq7,luish-aspire-a315-55g
558,2026-01-16 03:53:21,default,teastore-registry-676858f7cd-k5tzp,leo02
558,2026-01-16 03:53:21,default,teastore-webui-558b54cc77-zqmx4,luish-nitro-an515-57
559,2026-01-16 03:53:29,default,teastore-auth-84d7ccddd9-zmhjf,scorpius03
559,2026-01-16 03:53:29,default,teastore-db-84f96b9dd8-r28pt,luish-aspire-a315-55g
559,2026-01-16 03:53:29,default,teastore-image-79674648d-wlrzq,luish-nitro-an515-57
559,2026-01-16 03:53:29,default,teastore-persistence-784748b4b9-kfcql,luish-aspire-a315-55g
559,2026-01-16 03:53:29,default,teastore-recommender-74559c88-zzzq7,luish-aspire-a315-55g
559,2026-01-16 03:53:29,default,teastore-registry-676858f7cd-k5tzp,leo02
559,2026-01-16 03:53:29,default,teastore-webui-558b54cc77-zqmx4,luish-nitro-an515-57
560,2026-01-16 03:53:48,default,teastore-auth-84d7ccddd9-jdv56,luish-nitro-an515-57
560,2026-01-16 03:53:48,default,teastore-db-84f96b9dd8-v2dww,scorpius03
560,2026-01-16 03:53:48,default,teastore-image-79674648d-n5mpl,luish-nitro-an515-57
560,2026-01-16 03:53:48,default,teastore-persistence-784748b4b9-kfcql,luish-aspire-a315-55g
560,2026-01-16 03:53:48,default,teastore-recommender-74559c88-kkm48,scorpius03
560,2026-01-16 03:53:48,default,teastore-registry-676858f7cd-fh56g,leo02
560,2026-01-16 03:53:48,default,teastore-webui-558b54cc77-zqmx4,luish-nitro-an515-57
561,2026-01-16 03:54:07,default,teastore-auth-84d7ccddd9-jdv56,luish-nitro-an515-57
561,2026-01-16 03:54:07,default,teastore-db-84f96b9dd8-v2dww,scorpius03
561,2026-01-16 03:54:07,default,teastore-image-79674648d-n5mpl,luish-nitro-an515-57
561,2026-01-16 03:54:07,default,teastore-persistence-784748b4b9-g5ldn,leo02
561,2026-01-16 03:54:07,default,teastore-recommender-74559c88-kkm48,scorpius03
561,2026-01-16 03:54:07,default,teastore-registry-676858f7cd-dt22v,luish-aspire-a315-55g
561,2026-01-16 03:54:07,default,teastore-webui-558b54cc77-w9jsc,leo02
562,2026-01-16 03:54:25,default,teastore-auth-84d7ccddd9-ndgpr,leo02
562,2026-01-16 03:54:25,default,teastore-db-84f96b9dd8-k68xq,luish-aspire-a315-55g
562,2026-01-16 03:54:25,default,teastore-image-79674648d-w7zgq,scorpius03
562,2026-01-16 03:54:25,default,teastore-persistence-784748b4b9-jnp6t,luish-nitro-an515-57
562,2026-01-16 03:54:25,default,teastore-recommender-74559c88-xp7dk,luish-nitro-an515-57
562,2026-01-16 03:54:25,default,teastore-registry-676858f7cd-wlblg,luish-aspire-a315-55g
562,2026-01-16 03:54:25,default,teastore-webui-558b54cc77-lfz97,luish-aspire-a315-55g
563,2026-01-16 03:54:39,default,teastore-auth-84d7ccddd9-ndgpr,leo02
563,2026-01-16 03:54:39,default,teastore-db-84f96b9dd8-tfkbr,scorpius03
563,2026-01-16 03:54:39,default,teastore-image-79674648d-xggpx,luish-aspire-a315-55g
563,2026-01-16 03:54:39,default,teastore-persistence-784748b4b9-jnp6t,luish-nitro-an515-57
563,2026-01-16 03:54:39,default,teastore-recommender-74559c88-xp7dk,luish-nitro-an515-57
563,2026-01-16 03:54:39,default,teastore-registry-676858f7cd-wlblg,luish-aspire-a315-55g
563,2026-01-16 03:54:39,default,teastore-webui-558b54cc77-lfz97,luish-aspire-a315-55g
564,2026-01-16 03:54:47,default,teastore-auth-84d7ccddd9-ndgpr,leo02
564,2026-01-16 03:54:47,default,teastore-db-84f96b9dd8-tfkbr,scorpius03
564,2026-01-16 03:54:47,default,teastore-image-79674648d-xggpx,luish-aspire-a315-55g
564,2026-01-16 03:54:47,default,teastore-persistence-784748b4b9-xg6pp,scorpius03
564,2026-01-16 03:54:47,default,teastore-recommender-74559c88-xxc6h,luish-aspire-a315-55g
564,2026-01-16 03:54:47,default,teastore-registry-676858f7cd-wlblg,luish-aspire-a315-55g
564,2026-01-16 03:54:47,default,teastore-webui-558b54cc77-lfz97,luish-aspire-a315-55g
565,2026-01-16 03:55:01,default,teastore-auth-84d7ccddd9-ndgpr,leo02
565,2026-01-16 03:55:01,default,teastore-db-84f96b9dd8-tfkbr,scorpius03
565,2026-01-16 03:55:01,default,teastore-image-79674648d-xggpx,luish-aspire-a315-55g
565,2026-01-16 03:55:01,default,teastore-persistence-784748b4b9-xg6pp,scorpius03
565,2026-01-16 03:55:01,default,teastore-recommender-74559c88-xxc6h,luish-aspire-a315-55g
565,2026-01-16 03:55:01,default,teastore-registry-676858f7cd-wlblg,luish-aspire-a315-55g
565,2026-01-16 03:55:01,default,teastore-webui-558b54cc77-lfz97,luish-aspire-a315-55g
566,2026-01-16 03:55:20,default,teastore-auth-84d7ccddd9-l54pn,luish-aspire-a315-55g
566,2026-01-16 03:55:20,default,teastore-db-84f96b9dd8-smdgb,luish-aspire-a315-55g
566,2026-01-16 03:55:20,default,teastore-image-79674648d-wm2dd,leo02
566,2026-01-16 03:55:20,default,teastore-persistence-784748b4b9-qgfrs,luish-aspire-a315-55g
566,2026-01-16 03:55:20,default,teastore-recommender-74559c88-n5g5w,luish-nitro-an515-57
566,2026-01-16 03:55:20,default,teastore-registry-676858f7cd-8hz2p,leo02
566,2026-01-16 03:55:20,default,teastore-webui-558b54cc77-fg96v,luish-aspire-a315-55g
567,2026-01-16 03:55:38,default,teastore-auth-84d7ccddd9-l54pn,luish-aspire-a315-55g
567,2026-01-16 03:55:38,default,teastore-db-84f96b9dd8-smdgb,luish-aspire-a315-55g
567,2026-01-16 03:55:38,default,teastore-image-79674648d-x5f8s,luish-nitro-an515-57
567,2026-01-16 03:55:38,default,teastore-persistence-784748b4b9-srb9z,leo02
567,2026-01-16 03:55:38,default,teastore-recommender-74559c88-ln5dz,luish-aspire-a315-55g
567,2026-01-16 03:55:38,default,teastore-registry-676858f7cd-rrxm4,luish-nitro-an515-57
567,2026-01-16 03:55:38,default,teastore-webui-558b54cc77-psdgf,scorpius03
568,2026-01-16 03:55:47,default,teastore-auth-84d7ccddd9-l54pn,luish-aspire-a315-55g
568,2026-01-16 03:55:47,default,teastore-db-84f96b9dd8-mtbqs,luish-aspire-a315-55g
568,2026-01-16 03:55:47,default,teastore-image-79674648d-x5f8s,luish-nitro-an515-57
568,2026-01-16 03:55:47,default,teastore-persistence-784748b4b9-tjxk2,luish-nitro-an515-57
568,2026-01-16 03:55:47,default,teastore-recommender-74559c88-ztf9m,scorpius03
568,2026-01-16 03:55:47,default,teastore-registry-676858f7cd-rrxm4,luish-nitro-an515-57
568,2026-01-16 03:55:47,default,teastore-webui-558b54cc77-qnn4p,luish-nitro-an515-57
569,2026-01-16 03:55:55,default,teastore-auth-84d7ccddd9-l54pn,luish-aspire-a315-55g
569,2026-01-16 03:55:55,default,teastore-db-84f96b9dd8-mtbqs,luish-aspire-a315-55g
569,2026-01-16 03:55:55,default,teastore-image-79674648d-x5f8s,luish-nitro-an515-57
569,2026-01-16 03:55:55,default,teastore-persistence-784748b4b9-tjxk2,luish-nitro-an515-57
569,2026-01-16 03:55:55,default,teastore-recommender-74559c88-ztf9m,scorpius03
569,2026-01-16 03:55:55,default,teastore-registry-676858f7cd-rrxm4,luish-nitro-an515-57
569,2026-01-16 03:55:55,default,teastore-webui-558b54cc77-zhhhc,luish-aspire-a315-55g
570,2026-01-16 03:56:04,default,teastore-auth-84d7ccddd9-l54pn,luish-aspire-a315-55g
570,2026-01-16 03:56:04,default,teastore-db-84f96b9dd8-xhtqs,luish-aspire-a315-55g
570,2026-01-16 03:56:04,default,teastore-image-79674648d-x5f8s,luish-nitro-an515-57
570,2026-01-16 03:56:04,default,teastore-persistence-784748b4b9-tjxk2,luish-nitro-an515-57
570,2026-01-16 03:56:04,default,teastore-recommender-74559c88-ztf9m,scorpius03
570,2026-01-16 03:56:04,default,teastore-registry-676858f7cd-rrxm4,luish-nitro-an515-57
570,2026-01-16 03:56:04,default,teastore-webui-558b54cc77-zhhhc,luish-aspire-a315-55g
571,2026-01-16 03:56:18,default,teastore-auth-84d7ccddd9-phkbw,leo02
571,2026-01-16 03:56:18,default,teastore-db-84f96b9dd8-xhtqs,luish-aspire-a315-55g
571,2026-01-16 03:56:18,default,teastore-image-79674648d-lrvn7,luish-nitro-an515-57
571,2026-01-16 03:56:18,default,teastore-persistence-784748b4b9-tjxk2,luish-nitro-an515-57
571,2026-01-16 03:56:18,default,teastore-recommender-74559c88-ztf9m,scorpius03
571,2026-01-16 03:56:18,default,teastore-registry-676858f7cd-wqjqq,scorpius03
571,2026-01-16 03:56:18,default,teastore-webui-558b54cc77-zhhhc,luish-aspire-a315-55g
572,2026-01-16 03:56:27,default,teastore-auth-84d7ccddd9-phkbw,leo02
572,2026-01-16 03:56:27,default,teastore-db-84f96b9dd8-zp55g,luish-aspire-a315-55g
572,2026-01-16 03:56:27,default,teastore-image-79674648d-lrvn7,luish-nitro-an515-57
572,2026-01-16 03:56:27,default,teastore-persistence-784748b4b9-hsgms,luish-aspire-a315-55g
572,2026-01-16 03:56:27,default,teastore-recommender-74559c88-pbhf9,luish-nitro-an515-57
572,2026-01-16 03:56:27,default,teastore-registry-676858f7cd-wqjqq,scorpius03
572,2026-01-16 03:56:27,default,teastore-webui-558b54cc77-zhhhc,luish-aspire-a315-55g
573,2026-01-16 03:56:35,default,teastore-auth-84d7ccddd9-q5v5j,leo02
573,2026-01-16 03:56:35,default,teastore-db-84f96b9dd8-zp55g,luish-aspire-a315-55g
573,2026-01-16 03:56:35,default,teastore-image-79674648d-p2nw2,luish-nitro-an515-57
573,2026-01-16 03:56:35,default,teastore-persistence-784748b4b9-hvrhv,luish-aspire-a315-55g
573,2026-01-16 03:56:35,default,teastore-recommender-74559c88-kwr96,luish-aspire-a315-55g
573,2026-01-16 03:56:35,default,teastore-registry-676858f7cd-wqjqq,scorpius03
573,2026-01-16 03:56:35,default,teastore-webui-558b54cc77-zhhhc,luish-aspire-a315-55g
574,2026-01-16 03:56:44,default,teastore-auth-84d7ccddd9-rxv7z,luish-nitro-an515-57
574,2026-01-16 03:56:44,default,teastore-db-84f96b9dd8-zp55g,luish-aspire-a315-55g
574,2026-01-16 03:56:44,default,teastore-image-79674648d-p2nw2,luish-nitro-an515-57
574,2026-01-16 03:56:44,default,teastore-persistence-784748b4b9-hvrhv,luish-aspire-a315-55g
574,2026-01-16 03:56:44,default,teastore-recommender-74559c88-nkqs9,leo02
574,2026-01-16 03:56:44,default,teastore-registry-676858f7cd-wqjqq,scorpius03
574,2026-01-16 03:56:44,default,teastore-webui-558b54cc77-vrfm9,luish-nitro-an515-57
575,2026-01-16 03:56:53,default,teastore-auth-84d7ccddd9-s2qfw,luish-aspire-a315-55g
575,2026-01-16 03:56:53,default,teastore-db-84f96b9dd8-zp55g,luish-aspire-a315-55g
575,2026-01-16 03:56:53,default,teastore-image-79674648d-p2nw2,luish-nitro-an515-57
575,2026-01-16 03:56:53,default,teastore-persistence-784748b4b9-hvrhv,luish-aspire-a315-55g
575,2026-01-16 03:56:53,default,teastore-recommender-74559c88-nkqs9,leo02
575,2026-01-16 03:56:53,default,teastore-registry-676858f7cd-lnbcd,luish-aspire-a315-55g
575,2026-01-16 03:56:53,default,teastore-webui-558b54cc77-vrfm9,luish-nitro-an515-57
576,2026-01-16 03:57:01,default,teastore-auth-84d7ccddd9-s2qfw,luish-aspire-a315-55g
576,2026-01-16 03:57:01,default,teastore-db-84f96b9dd8-zp55g,luish-aspire-a315-55g
576,2026-01-16 03:57:01,default,teastore-image-79674648d-p2nw2,luish-nitro-an515-57
576,2026-01-16 03:57:01,default,teastore-persistence-784748b4b9-hvrhv,luish-aspire-a315-55g
576,2026-01-16 03:57:01,default,teastore-recommender-74559c88-nkqs9,leo02
576,2026-01-16 03:57:01,default,teastore-registry-676858f7cd-lnbcd,luish-aspire-a315-55g
576,2026-01-16 03:57:01,default,teastore-webui-558b54cc77-vrfm9,luish-nitro-an515-57
577,2026-01-16 03:57:10,default,teastore-auth-84d7ccddd9-s2qfw,luish-aspire-a315-55g
577,2026-01-16 03:57:10,default,teastore-db-84f96b9dd8-fbxmk,leo02
577,2026-01-16 03:57:10,default,teastore-image-79674648d-nqth6,scorpius03
577,2026-01-16 03:57:10,default,teastore-persistence-784748b4b9-k64pj,luish-aspire-a315-55g
577,2026-01-16 03:57:10,default,teastore-recommender-74559c88-nkqs9,leo02
577,2026-01-16 03:57:10,default,teastore-registry-676858f7cd-lnbcd,luish-aspire-a315-55g
577,2026-01-16 03:57:10,default,teastore-webui-558b54cc77-nn465,leo02
578,2026-01-16 03:57:19,default,teastore-auth-84d7ccddd9-s2qfw,luish-aspire-a315-55g
578,2026-01-16 03:57:19,default,teastore-db-84f96b9dd8-fghp9,leo02
578,2026-01-16 03:57:19,default,teastore-image-79674648d-nqth6,scorpius03
578,2026-01-16 03:57:19,default,teastore-persistence-784748b4b9-wdxft,leo02
578,2026-01-16 03:57:19,default,teastore-recommender-74559c88-b69ft,luish-aspire-a315-55g
578,2026-01-16 03:57:19,default,teastore-registry-676858f7cd-xdvfr,luish-nitro-an515-57
578,2026-01-16 03:57:19,default,teastore-webui-558b54cc77-q4bg5,luish-aspire-a315-55g
579,2026-01-16 03:57:27,default,teastore-auth-84d7ccddd9-s2qfw,luish-aspire-a315-55g
579,2026-01-16 03:57:27,default,teastore-db-84f96b9dd8-fghp9,leo02
579,2026-01-16 03:57:27,default,teastore-image-79674648d-z2z22,scorpius03
579,2026-01-16 03:57:27,default,teastore-persistence-784748b4b9-wdxft,leo02
579,2026-01-16 03:57:27,default,teastore-recommender-74559c88-lprgq,luish-aspire-a315-55g
579,2026-01-16 03:57:27,default,teastore-registry-676858f7cd-xdvfr,luish-nitro-an515-57
579,2026-01-16 03:57:27,default,teastore-webui-558b54cc77-sdgs7,leo02
580,2026-01-16 03:57:37,default,teastore-auth-84d7ccddd9-s2qfw,luish-aspire-a315-55g
580,2026-01-16 03:57:37,default,teastore-db-84f96b9dd8-lkh8g,scorpius03
580,2026-01-16 03:57:37,default,teastore-image-79674648d-z2z22,scorpius03
580,2026-01-16 03:57:37,default,teastore-persistence-784748b4b9-wdxft,leo02
580,2026-01-16 03:57:37,default,teastore-recommender-74559c88-lprgq,luish-aspire-a315-55g
580,2026-01-16 03:57:37,default,teastore-registry-676858f7cd-xdvfr,luish-nitro-an515-57
580,2026-01-16 03:57:37,default,teastore-webui-558b54cc77-sdgs7,leo02
581,2026-01-16 03:57:50,default,teastore-auth-84d7ccddd9-mxsrl,luish-nitro-an515-57
581,2026-01-16 03:57:50,default,teastore-db-84f96b9dd8-lkh8g,scorpius03
581,2026-01-16 03:57:50,default,teastore-image-79674648d-z2z22,scorpius03
581,2026-01-16 03:57:50,default,teastore-persistence-784748b4b9-k64pj,luish-aspire-a315-55g
581,2026-01-16 03:57:50,default,teastore-recommender-74559c88-lprgq,luish-aspire-a315-55g
581,2026-01-16 03:57:50,default,teastore-registry-676858f7cd-q4ksw,luish-nitro-an515-57
581,2026-01-16 03:57:50,default,teastore-webui-558b54cc77-sdgs7,leo02
582,2026-01-16 03:58:04,default,teastore-auth-84d7ccddd9-r4chb,luish-aspire-a315-55g
582,2026-01-16 03:58:04,default,teastore-db-84f96b9dd8-lkh8g,scorpius03
582,2026-01-16 03:58:04,default,teastore-image-79674648d-wv2fk,scorpius03
582,2026-01-16 03:58:04,default,teastore-persistence-784748b4b9-nl5wz,leo02
582,2026-01-16 03:58:04,default,teastore-recommender-74559c88-jqh82,luish-aspire-a315-55g
582,2026-01-16 03:58:04,default,teastore-registry-676858f7cd-wgtwd,luish-aspire-a315-55g
582,2026-01-16 03:58:04,default,teastore-webui-558b54cc77-q2rc6,luish-nitro-an515-57
583,2026-01-16 03:58:33,default,teastore-auth-84d7ccddd9-r4chb,luish-aspire-a315-55g
583,2026-01-16 03:58:33,default,teastore-db-84f96b9dd8-mwlkm,scorpius03
583,2026-01-16 03:58:33,default,teastore-image-79674648d-vj5tz,luish-aspire-a315-55g
583,2026-01-16 03:58:33,default,teastore-persistence-784748b4b9-nl5wz,leo02
583,2026-01-16 03:58:33,default,teastore-recommender-74559c88-sf2z8,scorpius03
583,2026-01-16 03:58:33,default,teastore-registry-676858f7cd-wgtwd,luish-aspire-a315-55g
583,2026-01-16 03:58:33,default,teastore-webui-558b54cc77-q2rc6,luish-nitro-an515-57
584,2026-01-16 03:59:02,default,teastore-auth-84d7ccddd9-w4626,leo02
584,2026-01-16 03:59:02,default,teastore-db-84f96b9dd8-xnk7l,luish-aspire-a315-55g
584,2026-01-16 03:59:02,default,teastore-image-79674648d-vj5tz,luish-aspire-a315-55g
584,2026-01-16 03:59:02,default,teastore-persistence-784748b4b9-lx9nt,luish-aspire-a315-55g
584,2026-01-16 03:59:02,default,teastore-recommender-74559c88-vrh5r,luish-nitro-an515-57
584,2026-01-16 03:59:02,default,teastore-registry-676858f7cd-qx7kw,scorpius03
584,2026-01-16 03:59:02,default,teastore-webui-558b54cc77-qtwb7,leo02
585,2026-01-16 03:59:31,default,teastore-auth-84d7ccddd9-w4626,leo02
585,2026-01-16 03:59:31,default,teastore-db-84f96b9dd8-xnk7l,luish-aspire-a315-55g
585,2026-01-16 03:59:31,default,teastore-image-79674648d-zqpc8,scorpius03
585,2026-01-16 03:59:31,default,teastore-persistence-784748b4b9-5dzl5,luish-aspire-a315-55g
585,2026-01-16 03:59:31,default,teastore-recommender-74559c88-vrh5r,luish-nitro-an515-57
585,2026-01-16 03:59:31,default,teastore-registry-676858f7cd-98mp8,leo02
585,2026-01-16 03:59:31,default,teastore-webui-558b54cc77-qtwb7,leo02
586,2026-01-16 04:00:00,default,teastore-auth-84d7ccddd9-zhqvv,luish-aspire-a315-55g
586,2026-01-16 04:00:00,default,teastore-db-84f96b9dd8-ppsrq,leo02
586,2026-01-16 04:00:00,default,teastore-image-79674648d-zqpc8,scorpius03
586,2026-01-16 04:00:00,default,teastore-persistence-784748b4b9-lpj46,leo02
586,2026-01-16 04:00:00,default,teastore-recommender-74559c88-wf7gp,luish-nitro-an515-57
586,2026-01-16 04:00:00,default,teastore-registry-676858f7cd-zkhvc,luish-aspire-a315-55g
586,2026-01-16 04:00:00,default,teastore-webui-558b54cc77-qlhtw,scorpius03
587,2026-01-16 04:00:28,default,teastore-auth-84d7ccddd9-zhqvv,luish-aspire-a315-55g
587,2026-01-16 04:00:28,default,teastore-db-84f96b9dd8-sxjx8,scorpius03
587,2026-01-16 04:00:28,default,teastore-image-79674648d-7nrbv,luish-aspire-a315-55g
587,2026-01-16 04:00:28,default,teastore-persistence-784748b4b9-wthn7,luish-aspire-a315-55g
587,2026-01-16 04:00:28,default,teastore-recommender-74559c88-wf7gp,luish-nitro-an515-57
587,2026-01-16 04:00:28,default,teastore-registry-676858f7cd-zkhvc,luish-aspire-a315-55g
587,2026-01-16 04:00:28,default,teastore-webui-558b54cc77-kg6vv,leo02
588,2026-01-16 04:00:42,default,teastore-auth-84d7ccddd9-zhqvv,luish-aspire-a315-55g
588,2026-01-16 04:00:42,default,teastore-db-84f96b9dd8-wnxm6,scorpius03
588,2026-01-16 04:00:42,default,teastore-image-79674648d-7nrbv,luish-aspire-a315-55g
588,2026-01-16 04:00:42,default,teastore-persistence-784748b4b9-zpqw7,luish-aspire-a315-55g
588,2026-01-16 04:00:42,default,teastore-recommender-74559c88-wf7gp,luish-nitro-an515-57
588,2026-01-16 04:00:42,default,teastore-registry-676858f7cd-zkhvc,luish-aspire-a315-55g
588,2026-01-16 04:00:42,default,teastore-webui-558b54cc77-v92wt,scorpius03
589,2026-01-16 04:01:06,default,teastore-auth-84d7ccddd9-ckjzl,leo02
589,2026-01-16 04:01:06,default,teastore-db-84f96b9dd8-wnxm6,scorpius03
589,2026-01-16 04:01:06,default,teastore-image-79674648d-rn4h9,luish-aspire-a315-55g
589,2026-01-16 04:01:06,default,teastore-persistence-784748b4b9-zpqw7,luish-aspire-a315-55g
589,2026-01-16 04:01:06,default,teastore-recommender-74559c88-vdcqq,luish-nitro-an515-57
589,2026-01-16 04:01:06,default,teastore-registry-676858f7cd-vskpb,luish-aspire-a315-55g
589,2026-01-16 04:01:06,default,teastore-webui-558b54cc77-v92wt,scorpius03
590,2026-01-16 04:01:35,default,teastore-auth-84d7ccddd9-ckjzl,leo02
590,2026-01-16 04:01:35,default,teastore-db-84f96b9dd8-qxhc5,scorpius03
590,2026-01-16 04:01:35,default,teastore-image-79674648d-rn4h9,luish-aspire-a315-55g
590,2026-01-16 04:01:35,default,teastore-persistence-784748b4b9-qvhld,luish-aspire-a315-55g
590,2026-01-16 04:01:35,default,teastore-recommender-74559c88-qbvbs,luish-aspire-a315-55g
590,2026-01-16 04:01:35,default,teastore-registry-676858f7cd-bsdd7,luish-aspire-a315-55g
590,2026-01-16 04:01:35,default,teastore-webui-558b54cc77-qb58c,scorpius03
591,2026-01-16 04:01:53,default,teastore-auth-84d7ccddd9-pxm67,leo02
591,2026-01-16 04:01:53,default,teastore-db-84f96b9dd8-qxhc5,scorpius03
591,2026-01-16 04:01:53,default,teastore-image-79674648d-95z6h,scorpius03
591,2026-01-16 04:01:53,default,teastore-persistence-784748b4b9-qvhld,luish-aspire-a315-55g
591,2026-01-16 04:01:53,default,teastore-recommender-74559c88-tpc66,luish-nitro-an515-57
591,2026-01-16 04:01:53,default,teastore-registry-676858f7cd-mdf7h,scorpius03
591,2026-01-16 04:01:53,default,teastore-webui-558b54cc77-tfmvq,scorpius03
592,2026-01-16 04:02:22,default,teastore-auth-84d7ccddd9-52wxx,leo02
592,2026-01-16 04:02:22,default,teastore-db-84f96b9dd8-zhp64,luish-aspire-a315-55g
592,2026-01-16 04:02:22,default,teastore-image-79674648d-djj6w,luish-aspire-a315-55g
592,2026-01-16 04:02:22,default,teastore-persistence-784748b4b9-mj9fw,luish-aspire-a315-55g
592,2026-01-16 04:02:22,default,teastore-recommender-74559c88-tpc66,luish-nitro-an515-57
592,2026-01-16 04:02:22,default,teastore-registry-676858f7cd-7q79l,luish-aspire-a315-55g
592,2026-01-16 04:02:22,default,teastore-webui-558b54cc77-xdn95,leo02
593,2026-01-16 04:03:06,default,teastore-auth-84d7ccddd9-52wxx,leo02
593,2026-01-16 04:03:06,default,teastore-db-84f96b9dd8-zhp64,luish-aspire-a315-55g
593,2026-01-16 04:03:06,default,teastore-image-79674648d-djj6w,luish-aspire-a315-55g
593,2026-01-16 04:03:06,default,teastore-persistence-784748b4b9-mj9fw,luish-aspire-a315-55g
593,2026-01-16 04:03:06,default,teastore-recommender-74559c88-tpc66,luish-nitro-an515-57
593,2026-01-16 04:03:06,default,teastore-registry-676858f7cd-qtkll,scorpius03
593,2026-01-16 04:03:06,default,teastore-webui-558b54cc77-xdn95,leo02
594,2026-01-16 04:03:35,default,teastore-auth-84d7ccddd9-5d2ht,luish-aspire-a315-55g
594,2026-01-16 04:03:35,default,teastore-db-84f96b9dd8-xpfzs,luish-aspire-a315-55g
594,2026-01-16 04:03:35,default,teastore-image-79674648d-h458x,luish-nitro-an515-57
594,2026-01-16 04:03:35,default,teastore-persistence-784748b4b9-mtf7s,luish-aspire-a315-55g
594,2026-01-16 04:03:35,default,teastore-recommender-74559c88-ncvkj,luish-aspire-a315-55g
594,2026-01-16 04:03:35,default,teastore-registry-676858f7cd-qtkll,scorpius03
594,2026-01-16 04:03:35,default,teastore-webui-558b54cc77-5nx5d,leo02
595,2026-01-16 04:04:04,default,teastore-auth-84d7ccddd9-vq796,luish-nitro-an515-57
595,2026-01-16 04:04:04,default,teastore-db-84f96b9dd8-xpfzs,luish-aspire-a315-55g
595,2026-01-16 04:04:04,default,teastore-image-79674648d-h458x,luish-nitro-an515-57
595,2026-01-16 04:04:04,default,teastore-persistence-784748b4b9-mtf7s,luish-aspire-a315-55g
595,2026-01-16 04:04:04,default,teastore-recommender-74559c88-ncvkj,luish-aspire-a315-55g
595,2026-01-16 04:04:04,default,teastore-registry-676858f7cd-qgqdk,luish-aspire-a315-55g
595,2026-01-16 04:04:04,default,teastore-webui-558b54cc77-8jx6w,leo02
596,2026-01-16 04:04:38,default,teastore-auth-84d7ccddd9-z865r,luish-aspire-a315-55g
596,2026-01-16 04:04:38,default,teastore-db-84f96b9dd8-s5t9s,luish-aspire-a315-55g
596,2026-01-16 04:04:38,default,teastore-image-79674648d-l6gvd,luish-nitro-an515-57
596,2026-01-16 04:04:38,default,teastore-persistence-784748b4b9-ssv9r,luish-aspire-a315-55g
596,2026-01-16 04:04:38,default,teastore-recommender-74559c88-s8bmp,luish-aspire-a315-55g
596,2026-01-16 04:04:38,default,teastore-registry-676858f7cd-tvhq9,luish-aspire-a315-55g
596,2026-01-16 04:04:38,default,teastore-webui-558b54cc77-mjndf,scorpius03
597,2026-01-16 04:04:57,default,teastore-auth-84d7ccddd9-z865r,luish-aspire-a315-55g
597,2026-01-16 04:04:57,default,teastore-db-84f96b9dd8-s5t9s,luish-aspire-a315-55g
597,2026-01-16 04:04:57,default,teastore-image-79674648d-mvd4k,leo02
597,2026-01-16 04:04:57,default,teastore-persistence-784748b4b9-wt7zx,luish-nitro-an515-57
597,2026-01-16 04:04:57,default,teastore-recommender-74559c88-s8bmp,luish-aspire-a315-55g
597,2026-01-16 04:04:57,default,teastore-registry-676858f7cd-tvhq9,luish-aspire-a315-55g
597,2026-01-16 04:04:57,default,teastore-webui-558b54cc77-mjndf,scorpius03
598,2026-01-16 04:05:15,default,teastore-auth-84d7ccddd9-zfcwr,luish-nitro-an515-57
598,2026-01-16 04:05:15,default,teastore-db-84f96b9dd8-s5t9s,luish-aspire-a315-55g
598,2026-01-16 04:05:15,default,teastore-image-79674648d-qjdsn,luish-nitro-an515-57
598,2026-01-16 04:05:15,default,teastore-persistence-784748b4b9-wt7zx,luish-nitro-an515-57
598,2026-01-16 04:05:15,default,teastore-recommender-74559c88-s8bmp,luish-aspire-a315-55g
598,2026-01-16 04:05:15,default,teastore-registry-676858f7cd-tvhq9,luish-aspire-a315-55g
598,2026-01-16 04:05:15,default,teastore-webui-558b54cc77-w5dvb,luish-aspire-a315-55g
599,2026-01-16 04:05:39,default,teastore-auth-84d7ccddd9-zfcwr,luish-nitro-an515-57
599,2026-01-16 04:05:39,default,teastore-db-84f96b9dd8-lpmsl,leo02
599,2026-01-16 04:05:39,default,teastore-image-79674648d-rsvj5,luish-aspire-a315-55g
599,2026-01-16 04:05:39,default,teastore-persistence-784748b4b9-wt7zx,luish-nitro-an515-57
599,2026-01-16 04:05:39,default,teastore-recommender-74559c88-w6498,scorpius03
599,2026-01-16 04:05:39,default,teastore-registry-676858f7cd-hszxr,scorpius03
599,2026-01-16 04:05:39,default,teastore-webui-558b54cc77-w5dvb,luish-aspire-a315-55g
600,2026-01-16 04:05:47,default,teastore-auth-84d7ccddd9-zfcwr,luish-nitro-an515-57
600,2026-01-16 04:05:47,default,teastore-db-84f96b9dd8-vhbnj,leo02
600,2026-01-16 04:05:47,default,teastore-image-79674648d-rsvj5,luish-aspire-a315-55g
600,2026-01-16 04:05:47,default,teastore-persistence-784748b4b9-mxz56,scorpius03
600,2026-01-16 04:05:47,default,teastore-recommender-74559c88-wjc4w,luish-aspire-a315-55g
600,2026-01-16 04:05:47,default,teastore-registry-676858f7cd-xt9zb,scorpius03
600,2026-01-16 04:05:47,default,teastore-webui-558b54cc77-w5dvb,luish-aspire-a315-55g
601,2026-01-16 04:06:01,default,teastore-auth-84d7ccddd9-zfcwr,luish-nitro-an515-57
601,2026-01-16 04:06:01,default,teastore-db-84f96b9dd8-vhbnj,leo02
601,2026-01-16 04:06:01,default,teastore-image-79674648d-rsvj5,luish-aspire-a315-55g
601,2026-01-16 04:06:01,default,teastore-persistence-784748b4b9-mxz56,scorpius03
601,2026-01-16 04:06:01,default,teastore-recommender-74559c88-wjc4w,luish-aspire-a315-55g
601,2026-01-16 04:06:01,default,teastore-registry-676858f7cd-xt9zb,scorpius03
601,2026-01-16 04:06:01,default,teastore-webui-558b54cc77-w5dvb,luish-aspire-a315-55g
602,2026-01-16 04:06:15,default,teastore-auth-84d7ccddd9-tn8wj,scorpius03
602,2026-01-16 04:06:15,default,teastore-db-84f96b9dd8-mshrz,luish-aspire-a315-55g
602,2026-01-16 04:06:15,default,teastore-image-79674648d-qb7cv,luish-aspire-a315-55g
602,2026-01-16 04:06:15,default,teastore-persistence-784748b4b9-qs4d2,scorpius03
602,2026-01-16 04:06:15,default,teastore-recommender-74559c88-wjc4w,luish-aspire-a315-55g
602,2026-01-16 04:06:15,default,teastore-registry-676858f7cd-r848l,leo02
602,2026-01-16 04:06:15,default,teastore-webui-558b54cc77-thsn2,luish-aspire-a315-55g
603,2026-01-16 04:06:43,default,teastore-auth-84d7ccddd9-tn8wj,scorpius03
603,2026-01-16 04:06:43,default,teastore-db-84f96b9dd8-mshrz,luish-aspire-a315-55g
603,2026-01-16 04:06:43,default,teastore-image-79674648d-s8xf9,scorpius03
603,2026-01-16 04:06:43,default,teastore-persistence-784748b4b9-qxdmd,leo02
603,2026-01-16 04:06:43,default,teastore-recommender-74559c88-t7bnc,scorpius03
603,2026-01-16 04:06:43,default,teastore-registry-676858f7cd-z89ks,luish-aspire-a315-55g
603,2026-01-16 04:06:43,default,teastore-webui-558b54cc77-ngf7n,luish-aspire-a315-55g
604,2026-01-16 04:07:02,default,teastore-auth-84d7ccddd9-rc66g,luish-aspire-a315-55g
604,2026-01-16 04:07:02,default,teastore-db-84f96b9dd8-k8zd4,luish-aspire-a315-55g
604,2026-01-16 04:07:02,default,teastore-image-79674648d-s8xf9,scorpius03
604,2026-01-16 04:07:02,default,teastore-persistence-784748b4b9-vw9d6,leo02
604,2026-01-16 04:07:02,default,teastore-recommender-74559c88-t7bnc,scorpius03
604,2026-01-16 04:07:02,default,teastore-registry-676858f7cd-z89ks,luish-aspire-a315-55g
604,2026-01-16 04:07:02,default,teastore-webui-558b54cc77-wbk92,luish-nitro-an515-57
605,2026-01-16 04:07:20,default,teastore-auth-84d7ccddd9-tn95s,luish-nitro-an515-57
605,2026-01-16 04:07:20,default,teastore-db-84f96b9dd8-xzfw2,luish-aspire-a315-55g
605,2026-01-16 04:07:20,default,teastore-image-79674648d-ks6s6,scorpius03
605,2026-01-16 04:07:20,default,teastore-persistence-784748b4b9-vw9d6,leo02
605,2026-01-16 04:07:20,default,teastore-recommender-74559c88-sjm7h,leo02
605,2026-01-16 04:07:20,default,teastore-registry-676858f7cd-z89ks,luish-aspire-a315-55g
605,2026-01-16 04:07:20,default,teastore-webui-558b54cc77-wbk92,luish-nitro-an515-57
606,2026-01-16 04:07:39,default,teastore-auth-84d7ccddd9-tn95s,luish-nitro-an515-57
606,2026-01-16 04:07:39,default,teastore-db-84f96b9dd8-xzfw2,luish-aspire-a315-55g
606,2026-01-16 04:07:39,default,teastore-image-79674648d-ks6s6,scorpius03
606,2026-01-16 04:07:39,default,teastore-persistence-784748b4b9-td76n,scorpius03
606,2026-01-16 04:07:39,default,teastore-recommender-74559c88-vjfnc,leo02
606,2026-01-16 04:07:39,default,teastore-registry-676858f7cd-rljb2,luish-aspire-a315-55g
606,2026-01-16 04:07:39,default,teastore-webui-558b54cc77-wbk92,luish-nitro-an515-57
607,2026-01-16 04:07:58,default,teastore-auth-84d7ccddd9-tn95s,luish-nitro-an515-57
607,2026-01-16 04:07:58,default,teastore-db-84f96b9dd8-xzfw2,luish-aspire-a315-55g
607,2026-01-16 04:07:58,default,teastore-image-79674648d-ks6s6,scorpius03
607,2026-01-16 04:07:58,default,teastore-persistence-784748b4b9-td76n,scorpius03
607,2026-01-16 04:07:58,default,teastore-recommender-74559c88-vjfnc,leo02
607,2026-01-16 04:07:58,default,teastore-registry-676858f7cd-rljb2,luish-aspire-a315-55g
607,2026-01-16 04:07:58,default,teastore-webui-558b54cc77-wbk92,luish-nitro-an515-57
608,2026-01-16 04:08:06,default,teastore-auth-84d7ccddd9-x57vf,leo02
608,2026-01-16 04:08:06,default,teastore-db-84f96b9dd8-vkpdz,luish-nitro-an515-57
608,2026-01-16 04:08:06,default,teastore-image-79674648d-h6stl,scorpius03
608,2026-01-16 04:08:06,default,teastore-persistence-784748b4b9-r9t4l,luish-aspire-a315-55g
608,2026-01-16 04:08:06,default,teastore-recommender-74559c88-vjfnc,leo02
608,2026-01-16 04:08:06,default,teastore-registry-676858f7cd-rljb2,luish-aspire-a315-55g
608,2026-01-16 04:08:06,default,teastore-webui-558b54cc77-vjwvl,luish-aspire-a315-55g
609,2026-01-16 04:08:20,default,teastore-auth-84d7ccddd9-x57vf,leo02
609,2026-01-16 04:08:20,default,teastore-db-84f96b9dd8-vkpdz,luish-nitro-an515-57
609,2026-01-16 04:08:20,default,teastore-image-79674648d-wd5kz,luish-nitro-an515-57
609,2026-01-16 04:08:20,default,teastore-persistence-784748b4b9-r9t4l,luish-aspire-a315-55g
609,2026-01-16 04:08:20,default,teastore-recommender-74559c88-vjfnc,leo02
609,2026-01-16 04:08:20,default,teastore-registry-676858f7cd-rljb2,luish-aspire-a315-55g
609,2026-01-16 04:08:20,default,teastore-webui-558b54cc77-vjwvl,luish-aspire-a315-55g
610,2026-01-16 04:08:28,default,teastore-auth-84d7ccddd9-x57vf,leo02
610,2026-01-16 04:08:28,default,teastore-db-84f96b9dd8-vkpdz,luish-nitro-an515-57
610,2026-01-16 04:08:28,default,teastore-image-79674648d-wd5kz,luish-nitro-an515-57
610,2026-01-16 04:08:28,default,teastore-persistence-784748b4b9-r9t4l,luish-aspire-a315-55g
610,2026-01-16 04:08:28,default,teastore-recommender-74559c88-rbgtt,luish-nitro-an515-57
610,2026-01-16 04:08:28,default,teastore-registry-676858f7cd-nml86,luish-nitro-an515-57
610,2026-01-16 04:08:28,default,teastore-webui-558b54cc77-vjwvl,luish-aspire-a315-55g
611,2026-01-16 04:08:37,default,teastore-auth-84d7ccddd9-x57vf,leo02
611,2026-01-16 04:08:37,default,teastore-db-84f96b9dd8-vkpdz,luish-nitro-an515-57
611,2026-01-16 04:08:37,default,teastore-image-79674648d-wd5kz,luish-nitro-an515-57
611,2026-01-16 04:08:37,default,teastore-persistence-784748b4b9-r9t4l,luish-aspire-a315-55g
611,2026-01-16 04:08:37,default,teastore-recommender-74559c88-ncn9v,leo02
611,2026-01-16 04:08:37,default,teastore-registry-676858f7cd-nml86,luish-nitro-an515-57
611,2026-01-16 04:08:37,default,teastore-webui-558b54cc77-xjp6l,luish-aspire-a315-55g
612,2026-01-16 04:08:45,default,teastore-auth-84d7ccddd9-xjbjv,scorpius03
612,2026-01-16 04:08:45,default,teastore-db-84f96b9dd8-v5dg4,scorpius03
612,2026-01-16 04:08:45,default,teastore-image-79674648d-wd5kz,luish-nitro-an515-57
612,2026-01-16 04:08:45,default,teastore-persistence-784748b4b9-r9t4l,luish-aspire-a315-55g
612,2026-01-16 04:08:45,default,teastore-recommender-74559c88-ncn9v,leo02
612,2026-01-16 04:08:45,default,teastore-registry-676858f7cd-j75tj,leo02
612,2026-01-16 04:08:45,default,teastore-webui-558b54cc77-xjp6l,luish-aspire-a315-55g
613,2026-01-16 04:08:54,default,teastore-auth-84d7ccddd9-xjbjv,scorpius03
613,2026-01-16 04:08:54,default,teastore-db-84f96b9dd8-v5dg4,scorpius03
613,2026-01-16 04:08:54,default,teastore-image-79674648d-t58vt,leo02
613,2026-01-16 04:08:54,default,teastore-persistence-784748b4b9-mzlwk,luish-aspire-a315-55g
613,2026-01-16 04:08:54,default,teastore-recommender-74559c88-zpgsg,luish-nitro-an515-57
613,2026-01-16 04:08:54,default,teastore-registry-676858f7cd-j75tj,leo02
613,2026-01-16 04:08:54,default,teastore-webui-558b54cc77-xjp6l,luish-aspire-a315-55g
614,2026-01-16 04:09:08,default,teastore-auth-84d7ccddd9-xjbjv,scorpius03
614,2026-01-16 04:09:08,default,teastore-db-84f96b9dd8-v5dg4,scorpius03
614,2026-01-16 04:09:08,default,teastore-image-79674648d-t58vt,leo02
614,2026-01-16 04:09:08,default,teastore-persistence-784748b4b9-mzlwk,luish-aspire-a315-55g
614,2026-01-16 04:09:08,default,teastore-recommender-74559c88-zpgsg,luish-nitro-an515-57
614,2026-01-16 04:09:08,default,teastore-registry-676858f7cd-wfsp5,leo02
614,2026-01-16 04:09:08,default,teastore-webui-558b54cc77-xjp6l,luish-aspire-a315-55g
615,2026-01-16 04:09:16,default,teastore-auth-84d7ccddd9-xjbjv,scorpius03
615,2026-01-16 04:09:16,default,teastore-db-84f96b9dd8-tzs6c,luish-nitro-an515-57
615,2026-01-16 04:09:16,default,teastore-image-79674648d-t58vt,leo02
615,2026-01-16 04:09:16,default,teastore-persistence-784748b4b9-mzlwk,luish-aspire-a315-55g
615,2026-01-16 04:09:16,default,teastore-recommender-74559c88-zpgsg,luish-nitro-an515-57
615,2026-01-16 04:09:16,default,teastore-registry-676858f7cd-wfsp5,leo02
615,2026-01-16 04:09:16,default,teastore-webui-558b54cc77-nrjj5,luish-nitro-an515-57
616,2026-01-16 04:09:25,default,teastore-auth-84d7ccddd9-s422j,scorpius03
616,2026-01-16 04:09:25,default,teastore-db-84f96b9dd8-pj5jp,leo02
616,2026-01-16 04:09:25,default,teastore-image-79674648d-mjzkb,luish-aspire-a315-55g
616,2026-01-16 04:09:25,default,teastore-persistence-784748b4b9-xhxmf,luish-aspire-a315-55g
616,2026-01-16 04:09:25,default,teastore-recommender-74559c88-zpgsg,luish-nitro-an515-57
616,2026-01-16 04:09:25,default,teastore-registry-676858f7cd-wfsp5,leo02
616,2026-01-16 04:09:25,default,teastore-webui-558b54cc77-nrjj5,luish-nitro-an515-57
617,2026-01-16 04:09:33,default,teastore-auth-84d7ccddd9-s422j,scorpius03
617,2026-01-16 04:09:33,default,teastore-db-84f96b9dd8-pj5jp,leo02
617,2026-01-16 04:09:33,default,teastore-image-79674648d-vbwxj,luish-aspire-a315-55g
617,2026-01-16 04:09:33,default,teastore-persistence-784748b4b9-xhxmf,luish-aspire-a315-55g
617,2026-01-16 04:09:33,default,teastore-recommender-74559c88-rqtgw,luish-aspire-a315-55g
617,2026-01-16 04:09:33,default,teastore-registry-676858f7cd-wfsp5,leo02
617,2026-01-16 04:09:33,default,teastore-webui-558b54cc77-nrjj5,luish-nitro-an515-57
618,2026-01-16 04:09:42,default,teastore-auth-84d7ccddd9-s422j,scorpius03
618,2026-01-16 04:09:42,default,teastore-db-84f96b9dd8-ml9xl,luish-aspire-a315-55g
618,2026-01-16 04:09:42,default,teastore-image-79674648d-vbwxj,luish-aspire-a315-55g
618,2026-01-16 04:09:42,default,teastore-persistence-784748b4b9-xhxmf,luish-aspire-a315-55g
618,2026-01-16 04:09:42,default,teastore-recommender-74559c88-rqtgw,luish-aspire-a315-55g
618,2026-01-16 04:09:42,default,teastore-registry-676858f7cd-xh5b5,luish-nitro-an515-57
618,2026-01-16 04:09:42,default,teastore-webui-558b54cc77-nrjj5,luish-nitro-an515-57
619,2026-01-16 04:09:51,default,teastore-auth-84d7ccddd9-s422j,scorpius03
619,2026-01-16 04:09:51,default,teastore-db-84f96b9dd8-wrhfp,leo02
619,2026-01-16 04:09:51,default,teastore-image-79674648d-vbwxj,luish-aspire-a315-55g
619,2026-01-16 04:09:51,default,teastore-persistence-784748b4b9-xhxmf,luish-aspire-a315-55g
619,2026-01-16 04:09:51,default,teastore-recommender-74559c88-rqtgw,luish-aspire-a315-55g
619,2026-01-16 04:09:51,default,teastore-registry-676858f7cd-xh5b5,luish-nitro-an515-57
619,2026-01-16 04:09:51,default,teastore-webui-558b54cc77-nvzrb,scorpius03
620,2026-01-16 04:09:59,default,teastore-auth-84d7ccddd9-mbkm4,leo02
620,2026-01-16 04:09:59,default,teastore-db-84f96b9dd8-wrhfp,leo02
620,2026-01-16 04:09:59,default,teastore-image-79674648d-vbwxj,luish-aspire-a315-55g
620,2026-01-16 04:09:59,default,teastore-persistence-784748b4b9-xhxmf,luish-aspire-a315-55g
620,2026-01-16 04:09:59,default,teastore-recommender-74559c88-rqtgw,luish-aspire-a315-55g
620,2026-01-16 04:09:59,default,teastore-registry-676858f7cd-xh5b5,luish-nitro-an515-57
620,2026-01-16 04:09:59,default,teastore-webui-558b54cc77-nvzrb,scorpius03
621,2026-01-16 04:10:08,default,teastore-auth-84d7ccddd9-psqb2,scorpius03
621,2026-01-16 04:10:08,default,teastore-db-84f96b9dd8-wrhfp,leo02
621,2026-01-16 04:10:08,default,teastore-image-79674648d-vbwxj,luish-aspire-a315-55g
621,2026-01-16 04:10:08,default,teastore-persistence-784748b4b9-w4xvt,luish-aspire-a315-55g
621,2026-01-16 04:10:08,default,teastore-recommender-74559c88-rqtgw,luish-aspire-a315-55g
621,2026-01-16 04:10:08,default,teastore-registry-676858f7cd-xh5b5,luish-nitro-an515-57
621,2026-01-16 04:10:08,default,teastore-webui-558b54cc77-z6dh7,scorpius03
622,2026-01-16 04:10:17,default,teastore-auth-84d7ccddd9-psqb2,scorpius03
622,2026-01-16 04:10:17,default,teastore-db-84f96b9dd8-wrhfp,leo02
622,2026-01-16 04:10:17,default,teastore-image-79674648d-vbwxj,luish-aspire-a315-55g
622,2026-01-16 04:10:17,default,teastore-persistence-784748b4b9-w4xvt,luish-aspire-a315-55g
622,2026-01-16 04:10:17,default,teastore-recommender-74559c88-qsmxz,luish-aspire-a315-55g
622,2026-01-16 04:10:17,default,teastore-registry-676858f7cd-hxv9w,leo02
622,2026-01-16 04:10:17,default,teastore-webui-558b54cc77-z6dh7,scorpius03
623,2026-01-16 04:10:25,default,teastore-auth-84d7ccddd9-psqb2,scorpius03
623,2026-01-16 04:10:25,default,teastore-db-84f96b9dd8-rt7jc,scorpius03
623,2026-01-16 04:10:25,default,teastore-image-79674648d-lbngf,luish-nitro-an515-57
623,2026-01-16 04:10:25,default,teastore-persistence-784748b4b9-tpktz,luish-nitro-an515-57
623,2026-01-16 04:10:25,default,teastore-recommender-74559c88-qsmxz,luish-aspire-a315-55g
623,2026-01-16 04:10:25,default,teastore-registry-676858f7cd-prqr2,scorpius03
623,2026-01-16 04:10:25,default,teastore-webui-558b54cc77-z6dh7,scorpius03
624,2026-01-16 04:10:34,default,teastore-auth-84d7ccddd9-wn54l,luish-aspire-a315-55g
624,2026-01-16 04:10:34,default,teastore-db-84f96b9dd8-rt7jc,scorpius03
624,2026-01-16 04:10:34,default,teastore-image-79674648d-vmf46,leo02
624,2026-01-16 04:10:34,default,teastore-persistence-784748b4b9-v9rk8,leo02
624,2026-01-16 04:10:34,default,teastore-recommender-74559c88-qsmxz,luish-aspire-a315-55g
624,2026-01-16 04:10:34,default,teastore-registry-676858f7cd-prqr2,scorpius03
624,2026-01-16 04:10:34,default,teastore-webui-558b54cc77-z6dh7,scorpius03
625,2026-01-16 04:10:42,default,teastore-auth-84d7ccddd9-wn54l,luish-aspire-a315-55g
625,2026-01-16 04:10:42,default,teastore-db-84f96b9dd8-mv9qq,leo02
625,2026-01-16 04:10:42,default,teastore-image-79674648d-vrtv4,luish-nitro-an515-57
625,2026-01-16 04:10:42,default,teastore-persistence-784748b4b9-v9rk8,leo02
625,2026-01-16 04:10:42,default,teastore-recommender-74559c88-qsmxz,luish-aspire-a315-55g
625,2026-01-16 04:10:42,default,teastore-registry-676858f7cd-prqr2,scorpius03
625,2026-01-16 04:10:42,default,teastore-webui-558b54cc77-wv4rj,leo02
626,2026-01-16 04:10:51,default,teastore-auth-84d7ccddd9-wn54l,luish-aspire-a315-55g
626,2026-01-16 04:10:51,default,teastore-db-84f96b9dd8-qxvcq,scorpius03
626,2026-01-16 04:10:51,default,teastore-image-79674648d-vrtv4,luish-nitro-an515-57
626,2026-01-16 04:10:51,default,teastore-persistence-784748b4b9-v9rk8,leo02
626,2026-01-16 04:10:51,default,teastore-recommender-74559c88-znms5,luish-nitro-an515-57
626,2026-01-16 04:10:51,default,teastore-registry-676858f7cd-tzpzd,scorpius03
626,2026-01-16 04:10:51,default,teastore-webui-558b54cc77-wv4rj,leo02
627,2026-01-16 04:10:59,default,teastore-auth-84d7ccddd9-wn54l,luish-aspire-a315-55g
627,2026-01-16 04:10:59,default,teastore-db-84f96b9dd8-xxhtf,luish-nitro-an515-57
627,2026-01-16 04:10:59,default,teastore-image-79674648d-vrtv4,luish-nitro-an515-57
627,2026-01-16 04:10:59,default,teastore-persistence-784748b4b9-s2xws,luish-nitro-an515-57
627,2026-01-16 04:10:59,default,teastore-recommender-74559c88-znms5,luish-nitro-an515-57
627,2026-01-16 04:10:59,default,teastore-registry-676858f7cd-tzpzd,scorpius03
627,2026-01-16 04:10:59,default,teastore-webui-558b54cc77-r5zhd,leo02
628,2026-01-16 04:11:28,default,teastore-auth-84d7ccddd9-9dz54,luish-nitro-an515-57
628,2026-01-16 04:11:28,default,teastore-db-84f96b9dd8-xxhtf,luish-nitro-an515-57
628,2026-01-16 04:11:28,default,teastore-image-79674648d-vlqkl,luish-aspire-a315-55g
628,2026-01-16 04:11:28,default,teastore-persistence-784748b4b9-s2xws,luish-nitro-an515-57
628,2026-01-16 04:11:28,default,teastore-recommender-74559c88-q9ctw,luish-aspire-a315-55g
628,2026-01-16 04:11:28,default,teastore-registry-676858f7cd-s2tbm,scorpius03
628,2026-01-16 04:11:28,default,teastore-webui-558b54cc77-2w44k,luish-aspire-a315-55g
629,2026-01-16 04:11:57,default,teastore-auth-84d7ccddd9-md9lb,leo02
629,2026-01-16 04:11:57,default,teastore-db-84f96b9dd8-6qfw2,luish-aspire-a315-55g
629,2026-01-16 04:11:57,default,teastore-image-79674648d-vlqkl,luish-aspire-a315-55g
629,2026-01-16 04:11:57,default,teastore-persistence-784748b4b9-s2xws,luish-nitro-an515-57
629,2026-01-16 04:11:57,default,teastore-recommender-74559c88-hz6wq,scorpius03
629,2026-01-16 04:11:57,default,teastore-registry-676858f7cd-xvntf,luish-aspire-a315-55g
629,2026-01-16 04:11:57,default,teastore-webui-558b54cc77-kv9rg,leo02
630,2026-01-16 04:12:15,default,teastore-auth-84d7ccddd9-xxpg4,scorpius03
630,2026-01-16 04:12:15,default,teastore-db-84f96b9dd8-qzvjh,luish-aspire-a315-55g
630,2026-01-16 04:12:15,default,teastore-image-79674648d-vlqkl,luish-aspire-a315-55g
630,2026-01-16 04:12:15,default,teastore-persistence-784748b4b9-jz2zw,leo02
630,2026-01-16 04:12:15,default,teastore-recommender-74559c88-z6kh8,luish-aspire-a315-55g
630,2026-01-16 04:12:15,default,teastore-registry-676858f7cd-xvntf,luish-aspire-a315-55g
630,2026-01-16 04:12:15,default,teastore-webui-558b54cc77-kv9rg,leo02
631,2026-01-16 04:12:24,default,teastore-auth-84d7ccddd9-xxpg4,scorpius03
631,2026-01-16 04:12:24,default,teastore-db-84f96b9dd8-rjpk9,scorpius03
631,2026-01-16 04:12:24,default,teastore-image-79674648d-lqpgt,scorpius03
631,2026-01-16 04:12:24,default,teastore-persistence-784748b4b9-qkh69,leo02
631,2026-01-16 04:12:24,default,teastore-recommender-74559c88-z6kh8,luish-aspire-a315-55g
631,2026-01-16 04:12:24,default,teastore-registry-676858f7cd-xvntf,luish-aspire-a315-55g
631,2026-01-16 04:12:24,default,teastore-webui-558b54cc77-kv9rg,leo02
632,2026-01-16 04:12:49,default,teastore-auth-84d7ccddd9-qqbmr,leo02
632,2026-01-16 04:12:49,default,teastore-db-84f96b9dd8-6fgrb,luish-aspire-a315-55g
632,2026-01-16 04:12:49,default,teastore-image-79674648d-lqpgt,scorpius03
632,2026-01-16 04:12:49,default,teastore-persistence-784748b4b9-qkh69,leo02
632,2026-01-16 04:12:49,default,teastore-recommender-74559c88-z6kh8,luish-aspire-a315-55g
632,2026-01-16 04:12:49,default,teastore-registry-676858f7cd-fj2t6,luish-aspire-a315-55g
632,2026-01-16 04:12:49,default,teastore-webui-558b54cc77-7w2ct,luish-nitro-an515-57
633,2026-01-16 04:13:03,default,teastore-auth-84d7ccddd9-qqbmr,leo02
633,2026-01-16 04:13:03,default,teastore-db-84f96b9dd8-whk9m,luish-aspire-a315-55g
633,2026-01-16 04:13:03,default,teastore-image-79674648d-lqpgt,scorpius03
633,2026-01-16 04:13:03,default,teastore-persistence-784748b4b9-xbx9n,leo02
633,2026-01-16 04:13:03,default,teastore-recommender-74559c88-s2hrm,luish-aspire-a315-55g
633,2026-01-16 04:13:03,default,teastore-registry-676858f7cd-fj2t6,luish-aspire-a315-55g
633,2026-01-16 04:13:03,default,teastore-webui-558b54cc77-gpzr6,luish-nitro-an515-57
634,2026-01-16 04:13:21,default,teastore-auth-84d7ccddd9-qqbmr,leo02
634,2026-01-16 04:13:21,default,teastore-db-84f96b9dd8-whk9m,luish-aspire-a315-55g
634,2026-01-16 04:13:21,default,teastore-image-79674648d-vgqtl,luish-nitro-an515-57
634,2026-01-16 04:13:21,default,teastore-persistence-784748b4b9-zmxh2,leo02
634,2026-01-16 04:13:21,default,teastore-recommender-74559c88-s2hrm,luish-aspire-a315-55g
634,2026-01-16 04:13:21,default,teastore-registry-676858f7cd-fj2t6,luish-aspire-a315-55g
634,2026-01-16 04:13:21,default,teastore-webui-558b54cc77-rltkp,scorpius03
635,2026-01-16 04:13:30,default,teastore-auth-84d7ccddd9-t2r8z,luish-nitro-an515-57
635,2026-01-16 04:13:30,default,teastore-db-84f96b9dd8-whk9m,luish-aspire-a315-55g
635,2026-01-16 04:13:30,default,teastore-image-79674648d-vgqtl,luish-nitro-an515-57
635,2026-01-16 04:13:30,default,teastore-persistence-784748b4b9-zmxh2,leo02
635,2026-01-16 04:13:30,default,teastore-recommender-74559c88-s2hrm,luish-aspire-a315-55g
635,2026-01-16 04:13:30,default,teastore-registry-676858f7cd-gn7pt,luish-nitro-an515-57
635,2026-01-16 04:13:30,default,teastore-webui-558b54cc77-rltkp,scorpius03
636,2026-01-16 04:13:49,default,teastore-auth-84d7ccddd9-t2r8z,luish-nitro-an515-57
636,2026-01-16 04:13:49,default,teastore-db-84f96b9dd8-qtfqq,luish-aspire-a315-55g
636,2026-01-16 04:13:49,default,teastore-image-79674648d-vgqtl,luish-nitro-an515-57
636,2026-01-16 04:13:49,default,teastore-persistence-784748b4b9-gqx5g,leo02
636,2026-01-16 04:13:49,default,teastore-recommender-74559c88-pjlk5,luish-nitro-an515-57
636,2026-01-16 04:13:49,default,teastore-registry-676858f7cd-gn7pt,luish-nitro-an515-57
636,2026-01-16 04:13:49,default,teastore-webui-558b54cc77-nxhjs,luish-nitro-an515-57
637,2026-01-16 04:14:07,default,teastore-auth-84d7ccddd9-t2r8z,luish-nitro-an515-57
637,2026-01-16 04:14:07,default,teastore-db-84f96b9dd8-qtfqq,luish-aspire-a315-55g
637,2026-01-16 04:14:07,default,teastore-image-79674648d-x877d,scorpius03
637,2026-01-16 04:14:07,default,teastore-persistence-784748b4b9-gqx5g,leo02
637,2026-01-16 04:14:07,default,teastore-recommender-74559c88-pjlk5,luish-nitro-an515-57
637,2026-01-16 04:14:07,default,teastore-registry-676858f7cd-rvth5,luish-aspire-a315-55g
637,2026-01-16 04:14:07,default,teastore-webui-558b54cc77-nxhjs,luish-nitro-an515-57
638,2026-01-16 04:14:16,default,teastore-auth-84d7ccddd9-t2r8z,luish-nitro-an515-57
638,2026-01-16 04:14:16,default,teastore-db-84f96b9dd8-w8dtr,luish-nitro-an515-57
638,2026-01-16 04:14:16,default,teastore-image-79674648d-x877d,scorpius03
638,2026-01-16 04:14:16,default,teastore-persistence-784748b4b9-nl4mv,luish-aspire-a315-55g
638,2026-01-16 04:14:16,default,teastore-recommender-74559c88-xmdpw,luish-nitro-an515-57
638,2026-01-16 04:14:16,default,teastore-registry-676858f7cd-rvth5,luish-aspire-a315-55g
638,2026-01-16 04:14:16,default,teastore-webui-558b54cc77-nxhjs,luish-nitro-an515-57
639,2026-01-16 04:14:34,default,teastore-auth-84d7ccddd9-t2r8z,luish-nitro-an515-57
639,2026-01-16 04:14:34,default,teastore-db-84f96b9dd8-w8dtr,luish-nitro-an515-57
639,2026-01-16 04:14:34,default,teastore-image-79674648d-x877d,scorpius03
639,2026-01-16 04:14:34,default,teastore-persistence-784748b4b9-nl4mv,luish-aspire-a315-55g
639,2026-01-16 04:14:34,default,teastore-recommender-74559c88-xmdpw,luish-nitro-an515-57
639,2026-01-16 04:14:34,default,teastore-registry-676858f7cd-rvth5,luish-aspire-a315-55g
639,2026-01-16 04:14:34,default,teastore-webui-558b54cc77-nxhjs,luish-nitro-an515-57
640,2026-01-16 04:14:43,default,teastore-auth-84d7ccddd9-hlwt5,leo02
640,2026-01-16 04:14:43,default,teastore-db-84f96b9dd8-w8dtr,luish-nitro-an515-57
640,2026-01-16 04:14:43,default,teastore-image-79674648d-w4g62,leo02
640,2026-01-16 04:14:43,default,teastore-persistence-784748b4b9-nl4mv,luish-aspire-a315-55g
640,2026-01-16 04:14:43,default,teastore-recommender-74559c88-xmdpw,luish-nitro-an515-57
640,2026-01-16 04:14:43,default,teastore-registry-676858f7cd-fqr54,luish-nitro-an515-57
640,2026-01-16 04:14:43,default,teastore-webui-558b54cc77-nxhjs,luish-nitro-an515-57
641,2026-01-16 04:14:52,default,teastore-auth-84d7ccddd9-m968r,scorpius03
641,2026-01-16 04:14:52,default,teastore-db-84f96b9dd8-xdgn8,scorpius03
641,2026-01-16 04:14:52,default,teastore-image-79674648d-w4g62,leo02
641,2026-01-16 04:14:52,default,teastore-persistence-784748b4b9-nl4mv,luish-aspire-a315-55g
641,2026-01-16 04:14:52,default,teastore-recommender-74559c88-xmdpw,luish-nitro-an515-57
641,2026-01-16 04:14:52,default,teastore-registry-676858f7cd-fqr54,luish-nitro-an515-57
641,2026-01-16 04:14:52,default,teastore-webui-558b54cc77-mbhfs,luish-aspire-a315-55g
642,2026-01-16 04:15:05,default,teastore-auth-84d7ccddd9-m968r,scorpius03
642,2026-01-16 04:15:05,default,teastore-db-84f96b9dd8-z89qg,luish-nitro-an515-57
642,2026-01-16 04:15:05,default,teastore-image-79674648d-smdsn,luish-nitro-an515-57
642,2026-01-16 04:15:05,default,teastore-persistence-784748b4b9-bdr7z,scorpius03
642,2026-01-16 04:15:05,default,teastore-recommender-74559c88-xmdpw,luish-nitro-an515-57
642,2026-01-16 04:15:05,default,teastore-registry-676858f7cd-rng8j,leo02
642,2026-01-16 04:15:05,default,teastore-webui-558b54cc77-mbhfs,luish-aspire-a315-55g
643,2026-01-16 04:15:14,default,teastore-auth-84d7ccddd9-t4sf6,luish-nitro-an515-57
643,2026-01-16 04:15:14,default,teastore-db-84f96b9dd8-z89qg,luish-nitro-an515-57
643,2026-01-16 04:15:14,default,teastore-image-79674648d-smdsn,luish-nitro-an515-57
643,2026-01-16 04:15:14,default,teastore-persistence-784748b4b9-bdr7z,scorpius03
643,2026-01-16 04:15:14,default,teastore-recommender-74559c88-s7cft,luish-aspire-a315-55g
643,2026-01-16 04:15:14,default,teastore-registry-676858f7cd-rng8j,leo02
643,2026-01-16 04:15:14,default,teastore-webui-558b54cc77-sz8bc,luish-nitro-an515-57
644,2026-01-16 04:15:28,default,teastore-auth-84d7ccddd9-w8wkz,luish-nitro-an515-57
644,2026-01-16 04:15:28,default,teastore-db-84f96b9dd8-z89qg,luish-nitro-an515-57
644,2026-01-16 04:15:28,default,teastore-image-79674648d-smdsn,luish-nitro-an515-57
644,2026-01-16 04:15:28,default,teastore-persistence-784748b4b9-w5fq7,leo02
644,2026-01-16 04:15:28,default,teastore-recommender-74559c88-s7cft,luish-aspire-a315-55g
644,2026-01-16 04:15:28,default,teastore-registry-676858f7cd-rng8j,leo02
644,2026-01-16 04:15:28,default,teastore-webui-558b54cc77-sz8bc,luish-nitro-an515-57
645,2026-01-16 04:15:36,default,teastore-auth-84d7ccddd9-w8wkz,luish-nitro-an515-57
645,2026-01-16 04:15:36,default,teastore-db-84f96b9dd8-z89qg,luish-nitro-an515-57
645,2026-01-16 04:15:36,default,teastore-image-79674648d-smdsn,luish-nitro-an515-57
645,2026-01-16 04:15:36,default,teastore-persistence-784748b4b9-w5fq7,leo02
645,2026-01-16 04:15:36,default,teastore-recommender-74559c88-s7cft,luish-aspire-a315-55g
645,2026-01-16 04:15:36,default,teastore-registry-676858f7cd-wt2ts,scorpius03
645,2026-01-16 04:15:36,default,teastore-webui-558b54cc77-wkcpd,scorpius03
646,2026-01-16 04:15:45,default,teastore-auth-84d7ccddd9-w8wkz,luish-nitro-an515-57
646,2026-01-16 04:15:45,default,teastore-db-84f96b9dd8-r9jhd,leo02
646,2026-01-16 04:15:45,default,teastore-image-79674648d-wsv7n,luish-aspire-a315-55g
646,2026-01-16 04:15:45,default,teastore-persistence-784748b4b9-w5fq7,leo02
646,2026-01-16 04:15:45,default,teastore-recommender-74559c88-w2z9w,luish-nitro-an515-57
646,2026-01-16 04:15:45,default,teastore-registry-676858f7cd-wt2ts,scorpius03
646,2026-01-16 04:15:45,default,teastore-webui-558b54cc77-wkcpd,scorpius03
647,2026-01-16 04:15:53,default,teastore-auth-84d7ccddd9-w8wkz,luish-nitro-an515-57
647,2026-01-16 04:15:53,default,teastore-db-84f96b9dd8-r9jhd,leo02
647,2026-01-16 04:15:53,default,teastore-image-79674648d-wsv7n,luish-aspire-a315-55g
647,2026-01-16 04:15:53,default,teastore-persistence-784748b4b9-zmv68,luish-aspire-a315-55g
647,2026-01-16 04:15:53,default,teastore-recommender-74559c88-w2z9w,luish-nitro-an515-57
647,2026-01-16 04:15:53,default,teastore-registry-676858f7cd-wt2ts,scorpius03
647,2026-01-16 04:15:53,default,teastore-webui-558b54cc77-wkcpd,scorpius03
648,2026-01-16 04:16:02,default,teastore-auth-84d7ccddd9-ppxwj,luish-aspire-a315-55g
648,2026-01-16 04:16:02,default,teastore-db-84f96b9dd8-s7jv7,luish-aspire-a315-55g
648,2026-01-16 04:16:02,default,teastore-image-79674648d-wsv7n,luish-aspire-a315-55g
648,2026-01-16 04:16:02,default,teastore-persistence-784748b4b9-zmv68,luish-aspire-a315-55g
648,2026-01-16 04:16:02,default,teastore-recommender-74559c88-w2z9w,luish-nitro-an515-57
648,2026-01-16 04:16:02,default,teastore-registry-676858f7cd-zf7nr,luish-aspire-a315-55g
648,2026-01-16 04:16:02,default,teastore-webui-558b54cc77-wkcpd,scorpius03
649,2026-01-16 04:16:11,default,teastore-auth-84d7ccddd9-ppxwj,luish-aspire-a315-55g
649,2026-01-16 04:16:11,default,teastore-db-84f96b9dd8-s7jv7,luish-aspire-a315-55g
649,2026-01-16 04:16:11,default,teastore-image-79674648d-wsv7n,luish-aspire-a315-55g
649,2026-01-16 04:16:11,default,teastore-persistence-784748b4b9-zmv68,luish-aspire-a315-55g
649,2026-01-16 04:16:11,default,teastore-recommender-74559c88-w2z9w,luish-nitro-an515-57
649,2026-01-16 04:16:11,default,teastore-registry-676858f7cd-zf7nr,luish-aspire-a315-55g
649,2026-01-16 04:16:11,default,teastore-webui-558b54cc77-xh4kk,leo02
650,2026-01-16 04:16:19,default,teastore-auth-84d7ccddd9-ppxwj,luish-aspire-a315-55g
650,2026-01-16 04:16:19,default,teastore-db-84f96b9dd8-s7jv7,luish-aspire-a315-55g
650,2026-01-16 04:16:19,default,teastore-image-79674648d-wsv7n,luish-aspire-a315-55g
650,2026-01-16 04:16:19,default,teastore-persistence-784748b4b9-zmv68,luish-aspire-a315-55g
650,2026-01-16 04:16:19,default,teastore-recommender-74559c88-lcfvn,scorpius03
650,2026-01-16 04:16:19,default,teastore-registry-676858f7cd-zf7nr,luish-aspire-a315-55g
650,2026-01-16 04:16:19,default,teastore-webui-558b54cc77-xh4kk,leo02
651,2026-01-16 04:16:28,default,teastore-auth-84d7ccddd9-tc6tq,luish-aspire-a315-55g
651,2026-01-16 04:16:28,default,teastore-db-84f96b9dd8-s7jv7,luish-aspire-a315-55g
651,2026-01-16 04:16:28,default,teastore-image-79674648d-q4f6j,luish-nitro-an515-57
651,2026-01-16 04:16:28,default,teastore-persistence-784748b4b9-zmv68,luish-aspire-a315-55g
651,2026-01-16 04:16:28,default,teastore-recommender-74559c88-n4t7c,luish-aspire-a315-55g
651,2026-01-16 04:16:28,default,teastore-registry-676858f7cd-zf7nr,luish-aspire-a315-55g
651,2026-01-16 04:16:28,default,teastore-webui-558b54cc77-xh4kk,leo02
652,2026-01-16 04:16:36,default,teastore-auth-84d7ccddd9-zhp7f,leo02
652,2026-01-16 04:16:36,default,teastore-db-84f96b9dd8-s7jv7,luish-aspire-a315-55g
652,2026-01-16 04:16:36,default,teastore-image-79674648d-k8dxm,luish-nitro-an515-57
652,2026-01-16 04:16:36,default,teastore-persistence-784748b4b9-gqcvt,scorpius03
652,2026-01-16 04:16:36,default,teastore-recommender-74559c88-n4t7c,luish-aspire-a315-55g
652,2026-01-16 04:16:36,default,teastore-registry-676858f7cd-zf7nr,luish-aspire-a315-55g
652,2026-01-16 04:16:36,default,teastore-webui-558b54cc77-xh4kk,leo02
653,2026-01-16 04:16:45,default,teastore-auth-84d7ccddd9-zhp7f,leo02
653,2026-01-16 04:16:45,default,teastore-db-84f96b9dd8-qc8n4,luish-aspire-a315-55g
653,2026-01-16 04:16:45,default,teastore-image-79674648d-k8dxm,luish-nitro-an515-57
653,2026-01-16 04:16:45,default,teastore-persistence-784748b4b9-gqcvt,scorpius03
653,2026-01-16 04:16:45,default,teastore-recommender-74559c88-n9bt6,leo02
653,2026-01-16 04:16:45,default,teastore-registry-676858f7cd-tbc58,scorpius03
653,2026-01-16 04:16:45,default,teastore-webui-558b54cc77-trq8r,leo02
654,2026-01-16 04:16:54,default,teastore-auth-84d7ccddd9-zhp7f,leo02
654,2026-01-16 04:16:54,default,teastore-db-84f96b9dd8-qc8n4,luish-aspire-a315-55g
654,2026-01-16 04:16:54,default,teastore-image-79674648d-sjksj,leo02
654,2026-01-16 04:16:54,default,teastore-persistence-784748b4b9-zbsx7,luish-aspire-a315-55g
654,2026-01-16 04:16:54,default,teastore-recommender-74559c88-tx9dm,luish-aspire-a315-55g
654,2026-01-16 04:16:54,default,teastore-registry-676858f7cd-j49bv,luish-aspire-a315-55g
654,2026-01-16 04:16:54,default,teastore-webui-558b54cc77-w5mp4,luish-nitro-an515-57
655,2026-01-16 04:17:02,default,teastore-auth-84d7ccddd9-zhp7f,leo02
655,2026-01-16 04:17:02,default,teastore-db-84f96b9dd8-qc8n4,luish-aspire-a315-55g
655,2026-01-16 04:17:02,default,teastore-image-79674648d-t2qp4,luish-aspire-a315-55g
655,2026-01-16 04:17:02,default,teastore-persistence-784748b4b9-zbsx7,luish-aspire-a315-55g
655,2026-01-16 04:17:02,default,teastore-recommender-74559c88-tx9dm,luish-aspire-a315-55g
655,2026-01-16 04:17:02,default,teastore-registry-676858f7cd-j49bv,luish-aspire-a315-55g
655,2026-01-16 04:17:02,default,teastore-webui-558b54cc77-w5mp4,luish-nitro-an515-57
656,2026-01-16 04:17:11,default,teastore-auth-84d7ccddd9-m58cj,luish-nitro-an515-57
656,2026-01-16 04:17:11,default,teastore-db-84f96b9dd8-qc8n4,luish-aspire-a315-55g
656,2026-01-16 04:17:11,default,teastore-image-79674648d-t2qp4,luish-aspire-a315-55g
656,2026-01-16 04:17:11,default,teastore-persistence-784748b4b9-zbsx7,luish-aspire-a315-55g
656,2026-01-16 04:17:11,default,teastore-recommender-74559c88-tx9dm,luish-aspire-a315-55g
656,2026-01-16 04:17:11,default,teastore-registry-676858f7cd-j49bv,luish-aspire-a315-55g
656,2026-01-16 04:17:11,default,teastore-webui-558b54cc77-xx8jg,luish-nitro-an515-57
657,2026-01-16 04:17:20,default,teastore-auth-84d7ccddd9-m58cj,luish-nitro-an515-57
657,2026-01-16 04:17:20,default,teastore-db-84f96b9dd8-m8gnr,leo02
657,2026-01-16 04:17:20,default,teastore-image-79674648d-t2qp4,luish-aspire-a315-55g
657,2026-01-16 04:17:20,default,teastore-persistence-784748b4b9-zbsx7,luish-aspire-a315-55g
657,2026-01-16 04:17:20,default,teastore-recommender-74559c88-tx9dm,luish-aspire-a315-55g
657,2026-01-16 04:17:20,default,teastore-registry-676858f7cd-k492j,luish-aspire-a315-55g
657,2026-01-16 04:17:20,default,teastore-webui-558b54cc77-xx8jg,luish-nitro-an515-57
658,2026-01-16 04:17:29,default,teastore-auth-84d7ccddd9-jnqxl,luish-nitro-an515-57
658,2026-01-16 04:17:29,default,teastore-db-84f96b9dd8-rrckz,scorpius03
658,2026-01-16 04:17:29,default,teastore-image-79674648d-wsb99,scorpius03
658,2026-01-16 04:17:29,default,teastore-persistence-784748b4b9-zbsx7,luish-aspire-a315-55g
658,2026-01-16 04:17:29,default,teastore-recommender-74559c88-tx9dm,luish-aspire-a315-55g
658,2026-01-16 04:17:29,default,teastore-registry-676858f7cd-k492j,luish-aspire-a315-55g
658,2026-01-16 04:17:29,default,teastore-webui-558b54cc77-xx8jg,luish-nitro-an515-57
659,2026-01-16 04:17:38,default,teastore-auth-84d7ccddd9-vcht7,leo02
659,2026-01-16 04:17:38,default,teastore-db-84f96b9dd8-rrckz,scorpius03
659,2026-01-16 04:17:38,default,teastore-image-79674648d-wsb99,scorpius03
659,2026-01-16 04:17:38,default,teastore-persistence-784748b4b9-p2rdb,luish-nitro-an515-57
659,2026-01-16 04:17:38,default,teastore-recommender-74559c88-tx9dm,luish-aspire-a315-55g
659,2026-01-16 04:17:38,default,teastore-registry-676858f7cd-k492j,luish-aspire-a315-55g
659,2026-01-16 04:17:38,default,teastore-webui-558b54cc77-xx8jg,luish-nitro-an515-57
660,2026-01-16 04:17:46,default,teastore-auth-84d7ccddd9-vcht7,leo02
660,2026-01-16 04:17:46,default,teastore-db-84f96b9dd8-rrckz,scorpius03
660,2026-01-16 04:17:46,default,teastore-image-79674648d-wsb99,scorpius03
660,2026-01-16 04:17:46,default,teastore-persistence-784748b4b9-szpfq,luish-aspire-a315-55g
660,2026-01-16 04:17:46,default,teastore-recommender-74559c88-nds9v,luish-nitro-an515-57
660,2026-01-16 04:17:46,default,teastore-registry-676858f7cd-k492j,luish-aspire-a315-55g
660,2026-01-16 04:17:46,default,teastore-webui-558b54cc77-nzhnb,scorpius03
661,2026-01-16 04:17:55,default,teastore-auth-84d7ccddd9-vcht7,leo02
661,2026-01-16 04:17:55,default,teastore-db-84f96b9dd8-rrckz,scorpius03
661,2026-01-16 04:17:55,default,teastore-image-79674648d-wsb99,scorpius03
661,2026-01-16 04:17:55,default,teastore-persistence-784748b4b9-zbfvq,luish-aspire-a315-55g
661,2026-01-16 04:17:55,default,teastore-recommender-74559c88-nds9v,luish-nitro-an515-57
661,2026-01-16 04:17:55,default,teastore-registry-676858f7cd-xq6mc,luish-aspire-a315-55g
661,2026-01-16 04:17:55,default,teastore-webui-558b54cc77-zjfpl,leo02
662,2026-01-16 04:18:04,default,teastore-auth-84d7ccddd9-vcht7,leo02
662,2026-01-16 04:18:04,default,teastore-db-84f96b9dd8-rl6q8,luish-nitro-an515-57
662,2026-01-16 04:18:04,default,teastore-image-79674648d-vjt2b,luish-nitro-an515-57
662,2026-01-16 04:18:04,default,teastore-persistence-784748b4b9-zbfvq,luish-aspire-a315-55g
662,2026-01-16 04:18:04,default,teastore-recommender-74559c88-ppmjl,scorpius03
662,2026-01-16 04:18:04,default,teastore-registry-676858f7cd-zgpvx,luish-nitro-an515-57
662,2026-01-16 04:18:04,default,teastore-webui-558b54cc77-zjfpl,leo02
663,2026-01-16 04:18:12,default,teastore-auth-84d7ccddd9-rn855,scorpius03
663,2026-01-16 04:18:12,default,teastore-db-84f96b9dd8-rl6q8,luish-nitro-an515-57
663,2026-01-16 04:18:12,default,teastore-image-79674648d-vjt2b,luish-nitro-an515-57
663,2026-01-16 04:18:12,default,teastore-persistence-784748b4b9-zbfvq,luish-aspire-a315-55g
663,2026-01-16 04:18:12,default,teastore-recommender-74559c88-ppmjl,scorpius03
663,2026-01-16 04:18:12,default,teastore-registry-676858f7cd-zgpvx,luish-nitro-an515-57
663,2026-01-16 04:18:12,default,teastore-webui-558b54cc77-zjfpl,leo02
664,2026-01-16 04:18:21,default,teastore-auth-84d7ccddd9-v989k,luish-aspire-a315-55g
664,2026-01-16 04:18:21,default,teastore-db-84f96b9dd8-rl6q8,luish-nitro-an515-57
664,2026-01-16 04:18:21,default,teastore-image-79674648d-tsxvj,luish-aspire-a315-55g
664,2026-01-16 04:18:21,default,teastore-persistence-784748b4b9-zbfvq,luish-aspire-a315-55g
664,2026-01-16 04:18:21,default,teastore-recommender-74559c88-qb85l,luish-nitro-an515-57
664,2026-01-16 04:18:21,default,teastore-registry-676858f7cd-zgpvx,luish-nitro-an515-57
664,2026-01-16 04:18:21,default,teastore-webui-558b54cc77-zjfpl,leo02
665,2026-01-16 04:18:29,default,teastore-auth-84d7ccddd9-v989k,luish-aspire-a315-55g
665,2026-01-16 04:18:29,default,teastore-db-84f96b9dd8-lpbj8,scorpius03
665,2026-01-16 04:18:29,default,teastore-image-79674648d-tsxvj,luish-aspire-a315-55g
665,2026-01-16 04:18:29,default,teastore-persistence-784748b4b9-zbfvq,luish-aspire-a315-55g
665,2026-01-16 04:18:29,default,teastore-recommender-74559c88-qb85l,luish-nitro-an515-57
665,2026-01-16 04:18:29,default,teastore-registry-676858f7cd-zgpvx,luish-nitro-an515-57
665,2026-01-16 04:18:29,default,teastore-webui-558b54cc77-xs9jp,luish-nitro-an515-57
666,2026-01-16 04:18:43,default,teastore-auth-84d7ccddd9-rn855,scorpius03
666,2026-01-16 04:18:43,default,teastore-db-84f96b9dd8-wbhnc,leo02
666,2026-01-16 04:18:43,default,teastore-image-79674648d-lpwjq,luish-nitro-an515-57
666,2026-01-16 04:18:43,default,teastore-persistence-784748b4b9-xfzcb,luish-aspire-a315-55g
666,2026-01-16 04:18:43,default,teastore-recommender-74559c88-qb85l,luish-nitro-an515-57
666,2026-01-16 04:18:43,default,teastore-registry-676858f7cd-kpm2s,scorpius03
666,2026-01-16 04:18:43,default,teastore-webui-558b54cc77-xs9jp,luish-nitro-an515-57
667,2026-01-16 04:18:57,default,teastore-auth-84d7ccddd9-l7ccp,leo02
667,2026-01-16 04:18:57,default,teastore-db-84f96b9dd8-wbhnc,leo02
667,2026-01-16 04:18:57,default,teastore-image-79674648d-ts6bq,luish-nitro-an515-57
667,2026-01-16 04:18:57,default,teastore-persistence-784748b4b9-nwjk6,luish-nitro-an515-57
667,2026-01-16 04:18:57,default,teastore-recommender-74559c88-p86sp,scorpius03
667,2026-01-16 04:18:57,default,teastore-registry-676858f7cd-s945h,luish-aspire-a315-55g
667,2026-01-16 04:18:57,default,teastore-webui-558b54cc77-tdd5v,luish-nitro-an515-57
668,2026-01-16 04:19:20,default,teastore-auth-84d7ccddd9-xdgmd,scorpius03
668,2026-01-16 04:19:20,default,teastore-db-84f96b9dd8-gdc9v,scorpius03
668,2026-01-16 04:19:20,default,teastore-image-79674648d-ts6bq,luish-nitro-an515-57
668,2026-01-16 04:19:20,default,teastore-persistence-784748b4b9-lbnhg,leo02
668,2026-01-16 04:19:20,default,teastore-recommender-74559c88-p86sp,scorpius03
668,2026-01-16 04:19:20,default,teastore-registry-676858f7cd-s945h,luish-aspire-a315-55g
668,2026-01-16 04:19:20,default,teastore-webui-558b54cc77-tdd5v,luish-nitro-an515-57
669,2026-01-16 04:19:39,default,teastore-auth-84d7ccddd9-xdgmd,scorpius03
669,2026-01-16 04:19:39,default,teastore-db-84f96b9dd8-gdc9v,scorpius03
669,2026-01-16 04:19:39,default,teastore-image-79674648d-ts6bq,luish-nitro-an515-57
669,2026-01-16 04:19:39,default,teastore-persistence-784748b4b9-sr5vb,luish-aspire-a315-55g
669,2026-01-16 04:19:39,default,teastore-recommender-74559c88-j927n,scorpius03
669,2026-01-16 04:19:39,default,teastore-registry-676858f7cd-lrc2b,luish-aspire-a315-55g
669,2026-01-16 04:19:39,default,teastore-webui-558b54cc77-tdd5v,luish-nitro-an515-57
670,2026-01-16 04:20:07,default,teastore-auth-84d7ccddd9-sjstq,luish-nitro-an515-57
670,2026-01-16 04:20:07,default,teastore-db-84f96b9dd8-8x2c7,luish-aspire-a315-55g
670,2026-01-16 04:20:07,default,teastore-image-79674648d-v68dd,luish-nitro-an515-57
670,2026-01-16 04:20:07,default,teastore-persistence-784748b4b9-sr5vb,luish-aspire-a315-55g
670,2026-01-16 04:20:07,default,teastore-recommender-74559c88-c2hv8,luish-aspire-a315-55g
670,2026-01-16 04:20:07,default,teastore-registry-676858f7cd-vl5ks,scorpius03
670,2026-01-16 04:20:07,default,teastore-webui-558b54cc77-jllzl,leo02
671,2026-01-16 04:20:36,default,teastore-auth-84d7ccddd9-9h7f7,leo02
671,2026-01-16 04:20:36,default,teastore-db-84f96b9dd8-8kttb,luish-aspire-a315-55g
671,2026-01-16 04:20:36,default,teastore-image-79674648d-v68dd,luish-nitro-an515-57
671,2026-01-16 04:20:36,default,teastore-persistence-784748b4b9-n596r,luish-aspire-a315-55g
671,2026-01-16 04:20:36,default,teastore-recommender-74559c88-hv4j4,luish-nitro-an515-57
671,2026-01-16 04:20:36,default,teastore-registry-676858f7cd-vl5ks,scorpius03
671,2026-01-16 04:20:36,default,teastore-webui-558b54cc77-hkvqd,luish-aspire-a315-55g
672,2026-01-16 04:20:50,default,teastore-auth-84d7ccddd9-q2sgd,luish-nitro-an515-57
672,2026-01-16 04:20:50,default,teastore-db-84f96b9dd8-rn2zg,luish-nitro-an515-57
672,2026-01-16 04:20:50,default,teastore-image-79674648d-v68dd,luish-nitro-an515-57
672,2026-01-16 04:20:50,default,teastore-persistence-784748b4b9-xrg6g,scorpius03
672,2026-01-16 04:20:50,default,teastore-recommender-74559c88-hv4j4,luish-nitro-an515-57
672,2026-01-16 04:20:50,default,teastore-registry-676858f7cd-vlphr,leo02
672,2026-01-16 04:20:50,default,teastore-webui-558b54cc77-hkvqd,luish-aspire-a315-55g
673,2026-01-16 04:20:58,default,teastore-auth-84d7ccddd9-q2sgd,luish-nitro-an515-57
673,2026-01-16 04:20:58,default,teastore-db-84f96b9dd8-rn2zg,luish-nitro-an515-57
673,2026-01-16 04:20:58,default,teastore-image-79674648d-shqqs,luish-aspire-a315-55g
673,2026-01-16 04:20:58,default,teastore-persistence-784748b4b9-xrg6g,scorpius03
673,2026-01-16 04:20:58,default,teastore-recommender-74559c88-qxswk,scorpius03
673,2026-01-16 04:20:58,default,teastore-registry-676858f7cd-vlphr,leo02
673,2026-01-16 04:20:58,default,teastore-webui-558b54cc77-hkvqd,luish-aspire-a315-55g
674,2026-01-16 04:21:17,default,teastore-auth-84d7ccddd9-q2sgd,luish-nitro-an515-57
674,2026-01-16 04:21:17,default,teastore-db-84f96b9dd8-rn2zg,luish-nitro-an515-57
674,2026-01-16 04:21:17,default,teastore-image-79674648d-shqqs,luish-aspire-a315-55g
674,2026-01-16 04:21:17,default,teastore-persistence-784748b4b9-xrg6g,scorpius03
674,2026-01-16 04:21:17,default,teastore-recommender-74559c88-qxswk,scorpius03
674,2026-01-16 04:21:17,default,teastore-registry-676858f7cd-x4gz6,luish-nitro-an515-57
674,2026-01-16 04:21:17,default,teastore-webui-558b54cc77-xp4vh,luish-aspire-a315-55g
675,2026-01-16 04:21:25,default,teastore-auth-84d7ccddd9-bjb5g,scorpius03
675,2026-01-16 04:21:25,default,teastore-db-84f96b9dd8-h8w59,luish-aspire-a315-55g
675,2026-01-16 04:21:25,default,teastore-image-79674648d-zwm8m,luish-nitro-an515-57
675,2026-01-16 04:21:25,default,teastore-persistence-784748b4b9-qfjfp,luish-nitro-an515-57
675,2026-01-16 04:21:25,default,teastore-recommender-74559c88-qxswk,scorpius03
675,2026-01-16 04:21:25,default,teastore-registry-676858f7cd-x4gz6,luish-nitro-an515-57
675,2026-01-16 04:21:25,default,teastore-webui-558b54cc77-xp4vh,luish-aspire-a315-55g
676,2026-01-16 04:21:44,default,teastore-auth-84d7ccddd9-v4llt,luish-aspire-a315-55g
676,2026-01-16 04:21:44,default,teastore-db-84f96b9dd8-t5x4k,luish-aspire-a315-55g
676,2026-01-16 04:21:44,default,teastore-image-79674648d-zwm8m,luish-nitro-an515-57
676,2026-01-16 04:21:44,default,teastore-persistence-784748b4b9-r8hqh,scorpius03
676,2026-01-16 04:21:44,default,teastore-recommender-74559c88-djrts,leo02
676,2026-01-16 04:21:44,default,teastore-registry-676858f7cd-x4gz6,luish-nitro-an515-57
676,2026-01-16 04:21:44,default,teastore-webui-558b54cc77-xp4vh,luish-aspire-a315-55g
677,2026-01-16 04:21:58,default,teastore-auth-84d7ccddd9-wxmww,leo02
677,2026-01-16 04:21:58,default,teastore-db-84f96b9dd8-t5x4k,luish-aspire-a315-55g
677,2026-01-16 04:21:58,default,teastore-image-79674648d-zwm8m,luish-nitro-an515-57
677,2026-01-16 04:21:58,default,teastore-persistence-784748b4b9-rv57p,scorpius03
677,2026-01-16 04:21:58,default,teastore-recommender-74559c88-lh69q,leo02
677,2026-01-16 04:21:58,default,teastore-registry-676858f7cd-x4gz6,luish-nitro-an515-57
677,2026-01-16 04:21:58,default,teastore-webui-558b54cc77-rdlwc,luish-nitro-an515-57
678,2026-01-16 04:22:07,default,teastore-auth-84d7ccddd9-wxmww,leo02
678,2026-01-16 04:22:07,default,teastore-db-84f96b9dd8-t5x4k,luish-aspire-a315-55g
678,2026-01-16 04:22:07,default,teastore-image-79674648d-zwm8m,luish-nitro-an515-57
678,2026-01-16 04:22:07,default,teastore-persistence-784748b4b9-rv57p,scorpius03
678,2026-01-16 04:22:07,default,teastore-recommender-74559c88-vqv98,luish-nitro-an515-57
678,2026-01-16 04:22:07,default,teastore-registry-676858f7cd-n4vpd,luish-aspire-a315-55g
678,2026-01-16 04:22:07,default,teastore-webui-558b54cc77-rdlwc,luish-nitro-an515-57
679,2026-01-16 04:22:30,default,teastore-auth-84d7ccddd9-dmf7x,luish-aspire-a315-55g
679,2026-01-16 04:22:30,default,teastore-db-84f96b9dd8-n9k88,luish-aspire-a315-55g
679,2026-01-16 04:22:30,default,teastore-image-79674648d-mt6fh,leo02
679,2026-01-16 04:22:30,default,teastore-persistence-784748b4b9-qpl22,scorpius03
679,2026-01-16 04:22:30,default,teastore-recommender-74559c88-vqv98,luish-nitro-an515-57
679,2026-01-16 04:22:30,default,teastore-registry-676858f7cd-v8mjp,leo02
679,2026-01-16 04:22:30,default,teastore-webui-558b54cc77-rdlwc,luish-nitro-an515-57
680,2026-01-16 04:22:59,default,teastore-auth-84d7ccddd9-sswcg,luish-aspire-a315-55g
680,2026-01-16 04:22:59,default,teastore-db-84f96b9dd8-pxth8,luish-aspire-a315-55g
680,2026-01-16 04:22:59,default,teastore-image-79674648d-mt6fh,leo02
680,2026-01-16 04:22:59,default,teastore-persistence-784748b4b9-vpgg5,leo02
680,2026-01-16 04:22:59,default,teastore-recommender-74559c88-vqv98,luish-nitro-an515-57
680,2026-01-16 04:22:59,default,teastore-registry-676858f7cd-v8mjp,leo02
680,2026-01-16 04:22:59,default,teastore-webui-558b54cc77-tfln7,scorpius03
681,2026-01-16 04:23:12,default,teastore-auth-84d7ccddd9-sswcg,luish-aspire-a315-55g
681,2026-01-16 04:23:12,default,teastore-db-84f96b9dd8-pxth8,luish-aspire-a315-55g
681,2026-01-16 04:23:12,default,teastore-image-79674648d-mt6fh,leo02
681,2026-01-16 04:23:12,default,teastore-persistence-784748b4b9-xfczg,leo02
681,2026-01-16 04:23:12,default,teastore-recommender-74559c88-rpnqh,scorpius03
681,2026-01-16 04:23:12,default,teastore-registry-676858f7cd-v8mjp,leo02
681,2026-01-16 04:23:12,default,teastore-webui-558b54cc77-tfln7,scorpius03
682,2026-01-16 04:23:26,default,teastore-auth-84d7ccddd9-sswcg,luish-aspire-a315-55g
682,2026-01-16 04:23:26,default,teastore-db-84f96b9dd8-pxth8,luish-aspire-a315-55g
682,2026-01-16 04:23:26,default,teastore-image-79674648d-mbrtc,luish-aspire-a315-55g
682,2026-01-16 04:23:26,default,teastore-persistence-784748b4b9-xfczg,leo02
682,2026-01-16 04:23:26,default,teastore-recommender-74559c88-s7qlp,leo02
682,2026-01-16 04:23:26,default,teastore-registry-676858f7cd-hc4qh,luish-nitro-an515-57
682,2026-01-16 04:23:26,default,teastore-webui-558b54cc77-tfln7,scorpius03
683,2026-01-16 04:23:35,default,teastore-auth-84d7ccddd9-qmn9x,luish-nitro-an515-57
683,2026-01-16 04:23:35,default,teastore-db-84f96b9dd8-jqz6b,luish-aspire-a315-55g
683,2026-01-16 04:23:35,default,teastore-image-79674648d-tn62b,luish-aspire-a315-55g
683,2026-01-16 04:23:35,default,teastore-persistence-784748b4b9-xfczg,leo02
683,2026-01-16 04:23:35,default,teastore-recommender-74559c88-s7qlp,leo02
683,2026-01-16 04:23:35,default,teastore-registry-676858f7cd-phjd9,scorpius03
683,2026-01-16 04:23:35,default,teastore-webui-558b54cc77-n6gb8,luish-nitro-an515-57
684,2026-01-16 04:23:54,default,teastore-auth-84d7ccddd9-qmn9x,luish-nitro-an515-57
684,2026-01-16 04:23:54,default,teastore-db-84f96b9dd8-jqz6b,luish-aspire-a315-55g
684,2026-01-16 04:23:54,default,teastore-image-79674648d-tn62b,luish-aspire-a315-55g
684,2026-01-16 04:23:54,default,teastore-persistence-784748b4b9-pnfk8,luish-aspire-a315-55g
684,2026-01-16 04:23:54,default,teastore-recommender-74559c88-n5jgj,luish-nitro-an515-57
684,2026-01-16 04:23:54,default,teastore-registry-676858f7cd-phjd9,scorpius03
684,2026-01-16 04:23:54,default,teastore-webui-558b54cc77-n6gb8,luish-nitro-an515-57
685,2026-01-16 04:24:12,default,teastore-auth-84d7ccddd9-qmn9x,luish-nitro-an515-57
685,2026-01-16 04:24:12,default,teastore-db-84f96b9dd8-nlll6,luish-aspire-a315-55g
685,2026-01-16 04:24:12,default,teastore-image-79674648d-tn62b,luish-aspire-a315-55g
685,2026-01-16 04:24:12,default,teastore-persistence-784748b4b9-pnfk8,luish-aspire-a315-55g
685,2026-01-16 04:24:12,default,teastore-recommender-74559c88-n5jgj,luish-nitro-an515-57
685,2026-01-16 04:24:12,default,teastore-registry-676858f7cd-phjd9,scorpius03
685,2026-01-16 04:24:12,default,teastore-webui-558b54cc77-n6gb8,luish-nitro-an515-57
686,2026-01-16 04:24:26,default,teastore-auth-84d7ccddd9-pxfq4,luish-aspire-a315-55g
686,2026-01-16 04:24:26,default,teastore-db-84f96b9dd8-nlll6,luish-aspire-a315-55g
686,2026-01-16 04:24:26,default,teastore-image-79674648d-pf79z,leo02
686,2026-01-16 04:24:26,default,teastore-persistence-784748b4b9-t4xd4,leo02
686,2026-01-16 04:24:26,default,teastore-recommender-74559c88-n5jgj,luish-nitro-an515-57
686,2026-01-16 04:24:26,default,teastore-registry-676858f7cd-h9c52,scorpius03
686,2026-01-16 04:24:26,default,teastore-webui-558b54cc77-n6gb8,luish-nitro-an515-57
687,2026-01-16 04:24:35,default,teastore-auth-84d7ccddd9-pxfq4,luish-aspire-a315-55g
687,2026-01-16 04:24:35,default,teastore-db-84f96b9dd8-nlll6,luish-aspire-a315-55g
687,2026-01-16 04:24:35,default,teastore-image-79674648d-m7vp5,luish-nitro-an515-57
687,2026-01-16 04:24:35,default,teastore-persistence-784748b4b9-t4xd4,leo02
687,2026-01-16 04:24:35,default,teastore-recommender-74559c88-n5jgj,luish-nitro-an515-57
687,2026-01-16 04:24:35,default,teastore-registry-676858f7cd-h9c52,scorpius03
687,2026-01-16 04:24:35,default,teastore-webui-558b54cc77-p7jqm,luish-nitro-an515-57
688,2026-01-16 04:24:58,default,teastore-auth-84d7ccddd9-tvmcc,leo02
688,2026-01-16 04:24:58,default,teastore-db-84f96b9dd8-c2b2g,leo02
688,2026-01-16 04:24:58,default,teastore-image-79674648d-m7vp5,luish-nitro-an515-57
688,2026-01-16 04:24:58,default,teastore-persistence-784748b4b9-rp89t,scorpius03
688,2026-01-16 04:24:58,default,teastore-recommender-74559c88-f8vzx,scorpius03
688,2026-01-16 04:24:58,default,teastore-registry-676858f7cd-bw5kh,scorpius03
688,2026-01-16 04:24:58,default,teastore-webui-558b54cc77-p7jqm,luish-nitro-an515-57
689,2026-01-16 04:25:12,default,teastore-auth-84d7ccddd9-tvmcc,leo02
689,2026-01-16 04:25:12,default,teastore-db-84f96b9dd8-c2b2g,leo02
689,2026-01-16 04:25:12,default,teastore-image-79674648d-m7vp5,luish-nitro-an515-57
689,2026-01-16 04:25:12,default,teastore-persistence-784748b4b9-rp89t,scorpius03
689,2026-01-16 04:25:12,default,teastore-recommender-74559c88-rwl98,luish-nitro-an515-57
689,2026-01-16 04:25:12,default,teastore-registry-676858f7cd-hgcg9,leo02
689,2026-01-16 04:25:12,default,teastore-webui-558b54cc77-thwwh,luish-aspire-a315-55g
690,2026-01-16 04:25:30,default,teastore-auth-84d7ccddd9-mktq5,scorpius03
690,2026-01-16 04:25:30,default,teastore-db-84f96b9dd8-grmdv,luish-aspire-a315-55g
690,2026-01-16 04:25:30,default,teastore-image-79674648d-gqqtk,scorpius03
690,2026-01-16 04:25:30,default,teastore-persistence-784748b4b9-jl9kw,scorpius03
690,2026-01-16 04:25:30,default,teastore-recommender-74559c88-rwl98,luish-nitro-an515-57
690,2026-01-16 04:25:30,default,teastore-registry-676858f7cd-zzj4q,luish-aspire-a315-55g
690,2026-01-16 04:25:30,default,teastore-webui-558b54cc77-thwwh,luish-aspire-a315-55g
691,2026-01-16 04:25:54,default,teastore-auth-84d7ccddd9-rkhd5,scorpius03
691,2026-01-16 04:25:54,default,teastore-db-84f96b9dd8-v76dc,luish-aspire-a315-55g
691,2026-01-16 04:25:54,default,teastore-image-79674648d-mhjs9,luish-nitro-an515-57
691,2026-01-16 04:25:54,default,teastore-persistence-784748b4b9-jllcm,luish-nitro-an515-57
691,2026-01-16 04:25:54,default,teastore-recommender-74559c88-rwl98,luish-nitro-an515-57
691,2026-01-16 04:25:54,default,teastore-registry-676858f7cd-zzj4q,luish-aspire-a315-55g
691,2026-01-16 04:25:54,default,teastore-webui-558b54cc77-thwwh,luish-aspire-a315-55g
692,2026-01-16 04:26:03,default,teastore-auth-84d7ccddd9-rkhd5,scorpius03
692,2026-01-16 04:26:03,default,teastore-db-84f96b9dd8-v76dc,luish-aspire-a315-55g
692,2026-01-16 04:26:03,default,teastore-image-79674648d-txx2z,scorpius03
692,2026-01-16 04:26:03,default,teastore-persistence-784748b4b9-jllcm,luish-nitro-an515-57
692,2026-01-16 04:26:03,default,teastore-recommender-74559c88-rwl98,luish-nitro-an515-57
692,2026-01-16 04:26:03,default,teastore-registry-676858f7cd-zzj4q,luish-aspire-a315-55g
692,2026-01-16 04:26:03,default,teastore-webui-558b54cc77-mlx9q,luish-nitro-an515-57
693,2026-01-16 04:26:16,default,teastore-auth-84d7ccddd9-rkhd5,scorpius03
693,2026-01-16 04:26:16,default,teastore-db-84f96b9dd8-v76dc,luish-aspire-a315-55g
693,2026-01-16 04:26:16,default,teastore-image-79674648d-txx2z,scorpius03
693,2026-01-16 04:26:16,default,teastore-persistence-784748b4b9-jllcm,luish-nitro-an515-57
693,2026-01-16 04:26:16,default,teastore-recommender-74559c88-plfvp,leo02
693,2026-01-16 04:26:16,default,teastore-registry-676858f7cd-zzj4q,luish-aspire-a315-55g
693,2026-01-16 04:26:16,default,teastore-webui-558b54cc77-nmjwr,luish-nitro-an515-57
694,2026-01-16 04:26:30,default,teastore-auth-84d7ccddd9-wtmzs,luish-aspire-a315-55g
694,2026-01-16 04:26:30,default,teastore-db-84f96b9dd8-c7z4r,luish-aspire-a315-55g
694,2026-01-16 04:26:30,default,teastore-image-79674648d-bxhz8,scorpius03
694,2026-01-16 04:26:30,default,teastore-persistence-784748b4b9-njpjm,leo02
694,2026-01-16 04:26:30,default,teastore-recommender-74559c88-c96sl,luish-aspire-a315-55g
694,2026-01-16 04:26:30,default,teastore-registry-676858f7cd-lfz2z,leo02
694,2026-01-16 04:26:30,default,teastore-webui-558b54cc77-nmjwr,luish-nitro-an515-57
695,2026-01-16 04:26:48,default,teastore-auth-84d7ccddd9-wtmzs,luish-aspire-a315-55g
695,2026-01-16 04:26:48,default,teastore-db-84f96b9dd8-cjvxz,luish-aspire-a315-55g
695,2026-01-16 04:26:48,default,teastore-image-79674648d-gs2zq,scorpius03
695,2026-01-16 04:26:48,default,teastore-persistence-784748b4b9-xmtqq,luish-aspire-a315-55g
695,2026-01-16 04:26:48,default,teastore-recommender-74559c88-s5hx2,leo02
695,2026-01-16 04:26:48,default,teastore-registry-676858f7cd-lfz2z,leo02
695,2026-01-16 04:26:48,default,teastore-webui-558b54cc77-nmjwr,luish-nitro-an515-57
696,2026-01-16 04:27:07,default,teastore-auth-84d7ccddd9-wtmzs,luish-aspire-a315-55g
696,2026-01-16 04:27:07,default,teastore-db-84f96b9dd8-cjvxz,luish-aspire-a315-55g
696,2026-01-16 04:27:07,default,teastore-image-79674648d-s6lmw,luish-aspire-a315-55g
696,2026-01-16 04:27:07,default,teastore-persistence-784748b4b9-xmtqq,luish-aspire-a315-55g
696,2026-01-16 04:27:07,default,teastore-recommender-74559c88-s5hx2,leo02
696,2026-01-16 04:27:07,default,teastore-registry-676858f7cd-ls7kq,luish-nitro-an515-57
696,2026-01-16 04:27:07,default,teastore-webui-558b54cc77-tkrp8,leo02
697,2026-01-16 04:27:16,default,teastore-auth-84d7ccddd9-wtmzs,luish-aspire-a315-55g
697,2026-01-16 04:27:16,default,teastore-db-84f96b9dd8-d5z2m,luish-nitro-an515-57
697,2026-01-16 04:27:16,default,teastore-image-79674648d-s6lmw,luish-aspire-a315-55g
697,2026-01-16 04:27:16,default,teastore-persistence-784748b4b9-xmtqq,luish-aspire-a315-55g
697,2026-01-16 04:27:16,default,teastore-recommender-74559c88-xxnp2,luish-nitro-an515-57
697,2026-01-16 04:27:16,default,teastore-registry-676858f7cd-ls7kq,luish-nitro-an515-57
697,2026-01-16 04:27:16,default,teastore-webui-558b54cc77-tkrp8,leo02
698,2026-01-16 04:27:24,default,teastore-auth-84d7ccddd9-l57ll,luish-nitro-an515-57
698,2026-01-16 04:27:24,default,teastore-db-84f96b9dd8-d5z2m,luish-nitro-an515-57
698,2026-01-16 04:27:24,default,teastore-image-79674648d-s6lmw,luish-aspire-a315-55g
698,2026-01-16 04:27:24,default,teastore-persistence-784748b4b9-xmtqq,luish-aspire-a315-55g
698,2026-01-16 04:27:24,default,teastore-recommender-74559c88-xxnp2,luish-nitro-an515-57
698,2026-01-16 04:27:24,default,teastore-registry-676858f7cd-ls7kq,luish-nitro-an515-57
698,2026-01-16 04:27:24,default,teastore-webui-558b54cc77-tkrp8,leo02
699,2026-01-16 04:27:33,default,teastore-auth-84d7ccddd9-lchtv,leo02
699,2026-01-16 04:27:33,default,teastore-db-84f96b9dd8-d5z2m,luish-nitro-an515-57
699,2026-01-16 04:27:33,default,teastore-image-79674648d-s6lmw,luish-aspire-a315-55g
699,2026-01-16 04:27:33,default,teastore-persistence-784748b4b9-xmtqq,luish-aspire-a315-55g
699,2026-01-16 04:27:33,default,teastore-recommender-74559c88-xxnp2,luish-nitro-an515-57
699,2026-01-16 04:27:33,default,teastore-registry-676858f7cd-ls7kq,luish-nitro-an515-57
699,2026-01-16 04:27:33,default,teastore-webui-558b54cc77-tkrp8,leo02
700,2026-01-16 04:27:42,default,teastore-auth-84d7ccddd9-lchtv,leo02
700,2026-01-16 04:27:42,default,teastore-db-84f96b9dd8-t9pjr,luish-aspire-a315-55g
700,2026-01-16 04:27:42,default,teastore-image-79674648d-s6lmw,luish-aspire-a315-55g
700,2026-01-16 04:27:42,default,teastore-persistence-784748b4b9-vjw7d,luish-aspire-a315-55g
700,2026-01-16 04:27:42,default,teastore-recommender-74559c88-xxnp2,luish-nitro-an515-57
700,2026-01-16 04:27:42,default,teastore-registry-676858f7cd-ls7kq,luish-nitro-an515-57
700,2026-01-16 04:27:42,default,teastore-webui-558b54cc77-sxx78,leo02
701,2026-01-16 04:27:50,default,teastore-auth-84d7ccddd9-lchtv,leo02
701,2026-01-16 04:27:50,default,teastore-db-84f96b9dd8-t9pjr,luish-aspire-a315-55g
701,2026-01-16 04:27:50,default,teastore-image-79674648d-jbgm6,luish-nitro-an515-57
701,2026-01-16 04:27:50,default,teastore-persistence-784748b4b9-wxq2n,scorpius03
701,2026-01-16 04:27:50,default,teastore-recommender-74559c88-xxnp2,luish-nitro-an515-57
701,2026-01-16 04:27:50,default,teastore-registry-676858f7cd-rvdlh,luish-nitro-an515-57
701,2026-01-16 04:27:50,default,teastore-webui-558b54cc77-sxx78,leo02
702,2026-01-16 04:27:59,default,teastore-auth-84d7ccddd9-lchtv,leo02
702,2026-01-16 04:27:59,default,teastore-db-84f96b9dd8-t9pjr,luish-aspire-a315-55g
702,2026-01-16 04:27:59,default,teastore-image-79674648d-wswrb,leo02
702,2026-01-16 04:27:59,default,teastore-persistence-784748b4b9-wxq2n,scorpius03
702,2026-01-16 04:27:59,default,teastore-recommender-74559c88-v5qdf,scorpius03
702,2026-01-16 04:27:59,default,teastore-registry-676858f7cd-rvdlh,luish-nitro-an515-57
702,2026-01-16 04:27:59,default,teastore-webui-558b54cc77-sxx78,leo02
703,2026-01-16 04:28:07,default,teastore-auth-84d7ccddd9-j6mb5,luish-nitro-an515-57
703,2026-01-16 04:28:07,default,teastore-db-84f96b9dd8-t9pjr,luish-aspire-a315-55g
703,2026-01-16 04:28:07,default,teastore-image-79674648d-wzmkm,luish-aspire-a315-55g
703,2026-01-16 04:28:07,default,teastore-persistence-784748b4b9-wxq2n,scorpius03
703,2026-01-16 04:28:07,default,teastore-recommender-74559c88-v5qdf,scorpius03
703,2026-01-16 04:28:07,default,teastore-registry-676858f7cd-wn558,luish-nitro-an515-57
703,2026-01-16 04:28:07,default,teastore-webui-558b54cc77-sxx78,leo02
704,2026-01-16 04:28:21,default,teastore-auth-84d7ccddd9-j6mb5,luish-nitro-an515-57
704,2026-01-16 04:28:21,default,teastore-db-84f96b9dd8-sbnn2,scorpius03
704,2026-01-16 04:28:21,default,teastore-image-79674648d-wzmkm,luish-aspire-a315-55g
704,2026-01-16 04:28:21,default,teastore-persistence-784748b4b9-wxq2n,scorpius03
704,2026-01-16 04:28:21,default,teastore-recommender-74559c88-v5qdf,scorpius03
704,2026-01-16 04:28:21,default,teastore-registry-676858f7cd-wn558,luish-nitro-an515-57
704,2026-01-16 04:28:21,default,teastore-webui-558b54cc77-q7drx,luish-nitro-an515-57
705,2026-01-16 04:28:30,default,teastore-auth-84d7ccddd9-j6mb5,luish-nitro-an515-57
705,2026-01-16 04:28:30,default,teastore-db-84f96b9dd8-thwcq,luish-nitro-an515-57
705,2026-01-16 04:28:30,default,teastore-image-79674648d-zfmwg,luish-aspire-a315-55g
705,2026-01-16 04:28:30,default,teastore-persistence-784748b4b9-vsslz,luish-aspire-a315-55g
705,2026-01-16 04:28:30,default,teastore-recommender-74559c88-v5qdf,scorpius03
705,2026-01-16 04:28:30,default,teastore-registry-676858f7cd-wn558,luish-nitro-an515-57
705,2026-01-16 04:28:30,default,teastore-webui-558b54cc77-pdzbq,luish-aspire-a315-55g
706,2026-01-16 04:28:39,default,teastore-auth-84d7ccddd9-gpp6p,luish-nitro-an515-57
706,2026-01-16 04:28:39,default,teastore-db-84f96b9dd8-thwcq,luish-nitro-an515-57
706,2026-01-16 04:28:39,default,teastore-image-79674648d-zfmwg,luish-aspire-a315-55g
706,2026-01-16 04:28:39,default,teastore-persistence-784748b4b9-vsslz,luish-aspire-a315-55g
706,2026-01-16 04:28:39,default,teastore-recommender-74559c88-jj49z,luish-nitro-an515-57
706,2026-01-16 04:28:39,default,teastore-registry-676858f7cd-xvs5n,luish-nitro-an515-57
706,2026-01-16 04:28:39,default,teastore-webui-558b54cc77-s85tr,scorpius03
707,2026-01-16 04:28:47,default,teastore-auth-84d7ccddd9-gpp6p,luish-nitro-an515-57
707,2026-01-16 04:28:47,default,teastore-db-84f96b9dd8-thwcq,luish-nitro-an515-57
707,2026-01-16 04:28:47,default,teastore-image-79674648d-zfmwg,luish-aspire-a315-55g
707,2026-01-16 04:28:47,default,teastore-persistence-784748b4b9-vsslz,luish-aspire-a315-55g
707,2026-01-16 04:28:47,default,teastore-recommender-74559c88-jj49z,luish-nitro-an515-57
707,2026-01-16 04:28:47,default,teastore-registry-676858f7cd-xvs5n,luish-nitro-an515-57
707,2026-01-16 04:28:47,default,teastore-webui-558b54cc77-s85tr,scorpius03
708,2026-01-16 04:28:56,default,teastore-auth-84d7ccddd9-gpp6p,luish-nitro-an515-57
708,2026-01-16 04:28:56,default,teastore-db-84f96b9dd8-thwcq,luish-nitro-an515-57
708,2026-01-16 04:28:56,default,teastore-image-79674648d-zfmwg,luish-aspire-a315-55g
708,2026-01-16 04:28:56,default,teastore-persistence-784748b4b9-vsslz,luish-aspire-a315-55g
708,2026-01-16 04:28:56,default,teastore-recommender-74559c88-lf7sn,luish-nitro-an515-57
708,2026-01-16 04:28:56,default,teastore-registry-676858f7cd-xvs5n,luish-nitro-an515-57
708,2026-01-16 04:28:56,default,teastore-webui-558b54cc77-s85tr,scorpius03
709,2026-01-16 04:29:05,default,teastore-auth-84d7ccddd9-kw6m6,luish-nitro-an515-57
709,2026-01-16 04:29:05,default,teastore-db-84f96b9dd8-xt5k4,leo02
709,2026-01-16 04:29:05,default,teastore-image-79674648d-zfmwg,luish-aspire-a315-55g
709,2026-01-16 04:29:05,default,teastore-persistence-784748b4b9-vsslz,luish-aspire-a315-55g
709,2026-01-16 04:29:05,default,teastore-recommender-74559c88-md66g,luish-nitro-an515-57
709,2026-01-16 04:29:05,default,teastore-registry-676858f7cd-xvs5n,luish-nitro-an515-57
709,2026-01-16 04:29:05,default,teastore-webui-558b54cc77-s85tr,scorpius03
710,2026-01-16 04:29:13,default,teastore-auth-84d7ccddd9-wjpbw,luish-nitro-an515-57
710,2026-01-16 04:29:13,default,teastore-db-84f96b9dd8-xt5k4,leo02
710,2026-01-16 04:29:13,default,teastore-image-79674648d-x4q5q,leo02
710,2026-01-16 04:29:13,default,teastore-persistence-784748b4b9-l8fd7,leo02
710,2026-01-16 04:29:13,default,teastore-recommender-74559c88-s5hrd,luish-aspire-a315-55g
710,2026-01-16 04:29:13,default,teastore-registry-676858f7cd-9xs4r,scorpius03
710,2026-01-16 04:29:13,default,teastore-webui-558b54cc77-ztd4x,leo02
711,2026-01-16 04:29:22,default,teastore-auth-84d7ccddd9-wjpbw,luish-nitro-an515-57
711,2026-01-16 04:29:22,default,teastore-db-84f96b9dd8-xt5k4,leo02
711,2026-01-16 04:29:22,default,teastore-image-79674648d-r5zlt,scorpius03
711,2026-01-16 04:29:22,default,teastore-persistence-784748b4b9-l8fd7,leo02
711,2026-01-16 04:29:22,default,teastore-recommender-74559c88-s5hrd,luish-aspire-a315-55g
711,2026-01-16 04:29:22,default,teastore-registry-676858f7cd-9xs4r,scorpius03
711,2026-01-16 04:29:22,default,teastore-webui-558b54cc77-ztd4x,leo02
712,2026-01-16 04:29:31,default,teastore-auth-84d7ccddd9-wjpbw,luish-nitro-an515-57
712,2026-01-16 04:29:31,default,teastore-db-84f96b9dd8-wljnm,leo02
712,2026-01-16 04:29:31,default,teastore-image-79674648d-qzvtl,scorpius03
712,2026-01-16 04:29:31,default,teastore-persistence-784748b4b9-fgn8g,luish-nitro-an515-57
712,2026-01-16 04:29:31,default,teastore-recommender-74559c88-s5hrd,luish-aspire-a315-55g
712,2026-01-16 04:29:31,default,teastore-registry-676858f7cd-nxlgl,luish-nitro-an515-57
712,2026-01-16 04:29:31,default,teastore-webui-558b54cc77-ztd4x,leo02
713,2026-01-16 04:29:59,default,teastore-auth-84d7ccddd9-vfrql,scorpius03
713,2026-01-16 04:29:59,default,teastore-db-84f96b9dd8-bs7fr,luish-aspire-a315-55g
713,2026-01-16 04:29:59,default,teastore-image-79674648d-ps57j,luish-aspire-a315-55g
713,2026-01-16 04:29:59,default,teastore-persistence-784748b4b9-fgn8g,luish-nitro-an515-57
713,2026-01-16 04:29:59,default,teastore-recommender-74559c88-k7mwc,luish-aspire-a315-55g
713,2026-01-16 04:29:59,default,teastore-registry-676858f7cd-nxlgl,luish-nitro-an515-57
713,2026-01-16 04:29:59,default,teastore-webui-558b54cc77-nw9bm,leo02
714,2026-01-16 04:30:28,default,teastore-auth-84d7ccddd9-vfrql,scorpius03
714,2026-01-16 04:30:28,default,teastore-db-84f96b9dd8-ksl9l,luish-aspire-a315-55g
714,2026-01-16 04:30:28,default,teastore-image-79674648d-ps57j,luish-aspire-a315-55g
714,2026-01-16 04:30:28,default,teastore-persistence-784748b4b9-fgn8g,luish-nitro-an515-57
714,2026-01-16 04:30:28,default,teastore-recommender-74559c88-zbkrt,luish-aspire-a315-55g
714,2026-01-16 04:30:28,default,teastore-registry-676858f7cd-nxlgl,luish-nitro-an515-57
714,2026-01-16 04:30:28,default,teastore-webui-558b54cc77-nw9bm,leo02
715,2026-01-16 04:30:41,default,teastore-auth-84d7ccddd9-kfnd9,scorpius03
715,2026-01-16 04:30:41,default,teastore-db-84f96b9dd8-ksl9l,luish-aspire-a315-55g
715,2026-01-16 04:30:41,default,teastore-image-79674648d-t4z2t,luish-aspire-a315-55g
715,2026-01-16 04:30:41,default,teastore-persistence-784748b4b9-c8hmp,luish-nitro-an515-57
715,2026-01-16 04:30:41,default,teastore-recommender-74559c88-zbkrt,luish-aspire-a315-55g
715,2026-01-16 04:30:41,default,teastore-registry-676858f7cd-9mlp7,luish-nitro-an515-57
715,2026-01-16 04:30:41,default,teastore-webui-558b54cc77-lr7nx,luish-nitro-an515-57
716,2026-01-16 04:31:10,default,teastore-auth-84d7ccddd9-hrwfv,scorpius03
716,2026-01-16 04:31:10,default,teastore-db-84f96b9dd8-m5lht,luish-aspire-a315-55g
716,2026-01-16 04:31:10,default,teastore-image-79674648d-t4z2t,luish-aspire-a315-55g
716,2026-01-16 04:31:10,default,teastore-persistence-784748b4b9-gk4bc,leo02
716,2026-01-16 04:31:10,default,teastore-recommender-74559c88-nl4hp,leo02
716,2026-01-16 04:31:10,default,teastore-registry-676858f7cd-9mlp7,luish-nitro-an515-57
716,2026-01-16 04:31:10,default,teastore-webui-558b54cc77-pqfkj,leo02
717,2026-01-16 04:31:39,default,teastore-auth-84d7ccddd9-lf4tb,luish-aspire-a315-55g
717,2026-01-16 04:31:39,default,teastore-db-84f96b9dd8-m5lht,luish-aspire-a315-55g
717,2026-01-16 04:31:39,default,teastore-image-79674648d-dvdbw,scorpius03
717,2026-01-16 04:31:39,default,teastore-persistence-784748b4b9-gk4bc,leo02
717,2026-01-16 04:31:39,default,teastore-recommender-74559c88-ws2pz,luish-aspire-a315-55g
717,2026-01-16 04:31:39,default,teastore-registry-676858f7cd-twlwn,leo02
717,2026-01-16 04:31:39,default,teastore-webui-558b54cc77-pqfkj,leo02
718,2026-01-16 04:31:52,default,teastore-auth-84d7ccddd9-lf4tb,luish-aspire-a315-55g
718,2026-01-16 04:31:52,default,teastore-db-84f96b9dd8-vp74r,luish-nitro-an515-57
718,2026-01-16 04:31:52,default,teastore-image-79674648d-dvdbw,scorpius03
718,2026-01-16 04:31:52,default,teastore-persistence-784748b4b9-gk4bc,leo02
718,2026-01-16 04:31:52,default,teastore-recommender-74559c88-ws2pz,luish-aspire-a315-55g
718,2026-01-16 04:31:52,default,teastore-registry-676858f7cd-twlwn,leo02
718,2026-01-16 04:31:52,default,teastore-webui-558b54cc77-pqfkj,leo02
719,2026-01-16 04:32:06,default,teastore-auth-84d7ccddd9-lf4tb,luish-aspire-a315-55g
719,2026-01-16 04:32:06,default,teastore-db-84f96b9dd8-vp74r,luish-nitro-an515-57
719,2026-01-16 04:32:06,default,teastore-image-79674648d-dvdbw,scorpius03
719,2026-01-16 04:32:06,default,teastore-persistence-784748b4b9-bc7f6,leo02
719,2026-01-16 04:32:06,default,teastore-recommender-74559c88-ws2pz,luish-aspire-a315-55g
719,2026-01-16 04:32:06,default,teastore-registry-676858f7cd-twlwn,leo02
719,2026-01-16 04:32:06,default,teastore-webui-558b54cc77-zs8gx,luish-aspire-a315-55g
720,2026-01-16 04:32:20,default,teastore-auth-84d7ccddd9-xjstf,scorpius03
720,2026-01-16 04:32:20,default,teastore-db-84f96b9dd8-xn4n8,luish-nitro-an515-57
720,2026-01-16 04:32:20,default,teastore-image-79674648d-ljhxk,luish-nitro-an515-57
720,2026-01-16 04:32:20,default,teastore-persistence-784748b4b9-w4jv8,luish-nitro-an515-57
720,2026-01-16 04:32:20,default,teastore-recommender-74559c88-ws2pz,luish-aspire-a315-55g
720,2026-01-16 04:32:20,default,teastore-registry-676858f7cd-swv2f,scorpius03
720,2026-01-16 04:32:20,default,teastore-webui-558b54cc77-zs8gx,luish-aspire-a315-55g
721,2026-01-16 04:32:39,default,teastore-auth-84d7ccddd9-xjstf,scorpius03
721,2026-01-16 04:32:39,default,teastore-db-84f96b9dd8-xn4n8,luish-nitro-an515-57
721,2026-01-16 04:32:39,default,teastore-image-79674648d-m5k7b,scorpius03
721,2026-01-16 04:32:39,default,teastore-persistence-784748b4b9-w4jv8,luish-nitro-an515-57
721,2026-01-16 04:32:39,default,teastore-recommender-74559c88-tlcm2,luish-nitro-an515-57
721,2026-01-16 04:32:39,default,teastore-registry-676858f7cd-swv2f,scorpius03
721,2026-01-16 04:32:39,default,teastore-webui-558b54cc77-zs8gx,luish-aspire-a315-55g
722,2026-01-16 04:32:52,default,teastore-auth-84d7ccddd9-89vmt,luish-aspire-a315-55g
722,2026-01-16 04:32:52,default,teastore-db-84f96b9dd8-xn4n8,luish-nitro-an515-57
722,2026-01-16 04:32:52,default,teastore-image-79674648d-pzkbm,luish-aspire-a315-55g
722,2026-01-16 04:32:52,default,teastore-persistence-784748b4b9-w4jv8,luish-nitro-an515-57
722,2026-01-16 04:32:52,default,teastore-recommender-74559c88-tlcm2,luish-nitro-an515-57
722,2026-01-16 04:32:52,default,teastore-registry-676858f7cd-lqh45,leo02
722,2026-01-16 04:32:52,default,teastore-webui-558b54cc77-sgjkr,luish-aspire-a315-55g
723,2026-01-16 04:33:21,default,teastore-auth-84d7ccddd9-sltw8,leo02
723,2026-01-16 04:33:21,default,teastore-db-84f96b9dd8-xn4n8,luish-nitro-an515-57
723,2026-01-16 04:33:21,default,teastore-image-79674648d-pzkbm,luish-aspire-a315-55g
723,2026-01-16 04:33:21,default,teastore-persistence-784748b4b9-w4jv8,luish-nitro-an515-57
723,2026-01-16 04:33:21,default,teastore-recommender-74559c88-s9pv8,scorpius03
723,2026-01-16 04:33:21,default,teastore-registry-676858f7cd-k265s,luish-aspire-a315-55g
723,2026-01-16 04:33:21,default,teastore-webui-558b54cc77-qpwgt,leo02
724,2026-01-16 04:33:39,default,teastore-auth-84d7ccddd9-sltw8,leo02
724,2026-01-16 04:33:39,default,teastore-db-84f96b9dd8-fp6rm,leo02
724,2026-01-16 04:33:39,default,teastore-image-79674648d-pzkbm,luish-aspire-a315-55g
724,2026-01-16 04:33:39,default,teastore-persistence-784748b4b9-w4jv8,luish-nitro-an515-57
724,2026-01-16 04:33:39,default,teastore-recommender-74559c88-xx86n,luish-nitro-an515-57
724,2026-01-16 04:33:39,default,teastore-registry-676858f7cd-k265s,luish-aspire-a315-55g
724,2026-01-16 04:33:39,default,teastore-webui-558b54cc77-sbhh7,scorpius03
725,2026-01-16 04:34:08,default,teastore-auth-84d7ccddd9-2wjr8,luish-aspire-a315-55g
725,2026-01-16 04:34:08,default,teastore-db-84f96b9dd8-mbdqg,luish-aspire-a315-55g
725,2026-01-16 04:34:08,default,teastore-image-79674648d-v8n59,leo02
725,2026-01-16 04:34:08,default,teastore-persistence-784748b4b9-nllvk,scorpius03
725,2026-01-16 04:34:08,default,teastore-recommender-74559c88-xx86n,luish-nitro-an515-57
725,2026-01-16 04:34:08,default,teastore-registry-676858f7cd-k265s,luish-aspire-a315-55g
725,2026-01-16 04:34:08,default,teastore-webui-558b54cc77-sbhh7,scorpius03
726,2026-01-16 04:34:27,default,teastore-auth-84d7ccddd9-7gnrv,luish-aspire-a315-55g
726,2026-01-16 04:34:27,default,teastore-db-84f96b9dd8-mbdqg,luish-aspire-a315-55g
726,2026-01-16 04:34:27,default,teastore-image-79674648d-zkb6r,scorpius03
726,2026-01-16 04:34:27,default,teastore-persistence-784748b4b9-8vc42,scorpius03
726,2026-01-16 04:34:27,default,teastore-recommender-74559c88-xx86n,luish-nitro-an515-57
726,2026-01-16 04:34:27,default,teastore-registry-676858f7cd-vzzgj,luish-aspire-a315-55g
726,2026-01-16 04:34:27,default,teastore-webui-558b54cc77-ldl9z,leo02
727,2026-01-16 04:34:55,default,teastore-auth-84d7ccddd9-g8nhd,luish-nitro-an515-57
727,2026-01-16 04:34:55,default,teastore-db-84f96b9dd8-gpk8m,leo02
727,2026-01-16 04:34:55,default,teastore-image-79674648d-zkb6r,scorpius03
727,2026-01-16 04:34:55,default,teastore-persistence-784748b4b9-kl2d6,scorpius03
727,2026-01-16 04:34:55,default,teastore-recommender-74559c88-vcj27,luish-nitro-an515-57
727,2026-01-16 04:34:55,default,teastore-registry-676858f7cd-vzzgj,luish-aspire-a315-55g
727,2026-01-16 04:34:55,default,teastore-webui-558b54cc77-b7r2q,leo02
728,2026-01-16 04:35:24,default,teastore-auth-84d7ccddd9-g8nhd,luish-nitro-an515-57
728,2026-01-16 04:35:24,default,teastore-db-84f96b9dd8-tx8zf,luish-aspire-a315-55g
728,2026-01-16 04:35:24,default,teastore-image-79674648d-zl8wq,luish-nitro-an515-57
728,2026-01-16 04:35:24,default,teastore-persistence-784748b4b9-kl2d6,scorpius03
728,2026-01-16 04:35:24,default,teastore-recommender-74559c88-z7qf7,leo02
728,2026-01-16 04:35:24,default,teastore-registry-676858f7cd-fzvq8,scorpius03
728,2026-01-16 04:35:24,default,teastore-webui-558b54cc77-lzks8,luish-aspire-a315-55g
729,2026-01-16 04:35:42,default,teastore-auth-84d7ccddd9-kt9xq,scorpius03
729,2026-01-16 04:35:42,default,teastore-db-84f96b9dd8-tx8zf,luish-aspire-a315-55g
729,2026-01-16 04:35:42,default,teastore-image-79674648d-zl8wq,luish-nitro-an515-57
729,2026-01-16 04:35:42,default,teastore-persistence-784748b4b9-h2dmb,leo02
729,2026-01-16 04:35:42,default,teastore-recommender-74559c88-z7qf7,leo02
729,2026-01-16 04:35:42,default,teastore-registry-676858f7cd-sq6g9,scorpius03
729,2026-01-16 04:35:42,default,teastore-webui-558b54cc77-lzks8,luish-aspire-a315-55g
730,2026-01-16 04:36:11,default,teastore-auth-84d7ccddd9-kt9xq,scorpius03
730,2026-01-16 04:36:11,default,teastore-db-84f96b9dd8-mz68x,luish-aspire-a315-55g
730,2026-01-16 04:36:11,default,teastore-image-79674648d-xjqj2,luish-nitro-an515-57
730,2026-01-16 04:36:11,default,teastore-persistence-784748b4b9-nlbtn,luish-aspire-a315-55g
730,2026-01-16 04:36:11,default,teastore-recommender-74559c88-swjrd,luish-aspire-a315-55g
730,2026-01-16 04:36:11,default,teastore-registry-676858f7cd-vndhk,luish-aspire-a315-55g
730,2026-01-16 04:36:11,default,teastore-webui-558b54cc77-gnbtw,luish-aspire-a315-55g
731,2026-01-16 04:36:34,default,teastore-auth-84d7ccddd9-wggtt,luish-aspire-a315-55g
731,2026-01-16 04:36:34,default,teastore-db-84f96b9dd8-mz68x,luish-aspire-a315-55g
731,2026-01-16 04:36:34,default,teastore-image-79674648d-xjqj2,luish-nitro-an515-57
731,2026-01-16 04:36:34,default,teastore-persistence-784748b4b9-nlbtn,luish-aspire-a315-55g
731,2026-01-16 04:36:34,default,teastore-recommender-74559c88-qrhlx,leo02
731,2026-01-16 04:36:34,default,teastore-registry-676858f7cd-vndhk,luish-aspire-a315-55g
731,2026-01-16 04:36:34,default,teastore-webui-558b54cc77-gnbtw,luish-aspire-a315-55g
732,2026-01-16 04:36:58,default,teastore-auth-84d7ccddd9-xg9dm,leo02
732,2026-01-16 04:36:58,default,teastore-db-84f96b9dd8-zccln,luish-aspire-a315-55g
732,2026-01-16 04:36:58,default,teastore-image-79674648d-xjqj2,luish-nitro-an515-57
732,2026-01-16 04:36:58,default,teastore-persistence-784748b4b9-n7g96,scorpius03
732,2026-01-16 04:36:58,default,teastore-recommender-74559c88-qrhlx,leo02
732,2026-01-16 04:36:58,default,teastore-registry-676858f7cd-mdqc9,luish-aspire-a315-55g
732,2026-01-16 04:36:58,default,teastore-webui-558b54cc77-92knp,luish-nitro-an515-57
733,2026-01-16 04:37:22,default,teastore-auth-84d7ccddd9-xg9dm,leo02
733,2026-01-16 04:37:22,default,teastore-db-84f96b9dd8-zccln,luish-aspire-a315-55g
733,2026-01-16 04:37:22,default,teastore-image-79674648d-gs874,luish-aspire-a315-55g
733,2026-01-16 04:37:22,default,teastore-persistence-784748b4b9-kwrlk,luish-nitro-an515-57
733,2026-01-16 04:37:22,default,teastore-recommender-74559c88-h7zhm,luish-nitro-an515-57
733,2026-01-16 04:37:22,default,teastore-registry-676858f7cd-mdqc9,luish-aspire-a315-55g
733,2026-01-16 04:37:22,default,teastore-webui-558b54cc77-kwjdm,luish-aspire-a315-55g
734,2026-01-16 04:37:31,default,teastore-auth-84d7ccddd9-xg9dm,leo02
734,2026-01-16 04:37:31,default,teastore-db-84f96b9dd8-zccln,luish-aspire-a315-55g
734,2026-01-16 04:37:31,default,teastore-image-79674648d-gs874,luish-aspire-a315-55g
734,2026-01-16 04:37:31,default,teastore-persistence-784748b4b9-kwrlk,luish-nitro-an515-57
734,2026-01-16 04:37:31,default,teastore-recommender-74559c88-h7zhm,luish-nitro-an515-57
734,2026-01-16 04:37:31,default,teastore-registry-676858f7cd-mdqc9,luish-aspire-a315-55g
734,2026-01-16 04:37:31,default,teastore-webui-558b54cc77-t7f2d,scorpius03
735,2026-01-16 04:37:59,default,teastore-auth-84d7ccddd9-x9m82,luish-aspire-a315-55g
735,2026-01-16 04:37:59,default,teastore-db-84f96b9dd8-5kg9h,luish-aspire-a315-55g
735,2026-01-16 04:37:59,default,teastore-image-79674648d-cx6gs,luish-nitro-an515-57
735,2026-01-16 04:37:59,default,teastore-persistence-784748b4b9-kwrlk,luish-nitro-an515-57
735,2026-01-16 04:37:59,default,teastore-recommender-74559c88-zkzgv,leo02
735,2026-01-16 04:37:59,default,teastore-registry-676858f7cd-mb22n,scorpius03
735,2026-01-16 04:37:59,default,teastore-webui-558b54cc77-zlgcn,luish-aspire-a315-55g
736,2026-01-16 04:38:13,default,teastore-auth-84d7ccddd9-xnx9t,luish-aspire-a315-55g
736,2026-01-16 04:38:13,default,teastore-db-84f96b9dd8-qr7xc,luish-nitro-an515-57
736,2026-01-16 04:38:13,default,teastore-image-79674648d-mkbt7,luish-nitro-an515-57
736,2026-01-16 04:38:13,default,teastore-persistence-784748b4b9-gmpb6,leo02
736,2026-01-16 04:38:13,default,teastore-recommender-74559c88-zkzgv,leo02
736,2026-01-16 04:38:13,default,teastore-registry-676858f7cd-mb22n,scorpius03
736,2026-01-16 04:38:13,default,teastore-webui-558b54cc77-zlgcn,luish-aspire-a315-55g
737,2026-01-16 04:38:21,default,teastore-auth-84d7ccddd9-xnx9t,luish-aspire-a315-55g
737,2026-01-16 04:38:21,default,teastore-db-84f96b9dd8-vw24d,scorpius03
737,2026-01-16 04:38:21,default,teastore-image-79674648d-zhlzb,luish-aspire-a315-55g
737,2026-01-16 04:38:21,default,teastore-persistence-784748b4b9-g2vfj,scorpius03
737,2026-01-16 04:38:21,default,teastore-recommender-74559c88-zkzgv,leo02
737,2026-01-16 04:38:21,default,teastore-registry-676858f7cd-jsh75,scorpius03
737,2026-01-16 04:38:21,default,teastore-webui-558b54cc77-zlgcn,luish-aspire-a315-55g
738,2026-01-16 04:38:40,default,teastore-auth-84d7ccddd9-xnx9t,luish-aspire-a315-55g
738,2026-01-16 04:38:40,default,teastore-db-84f96b9dd8-vw24d,scorpius03
738,2026-01-16 04:38:40,default,teastore-image-79674648d-zhlzb,luish-aspire-a315-55g
738,2026-01-16 04:38:40,default,teastore-persistence-784748b4b9-f9j6p,luish-aspire-a315-55g
738,2026-01-16 04:38:40,default,teastore-recommender-74559c88-w4xnq,luish-nitro-an515-57
738,2026-01-16 04:38:40,default,teastore-registry-676858f7cd-jsh75,scorpius03
738,2026-01-16 04:38:40,default,teastore-webui-558b54cc77-j9wbw,luish-aspire-a315-55g
739,2026-01-16 04:39:04,default,teastore-auth-84d7ccddd9-ssswk,luish-aspire-a315-55g
739,2026-01-16 04:39:04,default,teastore-db-84f96b9dd8-8k2b4,luish-aspire-a315-55g
739,2026-01-16 04:39:04,default,teastore-image-79674648d-zhlzb,luish-aspire-a315-55g
739,2026-01-16 04:39:04,default,teastore-persistence-784748b4b9-p2rjf,luish-nitro-an515-57
739,2026-01-16 04:39:04,default,teastore-recommender-74559c88-w4xnq,luish-nitro-an515-57
739,2026-01-16 04:39:04,default,teastore-registry-676858f7cd-gvtcj,leo02
739,2026-01-16 04:39:04,default,teastore-webui-558b54cc77-vxxc7,luish-nitro-an515-57
740,2026-01-16 04:39:12,default,teastore-auth-84d7ccddd9-t75l7,luish-aspire-a315-55g
740,2026-01-16 04:39:12,default,teastore-db-84f96b9dd8-k6xsj,scorpius03
740,2026-01-16 04:39:12,default,teastore-image-79674648d-tvvgd,leo02
740,2026-01-16 04:39:12,default,teastore-persistence-784748b4b9-p2rjf,luish-nitro-an515-57
740,2026-01-16 04:39:12,default,teastore-recommender-74559c88-z5kz7,scorpius03
740,2026-01-16 04:39:12,default,teastore-registry-676858f7cd-ln9ln,scorpius03
740,2026-01-16 04:39:12,default,teastore-webui-558b54cc77-vxxc7,luish-nitro-an515-57
741,2026-01-16 04:39:21,default,teastore-auth-84d7ccddd9-t75l7,luish-aspire-a315-55g
741,2026-01-16 04:39:21,default,teastore-db-84f96b9dd8-p45dw,luish-aspire-a315-55g
741,2026-01-16 04:39:21,default,teastore-image-79674648d-tvvgd,leo02
741,2026-01-16 04:39:21,default,teastore-persistence-784748b4b9-p2rjf,luish-nitro-an515-57
741,2026-01-16 04:39:21,default,teastore-recommender-74559c88-z5kz7,scorpius03
741,2026-01-16 04:39:21,default,teastore-registry-676858f7cd-mhs7p,luish-nitro-an515-57
741,2026-01-16 04:39:21,default,teastore-webui-558b54cc77-vxxc7,luish-nitro-an515-57
742,2026-01-16 04:39:34,default,teastore-auth-84d7ccddd9-wckx9,luish-nitro-an515-57
742,2026-01-16 04:39:34,default,teastore-db-84f96b9dd8-t7672,leo02
742,2026-01-16 04:39:34,default,teastore-image-79674648d-zw95q,luish-nitro-an515-57
742,2026-01-16 04:39:34,default,teastore-persistence-784748b4b9-p2rjf,luish-nitro-an515-57
742,2026-01-16 04:39:34,default,teastore-recommender-74559c88-z5kz7,scorpius03
742,2026-01-16 04:39:34,default,teastore-registry-676858f7cd-mhs7p,luish-nitro-an515-57
742,2026-01-16 04:39:34,default,teastore-webui-558b54cc77-vxxc7,luish-nitro-an515-57
743,2026-01-16 04:39:48,default,teastore-auth-84d7ccddd9-wckx9,luish-nitro-an515-57
743,2026-01-16 04:39:48,default,teastore-db-84f96b9dd8-t7672,leo02
743,2026-01-16 04:39:48,default,teastore-image-79674648d-zw95q,luish-nitro-an515-57
743,2026-01-16 04:39:48,default,teastore-persistence-784748b4b9-jgpjw,leo02
743,2026-01-16 04:39:48,default,teastore-recommender-74559c88-q7hbn,luish-aspire-a315-55g
743,2026-01-16 04:39:48,default,teastore-registry-676858f7cd-mhs7p,luish-nitro-an515-57
743,2026-01-16 04:39:48,default,teastore-webui-558b54cc77-vxxc7,luish-nitro-an515-57
744,2026-01-16 04:40:02,default,teastore-auth-84d7ccddd9-wckx9,luish-nitro-an515-57
744,2026-01-16 04:40:02,default,teastore-db-84f96b9dd8-t7672,leo02
744,2026-01-16 04:40:02,default,teastore-image-79674648d-zw95q,luish-nitro-an515-57
744,2026-01-16 04:40:02,default,teastore-persistence-784748b4b9-npbwz,luish-aspire-a315-55g
744,2026-01-16 04:40:02,default,teastore-recommender-74559c88-cmldn,luish-aspire-a315-55g
744,2026-01-16 04:40:02,default,teastore-registry-676858f7cd-krsqf,scorpius03
744,2026-01-16 04:40:02,default,teastore-webui-558b54cc77-zqzlw,luish-aspire-a315-55g
745,2026-01-16 04:40:10,default,teastore-auth-84d7ccddd9-wckx9,luish-nitro-an515-57
745,2026-01-16 04:40:10,default,teastore-db-84f96b9dd8-t7672,leo02
745,2026-01-16 04:40:10,default,teastore-image-79674648d-zw95q,luish-nitro-an515-57
745,2026-01-16 04:40:10,default,teastore-persistence-784748b4b9-r48sf,luish-aspire-a315-55g
745,2026-01-16 04:40:10,default,teastore-recommender-74559c88-cmldn,luish-aspire-a315-55g
745,2026-01-16 04:40:10,default,teastore-registry-676858f7cd-qsb8f,luish-nitro-an515-57
745,2026-01-16 04:40:10,default,teastore-webui-558b54cc77-zqzlw,luish-aspire-a315-55g
746,2026-01-16 04:40:19,default,teastore-auth-84d7ccddd9-kps6r,luish-aspire-a315-55g
746,2026-01-16 04:40:19,default,teastore-db-84f96b9dd8-qdcz5,scorpius03
746,2026-01-16 04:40:19,default,teastore-image-79674648d-xxqkt,scorpius03
746,2026-01-16 04:40:19,default,teastore-persistence-784748b4b9-r48sf,luish-aspire-a315-55g
746,2026-01-16 04:40:19,default,teastore-recommender-74559c88-rmpxm,leo02
746,2026-01-16 04:40:19,default,teastore-registry-676858f7cd-qsb8f,luish-nitro-an515-57
746,2026-01-16 04:40:19,default,teastore-webui-558b54cc77-zqzlw,luish-aspire-a315-55g
747,2026-01-16 04:40:33,default,teastore-auth-84d7ccddd9-99cbl,luish-aspire-a315-55g
747,2026-01-16 04:40:33,default,teastore-db-84f96b9dd8-hkqrx,scorpius03
747,2026-01-16 04:40:33,default,teastore-image-79674648d-mn29h,luish-nitro-an515-57
747,2026-01-16 04:40:33,default,teastore-persistence-784748b4b9-r48sf,luish-aspire-a315-55g
747,2026-01-16 04:40:33,default,teastore-recommender-74559c88-rmpxm,leo02
747,2026-01-16 04:40:33,default,teastore-registry-676858f7cd-qsb8f,luish-nitro-an515-57
747,2026-01-16 04:40:33,default,teastore-webui-558b54cc77-zqzlw,luish-aspire-a315-55g
748,2026-01-16 04:40:46,default,teastore-auth-84d7ccddd9-vb6ql,luish-aspire-a315-55g
748,2026-01-16 04:40:46,default,teastore-db-84f96b9dd8-mkpv8,luish-aspire-a315-55g
748,2026-01-16 04:40:46,default,teastore-image-79674648d-mn29h,luish-nitro-an515-57
748,2026-01-16 04:40:46,default,teastore-persistence-784748b4b9-xsl9l,leo02
748,2026-01-16 04:40:46,default,teastore-recommender-74559c88-rmpxm,leo02
748,2026-01-16 04:40:46,default,teastore-registry-676858f7cd-pzdcs,scorpius03
748,2026-01-16 04:40:46,default,teastore-webui-558b54cc77-v25dg,luish-nitro-an515-57
749,2026-01-16 04:40:55,default,teastore-auth-84d7ccddd9-vb6ql,luish-aspire-a315-55g
749,2026-01-16 04:40:55,default,teastore-db-84f96b9dd8-mkpv8,luish-aspire-a315-55g
749,2026-01-16 04:40:55,default,teastore-image-79674648d-x52wh,luish-aspire-a315-55g
749,2026-01-16 04:40:55,default,teastore-persistence-784748b4b9-xsl9l,leo02
749,2026-01-16 04:40:55,default,teastore-recommender-74559c88-rmpxm,leo02
749,2026-01-16 04:40:55,default,teastore-registry-676858f7cd-wc4c8,luish-nitro-an515-57
749,2026-01-16 04:40:55,default,teastore-webui-558b54cc77-v25dg,luish-nitro-an515-57
750,2026-01-16 04:41:03,default,teastore-auth-84d7ccddd9-w2vw2,luish-aspire-a315-55g
750,2026-01-16 04:41:03,default,teastore-db-84f96b9dd8-rxds6,luish-nitro-an515-57
750,2026-01-16 04:41:03,default,teastore-image-79674648d-x52wh,luish-aspire-a315-55g
750,2026-01-16 04:41:03,default,teastore-persistence-784748b4b9-xsl9l,leo02
750,2026-01-16 04:41:03,default,teastore-recommender-74559c88-zs5cf,luish-nitro-an515-57
750,2026-01-16 04:41:03,default,teastore-registry-676858f7cd-x8w2r,leo02
750,2026-01-16 04:41:03,default,teastore-webui-558b54cc77-v25dg,luish-nitro-an515-57
751,2026-01-16 04:41:12,default,teastore-auth-84d7ccddd9-w2vw2,luish-aspire-a315-55g
751,2026-01-16 04:41:12,default,teastore-db-84f96b9dd8-rxds6,luish-nitro-an515-57
751,2026-01-16 04:41:12,default,teastore-image-79674648d-x52wh,luish-aspire-a315-55g
751,2026-01-16 04:41:12,default,teastore-persistence-784748b4b9-xsl9l,leo02
751,2026-01-16 04:41:12,default,teastore-recommender-74559c88-zs5cf,luish-nitro-an515-57
751,2026-01-16 04:41:12,default,teastore-registry-676858f7cd-x8w2r,leo02
751,2026-01-16 04:41:12,default,teastore-webui-558b54cc77-v25dg,luish-nitro-an515-57
752,2026-01-16 04:41:20,default,teastore-auth-84d7ccddd9-w2vw2,luish-aspire-a315-55g
752,2026-01-16 04:41:20,default,teastore-db-84f96b9dd8-rxds6,luish-nitro-an515-57
752,2026-01-16 04:41:20,default,teastore-image-79674648d-zdkcd,luish-nitro-an515-57
752,2026-01-16 04:41:20,default,teastore-persistence-784748b4b9-hckhd,luish-nitro-an515-57
752,2026-01-16 04:41:20,default,teastore-recommender-74559c88-zs5cf,luish-nitro-an515-57
752,2026-01-16 04:41:20,default,teastore-registry-676858f7cd-x8w2r,leo02
752,2026-01-16 04:41:20,default,teastore-webui-558b54cc77-nc9cv,luish-nitro-an515-57
753,2026-01-16 04:41:29,default,teastore-auth-84d7ccddd9-w2vw2,luish-aspire-a315-55g
753,2026-01-16 04:41:29,default,teastore-db-84f96b9dd8-rxds6,luish-nitro-an515-57
753,2026-01-16 04:41:29,default,teastore-image-79674648d-zdkcd,luish-nitro-an515-57
753,2026-01-16 04:41:29,default,teastore-persistence-784748b4b9-kqcvf,luish-aspire-a315-55g
753,2026-01-16 04:41:29,default,teastore-recommender-74559c88-zs5cf,luish-nitro-an515-57
753,2026-01-16 04:41:29,default,teastore-registry-676858f7cd-x8w2r,leo02
753,2026-01-16 04:41:29,default,teastore-webui-558b54cc77-nxvft,luish-aspire-a315-55g
754,2026-01-16 04:41:38,default,teastore-auth-84d7ccddd9-w2vw2,luish-aspire-a315-55g
754,2026-01-16 04:41:38,default,teastore-db-84f96b9dd8-sg7s7,luish-aspire-a315-55g
754,2026-01-16 04:41:38,default,teastore-image-79674648d-zdkcd,luish-nitro-an515-57
754,2026-01-16 04:41:38,default,teastore-persistence-784748b4b9-kqcvf,luish-aspire-a315-55g
754,2026-01-16 04:41:38,default,teastore-recommender-74559c88-lg46d,leo02
754,2026-01-16 04:41:38,default,teastore-registry-676858f7cd-s7mxn,luish-nitro-an515-57
754,2026-01-16 04:41:38,default,teastore-webui-558b54cc77-nxvft,luish-aspire-a315-55g
755,2026-01-16 04:41:46,default,teastore-auth-84d7ccddd9-sxkx6,luish-aspire-a315-55g
755,2026-01-16 04:41:46,default,teastore-db-84f96b9dd8-t5qzz,leo02
755,2026-01-16 04:41:46,default,teastore-image-79674648d-zdkcd,luish-nitro-an515-57
755,2026-01-16 04:41:46,default,teastore-persistence-784748b4b9-qslbw,leo02
755,2026-01-16 04:41:46,default,teastore-recommender-74559c88-l8l4v,luish-nitro-an515-57
755,2026-01-16 04:41:46,default,teastore-registry-676858f7cd-v6l6j,luish-aspire-a315-55g
755,2026-01-16 04:41:46,default,teastore-webui-558b54cc77-nxvft,luish-aspire-a315-55g
756,2026-01-16 04:41:55,default,teastore-auth-84d7ccddd9-v8skg,luish-nitro-an515-57
756,2026-01-16 04:41:55,default,teastore-db-84f96b9dd8-t5qzz,leo02
756,2026-01-16 04:41:55,default,teastore-image-79674648d-jtnwj,leo02
756,2026-01-16 04:41:55,default,teastore-persistence-784748b4b9-qslbw,leo02
756,2026-01-16 04:41:55,default,teastore-recommender-74559c88-rbpmr,scorpius03
756,2026-01-16 04:41:55,default,teastore-registry-676858f7cd-v6l6j,luish-aspire-a315-55g
756,2026-01-16 04:41:55,default,teastore-webui-558b54cc77-nxvft,luish-aspire-a315-55g
757,2026-01-16 04:42:03,default,teastore-auth-84d7ccddd9-xn724,scorpius03
757,2026-01-16 04:42:03,default,teastore-db-84f96b9dd8-t9cwp,scorpius03
757,2026-01-16 04:42:03,default,teastore-image-79674648d-hpl9x,luish-nitro-an515-57
757,2026-01-16 04:42:03,default,teastore-persistence-784748b4b9-xnrpc,scorpius03
757,2026-01-16 04:42:03,default,teastore-recommender-74559c88-rbpmr,scorpius03
757,2026-01-16 04:42:03,default,teastore-registry-676858f7cd-v6l6j,luish-aspire-a315-55g
757,2026-01-16 04:42:03,default,teastore-webui-558b54cc77-nxvft,luish-aspire-a315-55g
758,2026-01-16 04:42:12,default,teastore-auth-84d7ccddd9-xn724,scorpius03
758,2026-01-16 04:42:12,default,teastore-db-84f96b9dd8-t9cwp,scorpius03
758,2026-01-16 04:42:12,default,teastore-image-79674648d-xllpz,luish-nitro-an515-57
758,2026-01-16 04:42:12,default,teastore-persistence-784748b4b9-xnrpc,scorpius03
758,2026-01-16 04:42:12,default,teastore-recommender-74559c88-rbpmr,scorpius03
758,2026-01-16 04:42:12,default,teastore-registry-676858f7cd-v6l6j,luish-aspire-a315-55g
758,2026-01-16 04:42:12,default,teastore-webui-558b54cc77-xl95g,luish-nitro-an515-57
759,2026-01-16 04:42:21,default,teastore-auth-84d7ccddd9-xn724,scorpius03
759,2026-01-16 04:42:21,default,teastore-db-84f96b9dd8-t9cwp,scorpius03
759,2026-01-16 04:42:21,default,teastore-image-79674648d-xllpz,luish-nitro-an515-57
759,2026-01-16 04:42:21,default,teastore-persistence-784748b4b9-xnrpc,scorpius03
759,2026-01-16 04:42:21,default,teastore-recommender-74559c88-rbpmr,scorpius03
759,2026-01-16 04:42:21,default,teastore-registry-676858f7cd-v6l6j,luish-aspire-a315-55g
759,2026-01-16 04:42:21,default,teastore-webui-558b54cc77-xl95g,luish-nitro-an515-57
760,2026-01-16 04:42:30,default,teastore-auth-84d7ccddd9-xn724,scorpius03
760,2026-01-16 04:42:30,default,teastore-db-84f96b9dd8-tjfkh,leo02
760,2026-01-16 04:42:30,default,teastore-image-79674648d-xllpz,luish-nitro-an515-57
760,2026-01-16 04:42:30,default,teastore-persistence-784748b4b9-zxzpl,luish-aspire-a315-55g
760,2026-01-16 04:42:30,default,teastore-recommender-74559c88-q85tn,luish-nitro-an515-57
760,2026-01-16 04:42:30,default,teastore-registry-676858f7cd-r8b2m,leo02
760,2026-01-16 04:42:30,default,teastore-webui-558b54cc77-xl95g,luish-nitro-an515-57
761,2026-01-16 04:42:38,default,teastore-auth-84d7ccddd9-sxjds,scorpius03
761,2026-01-16 04:42:38,default,teastore-db-84f96b9dd8-tjfkh,leo02
761,2026-01-16 04:42:38,default,teastore-image-79674648d-xllpz,luish-nitro-an515-57
761,2026-01-16 04:42:38,default,teastore-persistence-784748b4b9-zxzpl,luish-aspire-a315-55g
761,2026-01-16 04:42:38,default,teastore-recommender-74559c88-zwf4w,luish-aspire-a315-55g
761,2026-01-16 04:42:38,default,teastore-registry-676858f7cd-r8b2m,leo02
761,2026-01-16 04:42:38,default,teastore-webui-558b54cc77-xl95g,luish-nitro-an515-57
762,2026-01-16 04:42:57,default,teastore-auth-84d7ccddd9-wp5xq,scorpius03
762,2026-01-16 04:42:57,default,teastore-db-84f96b9dd8-lsqr6,scorpius03
762,2026-01-16 04:42:57,default,teastore-image-79674648d-nvf86,luish-aspire-a315-55g
762,2026-01-16 04:42:57,default,teastore-persistence-784748b4b9-zxzpl,luish-aspire-a315-55g
762,2026-01-16 04:42:57,default,teastore-recommender-74559c88-zwf4w,luish-aspire-a315-55g
762,2026-01-16 04:42:57,default,teastore-registry-676858f7cd-5nk99,scorpius03
762,2026-01-16 04:42:57,default,teastore-webui-558b54cc77-xfd4j,scorpius03
763,2026-01-16 04:43:26,default,teastore-auth-84d7ccddd9-wp5xq,scorpius03
763,2026-01-16 04:43:26,default,teastore-db-84f96b9dd8-wmffl,leo02
763,2026-01-16 04:43:26,default,teastore-image-79674648d-qp5tp,luish-nitro-an515-57
763,2026-01-16 04:43:26,default,teastore-persistence-784748b4b9-tzmvq,luish-aspire-a315-55g
763,2026-01-16 04:43:26,default,teastore-recommender-74559c88-svdbd,leo02
763,2026-01-16 04:43:26,default,teastore-registry-676858f7cd-wl4bc,leo02
763,2026-01-16 04:43:26,default,teastore-webui-558b54cc77-xfd4j,scorpius03
764,2026-01-16 04:43:54,default,teastore-auth-84d7ccddd9-p9mm2,luish-aspire-a315-55g
764,2026-01-16 04:43:54,default,teastore-db-84f96b9dd8-zl4mr,scorpius03
764,2026-01-16 04:43:54,default,teastore-image-79674648d-qp5tp,luish-nitro-an515-57
764,2026-01-16 04:43:54,default,teastore-persistence-784748b4b9-cgt9n,luish-aspire-a315-55g
764,2026-01-16 04:43:54,default,teastore-recommender-74559c88-svdbd,leo02
764,2026-01-16 04:43:54,default,teastore-registry-676858f7cd-wl4bc,leo02
764,2026-01-16 04:43:54,default,teastore-webui-558b54cc77-hgqgz,scorpius03
765,2026-01-16 04:44:23,default,teastore-auth-84d7ccddd9-7khg9,luish-aspire-a315-55g
765,2026-01-16 04:44:23,default,teastore-db-84f96b9dd8-zl4mr,scorpius03
765,2026-01-16 04:44:23,default,teastore-image-79674648d-qp5tp,luish-nitro-an515-57
765,2026-01-16 04:44:23,default,teastore-persistence-784748b4b9-twh9l,luish-aspire-a315-55g
765,2026-01-16 04:44:23,default,teastore-recommender-74559c88-kz9lm,luish-aspire-a315-55g
765,2026-01-16 04:44:23,default,teastore-registry-676858f7cd-htwkk,scorpius03
765,2026-01-16 04:44:23,default,teastore-webui-558b54cc77-kx47k,leo02
766,2026-01-16 04:44:41,default,teastore-auth-84d7ccddd9-vs7j4,luish-nitro-an515-57
766,2026-01-16 04:44:41,default,teastore-db-84f96b9dd8-zl4mr,scorpius03
766,2026-01-16 04:44:41,default,teastore-image-79674648d-zg8hk,leo02
766,2026-01-16 04:44:41,default,teastore-persistence-784748b4b9-wwmk7,luish-nitro-an515-57
766,2026-01-16 04:44:41,default,teastore-recommender-74559c88-kz9lm,luish-aspire-a315-55g
766,2026-01-16 04:44:41,default,teastore-registry-676858f7cd-qkwdf,luish-aspire-a315-55g
766,2026-01-16 04:44:41,default,teastore-webui-558b54cc77-vsj9z,luish-aspire-a315-55g
767,2026-01-16 04:44:50,default,teastore-auth-84d7ccddd9-vs7j4,luish-nitro-an515-57
767,2026-01-16 04:44:50,default,teastore-db-84f96b9dd8-pthmp,luish-nitro-an515-57
767,2026-01-16 04:44:50,default,teastore-image-79674648d-zg8hk,leo02
767,2026-01-16 04:44:50,default,teastore-persistence-784748b4b9-wwmk7,luish-nitro-an515-57
767,2026-01-16 04:44:50,default,teastore-recommender-74559c88-hzfr7,scorpius03
767,2026-01-16 04:44:50,default,teastore-registry-676858f7cd-sn8tz,luish-aspire-a315-55g
767,2026-01-16 04:44:50,default,teastore-webui-558b54cc77-wwj8q,scorpius03
768,2026-01-16 04:45:04,default,teastore-auth-84d7ccddd9-vs7j4,luish-nitro-an515-57
768,2026-01-16 04:45:04,default,teastore-db-84f96b9dd8-zqwct,luish-nitro-an515-57
768,2026-01-16 04:45:04,default,teastore-image-79674648d-zg8hk,leo02
768,2026-01-16 04:45:04,default,teastore-persistence-784748b4b9-wwmk7,luish-nitro-an515-57
768,2026-01-16 04:45:04,default,teastore-recommender-74559c88-jwvbn,leo02
768,2026-01-16 04:45:04,default,teastore-registry-676858f7cd-trd2v,luish-nitro-an515-57
768,2026-01-16 04:45:04,default,teastore-webui-558b54cc77-wwj8q,scorpius03
769,2026-01-16 04:45:12,default,teastore-auth-84d7ccddd9-vjccp,luish-nitro-an515-57
769,2026-01-16 04:45:12,default,teastore-db-84f96b9dd8-zqwct,luish-nitro-an515-57
769,2026-01-16 04:45:12,default,teastore-image-79674648d-wzgcw,scorpius03
769,2026-01-16 04:45:12,default,teastore-persistence-784748b4b9-qwfnb,leo02
769,2026-01-16 04:45:12,default,teastore-recommender-74559c88-jwvbn,leo02
769,2026-01-16 04:45:12,default,teastore-registry-676858f7cd-trd2v,luish-nitro-an515-57
769,2026-01-16 04:45:12,default,teastore-webui-558b54cc77-xdqxq,luish-aspire-a315-55g
770,2026-01-16 04:45:26,default,teastore-auth-84d7ccddd9-vjccp,luish-nitro-an515-57
770,2026-01-16 04:45:26,default,teastore-db-84f96b9dd8-zqwct,luish-nitro-an515-57
770,2026-01-16 04:45:26,default,teastore-image-79674648d-wzgcw,scorpius03
770,2026-01-16 04:45:26,default,teastore-persistence-784748b4b9-qwfnb,leo02
770,2026-01-16 04:45:26,default,teastore-recommender-74559c88-jwvbn,leo02
770,2026-01-16 04:45:26,default,teastore-registry-676858f7cd-trd2v,luish-nitro-an515-57
770,2026-01-16 04:45:26,default,teastore-webui-558b54cc77-xdqxq,luish-aspire-a315-55g
771,2026-01-16 04:45:44,default,teastore-auth-84d7ccddd9-jl2t9,luish-nitro-an515-57
771,2026-01-16 04:45:44,default,teastore-db-84f96b9dd8-vdrc5,scorpius03
771,2026-01-16 04:45:44,default,teastore-image-79674648d-wtnd5,luish-nitro-an515-57
771,2026-01-16 04:45:44,default,teastore-persistence-784748b4b9-qwfnb,leo02
771,2026-01-16 04:45:44,default,teastore-recommender-74559c88-h8kn6,leo02
771,2026-01-16 04:45:44,default,teastore-registry-676858f7cd-q2vcz,scorpius03
771,2026-01-16 04:45:44,default,teastore-webui-558b54cc77-xdqxq,luish-aspire-a315-55g
772,2026-01-16 04:45:53,default,teastore-auth-84d7ccddd9-ngrbx,leo02
772,2026-01-16 04:45:53,default,teastore-db-84f96b9dd8-vdrc5,scorpius03
772,2026-01-16 04:45:53,default,teastore-image-79674648d-qbx2d,luish-aspire-a315-55g
772,2026-01-16 04:45:53,default,teastore-persistence-784748b4b9-lhmhc,scorpius03
772,2026-01-16 04:45:53,default,teastore-recommender-74559c88-g574b,scorpius03
772,2026-01-16 04:45:53,default,teastore-registry-676858f7cd-q2vcz,scorpius03
772,2026-01-16 04:45:53,default,teastore-webui-558b54cc77-xdqxq,luish-aspire-a315-55g
773,2026-01-16 04:46:02,default,teastore-auth-84d7ccddd9-ngrbx,leo02
773,2026-01-16 04:46:02,default,teastore-db-84f96b9dd8-vdrc5,scorpius03
773,2026-01-16 04:46:02,default,teastore-image-79674648d-qbx2d,luish-aspire-a315-55g
773,2026-01-16 04:46:02,default,teastore-persistence-784748b4b9-z4p4b,leo02
773,2026-01-16 04:46:02,default,teastore-recommender-74559c88-g574b,scorpius03
773,2026-01-16 04:46:02,default,teastore-registry-676858f7cd-q2vcz,scorpius03
773,2026-01-16 04:46:02,default,teastore-webui-558b54cc77-zf2x2,luish-nitro-an515-57
774,2026-01-16 04:46:10,default,teastore-auth-84d7ccddd9-njhhx,leo02
774,2026-01-16 04:46:10,default,teastore-db-84f96b9dd8-vdrc5,scorpius03
774,2026-01-16 04:46:10,default,teastore-image-79674648d-qhtw9,scorpius03
774,2026-01-16 04:46:10,default,teastore-persistence-784748b4b9-z4p4b,leo02
774,2026-01-16 04:46:10,default,teastore-recommender-74559c88-g574b,scorpius03
774,2026-01-16 04:46:10,default,teastore-registry-676858f7cd-q2vcz,scorpius03
774,2026-01-16 04:46:10,default,teastore-webui-558b54cc77-zf2x2,luish-nitro-an515-57
775,2026-01-16 04:46:19,default,teastore-auth-84d7ccddd9-njhhx,leo02
775,2026-01-16 04:46:19,default,teastore-db-84f96b9dd8-tgbs9,leo02
775,2026-01-16 04:46:19,default,teastore-image-79674648d-qhtw9,scorpius03
775,2026-01-16 04:46:19,default,teastore-persistence-784748b4b9-z4p4b,leo02
775,2026-01-16 04:46:19,default,teastore-recommender-74559c88-clnlw,luish-nitro-an515-57
775,2026-01-16 04:46:19,default,teastore-registry-676858f7cd-gn2fd,luish-nitro-an515-57
775,2026-01-16 04:46:19,default,teastore-webui-558b54cc77-zf2x2,luish-nitro-an515-57
776,2026-01-16 04:46:27,default,teastore-auth-84d7ccddd9-njhhx,leo02
776,2026-01-16 04:46:27,default,teastore-db-84f96b9dd8-tgbs9,leo02
776,2026-01-16 04:46:27,default,teastore-image-79674648d-x4zdj,scorpius03
776,2026-01-16 04:46:27,default,teastore-persistence-784748b4b9-z4p4b,leo02
776,2026-01-16 04:46:27,default,teastore-recommender-74559c88-ttf75,luish-nitro-an515-57
776,2026-01-16 04:46:27,default,teastore-registry-676858f7cd-pxbf5,scorpius03
776,2026-01-16 04:46:27,default,teastore-webui-558b54cc77-zf2x2,luish-nitro-an515-57
777,2026-01-16 04:46:46,default,teastore-auth-84d7ccddd9-9cs27,leo02
777,2026-01-16 04:46:46,default,teastore-db-84f96b9dd8-zsbp4,leo02
777,2026-01-16 04:46:46,default,teastore-image-79674648d-x4zdj,scorpius03
777,2026-01-16 04:46:46,default,teastore-persistence-784748b4b9-mm2pj,scorpius03
777,2026-01-16 04:46:46,default,teastore-recommender-74559c88-zcmjw,luish-nitro-an515-57
777,2026-01-16 04:46:46,default,teastore-registry-676858f7cd-pxbf5,scorpius03
777,2026-01-16 04:46:46,default,teastore-webui-558b54cc77-xdfgr,leo02
778,2026-01-16 04:46:55,default,teastore-auth-84d7ccddd9-gd24q,leo02
778,2026-01-16 04:46:55,default,teastore-db-84f96b9dd8-zsbp4,leo02
778,2026-01-16 04:46:55,default,teastore-image-79674648d-x4zdj,scorpius03
778,2026-01-16 04:46:55,default,teastore-persistence-784748b4b9-mpw4t,luish-nitro-an515-57
778,2026-01-16 04:46:55,default,teastore-recommender-74559c88-zcmjw,luish-nitro-an515-57
778,2026-01-16 04:46:55,default,teastore-registry-676858f7cd-pxbf5,scorpius03
778,2026-01-16 04:46:55,default,teastore-webui-558b54cc77-xdfgr,leo02
779,2026-01-16 04:47:03,default,teastore-auth-84d7ccddd9-ptpn2,luish-nitro-an515-57
779,2026-01-16 04:47:03,default,teastore-db-84f96b9dd8-zsbp4,leo02
779,2026-01-16 04:47:03,default,teastore-image-79674648d-x4zdj,scorpius03
779,2026-01-16 04:47:03,default,teastore-persistence-784748b4b9-mpw4t,luish-nitro-an515-57
779,2026-01-16 04:47:03,default,teastore-recommender-74559c88-zcmjw,luish-nitro-an515-57
779,2026-01-16 04:47:03,default,teastore-registry-676858f7cd-rcvgh,luish-aspire-a315-55g
779,2026-01-16 04:47:03,default,teastore-webui-558b54cc77-xkfm9,leo02
780,2026-01-16 04:47:12,default,teastore-auth-84d7ccddd9-ptpn2,luish-nitro-an515-57
780,2026-01-16 04:47:12,default,teastore-db-84f96b9dd8-zsbp4,leo02
780,2026-01-16 04:47:12,default,teastore-image-79674648d-v4crv,luish-nitro-an515-57
780,2026-01-16 04:47:12,default,teastore-persistence-784748b4b9-mpw4t,luish-nitro-an515-57
780,2026-01-16 04:47:12,default,teastore-recommender-74559c88-zcmjw,luish-nitro-an515-57
780,2026-01-16 04:47:12,default,teastore-registry-676858f7cd-zkm7m,scorpius03
780,2026-01-16 04:47:12,default,teastore-webui-558b54cc77-xkfm9,leo02
781,2026-01-16 04:47:21,default,teastore-auth-84d7ccddd9-ptpn2,luish-nitro-an515-57
781,2026-01-16 04:47:21,default,teastore-db-84f96b9dd8-w7kdw,luish-aspire-a315-55g
781,2026-01-16 04:47:21,default,teastore-image-79674648d-v4crv,luish-nitro-an515-57
781,2026-01-16 04:47:21,default,teastore-persistence-784748b4b9-wtzv7,scorpius03
781,2026-01-16 04:47:21,default,teastore-recommender-74559c88-smnpq,luish-nitro-an515-57
781,2026-01-16 04:47:21,default,teastore-registry-676858f7cd-zkm7m,scorpius03
781,2026-01-16 04:47:21,default,teastore-webui-558b54cc77-xkfm9,leo02
782,2026-01-16 04:47:29,default,teastore-auth-84d7ccddd9-rgfj7,luish-aspire-a315-55g
782,2026-01-16 04:47:29,default,teastore-db-84f96b9dd8-rlt4x,luish-aspire-a315-55g
782,2026-01-16 04:47:29,default,teastore-image-79674648d-v4crv,luish-nitro-an515-57
782,2026-01-16 04:47:29,default,teastore-persistence-784748b4b9-zxnl5,luish-nitro-an515-57
782,2026-01-16 04:47:29,default,teastore-recommender-74559c88-smnpq,luish-nitro-an515-57
782,2026-01-16 04:47:29,default,teastore-registry-676858f7cd-zkm7m,scorpius03
782,2026-01-16 04:47:29,default,teastore-webui-558b54cc77-xkfm9,leo02
783,2026-01-16 04:47:43,default,teastore-auth-84d7ccddd9-rgfj7,luish-aspire-a315-55g
783,2026-01-16 04:47:43,default,teastore-db-84f96b9dd8-dtkj4,leo02
783,2026-01-16 04:47:43,default,teastore-image-79674648d-v4crv,luish-nitro-an515-57
783,2026-01-16 04:47:43,default,teastore-persistence-784748b4b9-zxnl5,luish-nitro-an515-57
783,2026-01-16 04:47:43,default,teastore-recommender-74559c88-smnpq,luish-nitro-an515-57
783,2026-01-16 04:47:43,default,teastore-registry-676858f7cd-xkvlx,luish-aspire-a315-55g
783,2026-01-16 04:47:43,default,teastore-webui-558b54cc77-wrp6g,leo02
784,2026-01-16 04:47:52,default,teastore-auth-84d7ccddd9-rgfj7,luish-aspire-a315-55g
784,2026-01-16 04:47:52,default,teastore-db-84f96b9dd8-dtkj4,leo02
784,2026-01-16 04:47:52,default,teastore-image-79674648d-pc8rg,scorpius03
784,2026-01-16 04:47:52,default,teastore-persistence-784748b4b9-zxnl5,luish-nitro-an515-57
784,2026-01-16 04:47:52,default,teastore-recommender-74559c88-mchst,luish-aspire-a315-55g
784,2026-01-16 04:47:52,default,teastore-registry-676858f7cd-xkvlx,luish-aspire-a315-55g
784,2026-01-16 04:47:52,default,teastore-webui-558b54cc77-wrp6g,leo02
785,2026-01-16 04:48:00,default,teastore-auth-84d7ccddd9-sz9l9,scorpius03
785,2026-01-16 04:48:00,default,teastore-db-84f96b9dd8-dtkj4,leo02
785,2026-01-16 04:48:00,default,teastore-image-79674648d-mr88z,luish-nitro-an515-57
785,2026-01-16 04:48:00,default,teastore-persistence-784748b4b9-zxnl5,luish-nitro-an515-57
785,2026-01-16 04:48:00,default,teastore-recommender-74559c88-mchst,luish-aspire-a315-55g
785,2026-01-16 04:48:00,default,teastore-registry-676858f7cd-xkvlx,luish-aspire-a315-55g
785,2026-01-16 04:48:00,default,teastore-webui-558b54cc77-w76rx,scorpius03
786,2026-01-16 04:48:09,default,teastore-auth-84d7ccddd9-sz9l9,scorpius03
786,2026-01-16 04:48:09,default,teastore-db-84f96b9dd8-cq7tl,luish-aspire-a315-55g
786,2026-01-16 04:48:09,default,teastore-image-79674648d-rqk5v,luish-nitro-an515-57
786,2026-01-16 04:48:09,default,teastore-persistence-784748b4b9-x87pd,leo02
786,2026-01-16 04:48:09,default,teastore-recommender-74559c88-mchst,luish-aspire-a315-55g
786,2026-01-16 04:48:09,default,teastore-registry-676858f7cd-xkvlx,luish-aspire-a315-55g
786,2026-01-16 04:48:09,default,teastore-webui-558b54cc77-w76rx,scorpius03
787,2026-01-16 04:48:17,default,teastore-auth-84d7ccddd9-sz9l9,scorpius03
787,2026-01-16 04:48:17,default,teastore-db-84f96b9dd8-cq7tl,luish-aspire-a315-55g
787,2026-01-16 04:48:17,default,teastore-image-79674648d-t7r8p,scorpius03
787,2026-01-16 04:48:17,default,teastore-persistence-784748b4b9-rsj5m,leo02
787,2026-01-16 04:48:17,default,teastore-recommender-74559c88-vj9pv,luish-nitro-an515-57
787,2026-01-16 04:48:17,default,teastore-registry-676858f7cd-xkvlx,luish-aspire-a315-55g
787,2026-01-16 04:48:17,default,teastore-webui-558b54cc77-w76rx,scorpius03
788,2026-01-16 04:48:26,default,teastore-auth-84d7ccddd9-vctl4,luish-nitro-an515-57
788,2026-01-16 04:48:26,default,teastore-db-84f96b9dd8-cq7tl,luish-aspire-a315-55g
788,2026-01-16 04:48:26,default,teastore-image-79674648d-t7r8p,scorpius03
788,2026-01-16 04:48:26,default,teastore-persistence-784748b4b9-rsj5m,leo02
788,2026-01-16 04:48:26,default,teastore-recommender-74559c88-vj9pv,luish-nitro-an515-57
788,2026-01-16 04:48:26,default,teastore-registry-676858f7cd-svn5t,leo02
788,2026-01-16 04:48:26,default,teastore-webui-558b54cc77-w76rx,scorpius03
789,2026-01-16 04:48:34,default,teastore-auth-84d7ccddd9-vctl4,luish-nitro-an515-57
789,2026-01-16 04:48:34,default,teastore-db-84f96b9dd8-cq7tl,luish-aspire-a315-55g
789,2026-01-16 04:48:34,default,teastore-image-79674648d-t7r8p,scorpius03
789,2026-01-16 04:48:34,default,teastore-persistence-784748b4b9-rsj5m,leo02
789,2026-01-16 04:48:34,default,teastore-recommender-74559c88-wzgmj,luish-aspire-a315-55g
789,2026-01-16 04:48:34,default,teastore-registry-676858f7cd-svn5t,leo02
789,2026-01-16 04:48:34,default,teastore-webui-558b54cc77-p5w65,luish-nitro-an515-57
790,2026-01-16 04:48:43,default,teastore-auth-84d7ccddd9-vctl4,luish-nitro-an515-57
790,2026-01-16 04:48:43,default,teastore-db-84f96b9dd8-jkjz5,scorpius03
790,2026-01-16 04:48:43,default,teastore-image-79674648d-t7r8p,scorpius03
790,2026-01-16 04:48:43,default,teastore-persistence-784748b4b9-zcwmw,luish-aspire-a315-55g
790,2026-01-16 04:48:43,default,teastore-recommender-74559c88-wzgmj,luish-aspire-a315-55g
790,2026-01-16 04:48:43,default,teastore-registry-676858f7cd-svn5t,leo02
790,2026-01-16 04:48:43,default,teastore-webui-558b54cc77-ktw7h,luish-nitro-an515-57
791,2026-01-16 04:48:52,default,teastore-auth-84d7ccddd9-vctl4,luish-nitro-an515-57
791,2026-01-16 04:48:52,default,teastore-db-84f96b9dd8-jkjz5,scorpius03
791,2026-01-16 04:48:52,default,teastore-image-79674648d-mk5xb,luish-nitro-an515-57
791,2026-01-16 04:48:52,default,teastore-persistence-784748b4b9-zcwmw,luish-aspire-a315-55g
791,2026-01-16 04:48:52,default,teastore-recommender-74559c88-wzgmj,luish-aspire-a315-55g
791,2026-01-16 04:48:52,default,teastore-registry-676858f7cd-pj5ks,leo02
791,2026-01-16 04:48:52,default,teastore-webui-558b54cc77-ktw7h,luish-nitro-an515-57
792,2026-01-16 04:49:00,default,teastore-auth-84d7ccddd9-mdk6n,scorpius03
792,2026-01-16 04:49:00,default,teastore-db-84f96b9dd8-kt7v9,leo02
792,2026-01-16 04:49:00,default,teastore-image-79674648d-smhvz,luish-nitro-an515-57
792,2026-01-16 04:49:00,default,teastore-persistence-784748b4b9-zcwmw,luish-aspire-a315-55g
792,2026-01-16 04:49:00,default,teastore-recommender-74559c88-wzgmj,luish-aspire-a315-55g
792,2026-01-16 04:49:00,default,teastore-registry-676858f7cd-lsj2q,luish-nitro-an515-57
792,2026-01-16 04:49:00,default,teastore-webui-558b54cc77-ml9tr,luish-aspire-a315-55g
793,2026-01-16 04:49:09,default,teastore-auth-84d7ccddd9-mdk6n,scorpius03
793,2026-01-16 04:49:09,default,teastore-db-84f96b9dd8-vw6jw,leo02
793,2026-01-16 04:49:09,default,teastore-image-79674648d-smhvz,luish-nitro-an515-57
793,2026-01-16 04:49:09,default,teastore-persistence-784748b4b9-zcwmw,luish-aspire-a315-55g
793,2026-01-16 04:49:09,default,teastore-recommender-74559c88-wzgmj,luish-aspire-a315-55g
793,2026-01-16 04:49:09,default,teastore-registry-676858f7cd-jw4p2,scorpius03
793,2026-01-16 04:49:09,default,teastore-webui-558b54cc77-qblfm,leo02
794,2026-01-16 04:49:17,default,teastore-auth-84d7ccddd9-8qbdf,luish-nitro-an515-57
794,2026-01-16 04:49:17,default,teastore-db-84f96b9dd8-vw6jw,leo02
794,2026-01-16 04:49:17,default,teastore-image-79674648d-smhvz,luish-nitro-an515-57
794,2026-01-16 04:49:17,default,teastore-persistence-784748b4b9-zcwmw,luish-aspire-a315-55g
794,2026-01-16 04:49:17,default,teastore-recommender-74559c88-mt5w9,luish-nitro-an515-57
794,2026-01-16 04:49:17,default,teastore-registry-676858f7cd-jw4p2,scorpius03
794,2026-01-16 04:49:17,default,teastore-webui-558b54cc77-qblfm,leo02
795,2026-01-16 04:49:26,default,teastore-auth-84d7ccddd9-pftlj,scorpius03
795,2026-01-16 04:49:26,default,teastore-db-84f96b9dd8-vw6jw,leo02
795,2026-01-16 04:49:26,default,teastore-image-79674648d-smhvz,luish-nitro-an515-57
795,2026-01-16 04:49:26,default,teastore-persistence-784748b4b9-q76j4,scorpius03
795,2026-01-16 04:49:26,default,teastore-recommender-74559c88-mt5w9,luish-nitro-an515-57
795,2026-01-16 04:49:26,default,teastore-registry-676858f7cd-tbg4d,scorpius03
795,2026-01-16 04:49:26,default,teastore-webui-558b54cc77-qblfm,leo02
796,2026-01-16 04:49:35,default,teastore-auth-84d7ccddd9-sjvbj,luish-nitro-an515-57
796,2026-01-16 04:49:35,default,teastore-db-84f96b9dd8-vw6jw,leo02
796,2026-01-16 04:49:35,default,teastore-image-79674648d-g59kx,luish-nitro-an515-57
796,2026-01-16 04:49:35,default,teastore-persistence-784748b4b9-q76j4,scorpius03
796,2026-01-16 04:49:35,default,teastore-recommender-74559c88-mt5w9,luish-nitro-an515-57
796,2026-01-16 04:49:35,default,teastore-registry-676858f7cd-tbg4d,scorpius03
796,2026-01-16 04:49:35,default,teastore-webui-558b54cc77-qblfm,leo02
797,2026-01-16 04:49:43,default,teastore-auth-84d7ccddd9-sjvbj,luish-nitro-an515-57
797,2026-01-16 04:49:43,default,teastore-db-84f96b9dd8-z7wzx,leo02
797,2026-01-16 04:49:43,default,teastore-image-79674648d-g59kx,luish-nitro-an515-57
797,2026-01-16 04:49:43,default,teastore-persistence-784748b4b9-q76j4,scorpius03
797,2026-01-16 04:49:43,default,teastore-recommender-74559c88-mt5w9,luish-nitro-an515-57
797,2026-01-16 04:49:43,default,teastore-registry-676858f7cd-tbg4d,scorpius03
797,2026-01-16 04:49:43,default,teastore-webui-558b54cc77-jzs6f,scorpius03
798,2026-01-16 04:49:57,default,teastore-auth-84d7ccddd9-sjvbj,luish-nitro-an515-57
798,2026-01-16 04:49:57,default,teastore-db-84f96b9dd8-z7wzx,leo02
798,2026-01-16 04:49:57,default,teastore-image-79674648d-wdqg8,luish-nitro-an515-57
798,2026-01-16 04:49:57,default,teastore-persistence-784748b4b9-q76j4,scorpius03
798,2026-01-16 04:49:57,default,teastore-recommender-74559c88-nh9pq,luish-aspire-a315-55g
798,2026-01-16 04:49:57,default,teastore-registry-676858f7cd-tbg4d,scorpius03
798,2026-01-16 04:49:57,default,teastore-webui-558b54cc77-jzs6f,scorpius03
799,2026-01-16 04:50:06,default,teastore-auth-84d7ccddd9-sjvbj,luish-nitro-an515-57
799,2026-01-16 04:50:06,default,teastore-db-84f96b9dd8-z7wzx,leo02
799,2026-01-16 04:50:06,default,teastore-image-79674648d-wdqg8,luish-nitro-an515-57
799,2026-01-16 04:50:06,default,teastore-persistence-784748b4b9-pt7g6,scorpius03
799,2026-01-16 04:50:06,default,teastore-recommender-74559c88-v7gxz,luish-aspire-a315-55g
799,2026-01-16 04:50:06,default,teastore-registry-676858f7cd-qpgq4,luish-nitro-an515-57
799,2026-01-16 04:50:06,default,teastore-webui-558b54cc77-jzs6f,scorpius03
800,2026-01-16 04:50:19,default,teastore-auth-84d7ccddd9-d9srn,luish-aspire-a315-55g
800,2026-01-16 04:50:19,default,teastore-db-84f96b9dd8-ng86t,luish-aspire-a315-55g
800,2026-01-16 04:50:19,default,teastore-image-79674648d-wdqg8,luish-nitro-an515-57
800,2026-01-16 04:50:19,default,teastore-persistence-784748b4b9-pt7g6,scorpius03
800,2026-01-16 04:50:19,default,teastore-recommender-74559c88-v7gxz,luish-aspire-a315-55g
800,2026-01-16 04:50:19,default,teastore-registry-676858f7cd-qpgq4,luish-nitro-an515-57
800,2026-01-16 04:50:19,default,teastore-webui-558b54cc77-fhwkg,luish-aspire-a315-55g
801,2026-01-16 04:50:33,default,teastore-auth-84d7ccddd9-hkjp4,luish-aspire-a315-55g
801,2026-01-16 04:50:33,default,teastore-db-84f96b9dd8-tncdf,leo02
801,2026-01-16 04:50:33,default,teastore-image-79674648d-qdfsx,luish-nitro-an515-57
801,2026-01-16 04:50:33,default,teastore-persistence-784748b4b9-lqqtg,luish-nitro-an515-57
801,2026-01-16 04:50:33,default,teastore-recommender-74559c88-v7gxz,luish-aspire-a315-55g
801,2026-01-16 04:50:33,default,teastore-registry-676858f7cd-wz6m2,leo02
801,2026-01-16 04:50:33,default,teastore-webui-558b54cc77-7p2t8,luish-nitro-an515-57
802,2026-01-16 04:50:56,default,teastore-auth-84d7ccddd9-xhxln,leo02
802,2026-01-16 04:50:56,default,teastore-db-84f96b9dd8-tncdf,leo02
802,2026-01-16 04:50:56,default,teastore-image-79674648d-qdfsx,luish-nitro-an515-57
802,2026-01-16 04:50:56,default,teastore-persistence-784748b4b9-sfvm4,luish-aspire-a315-55g
802,2026-01-16 04:50:56,default,teastore-recommender-74559c88-gb47r,luish-aspire-a315-55g
802,2026-01-16 04:50:56,default,teastore-registry-676858f7cd-wz6m2,leo02
802,2026-01-16 04:50:56,default,teastore-webui-558b54cc77-db525,leo02
803,2026-01-16 04:51:25,default,teastore-auth-84d7ccddd9-xhxln,leo02
803,2026-01-16 04:51:25,default,teastore-db-84f96b9dd8-grm6w,luish-aspire-a315-55g
803,2026-01-16 04:51:25,default,teastore-image-79674648d-zp5lf,luish-nitro-an515-57
803,2026-01-16 04:51:25,default,teastore-persistence-784748b4b9-sfvm4,luish-aspire-a315-55g
803,2026-01-16 04:51:25,default,teastore-recommender-74559c88-dsvw6,luish-nitro-an515-57
803,2026-01-16 04:51:25,default,teastore-registry-676858f7cd-wz6m2,leo02
803,2026-01-16 04:51:25,default,teastore-webui-558b54cc77-sh7qd,luish-aspire-a315-55g
804,2026-01-16 04:51:39,default,teastore-auth-84d7ccddd9-p8xjg,luish-aspire-a315-55g
804,2026-01-16 04:51:39,default,teastore-db-84f96b9dd8-lg9wg,leo02
804,2026-01-16 04:51:39,default,teastore-image-79674648d-zp5lf,luish-nitro-an515-57
804,2026-01-16 04:51:39,default,teastore-persistence-784748b4b9-sfvm4,luish-aspire-a315-55g
804,2026-01-16 04:51:39,default,teastore-recommender-74559c88-l4xtk,luish-aspire-a315-55g
804,2026-01-16 04:51:39,default,teastore-registry-676858f7cd-rwm7g,luish-aspire-a315-55g
804,2026-01-16 04:51:39,default,teastore-webui-558b54cc77-z9sjz,luish-nitro-an515-57
805,2026-01-16 04:52:07,default,teastore-auth-84d7ccddd9-9gfxx,leo02
805,2026-01-16 04:52:07,default,teastore-db-84f96b9dd8-zqh5t,scorpius03
805,2026-01-16 04:52:07,default,teastore-image-79674648d-zp5lf,luish-nitro-an515-57
805,2026-01-16 04:52:07,default,teastore-persistence-784748b4b9-hrsm9,luish-aspire-a315-55g
805,2026-01-16 04:52:07,default,teastore-recommender-74559c88-l4xtk,luish-aspire-a315-55g
805,2026-01-16 04:52:07,default,teastore-registry-676858f7cd-vhqtj,scorpius03
805,2026-01-16 04:52:07,default,teastore-webui-558b54cc77-z9sjz,luish-nitro-an515-57
806,2026-01-16 04:52:21,default,teastore-auth-84d7ccddd9-zq85s,scorpius03
806,2026-01-16 04:52:21,default,teastore-db-84f96b9dd8-zqh5t,scorpius03
806,2026-01-16 04:52:21,default,teastore-image-79674648d-zp5lf,luish-nitro-an515-57
806,2026-01-16 04:52:21,default,teastore-persistence-784748b4b9-j9wxm,scorpius03
806,2026-01-16 04:52:21,default,teastore-recommender-74559c88-l4xtk,luish-aspire-a315-55g
806,2026-01-16 04:52:21,default,teastore-registry-676858f7cd-vhqtj,scorpius03
806,2026-01-16 04:52:21,default,teastore-webui-558b54cc77-z9sjz,luish-nitro-an515-57
807,2026-01-16 04:52:29,default,teastore-auth-84d7ccddd9-zq85s,scorpius03
807,2026-01-16 04:52:29,default,teastore-db-84f96b9dd8-zqh5t,scorpius03
807,2026-01-16 04:52:29,default,teastore-image-79674648d-hfpwc,luish-aspire-a315-55g
807,2026-01-16 04:52:29,default,teastore-persistence-784748b4b9-j9wxm,scorpius03
807,2026-01-16 04:52:29,default,teastore-recommender-74559c88-l4xtk,luish-aspire-a315-55g
807,2026-01-16 04:52:29,default,teastore-registry-676858f7cd-vhqtj,scorpius03
807,2026-01-16 04:52:29,default,teastore-webui-558b54cc77-z9sjz,luish-nitro-an515-57
808,2026-01-16 04:52:43,default,teastore-auth-84d7ccddd9-nr9jl,luish-aspire-a315-55g
808,2026-01-16 04:52:43,default,teastore-db-84f96b9dd8-7m5tb,luish-aspire-a315-55g
808,2026-01-16 04:52:43,default,teastore-image-79674648d-hfpwc,luish-aspire-a315-55g
808,2026-01-16 04:52:43,default,teastore-persistence-784748b4b9-mt8md,leo02
808,2026-01-16 04:52:43,default,teastore-recommender-74559c88-tlpvg,luish-nitro-an515-57
808,2026-01-16 04:52:43,default,teastore-registry-676858f7cd-pswnq,leo02
808,2026-01-16 04:52:43,default,teastore-webui-558b54cc77-vrj9m,luish-nitro-an515-57
809,2026-01-16 04:53:07,default,teastore-auth-84d7ccddd9-cw564,scorpius03
809,2026-01-16 04:53:07,default,teastore-db-84f96b9dd8-z69gw,luish-aspire-a315-55g
809,2026-01-16 04:53:07,default,teastore-image-79674648d-dt4xn,scorpius03
809,2026-01-16 04:53:07,default,teastore-persistence-784748b4b9-t76r8,luish-aspire-a315-55g
809,2026-01-16 04:53:07,default,teastore-recommender-74559c88-w995d,leo02
809,2026-01-16 04:53:07,default,teastore-registry-676858f7cd-znn6b,luish-aspire-a315-55g
809,2026-01-16 04:53:07,default,teastore-webui-558b54cc77-vrj9m,luish-nitro-an515-57
810,2026-01-16 04:53:31,default,teastore-auth-84d7ccddd9-llgzc,leo02
810,2026-01-16 04:53:31,default,teastore-db-84f96b9dd8-z69gw,luish-aspire-a315-55g
810,2026-01-16 04:53:31,default,teastore-image-79674648d-jmwng,luish-aspire-a315-55g
810,2026-01-16 04:53:31,default,teastore-persistence-784748b4b9-t76r8,luish-aspire-a315-55g
810,2026-01-16 04:53:31,default,teastore-recommender-74559c88-w995d,leo02
810,2026-01-16 04:53:31,default,teastore-registry-676858f7cd-znn6b,luish-aspire-a315-55g
810,2026-01-16 04:53:31,default,teastore-webui-558b54cc77-xjzqs,luish-nitro-an515-57
811,2026-01-16 04:53:54,default,teastore-auth-84d7ccddd9-wqhkc,luish-aspire-a315-55g
811,2026-01-16 04:53:54,default,teastore-db-84f96b9dd8-z69gw,luish-aspire-a315-55g
811,2026-01-16 04:53:54,default,teastore-image-79674648d-jmwng,luish-aspire-a315-55g
811,2026-01-16 04:53:54,default,teastore-persistence-784748b4b9-t76r8,luish-aspire-a315-55g
811,2026-01-16 04:53:54,default,teastore-recommender-74559c88-trrnr,leo02
811,2026-01-16 04:53:54,default,teastore-registry-676858f7cd-znn6b,luish-aspire-a315-55g
811,2026-01-16 04:53:54,default,teastore-webui-558b54cc77-xjzqs,luish-nitro-an515-57
812,2026-01-16 04:54:03,default,teastore-auth-84d7ccddd9-wqhkc,luish-aspire-a315-55g
812,2026-01-16 04:54:03,default,teastore-db-84f96b9dd8-wdtzk,luish-aspire-a315-55g
812,2026-01-16 04:54:03,default,teastore-image-79674648d-jmwng,luish-aspire-a315-55g
812,2026-01-16 04:54:03,default,teastore-persistence-784748b4b9-n7prd,luish-aspire-a315-55g
812,2026-01-16 04:54:03,default,teastore-recommender-74559c88-xp8dz,luish-aspire-a315-55g
812,2026-01-16 04:54:03,default,teastore-registry-676858f7cd-mxxqd,luish-aspire-a315-55g
812,2026-01-16 04:54:03,default,teastore-webui-558b54cc77-xjzqs,luish-nitro-an515-57
813,2026-01-16 04:54:21,default,teastore-auth-84d7ccddd9-wqhkc,luish-aspire-a315-55g
813,2026-01-16 04:54:21,default,teastore-db-84f96b9dd8-wdtzk,luish-aspire-a315-55g
813,2026-01-16 04:54:21,default,teastore-image-79674648d-gst4b,luish-nitro-an515-57
813,2026-01-16 04:54:21,default,teastore-persistence-784748b4b9-lzp6l,scorpius03
813,2026-01-16 04:54:21,default,teastore-recommender-74559c88-xp8dz,luish-aspire-a315-55g
813,2026-01-16 04:54:21,default,teastore-registry-676858f7cd-mxxqd,luish-aspire-a315-55g
813,2026-01-16 04:54:21,default,teastore-webui-558b54cc77-lcr46,luish-nitro-an515-57
814,2026-01-16 04:54:35,default,teastore-auth-84d7ccddd9-nxz27,leo02
814,2026-01-16 04:54:35,default,teastore-db-84f96b9dd8-wdtzk,luish-aspire-a315-55g
814,2026-01-16 04:54:35,default,teastore-image-79674648d-gst4b,luish-nitro-an515-57
814,2026-01-16 04:54:35,default,teastore-persistence-784748b4b9-tghtb,scorpius03
814,2026-01-16 04:54:35,default,teastore-recommender-74559c88-xp8dz,luish-aspire-a315-55g
814,2026-01-16 04:54:35,default,teastore-registry-676858f7cd-mxxqd,luish-aspire-a315-55g
814,2026-01-16 04:54:35,default,teastore-webui-558b54cc77-tp7t8,leo02
815,2026-01-16 04:54:49,default,teastore-auth-84d7ccddd9-vd6lf,scorpius03
815,2026-01-16 04:54:49,default,teastore-db-84f96b9dd8-wdtzk,luish-aspire-a315-55g
815,2026-01-16 04:54:49,default,teastore-image-79674648d-gst4b,luish-nitro-an515-57
815,2026-01-16 04:54:49,default,teastore-persistence-784748b4b9-xrrpz,luish-aspire-a315-55g
815,2026-01-16 04:54:49,default,teastore-recommender-74559c88-wfhh8,luish-aspire-a315-55g
815,2026-01-16 04:54:49,default,teastore-registry-676858f7cd-mxxqd,luish-aspire-a315-55g
815,2026-01-16 04:54:49,default,teastore-webui-558b54cc77-tp7t8,leo02
816,2026-01-16 04:55:07,default,teastore-auth-84d7ccddd9-vd6lf,scorpius03
816,2026-01-16 04:55:07,default,teastore-db-84f96b9dd8-jz9dv,scorpius03
816,2026-01-16 04:55:07,default,teastore-image-79674648d-q7crh,leo02
816,2026-01-16 04:55:07,default,teastore-persistence-784748b4b9-xrrpz,luish-aspire-a315-55g
816,2026-01-16 04:55:07,default,teastore-recommender-74559c88-k7xjc,luish-aspire-a315-55g
816,2026-01-16 04:55:07,default,teastore-registry-676858f7cd-fq8mx,leo02
816,2026-01-16 04:55:07,default,teastore-webui-558b54cc77-tp7t8,leo02
817,2026-01-16 04:55:16,default,teastore-auth-84d7ccddd9-vd6lf,scorpius03
817,2026-01-16 04:55:16,default,teastore-db-84f96b9dd8-q6grm,scorpius03
817,2026-01-16 04:55:16,default,teastore-image-79674648d-xdqz5,scorpius03
817,2026-01-16 04:55:16,default,teastore-persistence-784748b4b9-xrrpz,luish-aspire-a315-55g
817,2026-01-16 04:55:16,default,teastore-recommender-74559c88-z6htb,luish-aspire-a315-55g
817,2026-01-16 04:55:16,default,teastore-registry-676858f7cd-fq8mx,leo02
817,2026-01-16 04:55:16,default,teastore-webui-558b54cc77-lcr46,luish-nitro-an515-57
818,2026-01-16 04:55:30,default,teastore-auth-84d7ccddd9-k74hz,luish-nitro-an515-57
818,2026-01-16 04:55:30,default,teastore-db-84f96b9dd8-q6grm,scorpius03
818,2026-01-16 04:55:30,default,teastore-image-79674648d-xdqz5,scorpius03
818,2026-01-16 04:55:30,default,teastore-persistence-784748b4b9-sqm2g,luish-aspire-a315-55g
818,2026-01-16 04:55:30,default,teastore-recommender-74559c88-z6htb,luish-aspire-a315-55g
818,2026-01-16 04:55:30,default,teastore-registry-676858f7cd-fq8mx,leo02
818,2026-01-16 04:55:30,default,teastore-webui-558b54cc77-bkdng,luish-nitro-an515-57
819,2026-01-16 04:55:43,default,teastore-auth-84d7ccddd9-gdvg4,luish-aspire-a315-55g
819,2026-01-16 04:55:43,default,teastore-db-84f96b9dd8-nk6mf,scorpius03
819,2026-01-16 04:55:43,default,teastore-image-79674648d-nh67b,luish-nitro-an515-57
819,2026-01-16 04:55:43,default,teastore-persistence-784748b4b9-jz982,luish-aspire-a315-55g
819,2026-01-16 04:55:43,default,teastore-recommender-74559c88-z6htb,luish-aspire-a315-55g
819,2026-01-16 04:55:43,default,teastore-registry-676858f7cd-j465h,leo02
819,2026-01-16 04:55:43,default,teastore-webui-558b54cc77-g2hq8,leo02
820,2026-01-16 04:56:02,default,teastore-auth-84d7ccddd9-gdvg4,luish-aspire-a315-55g
820,2026-01-16 04:56:02,default,teastore-db-84f96b9dd8-nk6mf,scorpius03
820,2026-01-16 04:56:02,default,teastore-image-79674648d-nh67b,luish-nitro-an515-57
820,2026-01-16 04:56:02,default,teastore-persistence-784748b4b9-jz982,luish-aspire-a315-55g
820,2026-01-16 04:56:02,default,teastore-recommender-74559c88-s9mwz,luish-aspire-a315-55g
820,2026-01-16 04:56:02,default,teastore-registry-676858f7cd-qhsgs,scorpius03
820,2026-01-16 04:56:02,default,teastore-webui-558b54cc77-g6pmm,luish-nitro-an515-57
821,2026-01-16 04:56:15,default,teastore-auth-84d7ccddd9-clk5c,luish-aspire-a315-55g
821,2026-01-16 04:56:15,default,teastore-db-84f96b9dd8-mh6xx,leo02
821,2026-01-16 04:56:15,default,teastore-image-79674648d-j6wcs,scorpius03
821,2026-01-16 04:56:15,default,teastore-persistence-784748b4b9-jz982,luish-aspire-a315-55g
821,2026-01-16 04:56:15,default,teastore-recommender-74559c88-tkn82,leo02
821,2026-01-16 04:56:15,default,teastore-registry-676858f7cd-vd5pp,scorpius03
821,2026-01-16 04:56:15,default,teastore-webui-558b54cc77-xgtnx,luish-aspire-a315-55g
822,2026-01-16 04:56:34,default,teastore-auth-84d7ccddd9-lvghs,luish-aspire-a315-55g
822,2026-01-16 04:56:34,default,teastore-db-84f96b9dd8-fhnjg,leo02
822,2026-01-16 04:56:34,default,teastore-image-79674648d-j6wcs,scorpius03
822,2026-01-16 04:56:34,default,teastore-persistence-784748b4b9-jlwq4,scorpius03
822,2026-01-16 04:56:34,default,teastore-recommender-74559c88-tkn82,leo02
822,2026-01-16 04:56:34,default,teastore-registry-676858f7cd-vd5pp,scorpius03
822,2026-01-16 04:56:34,default,teastore-webui-558b54cc77-xgtnx,luish-aspire-a315-55g
823,2026-01-16 04:56:43,default,teastore-auth-84d7ccddd9-lvghs,luish-aspire-a315-55g
823,2026-01-16 04:56:43,default,teastore-db-84f96b9dd8-n42dp,luish-aspire-a315-55g
823,2026-01-16 04:56:43,default,teastore-image-79674648d-qdprk,luish-aspire-a315-55g
823,2026-01-16 04:56:43,default,teastore-persistence-784748b4b9-v7fbf,luish-nitro-an515-57
823,2026-01-16 04:56:43,default,teastore-recommender-74559c88-tkn82,leo02
823,2026-01-16 04:56:43,default,teastore-registry-676858f7cd-vd5pp,scorpius03
823,2026-01-16 04:56:43,default,teastore-webui-558b54cc77-xgtnx,luish-aspire-a315-55g
824,2026-01-16 04:56:51,default,teastore-auth-84d7ccddd9-rpv7d,luish-aspire-a315-55g
824,2026-01-16 04:56:51,default,teastore-db-84f96b9dd8-n42dp,luish-aspire-a315-55g
824,2026-01-16 04:56:51,default,teastore-image-79674648d-tswgj,luish-nitro-an515-57
824,2026-01-16 04:56:51,default,teastore-persistence-784748b4b9-v7fbf,luish-nitro-an515-57
824,2026-01-16 04:56:51,default,teastore-recommender-74559c88-tkn82,leo02
824,2026-01-16 04:56:51,default,teastore-registry-676858f7cd-vv9mc,luish-aspire-a315-55g
824,2026-01-16 04:56:51,default,teastore-webui-558b54cc77-zjmjm,luish-aspire-a315-55g
825,2026-01-16 04:57:00,default,teastore-auth-84d7ccddd9-rpv7d,luish-aspire-a315-55g
825,2026-01-16 04:57:00,default,teastore-db-84f96b9dd8-n42dp,luish-aspire-a315-55g
825,2026-01-16 04:57:00,default,teastore-image-79674648d-tswgj,luish-nitro-an515-57
825,2026-01-16 04:57:00,default,teastore-persistence-784748b4b9-v7fbf,luish-nitro-an515-57
825,2026-01-16 04:57:00,default,teastore-recommender-74559c88-qmpc9,leo02
825,2026-01-16 04:57:00,default,teastore-registry-676858f7cd-vv9mc,luish-aspire-a315-55g
825,2026-01-16 04:57:00,default,teastore-webui-558b54cc77-zjmjm,luish-aspire-a315-55g
826,2026-01-16 04:57:14,default,teastore-auth-84d7ccddd9-rpv7d,luish-aspire-a315-55g
826,2026-01-16 04:57:14,default,teastore-db-84f96b9dd8-mwqtg,scorpius03
826,2026-01-16 04:57:14,default,teastore-image-79674648d-tswgj,luish-nitro-an515-57
826,2026-01-16 04:57:14,default,teastore-persistence-784748b4b9-sl6bv,scorpius03
826,2026-01-16 04:57:14,default,teastore-recommender-74559c88-msvw4,luish-aspire-a315-55g
826,2026-01-16 04:57:14,default,teastore-registry-676858f7cd-vv9mc,luish-aspire-a315-55g
826,2026-01-16 04:57:14,default,teastore-webui-558b54cc77-zjmjm,luish-aspire-a315-55g
827,2026-01-16 04:57:32,default,teastore-auth-84d7ccddd9-gz7vb,luish-aspire-a315-55g
827,2026-01-16 04:57:32,default,teastore-db-84f96b9dd8-mwqtg,scorpius03
827,2026-01-16 04:57:32,default,teastore-image-79674648d-psmhp,scorpius03
827,2026-01-16 04:57:32,default,teastore-persistence-784748b4b9-zw9ph,scorpius03
827,2026-01-16 04:57:32,default,teastore-recommender-74559c88-msvw4,luish-aspire-a315-55g
827,2026-01-16 04:57:32,default,teastore-registry-676858f7cd-v8k8c,scorpius03
827,2026-01-16 04:57:32,default,teastore-webui-558b54cc77-zjmjm,luish-aspire-a315-55g
828,2026-01-16 04:57:41,default,teastore-auth-84d7ccddd9-wvkdm,luish-nitro-an515-57
828,2026-01-16 04:57:41,default,teastore-db-84f96b9dd8-lnq2k,luish-aspire-a315-55g
828,2026-01-16 04:57:41,default,teastore-image-79674648d-pzvv8,luish-aspire-a315-55g
828,2026-01-16 04:57:41,default,teastore-persistence-784748b4b9-zw9ph,scorpius03
828,2026-01-16 04:57:41,default,teastore-recommender-74559c88-msvw4,luish-aspire-a315-55g
828,2026-01-16 04:57:41,default,teastore-registry-676858f7cd-pt62k,leo02
828,2026-01-16 04:57:41,default,teastore-webui-558b54cc77-tsn27,luish-nitro-an515-57
829,2026-01-16 04:57:50,default,teastore-auth-84d7ccddd9-xgzsd,luish-nitro-an515-57
829,2026-01-16 04:57:50,default,teastore-db-84f96b9dd8-lnq2k,luish-aspire-a315-55g
829,2026-01-16 04:57:50,default,teastore-image-79674648d-srw25,scorpius03
829,2026-01-16 04:57:50,default,teastore-persistence-784748b4b9-zw9ph,scorpius03
829,2026-01-16 04:57:50,default,teastore-recommender-74559c88-msvw4,luish-aspire-a315-55g
829,2026-01-16 04:57:50,default,teastore-registry-676858f7cd-zcrtf,scorpius03
829,2026-01-16 04:57:50,default,teastore-webui-558b54cc77-tsn27,luish-nitro-an515-57
830,2026-01-16 04:57:58,default,teastore-auth-84d7ccddd9-xgzsd,luish-nitro-an515-57
830,2026-01-16 04:57:58,default,teastore-db-84f96b9dd8-pmjmq,luish-nitro-an515-57
830,2026-01-16 04:57:58,default,teastore-image-79674648d-srw25,scorpius03
830,2026-01-16 04:57:58,default,teastore-persistence-784748b4b9-zw9ph,scorpius03
830,2026-01-16 04:57:58,default,teastore-recommender-74559c88-msvw4,luish-aspire-a315-55g
830,2026-01-16 04:57:58,default,teastore-registry-676858f7cd-zcrtf,scorpius03
830,2026-01-16 04:57:58,default,teastore-webui-558b54cc77-tsn27,luish-nitro-an515-57
831,2026-01-16 04:58:07,default,teastore-auth-84d7ccddd9-xgzsd,luish-nitro-an515-57
831,2026-01-16 04:58:07,default,teastore-db-84f96b9dd8-xkqww,leo02
831,2026-01-16 04:58:07,default,teastore-image-79674648d-srw25,scorpius03
831,2026-01-16 04:58:07,default,teastore-persistence-784748b4b9-xp8ph,leo02
831,2026-01-16 04:58:07,default,teastore-recommender-74559c88-gd9p8,leo02
831,2026-01-16 04:58:07,default,teastore-registry-676858f7cd-zcrtf,scorpius03
831,2026-01-16 04:58:07,default,teastore-webui-558b54cc77-ztn4r,scorpius03
832,2026-01-16 04:58:21,default,teastore-auth-84d7ccddd9-xgzsd,luish-nitro-an515-57
832,2026-01-16 04:58:21,default,teastore-db-84f96b9dd8-xkqww,leo02
832,2026-01-16 04:58:21,default,teastore-image-79674648d-xbbzc,luish-aspire-a315-55g
832,2026-01-16 04:58:21,default,teastore-persistence-784748b4b9-xp8ph,leo02
832,2026-01-16 04:58:21,default,teastore-recommender-74559c88-zh446,scorpius03
832,2026-01-16 04:58:21,default,teastore-registry-676858f7cd-zcrtf,scorpius03
832,2026-01-16 04:58:21,default,teastore-webui-558b54cc77-ztn4r,scorpius03
833,2026-01-16 04:58:29,default,teastore-auth-84d7ccddd9-sp45x,scorpius03
833,2026-01-16 04:58:29,default,teastore-db-84f96b9dd8-xkqww,leo02
833,2026-01-16 04:58:29,default,teastore-image-79674648d-xbbzc,luish-aspire-a315-55g
833,2026-01-16 04:58:29,default,teastore-persistence-784748b4b9-xp8ph,leo02
833,2026-01-16 04:58:29,default,teastore-recommender-74559c88-zh446,scorpius03
833,2026-01-16 04:58:29,default,teastore-registry-676858f7cd-ng5zp,leo02
833,2026-01-16 04:58:29,default,teastore-webui-558b54cc77-ztn4r,scorpius03
834,2026-01-16 04:58:38,default,teastore-auth-84d7ccddd9-ldt2m,leo02
834,2026-01-16 04:58:38,default,teastore-db-84f96b9dd8-xkqww,leo02
834,2026-01-16 04:58:38,default,teastore-image-79674648d-xbbzc,luish-aspire-a315-55g
834,2026-01-16 04:58:38,default,teastore-persistence-784748b4b9-qr2pp,scorpius03
834,2026-01-16 04:58:38,default,teastore-recommender-74559c88-zh446,scorpius03
834,2026-01-16 04:58:38,default,teastore-registry-676858f7cd-tl8jb,luish-nitro-an515-57
834,2026-01-16 04:58:38,default,teastore-webui-558b54cc77-ztn4r,scorpius03
835,2026-01-16 04:58:46,default,teastore-auth-84d7ccddd9-ldt2m,leo02
835,2026-01-16 04:58:46,default,teastore-db-84f96b9dd8-wz25b,luish-nitro-an515-57
835,2026-01-16 04:58:46,default,teastore-image-79674648d-xbbzc,luish-aspire-a315-55g
835,2026-01-16 04:58:46,default,teastore-persistence-784748b4b9-qr2pp,scorpius03
835,2026-01-16 04:58:46,default,teastore-recommender-74559c88-zh446,scorpius03
835,2026-01-16 04:58:46,default,teastore-registry-676858f7cd-tl8jb,luish-nitro-an515-57
835,2026-01-16 04:58:46,default,teastore-webui-558b54cc77-wlq6t,luish-aspire-a315-55g
836,2026-01-16 04:58:55,default,teastore-auth-84d7ccddd9-ldt2m,leo02
836,2026-01-16 04:58:55,default,teastore-db-84f96b9dd8-wz25b,luish-nitro-an515-57
836,2026-01-16 04:58:55,default,teastore-image-79674648d-xbbzc,luish-aspire-a315-55g
836,2026-01-16 04:58:55,default,teastore-persistence-784748b4b9-qmm94,luish-nitro-an515-57
836,2026-01-16 04:58:55,default,teastore-recommender-74559c88-q76kd,luish-nitro-an515-57
836,2026-01-16 04:58:55,default,teastore-registry-676858f7cd-tl8jb,luish-nitro-an515-57
836,2026-01-16 04:58:55,default,teastore-webui-558b54cc77-x2lpv,luish-aspire-a315-55g
837,2026-01-16 04:59:04,default,teastore-auth-84d7ccddd9-ldt2m,leo02
837,2026-01-16 04:59:04,default,teastore-db-84f96b9dd8-wz25b,luish-nitro-an515-57
837,2026-01-16 04:59:04,default,teastore-image-79674648d-xbbzc,luish-aspire-a315-55g
837,2026-01-16 04:59:04,default,teastore-persistence-784748b4b9-qmm94,luish-nitro-an515-57
837,2026-01-16 04:59:04,default,teastore-recommender-74559c88-q76kd,luish-nitro-an515-57
837,2026-01-16 04:59:04,default,teastore-registry-676858f7cd-tl8jb,luish-nitro-an515-57
837,2026-01-16 04:59:04,default,teastore-webui-558b54cc77-xbmpd,luish-nitro-an515-57
838,2026-01-16 04:59:12,default,teastore-auth-84d7ccddd9-g7dn6,luish-aspire-a315-55g
838,2026-01-16 04:59:12,default,teastore-db-84f96b9dd8-wbt8t,luish-aspire-a315-55g
838,2026-01-16 04:59:12,default,teastore-image-79674648d-xhd6p,scorpius03
838,2026-01-16 04:59:12,default,teastore-persistence-784748b4b9-jr2qn,luish-aspire-a315-55g
838,2026-01-16 04:59:12,default,teastore-recommender-74559c88-q76kd,luish-nitro-an515-57
838,2026-01-16 04:59:12,default,teastore-registry-676858f7cd-vrlht,scorpius03
838,2026-01-16 04:59:12,default,teastore-webui-558b54cc77-xbmpd,luish-nitro-an515-57
839,2026-01-16 04:59:21,default,teastore-auth-84d7ccddd9-szfqr,luish-nitro-an515-57
839,2026-01-16 04:59:21,default,teastore-db-84f96b9dd8-wbt8t,luish-aspire-a315-55g
839,2026-01-16 04:59:21,default,teastore-image-79674648d-xhd6p,scorpius03
839,2026-01-16 04:59:21,default,teastore-persistence-784748b4b9-jr2qn,luish-aspire-a315-55g
839,2026-01-16 04:59:21,default,teastore-recommender-74559c88-q5b27,luish-nitro-an515-57
839,2026-01-16 04:59:21,default,teastore-registry-676858f7cd-vrlht,scorpius03
839,2026-01-16 04:59:21,default,teastore-webui-558b54cc77-xbmpd,luish-nitro-an515-57
840,2026-01-16 04:59:29,default,teastore-auth-84d7ccddd9-w99nn,luish-aspire-a315-55g
840,2026-01-16 04:59:29,default,teastore-db-84f96b9dd8-wbt8t,luish-aspire-a315-55g
840,2026-01-16 04:59:29,default,teastore-image-79674648d-xhd6p,scorpius03
840,2026-01-16 04:59:29,default,teastore-persistence-784748b4b9-jr2qn,luish-aspire-a315-55g
840,2026-01-16 04:59:29,default,teastore-recommender-74559c88-q5b27,luish-nitro-an515-57
840,2026-01-16 04:59:29,default,teastore-registry-676858f7cd-vrlht,scorpius03
840,2026-01-16 04:59:29,default,teastore-webui-558b54cc77-xbmpd,luish-nitro-an515-57
841,2026-01-16 04:59:38,default,teastore-auth-84d7ccddd9-wgv95,luish-aspire-a315-55g
841,2026-01-16 04:59:38,default,teastore-db-84f96b9dd8-wbt8t,luish-aspire-a315-55g
841,2026-01-16 04:59:38,default,teastore-image-79674648d-xhd6p,scorpius03
841,2026-01-16 04:59:38,default,teastore-persistence-784748b4b9-kxqhf,leo02
841,2026-01-16 04:59:38,default,teastore-recommender-74559c88-q5b27,luish-nitro-an515-57
841,2026-01-16 04:59:38,default,teastore-registry-676858f7cd-vrlht,scorpius03
841,2026-01-16 04:59:38,default,teastore-webui-558b54cc77-kfdr2,scorpius03
842,2026-01-16 04:59:47,default,teastore-auth-84d7ccddd9-wgv95,luish-aspire-a315-55g
842,2026-01-16 04:59:47,default,teastore-db-84f96b9dd8-wbt8t,luish-aspire-a315-55g
842,2026-01-16 04:59:47,default,teastore-image-79674648d-x656k,luish-aspire-a315-55g
842,2026-01-16 04:59:47,default,teastore-persistence-784748b4b9-wk8vt,luish-nitro-an515-57
842,2026-01-16 04:59:47,default,teastore-recommender-74559c88-q5b27,luish-nitro-an515-57
842,2026-01-16 04:59:47,default,teastore-registry-676858f7cd-rnnfs,luish-nitro-an515-57
842,2026-01-16 04:59:47,default,teastore-webui-558b54cc77-kfdr2,scorpius03
843,2026-01-16 04:59:55,default,teastore-auth-84d7ccddd9-wgv95,luish-aspire-a315-55g
843,2026-01-16 04:59:55,default,teastore-db-84f96b9dd8-qr4lk,luish-aspire-a315-55g
843,2026-01-16 04:59:55,default,teastore-image-79674648d-x656k,luish-aspire-a315-55g
843,2026-01-16 04:59:55,default,teastore-persistence-784748b4b9-wk8vt,luish-nitro-an515-57
843,2026-01-16 04:59:55,default,teastore-recommender-74559c88-v47bh,scorpius03
843,2026-01-16 04:59:55,default,teastore-registry-676858f7cd-h7crx,luish-aspire-a315-55g
843,2026-01-16 04:59:55,default,teastore-webui-558b54cc77-m8h8c,leo02
844,2026-01-16 05:00:09,default,teastore-auth-84d7ccddd9-wgv95,luish-aspire-a315-55g
844,2026-01-16 05:00:09,default,teastore-db-84f96b9dd8-v5jgr,luish-aspire-a315-55g
844,2026-01-16 05:00:09,default,teastore-image-79674648d-x656k,luish-aspire-a315-55g
844,2026-01-16 05:00:09,default,teastore-persistence-784748b4b9-zh489,luish-aspire-a315-55g
844,2026-01-16 05:00:09,default,teastore-recommender-74559c88-wrnkm,luish-aspire-a315-55g
844,2026-01-16 05:00:09,default,teastore-registry-676858f7cd-h7crx,luish-aspire-a315-55g
844,2026-01-16 05:00:09,default,teastore-webui-558b54cc77-m8h8c,leo02
845,2026-01-16 05:00:37,default,teastore-auth-84d7ccddd9-xj7tr,scorpius03
845,2026-01-16 05:00:37,default,teastore-db-84f96b9dd8-v5jgr,luish-aspire-a315-55g
845,2026-01-16 05:00:37,default,teastore-image-79674648d-5lf2w,luish-nitro-an515-57
845,2026-01-16 05:00:37,default,teastore-persistence-784748b4b9-zh489,luish-aspire-a315-55g
845,2026-01-16 05:00:37,default,teastore-recommender-74559c88-wrnkm,luish-aspire-a315-55g
845,2026-01-16 05:00:37,default,teastore-registry-676858f7cd-7hrt6,leo02
845,2026-01-16 05:00:37,default,teastore-webui-558b54cc77-lmvc4,luish-aspire-a315-55g
846,2026-01-16 05:01:01,default,teastore-auth-84d7ccddd9-zg5rv,leo02
846,2026-01-16 05:01:01,default,teastore-db-84f96b9dd8-bzmqd,scorpius03
846,2026-01-16 05:01:01,default,teastore-image-79674648d-5lf2w,luish-nitro-an515-57
846,2026-01-16 05:01:01,default,teastore-persistence-784748b4b9-ff2xx,luish-aspire-a315-55g
846,2026-01-16 05:01:01,default,teastore-recommender-74559c88-xbhh4,scorpius03
846,2026-01-16 05:01:01,default,teastore-registry-676858f7cd-mqzv7,leo02
846,2026-01-16 05:01:01,default,teastore-webui-558b54cc77-lmvc4,luish-aspire-a315-55g
847,2026-01-16 05:01:30,default,teastore-auth-84d7ccddd9-zg5rv,leo02
847,2026-01-16 05:01:30,default,teastore-db-84f96b9dd8-r2pvt,scorpius03
847,2026-01-16 05:01:30,default,teastore-image-79674648d-b8gt9,scorpius03
847,2026-01-16 05:01:30,default,teastore-persistence-784748b4b9-ff2xx,luish-aspire-a315-55g
847,2026-01-16 05:01:30,default,teastore-recommender-74559c88-xbhh4,scorpius03
847,2026-01-16 05:01:30,default,teastore-registry-676858f7cd-wcv9v,luish-aspire-a315-55g
847,2026-01-16 05:01:30,default,teastore-webui-558b54cc77-g2vlt,luish-nitro-an515-57
848,2026-01-16 05:01:43,default,teastore-auth-84d7ccddd9-zg5rv,leo02
848,2026-01-16 05:01:43,default,teastore-db-84f96b9dd8-r2pvt,scorpius03
848,2026-01-16 05:01:43,default,teastore-image-79674648d-zr2c4,scorpius03
848,2026-01-16 05:01:43,default,teastore-persistence-784748b4b9-ff2xx,luish-aspire-a315-55g
848,2026-01-16 05:01:43,default,teastore-recommender-74559c88-xbhh4,scorpius03
848,2026-01-16 05:01:43,default,teastore-registry-676858f7cd-wcv9v,luish-aspire-a315-55g
848,2026-01-16 05:01:43,default,teastore-webui-558b54cc77-v5w4v,luish-aspire-a315-55g
849,2026-01-16 05:02:07,default,teastore-auth-84d7ccddd9-wsf95,scorpius03
849,2026-01-16 05:02:07,default,teastore-db-84f96b9dd8-nqz2v,luish-nitro-an515-57
849,2026-01-16 05:02:07,default,teastore-image-79674648d-zr2c4,scorpius03
849,2026-01-16 05:02:07,default,teastore-persistence-784748b4b9-7rnsx,luish-aspire-a315-55g
849,2026-01-16 05:02:07,default,teastore-recommender-74559c88-svbk5,luish-nitro-an515-57
849,2026-01-16 05:02:07,default,teastore-registry-676858f7cd-lc6xf,leo02
849,2026-01-16 05:02:07,default,teastore-webui-558b54cc77-v5w4v,luish-aspire-a315-55g
850,2026-01-16 05:02:25,default,teastore-auth-84d7ccddd9-wsf95,scorpius03
850,2026-01-16 05:02:25,default,teastore-db-84f96b9dd8-d89dr,leo02
850,2026-01-16 05:02:25,default,teastore-image-79674648d-wdx87,luish-aspire-a315-55g
850,2026-01-16 05:02:25,default,teastore-persistence-784748b4b9-zcb65,luish-aspire-a315-55g
850,2026-01-16 05:02:25,default,teastore-recommender-74559c88-zcz9m,luish-nitro-an515-57
850,2026-01-16 05:02:25,default,teastore-registry-676858f7cd-rmk22,luish-aspire-a315-55g
850,2026-01-16 05:02:25,default,teastore-webui-558b54cc77-xscbj,luish-aspire-a315-55g
851,2026-01-16 05:02:54,default,teastore-auth-84d7ccddd9-ts4bx,scorpius03
851,2026-01-16 05:02:54,default,teastore-db-84f96b9dd8-s82vc,leo02
851,2026-01-16 05:02:54,default,teastore-image-79674648d-wdx87,luish-aspire-a315-55g
851,2026-01-16 05:02:54,default,teastore-persistence-784748b4b9-zcb65,luish-aspire-a315-55g
851,2026-01-16 05:02:54,default,teastore-recommender-74559c88-zcz9m,luish-nitro-an515-57
851,2026-01-16 05:02:54,default,teastore-registry-676858f7cd-rmk22,luish-aspire-a315-55g
851,2026-01-16 05:02:54,default,teastore-webui-558b54cc77-xscbj,luish-aspire-a315-55g
852,2026-01-16 05:03:23,default,teastore-auth-84d7ccddd9-ts4bx,scorpius03
852,2026-01-16 05:03:23,default,teastore-db-84f96b9dd8-s82vc,leo02
852,2026-01-16 05:03:23,default,teastore-image-79674648d-g5gq8,leo02
852,2026-01-16 05:03:23,default,teastore-persistence-784748b4b9-z27h6,leo02
852,2026-01-16 05:03:23,default,teastore-recommender-74559c88-qq2h6,luish-nitro-an515-57
852,2026-01-16 05:03:23,default,teastore-registry-676858f7cd-gxm8q,scorpius03
852,2026-01-16 05:03:23,default,teastore-webui-558b54cc77-mlj2c,scorpius03
853,2026-01-16 05:03:41,default,teastore-auth-84d7ccddd9-m942l,luish-aspire-a315-55g
853,2026-01-16 05:03:41,default,teastore-db-84f96b9dd8-dcf2k,leo02
853,2026-01-16 05:03:41,default,teastore-image-79674648d-cnzb5,leo02
853,2026-01-16 05:03:41,default,teastore-persistence-784748b4b9-sgzm5,luish-aspire-a315-55g
853,2026-01-16 05:03:41,default,teastore-recommender-74559c88-jc58k,luish-nitro-an515-57
853,2026-01-16 05:03:41,default,teastore-registry-676858f7cd-5n97q,luish-aspire-a315-55g
853,2026-01-16 05:03:41,default,teastore-webui-558b54cc77-pg5nw,luish-nitro-an515-57
854,2026-01-16 05:04:05,default,teastore-auth-84d7ccddd9-lc46c,scorpius03
854,2026-01-16 05:04:05,default,teastore-db-84f96b9dd8-v68fd,luish-aspire-a315-55g
854,2026-01-16 05:04:05,default,teastore-image-79674648d-d7jfl,luish-nitro-an515-57
854,2026-01-16 05:04:05,default,teastore-persistence-784748b4b9-tmcvw,luish-aspire-a315-55g
854,2026-01-16 05:04:05,default,teastore-recommender-74559c88-vlngp,luish-aspire-a315-55g
854,2026-01-16 05:04:05,default,teastore-registry-676858f7cd-jk25l,luish-aspire-a315-55g
854,2026-01-16 05:04:05,default,teastore-webui-558b54cc77-pg5nw,luish-nitro-an515-57
855,2026-01-16 05:04:34,default,teastore-auth-84d7ccddd9-lc46c,scorpius03
855,2026-01-16 05:04:34,default,teastore-db-84f96b9dd8-v68fd,luish-aspire-a315-55g
855,2026-01-16 05:04:34,default,teastore-image-79674648d-vjlxs,leo02
855,2026-01-16 05:04:34,default,teastore-persistence-784748b4b9-vxffc,scorpius03
855,2026-01-16 05:04:34,default,teastore-recommender-74559c88-vlngp,luish-aspire-a315-55g
855,2026-01-16 05:04:34,default,teastore-registry-676858f7cd-jk25l,luish-aspire-a315-55g
855,2026-01-16 05:04:34,default,teastore-webui-558b54cc77-pg5nw,luish-nitro-an515-57
856,2026-01-16 05:04:57,default,teastore-auth-84d7ccddd9-l5rnx,luish-nitro-an515-57
856,2026-01-16 05:04:57,default,teastore-db-84f96b9dd8-nh2b8,luish-aspire-a315-55g
856,2026-01-16 05:04:57,default,teastore-image-79674648d-vjlxs,leo02
856,2026-01-16 05:04:57,default,teastore-persistence-784748b4b9-vxffc,scorpius03
856,2026-01-16 05:04:57,default,teastore-recommender-74559c88-zsdxn,luish-aspire-a315-55g
856,2026-01-16 05:04:57,default,teastore-registry-676858f7cd-bh7h6,scorpius03
856,2026-01-16 05:04:57,default,teastore-webui-558b54cc77-kt88k,luish-aspire-a315-55g
857,2026-01-16 05:05:21,default,teastore-auth-84d7ccddd9-l5rnx,luish-nitro-an515-57
857,2026-01-16 05:05:21,default,teastore-db-84f96b9dd8-phhtp,leo02
857,2026-01-16 05:05:21,default,teastore-image-79674648d-gkb4z,scorpius03
857,2026-01-16 05:05:21,default,teastore-persistence-784748b4b9-mm2qt,luish-aspire-a315-55g
857,2026-01-16 05:05:21,default,teastore-recommender-74559c88-zsdxn,luish-aspire-a315-55g
857,2026-01-16 05:05:21,default,teastore-registry-676858f7cd-bp7fb,scorpius03
857,2026-01-16 05:05:21,default,teastore-webui-558b54cc77-kt88k,luish-aspire-a315-55g
858,2026-01-16 05:05:39,default,teastore-auth-84d7ccddd9-l5rnx,luish-nitro-an515-57
858,2026-01-16 05:05:39,default,teastore-db-84f96b9dd8-sf6np,scorpius03
858,2026-01-16 05:05:39,default,teastore-image-79674648d-xrsvs,leo02
858,2026-01-16 05:05:39,default,teastore-persistence-784748b4b9-mm2qt,luish-aspire-a315-55g
858,2026-01-16 05:05:39,default,teastore-recommender-74559c88-zsdxn,luish-aspire-a315-55g
858,2026-01-16 05:05:39,default,teastore-registry-676858f7cd-bp7fb,scorpius03
858,2026-01-16 05:05:39,default,teastore-webui-558b54cc77-kt88k,luish-aspire-a315-55g
859,2026-01-16 05:05:53,default,teastore-auth-84d7ccddd9-zj8hp,scorpius03
859,2026-01-16 05:05:53,default,teastore-db-84f96b9dd8-sf6np,scorpius03
859,2026-01-16 05:05:53,default,teastore-image-79674648d-xrsvs,leo02
859,2026-01-16 05:05:53,default,teastore-persistence-784748b4b9-zq6dr,luish-aspire-a315-55g
859,2026-01-16 05:05:53,default,teastore-recommender-74559c88-qcfwc,luish-nitro-an515-57
859,2026-01-16 05:05:53,default,teastore-registry-676858f7cd-7qcxr,luish-aspire-a315-55g
859,2026-01-16 05:05:53,default,teastore-webui-558b54cc77-ls8xg,luish-aspire-a315-55g
860,2026-01-16 05:06:17,default,teastore-auth-84d7ccddd9-zj8hp,scorpius03
860,2026-01-16 05:06:17,default,teastore-db-84f96b9dd8-8kj9l,luish-aspire-a315-55g
860,2026-01-16 05:06:17,default,teastore-image-79674648d-xrsvs,leo02
860,2026-01-16 05:06:17,default,teastore-persistence-784748b4b9-zq6dr,luish-aspire-a315-55g
860,2026-01-16 05:06:17,default,teastore-recommender-74559c88-mstw8,luish-nitro-an515-57
860,2026-01-16 05:06:17,default,teastore-registry-676858f7cd-rrpss,scorpius03
860,2026-01-16 05:06:17,default,teastore-webui-558b54cc77-t4wfd,luish-nitro-an515-57
861,2026-01-16 05:06:25,default,teastore-auth-84d7ccddd9-zj8hp,scorpius03
861,2026-01-16 05:06:25,default,teastore-db-84f96b9dd8-lc8qq,leo02
861,2026-01-16 05:06:25,default,teastore-image-79674648d-wl9t7,luish-nitro-an515-57
861,2026-01-16 05:06:25,default,teastore-persistence-784748b4b9-zq6dr,luish-aspire-a315-55g
861,2026-01-16 05:06:25,default,teastore-recommender-74559c88-kwbct,luish-aspire-a315-55g
861,2026-01-16 05:06:25,default,teastore-registry-676858f7cd-rrpss,scorpius03
861,2026-01-16 05:06:25,default,teastore-webui-558b54cc77-t4wfd,luish-nitro-an515-57
862,2026-01-16 05:06:44,default,teastore-auth-84d7ccddd9-q9xrm,leo02
862,2026-01-16 05:06:44,default,teastore-db-84f96b9dd8-p74gh,luish-nitro-an515-57
862,2026-01-16 05:06:44,default,teastore-image-79674648d-wl9t7,luish-nitro-an515-57
862,2026-01-16 05:06:44,default,teastore-persistence-784748b4b9-xggsl,scorpius03
862,2026-01-16 05:06:44,default,teastore-recommender-74559c88-kwbct,luish-aspire-a315-55g
862,2026-01-16 05:06:44,default,teastore-registry-676858f7cd-rrpss,scorpius03
862,2026-01-16 05:06:44,default,teastore-webui-558b54cc77-vfvdp,luish-nitro-an515-57
863,2026-01-16 05:06:52,default,teastore-auth-84d7ccddd9-w6b5c,leo02
863,2026-01-16 05:06:52,default,teastore-db-84f96b9dd8-tr4jw,luish-aspire-a315-55g
863,2026-01-16 05:06:52,default,teastore-image-79674648d-wl9t7,luish-nitro-an515-57
863,2026-01-16 05:06:52,default,teastore-persistence-784748b4b9-xwqxm,scorpius03
863,2026-01-16 05:06:52,default,teastore-recommender-74559c88-kwbct,luish-aspire-a315-55g
863,2026-01-16 05:06:52,default,teastore-registry-676858f7cd-t9vxr,luish-aspire-a315-55g
863,2026-01-16 05:06:52,default,teastore-webui-558b54cc77-vfvdp,luish-nitro-an515-57
864,2026-01-16 05:07:16,default,teastore-auth-84d7ccddd9-w6b5c,leo02
864,2026-01-16 05:07:16,default,teastore-db-84f96b9dd8-tr4jw,luish-aspire-a315-55g
864,2026-01-16 05:07:16,default,teastore-image-79674648d-spbvf,luish-nitro-an515-57
864,2026-01-16 05:07:16,default,teastore-persistence-784748b4b9-xwqxm,scorpius03
864,2026-01-16 05:07:16,default,teastore-recommender-74559c88-d4kbh,luish-aspire-a315-55g
864,2026-01-16 05:07:16,default,teastore-registry-676858f7cd-t9vxr,luish-aspire-a315-55g
864,2026-01-16 05:07:16,default,teastore-webui-558b54cc77-vfvdp,luish-nitro-an515-57
865,2026-01-16 05:07:24,default,teastore-auth-84d7ccddd9-w6b5c,leo02
865,2026-01-16 05:07:24,default,teastore-db-84f96b9dd8-tr4jw,luish-aspire-a315-55g
865,2026-01-16 05:07:24,default,teastore-image-79674648d-spbvf,luish-nitro-an515-57
865,2026-01-16 05:07:24,default,teastore-persistence-784748b4b9-xwqxm,scorpius03
865,2026-01-16 05:07:24,default,teastore-recommender-74559c88-wvsrl,luish-nitro-an515-57
865,2026-01-16 05:07:24,default,teastore-registry-676858f7cd-t9vxr,luish-aspire-a315-55g
865,2026-01-16 05:07:24,default,teastore-webui-558b54cc77-vfvdp,luish-nitro-an515-57
866,2026-01-16 05:07:53,default,teastore-auth-84d7ccddd9-t9k8b,leo02
866,2026-01-16 05:07:53,default,teastore-db-84f96b9dd8-z72ct,scorpius03
866,2026-01-16 05:07:53,default,teastore-image-79674648d-spbvf,luish-nitro-an515-57
866,2026-01-16 05:07:53,default,teastore-persistence-784748b4b9-vpmsb,scorpius03
866,2026-01-16 05:07:53,default,teastore-recommender-74559c88-wvsrl,luish-nitro-an515-57
866,2026-01-16 05:07:53,default,teastore-registry-676858f7cd-t7kxn,luish-aspire-a315-55g
866,2026-01-16 05:07:53,default,teastore-webui-558b54cc77-p7thc,luish-nitro-an515-57
867,2026-01-16 05:08:02,default,teastore-auth-84d7ccddd9-t9k8b,leo02
867,2026-01-16 05:08:02,default,teastore-db-84f96b9dd8-z72ct,scorpius03
867,2026-01-16 05:08:02,default,teastore-image-79674648d-spbvf,luish-nitro-an515-57
867,2026-01-16 05:08:02,default,teastore-persistence-784748b4b9-vpmsb,scorpius03
867,2026-01-16 05:08:02,default,teastore-recommender-74559c88-wvsrl,luish-nitro-an515-57
867,2026-01-16 05:08:02,default,teastore-registry-676858f7cd-z6hh4,luish-aspire-a315-55g
867,2026-01-16 05:08:02,default,teastore-webui-558b54cc77-p7thc,luish-nitro-an515-57
868,2026-01-16 05:08:21,default,teastore-auth-84d7ccddd9-zmw68,scorpius03
868,2026-01-16 05:08:21,default,teastore-db-84f96b9dd8-m84g6,luish-aspire-a315-55g
868,2026-01-16 05:08:21,default,teastore-image-79674648d-qw92p,luish-aspire-a315-55g
868,2026-01-16 05:08:21,default,teastore-persistence-784748b4b9-thdbr,scorpius03
868,2026-01-16 05:08:21,default,teastore-recommender-74559c88-rdhsx,leo02
868,2026-01-16 05:08:21,default,teastore-registry-676858f7cd-z6hh4,luish-aspire-a315-55g
868,2026-01-16 05:08:21,default,teastore-webui-558b54cc77-dgnt4,luish-aspire-a315-55g
869,2026-01-16 05:08:39,default,teastore-auth-84d7ccddd9-zmw68,scorpius03
869,2026-01-16 05:08:39,default,teastore-db-84f96b9dd8-lldss,scorpius03
869,2026-01-16 05:08:39,default,teastore-image-79674648d-qw92p,luish-aspire-a315-55g
869,2026-01-16 05:08:39,default,teastore-persistence-784748b4b9-xt95n,luish-nitro-an515-57
869,2026-01-16 05:08:39,default,teastore-recommender-74559c88-rdhsx,leo02
869,2026-01-16 05:08:39,default,teastore-registry-676858f7cd-kc4f8,leo02
869,2026-01-16 05:08:39,default,teastore-webui-558b54cc77-dgnt4,luish-aspire-a315-55g
870,2026-01-16 05:09:03,default,teastore-auth-84d7ccddd9-nng2p,luish-nitro-an515-57
870,2026-01-16 05:09:03,default,teastore-db-84f96b9dd8-cmw8p,luish-aspire-a315-55g
870,2026-01-16 05:09:03,default,teastore-image-79674648d-pb488,luish-nitro-an515-57
870,2026-01-16 05:09:03,default,teastore-persistence-784748b4b9-xt95n,luish-nitro-an515-57
870,2026-01-16 05:09:03,default,teastore-recommender-74559c88-trp5j,luish-nitro-an515-57
870,2026-01-16 05:09:03,default,teastore-registry-676858f7cd-kc4f8,leo02
870,2026-01-16 05:09:03,default,teastore-webui-558b54cc77-dgnt4,luish-aspire-a315-55g
871,2026-01-16 05:09:11,default,teastore-auth-84d7ccddd9-nng2p,luish-nitro-an515-57
871,2026-01-16 05:09:11,default,teastore-db-84f96b9dd8-lc4cd,scorpius03
871,2026-01-16 05:09:11,default,teastore-image-79674648d-srnh5,luish-aspire-a315-55g
871,2026-01-16 05:09:11,default,teastore-persistence-784748b4b9-xt95n,luish-nitro-an515-57
871,2026-01-16 05:09:11,default,teastore-recommender-74559c88-trp5j,luish-nitro-an515-57
871,2026-01-16 05:09:11,default,teastore-registry-676858f7cd-pprj9,scorpius03
871,2026-01-16 05:09:11,default,teastore-webui-558b54cc77-txfhp,luish-nitro-an515-57
872,2026-01-16 05:09:20,default,teastore-auth-84d7ccddd9-xvq2z,luish-nitro-an515-57
872,2026-01-16 05:09:20,default,teastore-db-84f96b9dd8-lc4cd,scorpius03
872,2026-01-16 05:09:20,default,teastore-image-79674648d-srnh5,luish-aspire-a315-55g
872,2026-01-16 05:09:20,default,teastore-persistence-784748b4b9-xt95n,luish-nitro-an515-57
872,2026-01-16 05:09:20,default,teastore-recommender-74559c88-trp5j,luish-nitro-an515-57
872,2026-01-16 05:09:20,default,teastore-registry-676858f7cd-pprj9,scorpius03
872,2026-01-16 05:09:20,default,teastore-webui-558b54cc77-txfhp,luish-nitro-an515-57
873,2026-01-16 05:09:28,default,teastore-auth-84d7ccddd9-xvq2z,luish-nitro-an515-57
873,2026-01-16 05:09:28,default,teastore-db-84f96b9dd8-q6wml,luish-aspire-a315-55g
873,2026-01-16 05:09:28,default,teastore-image-79674648d-srnh5,luish-aspire-a315-55g
873,2026-01-16 05:09:28,default,teastore-persistence-784748b4b9-xpvwb,scorpius03
873,2026-01-16 05:09:28,default,teastore-recommender-74559c88-trp5j,luish-nitro-an515-57
873,2026-01-16 05:09:28,default,teastore-registry-676858f7cd-pprj9,scorpius03
873,2026-01-16 05:09:28,default,teastore-webui-558b54cc77-txfhp,luish-nitro-an515-57
874,2026-01-16 05:09:42,default,teastore-auth-84d7ccddd9-xvq2z,luish-nitro-an515-57
874,2026-01-16 05:09:42,default,teastore-db-84f96b9dd8-q6wml,luish-aspire-a315-55g
874,2026-01-16 05:09:42,default,teastore-image-79674648d-srnh5,luish-aspire-a315-55g
874,2026-01-16 05:09:42,default,teastore-persistence-784748b4b9-xpvwb,scorpius03
874,2026-01-16 05:09:42,default,teastore-recommender-74559c88-jzzh7,luish-nitro-an515-57
874,2026-01-16 05:09:42,default,teastore-registry-676858f7cd-v9552,leo02
874,2026-01-16 05:09:42,default,teastore-webui-558b54cc77-txfhp,luish-nitro-an515-57
875,2026-01-16 05:09:51,default,teastore-auth-84d7ccddd9-xvq2z,luish-nitro-an515-57
875,2026-01-16 05:09:51,default,teastore-db-84f96b9dd8-vxrq8,scorpius03
875,2026-01-16 05:09:51,default,teastore-image-79674648d-srnh5,luish-aspire-a315-55g
875,2026-01-16 05:09:51,default,teastore-persistence-784748b4b9-whtxr,luish-nitro-an515-57
875,2026-01-16 05:09:51,default,teastore-recommender-74559c88-kwhcm,scorpius03
875,2026-01-16 05:09:51,default,teastore-registry-676858f7cd-v9552,leo02
875,2026-01-16 05:09:51,default,teastore-webui-558b54cc77-pm75w,luish-nitro-an515-57
876,2026-01-16 05:09:59,default,teastore-auth-84d7ccddd9-mwkpj,leo02
876,2026-01-16 05:09:59,default,teastore-db-84f96b9dd8-vxrq8,scorpius03
876,2026-01-16 05:09:59,default,teastore-image-79674648d-d5qxs,luish-aspire-a315-55g
876,2026-01-16 05:09:59,default,teastore-persistence-784748b4b9-whtxr,luish-nitro-an515-57
876,2026-01-16 05:09:59,default,teastore-recommender-74559c88-kwhcm,scorpius03
876,2026-01-16 05:09:59,default,teastore-registry-676858f7cd-v9552,leo02
876,2026-01-16 05:09:59,default,teastore-webui-558b54cc77-w4xtg,luish-nitro-an515-57
877,2026-01-16 05:10:08,default,teastore-auth-84d7ccddd9-wcdzj,luish-nitro-an515-57
877,2026-01-16 05:10:08,default,teastore-db-84f96b9dd8-vxrq8,scorpius03
877,2026-01-16 05:10:08,default,teastore-image-79674648d-vnds2,leo02
877,2026-01-16 05:10:08,default,teastore-persistence-784748b4b9-whtxr,luish-nitro-an515-57
877,2026-01-16 05:10:08,default,teastore-recommender-74559c88-kwhcm,scorpius03
877,2026-01-16 05:10:08,default,teastore-registry-676858f7cd-v9552,leo02
877,2026-01-16 05:10:08,default,teastore-webui-558b54cc77-w4xtg,luish-nitro-an515-57
878,2026-01-16 05:10:17,default,teastore-auth-84d7ccddd9-wcdzj,luish-nitro-an515-57
878,2026-01-16 05:10:17,default,teastore-db-84f96b9dd8-vxrq8,scorpius03
878,2026-01-16 05:10:17,default,teastore-image-79674648d-xmrfj,scorpius03
878,2026-01-16 05:10:17,default,teastore-persistence-784748b4b9-mwd5g,luish-nitro-an515-57
878,2026-01-16 05:10:17,default,teastore-recommender-74559c88-kwhcm,scorpius03
878,2026-01-16 05:10:17,default,teastore-registry-676858f7cd-vvj54,luish-aspire-a315-55g
878,2026-01-16 05:10:17,default,teastore-webui-558b54cc77-w4xtg,luish-nitro-an515-57
879,2026-01-16 05:10:25,default,teastore-auth-84d7ccddd9-wcdzj,luish-nitro-an515-57
879,2026-01-16 05:10:25,default,teastore-db-84f96b9dd8-mpvd2,luish-nitro-an515-57
879,2026-01-16 05:10:25,default,teastore-image-79674648d-xmrfj,scorpius03
879,2026-01-16 05:10:25,default,teastore-persistence-784748b4b9-mwd5g,luish-nitro-an515-57
879,2026-01-16 05:10:25,default,teastore-recommender-74559c88-fssdb,luish-nitro-an515-57
879,2026-01-16 05:10:25,default,teastore-registry-676858f7cd-vvj54,luish-aspire-a315-55g
879,2026-01-16 05:10:25,default,teastore-webui-558b54cc77-w4xtg,luish-nitro-an515-57
880,2026-01-16 05:10:34,default,teastore-auth-84d7ccddd9-wcdzj,luish-nitro-an515-57
880,2026-01-16 05:10:34,default,teastore-db-84f96b9dd8-mpvd2,luish-nitro-an515-57
880,2026-01-16 05:10:34,default,teastore-image-79674648d-xmrfj,scorpius03
880,2026-01-16 05:10:34,default,teastore-persistence-784748b4b9-mwd5g,luish-nitro-an515-57
880,2026-01-16 05:10:34,default,teastore-recommender-74559c88-ml4nl,luish-aspire-a315-55g
880,2026-01-16 05:10:34,default,teastore-registry-676858f7cd-vvj54,luish-aspire-a315-55g
880,2026-01-16 05:10:34,default,teastore-webui-558b54cc77-qb5gd,leo02
881,2026-01-16 05:10:42,default,teastore-auth-84d7ccddd9-vzxmt,luish-aspire-a315-55g
881,2026-01-16 05:10:42,default,teastore-db-84f96b9dd8-q4qpk,luish-aspire-a315-55g
881,2026-01-16 05:10:42,default,teastore-image-79674648d-xmrfj,scorpius03
881,2026-01-16 05:10:42,default,teastore-persistence-784748b4b9-mwd5g,luish-nitro-an515-57
881,2026-01-16 05:10:42,default,teastore-recommender-74559c88-ml4nl,luish-aspire-a315-55g
881,2026-01-16 05:10:42,default,teastore-registry-676858f7cd-zl6qs,leo02
881,2026-01-16 05:10:42,default,teastore-webui-558b54cc77-dvfmr,luish-aspire-a315-55g
882,2026-01-16 05:10:51,default,teastore-auth-84d7ccddd9-w2bx7,scorpius03
882,2026-01-16 05:10:51,default,teastore-db-84f96b9dd8-q4qpk,luish-aspire-a315-55g
882,2026-01-16 05:10:51,default,teastore-image-79674648d-twtg5,luish-nitro-an515-57
882,2026-01-16 05:10:51,default,teastore-persistence-784748b4b9-vn5hz,luish-aspire-a315-55g
882,2026-01-16 05:10:51,default,teastore-recommender-74559c88-v5xt9,luish-nitro-an515-57
882,2026-01-16 05:10:51,default,teastore-registry-676858f7cd-zl6qs,leo02
882,2026-01-16 05:10:51,default,teastore-webui-558b54cc77-zgqnp,leo02
883,2026-01-16 05:11:00,default,teastore-auth-84d7ccddd9-w2bx7,scorpius03
883,2026-01-16 05:11:00,default,teastore-db-84f96b9dd8-qvtzv,luish-aspire-a315-55g
883,2026-01-16 05:11:00,default,teastore-image-79674648d-twtg5,luish-nitro-an515-57
883,2026-01-16 05:11:00,default,teastore-persistence-784748b4b9-vn5hz,luish-aspire-a315-55g
883,2026-01-16 05:11:00,default,teastore-recommender-74559c88-v5xt9,luish-nitro-an515-57
883,2026-01-16 05:11:00,default,teastore-registry-676858f7cd-zxttn,luish-aspire-a315-55g
883,2026-01-16 05:11:00,default,teastore-webui-558b54cc77-zgqnp,leo02
884,2026-01-16 05:11:08,default,teastore-auth-84d7ccddd9-w2bx7,scorpius03
884,2026-01-16 05:11:08,default,teastore-db-84f96b9dd8-qvtzv,luish-aspire-a315-55g
884,2026-01-16 05:11:08,default,teastore-image-79674648d-twtg5,luish-nitro-an515-57
884,2026-01-16 05:11:08,default,teastore-persistence-784748b4b9-vn5hz,luish-aspire-a315-55g
884,2026-01-16 05:11:08,default,teastore-recommender-74559c88-v5xt9,luish-nitro-an515-57
884,2026-01-16 05:11:08,default,teastore-registry-676858f7cd-zxttn,luish-aspire-a315-55g
884,2026-01-16 05:11:08,default,teastore-webui-558b54cc77-zgqnp,leo02
885,2026-01-16 05:11:22,default,teastore-auth-84d7ccddd9-w2bx7,scorpius03
885,2026-01-16 05:11:22,default,teastore-db-84f96b9dd8-qvtzv,luish-aspire-a315-55g
885,2026-01-16 05:11:22,default,teastore-image-79674648d-twtg5,luish-nitro-an515-57
885,2026-01-16 05:11:22,default,teastore-persistence-784748b4b9-wch7j,leo02
885,2026-01-16 05:11:22,default,teastore-recommender-74559c88-x4cq7,leo02
885,2026-01-16 05:11:22,default,teastore-registry-676858f7cd-zxttn,luish-aspire-a315-55g
885,2026-01-16 05:11:22,default,teastore-webui-558b54cc77-zgqnp,leo02
886,2026-01-16 05:11:30,default,teastore-auth-84d7ccddd9-qwtxz,luish-nitro-an515-57
886,2026-01-16 05:11:30,default,teastore-db-84f96b9dd8-qvtzv,luish-aspire-a315-55g
886,2026-01-16 05:11:30,default,teastore-image-79674648d-vltpb,luish-nitro-an515-57
886,2026-01-16 05:11:30,default,teastore-persistence-784748b4b9-wch7j,leo02
886,2026-01-16 05:11:30,default,teastore-recommender-74559c88-x4cq7,leo02
886,2026-01-16 05:11:30,default,teastore-registry-676858f7cd-zxttn,luish-aspire-a315-55g
886,2026-01-16 05:11:30,default,teastore-webui-558b54cc77-mbgrq,luish-aspire-a315-55g
887,2026-01-16 05:11:39,default,teastore-auth-84d7ccddd9-qwtxz,luish-nitro-an515-57
887,2026-01-16 05:11:39,default,teastore-db-84f96b9dd8-x6w98,luish-aspire-a315-55g
887,2026-01-16 05:11:39,default,teastore-image-79674648d-vltpb,luish-nitro-an515-57
887,2026-01-16 05:11:39,default,teastore-persistence-784748b4b9-wch7j,leo02
887,2026-01-16 05:11:39,default,teastore-recommender-74559c88-x4cq7,leo02
887,2026-01-16 05:11:39,default,teastore-registry-676858f7cd-zxttn,luish-aspire-a315-55g
887,2026-01-16 05:11:39,default,teastore-webui-558b54cc77-vxtdg,scorpius03
888,2026-01-16 05:11:48,default,teastore-auth-84d7ccddd9-qwtxz,luish-nitro-an515-57
888,2026-01-16 05:11:48,default,teastore-db-84f96b9dd8-x6w98,luish-aspire-a315-55g
888,2026-01-16 05:11:48,default,teastore-image-79674648d-vltpb,luish-nitro-an515-57
888,2026-01-16 05:11:48,default,teastore-persistence-784748b4b9-wch7j,leo02
888,2026-01-16 05:11:48,default,teastore-recommender-74559c88-x4cq7,leo02
888,2026-01-16 05:11:48,default,teastore-registry-676858f7cd-zxttn,luish-aspire-a315-55g
888,2026-01-16 05:11:48,default,teastore-webui-558b54cc77-vxtdg,scorpius03
889,2026-01-16 05:11:56,default,teastore-auth-84d7ccddd9-qwtxz,luish-nitro-an515-57
889,2026-01-16 05:11:56,default,teastore-db-84f96b9dd8-x6w98,luish-aspire-a315-55g
889,2026-01-16 05:11:56,default,teastore-image-79674648d-vltpb,luish-nitro-an515-57
889,2026-01-16 05:11:56,default,teastore-persistence-784748b4b9-zjxhn,luish-aspire-a315-55g
889,2026-01-16 05:11:56,default,teastore-recommender-74559c88-wqx8b,luish-nitro-an515-57
889,2026-01-16 05:11:56,default,teastore-registry-676858f7cd-r7d5f,scorpius03
889,2026-01-16 05:11:56,default,teastore-webui-558b54cc77-w86bl,luish-nitro-an515-57
890,2026-01-16 05:12:05,default,teastore-auth-84d7ccddd9-lq54d,luish-aspire-a315-55g
890,2026-01-16 05:12:05,default,teastore-db-84f96b9dd8-x6w98,luish-aspire-a315-55g
890,2026-01-16 05:12:05,default,teastore-image-79674648d-mssgj,luish-aspire-a315-55g
890,2026-01-16 05:12:05,default,teastore-persistence-784748b4b9-zjxhn,luish-aspire-a315-55g
890,2026-01-16 05:12:05,default,teastore-recommender-74559c88-wqx8b,luish-nitro-an515-57
890,2026-01-16 05:12:05,default,teastore-registry-676858f7cd-r7d5f,scorpius03
890,2026-01-16 05:12:05,default,teastore-webui-558b54cc77-w86bl,luish-nitro-an515-57
891,2026-01-16 05:12:13,default,teastore-auth-84d7ccddd9-xlhdc,luish-nitro-an515-57
891,2026-01-16 05:12:13,default,teastore-db-84f96b9dd8-fdhr6,leo02
891,2026-01-16 05:12:13,default,teastore-image-79674648d-p4h7w,luish-aspire-a315-55g
891,2026-01-16 05:12:13,default,teastore-persistence-784748b4b9-zjxhn,luish-aspire-a315-55g
891,2026-01-16 05:12:13,default,teastore-recommender-74559c88-sxxg6,luish-aspire-a315-55g
891,2026-01-16 05:12:13,default,teastore-registry-676858f7cd-xnwl8,luish-aspire-a315-55g
891,2026-01-16 05:12:13,default,teastore-webui-558b54cc77-w86bl,luish-nitro-an515-57
892,2026-01-16 05:12:42,default,teastore-auth-84d7ccddd9-xlhdc,luish-nitro-an515-57
892,2026-01-16 05:12:42,default,teastore-db-84f96b9dd8-fdspb,leo02
892,2026-01-16 05:12:42,default,teastore-image-79674648d-p4h7w,luish-aspire-a315-55g
892,2026-01-16 05:12:42,default,teastore-persistence-784748b4b9-mvvtt,luish-nitro-an515-57
892,2026-01-16 05:12:42,default,teastore-recommender-74559c88-xwv92,leo02
892,2026-01-16 05:12:42,default,teastore-registry-676858f7cd-xnwl8,luish-aspire-a315-55g
892,2026-01-16 05:12:42,default,teastore-webui-558b54cc77-fnptw,scorpius03
893,2026-01-16 05:13:01,default,teastore-auth-84d7ccddd9-xlhdc,luish-nitro-an515-57
893,2026-01-16 05:13:01,default,teastore-db-84f96b9dd8-gcjs2,luish-aspire-a315-55g
893,2026-01-16 05:13:01,default,teastore-image-79674648d-wmxk4,leo02
893,2026-01-16 05:13:01,default,teastore-persistence-784748b4b9-mvvtt,luish-nitro-an515-57
893,2026-01-16 05:13:01,default,teastore-recommender-74559c88-xwv92,leo02
893,2026-01-16 05:13:01,default,teastore-registry-676858f7cd-rvxz2,scorpius03
893,2026-01-16 05:13:01,default,teastore-webui-558b54cc77-hr4fv,luish-nitro-an515-57
894,2026-01-16 05:13:19,default,teastore-auth-84d7ccddd9-xlhdc,luish-nitro-an515-57
894,2026-01-16 05:13:19,default,teastore-db-84f96b9dd8-jp4df,luish-aspire-a315-55g
894,2026-01-16 05:13:19,default,teastore-image-79674648d-wmxk4,leo02
894,2026-01-16 05:13:19,default,teastore-persistence-784748b4b9-mk68n,luish-aspire-a315-55g
894,2026-01-16 05:13:19,default,teastore-recommender-74559c88-xwv92,leo02
894,2026-01-16 05:13:19,default,teastore-registry-676858f7cd-zqxdt,luish-aspire-a315-55g
894,2026-01-16 05:13:19,default,teastore-webui-558b54cc77-hr4fv,luish-nitro-an515-57
895,2026-01-16 05:13:28,default,teastore-auth-84d7ccddd9-sb4q4,leo02
895,2026-01-16 05:13:28,default,teastore-db-84f96b9dd8-jp4df,luish-aspire-a315-55g
895,2026-01-16 05:13:28,default,teastore-image-79674648d-xnr7n,luish-aspire-a315-55g
895,2026-01-16 05:13:28,default,teastore-persistence-784748b4b9-p6dpq,luish-nitro-an515-57
895,2026-01-16 05:13:28,default,teastore-recommender-74559c88-nq8dl,luish-aspire-a315-55g
895,2026-01-16 05:13:28,default,teastore-registry-676858f7cd-zqxdt,luish-aspire-a315-55g
895,2026-01-16 05:13:28,default,teastore-webui-558b54cc77-hr4fv,luish-nitro-an515-57
896,2026-01-16 05:13:36,default,teastore-auth-84d7ccddd9-ttf5r,luish-aspire-a315-55g
896,2026-01-16 05:13:36,default,teastore-db-84f96b9dd8-jp4df,luish-aspire-a315-55g
896,2026-01-16 05:13:36,default,teastore-image-79674648d-xnr7n,luish-aspire-a315-55g
896,2026-01-16 05:13:36,default,teastore-persistence-784748b4b9-p6dpq,luish-nitro-an515-57
896,2026-01-16 05:13:36,default,teastore-recommender-74559c88-vhqrl,leo02
896,2026-01-16 05:13:36,default,teastore-registry-676858f7cd-zqxdt,luish-aspire-a315-55g
896,2026-01-16 05:13:36,default,teastore-webui-558b54cc77-jns48,luish-nitro-an515-57
897,2026-01-16 05:13:50,default,teastore-auth-84d7ccddd9-ttf5r,luish-aspire-a315-55g
897,2026-01-16 05:13:50,default,teastore-db-84f96b9dd8-v8wmc,luish-aspire-a315-55g
897,2026-01-16 05:13:50,default,teastore-image-79674648d-xnr7n,luish-aspire-a315-55g
897,2026-01-16 05:13:50,default,teastore-persistence-784748b4b9-p6dpq,luish-nitro-an515-57
897,2026-01-16 05:13:50,default,teastore-recommender-74559c88-vhqrl,leo02
897,2026-01-16 05:13:50,default,teastore-registry-676858f7cd-sh9cg,luish-nitro-an515-57
897,2026-01-16 05:13:50,default,teastore-webui-558b54cc77-mqzdv,luish-aspire-a315-55g
898,2026-01-16 05:14:04,default,teastore-auth-84d7ccddd9-ttf5r,luish-aspire-a315-55g
898,2026-01-16 05:14:04,default,teastore-db-84f96b9dd8-v8wmc,luish-aspire-a315-55g
898,2026-01-16 05:14:04,default,teastore-image-79674648d-xnr7n,luish-aspire-a315-55g
898,2026-01-16 05:14:04,default,teastore-persistence-784748b4b9-p6dpq,luish-nitro-an515-57
898,2026-01-16 05:14:04,default,teastore-recommender-74559c88-vhqrl,leo02
898,2026-01-16 05:14:04,default,teastore-registry-676858f7cd-sh9cg,luish-nitro-an515-57
898,2026-01-16 05:14:04,default,teastore-webui-558b54cc77-sj25c,luish-nitro-an515-57
899,2026-01-16 05:14:12,default,teastore-auth-84d7ccddd9-wdj48,leo02
899,2026-01-16 05:14:12,default,teastore-db-84f96b9dd8-v8wmc,luish-aspire-a315-55g
899,2026-01-16 05:14:12,default,teastore-image-79674648d-hvtcv,scorpius03
899,2026-01-16 05:14:12,default,teastore-persistence-784748b4b9-mbhtq,luish-nitro-an515-57
899,2026-01-16 05:14:12,default,teastore-recommender-74559c88-vhqrl,leo02
899,2026-01-16 05:14:12,default,teastore-registry-676858f7cd-s5qqk,leo02
899,2026-01-16 05:14:12,default,teastore-webui-558b54cc77-t8sr6,leo02
900,2026-01-16 05:14:21,default,teastore-auth-84d7ccddd9-wdj48,leo02
900,2026-01-16 05:14:21,default,teastore-db-84f96b9dd8-v8wmc,luish-aspire-a315-55g
900,2026-01-16 05:14:21,default,teastore-image-79674648d-hvtcv,scorpius03
900,2026-01-16 05:14:21,default,teastore-persistence-784748b4b9-mbhtq,luish-nitro-an515-57
900,2026-01-16 05:14:21,default,teastore-recommender-74559c88-vhqrl,leo02
900,2026-01-16 05:14:21,default,teastore-registry-676858f7cd-lhm2t,scorpius03
900,2026-01-16 05:14:21,default,teastore-webui-558b54cc77-t8sr6,leo02
901,2026-01-16 05:14:30,default,teastore-auth-84d7ccddd9-wdj48,leo02
901,2026-01-16 05:14:30,default,teastore-db-84f96b9dd8-v8wmc,luish-aspire-a315-55g
901,2026-01-16 05:14:30,default,teastore-image-79674648d-ktwqf,leo02
901,2026-01-16 05:14:30,default,teastore-persistence-784748b4b9-mbhtq,luish-nitro-an515-57
901,2026-01-16 05:14:30,default,teastore-recommender-74559c88-wsjmt,luish-nitro-an515-57
901,2026-01-16 05:14:30,default,teastore-registry-676858f7cd-qd76j,luish-aspire-a315-55g
901,2026-01-16 05:14:30,default,teastore-webui-558b54cc77-t8sr6,leo02
902,2026-01-16 05:14:38,default,teastore-auth-84d7ccddd9-wdj48,leo02
902,2026-01-16 05:14:38,default,teastore-db-84f96b9dd8-kv6ll,scorpius03
902,2026-01-16 05:14:38,default,teastore-image-79674648d-ktwqf,leo02
902,2026-01-16 05:14:38,default,teastore-persistence-784748b4b9-hhvxv,luish-nitro-an515-57
902,2026-01-16 05:14:38,default,teastore-recommender-74559c88-wsjmt,luish-nitro-an515-57
902,2026-01-16 05:14:38,default,teastore-registry-676858f7cd-xsb69,scorpius03
902,2026-01-16 05:14:38,default,teastore-webui-558b54cc77-t8sr6,leo02
903,2026-01-16 05:14:47,default,teastore-auth-84d7ccddd9-sqnv4,luish-nitro-an515-57
903,2026-01-16 05:14:47,default,teastore-db-84f96b9dd8-xjnx7,luish-aspire-a315-55g
903,2026-01-16 05:14:47,default,teastore-image-79674648d-m7q5c,leo02
903,2026-01-16 05:14:47,default,teastore-persistence-784748b4b9-xhl4b,luish-aspire-a315-55g
903,2026-01-16 05:14:47,default,teastore-recommender-74559c88-xbt88,luish-aspire-a315-55g
903,2026-01-16 05:14:47,default,teastore-registry-676858f7cd-xsb69,scorpius03
903,2026-01-16 05:14:47,default,teastore-webui-558b54cc77-svdg9,scorpius03
904,2026-01-16 05:14:55,default,teastore-auth-84d7ccddd9-sqnv4,luish-nitro-an515-57
904,2026-01-16 05:14:55,default,teastore-db-84f96b9dd8-xjnx7,luish-aspire-a315-55g
904,2026-01-16 05:14:55,default,teastore-image-79674648d-m7q5c,leo02
904,2026-01-16 05:14:55,default,teastore-persistence-784748b4b9-xhl4b,luish-aspire-a315-55g
904,2026-01-16 05:14:55,default,teastore-recommender-74559c88-xbt88,luish-aspire-a315-55g
904,2026-01-16 05:14:55,default,teastore-registry-676858f7cd-xsb69,scorpius03
904,2026-01-16 05:14:55,default,teastore-webui-558b54cc77-svdg9,scorpius03
905,2026-01-16 05:15:04,default,teastore-auth-84d7ccddd9-sqnv4,luish-nitro-an515-57
905,2026-01-16 05:15:04,default,teastore-db-84f96b9dd8-xjnx7,luish-aspire-a315-55g
905,2026-01-16 05:15:04,default,teastore-image-79674648d-w74r9,scorpius03
905,2026-01-16 05:15:04,default,teastore-persistence-784748b4b9-xhl4b,luish-aspire-a315-55g
905,2026-01-16 05:15:04,default,teastore-recommender-74559c88-xbt88,luish-aspire-a315-55g
905,2026-01-16 05:15:04,default,teastore-registry-676858f7cd-xsb69,scorpius03
905,2026-01-16 05:15:04,default,teastore-webui-558b54cc77-vzv82,leo02
906,2026-01-16 05:15:13,default,teastore-auth-84d7ccddd9-sqnv4,luish-nitro-an515-57
906,2026-01-16 05:15:13,default,teastore-db-84f96b9dd8-xjnx7,luish-aspire-a315-55g
906,2026-01-16 05:15:13,default,teastore-image-79674648d-xc44v,leo02
906,2026-01-16 05:15:13,default,teastore-persistence-784748b4b9-xhl4b,luish-aspire-a315-55g
906,2026-01-16 05:15:13,default,teastore-recommender-74559c88-xbt88,luish-aspire-a315-55g
906,2026-01-16 05:15:13,default,teastore-registry-676858f7cd-wh8n8,leo02
906,2026-01-16 05:15:13,default,teastore-webui-558b54cc77-vzv82,leo02
907,2026-01-16 05:15:21,default,teastore-auth-84d7ccddd9-rbrzb,luish-aspire-a315-55g
907,2026-01-16 05:15:21,default,teastore-db-84f96b9dd8-xjnx7,luish-aspire-a315-55g
907,2026-01-16 05:15:21,default,teastore-image-79674648d-xc44v,leo02
907,2026-01-16 05:15:21,default,teastore-persistence-784748b4b9-xhl4b,luish-aspire-a315-55g
907,2026-01-16 05:15:21,default,teastore-recommender-74559c88-xbt88,luish-aspire-a315-55g
907,2026-01-16 05:15:21,default,teastore-registry-676858f7cd-wh8n8,leo02
907,2026-01-16 05:15:21,default,teastore-webui-558b54cc77-vzv82,leo02
908,2026-01-16 05:15:30,default,teastore-auth-84d7ccddd9-rbrzb,luish-aspire-a315-55g
908,2026-01-16 05:15:30,default,teastore-db-84f96b9dd8-tg794,luish-aspire-a315-55g
908,2026-01-16 05:15:30,default,teastore-image-79674648d-xc44v,leo02
908,2026-01-16 05:15:30,default,teastore-persistence-784748b4b9-xhl4b,luish-aspire-a315-55g
908,2026-01-16 05:15:30,default,teastore-recommender-74559c88-rd758,luish-aspire-a315-55g
908,2026-01-16 05:15:30,default,teastore-registry-676858f7cd-wh8n8,leo02
908,2026-01-16 05:15:30,default,teastore-webui-558b54cc77-z7v2p,leo02
909,2026-01-16 05:15:38,default,teastore-auth-84d7ccddd9-rbrzb,luish-aspire-a315-55g
909,2026-01-16 05:15:38,default,teastore-db-84f96b9dd8-psqzf,leo02
909,2026-01-16 05:15:38,default,teastore-image-79674648d-xc44v,leo02
909,2026-01-16 05:15:38,default,teastore-persistence-784748b4b9-r2bg9,luish-nitro-an515-57
909,2026-01-16 05:15:38,default,teastore-recommender-74559c88-rd758,luish-aspire-a315-55g
909,2026-01-16 05:15:38,default,teastore-registry-676858f7cd-wh8n8,leo02
909,2026-01-16 05:15:38,default,teastore-webui-558b54cc77-z7v2p,leo02
910,2026-01-16 05:15:47,default,teastore-auth-84d7ccddd9-rbrzb,luish-aspire-a315-55g
910,2026-01-16 05:15:47,default,teastore-db-84f96b9dd8-jqtj4,luish-aspire-a315-55g
910,2026-01-16 05:15:47,default,teastore-image-79674648d-zmstc,luish-nitro-an515-57
910,2026-01-16 05:15:47,default,teastore-persistence-784748b4b9-vmbbk,scorpius03
910,2026-01-16 05:15:47,default,teastore-recommender-74559c88-v5s6x,leo02
910,2026-01-16 05:15:47,default,teastore-registry-676858f7cd-vr6nk,leo02
910,2026-01-16 05:15:47,default,teastore-webui-558b54cc77-z7v2p,leo02
911,2026-01-16 05:15:56,default,teastore-auth-84d7ccddd9-rbrzb,luish-aspire-a315-55g
911,2026-01-16 05:15:56,default,teastore-db-84f96b9dd8-t8pcj,leo02
911,2026-01-16 05:15:56,default,teastore-image-79674648d-zmstc,luish-nitro-an515-57
911,2026-01-16 05:15:56,default,teastore-persistence-784748b4b9-vmbbk,scorpius03
911,2026-01-16 05:15:56,default,teastore-recommender-74559c88-v5s6x,leo02
911,2026-01-16 05:15:56,default,teastore-registry-676858f7cd-vr6nk,leo02
911,2026-01-16 05:15:56,default,teastore-webui-558b54cc77-z7v2p,leo02
912,2026-01-16 05:16:04,default,teastore-auth-84d7ccddd9-qwclj,luish-nitro-an515-57
912,2026-01-16 05:16:04,default,teastore-db-84f96b9dd8-wlcvk,scorpius03
912,2026-01-16 05:16:04,default,teastore-image-79674648d-zmstc,luish-nitro-an515-57
912,2026-01-16 05:16:04,default,teastore-persistence-784748b4b9-vmbbk,scorpius03
912,2026-01-16 05:16:04,default,teastore-recommender-74559c88-z2xb5,luish-nitro-an515-57
912,2026-01-16 05:16:04,default,teastore-registry-676858f7cd-vr6nk,leo02
912,2026-01-16 05:16:04,default,teastore-webui-558b54cc77-vw6rf,scorpius03
913,2026-01-16 05:16:13,default,teastore-auth-84d7ccddd9-ssqm9,luish-aspire-a315-55g
913,2026-01-16 05:16:13,default,teastore-db-84f96b9dd8-wlcvk,scorpius03
913,2026-01-16 05:16:13,default,teastore-image-79674648d-zmstc,luish-nitro-an515-57
913,2026-01-16 05:16:13,default,teastore-persistence-784748b4b9-xxcv2,leo02
913,2026-01-16 05:16:13,default,teastore-recommender-74559c88-z2xb5,luish-nitro-an515-57
913,2026-01-16 05:16:13,default,teastore-registry-676858f7cd-zzm6b,luish-aspire-a315-55g
913,2026-01-16 05:16:13,default,teastore-webui-558b54cc77-vw6rf,scorpius03
914,2026-01-16 05:16:22,default,teastore-auth-84d7ccddd9-ssqm9,luish-aspire-a315-55g
914,2026-01-16 05:16:22,default,teastore-db-84f96b9dd8-wlcvk,scorpius03
914,2026-01-16 05:16:22,default,teastore-image-79674648d-xx5rs,luish-nitro-an515-57
914,2026-01-16 05:16:22,default,teastore-persistence-784748b4b9-xxcv2,leo02
914,2026-01-16 05:16:22,default,teastore-recommender-74559c88-z2xb5,luish-nitro-an515-57
914,2026-01-16 05:16:22,default,teastore-registry-676858f7cd-zzm6b,luish-aspire-a315-55g
914,2026-01-16 05:16:22,default,teastore-webui-558b54cc77-vw6rf,scorpius03
915,2026-01-16 05:16:30,default,teastore-auth-84d7ccddd9-ssqm9,luish-aspire-a315-55g
915,2026-01-16 05:16:30,default,teastore-db-84f96b9dd8-wlcvk,scorpius03
915,2026-01-16 05:16:30,default,teastore-image-79674648d-ghw5s,luish-nitro-an515-57
915,2026-01-16 05:16:30,default,teastore-persistence-784748b4b9-xxcv2,leo02
915,2026-01-16 05:16:30,default,teastore-recommender-74559c88-z2xb5,luish-nitro-an515-57
915,2026-01-16 05:16:30,default,teastore-registry-676858f7cd-zzm6b,luish-aspire-a315-55g
915,2026-01-16 05:16:30,default,teastore-webui-558b54cc77-wrdrz,luish-aspire-a315-55g
916,2026-01-16 05:16:39,default,teastore-auth-84d7ccddd9-wqqhh,luish-nitro-an515-57
916,2026-01-16 05:16:39,default,teastore-db-84f96b9dd8-v7mj9,luish-aspire-a315-55g
916,2026-01-16 05:16:39,default,teastore-image-79674648d-ghw5s,luish-nitro-an515-57
916,2026-01-16 05:16:39,default,teastore-persistence-784748b4b9-xxcv2,leo02
916,2026-01-16 05:16:39,default,teastore-recommender-74559c88-xjj7k,scorpius03
916,2026-01-16 05:16:39,default,teastore-registry-676858f7cd-zzm6b,luish-aspire-a315-55g
916,2026-01-16 05:16:39,default,teastore-webui-558b54cc77-wrdrz,luish-aspire-a315-55g
917,2026-01-16 05:16:48,default,teastore-auth-84d7ccddd9-wqqhh,luish-nitro-an515-57
917,2026-01-16 05:16:48,default,teastore-db-84f96b9dd8-v7mj9,luish-aspire-a315-55g
917,2026-01-16 05:16:48,default,teastore-image-79674648d-khf24,scorpius03
917,2026-01-16 05:16:48,default,teastore-persistence-784748b4b9-gs74s,scorpius03
917,2026-01-16 05:16:48,default,teastore-recommender-74559c88-xjj7k,scorpius03
917,2026-01-16 05:16:48,default,teastore-registry-676858f7cd-zzm6b,luish-aspire-a315-55g
917,2026-01-16 05:16:48,default,teastore-webui-558b54cc77-wrdrz,luish-aspire-a315-55g
918,2026-01-16 05:16:56,default,teastore-auth-84d7ccddd9-wqqhh,luish-nitro-an515-57
918,2026-01-16 05:16:56,default,teastore-db-84f96b9dd8-v7mj9,luish-aspire-a315-55g
918,2026-01-16 05:16:56,default,teastore-image-79674648d-wzrsv,luish-aspire-a315-55g
918,2026-01-16 05:16:56,default,teastore-persistence-784748b4b9-qt4xp,luish-nitro-an515-57
918,2026-01-16 05:16:56,default,teastore-recommender-74559c88-sk946,scorpius03
918,2026-01-16 05:16:56,default,teastore-registry-676858f7cd-zzm6b,luish-aspire-a315-55g
918,2026-01-16 05:16:56,default,teastore-webui-558b54cc77-wrdrz,luish-aspire-a315-55g
919,2026-01-16 05:17:05,default,teastore-auth-84d7ccddd9-wqqhh,luish-nitro-an515-57
919,2026-01-16 05:17:05,default,teastore-db-84f96b9dd8-pj7t4,scorpius03
919,2026-01-16 05:17:05,default,teastore-image-79674648d-wzrsv,luish-aspire-a315-55g
919,2026-01-16 05:17:05,default,teastore-persistence-784748b4b9-qt4xp,luish-nitro-an515-57
919,2026-01-16 05:17:05,default,teastore-recommender-74559c88-sk946,scorpius03
919,2026-01-16 05:17:05,default,teastore-registry-676858f7cd-zzm6b,luish-aspire-a315-55g
919,2026-01-16 05:17:05,default,teastore-webui-558b54cc77-wrdrz,luish-aspire-a315-55g
920,2026-01-16 05:17:13,default,teastore-auth-84d7ccddd9-qp4qc,luish-aspire-a315-55g
920,2026-01-16 05:17:13,default,teastore-db-84f96b9dd8-pj7t4,scorpius03
920,2026-01-16 05:17:13,default,teastore-image-79674648d-wzrsv,luish-aspire-a315-55g
920,2026-01-16 05:17:13,default,teastore-persistence-784748b4b9-qt4xp,luish-nitro-an515-57
920,2026-01-16 05:17:13,default,teastore-recommender-74559c88-sk946,scorpius03
920,2026-01-16 05:17:13,default,teastore-registry-676858f7cd-x8nsq,luish-aspire-a315-55g
920,2026-01-16 05:17:13,default,teastore-webui-558b54cc77-wrdrz,luish-aspire-a315-55g
921,2026-01-16 05:17:22,default,teastore-auth-84d7ccddd9-xslxp,luish-nitro-an515-57
921,2026-01-16 05:17:22,default,teastore-db-84f96b9dd8-m44jd,scorpius03
921,2026-01-16 05:17:22,default,teastore-image-79674648d-wzrsv,luish-aspire-a315-55g
921,2026-01-16 05:17:22,default,teastore-persistence-784748b4b9-tnqp7,leo02
921,2026-01-16 05:17:22,default,teastore-recommender-74559c88-sk946,scorpius03
921,2026-01-16 05:17:22,default,teastore-registry-676858f7cd-x8nsq,luish-aspire-a315-55g
921,2026-01-16 05:17:22,default,teastore-webui-558b54cc77-wrdrz,luish-aspire-a315-55g
922,2026-01-16 05:17:31,default,teastore-auth-84d7ccddd9-xslxp,luish-nitro-an515-57
922,2026-01-16 05:17:31,default,teastore-db-84f96b9dd8-m44jd,scorpius03
922,2026-01-16 05:17:31,default,teastore-image-79674648d-wzrsv,luish-aspire-a315-55g
922,2026-01-16 05:17:31,default,teastore-persistence-784748b4b9-vmgjw,leo02
922,2026-01-16 05:17:31,default,teastore-recommender-74559c88-rmrdj,luish-aspire-a315-55g
922,2026-01-16 05:17:31,default,teastore-registry-676858f7cd-x8nsq,luish-aspire-a315-55g
922,2026-01-16 05:17:31,default,teastore-webui-558b54cc77-r8khc,luish-nitro-an515-57
923,2026-01-16 05:17:40,default,teastore-auth-84d7ccddd9-xslxp,luish-nitro-an515-57
923,2026-01-16 05:17:40,default,teastore-db-84f96b9dd8-m44jd,scorpius03
923,2026-01-16 05:17:40,default,teastore-image-79674648d-vtgwr,luish-nitro-an515-57
923,2026-01-16 05:17:40,default,teastore-persistence-784748b4b9-vmgjw,leo02
923,2026-01-16 05:17:40,default,teastore-recommender-74559c88-rmrdj,luish-aspire-a315-55g
923,2026-01-16 05:17:40,default,teastore-registry-676858f7cd-z7svc,luish-nitro-an515-57
923,2026-01-16 05:17:40,default,teastore-webui-558b54cc77-tg7ht,leo02
924,2026-01-16 05:17:48,default,teastore-auth-84d7ccddd9-xslxp,luish-nitro-an515-57
924,2026-01-16 05:17:48,default,teastore-db-84f96b9dd8-m2rtw,luish-nitro-an515-57
924,2026-01-16 05:17:48,default,teastore-image-79674648d-vk7hs,luish-nitro-an515-57
924,2026-01-16 05:17:48,default,teastore-persistence-784748b4b9-vmgjw,leo02
924,2026-01-16 05:17:48,default,teastore-recommender-74559c88-rmrdj,luish-aspire-a315-55g
924,2026-01-16 05:17:48,default,teastore-registry-676858f7cd-z7svc,luish-nitro-an515-57
924,2026-01-16 05:17:48,default,teastore-webui-558b54cc77-tg7ht,leo02
925,2026-01-16 05:17:57,default,teastore-auth-84d7ccddd9-wkdgg,luish-nitro-an515-57
925,2026-01-16 05:17:57,default,teastore-db-84f96b9dd8-m2rtw,luish-nitro-an515-57
925,2026-01-16 05:17:57,default,teastore-image-79674648d-vk7hs,luish-nitro-an515-57
925,2026-01-16 05:17:57,default,teastore-persistence-784748b4b9-vmgjw,leo02
925,2026-01-16 05:17:57,default,teastore-recommender-74559c88-rmrdj,luish-aspire-a315-55g
925,2026-01-16 05:17:57,default,teastore-registry-676858f7cd-z7svc,luish-nitro-an515-57
925,2026-01-16 05:17:57,default,teastore-webui-558b54cc77-tg7ht,leo02
926,2026-01-16 05:18:05,default,teastore-auth-84d7ccddd9-tpxbs,luish-aspire-a315-55g
926,2026-01-16 05:18:05,default,teastore-db-84f96b9dd8-m2rtw,luish-nitro-an515-57
926,2026-01-16 05:18:05,default,teastore-image-79674648d-xr8ld,scorpius03
926,2026-01-16 05:18:05,default,teastore-persistence-784748b4b9-sbhsq,luish-aspire-a315-55g
926,2026-01-16 05:18:05,default,teastore-recommender-74559c88-rmrdj,luish-aspire-a315-55g
926,2026-01-16 05:18:05,default,teastore-registry-676858f7cd-z7svc,luish-nitro-an515-57
926,2026-01-16 05:18:05,default,teastore-webui-558b54cc77-tg7ht,leo02
927,2026-01-16 05:18:14,default,teastore-auth-84d7ccddd9-tpxbs,luish-aspire-a315-55g
927,2026-01-16 05:18:14,default,teastore-db-84f96b9dd8-cbkzd,leo02
927,2026-01-16 05:18:14,default,teastore-image-79674648d-xr8ld,scorpius03
927,2026-01-16 05:18:14,default,teastore-persistence-784748b4b9-sbhsq,luish-aspire-a315-55g
927,2026-01-16 05:18:14,default,teastore-recommender-74559c88-npqlv,luish-nitro-an515-57
927,2026-01-16 05:18:14,default,teastore-registry-676858f7cd-lcc7r,luish-aspire-a315-55g
927,2026-01-16 05:18:14,default,teastore-webui-558b54cc77-kzh5r,leo02
928,2026-01-16 05:18:23,default,teastore-auth-84d7ccddd9-tpxbs,luish-aspire-a315-55g
928,2026-01-16 05:18:23,default,teastore-db-84f96b9dd8-9vz6b,luish-nitro-an515-57
928,2026-01-16 05:18:23,default,teastore-image-79674648d-xr8ld,scorpius03
928,2026-01-16 05:18:23,default,teastore-persistence-784748b4b9-sbhsq,luish-aspire-a315-55g
928,2026-01-16 05:18:23,default,teastore-recommender-74559c88-npqlv,luish-nitro-an515-57
928,2026-01-16 05:18:23,default,teastore-registry-676858f7cd-lcc7r,luish-aspire-a315-55g
928,2026-01-16 05:18:23,default,teastore-webui-558b54cc77-kzh5r,leo02
929,2026-01-16 05:18:41,default,teastore-auth-84d7ccddd9-sz4w2,leo02
929,2026-01-16 05:18:41,default,teastore-db-84f96b9dd8-h9pgl,scorpius03
929,2026-01-16 05:18:41,default,teastore-image-79674648d-w6h6z,luish-aspire-a315-55g
929,2026-01-16 05:18:41,default,teastore-persistence-784748b4b9-xk5cg,leo02
929,2026-01-16 05:18:41,default,teastore-recommender-74559c88-tt9tr,luish-aspire-a315-55g
929,2026-01-16 05:18:41,default,teastore-registry-676858f7cd-7kbfb,scorpius03
929,2026-01-16 05:18:41,default,teastore-webui-558b54cc77-9th9r,scorpius03
930,2026-01-16 05:18:55,default,teastore-auth-84d7ccddd9-gxhm5,scorpius03
930,2026-01-16 05:18:55,default,teastore-db-84f96b9dd8-pk58t,luish-aspire-a315-55g
930,2026-01-16 05:18:55,default,teastore-image-79674648d-w6h6z,luish-aspire-a315-55g
930,2026-01-16 05:18:55,default,teastore-persistence-784748b4b9-xk5cg,leo02
930,2026-01-16 05:18:55,default,teastore-recommender-74559c88-tt9tr,luish-aspire-a315-55g
930,2026-01-16 05:18:55,default,teastore-registry-676858f7cd-wvnbk,luish-nitro-an515-57
930,2026-01-16 05:18:55,default,teastore-webui-558b54cc77-w8gwx,luish-aspire-a315-55g
931,2026-01-16 05:19:23,default,teastore-auth-84d7ccddd9-mk8hk,luish-aspire-a315-55g
931,2026-01-16 05:19:23,default,teastore-db-84f96b9dd8-pk58t,luish-aspire-a315-55g
931,2026-01-16 05:19:23,default,teastore-image-79674648d-p8gdt,luish-nitro-an515-57
931,2026-01-16 05:19:23,default,teastore-persistence-784748b4b9-whs29,leo02
931,2026-01-16 05:19:23,default,teastore-recommender-74559c88-tt9tr,luish-aspire-a315-55g
931,2026-01-16 05:19:23,default,teastore-registry-676858f7cd-wvnbk,luish-nitro-an515-57
931,2026-01-16 05:19:23,default,teastore-webui-558b54cc77-w8gwx,luish-aspire-a315-55g
932,2026-01-16 05:19:47,default,teastore-auth-84d7ccddd9-qpws7,luish-nitro-an515-57
932,2026-01-16 05:19:47,default,teastore-db-84f96b9dd8-kv2ng,scorpius03
932,2026-01-16 05:19:47,default,teastore-image-79674648d-r2dfd,leo02
932,2026-01-16 05:19:47,default,teastore-persistence-784748b4b9-whs29,leo02
932,2026-01-16 05:19:47,default,teastore-recommender-74559c88-ls4rf,leo02
932,2026-01-16 05:19:47,default,teastore-registry-676858f7cd-v44xq,leo02
932,2026-01-16 05:19:47,default,teastore-webui-558b54cc77-gqrms,luish-nitro-an515-57
933,2026-01-16 05:20:01,default,teastore-auth-84d7ccddd9-xl9tr,luish-nitro-an515-57
933,2026-01-16 05:20:01,default,teastore-db-84f96b9dd8-pwsj8,luish-aspire-a315-55g
933,2026-01-16 05:20:01,default,teastore-image-79674648d-r2dfd,leo02
933,2026-01-16 05:20:01,default,teastore-persistence-784748b4b9-whs29,leo02
933,2026-01-16 05:20:01,default,teastore-recommender-74559c88-ls4rf,leo02
933,2026-01-16 05:20:01,default,teastore-registry-676858f7cd-zpqj2,luish-aspire-a315-55g
933,2026-01-16 05:20:01,default,teastore-webui-558b54cc77-wbv6v,scorpius03
934,2026-01-16 05:20:14,default,teastore-auth-84d7ccddd9-xl9tr,luish-nitro-an515-57
934,2026-01-16 05:20:14,default,teastore-db-84f96b9dd8-pwsj8,luish-aspire-a315-55g
934,2026-01-16 05:20:14,default,teastore-image-79674648d-npf9h,scorpius03
934,2026-01-16 05:20:14,default,teastore-persistence-784748b4b9-tkvmw,leo02
934,2026-01-16 05:20:14,default,teastore-recommender-74559c88-gqmqw,luish-nitro-an515-57
934,2026-01-16 05:20:14,default,teastore-registry-676858f7cd-zpqj2,luish-aspire-a315-55g
934,2026-01-16 05:20:14,default,teastore-webui-558b54cc77-wbv6v,scorpius03
935,2026-01-16 05:20:33,default,teastore-auth-84d7ccddd9-xl9tr,luish-nitro-an515-57
935,2026-01-16 05:20:33,default,teastore-db-84f96b9dd8-pwsj8,luish-aspire-a315-55g
935,2026-01-16 05:20:33,default,teastore-image-79674648d-tdqq4,luish-aspire-a315-55g
935,2026-01-16 05:20:33,default,teastore-persistence-784748b4b9-tkvmw,leo02
935,2026-01-16 05:20:33,default,teastore-recommender-74559c88-gqmqw,luish-nitro-an515-57
935,2026-01-16 05:20:33,default,teastore-registry-676858f7cd-zpqj2,luish-aspire-a315-55g
935,2026-01-16 05:20:33,default,teastore-webui-558b54cc77-wbv6v,scorpius03
936,2026-01-16 05:20:41,default,teastore-auth-84d7ccddd9-xl9tr,luish-nitro-an515-57
936,2026-01-16 05:20:41,default,teastore-db-84f96b9dd8-fq7xw,scorpius03
936,2026-01-16 05:20:41,default,teastore-image-79674648d-tdqq4,luish-aspire-a315-55g
936,2026-01-16 05:20:41,default,teastore-persistence-784748b4b9-tkvmw,leo02
936,2026-01-16 05:20:41,default,teastore-recommender-74559c88-zdq6j,leo02
936,2026-01-16 05:20:41,default,teastore-registry-676858f7cd-zpqj2,luish-aspire-a315-55g
936,2026-01-16 05:20:41,default,teastore-webui-558b54cc77-qj6c9,leo02
937,2026-01-16 05:20:55,default,teastore-auth-84d7ccddd9-vpx6q,luish-aspire-a315-55g
937,2026-01-16 05:20:55,default,teastore-db-84f96b9dd8-bvcnx,luish-aspire-a315-55g
937,2026-01-16 05:20:55,default,teastore-image-79674648d-tdqq4,luish-aspire-a315-55g
937,2026-01-16 05:20:55,default,teastore-persistence-784748b4b9-rjbdk,scorpius03
937,2026-01-16 05:20:55,default,teastore-recommender-74559c88-zdq6j,leo02
937,2026-01-16 05:20:55,default,teastore-registry-676858f7cd-xrmt7,luish-nitro-an515-57
937,2026-01-16 05:20:55,default,teastore-webui-558b54cc77-shnv5,scorpius03
938,2026-01-16 05:21:09,default,teastore-auth-84d7ccddd9-vpx6q,luish-aspire-a315-55g
938,2026-01-16 05:21:09,default,teastore-db-84f96b9dd8-h72bd,leo02
938,2026-01-16 05:21:09,default,teastore-image-79674648d-brfnv,leo02
938,2026-01-16 05:21:09,default,teastore-persistence-784748b4b9-gzwvj,luish-aspire-a315-55g
938,2026-01-16 05:21:09,default,teastore-recommender-74559c88-p5qb2,leo02
938,2026-01-16 05:21:09,default,teastore-registry-676858f7cd-n2gn6,luish-aspire-a315-55g
938,2026-01-16 05:21:09,default,teastore-webui-558b54cc77-shnv5,scorpius03
939,2026-01-16 05:21:27,default,teastore-auth-84d7ccddd9-vpx6q,luish-aspire-a315-55g
939,2026-01-16 05:21:27,default,teastore-db-84f96b9dd8-h72bd,leo02
939,2026-01-16 05:21:27,default,teastore-image-79674648d-brfnv,leo02
939,2026-01-16 05:21:27,default,teastore-persistence-784748b4b9-gzwvj,luish-aspire-a315-55g
939,2026-01-16 05:21:27,default,teastore-recommender-74559c88-p5qb2,leo02
939,2026-01-16 05:21:27,default,teastore-registry-676858f7cd-n2gn6,luish-aspire-a315-55g
939,2026-01-16 05:21:27,default,teastore-webui-558b54cc77-shnv5,scorpius03
940,2026-01-16 05:21:36,default,teastore-auth-84d7ccddd9-vpx6q,luish-aspire-a315-55g
940,2026-01-16 05:21:36,default,teastore-db-84f96b9dd8-kzvcc,luish-nitro-an515-57
940,2026-01-16 05:21:36,default,teastore-image-79674648d-vjfvq,luish-nitro-an515-57
940,2026-01-16 05:21:36,default,teastore-persistence-784748b4b9-mhbcb,scorpius03
940,2026-01-16 05:21:36,default,teastore-recommender-74559c88-p5qb2,leo02
940,2026-01-16 05:21:36,default,teastore-registry-676858f7cd-zr6tf,luish-nitro-an515-57
940,2026-01-16 05:21:36,default,teastore-webui-558b54cc77-nh4r8,scorpius03
941,2026-01-16 05:21:44,default,teastore-auth-84d7ccddd9-ppb9f,luish-nitro-an515-57
941,2026-01-16 05:21:44,default,teastore-db-84f96b9dd8-xm2lg,luish-aspire-a315-55g
941,2026-01-16 05:21:44,default,teastore-image-79674648d-vjfvq,luish-nitro-an515-57
941,2026-01-16 05:21:44,default,teastore-persistence-784748b4b9-xbtbl,scorpius03
941,2026-01-16 05:21:44,default,teastore-recommender-74559c88-p5qb2,leo02
941,2026-01-16 05:21:44,default,teastore-registry-676858f7cd-zr6tf,luish-nitro-an515-57
941,2026-01-16 05:21:44,default,teastore-webui-558b54cc77-nh4r8,scorpius03
942,2026-01-16 05:21:58,default,teastore-auth-84d7ccddd9-ppb9f,luish-nitro-an515-57
942,2026-01-16 05:21:58,default,teastore-db-84f96b9dd8-xm2lg,luish-aspire-a315-55g
942,2026-01-16 05:21:58,default,teastore-image-79674648d-vjfvq,luish-nitro-an515-57
942,2026-01-16 05:21:58,default,teastore-persistence-784748b4b9-xbtbl,scorpius03
942,2026-01-16 05:21:58,default,teastore-recommender-74559c88-sb2pk,luish-aspire-a315-55g
942,2026-01-16 05:21:58,default,teastore-registry-676858f7cd-zr6tf,luish-nitro-an515-57
942,2026-01-16 05:21:58,default,teastore-webui-558b54cc77-l2vhk,scorpius03
943,2026-01-16 05:22:07,default,teastore-auth-84d7ccddd9-ppb9f,luish-nitro-an515-57
943,2026-01-16 05:22:07,default,teastore-db-84f96b9dd8-xm2lg,luish-aspire-a315-55g
943,2026-01-16 05:22:07,default,teastore-image-79674648d-vjfvq,luish-nitro-an515-57
943,2026-01-16 05:22:07,default,teastore-persistence-784748b4b9-xbtbl,scorpius03
943,2026-01-16 05:22:07,default,teastore-recommender-74559c88-sb2pk,luish-aspire-a315-55g
943,2026-01-16 05:22:07,default,teastore-registry-676858f7cd-zr6tf,luish-nitro-an515-57
943,2026-01-16 05:22:07,default,teastore-webui-558b54cc77-q95f2,leo02
944,2026-01-16 05:22:15,default,teastore-auth-84d7ccddd9-mbsv8,luish-nitro-an515-57
944,2026-01-16 05:22:15,default,teastore-db-84f96b9dd8-zz8tf,luish-aspire-a315-55g
944,2026-01-16 05:22:15,default,teastore-image-79674648d-rnrrv,leo02
944,2026-01-16 05:22:15,default,teastore-persistence-784748b4b9-xbtbl,scorpius03
944,2026-01-16 05:22:15,default,teastore-recommender-74559c88-sb2pk,luish-aspire-a315-55g
944,2026-01-16 05:22:15,default,teastore-registry-676858f7cd-w7dgr,scorpius03
944,2026-01-16 05:22:15,default,teastore-webui-558b54cc77-q95f2,leo02
945,2026-01-16 05:22:30,default,teastore-auth-84d7ccddd9-mbsv8,luish-nitro-an515-57
945,2026-01-16 05:22:30,default,teastore-db-84f96b9dd8-zz8tf,luish-aspire-a315-55g
945,2026-01-16 05:22:30,default,teastore-image-79674648d-q2h24,leo02
945,2026-01-16 05:22:30,default,teastore-persistence-784748b4b9-p62bl,luish-aspire-a315-55g
945,2026-01-16 05:22:30,default,teastore-recommender-74559c88-sb2pk,luish-aspire-a315-55g
945,2026-01-16 05:22:30,default,teastore-registry-676858f7cd-thlx7,luish-nitro-an515-57
945,2026-01-16 05:22:30,default,teastore-webui-558b54cc77-qznq9,luish-nitro-an515-57
946,2026-01-16 05:22:49,default,teastore-auth-84d7ccddd9-jkwng,luish-nitro-an515-57
946,2026-01-16 05:22:49,default,teastore-db-84f96b9dd8-5q44b,scorpius03
946,2026-01-16 05:22:49,default,teastore-image-79674648d-q2h24,leo02
946,2026-01-16 05:22:49,default,teastore-persistence-784748b4b9-b52kw,scorpius03
946,2026-01-16 05:22:49,default,teastore-recommender-74559c88-sktqc,leo02
946,2026-01-16 05:22:49,default,teastore-registry-676858f7cd-xsjnz,leo02
946,2026-01-16 05:22:49,default,teastore-webui-558b54cc77-qznq9,luish-nitro-an515-57
947,2026-01-16 05:23:08,default,teastore-auth-84d7ccddd9-jkwng,luish-nitro-an515-57
947,2026-01-16 05:23:08,default,teastore-db-84f96b9dd8-w6xsc,luish-aspire-a315-55g
947,2026-01-16 05:23:08,default,teastore-image-79674648d-zfp8d,luish-nitro-an515-57
947,2026-01-16 05:23:08,default,teastore-persistence-784748b4b9-ks892,luish-aspire-a315-55g
947,2026-01-16 05:23:08,default,teastore-recommender-74559c88-sktqc,leo02
947,2026-01-16 05:23:08,default,teastore-registry-676858f7cd-xsjnz,leo02
947,2026-01-16 05:23:08,default,teastore-webui-558b54cc77-qznq9,luish-nitro-an515-57
948,2026-01-16 05:23:26,default,teastore-auth-84d7ccddd9-qgksx,luish-nitro-an515-57
948,2026-01-16 05:23:26,default,teastore-db-84f96b9dd8-w6xsc,luish-aspire-a315-55g
948,2026-01-16 05:23:26,default,teastore-image-79674648d-zfp8d,luish-nitro-an515-57
948,2026-01-16 05:23:26,default,teastore-persistence-784748b4b9-ks892,luish-aspire-a315-55g
948,2026-01-16 05:23:26,default,teastore-recommender-74559c88-sktqc,leo02
948,2026-01-16 05:23:26,default,teastore-registry-676858f7cd-xsjnz,leo02
948,2026-01-16 05:23:26,default,teastore-webui-558b54cc77-l4nj6,luish-nitro-an515-57
949,2026-01-16 05:23:35,default,teastore-auth-84d7ccddd9-qgksx,luish-nitro-an515-57
949,2026-01-16 05:23:35,default,teastore-db-84f96b9dd8-w6xsc,luish-aspire-a315-55g
949,2026-01-16 05:23:35,default,teastore-image-79674648d-zfp8d,luish-nitro-an515-57
949,2026-01-16 05:23:35,default,teastore-persistence-784748b4b9-x2vhc,luish-nitro-an515-57
949,2026-01-16 05:23:35,default,teastore-recommender-74559c88-qg8xc,leo02
949,2026-01-16 05:23:35,default,teastore-registry-676858f7cd-kvvrh,leo02
949,2026-01-16 05:23:35,default,teastore-webui-558b54cc77-l4nj6,luish-nitro-an515-57
950,2026-01-16 05:23:49,default,teastore-auth-84d7ccddd9-qgksx,luish-nitro-an515-57
950,2026-01-16 05:23:49,default,teastore-db-84f96b9dd8-w6xsc,luish-aspire-a315-55g
950,2026-01-16 05:23:49,default,teastore-image-79674648d-zfp8d,luish-nitro-an515-57
950,2026-01-16 05:23:49,default,teastore-persistence-784748b4b9-x2vhc,luish-nitro-an515-57
950,2026-01-16 05:23:49,default,teastore-recommender-74559c88-znz87,leo02
950,2026-01-16 05:23:49,default,teastore-registry-676858f7cd-kvvrh,leo02
950,2026-01-16 05:23:49,default,teastore-webui-558b54cc77-l4nj6,luish-nitro-an515-57
951,2026-01-16 05:24:02,default,teastore-auth-84d7ccddd9-vf7qm,luish-nitro-an515-57
951,2026-01-16 05:24:02,default,teastore-db-84f96b9dd8-q2jmm,luish-aspire-a315-55g
951,2026-01-16 05:24:02,default,teastore-image-79674648d-pcdfj,scorpius03
951,2026-01-16 05:24:02,default,teastore-persistence-784748b4b9-x2vhc,luish-nitro-an515-57
951,2026-01-16 05:24:02,default,teastore-recommender-74559c88-znz87,leo02
951,2026-01-16 05:24:02,default,teastore-registry-676858f7cd-kvvrh,leo02
951,2026-01-16 05:24:02,default,teastore-webui-558b54cc77-d48d4,luish-nitro-an515-57
952,2026-01-16 05:24:11,default,teastore-auth-84d7ccddd9-vf7qm,luish-nitro-an515-57
952,2026-01-16 05:24:11,default,teastore-db-84f96b9dd8-xt7rl,luish-aspire-a315-55g
952,2026-01-16 05:24:11,default,teastore-image-79674648d-pw2np,leo02
952,2026-01-16 05:24:11,default,teastore-persistence-784748b4b9-x2vhc,luish-nitro-an515-57
952,2026-01-16 05:24:11,default,teastore-recommender-74559c88-znz87,leo02
952,2026-01-16 05:24:11,default,teastore-registry-676858f7cd-kvvrh,leo02
952,2026-01-16 05:24:11,default,teastore-webui-558b54cc77-qgpm4,luish-nitro-an515-57
953,2026-01-16 05:24:20,default,teastore-auth-84d7ccddd9-vf7qm,luish-nitro-an515-57
953,2026-01-16 05:24:20,default,teastore-db-84f96b9dd8-xt7rl,luish-aspire-a315-55g
953,2026-01-16 05:24:20,default,teastore-image-79674648d-pw2np,leo02
953,2026-01-16 05:24:20,default,teastore-persistence-784748b4b9-x2vhc,luish-nitro-an515-57
953,2026-01-16 05:24:20,default,teastore-recommender-74559c88-zvrwp,luish-nitro-an515-57
953,2026-01-16 05:24:20,default,teastore-registry-676858f7cd-ttr48,leo02
953,2026-01-16 05:24:20,default,teastore-webui-558b54cc77-trt4q,luish-nitro-an515-57
954,2026-01-16 05:24:28,default,teastore-auth-84d7ccddd9-vf7qm,luish-nitro-an515-57
954,2026-01-16 05:24:28,default,teastore-db-84f96b9dd8-xt7rl,luish-aspire-a315-55g
954,2026-01-16 05:24:28,default,teastore-image-79674648d-pw2np,leo02
954,2026-01-16 05:24:28,default,teastore-persistence-784748b4b9-zkbxz,luish-nitro-an515-57
954,2026-01-16 05:24:28,default,teastore-recommender-74559c88-zvrwp,luish-nitro-an515-57
954,2026-01-16 05:24:28,default,teastore-registry-676858f7cd-ttr48,leo02
954,2026-01-16 05:24:28,default,teastore-webui-558b54cc77-trt4q,luish-nitro-an515-57
955,2026-01-16 05:24:37,default,teastore-auth-84d7ccddd9-v6vp9,luish-aspire-a315-55g
955,2026-01-16 05:24:37,default,teastore-db-84f96b9dd8-xt7rl,luish-aspire-a315-55g
955,2026-01-16 05:24:37,default,teastore-image-79674648d-pw2np,leo02
955,2026-01-16 05:24:37,default,teastore-persistence-784748b4b9-zkbxz,luish-nitro-an515-57
955,2026-01-16 05:24:37,default,teastore-recommender-74559c88-zvrwp,luish-nitro-an515-57
955,2026-01-16 05:24:37,default,teastore-registry-676858f7cd-ttr48,leo02
955,2026-01-16 05:24:37,default,teastore-webui-558b54cc77-trt4q,luish-nitro-an515-57
956,2026-01-16 05:24:46,default,teastore-auth-84d7ccddd9-v6vp9,luish-aspire-a315-55g
956,2026-01-16 05:24:46,default,teastore-db-84f96b9dd8-qclff,scorpius03
956,2026-01-16 05:24:46,default,teastore-image-79674648d-v2l6w,luish-aspire-a315-55g
956,2026-01-16 05:24:46,default,teastore-persistence-784748b4b9-zkbxz,luish-nitro-an515-57
956,2026-01-16 05:24:46,default,teastore-recommender-74559c88-zvrwp,luish-nitro-an515-57
956,2026-01-16 05:24:46,default,teastore-registry-676858f7cd-ttr48,leo02
956,2026-01-16 05:24:46,default,teastore-webui-558b54cc77-zjn7f,leo02
957,2026-01-16 05:24:54,default,teastore-auth-84d7ccddd9-zkbfh,leo02
957,2026-01-16 05:24:54,default,teastore-db-84f96b9dd8-qclff,scorpius03
957,2026-01-16 05:24:54,default,teastore-image-79674648d-v2l6w,luish-aspire-a315-55g
957,2026-01-16 05:24:54,default,teastore-persistence-784748b4b9-zkbxz,luish-nitro-an515-57
957,2026-01-16 05:24:54,default,teastore-recommender-74559c88-z48fl,scorpius03
957,2026-01-16 05:24:54,default,teastore-registry-676858f7cd-htqdk,luish-aspire-a315-55g
957,2026-01-16 05:24:54,default,teastore-webui-558b54cc77-zjn7f,leo02
958,2026-01-16 05:25:03,default,teastore-auth-84d7ccddd9-zkbfh,leo02
958,2026-01-16 05:25:03,default,teastore-db-84f96b9dd8-qclff,scorpius03
958,2026-01-16 05:25:03,default,teastore-image-79674648d-v2l6w,luish-aspire-a315-55g
958,2026-01-16 05:25:03,default,teastore-persistence-784748b4b9-vl2hb,luish-aspire-a315-55g
958,2026-01-16 05:25:03,default,teastore-recommender-74559c88-twzf8,luish-nitro-an515-57
958,2026-01-16 05:25:03,default,teastore-registry-676858f7cd-vp6vj,luish-aspire-a315-55g
958,2026-01-16 05:25:03,default,teastore-webui-558b54cc77-zjn7f,leo02
959,2026-01-16 05:25:11,default,teastore-auth-84d7ccddd9-zkbfh,leo02
959,2026-01-16 05:25:11,default,teastore-db-84f96b9dd8-pdg6p,leo02
959,2026-01-16 05:25:11,default,teastore-image-79674648d-v2l6w,luish-aspire-a315-55g
959,2026-01-16 05:25:11,default,teastore-persistence-784748b4b9-vl2hb,luish-aspire-a315-55g
959,2026-01-16 05:25:11,default,teastore-recommender-74559c88-rmz8t,luish-nitro-an515-57
959,2026-01-16 05:25:11,default,teastore-registry-676858f7cd-wkgpp,leo02
959,2026-01-16 05:25:11,default,teastore-webui-558b54cc77-zjn7f,leo02
960,2026-01-16 05:25:20,default,teastore-auth-84d7ccddd9-zkbfh,leo02
960,2026-01-16 05:25:20,default,teastore-db-84f96b9dd8-pdg6p,leo02
960,2026-01-16 05:25:20,default,teastore-image-79674648d-v2l6w,luish-aspire-a315-55g
960,2026-01-16 05:25:20,default,teastore-persistence-784748b4b9-vl2hb,luish-aspire-a315-55g
960,2026-01-16 05:25:20,default,teastore-recommender-74559c88-wjbv8,leo02
960,2026-01-16 05:25:20,default,teastore-registry-676858f7cd-wkgpp,leo02
960,2026-01-16 05:25:20,default,teastore-webui-558b54cc77-njd2g,luish-nitro-an515-57
961,2026-01-16 05:25:29,default,teastore-auth-84d7ccddd9-pwcgl,scorpius03
961,2026-01-16 05:25:29,default,teastore-db-84f96b9dd8-sq55m,luish-aspire-a315-55g
961,2026-01-16 05:25:29,default,teastore-image-79674648d-sxh9j,luish-nitro-an515-57
961,2026-01-16 05:25:29,default,teastore-persistence-784748b4b9-vl2hb,luish-aspire-a315-55g
961,2026-01-16 05:25:29,default,teastore-recommender-74559c88-wjbv8,leo02
961,2026-01-16 05:25:29,default,teastore-registry-676858f7cd-zmrmk,luish-aspire-a315-55g
961,2026-01-16 05:25:29,default,teastore-webui-558b54cc77-njd2g,luish-nitro-an515-57
962,2026-01-16 05:25:37,default,teastore-auth-84d7ccddd9-pwcgl,scorpius03
962,2026-01-16 05:25:37,default,teastore-db-84f96b9dd8-sq55m,luish-aspire-a315-55g
962,2026-01-16 05:25:37,default,teastore-image-79674648d-sxh9j,luish-nitro-an515-57
962,2026-01-16 05:25:37,default,teastore-persistence-784748b4b9-vl2hb,luish-aspire-a315-55g
962,2026-01-16 05:25:37,default,teastore-recommender-74559c88-wjbv8,leo02
962,2026-01-16 05:25:37,default,teastore-registry-676858f7cd-zmrmk,luish-aspire-a315-55g
962,2026-01-16 05:25:37,default,teastore-webui-558b54cc77-tmsg6,leo02
963,2026-01-16 05:25:46,default,teastore-auth-84d7ccddd9-pwcgl,scorpius03
963,2026-01-16 05:25:46,default,teastore-db-84f96b9dd8-wmggw,luish-aspire-a315-55g
963,2026-01-16 05:25:46,default,teastore-image-79674648d-lggk7,luish-aspire-a315-55g
963,2026-01-16 05:25:46,default,teastore-persistence-784748b4b9-vzf47,luish-nitro-an515-57
963,2026-01-16 05:25:46,default,teastore-recommender-74559c88-wjbv8,leo02
963,2026-01-16 05:25:46,default,teastore-registry-676858f7cd-zmrmk,luish-aspire-a315-55g
963,2026-01-16 05:25:46,default,teastore-webui-558b54cc77-tmsg6,leo02
964,2026-01-16 05:25:54,default,teastore-auth-84d7ccddd9-pwcgl,scorpius03
964,2026-01-16 05:25:54,default,teastore-db-84f96b9dd8-wmggw,luish-aspire-a315-55g
964,2026-01-16 05:25:54,default,teastore-image-79674648d-nsln2,luish-nitro-an515-57
964,2026-01-16 05:25:54,default,teastore-persistence-784748b4b9-vzf47,luish-nitro-an515-57
964,2026-01-16 05:25:54,default,teastore-recommender-74559c88-vv9gz,luish-nitro-an515-57
964,2026-01-16 05:25:54,default,teastore-registry-676858f7cd-zmrmk,luish-aspire-a315-55g
964,2026-01-16 05:25:54,default,teastore-webui-558b54cc77-tmsg6,leo02
965,2026-01-16 05:26:03,default,teastore-auth-84d7ccddd9-d9jfm,luish-aspire-a315-55g
965,2026-01-16 05:26:03,default,teastore-db-84f96b9dd8-wmggw,luish-aspire-a315-55g
965,2026-01-16 05:26:03,default,teastore-image-79674648d-nsln2,luish-nitro-an515-57
965,2026-01-16 05:26:03,default,teastore-persistence-784748b4b9-x2bvf,luish-aspire-a315-55g
965,2026-01-16 05:26:03,default,teastore-recommender-74559c88-xws4b,luish-nitro-an515-57
965,2026-01-16 05:26:03,default,teastore-registry-676858f7cd-zmrmk,luish-aspire-a315-55g
965,2026-01-16 05:26:03,default,teastore-webui-558b54cc77-tmsg6,leo02
966,2026-01-16 05:26:12,default,teastore-auth-84d7ccddd9-jb8dx,luish-nitro-an515-57
966,2026-01-16 05:26:12,default,teastore-db-84f96b9dd8-wmggw,luish-aspire-a315-55g
966,2026-01-16 05:26:12,default,teastore-image-79674648d-x2gmp,leo02
966,2026-01-16 05:26:12,default,teastore-persistence-784748b4b9-x2bvf,luish-aspire-a315-55g
966,2026-01-16 05:26:12,default,teastore-recommender-74559c88-xws4b,luish-nitro-an515-57
966,2026-01-16 05:26:12,default,teastore-registry-676858f7cd-lmgxb,luish-aspire-a315-55g
966,2026-01-16 05:26:12,default,teastore-webui-558b54cc77-nw699,scorpius03
967,2026-01-16 05:26:20,default,teastore-auth-84d7ccddd9-zbc2b,luish-nitro-an515-57
967,2026-01-16 05:26:20,default,teastore-db-84f96b9dd8-wmggw,luish-aspire-a315-55g
967,2026-01-16 05:26:20,default,teastore-image-79674648d-x2gmp,leo02
967,2026-01-16 05:26:20,default,teastore-persistence-784748b4b9-x2bvf,luish-aspire-a315-55g
967,2026-01-16 05:26:20,default,teastore-recommender-74559c88-xws4b,luish-nitro-an515-57
967,2026-01-16 05:26:20,default,teastore-registry-676858f7cd-lmgxb,luish-aspire-a315-55g
967,2026-01-16 05:26:20,default,teastore-webui-558b54cc77-js6hq,luish-nitro-an515-57
968,2026-01-16 05:26:29,default,teastore-auth-84d7ccddd9-zbc2b,luish-nitro-an515-57
968,2026-01-16 05:26:29,default,teastore-db-84f96b9dd8-fbk5m,scorpius03
968,2026-01-16 05:26:29,default,teastore-image-79674648d-x2gmp,leo02
968,2026-01-16 05:26:29,default,teastore-persistence-784748b4b9-xpwf8,luish-nitro-an515-57
968,2026-01-16 05:26:29,default,teastore-recommender-74559c88-xws4b,luish-nitro-an515-57
968,2026-01-16 05:26:29,default,teastore-registry-676858f7cd-lmgxb,luish-aspire-a315-55g
968,2026-01-16 05:26:29,default,teastore-webui-558b54cc77-vqbrj,leo02
969,2026-01-16 05:26:37,default,teastore-auth-84d7ccddd9-zbc2b,luish-nitro-an515-57
969,2026-01-16 05:26:37,default,teastore-db-84f96b9dd8-96n6g,scorpius03
969,2026-01-16 05:26:37,default,teastore-image-79674648d-x2gmp,leo02
969,2026-01-16 05:26:37,default,teastore-persistence-784748b4b9-xpwf8,luish-nitro-an515-57
969,2026-01-16 05:26:37,default,teastore-recommender-74559c88-w2ksr,scorpius03
969,2026-01-16 05:26:37,default,teastore-registry-676858f7cd-tj86x,luish-aspire-a315-55g
969,2026-01-16 05:26:37,default,teastore-webui-558b54cc77-vqbrj,leo02
970,2026-01-16 05:26:56,default,teastore-auth-84d7ccddd9-qwskz,leo02
970,2026-01-16 05:26:56,default,teastore-db-84f96b9dd8-lx4wn,luish-aspire-a315-55g
970,2026-01-16 05:26:56,default,teastore-image-79674648d-vgzh9,scorpius03
970,2026-01-16 05:26:56,default,teastore-persistence-784748b4b9-spcgh,luish-nitro-an515-57
970,2026-01-16 05:26:56,default,teastore-recommender-74559c88-d95tb,luish-aspire-a315-55g
970,2026-01-16 05:26:56,default,teastore-registry-676858f7cd-tj86x,luish-aspire-a315-55g
970,2026-01-16 05:26:56,default,teastore-webui-558b54cc77-vqbrj,leo02
971,2026-01-16 05:27:20,default,teastore-auth-84d7ccddd9-kzfrz,luish-aspire-a315-55g
971,2026-01-16 05:27:20,default,teastore-db-84f96b9dd8-lx4wn,luish-aspire-a315-55g
971,2026-01-16 05:27:20,default,teastore-image-79674648d-vmc65,luish-nitro-an515-57
971,2026-01-16 05:27:20,default,teastore-persistence-784748b4b9-mlfjm,leo02
971,2026-01-16 05:27:20,default,teastore-recommender-74559c88-plrnc,scorpius03
971,2026-01-16 05:27:20,default,teastore-registry-676858f7cd-x2kgw,luish-aspire-a315-55g
971,2026-01-16 05:27:20,default,teastore-webui-558b54cc77-qwksh,leo02
972,2026-01-16 05:27:28,default,teastore-auth-84d7ccddd9-tkfhl,luish-nitro-an515-57
972,2026-01-16 05:27:28,default,teastore-db-84f96b9dd8-lx4wn,luish-aspire-a315-55g
972,2026-01-16 05:27:28,default,teastore-image-79674648d-vmc65,luish-nitro-an515-57
972,2026-01-16 05:27:28,default,teastore-persistence-784748b4b9-s57rl,leo02
972,2026-01-16 05:27:28,default,teastore-recommender-74559c88-xlcdn,leo02
972,2026-01-16 05:27:28,default,teastore-registry-676858f7cd-x2kgw,luish-aspire-a315-55g
972,2026-01-16 05:27:28,default,teastore-webui-558b54cc77-qwksh,leo02
973,2026-01-16 05:27:37,default,teastore-auth-84d7ccddd9-zsz99,luish-aspire-a315-55g
973,2026-01-16 05:27:37,default,teastore-db-84f96b9dd8-lx4wn,luish-aspire-a315-55g
973,2026-01-16 05:27:37,default,teastore-image-79674648d-vmc65,luish-nitro-an515-57
973,2026-01-16 05:27:37,default,teastore-persistence-784748b4b9-s57rl,leo02
973,2026-01-16 05:27:37,default,teastore-recommender-74559c88-xlcdn,leo02
973,2026-01-16 05:27:37,default,teastore-registry-676858f7cd-x2kgw,luish-aspire-a315-55g
973,2026-01-16 05:27:37,default,teastore-webui-558b54cc77-qwksh,leo02
974,2026-01-16 05:27:45,default,teastore-auth-84d7ccddd9-zsz99,luish-aspire-a315-55g
974,2026-01-16 05:27:45,default,teastore-db-84f96b9dd8-z5g7w,luish-aspire-a315-55g
974,2026-01-16 05:27:45,default,teastore-image-79674648d-vmc65,luish-nitro-an515-57
974,2026-01-16 05:27:45,default,teastore-persistence-784748b4b9-s57rl,leo02
974,2026-01-16 05:27:45,default,teastore-recommender-74559c88-xlcdn,leo02
974,2026-01-16 05:27:45,default,teastore-registry-676858f7cd-x2kgw,luish-aspire-a315-55g
974,2026-01-16 05:27:45,default,teastore-webui-558b54cc77-qwksh,leo02
975,2026-01-16 05:27:59,default,teastore-auth-84d7ccddd9-zsz99,luish-aspire-a315-55g
975,2026-01-16 05:27:59,default,teastore-db-84f96b9dd8-z5g7w,luish-aspire-a315-55g
975,2026-01-16 05:27:59,default,teastore-image-79674648d-qr78x,leo02
975,2026-01-16 05:27:59,default,teastore-persistence-784748b4b9-rh8qn,scorpius03
975,2026-01-16 05:27:59,default,teastore-recommender-74559c88-nf8hq,luish-nitro-an515-57
975,2026-01-16 05:27:59,default,teastore-registry-676858f7cd-gv2kf,luish-nitro-an515-57
975,2026-01-16 05:27:59,default,teastore-webui-558b54cc77-qh65j,leo02
976,2026-01-16 05:28:18,default,teastore-auth-84d7ccddd9-tkfhl,luish-nitro-an515-57
976,2026-01-16 05:28:18,default,teastore-db-84f96b9dd8-z5g7w,luish-aspire-a315-55g
976,2026-01-16 05:28:18,default,teastore-image-79674648d-vr9vd,scorpius03
976,2026-01-16 05:28:18,default,teastore-persistence-784748b4b9-rh8qn,scorpius03
976,2026-01-16 05:28:18,default,teastore-recommender-74559c88-nf8hq,luish-nitro-an515-57
976,2026-01-16 05:28:18,default,teastore-registry-676858f7cd-gv2kf,luish-nitro-an515-57
976,2026-01-16 05:28:18,default,teastore-webui-558b54cc77-qh65j,leo02
977,2026-01-16 05:28:36,default,teastore-auth-84d7ccddd9-xdtjk,luish-aspire-a315-55g
977,2026-01-16 05:28:36,default,teastore-db-84f96b9dd8-qp5h8,luish-aspire-a315-55g
977,2026-01-16 05:28:36,default,teastore-image-79674648d-vr9vd,scorpius03
977,2026-01-16 05:28:36,default,teastore-persistence-784748b4b9-958zw,scorpius03
977,2026-01-16 05:28:36,default,teastore-recommender-74559c88-nf8hq,luish-nitro-an515-57
977,2026-01-16 05:28:36,default,teastore-registry-676858f7cd-zbkqf,luish-aspire-a315-55g
977,2026-01-16 05:28:36,default,teastore-webui-558b54cc77-zvj2d,luish-nitro-an515-57
978,2026-01-16 05:29:05,default,teastore-auth-84d7ccddd9-xdtjk,luish-aspire-a315-55g
978,2026-01-16 05:29:05,default,teastore-db-84f96b9dd8-zxmxh,leo02
978,2026-01-16 05:29:05,default,teastore-image-79674648d-rmlz7,leo02
978,2026-01-16 05:29:05,default,teastore-persistence-784748b4b9-pvjzp,luish-aspire-a315-55g
978,2026-01-16 05:29:05,default,teastore-recommender-74559c88-nf8hq,luish-nitro-an515-57
978,2026-01-16 05:29:05,default,teastore-registry-676858f7cd-zbkqf,luish-aspire-a315-55g
978,2026-01-16 05:29:05,default,teastore-webui-558b54cc77-zvj2d,luish-nitro-an515-57
979,2026-01-16 05:29:28,default,teastore-auth-84d7ccddd9-bjhwf,luish-aspire-a315-55g
979,2026-01-16 05:29:28,default,teastore-db-84f96b9dd8-zxmxh,leo02
979,2026-01-16 05:29:28,default,teastore-image-79674648d-dbzxr,luish-aspire-a315-55g
979,2026-01-16 05:29:28,default,teastore-persistence-784748b4b9-pvjzp,luish-aspire-a315-55g
979,2026-01-16 05:29:28,default,teastore-recommender-74559c88-nf8hq,luish-nitro-an515-57
979,2026-01-16 05:29:28,default,teastore-registry-676858f7cd-wndt7,leo02
979,2026-01-16 05:29:28,default,teastore-webui-558b54cc77-zvj2d,luish-nitro-an515-57
980,2026-01-16 05:29:47,default,teastore-auth-84d7ccddd9-bjhwf,luish-aspire-a315-55g
980,2026-01-16 05:29:47,default,teastore-db-84f96b9dd8-vvw5t,leo02
980,2026-01-16 05:29:47,default,teastore-image-79674648d-5sq78,scorpius03
980,2026-01-16 05:29:47,default,teastore-persistence-784748b4b9-s79js,luish-nitro-an515-57
980,2026-01-16 05:29:47,default,teastore-recommender-74559c88-tbl9c,leo02
980,2026-01-16 05:29:47,default,teastore-registry-676858f7cd-wh2xt,luish-aspire-a315-55g
980,2026-01-16 05:29:47,default,teastore-webui-558b54cc77-zvj2d,luish-nitro-an515-57
981,2026-01-16 05:30:06,default,teastore-auth-84d7ccddd9-k6nfw,scorpius03
981,2026-01-16 05:30:06,default,teastore-db-84f96b9dd8-wq6dz,luish-aspire-a315-55g
981,2026-01-16 05:30:06,default,teastore-image-79674648d-8qj2n,luish-aspire-a315-55g
981,2026-01-16 05:30:06,default,teastore-persistence-784748b4b9-s79js,luish-nitro-an515-57
981,2026-01-16 05:30:06,default,teastore-recommender-74559c88-tbl9c,leo02
981,2026-01-16 05:30:06,default,teastore-registry-676858f7cd-x8dgw,luish-aspire-a315-55g
981,2026-01-16 05:30:06,default,teastore-webui-558b54cc77-zvj2d,luish-nitro-an515-57
982,2026-01-16 05:30:19,default,teastore-auth-84d7ccddd9-k6nfw,scorpius03
982,2026-01-16 05:30:19,default,teastore-db-84f96b9dd8-wq6dz,luish-aspire-a315-55g
982,2026-01-16 05:30:19,default,teastore-image-79674648d-8qj2n,luish-aspire-a315-55g
982,2026-01-16 05:30:19,default,teastore-persistence-784748b4b9-s79js,luish-nitro-an515-57
982,2026-01-16 05:30:19,default,teastore-recommender-74559c88-cz66g,leo02
982,2026-01-16 05:30:19,default,teastore-registry-676858f7cd-x8dgw,luish-aspire-a315-55g
982,2026-01-16 05:30:19,default,teastore-webui-558b54cc77-wkrcz,luish-nitro-an515-57
983,2026-01-16 05:30:48,default,teastore-auth-84d7ccddd9-fzzgg,scorpius03
983,2026-01-16 05:30:48,default,teastore-db-84f96b9dd8-8q5cf,leo02
983,2026-01-16 05:30:48,default,teastore-image-79674648d-5xgh2,leo02
983,2026-01-16 05:30:48,default,teastore-persistence-784748b4b9-qdsjp,leo02
983,2026-01-16 05:30:48,default,teastore-recommender-74559c88-z2jtr,scorpius03
983,2026-01-16 05:30:48,default,teastore-registry-676858f7cd-srkxf,luish-aspire-a315-55g
983,2026-01-16 05:30:48,default,teastore-webui-558b54cc77-wkrcz,luish-nitro-an515-57
984,2026-01-16 05:30:57,default,teastore-auth-84d7ccddd9-fzzgg,scorpius03
984,2026-01-16 05:30:57,default,teastore-db-84f96b9dd8-rm99k,luish-aspire-a315-55g
984,2026-01-16 05:30:57,default,teastore-image-79674648d-mp4kh,luish-aspire-a315-55g
984,2026-01-16 05:30:57,default,teastore-persistence-784748b4b9-qdsjp,leo02
984,2026-01-16 05:30:57,default,teastore-recommender-74559c88-z2jtr,scorpius03
984,2026-01-16 05:30:57,default,teastore-registry-676858f7cd-srkxf,luish-aspire-a315-55g
984,2026-01-16 05:30:57,default,teastore-webui-558b54cc77-wkrcz,luish-nitro-an515-57
985,2026-01-16 05:31:15,default,teastore-auth-84d7ccddd9-fzzgg,scorpius03
985,2026-01-16 05:31:15,default,teastore-db-84f96b9dd8-v5vks,luish-nitro-an515-57
985,2026-01-16 05:31:15,default,teastore-image-79674648d-x8p2s,luish-nitro-an515-57
985,2026-01-16 05:31:15,default,teastore-persistence-784748b4b9-vnt25,luish-aspire-a315-55g
985,2026-01-16 05:31:15,default,teastore-recommender-74559c88-z2jtr,scorpius03
985,2026-01-16 05:31:15,default,teastore-registry-676858f7cd-mskbt,luish-nitro-an515-57
985,2026-01-16 05:31:15,default,teastore-webui-558b54cc77-mqnkr,leo02
986,2026-01-16 05:31:24,default,teastore-auth-84d7ccddd9-r44jl,luish-nitro-an515-57
986,2026-01-16 05:31:24,default,teastore-db-84f96b9dd8-v5vks,luish-nitro-an515-57
986,2026-01-16 05:31:24,default,teastore-image-79674648d-x8p2s,luish-nitro-an515-57
986,2026-01-16 05:31:24,default,teastore-persistence-784748b4b9-vnt25,luish-aspire-a315-55g
986,2026-01-16 05:31:24,default,teastore-recommender-74559c88-g5hgm,luish-nitro-an515-57
986,2026-01-16 05:31:24,default,teastore-registry-676858f7cd-mskbt,luish-nitro-an515-57
986,2026-01-16 05:31:24,default,teastore-webui-558b54cc77-mqnkr,leo02
987,2026-01-16 05:31:32,default,teastore-auth-84d7ccddd9-t62rf,scorpius03
987,2026-01-16 05:31:32,default,teastore-db-84f96b9dd8-v5vks,luish-nitro-an515-57
987,2026-01-16 05:31:32,default,teastore-image-79674648d-x8p2s,luish-nitro-an515-57
987,2026-01-16 05:31:32,default,teastore-persistence-784748b4b9-vnt25,luish-aspire-a315-55g
987,2026-01-16 05:31:32,default,teastore-recommender-74559c88-g5hgm,luish-nitro-an515-57
987,2026-01-16 05:31:32,default,teastore-registry-676858f7cd-mskbt,luish-nitro-an515-57
987,2026-01-16 05:31:32,default,teastore-webui-558b54cc77-s98xc,luish-nitro-an515-57
988,2026-01-16 05:31:41,default,teastore-auth-84d7ccddd9-t62rf,scorpius03
988,2026-01-16 05:31:41,default,teastore-db-84f96b9dd8-n4n79,leo02
988,2026-01-16 05:31:41,default,teastore-image-79674648d-vckfw,leo02
988,2026-01-16 05:31:41,default,teastore-persistence-784748b4b9-grx28,leo02
988,2026-01-16 05:31:41,default,teastore-recommender-74559c88-lpzp9,scorpius03
988,2026-01-16 05:31:41,default,teastore-registry-676858f7cd-k4mkn,leo02
988,2026-01-16 05:31:41,default,teastore-webui-558b54cc77-s98xc,luish-nitro-an515-57
989,2026-01-16 05:32:09,default,teastore-auth-84d7ccddd9-wpnwx,scorpius03
989,2026-01-16 05:32:09,default,teastore-db-84f96b9dd8-bn7kx,luish-aspire-a315-55g
989,2026-01-16 05:32:09,default,teastore-image-79674648d-vckfw,leo02
989,2026-01-16 05:32:09,default,teastore-persistence-784748b4b9-d68xn,luish-aspire-a315-55g
989,2026-01-16 05:32:09,default,teastore-recommender-74559c88-t9phh,luish-aspire-a315-55g
989,2026-01-16 05:32:09,default,teastore-registry-676858f7cd-lc8sf,scorpius03
989,2026-01-16 05:32:09,default,teastore-webui-558b54cc77-twhfc,scorpius03
990,2026-01-16 05:32:23,default,teastore-auth-84d7ccddd9-wpnwx,scorpius03
990,2026-01-16 05:32:23,default,teastore-db-84f96b9dd8-fdhx5,luish-aspire-a315-55g
990,2026-01-16 05:32:23,default,teastore-image-79674648d-vckfw,leo02
990,2026-01-16 05:32:23,default,teastore-persistence-784748b4b9-ffxjm,luish-nitro-an515-57
990,2026-01-16 05:32:23,default,teastore-recommender-74559c88-t9phh,luish-aspire-a315-55g
990,2026-01-16 05:32:23,default,teastore-registry-676858f7cd-z2j7k,leo02
990,2026-01-16 05:32:23,default,teastore-webui-558b54cc77-twhfc,scorpius03
991,2026-01-16 05:32:47,default,teastore-auth-84d7ccddd9-lm4cj,luish-nitro-an515-57
991,2026-01-16 05:32:47,default,teastore-db-84f96b9dd8-fdhx5,luish-aspire-a315-55g
991,2026-01-16 05:32:47,default,teastore-image-79674648d-qgql7,luish-aspire-a315-55g
991,2026-01-16 05:32:47,default,teastore-persistence-784748b4b9-ffxjm,luish-nitro-an515-57
991,2026-01-16 05:32:47,default,teastore-recommender-74559c88-t65kb,scorpius03
991,2026-01-16 05:32:47,default,teastore-registry-676858f7cd-z2j7k,leo02
991,2026-01-16 05:32:47,default,teastore-webui-558b54cc77-7fdjv,leo02
992,2026-01-16 05:33:05,default,teastore-auth-84d7ccddd9-qp5gq,leo02
992,2026-01-16 05:33:05,default,teastore-db-84f96b9dd8-fdhx5,luish-aspire-a315-55g
992,2026-01-16 05:33:05,default,teastore-image-79674648d-tsj79,luish-nitro-an515-57
992,2026-01-16 05:33:05,default,teastore-persistence-784748b4b9-ffxjm,luish-nitro-an515-57
992,2026-01-16 05:33:05,default,teastore-recommender-74559c88-t65kb,scorpius03
992,2026-01-16 05:33:05,default,teastore-registry-676858f7cd-z2j7k,leo02
992,2026-01-16 05:33:05,default,teastore-webui-558b54cc77-9spqq,scorpius03
993,2026-01-16 05:33:14,default,teastore-auth-84d7ccddd9-qt684,luish-aspire-a315-55g
993,2026-01-16 05:33:14,default,teastore-db-84f96b9dd8-8c6ld,luish-nitro-an515-57
993,2026-01-16 05:33:14,default,teastore-image-79674648d-tsj79,luish-nitro-an515-57
993,2026-01-16 05:33:14,default,teastore-persistence-784748b4b9-bsd52,luish-nitro-an515-57
993,2026-01-16 05:33:14,default,teastore-recommender-74559c88-qqjlv,luish-aspire-a315-55g
993,2026-01-16 05:33:14,default,teastore-registry-676858f7cd-s744p,scorpius03
993,2026-01-16 05:33:14,default,teastore-webui-558b54cc77-hlprb,luish-nitro-an515-57
994,2026-01-16 05:33:22,default,teastore-auth-84d7ccddd9-qt684,luish-aspire-a315-55g
994,2026-01-16 05:33:22,default,teastore-db-84f96b9dd8-fd8ct,leo02
994,2026-01-16 05:33:22,default,teastore-image-79674648d-tsj79,luish-nitro-an515-57
994,2026-01-16 05:33:22,default,teastore-persistence-784748b4b9-bsd52,luish-nitro-an515-57
994,2026-01-16 05:33:22,default,teastore-recommender-74559c88-qqjlv,luish-aspire-a315-55g
994,2026-01-16 05:33:22,default,teastore-registry-676858f7cd-s744p,scorpius03
994,2026-01-16 05:33:22,default,teastore-webui-558b54cc77-hlprb,luish-nitro-an515-57
995,2026-01-16 05:33:31,default,teastore-auth-84d7ccddd9-vdbjv,luish-aspire-a315-55g
995,2026-01-16 05:33:31,default,teastore-db-84f96b9dd8-fd8ct,leo02
995,2026-01-16 05:33:31,default,teastore-image-79674648d-tsj79,luish-nitro-an515-57
995,2026-01-16 05:33:31,default,teastore-persistence-784748b4b9-f82t2,luish-nitro-an515-57
995,2026-01-16 05:33:31,default,teastore-recommender-74559c88-qqjlv,luish-aspire-a315-55g
995,2026-01-16 05:33:31,default,teastore-registry-676858f7cd-sgmt8,luish-nitro-an515-57
995,2026-01-16 05:33:31,default,teastore-webui-558b54cc77-vcdf4,luish-nitro-an515-57
996,2026-01-16 05:33:40,default,teastore-auth-84d7ccddd9-vdbjv,luish-aspire-a315-55g
996,2026-01-16 05:33:40,default,teastore-db-84f96b9dd8-fd8ct,leo02
996,2026-01-16 05:33:40,default,teastore-image-79674648d-mpl8c,scorpius03
996,2026-01-16 05:33:40,default,teastore-persistence-784748b4b9-f82t2,luish-nitro-an515-57
996,2026-01-16 05:33:40,default,teastore-recommender-74559c88-qqjlv,luish-aspire-a315-55g
996,2026-01-16 05:33:40,default,teastore-registry-676858f7cd-sgmt8,luish-nitro-an515-57
996,2026-01-16 05:33:40,default,teastore-webui-558b54cc77-vcdf4,luish-nitro-an515-57
997,2026-01-16 05:33:48,default,teastore-auth-84d7ccddd9-vdbjv,luish-aspire-a315-55g
997,2026-01-16 05:33:48,default,teastore-db-84f96b9dd8-fd8ct,leo02
997,2026-01-16 05:33:48,default,teastore-image-79674648d-mpl8c,scorpius03
997,2026-01-16 05:33:48,default,teastore-persistence-784748b4b9-f82t2,luish-nitro-an515-57
997,2026-01-16 05:33:48,default,teastore-recommender-74559c88-t75pw,luish-nitro-an515-57
997,2026-01-16 05:33:48,default,teastore-registry-676858f7cd-sgmt8,luish-nitro-an515-57
997,2026-01-16 05:33:48,default,teastore-webui-558b54cc77-vcdf4,luish-nitro-an515-57
998,2026-01-16 05:33:57,default,teastore-auth-84d7ccddd9-vdbjv,luish-aspire-a315-55g
998,2026-01-16 05:33:57,default,teastore-db-84f96b9dd8-fd8ct,leo02
998,2026-01-16 05:33:57,default,teastore-image-79674648d-jr4dn,scorpius03
998,2026-01-16 05:33:57,default,teastore-persistence-784748b4b9-hmgxs,luish-aspire-a315-55g
998,2026-01-16 05:33:57,default,teastore-recommender-74559c88-t75pw,luish-nitro-an515-57
998,2026-01-16 05:33:57,default,teastore-registry-676858f7cd-sgmt8,luish-nitro-an515-57
998,2026-01-16 05:33:57,default,teastore-webui-558b54cc77-vcdf4,luish-nitro-an515-57
999,2026-01-16 05:34:05,default,teastore-auth-84d7ccddd9-vdbjv,luish-aspire-a315-55g
999,2026-01-16 05:34:05,default,teastore-db-84f96b9dd8-b8n5s,scorpius03
999,2026-01-16 05:34:05,default,teastore-image-79674648d-tzxhx,luish-nitro-an515-57
999,2026-01-16 05:34:05,default,teastore-persistence-784748b4b9-hmgxs,luish-aspire-a315-55g
999,2026-01-16 05:34:05,default,teastore-recommender-74559c88-t75pw,luish-nitro-an515-57
999,2026-01-16 05:34:05,default,teastore-registry-676858f7cd-lkw9f,luish-aspire-a315-55g
999,2026-01-16 05:34:05,default,teastore-webui-558b54cc77-s2sh2,leo02
1000,2026-01-16 05:34:19,default,teastore-auth-84d7ccddd9-mzdqc,leo02
1000,2026-01-16 05:34:19,default,teastore-db-84f96b9dd8-t454c,leo02
1000,2026-01-16 05:34:19,default,teastore-image-79674648d-tzxhx,luish-nitro-an515-57
1000,2026-01-16 05:34:19,default,teastore-persistence-784748b4b9-pww8n,leo02
1000,2026-01-16 05:34:19,default,teastore-recommender-74559c88-xk6hk,luish-nitro-an515-57
1000,2026-01-16 05:34:19,default,teastore-registry-676858f7cd-lkw9f,luish-aspire-a315-55g
1000,2026-01-16 05:34:19,default,teastore-webui-558b54cc77-s2sh2,leo02