========================================
🔬 EXPERIMENTO: HIGH=15, LOW=15, MED=13
   Escenarios: 3
   Total ejecuciones: 43
   Inicio: 2026-02-26 00:40:47
========================================

########################################################
🔄 ESCENARIO: low | ITERACIÓN: 1 / 15
   Hora: 00:40:47
########################################################
========================================
🔋 FASE 1: Descarga de imágenes (low, iter 1)
========================================
📋 Capturando PIDs (gepidstea.sh)...
📋 Capturando PIDs de contenedores (kpsnodos.sh)...
🔋 [00:41:08] Iniciando medición de energía: fase1_descarga_low_iter1 (25s)
   PID de medición: 1287403
🚀 Desplegando TeaStore desde /home/luish/Documents/death/teastore/TeaStore/examples/kubernetes/teastore-energy-scheduler.yaml...
========================================
🔋 MEASURE ENERGY - Fase: fase1_descarga_low_iter1
   Duración: 25s
   PID: 1287403
========================================
=== Medición bloque 25s - Fase: fase1_descarga_low_iter1 ===
[⏱ 00:41:08] Iniciando ecofloc en nitro5 por 25s (fase: fase1_descarga_low_iter1)
⏳ Esperando a que todos los pods de TeaStore estén Running y Ready...
  ├─ [nitro5:sd] start 00:41:09
  ├─ [nitro5:ram] start 00:41:09
  ├─ [nitro5:nic] start 00:41:09
[⏱ 00:41:10] Iniciando ecofloc en aspire por 25s (fase: fase1_descarga_low_iter1)
  ├─ [nitro5:cpu] start 00:41:10
  ├─ [aspire:sd] start 00:41:10
  ├─ [aspire:ram] start 00:41:10
  ├─ [aspire:nic] start 00:41:10
[⏱ 00:41:10] Iniciando ecofloc en scorpius por 25s (fase: fase1_descarga_low_iter1)
  ├─ [aspire:cpu] start 00:41:10
  ├─ [scorpius:sd] start 00:41:10
  ├─ [scorpius:ram] start 00:41:10
[⏱ 00:41:10] Iniciando ecofloc en leo por 25s (fase: fase1_descarga_low_iter1)
  ├─ [scorpius:nic] start 00:41:10
  ├─ [scorpius:cpu] start 00:41:10
  ├─ [leo:sd] start 00:41:10
  ├─ [leo:ram] start 00:41:10
  ├─ [leo:nic] start 00:41:10
  ├─ [leo:cpu] start 00:41:10
✅ Pods listos.
⏳ [00:41:13] Esperando que termine medición: fase1_descarga_low_iter1 (PID: 1287403)
  └─ [nitro5:sd] end 00:41:34
  └─ [nitro5:ram] end 00:41:34
  └─ [nitro5:nic] end 00:41:34
  └─ [nitro5:cpu] end 00:41:35
  └─ [aspire:cpu] end 00:41:37
  └─ [aspire:sd] end 00:41:37
  └─ [leo:sd] end 00:41:37
  └─ [leo:nic] end 00:41:37
  └─ [aspire:nic] end 00:41:37
  └─ [scorpius:sd] end 00:41:37
  └─ [leo:cpu] end 00:41:37
  └─ [scorpius:cpu] end 00:41:37
  └─ [aspire:ram] end 00:41:37
  └─ [leo:ram] end 00:41:38
  └─ [scorpius:nic] end 00:41:38
  └─ [scorpius:ram] end 00:41:38
=== Bloque 25s terminado - Fase: fase1_descarga_low_iter1 ===
[🧹] Limpiando CSVs internos de ecofloc en cada nodo (fase: fase1_descarga_low_iter1)...
  ✔ [nitro5:cpu] limpiado /home/luish/Documents/p3/ecofloc2/ecofloc/ecofloc-cpu/ECOFLOC_CPU_COMM_text.csv
  ✔ [nitro5:nic] limpiado /home/luish/Documents/p3/ecofloc2/ecofloc/ecofloc-nic/ECOFLOC_NIC_COMM_text.csv
  ✔ [nitro5:ram] limpiado /home/luish/Documents/p3/ecofloc2/ecofloc/ecofloc-ram/ECOFLOC_RAM_COMM_text.csv
  ✔ [nitro5:sd] limpiado /home/luish/Documents/p3/ecofloc2/ecofloc/ecofloc-sd/ECOFLOC_SD_COMM_text.csv
  ✔ [leo:cpu] limpiado /home/leo/ecofloc/ecofloc-cpu/ECOFLOC_CPU_COMM_text.csv
  ✔ [leo:nic] limpiado /home/leo/ecofloc/ecofloc-nic/ECOFLOC_NIC_COMM_text.csv
  ✔ [leo:ram] limpiado /home/leo/ecofloc/ecofloc-ram/ECOFLOC_RAM_COMM_text.csv
  ✔ [leo:sd] limpiado /home/leo/ecofloc/ecofloc-sd/ECOFLOC_SD_COMM_text.csv
  ✔ [aspire:cpu] limpiado /home/luish/Documents/p3/ecofloc2/ecofloc/ecofloc-cpu/ECOFLOC_CPU_COMM_text.csv
  ✔ [aspire:nic] limpiado /home/luish/Documents/p3/ecofloc2/ecofloc/ecofloc-nic/ECOFLOC_NIC_COMM_text.csv
  ✔ [aspire:ram] limpiado /home/luish/Documents/p3/ecofloc2/ecofloc/ecofloc-ram/ECOFLOC_RAM_COMM_text.csv
  ✔ [aspire:sd] limpiado /home/luish/Documents/p3/ecofloc2/ecofloc/ecofloc-sd/ECOFLOC_SD_COMM_text.csv
  ✔ [scorpius:cpu] limpiado /home/scorpius03/Documents/ecofloc/ecofloc-cpu/ECOFLOC_CPU_COMM_text.csv
  ✔ [scorpius:nic] limpiado /home/scorpius03/Documents/ecofloc/ecofloc-nic/ECOFLOC_NIC_COMM_text.csv
  ✔ [scorpius:ram] limpiado /home/scorpius03/Documents/ecofloc/ecofloc-ram/ECOFLOC_RAM_COMM_text.csv
  ✔ [scorpius:sd] limpiado /home/scorpius03/Documents/ecofloc/ecofloc-sd/ECOFLOC_SD_COMM_text.csv
========================================
🔋 MEASURE ENERGY FINALIZADO
   Fase: fase1_descarga_low_iter1
========================================
✔️ [00:41:42] Medición fase1_descarga_low_iter1 completada
[📦] Archivando resultados → ./historyexecutions/exp(00:41:47)_fase1_low_iter1
[✔] Archivado: ./historyexecutions/exp(00:41:47)_fase1_low_iter1
========================================
🔋 FASE 2: Preparación de servicios (low, iter 1)
========================================
📋 Capturando PIDs (gepidstea.sh)...
📋 Capturando PIDs de contenedores (kpsnodos.sh)...
🔋 [00:42:03] Iniciando medición de energía: fase2_preparacion_low_iter1 (50s)
   PID de medición: 1352145
========================================
🔋 MEASURE ENERGY - Fase: fase2_preparacion_low_iter1
   Duración: 50s
   PID: 1352145
========================================
=== Medición bloque 50s - Fase: fase2_preparacion_low_iter1 ===
[⏱ 00:42:03] Iniciando ecofloc en nitro5 por 50s (fase: fase2_preparacion_low_iter1)
⏳ Esperando 10s a que CoreDNS se estabilice...
  ├─ [nitro5:sd] start 00:42:04
  ├─ [nitro5:ram] start 00:42:04
  ├─ [nitro5:nic] start 00:42:04
[⏱ 00:42:05] Iniciando ecofloc en aspire por 50s (fase: fase2_preparacion_low_iter1)
  ├─ [nitro5:cpu] start 00:42:05
  ├─ [aspire:sd] start 00:42:05
  ├─ [aspire:ram] start 00:42:05
[⏱ 00:42:05] Iniciando ecofloc en scorpius por 50s (fase: fase2_preparacion_low_iter1)
  ├─ [aspire:nic] start 00:42:05
  ├─ [aspire:cpu] start 00:42:05
  ├─ [scorpius:sd] start 00:42:05
  ├─ [scorpius:ram] start 00:42:05
  ├─ [scorpius:nic] start 00:42:05
[⏱ 00:42:05] Iniciando ecofloc en leo por 50s (fase: fase2_preparacion_low_iter1)
  ├─ [scorpius:cpu] start 00:42:05
  ├─ [leo:ram] start 00:42:05
  ├─ [leo:nic] start 00:42:05
  ├─ [leo:sd] start 00:42:05
  ├─ [leo:cpu] start 00:42:05
➡️ Pod WebUI: teastore-webui-ff7768544-kfltk
➡️ Está en el nodo: luish-nitro-an515-57
🌐 IP del nodo WebUI: 192.168.18.27
⏳ Verificando estado del TeaStore en http://192.168.18.27:30080/tools.descartes.teastore.webui/status ...
   ➤ Estado actual: 5 / 5 servicios OK
✔ TODOS los servicios del TeaStore están OK. Continuando...
⏳ [00:42:16] Esperando que termine medición: fase2_preparacion_low_iter1 (PID: 1352145)
  └─ [nitro5:sd] end 00:42:54
  └─ [nitro5:ram] end 00:42:54
  └─ [nitro5:nic] end 00:42:54
  └─ [nitro5:cpu] end 00:42:55
  └─ [scorpius:cpu] end 00:42:55
  └─ [aspire:cpu] end 00:42:56
  └─ [scorpius:sd] end 00:42:56
  └─ [leo:cpu] end 00:42:57
  └─ [leo:sd] end 00:42:57
  └─ [aspire:nic] end 00:42:57
  └─ [aspire:ram] end 00:42:57
  └─ [scorpius:nic] end 00:42:57
  └─ [scorpius:ram] end 00:42:59
  └─ [leo:ram] end 00:42:59
  └─ [leo:nic] end 00:43:00
=== Bloque 50s terminado - Fase: fase2_preparacion_low_iter1 ===
[🧹] Limpiando CSVs internos de ecofloc en cada nodo (fase: fase2_preparacion_low_iter1)...
  ✔ [nitro5:cpu] limpiado /home/luish/Documents/p3/ecofloc2/ecofloc/ecofloc-cpu/ECOFLOC_CPU_COMM_text.csv
  ✔ [nitro5:nic] limpiado /home/luish/Documents/p3/ecofloc2/ecofloc/ecofloc-nic/ECOFLOC_NIC_COMM_text.csv
  ✔ [nitro5:ram] limpiado /home/luish/Documents/p3/ecofloc2/ecofloc/ecofloc-ram/ECOFLOC_RAM_COMM_text.csv
  ✔ [nitro5:sd] limpiado /home/luish/Documents/p3/ecofloc2/ecofloc/ecofloc-sd/ECOFLOC_SD_COMM_text.csv
  ✔ [leo:cpu] limpiado /home/leo/ecofloc/ecofloc-cpu/ECOFLOC_CPU_COMM_text.csv
  ✔ [leo:nic] limpiado /home/leo/ecofloc/ecofloc-nic/ECOFLOC_NIC_COMM_text.csv
  ✔ [leo:ram] limpiado /home/leo/ecofloc/ecofloc-ram/ECOFLOC_RAM_COMM_text.csv
  ✔ [leo:sd] limpiado /home/leo/ecofloc/ecofloc-sd/ECOFLOC_SD_COMM_text.csv
  ✔ [aspire:cpu] limpiado /home/luish/Documents/p3/ecofloc2/ecofloc/ecofloc-cpu/ECOFLOC_CPU_COMM_text.csv
  ✔ [aspire:nic] limpiado /home/luish/Documents/p3/ecofloc2/ecofloc/ecofloc-nic/ECOFLOC_NIC_COMM_text.csv
  ✔ [aspire:ram] limpiado /home/luish/Documents/p3/ecofloc2/ecofloc/ecofloc-ram/ECOFLOC_RAM_COMM_text.csv
  ✔ [aspire:sd] limpiado /home/luish/Documents/p3/ecofloc2/ecofloc/ecofloc-sd/ECOFLOC_SD_COMM_text.csv
  ✔ [scorpius:cpu] limpiado /home/scorpius03/Documents/ecofloc/ecofloc-cpu/ECOFLOC_CPU_COMM_text.csv
  ✔ [scorpius:nic] limpiado /home/scorpius03/Documents/ecofloc/ecofloc-nic/ECOFLOC_NIC_COMM_text.csv
  ✔ [scorpius:ram] limpiado /home/scorpius03/Documents/ecofloc/ecofloc-ram/ECOFLOC_RAM_COMM_text.csv
  ✔ [scorpius:sd] limpiado /home/scorpius03/Documents/ecofloc/ecofloc-sd/ECOFLOC_SD_COMM_text.csv
========================================
🔋 MEASURE ENERGY FINALIZADO
   Fase: fase2_preparacion_low_iter1
========================================
✔️ [00:43:04] Medición fase2_preparacion_low_iter1 completada
[📦] Archivando resultados → ./historyexecutions/exp(00:43:09)_fase2_low_iter1
[✔] Archivado: ./historyexecutions/exp(00:43:09)_fase2_low_iter1
========================================
🔋 FASE 3: Ejecución de carga (low, iter 1)
========================================
📋 Capturando PIDs (gepidstea.sh)...
📋 Capturando PIDs de contenedores (kpsnodos.sh)...
🔋 [00:43:29] Iniciando medición de energía: fase3_carga_low_iter1 (145s)
   PID de medición: 1488843
=== Escenario low (iter 1) ===
========================================
🔋 MEASURE ENERGY - Fase: fase3_carga_low_iter1
   Duración: 145s
   PID: 1488843
========================================
=== Medición bloque 145s - Fase: fase3_carga_low_iter1 ===
🚀 Iniciando LIMBO con profile=/home/luish/Documents/death/teastore/TeaStore/examples/httploadgenerator/increasingLowIntensity.csv y script=/home/luish/Documents/death/teastore/TeaStore/examples/httploadgenerator/teastore_buy.lua
[⏱ 00:43:29] Iniciando ecofloc en nitro5 por 145s (fase: fase3_carga_low_iter1)
Feb 26, 2026 12:43:29 AM tools.descartes.dlim.httploadgenerator.runner.Director executeDirector
WARNING: No power measurements
Feb 26, 2026 12:43:29 AM tools.descartes.dlim.httploadgenerator.runner.Director executeDirector
INFO: Load Generator Thread Count set to 64
Feb 26, 2026 12:43:29 AM tools.descartes.dlim.httploadgenerator.runner.Director executeDirector
INFO: URL connection timout set to 30000 ms
Feb 26, 2026 12:43:29 AM tools.descartes.dlim.httploadgenerator.runner.Director executeDirector
INFO: Using Lua Script: /home/luish/Documents/death/teastore/TeaStore/examples/httploadgenerator/teastore_buy.lua
Feb 26, 2026 12:43:29 AM tools.descartes.dlim.httploadgenerator.runner.Director process
INFO: Read 120 Arrival Rate Tuples
Load Generator sent: ok
Feb 26, 2026 12:43:29 AM tools.descartes.dlim.httploadgenerator.runner.Director process
INFO: Arrival Rates sent to Load Generator(s).
Load Generator sent: ok
Feb 26, 2026 12:43:29 AM tools.descartes.dlim.httploadgenerator.runner.Director process
INFO: Thread Count sent to Load Generator(s): 64
Load Generator sent: ok
Feb 26, 2026 12:43:29 AM tools.descartes.dlim.httploadgenerator.runner.Director process
INFO: URL connection timeout sent to Load Generator(s): 30000
Load Generator sent: ok
Feb 26, 2026 12:43:29 AM tools.descartes.dlim.httploadgenerator.runner.Director process
INFO: Contents of script sent to Load Generator: /home/luish/Documents/death/teastore/TeaStore/examples/httploadgenerator/teastore_buy.lua
Feb 26, 2026 12:43:29 AM tools.descartes.dlim.httploadgenerator.runner.Director process
INFO: Starting Load Generation
Beginning Run @1772084609752(26.02.2026;00:43:29752)
  ├─ [nitro5:sd] start 00:43:29
Target Time = 0.5; Load Intensity = 0.0; #Success = 0; #Failed = 0; #Dropped = 0
  ├─ [nitro5:ram] start 00:43:30
  ├─ [nitro5:nic] start 00:43:30
[⏱ 00:43:31] Iniciando ecofloc en aspire por 145s (fase: fase3_carga_low_iter1)
  ├─ [nitro5:cpu] start 00:43:31
  ├─ [aspire:sd] start 00:43:31
  ├─ [aspire:ram] start 00:43:31
[⏱ 00:43:31] Iniciando ecofloc en scorpius por 145s (fase: fase3_carga_low_iter1)
  ├─ [aspire:nic] start 00:43:31
  ├─ [aspire:cpu] start 00:43:31
  ├─ [scorpius:sd] start 00:43:31
  ├─ [scorpius:ram] start 00:43:31
  ├─ [scorpius:nic] start 00:43:31
[⏱ 00:43:31] Iniciando ecofloc en leo por 145s (fase: fase3_carga_low_iter1)
  ├─ [scorpius:cpu] start 00:43:31
  ├─ [leo:sd] start 00:43:31
  ├─ [leo:ram] start 00:43:31
  ├─ [leo:nic] start 00:43:31
  ├─ [leo:cpu] start 00:43:31
Target Time = 1.5; Load Intensity = 1.0; #Success = 0; #Failed = 0; #Dropped = 0
Target Time = 2.5; Load Intensity = 2.0; #Success = 0; #Failed = 0; #Dropped = 0
Target Time = 3.5; Load Intensity = 2.0; #Success = 0; #Failed = 0; #Dropped = 0
Target Time = 4.5; Load Intensity = 3.0; #Success = 8; #Failed = 0; #Dropped = 0
Target Time = 5.5; Load Intensity = 4.0; #Success = 4; #Failed = 0; #Dropped = 0
Target Time = 6.5; Load Intensity = 5.0; #Success = 5; #Failed = 0; #Dropped = 0
Target Time = 7.5; Load Intensity = 6.0; #Success = 6; #Failed = 0; #Dropped = 0
Target Time = 8.5; Load Intensity = 7.0; #Success = 7; #Failed = 0; #Dropped = 0
Target Time = 9.5; Load Intensity = 7.0; #Success = 7; #Failed = 0; #Dropped = 0
Target Time = 10.5; Load Intensity = 8.0; #Success = 7; #Failed = 0; #Dropped = 0
Target Time = 11.5; Load Intensity = 9.0; #Success = 10; #Failed = 0; #Dropped = 0
Target Time = 12.5; Load Intensity = 10.0; #Success = 10; #Failed = 0; #Dropped = 0
Target Time = 13.5; Load Intensity = 11.0; #Success = 9; #Failed = 0; #Dropped = 0
Target Time = 14.5; Load Intensity = 12.0; #Success = 12; #Failed = 0; #Dropped = 0
Target Time = 15.5; Load Intensity = 12.0; #Success = 10; #Failed = 0; #Dropped = 0
Target Time = 16.5; Load Intensity = 13.0; #Success = 15; #Failed = 0; #Dropped = 0
Target Time = 17.5; Load Intensity = 14.0; #Success = 14; #Failed = 0; #Dropped = 0
Target Time = 18.5; Load Intensity = 15.0; #Success = 4; #Failed = 0; #Dropped = 0
Target Time = 19.5; Load Intensity = 16.0; #Success = 0; #Failed = 0; #Dropped = 0
Target Time = 20.5; Load Intensity = 17.0; #Success = 4; #Failed = 0; #Dropped = 0
Target Time = 21.5; Load Intensity = 17.0; #Success = 7; #Failed = 0; #Dropped = 0
Target Time = 22.5; Load Intensity = 18.0; #Success = 3; #Failed = 0; #Dropped = 0
Target Time = 23.5; Load Intensity = 19.0; #Success = 18; #Failed = 0; #Dropped = 0
Target Time = 24.5; Load Intensity = 20.0; #Success = 18; #Failed = 0; #Dropped = 0
Target Time = 25.5; Load Intensity = 21.0; #Success = 11; #Failed = 0; #Dropped = 0
Target Time = 26.5; Load Intensity = 22.0; #Success = 0; #Failed = 0; #Dropped = 0
Target Time = 27.5; Load Intensity = 22.0; #Success = 0; #Failed = 0; #Dropped = 0
Target Time = 28.5; Load Intensity = 23.0; #Success = 0; #Failed = 0; #Dropped = 0
Target Time = 29.5; Load Intensity = 24.0; #Success = 0; #Failed = 0; #Dropped = 0
Target Time = 30.5; Load Intensity = 25.0; #Success = 0; #Failed = 3; #Dropped = 0
Target Time = 31.5; Load Intensity = 26.0; #Success = 0; #Failed = 4; #Dropped = 0
Target Time = 32.5; Load Intensity = 27.0; #Success = 0; #Failed = 1; #Dropped = 0
Target Time = 33.5; Load Intensity = 27.0; #Success = 0; #Failed = 5; #Dropped = 0
Target Time = 34.5; Load Intensity = 28.0; #Success = 0; #Failed = 0; #Dropped = 0
Target Time = 35.5; Load Intensity = 29.0; #Success = 2; #Failed = 0; #Dropped = 0
Target Time = 36.5; Load Intensity = 30.0; #Success = 0; #Failed = 0; #Dropped = 0
Target Time = 37.5; Load Intensity = 31.0; #Success = 0; #Failed = 5; #Dropped = 0
Target Time = 38.5; Load Intensity = 32.0; #Success = 0; #Failed = 5; #Dropped = 0
Target Time = 39.5; Load Intensity = 32.0; #Success = 0; #Failed = 0; #Dropped = 0
Target Time = 40.5; Load Intensity = 33.0; #Success = 18; #Failed = 0; #Dropped = 0
Target Time = 41.5; Load Intensity = 34.0; #Success = 3; #Failed = 0; #Dropped = 0
Target Time = 42.5; Load Intensity = 35.0; #Success = 1; #Failed = 0; #Dropped = 0
Target Time = 43.5; Load Intensity = 36.0; #Success = 0; #Failed = 0; #Dropped = 0
Target Time = 44.5; Load Intensity = 37.0; #Success = 1; #Failed = 1; #Dropped = 0
Target Time = 45.5; Load Intensity = 37.0; #Success = 3; #Failed = 1; #Dropped = 0
Target Time = 46.5; Load Intensity = 38.0; #Success = 1; #Failed = 0; #Dropped = 0
Target Time = 47.5; Load Intensity = 39.0; #Success = 0; #Failed = 0; #Dropped = 0
Target Time = 48.5; Load Intensity = 40.0; #Success = 0; #Failed = 0; #Dropped = 0
Target Time = 49.5; Load Intensity = 41.0; #Success = 6; #Failed = 0; #Dropped = 0
Target Time = 50.5; Load Intensity = 42.0; #Success = 3; #Failed = 0; #Dropped = 0
Target Time = 51.5; Load Intensity = 42.0; #Success = 0; #Failed = 1; #Dropped = 0
Target Time = 52.5; Load Intensity = 43.0; #Success = 1; #Failed = 0; #Dropped = 0
Target Time = 53.5; Load Intensity = 44.0; #Success = 11; #Failed = 0; #Dropped = 0
Target Time = 54.5; Load Intensity = 45.0; #Success = 4; #Failed = 0; #Dropped = 0
Target Time = 55.5; Load Intensity = 46.0; #Success = 1; #Failed = 0; #Dropped = 0
Target Time = 56.5; Load Intensity = 47.0; #Success = 6; #Failed = 1; #Dropped = 0
Target Time = 57.5; Load Intensity = 47.0; #Success = 5; #Failed = 0; #Dropped = 0
Target Time = 58.5; Load Intensity = 48.0; #Success = 2; #Failed = 0; #Dropped = 0
Target Time = 59.5; Load Intensity = 49.0; #Success = 5; #Failed = 0; #Dropped = 3
Target Time = 60.5; Load Intensity = 50.0; #Success = 4; #Failed = 0; #Dropped = 25
Target Time = 61.5; Load Intensity = 51.0; #Success = 1; #Failed = 0; #Dropped = 9
Target Time = 62.5; Load Intensity = 52.0; #Success = 3; #Failed = 0; #Dropped = 25
Target Time = 63.5; Load Intensity = 52.0; #Success = 1; #Failed = 0; #Dropped = 27
Target Time = 64.5; Load Intensity = 53.0; #Success = 2; #Failed = 0; #Dropped = 26
Target Time = 65.5; Load Intensity = 54.0; #Success = 0; #Failed = 0; #Dropped = 0
Target Time = 66.5; Load Intensity = 55.0; #Success = 1; #Failed = 0; #Dropped = 54
Target Time = 67.5; Load Intensity = 56.0; #Success = 1; #Failed = 0; #Dropped = 19
Target Time = 68.5; Load Intensity = 57.0; #Success = 0; #Failed = 0; #Dropped = 0
Target Time = 69.5; Load Intensity = 57.0; #Success = 0; #Failed = 0; #Dropped = 0
Target Time = 70.5; Load Intensity = 58.0; #Success = 7; #Failed = 2; #Dropped = 110
Target Time = 71.5; Load Intensity = 59.0; #Success = 0; #Failed = 0; #Dropped = 0
Target Time = 72.5; Load Intensity = 60.0; #Success = 2; #Failed = 1; #Dropped = 60
Target Time = 73.5; Load Intensity = 61.0; #Success = 0; #Failed = 0; #Dropped = 0
Target Time = 74.5; Load Intensity = 62.0; #Success = 1; #Failed = 0; #Dropped = 74
Target Time = 75.5; Load Intensity = 62.0; #Success = 3; #Failed = 1; #Dropped = 41
Target Time = 76.5; Load Intensity = 63.0; #Success = 6; #Failed = 0; #Dropped = 14
Target Time = 77.5; Load Intensity = 64.0; #Success = 5; #Failed = 0; #Dropped = 40
Target Time = 78.5; Load Intensity = 65.0; #Success = 9; #Failed = 1; #Dropped = 38
Target Time = 79.5; Load Intensity = 66.0; #Success = 2; #Failed = 0; #Dropped = 37
Target Time = 80.5; Load Intensity = 67.0; #Success = 2; #Failed = 0; #Dropped = 40
Target Time = 81.5; Load Intensity = 67.0; #Success = 0; #Failed = 3; #Dropped = 17
Target Time = 82.5; Load Intensity = 68.0; #Success = 9; #Failed = 0; #Dropped = 44
Target Time = 83.5; Load Intensity = 69.0; #Success = 1; #Failed = 0; #Dropped = 59
Target Time = 84.5; Load Intensity = 70.0; #Success = 1; #Failed = 0; #Dropped = 49
Target Time = 85.5; Load Intensity = 71.0; #Success = 0; #Failed = 0; #Dropped = 0
Target Time = 86.5; Load Intensity = 72.0; #Success = 1; #Failed = 0; #Dropped = 47
Target Time = 87.5; Load Intensity = 72.0; #Success = 6; #Failed = 1; #Dropped = 76
Target Time = 88.5; Load Intensity = 73.0; #Success = 6; #Failed = 0; #Dropped = 48
Target Time = 89.5; Load Intensity = 74.0; #Success = 2; #Failed = 0; #Dropped = 45
Target Time = 90.5; Load Intensity = 75.0; #Success = 2; #Failed = 0; #Dropped = 52
Target Time = 91.5; Load Intensity = 76.0; #Success = 2; #Failed = 0; #Dropped = 47
Target Time = 92.5; Load Intensity = 77.0; #Success = 0; #Failed = 0; #Dropped = 0
Target Time = 93.5; Load Intensity = 77.0; #Success = 1; #Failed = 0; #Dropped = 71
Target Time = 94.5; Load Intensity = 78.0; #Success = 0; #Failed = 1; #Dropped = 41
Target Time = 95.5; Load Intensity = 79.0; #Success = 0; #Failed = 0; #Dropped = 0
Target Time = 96.5; Load Intensity = 80.0; #Success = 0; #Failed = 1; #Dropped = 127
Target Time = 97.5; Load Intensity = 81.0; #Success = 0; #Failed = 0; #Dropped = 0
Target Time = 98.5; Load Intensity = 82.0; #Success = 3; #Failed = 0; #Dropped = 108
Target Time = 99.5; Load Intensity = 82.0; #Success = 9; #Failed = 0; #Dropped = 69
Target Time = 100.5; Load Intensity = 83.0; #Success = 5; #Failed = 0; #Dropped = 59
Target Time = 101.5; Load Intensity = 84.0; #Success = 0; #Failed = 0; #Dropped = 0
Target Time = 102.5; Load Intensity = 85.0; #Success = 5; #Failed = 0; #Dropped = 108
Target Time = 103.5; Load Intensity = 86.0; #Success = 4; #Failed = 0; #Dropped = 70
Target Time = 104.5; Load Intensity = 87.0; #Success = 0; #Failed = 0; #Dropped = 0
Target Time = 105.5; Load Intensity = 87.0; #Success = 1; #Failed = 0; #Dropped = 103
Target Time = 106.5; Load Intensity = 88.0; #Success = 1; #Failed = 0; #Dropped = 45
Target Time = 107.5; Load Intensity = 89.0; #Success = 5; #Failed = 0; #Dropped = 82
Target Time = 108.5; Load Intensity = 90.0; #Success = 6; #Failed = 0; #Dropped = 62
Target Time = 109.5; Load Intensity = 91.0; #Success = 0; #Failed = 0; #Dropped = 0
Target Time = 110.5; Load Intensity = 92.0; #Success = 4; #Failed = 0; #Dropped = 115
Target Time = 111.5; Load Intensity = 92.0; #Success = 0; #Failed = 0; #Dropped = 0
Target Time = 112.5; Load Intensity = 93.0; #Success = 2; #Failed = 1; #Dropped = 105
Target Time = 113.5; Load Intensity = 94.0; #Success = 2; #Failed = 1; #Dropped = 110
Target Time = 114.5; Load Intensity = 95.0; #Success = 0; #Failed = 0; #Dropped = 0
Target Time = 115.5; Load Intensity = 96.0; #Success = 1; #Failed = 1; #Dropped = 93
Target Time = 116.5; Load Intensity = 97.0; #Success = 2; #Failed = 2; #Dropped = 88
Target Time = 117.5; Load Intensity = 97.0; #Success = 6; #Failed = 0; #Dropped = 86
Target Time = 118.5; Load Intensity = 98.0; #Success = 3; #Failed = 1; #Dropped = 58
Target Time = 119.5; Load Intensity = 99.0; #Success = 4; #Failed = 0; #Dropped = 77
Target Time = 120.5; Load Intensity = 0.0; #Success = 4; #Failed = 0; #Dropped = 88
Target Time = 121.5; Load Intensity = 0.0; #Success = 1; #Failed = 1; #Dropped = 71
Target Time = 122.5; Load Intensity = 0.0; #Success = 5; #Failed = 0; #Dropped = 70
Target Time = 123.5; Load Intensity = 0.0; #Success = 5; #Failed = 0; #Dropped = 60
Target Time = 124.5; Load Intensity = 0.0; #Success = 0; #Failed = 2; #Dropped = 41
Target Time = 125.5; Load Intensity = 0.0; #Success = 2; #Failed = 4; #Dropped = 73
Target Time = 126.5; Load Intensity = 0.0; #Success = 1; #Failed = 2; #Dropped = 77
Target Time = 127.5; Load Intensity = 0.0; #Success = 3; #Failed = 0; #Dropped = 120
Target Time = 128.5; Load Intensity = 0.0; #Success = 6; #Failed = 0; #Dropped = 48
Target Time = 129.5; Load Intensity = 0.0; #Success = 3; #Failed = 0; #Dropped = 90
Target Time = 130.5; Load Intensity = 0.0; #Success = 4; #Failed = 0; #Dropped = 101
Target Time = 131.5; Load Intensity = 0.0; #Success = 1; #Failed = 0; #Dropped = 69
Target Time = 132.5; Load Intensity = 0.0; #Success = 7; #Failed = 0; #Dropped = 89
Target Time = 133.5; Load Intensity = 0.0; #Success = 1; #Failed = 1; #Dropped = 81
Target Time = 134.5; Load Intensity = 0.0; #Success = 1; #Failed = 2; #Dropped = 63
Target Time = 135.5; Load Intensity = 0.0; #Success = 1; #Failed = 0; #Dropped = 75
Target Time = 136.5; Load Intensity = 0.0; #Success = 0; #Failed = 0; #Dropped = 0
Target Time = 137.5; Load Intensity = 0.0; #Success = 3; #Failed = 0; #Dropped = 177
Target Time = 138.5; Load Intensity = 0.0; #Success = 0; #Failed = 0; #Dropped = 0
Target Time = 139.5; Load Intensity = 0.0; #Success = 3; #Failed = 0; #Dropped = 209
Target Time = 140.5; Load Intensity = 0.0; #Success = 2; #Failed = 3; #Dropped = 60
Target Time = 141.5; Load Intensity = 0.0; #Success = 0; #Failed = 0; #Dropped = 0
Target Time = 142.5; Load Intensity = 0.0; #Success = 2; #Failed = 2; #Dropped = 164
Target Time = 143.5; Load Intensity = 0.0; #Success = 0; #Failed = 7; #Dropped = 79
  └─ [nitro5:sd] end 00:45:54
Target Time = 144.5; Load Intensity = 0.0; #Success = 1; #Failed = 2; #Dropped = 95
  └─ [nitro5:ram] end 00:45:55
Target Time = 145.5; Load Intensity = 0.0; #Success = 0; #Failed = 4; #Dropped = 106
  └─ [nitro5:nic] end 00:45:55
  └─ [nitro5:cpu] end 00:45:56
Target Time = 146.5; Load Intensity = 0.0; #Success = 6; #Failed = 7; #Dropped = 73
Target Time = 147.5; Load Intensity = 0.0; #Success = 5; #Failed = 1; #Dropped = 138
Target Time = 148.5; Load Intensity = 0.0; #Success = 2; #Failed = 0; #Dropped = 71
Target Time = 149.5; Load Intensity = 0.0; #Success = 3; #Failed = 0; #Dropped = 97
Target Time = 150.5; Load Intensity = 0.0; #Success = 1; #Failed = 0; #Dropped = 28
  └─ [leo:nic] end 00:46:01
Target Time = 151.5; Load Intensity = 0.0; #Success = 0; #Failed = 0; #Dropped = 0
  └─ [leo:sd] end 00:46:02
Target Time = 152.5; Load Intensity = 0.0; #Success = 3; #Failed = 0; #Dropped = 0
  └─ [leo:ram] end 00:46:03
Target Time = 153.5; Load Intensity = 0.0; #Success = 0; #Failed = 3; #Dropped = 0
  └─ [leo:cpu] end 00:46:03
Target Time = 154.5; Load Intensity = 0.0; #Success = 5; #Failed = 2; #Dropped = 0
  └─ [scorpius:nic] end 00:46:05
Target Time = 155.5; Load Intensity = 0.0; #Success = 8; #Failed = 0; #Dropped = 0
  └─ [scorpius:cpu] end 00:46:06
Target Time = 156.5; Load Intensity = 0.0; #Success = 5; #Failed = 0; #Dropped = 0
  └─ [scorpius:sd] end 00:46:06
Target Time = 157.5; Load Intensity = 0.0; #Success = 2; #Failed = 0; #Dropped = 0
  └─ [aspire:nic] end 00:46:08
Target Time = 158.5; Load Intensity = 0.0; #Success = 3; #Failed = 1; #Dropped = 0
Target Time = 159.5; Load Intensity = 0.0; #Success = 2; #Failed = 0; #Dropped = 0
  └─ [aspire:ram] end 00:46:10
Target Time = 160.5; Load Intensity = 0.0; #Success = 1; #Failed = 2; #Dropped = 0
Target Time = 161.5; Load Intensity = 0.0; #Success = 2; #Failed = 0; #Dropped = 0
  └─ [aspire:cpu] end 00:46:11
  └─ [aspire:sd] end 00:46:12
Target Time = 162.5; Load Intensity = 0.0; #Success = 1; #Failed = 0; #Dropped = 0
Target Time = 163.5; Load Intensity = 0.0; #Success = 0; #Failed = 0; #Dropped = 0
Target Time = 164.5; Load Intensity = 0.0; #Success = 0; #Failed = 0; #Dropped = 0
Target Time = 165.5; Load Intensity = 0.0; #Success = 3; #Failed = 0; #Dropped = 0
Target Time = 166.5; Load Intensity = 0.0; #Success = 2; #Failed = 0; #Dropped = 0
  └─ [scorpius:ram] end 00:46:17
=== Bloque 145s terminado - Fase: fase3_carga_low_iter1 ===
[🧹] Limpiando CSVs internos de ecofloc en cada nodo (fase: fase3_carga_low_iter1)...
  ✔ [nitro5:cpu] limpiado /home/luish/Documents/p3/ecofloc2/ecofloc/ecofloc-cpu/ECOFLOC_CPU_COMM_text.csv
  ✔ [nitro5:nic] limpiado /home/luish/Documents/p3/ecofloc2/ecofloc/ecofloc-nic/ECOFLOC_NIC_COMM_text.csv
  ✔ [nitro5:ram] limpiado /home/luish/Documents/p3/ecofloc2/ecofloc/ecofloc-ram/ECOFLOC_RAM_COMM_text.csv
  ✔ [nitro5:sd] limpiado /home/luish/Documents/p3/ecofloc2/ecofloc/ecofloc-sd/ECOFLOC_SD_COMM_text.csv
Target Time = 167.5; Load Intensity = 0.0; #Success = 1; #Failed = 1; #Dropped = 0
Target Time = 168.5; Load Intensity = 0.0; #Success = 4; #Failed = 0; #Dropped = 0
Target Time = 169.5; Load Intensity = 0.0; #Success = 1; #Failed = 0; #Dropped = 0
Target Time = 170.5; Load Intensity = 0.0; #Success = 3; #Failed = 0; #Dropped = 0
  ✔ [leo:cpu] limpiado /home/leo/ecofloc/ecofloc-cpu/ECOFLOC_CPU_COMM_text.csv
Target Time = 171.5; Load Intensity = 0.0; #Success = 8; #Failed = 0; #Dropped = 0
  ✔ [leo:nic] limpiado /home/leo/ecofloc/ecofloc-nic/ECOFLOC_NIC_COMM_text.csv
  ✔ [leo:ram] limpiado /home/leo/ecofloc/ecofloc-ram/ECOFLOC_RAM_COMM_text.csv
  ✔ [leo:sd] limpiado /home/leo/ecofloc/ecofloc-sd/ECOFLOC_SD_COMM_text.csv
  ✔ [aspire:cpu] limpiado /home/luish/Documents/p3/ecofloc2/ecofloc/ecofloc-cpu/ECOFLOC_CPU_COMM_text.csv
  ✔ [aspire:nic] limpiado /home/luish/Documents/p3/ecofloc2/ecofloc/ecofloc-nic/ECOFLOC_NIC_COMM_text.csv
  ✔ [aspire:ram] limpiado /home/luish/Documents/p3/ecofloc2/ecofloc/ecofloc-ram/ECOFLOC_RAM_COMM_text.csv
  ✔ [aspire:sd] limpiado /home/luish/Documents/p3/ecofloc2/ecofloc/ecofloc-sd/ECOFLOC_SD_COMM_text.csv
  ✔ [scorpius:cpu] limpiado /home/scorpius03/Documents/ecofloc/ecofloc-cpu/ECOFLOC_CPU_COMM_text.csv
  ✔ [scorpius:nic] limpiado /home/scorpius03/Documents/ecofloc/ecofloc-nic/ECOFLOC_NIC_COMM_text.csv
  ✔ [scorpius:ram] limpiado /home/scorpius03/Documents/ecofloc/ecofloc-ram/ECOFLOC_RAM_COMM_text.csv
  ✔ [scorpius:sd] limpiado /home/scorpius03/Documents/ecofloc/ecofloc-sd/ECOFLOC_SD_COMM_text.csv
========================================
🔋 MEASURE ENERGY FINALIZADO
   Fase: fase3_carga_low_iter1
========================================
Workload finished.
Log finished.
📄 LIMBO finalizado para scenario=low
⏳ [00:46:26] Esperando que termine medición: fase3_carga_low_iter1 (PID: 1488843)
✔️ [00:46:26] Medición fase3_carga_low_iter1 completada
[📦] Archivando resultados → ./historyexecutions/exp(00:46:31)_fase3_low_iter1
[✔] Archivado: ./historyexecutions/exp(00:46:31)_fase3_low_iter1
🧹 Limpiando TeaStore (iter 1)...
⏸ Esperando 15s para limpieza completa...
✅ Iteración 1 / 15 del escenario low completada.

########################################################
🔄 ESCENARIO: low | ITERACIÓN: 2 / 15
   Hora: 00:47:20
########################################################
========================================
🔋 FASE 1: Descarga de imágenes (low, iter 2)
========================================
📋 Capturando PIDs (gepidstea.sh)...
📋 Capturando PIDs de contenedores (kpsnodos.sh)...
🔋 [00:47:40] Iniciando medición de energía: fase1_descarga_low_iter2 (25s)
   PID de medición: 1862296
🚀 Desplegando TeaStore desde /home/luish/Documents/death/teastore/TeaStore/examples/kubernetes/teastore-energy-scheduler.yaml...
========================================
🔋 MEASURE ENERGY - Fase: fase1_descarga_low_iter2
   Duración: 25s
   PID: 1862296
========================================
=== Medición bloque 25s - Fase: fase1_descarga_low_iter2 ===
[⏱ 00:47:40] Iniciando ecofloc en nitro5 por 25s (fase: fase1_descarga_low_iter2)
⏳ Esperando a que todos los pods de TeaStore estén Running y Ready...
  ├─ [nitro5:sd] start 00:47:40
  ├─ [nitro5:ram] start 00:47:41
  ├─ [nitro5:nic] start 00:47:41
[⏱ 00:47:41] Iniciando ecofloc en aspire por 25s (fase: fase1_descarga_low_iter2)
  ├─ [nitro5:cpu] start 00:47:41
  ├─ [aspire:sd] start 00:47:41
  ├─ [aspire:ram] start 00:47:41
  ├─ [aspire:cpu] start 00:47:41
[⏱ 00:47:41] Iniciando ecofloc en scorpius por 25s (fase: fase1_descarga_low_iter2)
  ├─ [aspire:nic] start 00:47:41
  ├─ [scorpius:sd] start 00:47:41
  ├─ [scorpius:ram] start 00:47:41
  ├─ [scorpius:nic] start 00:47:41
[⏱ 00:47:41] Iniciando ecofloc en leo por 25s (fase: fase1_descarga_low_iter2)
  ├─ [scorpius:cpu] start 00:47:41
  ├─ [leo:sd] start 00:47:41
  ├─ [leo:ram] start 00:47:41
  ├─ [leo:cpu] start 00:47:41
  ├─ [leo:nic] start 00:47:41
✅ Pods listos.
⏳ [00:47:59] Esperando que termine medición: fase1_descarga_low_iter2 (PID: 1862296)
  └─ [nitro5:sd] end 00:48:05
  └─ [nitro5:ram] end 00:48:06
  └─ [nitro5:nic] end 00:48:06
  └─ [nitro5:cpu] end 00:48:06
  └─ [leo:sd] end 00:48:07
  └─ [aspire:sd] end 00:48:07
  └─ [aspire:cpu] end 00:48:07
  └─ [leo:cpu] end 00:48:08
  └─ [aspire:nic] end 00:48:08
  └─ [scorpius:cpu] end 00:48:08
  └─ [aspire:ram] end 00:48:08
  └─ [scorpius:sd] end 00:48:09
  └─ [leo:nic] end 00:48:09
  └─ [leo:ram] end 00:48:09
  └─ [scorpius:nic] end 00:48:09
  └─ [scorpius:ram] end 00:48:09
=== Bloque 25s terminado - Fase: fase1_descarga_low_iter2 ===
[🧹] Limpiando CSVs internos de ecofloc en cada nodo (fase: fase1_descarga_low_iter2)...
  ✔ [nitro5:cpu] limpiado /home/luish/Documents/p3/ecofloc2/ecofloc/ecofloc-cpu/ECOFLOC_CPU_COMM_text.csv
  ✔ [nitro5:nic] limpiado /home/luish/Documents/p3/ecofloc2/ecofloc/ecofloc-nic/ECOFLOC_NIC_COMM_text.csv
  ✔ [nitro5:ram] limpiado /home/luish/Documents/p3/ecofloc2/ecofloc/ecofloc-ram/ECOFLOC_RAM_COMM_text.csv
  ✔ [nitro5:sd] limpiado /home/luish/Documents/p3/ecofloc2/ecofloc/ecofloc-sd/ECOFLOC_SD_COMM_text.csv
  ✔ [leo:cpu] limpiado /home/leo/ecofloc/ecofloc-cpu/ECOFLOC_CPU_COMM_text.csv
  ✔ [leo:nic] limpiado /home/leo/ecofloc/ecofloc-nic/ECOFLOC_NIC_COMM_text.csv
  ✔ [leo:ram] limpiado /home/leo/ecofloc/ecofloc-ram/ECOFLOC_RAM_COMM_text.csv
  ✔ [leo:sd] limpiado /home/leo/ecofloc/ecofloc-sd/ECOFLOC_SD_COMM_text.csv
  ✔ [aspire:cpu] limpiado /home/luish/Documents/p3/ecofloc2/ecofloc/ecofloc-cpu/ECOFLOC_CPU_COMM_text.csv
  ✔ [aspire:nic] limpiado /home/luish/Documents/p3/ecofloc2/ecofloc/ecofloc-nic/ECOFLOC_NIC_COMM_text.csv
  ✔ [aspire:ram] limpiado /home/luish/Documents/p3/ecofloc2/ecofloc/ecofloc-ram/ECOFLOC_RAM_COMM_text.csv
  ✔ [aspire:sd] limpiado /home/luish/Documents/p3/ecofloc2/ecofloc/ecofloc-sd/ECOFLOC_SD_COMM_text.csv
  ✔ [scorpius:cpu] limpiado /home/scorpius03/Documents/ecofloc/ecofloc-cpu/ECOFLOC_CPU_COMM_text.csv
  ✔ [scorpius:nic] limpiado /home/scorpius03/Documents/ecofloc/ecofloc-nic/ECOFLOC_NIC_COMM_text.csv
  ✔ [scorpius:ram] limpiado /home/scorpius03/Documents/ecofloc/ecofloc-ram/ECOFLOC_RAM_COMM_text.csv
  ✔ [scorpius:sd] limpiado /home/scorpius03/Documents/ecofloc/ecofloc-sd/ECOFLOC_SD_COMM_text.csv
========================================
🔋 MEASURE ENERGY FINALIZADO
   Fase: fase1_descarga_low_iter2
========================================
✔️ [00:48:13] Medición fase1_descarga_low_iter2 completada
[📦] Archivando resultados → ./historyexecutions/exp(00:48:18)_fase1_low_iter2
[✔] Archivado: ./historyexecutions/exp(00:48:18)_fase1_low_iter2
========================================
🔋 FASE 2: Preparación de servicios (low, iter 2)
========================================
📋 Capturando PIDs (gepidstea.sh)...
📋 Capturando PIDs de contenedores (kpsnodos.sh)...
🔋 [00:48:34] Iniciando medición de energía: fase2_preparacion_low_iter2 (50s)
   PID de medición: 1923027
========================================
🔋 MEASURE ENERGY - Fase: fase2_preparacion_low_iter2
   Duración: 50s
   PID: 1923027
========================================
=== Medición bloque 50s - Fase: fase2_preparacion_low_iter2 ===
[⏱ 00:48:34] Iniciando ecofloc en nitro5 por 50s (fase: fase2_preparacion_low_iter2)
⏳ Esperando 10s a que CoreDNS se estabilice...
  ├─ [nitro5:sd] start 00:48:34
  ├─ [nitro5:ram] start 00:48:35
  ├─ [nitro5:nic] start 00:48:35
[⏱ 00:48:36] Iniciando ecofloc en aspire por 50s (fase: fase2_preparacion_low_iter2)
  ├─ [nitro5:cpu] start 00:48:36
  ├─ [aspire:sd] start 00:48:36
  ├─ [aspire:ram] start 00:48:36
[⏱ 00:48:36] Iniciando ecofloc en scorpius por 50s (fase: fase2_preparacion_low_iter2)
  ├─ [aspire:nic] start 00:48:36
  ├─ [aspire:cpu] start 00:48:36
  ├─ [scorpius:sd] start 00:48:36
  ├─ [scorpius:ram] start 00:48:36
  ├─ [scorpius:nic] start 00:48:36
[⏱ 00:48:36] Iniciando ecofloc en leo por 50s (fase: fase2_preparacion_low_iter2)
  ├─ [scorpius:cpu] start 00:48:36
  ├─ [leo:sd] start 00:48:36
  ├─ [leo:ram] start 00:48:36
  ├─ [leo:nic] start 00:48:36
  ├─ [leo:cpu] start 00:48:36
➡️ Pod WebUI: teastore-webui-ff7768544-gcnl9
➡️ Está en el nodo: luish-nitro-an515-57
🌐 IP del nodo WebUI: 192.168.18.27
⏳ Verificando estado del TeaStore en http://192.168.18.27:30080/tools.descartes.teastore.webui/status ...
   ➤ Estado actual: 5 / 5 servicios OK
✔ TODOS los servicios del TeaStore están OK. Continuando...
⏳ [00:48:47] Esperando que termine medición: fase2_preparacion_low_iter2 (PID: 1923027)
  └─ [nitro5:sd] end 00:49:24
  └─ [nitro5:ram] end 00:49:25
  └─ [nitro5:nic] end 00:49:25
  └─ [nitro5:cpu] end 00:49:26
  └─ [aspire:sd] end 00:49:26
  └─ [aspire:cpu] end 00:49:26
  └─ [scorpius:sd] end 00:49:27
  └─ [scorpius:cpu] end 00:49:28
  └─ [leo:cpu] end 00:49:28
  └─ [aspire:nic] end 00:49:28
  └─ [leo:sd] end 00:49:28
  └─ [aspire:ram] end 00:49:28
  └─ [leo:ram] end 00:49:28
  └─ [scorpius:ram] end 00:49:28
  └─ [leo:nic] end 00:49:29
  └─ [scorpius:nic] end 00:49:29
=== Bloque 50s terminado - Fase: fase2_preparacion_low_iter2 ===
[🧹] Limpiando CSVs internos de ecofloc en cada nodo (fase: fase2_preparacion_low_iter2)...
  ✔ [nitro5:cpu] limpiado /home/luish/Documents/p3/ecofloc2/ecofloc/ecofloc-cpu/ECOFLOC_CPU_COMM_text.csv
  ✔ [nitro5:nic] limpiado /home/luish/Documents/p3/ecofloc2/ecofloc/ecofloc-nic/ECOFLOC_NIC_COMM_text.csv
  ✔ [nitro5:ram] limpiado /home/luish/Documents/p3/ecofloc2/ecofloc/ecofloc-ram/ECOFLOC_RAM_COMM_text.csv
  ✔ [nitro5:sd] limpiado /home/luish/Documents/p3/ecofloc2/ecofloc/ecofloc-sd/ECOFLOC_SD_COMM_text.csv
  ✔ [leo:cpu] limpiado /home/leo/ecofloc/ecofloc-cpu/ECOFLOC_CPU_COMM_text.csv
  ✔ [leo:nic] limpiado /home/leo/ecofloc/ecofloc-nic/ECOFLOC_NIC_COMM_text.csv
  ✔ [leo:ram] limpiado /home/leo/ecofloc/ecofloc-ram/ECOFLOC_RAM_COMM_text.csv
  ✔ [leo:sd] limpiado /home/leo/ecofloc/ecofloc-sd/ECOFLOC_SD_COMM_text.csv
  ✔ [aspire:cpu] limpiado /home/luish/Documents/p3/ecofloc2/ecofloc/ecofloc-cpu/ECOFLOC_CPU_COMM_text.csv
  ✔ [aspire:nic] limpiado /home/luish/Documents/p3/ecofloc2/ecofloc/ecofloc-nic/ECOFLOC_NIC_COMM_text.csv
  ✔ [aspire:ram] limpiado /home/luish/Documents/p3/ecofloc2/ecofloc/ecofloc-ram/ECOFLOC_RAM_COMM_text.csv
  ✔ [aspire:sd] limpiado /home/luish/Documents/p3/ecofloc2/ecofloc/ecofloc-sd/ECOFLOC_SD_COMM_text.csv
  ✔ [scorpius:cpu] limpiado /home/scorpius03/Documents/ecofloc/ecofloc-cpu/ECOFLOC_CPU_COMM_text.csv
  ✔ [scorpius:nic] limpiado /home/scorpius03/Documents/ecofloc/ecofloc-nic/ECOFLOC_NIC_COMM_text.csv
  ✔ [scorpius:ram] limpiado /home/scorpius03/Documents/ecofloc/ecofloc-ram/ECOFLOC_RAM_COMM_text.csv
  ✔ [scorpius:sd] limpiado /home/scorpius03/Documents/ecofloc/ecofloc-sd/ECOFLOC_SD_COMM_text.csv
========================================
🔋 MEASURE ENERGY FINALIZADO
   Fase: fase2_preparacion_low_iter2
========================================
✔️ [00:49:32] Medición fase2_preparacion_low_iter2 completada
[📦] Archivando resultados → ./historyexecutions/exp(00:49:37)_fase2_low_iter2
[✔] Archivado: ./historyexecutions/exp(00:49:37)_fase2_low_iter2
========================================
🔋 FASE 3: Ejecución de carga (low, iter 2)
========================================
📋 Capturando PIDs (gepidstea.sh)...
📋 Capturando PIDs de contenedores (kpsnodos.sh)...
🔋 [00:49:56] Iniciando medición de energía: fase3_carga_low_iter2 (145s)
   PID de medición: 2066794
=== Escenario low (iter 2) ===
========================================
🔋 MEASURE ENERGY - Fase: fase3_carga_low_iter2
   Duración: 145s
   PID: 2066794
========================================
=== Medición bloque 145s - Fase: fase3_carga_low_iter2 ===
🚀 Iniciando LIMBO con profile=/home/luish/Documents/death/teastore/TeaStore/examples/httploadgenerator/increasingLowIntensity.csv y script=/home/luish/Documents/death/teastore/TeaStore/examples/httploadgenerator/teastore_buy.lua
[⏱ 00:49:56] Iniciando ecofloc en nitro5 por 145s (fase: fase3_carga_low_iter2)
Feb 26, 2026 12:49:56 AM tools.descartes.dlim.httploadgenerator.runner.Director executeDirector
WARNING: No power measurements
Feb 26, 2026 12:49:56 AM tools.descartes.dlim.httploadgenerator.runner.Director executeDirector
INFO: Load Generator Thread Count set to 64
Feb 26, 2026 12:49:56 AM tools.descartes.dlim.httploadgenerator.runner.Director executeDirector
INFO: URL connection timout set to 30000 ms
Feb 26, 2026 12:49:56 AM tools.descartes.dlim.httploadgenerator.runner.Director executeDirector
INFO: Using Lua Script: /home/luish/Documents/death/teastore/TeaStore/examples/httploadgenerator/teastore_buy.lua
Feb 26, 2026 12:49:56 AM tools.descartes.dlim.httploadgenerator.runner.Director process
INFO: Read 120 Arrival Rate Tuples
Load Generator sent: ok
Feb 26, 2026 12:49:56 AM tools.descartes.dlim.httploadgenerator.runner.Director process
INFO: Arrival Rates sent to Load Generator(s).
Load Generator sent: ok
Feb 26, 2026 12:49:56 AM tools.descartes.dlim.httploadgenerator.runner.Director process
INFO: Thread Count sent to Load Generator(s): 64
Load Generator sent: ok
Feb 26, 2026 12:49:56 AM tools.descartes.dlim.httploadgenerator.runner.Director process
INFO: URL connection timeout sent to Load Generator(s): 30000
Load Generator sent: ok
Feb 26, 2026 12:49:56 AM tools.descartes.dlim.httploadgenerator.runner.Director process
INFO: Contents of script sent to Load Generator: /home/luish/Documents/death/teastore/TeaStore/examples/httploadgenerator/teastore_buy.lua
Feb 26, 2026 12:49:56 AM tools.descartes.dlim.httploadgenerator.runner.Director process
INFO: Starting Load Generation
Beginning Run @1772084996910(26.02.2026;00:49:56910)
Target Time = 0.5; Load Intensity = 0.0; #Success = 0; #Failed = 0; #Dropped = 0
  ├─ [nitro5:sd] start 00:49:57
  ├─ [nitro5:ram] start 00:49:57
  ├─ [nitro5:nic] start 00:49:57
[⏱ 00:49:58] Iniciando ecofloc en aspire por 145s (fase: fase3_carga_low_iter2)
  ├─ [nitro5:cpu] start 00:49:58
  ├─ [aspire:sd] start 00:49:58
  ├─ [aspire:ram] start 00:49:58
[⏱ 00:49:58] Iniciando ecofloc en scorpius por 145s (fase: fase3_carga_low_iter2)
  ├─ [aspire:nic] start 00:49:58
  ├─ [aspire:cpu] start 00:49:58
  ├─ [scorpius:sd] start 00:49:58
  ├─ [scorpius:ram] start 00:49:58
  ├─ [scorpius:nic] start 00:49:58
[⏱ 00:49:58] Iniciando ecofloc en leo por 145s (fase: fase3_carga_low_iter2)
  ├─ [scorpius:cpu] start 00:49:58
  ├─ [leo:sd] start 00:49:58
  ├─ [leo:ram] start 00:49:58
  ├─ [leo:nic] start 00:49:58
  ├─ [leo:cpu] start 00:49:58
Target Time = 1.5; Load Intensity = 1.0; #Success = 0; #Failed = 0; #Dropped = 0
Target Time = 2.5; Load Intensity = 2.0; #Success = 0; #Failed = 0; #Dropped = 0
Target Time = 3.5; Load Intensity = 2.0; #Success = 2; #Failed = 0; #Dropped = 0
Target Time = 4.5; Load Intensity = 3.0; #Success = 6; #Failed = 0; #Dropped = 0
Target Time = 5.5; Load Intensity = 4.0; #Success = 4; #Failed = 0; #Dropped = 0
Target Time = 6.5; Load Intensity = 5.0; #Success = 4; #Failed = 0; #Dropped = 0
Target Time = 7.5; Load Intensity = 6.0; #Success = 7; #Failed = 0; #Dropped = 0
Target Time = 8.5; Load Intensity = 7.0; #Success = 7; #Failed = 0; #Dropped = 0
Target Time = 9.5; Load Intensity = 7.0; #Success = 7; #Failed = 0; #Dropped = 0
Target Time = 10.5; Load Intensity = 8.0; #Success = 7; #Failed = 0; #Dropped = 0
Target Time = 11.5; Load Intensity = 9.0; #Success = 10; #Failed = 0; #Dropped = 0
Target Time = 12.5; Load Intensity = 10.0; #Success = 10; #Failed = 0; #Dropped = 0
Target Time = 13.5; Load Intensity = 11.0; #Success = 0; #Failed = 0; #Dropped = 0
Target Time = 14.5; Load Intensity = 12.0; #Success = 22; #Failed = 0; #Dropped = 0
Target Time = 15.5; Load Intensity = 12.0; #Success = 13; #Failed = 0; #Dropped = 0
Target Time = 16.5; Load Intensity = 13.0; #Success = 13; #Failed = 0; #Dropped = 0
Target Time = 17.5; Load Intensity = 14.0; #Success = 14; #Failed = 0; #Dropped = 0
Target Time = 18.5; Load Intensity = 15.0; #Success = 2; #Failed = 0; #Dropped = 0
Target Time = 19.5; Load Intensity = 16.0; #Success = 0; #Failed = 0; #Dropped = 0
Target Time = 20.5; Load Intensity = 17.0; #Success = 0; #Failed = 0; #Dropped = 0
Target Time = 21.5; Load Intensity = 17.0; #Success = 5; #Failed = 0; #Dropped = 0
Target Time = 22.5; Load Intensity = 18.0; #Success = 1; #Failed = 0; #Dropped = 0
Target Time = 23.5; Load Intensity = 19.0; #Success = 4; #Failed = 0; #Dropped = 0
Target Time = 24.5; Load Intensity = 20.0; #Success = 15; #Failed = 0; #Dropped = 0
Target Time = 25.5; Load Intensity = 21.0; #Success = 5; #Failed = 0; #Dropped = 0
Target Time = 26.5; Load Intensity = 22.0; #Success = 8; #Failed = 0; #Dropped = 0
Target Time = 27.5; Load Intensity = 22.0; #Success = 3; #Failed = 9; #Dropped = 0
Target Time = 28.5; Load Intensity = 23.0; #Success = 5; #Failed = 11; #Dropped = 0
Target Time = 29.5; Load Intensity = 24.0; #Success = 1; #Failed = 8; #Dropped = 0
Target Time = 30.5; Load Intensity = 25.0; #Success = 0; #Failed = 4; #Dropped = 0
Target Time = 31.5; Load Intensity = 26.0; #Success = 0; #Failed = 7; #Dropped = 0
Target Time = 32.5; Load Intensity = 27.0; #Success = 0; #Failed = 11; #Dropped = 0
Target Time = 33.5; Load Intensity = 27.0; #Success = 0; #Failed = 5; #Dropped = 0
Target Time = 34.5; Load Intensity = 28.0; #Success = 0; #Failed = 12; #Dropped = 0
Target Time = 35.5; Load Intensity = 29.0; #Success = 0; #Failed = 0; #Dropped = 0
Target Time = 36.5; Load Intensity = 30.0; #Success = 0; #Failed = 9; #Dropped = 0
Target Time = 37.5; Load Intensity = 31.0; #Success = 0; #Failed = 1; #Dropped = 0
Target Time = 38.5; Load Intensity = 32.0; #Success = 0; #Failed = 0; #Dropped = 0
Target Time = 39.5; Load Intensity = 32.0; #Success = 0; #Failed = 0; #Dropped = 0
Target Time = 40.5; Load Intensity = 33.0; #Success = 0; #Failed = 16; #Dropped = 0
Target Time = 41.5; Load Intensity = 34.0; #Success = 0; #Failed = 10; #Dropped = 0
Target Time = 42.5; Load Intensity = 35.0; #Success = 9; #Failed = 1; #Dropped = 0
Target Time = 43.5; Load Intensity = 36.0; #Success = 0; #Failed = 1; #Dropped = 0
Target Time = 44.5; Load Intensity = 37.0; #Success = 0; #Failed = 0; #Dropped = 0
Target Time = 45.5; Load Intensity = 37.0; #Success = 2; #Failed = 14; #Dropped = 0
Target Time = 46.5; Load Intensity = 38.0; #Success = 0; #Failed = 0; #Dropped = 0
Target Time = 47.5; Load Intensity = 39.0; #Success = 0; #Failed = 0; #Dropped = 0
Target Time = 48.5; Load Intensity = 40.0; #Success = 0; #Failed = 0; #Dropped = 0
Target Time = 49.5; Load Intensity = 41.0; #Success = 0; #Failed = 5; #Dropped = 0
Target Time = 50.5; Load Intensity = 42.0; #Success = 0; #Failed = 8; #Dropped = 0
Target Time = 51.5; Load Intensity = 42.0; #Success = 0; #Failed = 6; #Dropped = 0
Target Time = 52.5; Load Intensity = 43.0; #Success = 0; #Failed = 2; #Dropped = 0
Target Time = 53.5; Load Intensity = 44.0; #Success = 0; #Failed = 1; #Dropped = 0
Target Time = 54.5; Load Intensity = 45.0; #Success = 0; #Failed = 4; #Dropped = 0
Target Time = 55.5; Load Intensity = 46.0; #Success = 0; #Failed = 0; #Dropped = 0
Target Time = 56.5; Load Intensity = 47.0; #Success = 0; #Failed = 1; #Dropped = 0
Target Time = 57.5; Load Intensity = 47.0; #Success = 0; #Failed = 3; #Dropped = 0
Target Time = 58.5; Load Intensity = 48.0; #Success = 0; #Failed = 2; #Dropped = 0
Target Time = 59.5; Load Intensity = 49.0; #Success = 0; #Failed = 3; #Dropped = 0
Target Time = 60.5; Load Intensity = 50.0; #Success = 1; #Failed = 13; #Dropped = 0
Target Time = 61.5; Load Intensity = 51.0; #Success = 2; #Failed = 6; #Dropped = 0
Target Time = 62.5; Load Intensity = 52.0; #Success = 4; #Failed = 1; #Dropped = 10
Target Time = 63.5; Load Intensity = 52.0; #Success = 0; #Failed = 8; #Dropped = 9
Target Time = 64.5; Load Intensity = 53.0; #Success = 0; #Failed = 6; #Dropped = 18
Target Time = 65.5; Load Intensity = 54.0; #Success = 0; #Failed = 4; #Dropped = 21
Target Time = 66.5; Load Intensity = 55.0; #Success = 3; #Failed = 0; #Dropped = 42
Target Time = 67.5; Load Intensity = 56.0; #Success = 0; #Failed = 0; #Dropped = 0
Target Time = 68.5; Load Intensity = 57.0; #Success = 1; #Failed = 0; #Dropped = 31
Target Time = 69.5; Load Intensity = 57.0; #Success = 0; #Failed = 0; #Dropped = 0
Target Time = 70.5; Load Intensity = 58.0; #Success = 4; #Failed = 0; #Dropped = 84
Target Time = 71.5; Load Intensity = 59.0; #Success = 3; #Failed = 0; #Dropped = 37
Target Time = 72.5; Load Intensity = 60.0; #Success = 0; #Failed = 9; #Dropped = 16
Target Time = 73.5; Load Intensity = 61.0; #Success = 1; #Failed = 10; #Dropped = 31
Target Time = 74.5; Load Intensity = 62.0; #Success = 0; #Failed = 10; #Dropped = 11
Target Time = 75.5; Load Intensity = 62.0; #Success = 2; #Failed = 6; #Dropped = 48
Target Time = 76.5; Load Intensity = 63.0; #Success = 0; #Failed = 3; #Dropped = 7
Target Time = 77.5; Load Intensity = 64.0; #Success = 0; #Failed = 3; #Dropped = 39
Target Time = 78.5; Load Intensity = 65.0; #Success = 0; #Failed = 1; #Dropped = 34
Target Time = 79.5; Load Intensity = 66.0; #Success = 1; #Failed = 1; #Dropped = 52
Target Time = 80.5; Load Intensity = 67.0; #Success = 1; #Failed = 5; #Dropped = 34
Target Time = 81.5; Load Intensity = 67.0; #Success = 0; #Failed = 5; #Dropped = 46
Target Time = 82.5; Load Intensity = 68.0; #Success = 1; #Failed = 4; #Dropped = 40
Target Time = 83.5; Load Intensity = 69.0; #Success = 0; #Failed = 2; #Dropped = 18
Target Time = 84.5; Load Intensity = 70.0; #Success = 0; #Failed = 4; #Dropped = 41
Target Time = 85.5; Load Intensity = 71.0; #Success = 0; #Failed = 0; #Dropped = 0
Target Time = 86.5; Load Intensity = 72.0; #Success = 0; #Failed = 0; #Dropped = 0
Target Time = 87.5; Load Intensity = 72.0; #Success = 0; #Failed = 0; #Dropped = 0
Target Time = 88.5; Load Intensity = 73.0; #Success = 1; #Failed = 1; #Dropped = 198
Target Time = 89.5; Load Intensity = 74.0; #Success = 0; #Failed = 0; #Dropped = 0
Target Time = 90.5; Load Intensity = 75.0; #Success = 4; #Failed = 0; #Dropped = 88
Target Time = 91.5; Load Intensity = 76.0; #Success = 0; #Failed = 9; #Dropped = 58
Target Time = 92.5; Load Intensity = 77.0; #Success = 2; #Failed = 7; #Dropped = 59
Target Time = 93.5; Load Intensity = 77.0; #Success = 0; #Failed = 6; #Dropped = 47
Target Time = 94.5; Load Intensity = 78.0; #Success = 0; #Failed = 6; #Dropped = 29
Target Time = 95.5; Load Intensity = 79.0; #Success = 0; #Failed = 9; #Dropped = 37
Target Time = 96.5; Load Intensity = 80.0; #Success = 0; #Failed = 14; #Dropped = 52
Target Time = 97.5; Load Intensity = 81.0; #Success = 0; #Failed = 12; #Dropped = 44
Target Time = 98.5; Load Intensity = 82.0; #Success = 0; #Failed = 13; #Dropped = 39
Target Time = 99.5; Load Intensity = 82.0; #Success = 0; #Failed = 18; #Dropped = 45
Target Time = 100.5; Load Intensity = 83.0; #Success = 0; #Failed = 9; #Dropped = 36
Target Time = 101.5; Load Intensity = 84.0; #Success = 0; #Failed = 17; #Dropped = 53
Target Time = 102.5; Load Intensity = 85.0; #Success = 0; #Failed = 14; #Dropped = 45
Target Time = 103.5; Load Intensity = 86.0; #Success = 2; #Failed = 0; #Dropped = 72
Target Time = 104.5; Load Intensity = 87.0; #Success = 0; #Failed = 0; #Dropped = 0
Target Time = 105.5; Load Intensity = 87.0; #Success = 0; #Failed = 0; #Dropped = 0
Target Time = 106.5; Load Intensity = 88.0; #Success = 0; #Failed = 0; #Dropped = 0
Target Time = 107.5; Load Intensity = 89.0; #Success = 0; #Failed = 0; #Dropped = 0
Target Time = 108.5; Load Intensity = 90.0; #Success = 0; #Failed = 1; #Dropped = 264
Target Time = 109.5; Load Intensity = 91.0; #Success = 0; #Failed = 6; #Dropped = 81
Target Time = 110.5; Load Intensity = 92.0; #Success = 0; #Failed = 4; #Dropped = 49
Target Time = 111.5; Load Intensity = 92.0; #Success = 0; #Failed = 5; #Dropped = 51
Target Time = 112.5; Load Intensity = 93.0; #Success = 0; #Failed = 11; #Dropped = 65
Target Time = 113.5; Load Intensity = 94.0; #Success = 0; #Failed = 8; #Dropped = 69
Target Time = 114.5; Load Intensity = 95.0; #Success = 0; #Failed = 2; #Dropped = 63
Target Time = 115.5; Load Intensity = 96.0; #Success = 0; #Failed = 1; #Dropped = 60
Target Time = 116.5; Load Intensity = 97.0; #Success = 0; #Failed = 4; #Dropped = 70
Target Time = 117.5; Load Intensity = 97.0; #Success = 0; #Failed = 3; #Dropped = 77
Target Time = 118.5; Load Intensity = 98.0; #Success = 0; #Failed = 3; #Dropped = 60
Target Time = 119.5; Load Intensity = 99.0; #Success = 0; #Failed = 2; #Dropped = 84
Target Time = 120.5; Load Intensity = 0.0; #Success = 0; #Failed = 4; #Dropped = 61
Target Time = 121.5; Load Intensity = 0.0; #Success = 0; #Failed = 6; #Dropped = 124
Target Time = 122.5; Load Intensity = 0.0; #Success = 0; #Failed = 3; #Dropped = 26
Target Time = 123.5; Load Intensity = 0.0; #Success = 0; #Failed = 6; #Dropped = 83
Target Time = 124.5; Load Intensity = 0.0; #Success = 0; #Failed = 6; #Dropped = 68
Target Time = 125.5; Load Intensity = 0.0; #Success = 0; #Failed = 13; #Dropped = 77
Target Time = 126.5; Load Intensity = 0.0; #Success = 0; #Failed = 5; #Dropped = 66
Target Time = 127.5; Load Intensity = 0.0; #Success = 0; #Failed = 10; #Dropped = 83
Target Time = 128.5; Load Intensity = 0.0; #Success = 0; #Failed = 11; #Dropped = 69
Target Time = 129.5; Load Intensity = 0.0; #Success = 0; #Failed = 7; #Dropped = 73
Target Time = 130.5; Load Intensity = 0.0; #Success = 0; #Failed = 18; #Dropped = 80
Target Time = 131.5; Load Intensity = 0.0; #Success = 1; #Failed = 4; #Dropped = 59
Target Time = 132.5; Load Intensity = 0.0; #Success = 1; #Failed = 0; #Dropped = 42
Target Time = 133.5; Load Intensity = 0.0; #Success = 0; #Failed = 0; #Dropped = 0
Target Time = 134.5; Load Intensity = 0.0; #Success = 0; #Failed = 0; #Dropped = 0
Target Time = 135.5; Load Intensity = 0.0; #Success = 0; #Failed = 0; #Dropped = 0
Target Time = 136.5; Load Intensity = 0.0; #Success = 0; #Failed = 0; #Dropped = 0
Target Time = 137.5; Load Intensity = 0.0; #Success = 0; #Failed = 0; #Dropped = 0
Target Time = 138.5; Load Intensity = 0.0; #Success = 0; #Failed = 0; #Dropped = 0
Target Time = 139.5; Load Intensity = 0.0; #Success = 0; #Failed = 0; #Dropped = 0
Target Time = 140.5; Load Intensity = 0.0; #Success = 0; #Failed = 0; #Dropped = 0
Target Time = 141.5; Load Intensity = 0.0; #Success = 0; #Failed = 0; #Dropped = 0
Target Time = 142.5; Load Intensity = 0.0; #Success = 1; #Failed = 25; #Dropped = 912
Target Time = 143.5; Load Intensity = 0.0; #Success = 0; #Failed = 4; #Dropped = 83
Target Time = 144.5; Load Intensity = 0.0; #Success = 0; #Failed = 3; #Dropped = 91
  └─ [nitro5:sd] end 00:52:22
Target Time = 145.5; Load Intensity = 0.0; #Success = 0; #Failed = 0; #Dropped = 0
  └─ [nitro5:ram] end 00:52:22
  └─ [nitro5:nic] end 00:52:22
  └─ [nitro5:cpu] end 00:52:23
Target Time = 146.5; Load Intensity = 0.0; #Success = 0; #Failed = 0; #Dropped = 0
Target Time = 147.5; Load Intensity = 0.0; #Success = 0; #Failed = 22; #Dropped = 283
Target Time = 148.5; Load Intensity = 0.0; #Success = 1; #Failed = 2; #Dropped = 68
Target Time = 149.5; Load Intensity = 0.0; #Success = 0; #Failed = 0; #Dropped = 0
Target Time = 150.5; Load Intensity = 0.0; #Success = 0; #Failed = 47; #Dropped = 152
  └─ [aspire:nic] end 00:52:27
Target Time = 151.5; Load Intensity = 0.0; #Success = 0; #Failed = 7; #Dropped = 0
  └─ [scorpius:cpu] end 00:52:28
  └─ [scorpius:nic] end 00:52:29
  └─ [aspire:cpu] end 00:52:29
Target Time = 152.5; Load Intensity = 0.0; #Success = 0; #Failed = 5; #Dropped = 0
Target Time = 153.5; Load Intensity = 0.0; #Success = 0; #Failed = 0; #Dropped = 0
  └─ [aspire:sd] end 00:52:31
  └─ [aspire:ram] end 00:52:31
Target Time = 154.5; Load Intensity = 0.0; #Success = 2; #Failed = 0; #Dropped = 0
Target Time = 155.5; Load Intensity = 0.0; #Success = 0; #Failed = 2; #Dropped = 0
Target Time = 156.5; Load Intensity = 0.0; #Success = 0; #Failed = 0; #Dropped = 0
Target Time = 157.5; Load Intensity = 0.0; #Success = 1; #Failed = 0; #Dropped = 0
  └─ [scorpius:ram] end 00:52:37
  └─ [leo:nic] end 00:52:38
Workload finished.
Log finished.
📄 LIMBO finalizado para scenario=low
⏳ [00:52:39] Esperando que termine medición: fase3_carga_low_iter2 (PID: 2066794)
  └─ [leo:sd] end 00:52:41
  └─ [scorpius:sd] end 00:52:42
  └─ [leo:cpu] end 00:52:42
  └─ [leo:ram] end 00:52:43
=== Bloque 145s terminado - Fase: fase3_carga_low_iter2 ===
[🧹] Limpiando CSVs internos de ecofloc en cada nodo (fase: fase3_carga_low_iter2)...
  ✔ [nitro5:cpu] limpiado /home/luish/Documents/p3/ecofloc2/ecofloc/ecofloc-cpu/ECOFLOC_CPU_COMM_text.csv
  ✔ [nitro5:nic] limpiado /home/luish/Documents/p3/ecofloc2/ecofloc/ecofloc-nic/ECOFLOC_NIC_COMM_text.csv
  ✔ [nitro5:ram] limpiado /home/luish/Documents/p3/ecofloc2/ecofloc/ecofloc-ram/ECOFLOC_RAM_COMM_text.csv
  ✔ [nitro5:sd] limpiado /home/luish/Documents/p3/ecofloc2/ecofloc/ecofloc-sd/ECOFLOC_SD_COMM_text.csv
  ✔ [leo:cpu] limpiado /home/leo/ecofloc/ecofloc-cpu/ECOFLOC_CPU_COMM_text.csv
  ✔ [leo:nic] limpiado /home/leo/ecofloc/ecofloc-nic/ECOFLOC_NIC_COMM_text.csv
  ✔ [leo:ram] limpiado /home/leo/ecofloc/ecofloc-ram/ECOFLOC_RAM_COMM_text.csv
  ✔ [leo:sd] limpiado /home/leo/ecofloc/ecofloc-sd/ECOFLOC_SD_COMM_text.csv
  ✔ [aspire:cpu] limpiado /home/luish/Documents/p3/ecofloc2/ecofloc/ecofloc-cpu/ECOFLOC_CPU_COMM_text.csv
  ✔ [aspire:nic] limpiado /home/luish/Documents/p3/ecofloc2/ecofloc/ecofloc-nic/ECOFLOC_NIC_COMM_text.csv
  ✔ [aspire:ram] limpiado /home/luish/Documents/p3/ecofloc2/ecofloc/ecofloc-ram/ECOFLOC_RAM_COMM_text.csv
  ✔ [aspire:sd] limpiado /home/luish/Documents/p3/ecofloc2/ecofloc/ecofloc-sd/ECOFLOC_SD_COMM_text.csv
  ✔ [scorpius:cpu] limpiado /home/scorpius03/Documents/ecofloc/ecofloc-cpu/ECOFLOC_CPU_COMM_text.csv
  ✔ [scorpius:nic] limpiado /home/scorpius03/Documents/ecofloc/ecofloc-nic/ECOFLOC_NIC_COMM_text.csv
  ✔ [scorpius:ram] limpiado /home/scorpius03/Documents/ecofloc/ecofloc-ram/ECOFLOC_RAM_COMM_text.csv
  ✔ [scorpius:sd] limpiado /home/scorpius03/Documents/ecofloc/ecofloc-sd/ECOFLOC_SD_COMM_text.csv
========================================
🔋 MEASURE ENERGY FINALIZADO
   Fase: fase3_carga_low_iter2
========================================
✔️ [00:52:46] Medición fase3_carga_low_iter2 completada
[📦] Archivando resultados → ./historyexecutions/exp(00:52:51)_fase3_low_iter2
[✔] Archivado: ./historyexecutions/exp(00:52:51)_fase3_low_iter2
🧹 Limpiando TeaStore (iter 2)...
⏸ Esperando 15s para limpieza completa...
✅ Iteración 2 / 15 del escenario low completada.

########################################################
🔄 ESCENARIO: low | ITERACIÓN: 3 / 15
   Hora: 00:53:39
########################################################
========================================
🔋 FASE 1: Descarga de imágenes (low, iter 3)
========================================
📋 Capturando PIDs (gepidstea.sh)...
📋 Capturando PIDs de contenedores (kpsnodos.sh)...
🔋 [00:54:01] Iniciando medición de energía: fase1_descarga_low_iter3 (25s)
   PID de medición: 2478605
🚀 Desplegando TeaStore desde /home/luish/Documents/death/teastore/TeaStore/examples/kubernetes/teastore-energy-scheduler.yaml...
========================================
🔋 MEASURE ENERGY - Fase: fase1_descarga_low_iter3
   Duración: 25s
   PID: 2478605
========================================
=== Medición bloque 25s - Fase: fase1_descarga_low_iter3 ===
[⏱ 00:54:01] Iniciando ecofloc en nitro5 por 25s (fase: fase1_descarga_low_iter3)
⏳ Esperando a que todos los pods de TeaStore estén Running y Ready...
  ├─ [nitro5:sd] start 00:54:01
  ├─ [nitro5:ram] start 00:54:02
  ├─ [nitro5:nic] start 00:54:02
[⏱ 00:54:02] Iniciando ecofloc en aspire por 25s (fase: fase1_descarga_low_iter3)
  ├─ [nitro5:cpu] start 00:54:02
  ├─ [aspire:sd] start 00:54:02
  ├─ [aspire:ram] start 00:54:02
[⏱ 00:54:02] Iniciando ecofloc en scorpius por 25s (fase: fase1_descarga_low_iter3)
  ├─ [aspire:nic] start 00:54:02
  ├─ [aspire:cpu] start 00:54:02
  ├─ [scorpius:sd] start 00:54:02
  ├─ [scorpius:ram] start 00:54:02
  ├─ [scorpius:nic] start 00:54:02
[⏱ 00:54:02] Iniciando ecofloc en leo por 25s (fase: fase1_descarga_low_iter3)
  ├─ [scorpius:cpu] start 00:54:02
  ├─ [leo:sd] start 00:54:02
  ├─ [leo:nic] start 00:54:02
  ├─ [leo:cpu] start 00:54:02
  ├─ [leo:ram] start 00:54:02
✅ Pods listos.
⏳ [00:54:05] Esperando que termine medición: fase1_descarga_low_iter3 (PID: 2478605)
  └─ [nitro5:sd] end 00:54:26
  └─ [nitro5:ram] end 00:54:27
  └─ [nitro5:nic] end 00:54:27
  └─ [nitro5:cpu] end 00:54:27
  └─ [aspire:cpu] end 00:54:28
  └─ [aspire:sd] end 00:54:28
  └─ [aspire:ram] end 00:54:28
  └─ [scorpius:cpu] end 00:54:28
  └─ [scorpius:sd] end 00:54:29
  └─ [leo:cpu] end 00:54:29
  └─ [leo:sd] end 00:54:29
  └─ [aspire:nic] end 00:54:29
  └─ [leo:nic] end 00:54:30
  └─ [scorpius:nic] end 00:54:30
  └─ [leo:ram] end 00:54:30
  └─ [scorpius:ram] end 00:54:30
=== Bloque 25s terminado - Fase: fase1_descarga_low_iter3 ===
[🧹] Limpiando CSVs internos de ecofloc en cada nodo (fase: fase1_descarga_low_iter3)...
  ✔ [nitro5:cpu] limpiado /home/luish/Documents/p3/ecofloc2/ecofloc/ecofloc-cpu/ECOFLOC_CPU_COMM_text.csv
  ✔ [nitro5:nic] limpiado /home/luish/Documents/p3/ecofloc2/ecofloc/ecofloc-nic/ECOFLOC_NIC_COMM_text.csv
  ✔ [nitro5:ram] limpiado /home/luish/Documents/p3/ecofloc2/ecofloc/ecofloc-ram/ECOFLOC_RAM_COMM_text.csv
  ✔ [nitro5:sd] limpiado /home/luish/Documents/p3/ecofloc2/ecofloc/ecofloc-sd/ECOFLOC_SD_COMM_text.csv
  ✔ [leo:cpu] limpiado /home/leo/ecofloc/ecofloc-cpu/ECOFLOC_CPU_COMM_text.csv
  ✔ [leo:nic] limpiado /home/leo/ecofloc/ecofloc-nic/ECOFLOC_NIC_COMM_text.csv
  ✔ [leo:ram] limpiado /home/leo/ecofloc/ecofloc-ram/ECOFLOC_RAM_COMM_text.csv
  ✔ [leo:sd] limpiado /home/leo/ecofloc/ecofloc-sd/ECOFLOC_SD_COMM_text.csv
  ✔ [aspire:cpu] limpiado /home/luish/Documents/p3/ecofloc2/ecofloc/ecofloc-cpu/ECOFLOC_CPU_COMM_text.csv
  ✔ [aspire:nic] limpiado /home/luish/Documents/p3/ecofloc2/ecofloc/ecofloc-nic/ECOFLOC_NIC_COMM_text.csv
  ✔ [aspire:ram] limpiado /home/luish/Documents/p3/ecofloc2/ecofloc/ecofloc-ram/ECOFLOC_RAM_COMM_text.csv
  ✔ [aspire:sd] limpiado /home/luish/Documents/p3/ecofloc2/ecofloc/ecofloc-sd/ECOFLOC_SD_COMM_text.csv
  ✔ [scorpius:cpu] limpiado /home/scorpius03/Documents/ecofloc/ecofloc-cpu/ECOFLOC_CPU_COMM_text.csv
  ✔ [scorpius:nic] limpiado /home/scorpius03/Documents/ecofloc/ecofloc-nic/ECOFLOC_NIC_COMM_text.csv
  ✔ [scorpius:ram] limpiado /home/scorpius03/Documents/ecofloc/ecofloc-ram/ECOFLOC_RAM_COMM_text.csv
  ✔ [scorpius:sd] limpiado /home/scorpius03/Documents/ecofloc/ecofloc-sd/ECOFLOC_SD_COMM_text.csv
========================================
🔋 MEASURE ENERGY FINALIZADO
   Fase: fase1_descarga_low_iter3
========================================
✔️ [00:54:34] Medición fase1_descarga_low_iter3 completada
[📦] Archivando resultados → ./historyexecutions/exp(00:54:39)_fase1_low_iter3
[✔] Archivado: ./historyexecutions/exp(00:54:39)_fase1_low_iter3
========================================
🔋 FASE 2: Preparación de servicios (low, iter 3)
========================================
📋 Capturando PIDs (gepidstea.sh)...
📋 Capturando PIDs de contenedores (kpsnodos.sh)...
🔋 [00:54:55] Iniciando medición de energía: fase2_preparacion_low_iter3 (50s)
   PID de medición: 2543105
========================================
🔋 MEASURE ENERGY - Fase: fase2_preparacion_low_iter3
   Duración: 50s
   PID: 2543105
========================================
=== Medición bloque 50s - Fase: fase2_preparacion_low_iter3 ===
[⏱ 00:54:55] Iniciando ecofloc en nitro5 por 50s (fase: fase2_preparacion_low_iter3)
⏳ Esperando 10s a que CoreDNS se estabilice...
  ├─ [nitro5:sd] start 00:54:56
  ├─ [nitro5:ram] start 00:54:56
  ├─ [nitro5:nic] start 00:54:56
[⏱ 00:54:57] Iniciando ecofloc en aspire por 50s (fase: fase2_preparacion_low_iter3)
  ├─ [nitro5:cpu] start 00:54:57
  ├─ [aspire:sd] start 00:54:57
  ├─ [aspire:ram] start 00:54:57
[⏱ 00:54:57] Iniciando ecofloc en scorpius por 50s (fase: fase2_preparacion_low_iter3)
  ├─ [aspire:nic] start 00:54:57
  ├─ [aspire:cpu] start 00:54:57
  ├─ [scorpius:sd] start 00:54:57
  ├─ [scorpius:ram] start 00:54:57
  ├─ [scorpius:nic] start 00:54:57
[⏱ 00:54:57] Iniciando ecofloc en leo por 50s (fase: fase2_preparacion_low_iter3)
  ├─ [scorpius:cpu] start 00:54:57
  ├─ [leo:sd] start 00:54:57
  ├─ [leo:ram] start 00:54:57
  ├─ [leo:nic] start 00:54:57
  ├─ [leo:cpu] start 00:54:57
➡️ Pod WebUI: teastore-webui-ff7768544-qvsh5
➡️ Está en el nodo: luish-nitro-an515-57
🌐 IP del nodo WebUI: 192.168.18.27
⏳ Verificando estado del TeaStore en http://192.168.18.27:30080/tools.descartes.teastore.webui/status ...
   ➤ Estado actual: 5 / 5 servicios OK
✔ TODOS los servicios del TeaStore están OK. Continuando...
⏳ [00:55:08] Esperando que termine medición: fase2_preparacion_low_iter3 (PID: 2543105)
  └─ [nitro5:sd] end 00:55:46
  └─ [nitro5:ram] end 00:55:46
  └─ [nitro5:nic] end 00:55:46
  └─ [nitro5:cpu] end 00:55:47
  └─ [scorpius:sd] end 00:55:48
  └─ [aspire:sd] end 00:55:48
  └─ [aspire:cpu] end 00:55:48
  └─ [aspire:nic] end 00:55:48
  └─ [aspire:ram] end 00:55:49
  └─ [scorpius:cpu] end 00:55:49
  └─ [scorpius:nic] end 00:55:50
  └─ [scorpius:ram] end 00:55:51
  └─ [leo:sd] end 00:55:51
  └─ [leo:nic] end 00:55:52
  └─ [leo:ram] end 00:55:53
  └─ [leo:cpu] end 00:55:53
=== Bloque 50s terminado - Fase: fase2_preparacion_low_iter3 ===
[🧹] Limpiando CSVs internos de ecofloc en cada nodo (fase: fase2_preparacion_low_iter3)...
  ✔ [nitro5:cpu] limpiado /home/luish/Documents/p3/ecofloc2/ecofloc/ecofloc-cpu/ECOFLOC_CPU_COMM_text.csv
  ✔ [nitro5:nic] limpiado /home/luish/Documents/p3/ecofloc2/ecofloc/ecofloc-nic/ECOFLOC_NIC_COMM_text.csv
  ✔ [nitro5:ram] limpiado /home/luish/Documents/p3/ecofloc2/ecofloc/ecofloc-ram/ECOFLOC_RAM_COMM_text.csv
  ✔ [nitro5:sd] limpiado /home/luish/Documents/p3/ecofloc2/ecofloc/ecofloc-sd/ECOFLOC_SD_COMM_text.csv
  ✔ [leo:cpu] limpiado /home/leo/ecofloc/ecofloc-cpu/ECOFLOC_CPU_COMM_text.csv
  ✔ [leo:nic] limpiado /home/leo/ecofloc/ecofloc-nic/ECOFLOC_NIC_COMM_text.csv
  ✔ [leo:ram] limpiado /home/leo/ecofloc/ecofloc-ram/ECOFLOC_RAM_COMM_text.csv
  ✔ [leo:sd] limpiado /home/leo/ecofloc/ecofloc-sd/ECOFLOC_SD_COMM_text.csv
  ✔ [aspire:cpu] limpiado /home/luish/Documents/p3/ecofloc2/ecofloc/ecofloc-cpu/ECOFLOC_CPU_COMM_text.csv
  ✔ [aspire:nic] limpiado /home/luish/Documents/p3/ecofloc2/ecofloc/ecofloc-nic/ECOFLOC_NIC_COMM_text.csv
  ✔ [aspire:ram] limpiado /home/luish/Documents/p3/ecofloc2/ecofloc/ecofloc-ram/ECOFLOC_RAM_COMM_text.csv
  ✔ [aspire:sd] limpiado /home/luish/Documents/p3/ecofloc2/ecofloc/ecofloc-sd/ECOFLOC_SD_COMM_text.csv
  ✔ [scorpius:cpu] limpiado /home/scorpius03/Documents/ecofloc/ecofloc-cpu/ECOFLOC_CPU_COMM_text.csv
  ✔ [scorpius:nic] limpiado /home/scorpius03/Documents/ecofloc/ecofloc-nic/ECOFLOC_NIC_COMM_text.csv
  ✔ [scorpius:ram] limpiado /home/scorpius03/Documents/ecofloc/ecofloc-ram/ECOFLOC_RAM_COMM_text.csv
  ✔ [scorpius:sd] limpiado /home/scorpius03/Documents/ecofloc/ecofloc-sd/ECOFLOC_SD_COMM_text.csv
========================================
🔋 MEASURE ENERGY FINALIZADO
   Fase: fase2_preparacion_low_iter3
========================================
✔️ [00:55:58] Medición fase2_preparacion_low_iter3 completada
[📦] Archivando resultados → ./historyexecutions/exp(00:56:03)_fase2_low_iter3
[✔] Archivado: ./historyexecutions/exp(00:56:03)_fase2_low_iter3
========================================
🔋 FASE 3: Ejecución de carga (low, iter 3)
========================================
📋 Capturando PIDs (gepidstea.sh)...
📋 Capturando PIDs de contenedores (kpsnodos.sh)...
🔋 [00:56:20] Iniciando medición de energía: fase3_carga_low_iter3 (145s)
   PID de medición: 2680841
=== Escenario low (iter 3) ===
========================================
🔋 MEASURE ENERGY - Fase: fase3_carga_low_iter3
   Duración: 145s
   PID: 2680841
========================================
=== Medición bloque 145s - Fase: fase3_carga_low_iter3 ===
🚀 Iniciando LIMBO con profile=/home/luish/Documents/death/teastore/TeaStore/examples/httploadgenerator/increasingLowIntensity.csv y script=/home/luish/Documents/death/teastore/TeaStore/examples/httploadgenerator/teastore_buy.lua
[⏱ 00:56:20] Iniciando ecofloc en nitro5 por 145s (fase: fase3_carga_low_iter3)
Feb 26, 2026 12:56:20 AM tools.descartes.dlim.httploadgenerator.runner.Director executeDirector
WARNING: No power measurements
Feb 26, 2026 12:56:20 AM tools.descartes.dlim.httploadgenerator.runner.Director executeDirector
INFO: Load Generator Thread Count set to 64
Feb 26, 2026 12:56:20 AM tools.descartes.dlim.httploadgenerator.runner.Director executeDirector
INFO: URL connection timout set to 30000 ms
Feb 26, 2026 12:56:20 AM tools.descartes.dlim.httploadgenerator.runner.Director executeDirector
INFO: Using Lua Script: /home/luish/Documents/death/teastore/TeaStore/examples/httploadgenerator/teastore_buy.lua
Feb 26, 2026 12:56:20 AM tools.descartes.dlim.httploadgenerator.runner.Director process
INFO: Read 120 Arrival Rate Tuples
Load Generator sent: ok
Feb 26, 2026 12:56:20 AM tools.descartes.dlim.httploadgenerator.runner.Director process
INFO: Arrival Rates sent to Load Generator(s).
Load Generator sent: ok
Feb 26, 2026 12:56:20 AM tools.descartes.dlim.httploadgenerator.runner.Director process
INFO: Thread Count sent to Load Generator(s): 64
Load Generator sent: ok
Feb 26, 2026 12:56:20 AM tools.descartes.dlim.httploadgenerator.runner.Director process
INFO: URL connection timeout sent to Load Generator(s): 30000
Load Generator sent: ok
Feb 26, 2026 12:56:20 AM tools.descartes.dlim.httploadgenerator.runner.Director process
INFO: Contents of script sent to Load Generator: /home/luish/Documents/death/teastore/TeaStore/examples/httploadgenerator/teastore_buy.lua
Feb 26, 2026 12:56:20 AM tools.descartes.dlim.httploadgenerator.runner.Director process
INFO: Starting Load Generation
Beginning Run @1772085380677(26.02.2026;00:56:20677)
Target Time = 0.5; Load Intensity = 0.0; #Success = 0; #Failed = 0; #Dropped = 0
  ├─ [nitro5:sd] start 00:56:20
  ├─ [nitro5:ram] start 00:56:21
  ├─ [nitro5:nic] start 00:56:21
[⏱ 00:56:22] Iniciando ecofloc en aspire por 145s (fase: fase3_carga_low_iter3)
  ├─ [nitro5:cpu] start 00:56:22
  ├─ [aspire:sd] start 00:56:22
  ├─ [aspire:ram] start 00:56:22
[⏱ 00:56:22] Iniciando ecofloc en scorpius por 145s (fase: fase3_carga_low_iter3)
  ├─ [aspire:nic] start 00:56:22
  ├─ [aspire:cpu] start 00:56:22
  ├─ [scorpius:sd] start 00:56:22
  ├─ [scorpius:ram] start 00:56:22
[⏱ 00:56:22] Iniciando ecofloc en leo por 145s (fase: fase3_carga_low_iter3)
  ├─ [scorpius:nic] start 00:56:22
  ├─ [scorpius:cpu] start 00:56:22
  ├─ [leo:sd] start 00:56:22
  ├─ [leo:ram] start 00:56:22
  ├─ [leo:nic] start 00:56:22
  ├─ [leo:cpu] start 00:56:22
Target Time = 1.5; Load Intensity = 1.0; #Success = 0; #Failed = 0; #Dropped = 0
Target Time = 2.5; Load Intensity = 2.0; #Success = 0; #Failed = 0; #Dropped = 0
Target Time = 3.5; Load Intensity = 2.0; #Success = 5; #Failed = 0; #Dropped = 0
Target Time = 4.5; Load Intensity = 3.0; #Success = 3; #Failed = 0; #Dropped = 0
Target Time = 5.5; Load Intensity = 4.0; #Success = 4; #Failed = 0; #Dropped = 0
Target Time = 6.5; Load Intensity = 5.0; #Success = 5; #Failed = 0; #Dropped = 0
Target Time = 7.5; Load Intensity = 6.0; #Success = 6; #Failed = 0; #Dropped = 0
Target Time = 8.5; Load Intensity = 7.0; #Success = 7; #Failed = 0; #Dropped = 0
Target Time = 9.5; Load Intensity = 7.0; #Success = 7; #Failed = 0; #Dropped = 0
Target Time = 10.5; Load Intensity = 8.0; #Success = 6; #Failed = 0; #Dropped = 0
Target Time = 11.5; Load Intensity = 9.0; #Success = 11; #Failed = 0; #Dropped = 0
Target Time = 12.5; Load Intensity = 10.0; #Success = 10; #Failed = 0; #Dropped = 0
Target Time = 13.5; Load Intensity = 11.0; #Success = 9; #Failed = 0; #Dropped = 0
Target Time = 14.5; Load Intensity = 12.0; #Success = 12; #Failed = 0; #Dropped = 0
Target Time = 15.5; Load Intensity = 12.0; #Success = 14; #Failed = 0; #Dropped = 0
Target Time = 16.5; Load Intensity = 13.0; #Success = 13; #Failed = 0; #Dropped = 0
Target Time = 17.5; Load Intensity = 14.0; #Success = 14; #Failed = 0; #Dropped = 0
Target Time = 18.5; Load Intensity = 15.0; #Success = 2; #Failed = 0; #Dropped = 0
Target Time = 19.5; Load Intensity = 16.0; #Success = 4; #Failed = 0; #Dropped = 0
Target Time = 20.5; Load Intensity = 17.0; #Success = 0; #Failed = 0; #Dropped = 0
Target Time = 21.5; Load Intensity = 17.0; #Success = 4; #Failed = 0; #Dropped = 0
Target Time = 22.5; Load Intensity = 18.0; #Success = 12; #Failed = 0; #Dropped = 0
Target Time = 23.5; Load Intensity = 19.0; #Success = 13; #Failed = 0; #Dropped = 0
Target Time = 24.5; Load Intensity = 20.0; #Success = 4; #Failed = 0; #Dropped = 0
Target Time = 25.5; Load Intensity = 21.0; #Success = 1; #Failed = 0; #Dropped = 0
Target Time = 26.5; Load Intensity = 22.0; #Success = 1; #Failed = 0; #Dropped = 0
Target Time = 27.5; Load Intensity = 22.0; #Success = 0; #Failed = 0; #Dropped = 0
Target Time = 28.5; Load Intensity = 23.0; #Success = 0; #Failed = 0; #Dropped = 0
Target Time = 29.5; Load Intensity = 24.0; #Success = 0; #Failed = 0; #Dropped = 0
Target Time = 30.5; Load Intensity = 25.0; #Success = 0; #Failed = 1; #Dropped = 0
Target Time = 31.5; Load Intensity = 26.0; #Success = 0; #Failed = 0; #Dropped = 0
Target Time = 32.5; Load Intensity = 27.0; #Success = 2; #Failed = 4; #Dropped = 0
Target Time = 33.5; Load Intensity = 27.0; #Success = 0; #Failed = 3; #Dropped = 0
Target Time = 34.5; Load Intensity = 28.0; #Success = 0; #Failed = 3; #Dropped = 0
Target Time = 35.5; Load Intensity = 29.0; #Success = 0; #Failed = 1; #Dropped = 0
Target Time = 36.5; Load Intensity = 30.0; #Success = 0; #Failed = 4; #Dropped = 0
Target Time = 37.5; Load Intensity = 31.0; #Success = 0; #Failed = 9; #Dropped = 0
Target Time = 38.5; Load Intensity = 32.0; #Success = 0; #Failed = 13; #Dropped = 0
Target Time = 39.5; Load Intensity = 32.0; #Success = 0; #Failed = 19; #Dropped = 0
Target Time = 40.5; Load Intensity = 33.0; #Success = 0; #Failed = 7; #Dropped = 0
Target Time = 41.5; Load Intensity = 34.0; #Success = 0; #Failed = 1; #Dropped = 0
Target Time = 42.5; Load Intensity = 35.0; #Success = 0; #Failed = 0; #Dropped = 0
Target Time = 43.5; Load Intensity = 36.0; #Success = 0; #Failed = 0; #Dropped = 0
Target Time = 44.5; Load Intensity = 37.0; #Success = 0; #Failed = 0; #Dropped = 0
Target Time = 45.5; Load Intensity = 37.0; #Success = 0; #Failed = 1; #Dropped = 0
Target Time = 46.5; Load Intensity = 38.0; #Success = 0; #Failed = 0; #Dropped = 0
Target Time = 47.5; Load Intensity = 39.0; #Success = 0; #Failed = 1; #Dropped = 0
Target Time = 48.5; Load Intensity = 40.0; #Success = 0; #Failed = 0; #Dropped = 0
Target Time = 49.5; Load Intensity = 41.0; #Success = 0; #Failed = 0; #Dropped = 0
Target Time = 50.5; Load Intensity = 42.0; #Success = 0; #Failed = 23; #Dropped = 0
Target Time = 51.5; Load Intensity = 42.0; #Success = 0; #Failed = 0; #Dropped = 0
Target Time = 52.5; Load Intensity = 43.0; #Success = 0; #Failed = 0; #Dropped = 0
Target Time = 53.5; Load Intensity = 44.0; #Success = 0; #Failed = 24; #Dropped = 0
Target Time = 54.5; Load Intensity = 45.0; #Success = 0; #Failed = 0; #Dropped = 0
Target Time = 55.5; Load Intensity = 46.0; #Success = 0; #Failed = 0; #Dropped = 0
Target Time = 56.5; Load Intensity = 47.0; #Success = 0; #Failed = 23; #Dropped = 0
Target Time = 57.5; Load Intensity = 47.0; #Success = 0; #Failed = 0; #Dropped = 0
Target Time = 58.5; Load Intensity = 48.0; #Success = 0; #Failed = 0; #Dropped = 0
Target Time = 59.5; Load Intensity = 49.0; #Success = 0; #Failed = 0; #Dropped = 0
Target Time = 60.5; Load Intensity = 50.0; #Success = 0; #Failed = 4; #Dropped = 0
Target Time = 61.5; Load Intensity = 51.0; #Success = 0; #Failed = 2; #Dropped = 16
Target Time = 62.5; Load Intensity = 52.0; #Success = 2; #Failed = 10; #Dropped = 31
Target Time = 63.5; Load Intensity = 52.0; #Success = 0; #Failed = 8; #Dropped = 9
Target Time = 64.5; Load Intensity = 53.0; #Success = 0; #Failed = 0; #Dropped = 0
Target Time = 65.5; Load Intensity = 54.0; #Success = 0; #Failed = 23; #Dropped = 63
Target Time = 66.5; Load Intensity = 55.0; #Success = 0; #Failed = 0; #Dropped = 0
Target Time = 67.5; Load Intensity = 56.0; #Success = 1; #Failed = 0; #Dropped = 20
Target Time = 68.5; Load Intensity = 57.0; #Success = 3; #Failed = 23; #Dropped = 46
Target Time = 69.5; Load Intensity = 57.0; #Success = 6; #Failed = 0; #Dropped = 0
Target Time = 70.5; Load Intensity = 58.0; #Success = 3; #Failed = 0; #Dropped = 12
Target Time = 71.5; Load Intensity = 59.0; #Success = 0; #Failed = 0; #Dropped = 0
Target Time = 72.5; Load Intensity = 60.0; #Success = 0; #Failed = 0; #Dropped = 0
Target Time = 73.5; Load Intensity = 61.0; #Success = 0; #Failed = 0; #Dropped = 0
Target Time = 74.5; Load Intensity = 62.0; #Success = 0; #Failed = 0; #Dropped = 0
Target Time = 75.5; Load Intensity = 62.0; #Success = 1; #Failed = 0; #Dropped = 175
Target Time = 76.5; Load Intensity = 63.0; #Success = 0; #Failed = 0; #Dropped = 0
Target Time = 77.5; Load Intensity = 64.0; #Success = 0; #Failed = 18; #Dropped = 100
Target Time = 78.5; Load Intensity = 65.0; #Success = 0; #Failed = 5; #Dropped = 21
Target Time = 79.5; Load Intensity = 66.0; #Success = 0; #Failed = 0; #Dropped = 0
Target Time = 80.5; Load Intensity = 67.0; #Success = 0; #Failed = 18; #Dropped = 78
Target Time = 81.5; Load Intensity = 67.0; #Success = 0; #Failed = 5; #Dropped = 25
Target Time = 82.5; Load Intensity = 68.0; #Success = 0; #Failed = 0; #Dropped = 0
Target Time = 83.5; Load Intensity = 69.0; #Success = 1; #Failed = 18; #Dropped = 80
Target Time = 84.5; Load Intensity = 70.0; #Success = 0; #Failed = 7; #Dropped = 25
Target Time = 85.5; Load Intensity = 71.0; #Success = 0; #Failed = 2; #Dropped = 41
Target Time = 86.5; Load Intensity = 72.0; #Success = 0; #Failed = 27; #Dropped = 36
Target Time = 87.5; Load Intensity = 72.0; #Success = 0; #Failed = 5; #Dropped = 28
Target Time = 88.5; Load Intensity = 73.0; #Success = 0; #Failed = 0; #Dropped = 0
Target Time = 89.5; Load Intensity = 74.0; #Success = 0; #Failed = 18; #Dropped = 93
Target Time = 90.5; Load Intensity = 75.0; #Success = 4; #Failed = 5; #Dropped = 1
Target Time = 91.5; Load Intensity = 76.0; #Success = 0; #Failed = 7; #Dropped = 51
Target Time = 92.5; Load Intensity = 77.0; #Success = 2; #Failed = 0; #Dropped = 67
Target Time = 93.5; Load Intensity = 77.0; #Success = 2; #Failed = 0; #Dropped = 24
Target Time = 94.5; Load Intensity = 78.0; #Success = 0; #Failed = 0; #Dropped = 0
Target Time = 95.5; Load Intensity = 79.0; #Success = 0; #Failed = 1; #Dropped = 96
Target Time = 96.5; Load Intensity = 80.0; #Success = 0; #Failed = 8; #Dropped = 88
Target Time = 97.5; Load Intensity = 81.0; #Success = 0; #Failed = 0; #Dropped = 0
Target Time = 98.5; Load Intensity = 82.0; #Success = 0; #Failed = 19; #Dropped = 106
Target Time = 99.5; Load Intensity = 82.0; #Success = 1; #Failed = 5; #Dropped = 41
Target Time = 100.5; Load Intensity = 83.0; #Success = 1; #Failed = 2; #Dropped = 42
Target Time = 101.5; Load Intensity = 84.0; #Success = 0; #Failed = 25; #Dropped = 60
Target Time = 102.5; Load Intensity = 85.0; #Success = 0; #Failed = 5; #Dropped = 40
Target Time = 103.5; Load Intensity = 86.0; #Success = 0; #Failed = 0; #Dropped = 0
Target Time = 104.5; Load Intensity = 87.0; #Success = 0; #Failed = 18; #Dropped = 121
Target Time = 105.5; Load Intensity = 87.0; #Success = 1; #Failed = 9; #Dropped = 38
Target Time = 106.5; Load Intensity = 88.0; #Success = 0; #Failed = 0; #Dropped = 0
Target Time = 107.5; Load Intensity = 89.0; #Success = 0; #Failed = 18; #Dropped = 119
Target Time = 108.5; Load Intensity = 90.0; #Success = 0; #Failed = 5; #Dropped = 51
Target Time = 109.5; Load Intensity = 91.0; #Success = 0; #Failed = 0; #Dropped = 0
Target Time = 110.5; Load Intensity = 92.0; #Success = 0; #Failed = 22; #Dropped = 121
Target Time = 111.5; Load Intensity = 92.0; #Success = 0; #Failed = 5; #Dropped = 45
Target Time = 112.5; Load Intensity = 93.0; #Success = 0; #Failed = 0; #Dropped = 0
Target Time = 113.5; Load Intensity = 94.0; #Success = 0; #Failed = 18; #Dropped = 140
Target Time = 114.5; Load Intensity = 95.0; #Success = 2; #Failed = 7; #Dropped = 42
Target Time = 115.5; Load Intensity = 96.0; #Success = 0; #Failed = 0; #Dropped = 0
Target Time = 116.5; Load Intensity = 97.0; #Success = 0; #Failed = 18; #Dropped = 143
Target Time = 117.5; Load Intensity = 97.0; #Success = 0; #Failed = 9; #Dropped = 0
Target Time = 118.5; Load Intensity = 98.0; #Success = 0; #Failed = 0; #Dropped = 0
Target Time = 119.5; Load Intensity = 99.0; #Success = 0; #Failed = 2; #Dropped = 128
Target Time = 120.5; Load Intensity = 0.0; #Success = 0; #Failed = 0; #Dropped = 0
Target Time = 121.5; Load Intensity = 0.0; #Success = 1; #Failed = 0; #Dropped = 160
Target Time = 122.5; Load Intensity = 0.0; #Success = 0; #Failed = 2; #Dropped = 80
Target Time = 123.5; Load Intensity = 0.0; #Success = 2; #Failed = 9; #Dropped = 114
Target Time = 124.5; Load Intensity = 0.0; #Success = 0; #Failed = 7; #Dropped = 11
Target Time = 125.5; Load Intensity = 0.0; #Success = 0; #Failed = 18; #Dropped = 137
Target Time = 126.5; Load Intensity = 0.0; #Success = 2; #Failed = 12; #Dropped = 47
Target Time = 127.5; Load Intensity = 0.0; #Success = 0; #Failed = 14; #Dropped = 30
Target Time = 128.5; Load Intensity = 0.0; #Success = 0; #Failed = 2; #Dropped = 118
Target Time = 129.5; Load Intensity = 0.0; #Success = 0; #Failed = 0; #Dropped = 0
Target Time = 130.5; Load Intensity = 0.0; #Success = 0; #Failed = 0; #Dropped = 0
Target Time = 131.5; Load Intensity = 0.0; #Success = 0; #Failed = 2; #Dropped = 249
Target Time = 132.5; Load Intensity = 0.0; #Success = 0; #Failed = 0; #Dropped = 0
Target Time = 133.5; Load Intensity = 0.0; #Success = 0; #Failed = 0; #Dropped = 0
Target Time = 134.5; Load Intensity = 0.0; #Success = 0; #Failed = 6; #Dropped = 243
Target Time = 135.5; Load Intensity = 0.0; #Success = 0; #Failed = 12; #Dropped = 51
Target Time = 136.5; Load Intensity = 0.0; #Success = 0; #Failed = 5; #Dropped = 118
Target Time = 137.5; Load Intensity = 0.0; #Success = 0; #Failed = 14; #Dropped = 26
Target Time = 138.5; Load Intensity = 0.0; #Success = 0; #Failed = 2; #Dropped = 72
Target Time = 139.5; Load Intensity = 0.0; #Success = 0; #Failed = 0; #Dropped = 0
Target Time = 140.5; Load Intensity = 0.0; #Success = 0; #Failed = 0; #Dropped = 0
Target Time = 141.5; Load Intensity = 0.0; #Success = 0; #Failed = 2; #Dropped = 306
Target Time = 142.5; Load Intensity = 0.0; #Success = 0; #Failed = 0; #Dropped = 0
Target Time = 143.5; Load Intensity = 0.0; #Success = 0; #Failed = 3; #Dropped = 204
Target Time = 144.5; Load Intensity = 0.0; #Success = 0; #Failed = 0; #Dropped = 0
  └─ [nitro5:sd] end 00:58:45
Target Time = 145.5; Load Intensity = 0.0; #Success = 0; #Failed = 27; #Dropped = 182
  └─ [nitro5:ram] end 00:58:46
  └─ [nitro5:nic] end 00:58:46
  └─ [nitro5:cpu] end 00:58:47
Target Time = 146.5; Load Intensity = 0.0; #Success = 0; #Failed = 9; #Dropped = 68
Target Time = 147.5; Load Intensity = 0.0; #Success = 0; #Failed = 6; #Dropped = 31
Target Time = 148.5; Load Intensity = 0.0; #Success = 0; #Failed = 29; #Dropped = 155
  └─ [aspire:cpu] end 00:58:49
Target Time = 149.5; Load Intensity = 0.0; #Success = 0; #Failed = 11; #Dropped = 65
  └─ [aspire:nic] end 00:58:50
Target Time = 150.5; Load Intensity = 0.0; #Success = 0; #Failed = 2; #Dropped = 12
Target Time = 151.5; Load Intensity = 0.0; #Success = 0; #Failed = 20; #Dropped = 0
  └─ [aspire:sd] end 00:58:53
Target Time = 152.5; Load Intensity = 0.0; #Success = 0; #Failed = 3; #Dropped = 0
Target Time = 153.5; Load Intensity = 0.0; #Success = 0; #Failed = 0; #Dropped = 0
  └─ [leo:cpu] end 00:58:54
Target Time = 154.5; Load Intensity = 0.0; #Success = 0; #Failed = 0; #Dropped = 0
  └─ [aspire:ram] end 00:58:55
Target Time = 155.5; Load Intensity = 0.0; #Success = 0; #Failed = 2; #Dropped = 0
Target Time = 156.5; Load Intensity = 0.0; #Success = 0; #Failed = 0; #Dropped = 0
Target Time = 157.5; Load Intensity = 0.0; #Success = 1; #Failed = 0; #Dropped = 0
  └─ [leo:sd] end 00:58:58
Target Time = 158.5; Load Intensity = 0.0; #Success = 0; #Failed = 0; #Dropped = 0
Target Time = 159.5; Load Intensity = 0.0; #Success = 0; #Failed = 5; #Dropped = 0
  └─ [leo:nic] end 00:59:00
Target Time = 160.5; Load Intensity = 0.0; #Success = 0; #Failed = 0; #Dropped = 0
Target Time = 161.5; Load Intensity = 0.0; #Success = 0; #Failed = 0; #Dropped = 0
Target Time = 162.5; Load Intensity = 0.0; #Success = 0; #Failed = 4; #Dropped = 0
Target Time = 163.5; Load Intensity = 0.0; #Success = 0; #Failed = 1; #Dropped = 0
Target Time = 164.5; Load Intensity = 0.0; #Success = 0; #Failed = 1; #Dropped = 0
  └─ [leo:ram] end 00:59:05
Target Time = 165.5; Load Intensity = 0.0; #Success = 0; #Failed = 1; #Dropped = 0
Target Time = 166.5; Load Intensity = 0.0; #Success = 0; #Failed = 0; #Dropped = 0
Target Time = 167.5; Load Intensity = 0.0; #Success = 2; #Failed = 0; #Dropped = 0
Target Time = 168.5; Load Intensity = 0.0; #Success = 0; #Failed = 0; #Dropped = 0
Target Time = 169.5; Load Intensity = 0.0; #Success = 0; #Failed = 15; #Dropped = 0
Target Time = 170.5; Load Intensity = 0.0; #Success = 0; #Failed = 0; #Dropped = 0
Target Time = 171.5; Load Intensity = 0.0; #Success = 0; #Failed = 0; #Dropped = 0
Target Time = 172.5; Load Intensity = 0.0; #Success = 0; #Failed = 2; #Dropped = 0
Target Time = 173.5; Load Intensity = 0.0; #Success = 0; #Failed = 0; #Dropped = 0
Target Time = 174.5; Load Intensity = 0.0; #Success = 0; #Failed = 0; #Dropped = 0
Target Time = 175.5; Load Intensity = 0.0; #Success = 2; #Failed = 0; #Dropped = 0
Target Time = 176.5; Load Intensity = 0.0; #Success = 2; #Failed = 0; #Dropped = 0
Target Time = 177.5; Load Intensity = 0.0; #Success = 1; #Failed = 0; #Dropped = 0
Workload finished.
Log finished.
📄 LIMBO finalizado para scenario=low
⏳ [00:59:23] Esperando que termine medición: fase3_carga_low_iter3 (PID: 2680841)
  └─ [scorpius:cpu] end 00:59:27
  └─ [scorpius:sd] end 00:59:29
  └─ [scorpius:ram] end 00:59:29
  └─ [scorpius:nic] end 00:59:29
=== Bloque 145s terminado - Fase: fase3_carga_low_iter3 ===
[🧹] Limpiando CSVs internos de ecofloc en cada nodo (fase: fase3_carga_low_iter3)...
  ✔ [nitro5:cpu] limpiado /home/luish/Documents/p3/ecofloc2/ecofloc/ecofloc-cpu/ECOFLOC_CPU_COMM_text.csv
  ✔ [nitro5:nic] limpiado /home/luish/Documents/p3/ecofloc2/ecofloc/ecofloc-nic/ECOFLOC_NIC_COMM_text.csv
  ✔ [nitro5:ram] limpiado /home/luish/Documents/p3/ecofloc2/ecofloc/ecofloc-ram/ECOFLOC_RAM_COMM_text.csv
  ✔ [nitro5:sd] limpiado /home/luish/Documents/p3/ecofloc2/ecofloc/ecofloc-sd/ECOFLOC_SD_COMM_text.csv
  ✔ [leo:cpu] limpiado /home/leo/ecofloc/ecofloc-cpu/ECOFLOC_CPU_COMM_text.csv
  ✔ [leo:nic] limpiado /home/leo/ecofloc/ecofloc-nic/ECOFLOC_NIC_COMM_text.csv
  ✔ [leo:ram] limpiado /home/leo/ecofloc/ecofloc-ram/ECOFLOC_RAM_COMM_text.csv
  ✔ [leo:sd] limpiado /home/leo/ecofloc/ecofloc-sd/ECOFLOC_SD_COMM_text.csv
  ✔ [aspire:cpu] limpiado /home/luish/Documents/p3/ecofloc2/ecofloc/ecofloc-cpu/ECOFLOC_CPU_COMM_text.csv
  ✔ [aspire:nic] limpiado /home/luish/Documents/p3/ecofloc2/ecofloc/ecofloc-nic/ECOFLOC_NIC_COMM_text.csv
  ✔ [aspire:ram] limpiado /home/luish/Documents/p3/ecofloc2/ecofloc/ecofloc-ram/ECOFLOC_RAM_COMM_text.csv
  ✔ [aspire:sd] limpiado /home/luish/Documents/p3/ecofloc2/ecofloc/ecofloc-sd/ECOFLOC_SD_COMM_text.csv
  ✔ [scorpius:cpu] limpiado /home/scorpius03/Documents/ecofloc/ecofloc-cpu/ECOFLOC_CPU_COMM_text.csv
  ✔ [scorpius:nic] limpiado /home/scorpius03/Documents/ecofloc/ecofloc-nic/ECOFLOC_NIC_COMM_text.csv
  ✔ [scorpius:ram] limpiado /home/scorpius03/Documents/ecofloc/ecofloc-ram/ECOFLOC_RAM_COMM_text.csv
  ✔ [scorpius:sd] limpiado /home/scorpius03/Documents/ecofloc/ecofloc-sd/ECOFLOC_SD_COMM_text.csv
========================================
🔋 MEASURE ENERGY FINALIZADO
   Fase: fase3_carga_low_iter3
========================================
✔️ [00:59:33] Medición fase3_carga_low_iter3 completada
[📦] Archivando resultados → ./historyexecutions/exp(00:59:38)_fase3_low_iter3
[✔] Archivado: ./historyexecutions/exp(00:59:38)_fase3_low_iter3
🧹 Limpiando TeaStore (iter 3)...
⏸ Esperando 15s para limpieza completa...
✅ Iteración 3 / 15 del escenario low completada.

########################################################
🔄 ESCENARIO: low | ITERACIÓN: 4 / 15
   Hora: 01:00:26
########################################################
========================================
🔋 FASE 1: Descarga de imágenes (low, iter 4)
========================================
📋 Capturando PIDs (gepidstea.sh)...
📋 Capturando PIDs de contenedores (kpsnodos.sh)...
🔋 [01:00:45] Iniciando medición de energía: fase1_descarga_low_iter4 (25s)
   PID de medición: 3076684
🚀 Desplegando TeaStore desde /home/luish/Documents/death/teastore/TeaStore/examples/kubernetes/teastore-energy-scheduler.yaml...
========================================
🔋 MEASURE ENERGY - Fase: fase1_descarga_low_iter4
   Duración: 25s
   PID: 3076684
========================================
=== Medición bloque 25s - Fase: fase1_descarga_low_iter4 ===
[⏱ 01:00:45] Iniciando ecofloc en nitro5 por 25s (fase: fase1_descarga_low_iter4)
⏳ Esperando a que todos los pods de TeaStore estén Running y Ready...
  ├─ [nitro5:sd] start 01:00:46
  ├─ [nitro5:ram] start 01:00:46
  ├─ [nitro5:nic] start 01:00:46
[⏱ 01:00:47] Iniciando ecofloc en aspire por 25s (fase: fase1_descarga_low_iter4)
  ├─ [nitro5:cpu] start 01:00:47
  ├─ [aspire:sd] start 01:00:47
  ├─ [aspire:ram] start 01:00:47
  ├─ [aspire:nic] start 01:00:47
[⏱ 01:00:47] Iniciando ecofloc en scorpius por 25s (fase: fase1_descarga_low_iter4)
  ├─ [aspire:cpu] start 01:00:47
  ├─ [scorpius:sd] start 01:00:47
  ├─ [scorpius:nic] start 01:00:47
[⏱ 01:00:47] Iniciando ecofloc en leo por 25s (fase: fase1_descarga_low_iter4)
  ├─ [scorpius:cpu] start 01:00:47
  ├─ [leo:sd] start 01:00:47
  ├─ [leo:ram] start 01:00:47
  ├─ [leo:nic] start 01:00:47
  ├─ [scorpius:ram] start 01:00:47
  ├─ [leo:cpu] start 01:00:47
✅ Pods listos.
⏳ [01:00:50] Esperando que termine medición: fase1_descarga_low_iter4 (PID: 3076684)
  └─ [nitro5:sd] end 01:01:11
  └─ [nitro5:ram] end 01:01:11
  └─ [nitro5:nic] end 01:01:11
  └─ [nitro5:cpu] end 01:01:12
  └─ [aspire:cpu] end 01:01:12
  └─ [aspire:sd] end 01:01:13
  └─ [leo:sd] end 01:01:13
  └─ [scorpius:cpu] end 01:01:13
  └─ [scorpius:sd] end 01:01:13
  └─ [aspire:nic] end 01:01:13
  └─ [scorpius:ram] end 01:01:14
  └─ [scorpius:nic] end 01:01:14
  └─ [leo:cpu] end 01:01:14
  └─ [aspire:ram] end 01:01:14
  └─ [leo:ram] end 01:01:14
  └─ [leo:nic] end 01:01:14
=== Bloque 25s terminado - Fase: fase1_descarga_low_iter4 ===
[🧹] Limpiando CSVs internos de ecofloc en cada nodo (fase: fase1_descarga_low_iter4)...
  ✔ [nitro5:cpu] limpiado /home/luish/Documents/p3/ecofloc2/ecofloc/ecofloc-cpu/ECOFLOC_CPU_COMM_text.csv
  ✔ [nitro5:nic] limpiado /home/luish/Documents/p3/ecofloc2/ecofloc/ecofloc-nic/ECOFLOC_NIC_COMM_text.csv
  ✔ [nitro5:ram] limpiado /home/luish/Documents/p3/ecofloc2/ecofloc/ecofloc-ram/ECOFLOC_RAM_COMM_text.csv
  ✔ [nitro5:sd] limpiado /home/luish/Documents/p3/ecofloc2/ecofloc/ecofloc-sd/ECOFLOC_SD_COMM_text.csv
  ✔ [leo:cpu] limpiado /home/leo/ecofloc/ecofloc-cpu/ECOFLOC_CPU_COMM_text.csv
  ✔ [leo:nic] limpiado /home/leo/ecofloc/ecofloc-nic/ECOFLOC_NIC_COMM_text.csv
  ✔ [leo:ram] limpiado /home/leo/ecofloc/ecofloc-ram/ECOFLOC_RAM_COMM_text.csv
  ✔ [leo:sd] limpiado /home/leo/ecofloc/ecofloc-sd/ECOFLOC_SD_COMM_text.csv
  ✔ [aspire:cpu] limpiado /home/luish/Documents/p3/ecofloc2/ecofloc/ecofloc-cpu/ECOFLOC_CPU_COMM_text.csv
  ✔ [aspire:nic] limpiado /home/luish/Documents/p3/ecofloc2/ecofloc/ecofloc-nic/ECOFLOC_NIC_COMM_text.csv
  ✔ [aspire:ram] limpiado /home/luish/Documents/p3/ecofloc2/ecofloc/ecofloc-ram/ECOFLOC_RAM_COMM_text.csv
  ✔ [aspire:sd] limpiado /home/luish/Documents/p3/ecofloc2/ecofloc/ecofloc-sd/ECOFLOC_SD_COMM_text.csv
  ✔ [scorpius:cpu] limpiado /home/scorpius03/Documents/ecofloc/ecofloc-cpu/ECOFLOC_CPU_COMM_text.csv
  ✔ [scorpius:nic] limpiado /home/scorpius03/Documents/ecofloc/ecofloc-nic/ECOFLOC_NIC_COMM_text.csv
  ✔ [scorpius:ram] limpiado /home/scorpius03/Documents/ecofloc/ecofloc-ram/ECOFLOC_RAM_COMM_text.csv
  ✔ [scorpius:sd] limpiado /home/scorpius03/Documents/ecofloc/ecofloc-sd/ECOFLOC_SD_COMM_text.csv
========================================
🔋 MEASURE ENERGY FINALIZADO
   Fase: fase1_descarga_low_iter4
========================================
✔️ [01:01:17] Medición fase1_descarga_low_iter4 completada
[📦] Archivando resultados → ./historyexecutions/exp(01:01:22)_fase1_low_iter4
[✔] Archivado: ./historyexecutions/exp(01:01:22)_fase1_low_iter4
========================================
🔋 FASE 2: Preparación de servicios (low, iter 4)
========================================
📋 Capturando PIDs (gepidstea.sh)...
📋 Capturando PIDs de contenedores (kpsnodos.sh)...
🔋 [01:01:38] Iniciando medición de energía: fase2_preparacion_low_iter4 (50s)
   PID de medición: 3138046
========================================
🔋 MEASURE ENERGY - Fase: fase2_preparacion_low_iter4
   Duración: 50s
   PID: 3138046
========================================
=== Medición bloque 50s - Fase: fase2_preparacion_low_iter4 ===
[⏱ 01:01:38] Iniciando ecofloc en nitro5 por 50s (fase: fase2_preparacion_low_iter4)
⏳ Esperando 10s a que CoreDNS se estabilice...
  ├─ [nitro5:sd] start 01:01:39
  ├─ [nitro5:ram] start 01:01:39
  ├─ [nitro5:nic] start 01:01:40
[⏱ 01:01:40] Iniciando ecofloc en aspire por 50s (fase: fase2_preparacion_low_iter4)
  ├─ [nitro5:cpu] start 01:01:40
  ├─ [aspire:sd] start 01:01:40
  ├─ [aspire:ram] start 01:01:40
  ├─ [aspire:nic] start 01:01:40
[⏱ 01:01:40] Iniciando ecofloc en scorpius por 50s (fase: fase2_preparacion_low_iter4)
  ├─ [aspire:cpu] start 01:01:40
  ├─ [scorpius:sd] start 01:01:40
  ├─ [scorpius:ram] start 01:01:40
[⏱ 01:01:40] Iniciando ecofloc en leo por 50s (fase: fase2_preparacion_low_iter4)
  ├─ [scorpius:nic] start 01:01:40
  ├─ [scorpius:cpu] start 01:01:40
  ├─ [leo:sd] start 01:01:40
  ├─ [leo:ram] start 01:01:40
  ├─ [leo:nic] start 01:01:40
  ├─ [leo:cpu] start 01:01:40
➡️ Pod WebUI: teastore-webui-ff7768544-vb6n5
➡️ Está en el nodo: luish-nitro-an515-57
🌐 IP del nodo WebUI: 192.168.18.27
⏳ Verificando estado del TeaStore en http://192.168.18.27:30080/tools.descartes.teastore.webui/status ...
   ➤ Estado actual: 5 / 5 servicios OK
✔ TODOS los servicios del TeaStore están OK. Continuando...
⏳ [01:01:52] Esperando que termine medición: fase2_preparacion_low_iter4 (PID: 3138046)
  └─ [nitro5:sd] end 01:02:29
  └─ [nitro5:ram] end 01:02:29
  └─ [nitro5:nic] end 01:02:30
  └─ [aspire:nic] end 01:02:30
  └─ [nitro5:cpu] end 01:02:30
  └─ [aspire:sd] end 01:02:31
  └─ [aspire:cpu] end 01:02:31
  └─ [leo:cpu] end 01:02:32
  └─ [leo:sd] end 01:02:32
  └─ [scorpius:sd] end 01:02:32
  └─ [scorpius:cpu] end 01:02:32
  └─ [leo:nic] end 01:02:32
  └─ [scorpius:nic] end 01:02:33
  └─ [aspire:ram] end 01:02:33
  └─ [scorpius:ram] end 01:02:33
  └─ [leo:ram] end 01:02:33
=== Bloque 50s terminado - Fase: fase2_preparacion_low_iter4 ===
[🧹] Limpiando CSVs internos de ecofloc en cada nodo (fase: fase2_preparacion_low_iter4)...
  ✔ [nitro5:cpu] limpiado /home/luish/Documents/p3/ecofloc2/ecofloc/ecofloc-cpu/ECOFLOC_CPU_COMM_text.csv
  ✔ [nitro5:nic] limpiado /home/luish/Documents/p3/ecofloc2/ecofloc/ecofloc-nic/ECOFLOC_NIC_COMM_text.csv
  ✔ [nitro5:ram] limpiado /home/luish/Documents/p3/ecofloc2/ecofloc/ecofloc-ram/ECOFLOC_RAM_COMM_text.csv
  ✔ [nitro5:sd] limpiado /home/luish/Documents/p3/ecofloc2/ecofloc/ecofloc-sd/ECOFLOC_SD_COMM_text.csv
  ✔ [leo:cpu] limpiado /home/leo/ecofloc/ecofloc-cpu/ECOFLOC_CPU_COMM_text.csv
  ✔ [leo:nic] limpiado /home/leo/ecofloc/ecofloc-nic/ECOFLOC_NIC_COMM_text.csv
  ✔ [leo:ram] limpiado /home/leo/ecofloc/ecofloc-ram/ECOFLOC_RAM_COMM_text.csv
  ✔ [leo:sd] limpiado /home/leo/ecofloc/ecofloc-sd/ECOFLOC_SD_COMM_text.csv
  ✔ [aspire:cpu] limpiado /home/luish/Documents/p3/ecofloc2/ecofloc/ecofloc-cpu/ECOFLOC_CPU_COMM_text.csv
  ✔ [aspire:nic] limpiado /home/luish/Documents/p3/ecofloc2/ecofloc/ecofloc-nic/ECOFLOC_NIC_COMM_text.csv
  ✔ [aspire:ram] limpiado /home/luish/Documents/p3/ecofloc2/ecofloc/ecofloc-ram/ECOFLOC_RAM_COMM_text.csv
  ✔ [aspire:sd] limpiado /home/luish/Documents/p3/ecofloc2/ecofloc/ecofloc-sd/ECOFLOC_SD_COMM_text.csv
  ✔ [scorpius:cpu] limpiado /home/scorpius03/Documents/ecofloc/ecofloc-cpu/ECOFLOC_CPU_COMM_text.csv
  ✔ [scorpius:nic] limpiado /home/scorpius03/Documents/ecofloc/ecofloc-nic/ECOFLOC_NIC_COMM_text.csv
  ✔ [scorpius:ram] limpiado /home/scorpius03/Documents/ecofloc/ecofloc-ram/ECOFLOC_RAM_COMM_text.csv
  ✔ [scorpius:sd] limpiado /home/scorpius03/Documents/ecofloc/ecofloc-sd/ECOFLOC_SD_COMM_text.csv
========================================
🔋 MEASURE ENERGY FINALIZADO
   Fase: fase2_preparacion_low_iter4
========================================
✔️ [01:02:37] Medición fase2_preparacion_low_iter4 completada
[📦] Archivando resultados → ./historyexecutions/exp(01:02:42)_fase2_low_iter4
[✔] Archivado: ./historyexecutions/exp(01:02:42)_fase2_low_iter4
========================================
🔋 FASE 3: Ejecución de carga (low, iter 4)
========================================
📋 Capturando PIDs (gepidstea.sh)...
📋 Capturando PIDs de contenedores (kpsnodos.sh)...
🔋 [01:03:01] Iniciando medición de energía: fase3_carga_low_iter4 (145s)
   PID de medición: 3283198
=== Escenario low (iter 4) ===
========================================
🔋 MEASURE ENERGY - Fase: fase3_carga_low_iter4
   Duración: 145s
   PID: 3283198
========================================
=== Medición bloque 145s - Fase: fase3_carga_low_iter4 ===
🚀 Iniciando LIMBO con profile=/home/luish/Documents/death/teastore/TeaStore/examples/httploadgenerator/increasingLowIntensity.csv y script=/home/luish/Documents/death/teastore/TeaStore/examples/httploadgenerator/teastore_buy.lua
[⏱ 01:03:01] Iniciando ecofloc en nitro5 por 145s (fase: fase3_carga_low_iter4)
Feb 26, 2026 1:03:01 AM tools.descartes.dlim.httploadgenerator.runner.Director executeDirector
WARNING: No power measurements
Feb 26, 2026 1:03:01 AM tools.descartes.dlim.httploadgenerator.runner.Director executeDirector
INFO: Load Generator Thread Count set to 64
Feb 26, 2026 1:03:01 AM tools.descartes.dlim.httploadgenerator.runner.Director executeDirector
INFO: URL connection timout set to 30000 ms
Feb 26, 2026 1:03:01 AM tools.descartes.dlim.httploadgenerator.runner.Director executeDirector
INFO: Using Lua Script: /home/luish/Documents/death/teastore/TeaStore/examples/httploadgenerator/teastore_buy.lua
Feb 26, 2026 1:03:01 AM tools.descartes.dlim.httploadgenerator.runner.Director process
INFO: Read 120 Arrival Rate Tuples
Load Generator sent: ok
Feb 26, 2026 1:03:01 AM tools.descartes.dlim.httploadgenerator.runner.Director process
INFO: Arrival Rates sent to Load Generator(s).
Load Generator sent: ok
Feb 26, 2026 1:03:01 AM tools.descartes.dlim.httploadgenerator.runner.Director process
INFO: Thread Count sent to Load Generator(s): 64
Load Generator sent: ok
Feb 26, 2026 1:03:01 AM tools.descartes.dlim.httploadgenerator.runner.Director process
INFO: URL connection timeout sent to Load Generator(s): 30000
Load Generator sent: ok
Feb 26, 2026 1:03:01 AM tools.descartes.dlim.httploadgenerator.runner.Director process
INFO: Contents of script sent to Load Generator: /home/luish/Documents/death/teastore/TeaStore/examples/httploadgenerator/teastore_buy.lua
Feb 26, 2026 1:03:01 AM tools.descartes.dlim.httploadgenerator.runner.Director process
INFO: Starting Load Generation
Beginning Run @1772085781498(26.02.2026;01:03:01498)
Target Time = 0.5; Load Intensity = 0.0; #Success = 0; #Failed = 0; #Dropped = 0
  ├─ [nitro5:sd] start 01:03:01
  ├─ [nitro5:ram] start 01:03:02
  ├─ [nitro5:nic] start 01:03:02
[⏱ 01:03:02] Iniciando ecofloc en aspire por 145s (fase: fase3_carga_low_iter4)
  ├─ [nitro5:cpu] start 01:03:02
  ├─ [aspire:sd] start 01:03:02
  ├─ [aspire:ram] start 01:03:02
[⏱ 01:03:02] Iniciando ecofloc en scorpius por 145s (fase: fase3_carga_low_iter4)
  ├─ [aspire:nic] start 01:03:02
  ├─ [aspire:cpu] start 01:03:02
  ├─ [scorpius:sd] start 01:03:02
  ├─ [scorpius:ram] start 01:03:02
[⏱ 01:03:02] Iniciando ecofloc en leo por 145s (fase: fase3_carga_low_iter4)
  ├─ [scorpius:nic] start 01:03:02
  ├─ [scorpius:cpu] start 01:03:02
  ├─ [leo:sd] start 01:03:02
  ├─ [leo:ram] start 01:03:02
  ├─ [leo:nic] start 01:03:02
  ├─ [leo:cpu] start 01:03:02
Target Time = 1.5; Load Intensity = 1.0; #Success = 0; #Failed = 0; #Dropped = 0
Target Time = 2.5; Load Intensity = 2.0; #Success = 0; #Failed = 0; #Dropped = 0
Target Time = 3.5; Load Intensity = 2.0; #Success = 5; #Failed = 0; #Dropped = 0
Target Time = 4.5; Load Intensity = 3.0; #Success = 3; #Failed = 0; #Dropped = 0
Target Time = 5.5; Load Intensity = 4.0; #Success = 4; #Failed = 0; #Dropped = 0
Target Time = 6.5; Load Intensity = 5.0; #Success = 5; #Failed = 0; #Dropped = 0
Target Time = 7.5; Load Intensity = 6.0; #Success = 6; #Failed = 0; #Dropped = 0
Target Time = 8.5; Load Intensity = 7.0; #Success = 7; #Failed = 0; #Dropped = 0
Target Time = 9.5; Load Intensity = 7.0; #Success = 6; #Failed = 0; #Dropped = 0
Target Time = 10.5; Load Intensity = 8.0; #Success = 4; #Failed = 0; #Dropped = 0
Target Time = 11.5; Load Intensity = 9.0; #Success = 4; #Failed = 0; #Dropped = 0
Target Time = 12.5; Load Intensity = 10.0; #Success = 8; #Failed = 0; #Dropped = 0
Target Time = 13.5; Load Intensity = 11.0; #Success = 12; #Failed = 0; #Dropped = 0
Target Time = 14.5; Load Intensity = 12.0; #Success = 17; #Failed = 0; #Dropped = 0
Target Time = 15.5; Load Intensity = 12.0; #Success = 17; #Failed = 0; #Dropped = 0
Target Time = 16.5; Load Intensity = 13.0; #Success = 14; #Failed = 0; #Dropped = 0
Target Time = 17.5; Load Intensity = 14.0; #Success = 14; #Failed = 0; #Dropped = 0
Target Time = 18.5; Load Intensity = 15.0; #Success = 2; #Failed = 0; #Dropped = 0
Target Time = 19.5; Load Intensity = 16.0; #Success = 19; #Failed = 0; #Dropped = 0
Target Time = 20.5; Load Intensity = 17.0; #Success = 22; #Failed = 0; #Dropped = 0
Target Time = 21.5; Load Intensity = 17.0; #Success = 12; #Failed = 0; #Dropped = 0
Target Time = 22.5; Load Intensity = 18.0; #Success = 3; #Failed = 0; #Dropped = 0
Target Time = 23.5; Load Intensity = 19.0; #Success = 3; #Failed = 0; #Dropped = 0
Target Time = 24.5; Load Intensity = 20.0; #Success = 2; #Failed = 0; #Dropped = 0
Target Time = 25.5; Load Intensity = 21.0; #Success = 0; #Failed = 0; #Dropped = 0
Target Time = 26.5; Load Intensity = 22.0; #Success = 1; #Failed = 0; #Dropped = 0
Target Time = 27.5; Load Intensity = 22.0; #Success = 0; #Failed = 0; #Dropped = 0
Target Time = 28.5; Load Intensity = 23.0; #Success = 0; #Failed = 0; #Dropped = 0
Target Time = 29.5; Load Intensity = 24.0; #Success = 0; #Failed = 0; #Dropped = 0
Target Time = 30.5; Load Intensity = 25.0; #Success = 0; #Failed = 0; #Dropped = 0
Target Time = 31.5; Load Intensity = 26.0; #Success = 0; #Failed = 10; #Dropped = 0
Target Time = 32.5; Load Intensity = 27.0; #Success = 0; #Failed = 8; #Dropped = 0
Target Time = 33.5; Load Intensity = 27.0; #Success = 0; #Failed = 1; #Dropped = 0
Target Time = 34.5; Load Intensity = 28.0; #Success = 0; #Failed = 3; #Dropped = 0
Target Time = 35.5; Load Intensity = 29.0; #Success = 0; #Failed = 0; #Dropped = 0
Target Time = 36.5; Load Intensity = 30.0; #Success = 0; #Failed = 0; #Dropped = 0
Target Time = 37.5; Load Intensity = 31.0; #Success = 0; #Failed = 0; #Dropped = 0
Target Time = 38.5; Load Intensity = 32.0; #Success = 0; #Failed = 0; #Dropped = 0
Target Time = 39.5; Load Intensity = 32.0; #Success = 0; #Failed = 1; #Dropped = 0
Target Time = 40.5; Load Intensity = 33.0; #Success = 0; #Failed = 0; #Dropped = 0
Target Time = 41.5; Load Intensity = 34.0; #Success = 0; #Failed = 7; #Dropped = 0
Target Time = 42.5; Load Intensity = 35.0; #Success = 0; #Failed = 1; #Dropped = 0
Target Time = 43.5; Load Intensity = 36.0; #Success = 0; #Failed = 7; #Dropped = 0
Target Time = 44.5; Load Intensity = 37.0; #Success = 0; #Failed = 19; #Dropped = 0
Target Time = 45.5; Load Intensity = 37.0; #Success = 0; #Failed = 9; #Dropped = 0
Target Time = 46.5; Load Intensity = 38.0; #Success = 0; #Failed = 1; #Dropped = 0
Target Time = 47.5; Load Intensity = 39.0; #Success = 0; #Failed = 24; #Dropped = 0
Target Time = 48.5; Load Intensity = 40.0; #Success = 0; #Failed = 12; #Dropped = 0
Target Time = 49.5; Load Intensity = 41.0; #Success = 0; #Failed = 8; #Dropped = 0
Target Time = 50.5; Load Intensity = 42.0; #Success = 0; #Failed = 23; #Dropped = 0
Target Time = 51.5; Load Intensity = 42.0; #Success = 0; #Failed = 6; #Dropped = 0
Target Time = 52.5; Load Intensity = 43.0; #Success = 6; #Failed = 9; #Dropped = 0
Target Time = 53.5; Load Intensity = 44.0; #Success = 3; #Failed = 31; #Dropped = 0
Target Time = 54.5; Load Intensity = 45.0; #Success = 1; #Failed = 6; #Dropped = 0
Target Time = 55.5; Load Intensity = 46.0; #Success = 0; #Failed = 13; #Dropped = 0
Target Time = 56.5; Load Intensity = 47.0; #Success = 0; #Failed = 34; #Dropped = 0
Target Time = 57.5; Load Intensity = 47.0; #Success = 0; #Failed = 6; #Dropped = 0
Target Time = 58.5; Load Intensity = 48.0; #Success = 0; #Failed = 10; #Dropped = 0
Target Time = 59.5; Load Intensity = 49.0; #Success = 0; #Failed = 39; #Dropped = 0
Target Time = 60.5; Load Intensity = 50.0; #Success = 0; #Failed = 21; #Dropped = 0
Target Time = 61.5; Load Intensity = 51.0; #Success = 2; #Failed = 0; #Dropped = 0
Target Time = 62.5; Load Intensity = 52.0; #Success = 0; #Failed = 0; #Dropped = 0
Target Time = 63.5; Load Intensity = 52.0; #Success = 0; #Failed = 0; #Dropped = 0
Target Time = 64.5; Load Intensity = 53.0; #Success = 0; #Failed = 0; #Dropped = 0
Target Time = 65.5; Load Intensity = 54.0; #Success = 0; #Failed = 2; #Dropped = 0
Target Time = 66.5; Load Intensity = 55.0; #Success = 0; #Failed = 11; #Dropped = 0
Target Time = 67.5; Load Intensity = 56.0; #Success = 0; #Failed = 11; #Dropped = 0
Target Time = 68.5; Load Intensity = 57.0; #Success = 0; #Failed = 9; #Dropped = 0
Target Time = 69.5; Load Intensity = 57.0; #Success = 0; #Failed = 6; #Dropped = 18
Target Time = 70.5; Load Intensity = 58.0; #Success = 0; #Failed = 2; #Dropped = 26
Target Time = 71.5; Load Intensity = 59.0; #Success = 0; #Failed = 3; #Dropped = 30
Target Time = 72.5; Load Intensity = 60.0; #Success = 0; #Failed = 0; #Dropped = 0
Target Time = 73.5; Load Intensity = 61.0; #Success = 0; #Failed = 0; #Dropped = 0
Target Time = 74.5; Load Intensity = 62.0; #Success = 0; #Failed = 1; #Dropped = 105
Target Time = 75.5; Load Intensity = 62.0; #Success = 0; #Failed = 6; #Dropped = 36
Target Time = 76.5; Load Intensity = 63.0; #Success = 0; #Failed = 0; #Dropped = 0
Target Time = 77.5; Load Intensity = 64.0; #Success = 0; #Failed = 0; #Dropped = 0
Target Time = 78.5; Load Intensity = 65.0; #Success = 0; #Failed = 0; #Dropped = 0
Target Time = 79.5; Load Intensity = 66.0; #Success = 0; #Failed = 0; #Dropped = 0
Target Time = 80.5; Load Intensity = 67.0; #Success = 0; #Failed = 2; #Dropped = 217
Target Time = 81.5; Load Intensity = 67.0; #Success = 0; #Failed = 0; #Dropped = 0
Target Time = 82.5; Load Intensity = 68.0; #Success = 0; #Failed = 1; #Dropped = 56
Target Time = 83.5; Load Intensity = 69.0; #Success = 0; #Failed = 4; #Dropped = 42
Target Time = 84.5; Load Intensity = 70.0; #Success = 0; #Failed = 0; #Dropped = 0
Target Time = 85.5; Load Intensity = 71.0; #Success = 0; #Failed = 2; #Dropped = 86
Target Time = 86.5; Load Intensity = 72.0; #Success = 0; #Failed = 7; #Dropped = 42
Target Time = 87.5; Load Intensity = 72.0; #Success = 0; #Failed = 9; #Dropped = 57
Target Time = 88.5; Load Intensity = 73.0; #Success = 2; #Failed = 0; #Dropped = 10
Target Time = 89.5; Load Intensity = 74.0; #Success = 1; #Failed = 2; #Dropped = 83
Target Time = 90.5; Load Intensity = 75.0; #Success = 4; #Failed = 0; #Dropped = 50
Target Time = 91.5; Load Intensity = 76.0; #Success = 0; #Failed = 0; #Dropped = 0
Target Time = 92.5; Load Intensity = 77.0; #Success = 0; #Failed = 0; #Dropped = 0
Target Time = 93.5; Load Intensity = 77.0; #Success = 0; #Failed = 0; #Dropped = 0
Target Time = 94.5; Load Intensity = 78.0; #Success = 0; #Failed = 0; #Dropped = 0
Target Time = 95.5; Load Intensity = 79.0; #Success = 0; #Failed = 1; #Dropped = 212
Target Time = 96.5; Load Intensity = 80.0; #Success = 3; #Failed = 0; #Dropped = 77
Target Time = 97.5; Load Intensity = 81.0; #Success = 1; #Failed = 0; #Dropped = 50
Target Time = 98.5; Load Intensity = 82.0; #Success = 1; #Failed = 17; #Dropped = 47
Target Time = 99.5; Load Intensity = 82.0; #Success = 0; #Failed = 4; #Dropped = 25
Target Time = 100.5; Load Intensity = 83.0; #Success = 0; #Failed = 0; #Dropped = 0
Target Time = 101.5; Load Intensity = 84.0; #Success = 3; #Failed = 0; #Dropped = 128
Target Time = 102.5; Load Intensity = 85.0; #Success = 0; #Failed = 2; #Dropped = 97
Target Time = 103.5; Load Intensity = 86.0; #Success = 0; #Failed = 1; #Dropped = 39
Target Time = 104.5; Load Intensity = 87.0; #Success = 0; #Failed = 7; #Dropped = 73
Target Time = 105.5; Load Intensity = 87.0; #Success = 0; #Failed = 0; #Dropped = 0
Target Time = 106.5; Load Intensity = 88.0; #Success = 0; #Failed = 0; #Dropped = 0
Target Time = 107.5; Load Intensity = 89.0; #Success = 0; #Failed = 5; #Dropped = 186
Target Time = 108.5; Load Intensity = 90.0; #Success = 0; #Failed = 5; #Dropped = 52
Target Time = 109.5; Load Intensity = 91.0; #Success = 0; #Failed = 0; #Dropped = 0
Target Time = 110.5; Load Intensity = 92.0; #Success = 0; #Failed = 7; #Dropped = 97
Target Time = 111.5; Load Intensity = 92.0; #Success = 0; #Failed = 11; #Dropped = 64
Target Time = 112.5; Load Intensity = 93.0; #Success = 0; #Failed = 3; #Dropped = 48
Target Time = 113.5; Load Intensity = 94.0; #Success = 0; #Failed = 0; #Dropped = 0
Target Time = 114.5; Load Intensity = 95.0; #Success = 0; #Failed = 0; #Dropped = 0
Target Time = 115.5; Load Intensity = 96.0; #Success = 1; #Failed = 0; #Dropped = 211
Target Time = 116.5; Load Intensity = 97.0; #Success = 0; #Failed = 1; #Dropped = 70
Target Time = 117.5; Load Intensity = 97.0; #Success = 0; #Failed = 0; #Dropped = 0
Target Time = 118.5; Load Intensity = 98.0; #Success = 0; #Failed = 0; #Dropped = 0
Target Time = 119.5; Load Intensity = 99.0; #Success = 1; #Failed = 0; #Dropped = 255
Target Time = 120.5; Load Intensity = 0.0; #Success = 4; #Failed = 0; #Dropped = 78
Target Time = 121.5; Load Intensity = 0.0; #Success = 0; #Failed = 4; #Dropped = 33
Target Time = 122.5; Load Intensity = 0.0; #Success = 0; #Failed = 12; #Dropped = 72
Target Time = 123.5; Load Intensity = 0.0; #Success = 0; #Failed = 0; #Dropped = 0
Target Time = 124.5; Load Intensity = 0.0; #Success = 0; #Failed = 0; #Dropped = 0
Target Time = 125.5; Load Intensity = 0.0; #Success = 0; #Failed = 0; #Dropped = 0
Target Time = 126.5; Load Intensity = 0.0; #Success = 0; #Failed = 0; #Dropped = 0
Target Time = 127.5; Load Intensity = 0.0; #Success = 2; #Failed = 2; #Dropped = 436
Target Time = 128.5; Load Intensity = 0.0; #Success = 3; #Failed = 0; #Dropped = 73
Target Time = 129.5; Load Intensity = 0.0; #Success = 0; #Failed = 0; #Dropped = 0
Target Time = 130.5; Load Intensity = 0.0; #Success = 0; #Failed = 0; #Dropped = 0
Target Time = 131.5; Load Intensity = 0.0; #Success = 1; #Failed = 2; #Dropped = 191
Target Time = 132.5; Load Intensity = 0.0; #Success = 0; #Failed = 0; #Dropped = 0
Target Time = 133.5; Load Intensity = 0.0; #Success = 2; #Failed = 0; #Dropped = 168
Target Time = 134.5; Load Intensity = 0.0; #Success = 0; #Failed = 0; #Dropped = 0
Target Time = 135.5; Load Intensity = 0.0; #Success = 0; #Failed = 1; #Dropped = 144
Target Time = 136.5; Load Intensity = 0.0; #Success = 0; #Failed = 0; #Dropped = 0
Target Time = 137.5; Load Intensity = 0.0; #Success = 5; #Failed = 0; #Dropped = 251
Target Time = 138.5; Load Intensity = 0.0; #Success = 4; #Failed = 0; #Dropped = 80
Target Time = 139.5; Load Intensity = 0.0; #Success = 0; #Failed = 28; #Dropped = 50
Target Time = 140.5; Load Intensity = 0.0; #Success = 0; #Failed = 0; #Dropped = 0
Target Time = 141.5; Load Intensity = 0.0; #Success = 4; #Failed = 7; #Dropped = 140
Target Time = 142.5; Load Intensity = 0.0; #Success = 2; #Failed = 1; #Dropped = 104
Target Time = 143.5; Load Intensity = 0.0; #Success = 0; #Failed = 0; #Dropped = 0
Target Time = 144.5; Load Intensity = 0.0; #Success = 0; #Failed = 0; #Dropped = 0
  └─ [nitro5:sd] end 01:05:26
Target Time = 145.5; Load Intensity = 0.0; #Success = 0; #Failed = 0; #Dropped = 0
  └─ [nitro5:ram] end 01:05:27
  └─ [nitro5:nic] end 01:05:27
  └─ [nitro5:cpu] end 01:05:28
Target Time = 146.5; Load Intensity = 0.0; #Success = 0; #Failed = 0; #Dropped = 0
Target Time = 147.5; Load Intensity = 0.0; #Success = 0; #Failed = 0; #Dropped = 0
Target Time = 148.5; Load Intensity = 0.0; #Success = 0; #Failed = 0; #Dropped = 0
Target Time = 149.5; Load Intensity = 0.0; #Success = 0; #Failed = 1; #Dropped = 674
Target Time = 150.5; Load Intensity = 0.0; #Success = 3; #Failed = 0; #Dropped = 38
Target Time = 151.5; Load Intensity = 0.0; #Success = 2; #Failed = 0; #Dropped = 0
Target Time = 152.5; Load Intensity = 0.0; #Success = 3; #Failed = 0; #Dropped = 0
Target Time = 153.5; Load Intensity = 0.0; #Success = 0; #Failed = 0; #Dropped = 0
  └─ [aspire:nic] end 01:05:35
Target Time = 154.5; Load Intensity = 0.0; #Success = 0; #Failed = 0; #Dropped = 0
  └─ [leo:cpu] end 01:05:36
Target Time = 155.5; Load Intensity = 0.0; #Success = 0; #Failed = 0; #Dropped = 0
Target Time = 156.5; Load Intensity = 0.0; #Success = 0; #Failed = 0; #Dropped = 0
  └─ [aspire:cpu] end 01:05:38
Target Time = 157.5; Load Intensity = 0.0; #Success = 0; #Failed = 0; #Dropped = 0
  └─ [aspire:sd] end 01:05:39
  └─ [aspire:ram] end 01:05:39
  └─ [leo:nic] end 01:05:39
Target Time = 158.5; Load Intensity = 0.0; #Success = 0; #Failed = 0; #Dropped = 0
  └─ [leo:sd] end 01:05:40
Target Time = 159.5; Load Intensity = 0.0; #Success = 0; #Failed = 0; #Dropped = 0
Target Time = 160.5; Load Intensity = 0.0; #Success = 0; #Failed = 0; #Dropped = 0
Target Time = 161.5; Load Intensity = 0.0; #Success = 2; #Failed = 0; #Dropped = 0
Target Time = 162.5; Load Intensity = 0.0; #Success = 0; #Failed = 0; #Dropped = 0
Target Time = 163.5; Load Intensity = 0.0; #Success = 2; #Failed = 0; #Dropped = 0
Target Time = 164.5; Load Intensity = 0.0; #Success = 0; #Failed = 0; #Dropped = 0
  └─ [leo:ram] end 01:05:46
Target Time = 165.5; Load Intensity = 0.0; #Success = 0; #Failed = 15; #Dropped = 0
Target Time = 166.5; Load Intensity = 0.0; #Success = 0; #Failed = 0; #Dropped = 0
Target Time = 167.5; Load Intensity = 0.0; #Success = 0; #Failed = 30; #Dropped = 0
Target Time = 168.5; Load Intensity = 0.0; #Success = 3; #Failed = 0; #Dropped = 0
Target Time = 169.5; Load Intensity = 0.0; #Success = 2; #Failed = 0; #Dropped = 0
Target Time = 170.5; Load Intensity = 0.0; #Success = 1; #Failed = 0; #Dropped = 0
Target Time = 171.5; Load Intensity = 0.0; #Success = 1; #Failed = 0; #Dropped = 0
Workload finished.
Log finished.
📄 LIMBO finalizado para scenario=low
⏳ [01:05:58] Esperando que termine medición: fase3_carga_low_iter4 (PID: 3283198)
  └─ [scorpius:sd] end 01:05:58
  └─ [scorpius:ram] end 01:05:59
  └─ [scorpius:cpu] end 01:06:01
  └─ [scorpius:nic] end 01:06:01
=== Bloque 145s terminado - Fase: fase3_carga_low_iter4 ===
[🧹] Limpiando CSVs internos de ecofloc en cada nodo (fase: fase3_carga_low_iter4)...
  ✔ [nitro5:cpu] limpiado /home/luish/Documents/p3/ecofloc2/ecofloc/ecofloc-cpu/ECOFLOC_CPU_COMM_text.csv
  ✔ [nitro5:nic] limpiado /home/luish/Documents/p3/ecofloc2/ecofloc/ecofloc-nic/ECOFLOC_NIC_COMM_text.csv
  ✔ [nitro5:ram] limpiado /home/luish/Documents/p3/ecofloc2/ecofloc/ecofloc-ram/ECOFLOC_RAM_COMM_text.csv
  ✔ [nitro5:sd] limpiado /home/luish/Documents/p3/ecofloc2/ecofloc/ecofloc-sd/ECOFLOC_SD_COMM_text.csv
  ✔ [leo:cpu] limpiado /home/leo/ecofloc/ecofloc-cpu/ECOFLOC_CPU_COMM_text.csv
  ✔ [leo:nic] limpiado /home/leo/ecofloc/ecofloc-nic/ECOFLOC_NIC_COMM_text.csv
  ✔ [leo:ram] limpiado /home/leo/ecofloc/ecofloc-ram/ECOFLOC_RAM_COMM_text.csv
  ✔ [leo:sd] limpiado /home/leo/ecofloc/ecofloc-sd/ECOFLOC_SD_COMM_text.csv
  ✔ [aspire:cpu] limpiado /home/luish/Documents/p3/ecofloc2/ecofloc/ecofloc-cpu/ECOFLOC_CPU_COMM_text.csv
  ✔ [aspire:nic] limpiado /home/luish/Documents/p3/ecofloc2/ecofloc/ecofloc-nic/ECOFLOC_NIC_COMM_text.csv
  ✔ [aspire:ram] limpiado /home/luish/Documents/p3/ecofloc2/ecofloc/ecofloc-ram/ECOFLOC_RAM_COMM_text.csv
  ✔ [aspire:sd] limpiado /home/luish/Documents/p3/ecofloc2/ecofloc/ecofloc-sd/ECOFLOC_SD_COMM_text.csv
  ✔ [scorpius:cpu] limpiado /home/scorpius03/Documents/ecofloc/ecofloc-cpu/ECOFLOC_CPU_COMM_text.csv
  ✔ [scorpius:nic] limpiado /home/scorpius03/Documents/ecofloc/ecofloc-nic/ECOFLOC_NIC_COMM_text.csv
  ✔ [scorpius:ram] limpiado /home/scorpius03/Documents/ecofloc/ecofloc-ram/ECOFLOC_RAM_COMM_text.csv
  ✔ [scorpius:sd] limpiado /home/scorpius03/Documents/ecofloc/ecofloc-sd/ECOFLOC_SD_COMM_text.csv
========================================
🔋 MEASURE ENERGY FINALIZADO
   Fase: fase3_carga_low_iter4
========================================
✔️ [01:06:05] Medición fase3_carga_low_iter4 completada
[📦] Archivando resultados → ./historyexecutions/exp(01:06:10)_fase3_low_iter4
[✔] Archivado: ./historyexecutions/exp(01:06:10)_fase3_low_iter4
🧹 Limpiando TeaStore (iter 4)...
⏸ Esperando 15s para limpieza completa...
✅ Iteración 4 / 15 del escenario low completada.

########################################################
🔄 ESCENARIO: low | ITERACIÓN: 5 / 15
   Hora: 01:06:58
########################################################
========================================
🔋 FASE 1: Descarga de imágenes (low, iter 5)
========================================
📋 Capturando PIDs (gepidstea.sh)...
📋 Capturando PIDs de contenedores (kpsnodos.sh)...
🔋 [01:07:19] Iniciando medición de energía: fase1_descarga_low_iter5 (25s)
   PID de medición: 3690223
🚀 Desplegando TeaStore desde /home/luish/Documents/death/teastore/TeaStore/examples/kubernetes/teastore-energy-scheduler.yaml...
========================================
🔋 MEASURE ENERGY - Fase: fase1_descarga_low_iter5
   Duración: 25s
   PID: 3690223
========================================
=== Medición bloque 25s - Fase: fase1_descarga_low_iter5 ===
[⏱ 01:07:19] Iniciando ecofloc en nitro5 por 25s (fase: fase1_descarga_low_iter5)
⏳ Esperando a que todos los pods de TeaStore estén Running y Ready...
  ├─ [nitro5:sd] start 01:07:19
  ├─ [nitro5:ram] start 01:07:20
  ├─ [nitro5:nic] start 01:07:20
[⏱ 01:07:20] Iniciando ecofloc en aspire por 25s (fase: fase1_descarga_low_iter5)
  ├─ [nitro5:cpu] start 01:07:20
  ├─ [aspire:sd] start 01:07:20
  ├─ [aspire:ram] start 01:07:20
[⏱ 01:07:20] Iniciando ecofloc en scorpius por 25s (fase: fase1_descarga_low_iter5)
  ├─ [aspire:nic] start 01:07:20
  ├─ [aspire:cpu] start 01:07:20
  ├─ [scorpius:sd] start 01:07:20
  ├─ [scorpius:ram] start 01:07:20
  ├─ [scorpius:nic] start 01:07:20
[⏱ 01:07:20] Iniciando ecofloc en leo por 25s (fase: fase1_descarga_low_iter5)
  ├─ [scorpius:cpu] start 01:07:20
  ├─ [leo:sd] start 01:07:21
  ├─ [leo:ram] start 01:07:21
  ├─ [leo:nic] start 01:07:21
  ├─ [leo:cpu] start 01:07:21
✅ Pods listos.
⏳ [01:07:24] Esperando que termine medición: fase1_descarga_low_iter5 (PID: 3690223)
  └─ [nitro5:sd] end 01:07:44
  └─ [nitro5:cpu] end 01:07:45
  └─ [nitro5:ram] end 01:07:45
  └─ [nitro5:nic] end 01:07:45
  └─ [leo:cpu] end 01:07:47
  └─ [aspire:cpu] end 01:07:47
  └─ [aspire:sd] end 01:07:47
  └─ [leo:sd] end 01:07:47
  └─ [leo:nic] end 01:07:47
  └─ [scorpius:sd] end 01:07:47
  └─ [scorpius:cpu] end 01:07:47
  └─ [leo:ram] end 01:07:47
  └─ [aspire:nic] end 01:07:48
  └─ [scorpius:nic] end 01:07:48
  └─ [aspire:ram] end 01:07:48
  └─ [scorpius:ram] end 01:07:49
=== Bloque 25s terminado - Fase: fase1_descarga_low_iter5 ===
[🧹] Limpiando CSVs internos de ecofloc en cada nodo (fase: fase1_descarga_low_iter5)...
  ✔ [nitro5:cpu] limpiado /home/luish/Documents/p3/ecofloc2/ecofloc/ecofloc-cpu/ECOFLOC_CPU_COMM_text.csv
  ✔ [nitro5:nic] limpiado /home/luish/Documents/p3/ecofloc2/ecofloc/ecofloc-nic/ECOFLOC_NIC_COMM_text.csv
  ✔ [nitro5:ram] limpiado /home/luish/Documents/p3/ecofloc2/ecofloc/ecofloc-ram/ECOFLOC_RAM_COMM_text.csv
  ✔ [nitro5:sd] limpiado /home/luish/Documents/p3/ecofloc2/ecofloc/ecofloc-sd/ECOFLOC_SD_COMM_text.csv
  ✔ [leo:cpu] limpiado /home/leo/ecofloc/ecofloc-cpu/ECOFLOC_CPU_COMM_text.csv
  ✔ [leo:nic] limpiado /home/leo/ecofloc/ecofloc-nic/ECOFLOC_NIC_COMM_text.csv
  ✔ [leo:ram] limpiado /home/leo/ecofloc/ecofloc-ram/ECOFLOC_RAM_COMM_text.csv
  ✔ [leo:sd] limpiado /home/leo/ecofloc/ecofloc-sd/ECOFLOC_SD_COMM_text.csv
  ✔ [aspire:cpu] limpiado /home/luish/Documents/p3/ecofloc2/ecofloc/ecofloc-cpu/ECOFLOC_CPU_COMM_text.csv
  ✔ [aspire:nic] limpiado /home/luish/Documents/p3/ecofloc2/ecofloc/ecofloc-nic/ECOFLOC_NIC_COMM_text.csv
  ✔ [aspire:ram] limpiado /home/luish/Documents/p3/ecofloc2/ecofloc/ecofloc-ram/ECOFLOC_RAM_COMM_text.csv
  ✔ [aspire:sd] limpiado /home/luish/Documents/p3/ecofloc2/ecofloc/ecofloc-sd/ECOFLOC_SD_COMM_text.csv
  ✔ [scorpius:cpu] limpiado /home/scorpius03/Documents/ecofloc/ecofloc-cpu/ECOFLOC_CPU_COMM_text.csv
  ✔ [scorpius:nic] limpiado /home/scorpius03/Documents/ecofloc/ecofloc-nic/ECOFLOC_NIC_COMM_text.csv
  ✔ [scorpius:ram] limpiado /home/scorpius03/Documents/ecofloc/ecofloc-ram/ECOFLOC_RAM_COMM_text.csv
  ✔ [scorpius:sd] limpiado /home/scorpius03/Documents/ecofloc/ecofloc-sd/ECOFLOC_SD_COMM_text.csv
========================================
🔋 MEASURE ENERGY FINALIZADO
   Fase: fase1_descarga_low_iter5
========================================
✔️ [01:07:54] Medición fase1_descarga_low_iter5 completada
[📦] Archivando resultados → ./historyexecutions/exp(01:07:59)_fase1_low_iter5
[✔] Archivado: ./historyexecutions/exp(01:07:59)_fase1_low_iter5
========================================
🔋 FASE 2: Preparación de servicios (low, iter 5)
========================================
📋 Capturando PIDs (gepidstea.sh)...
📋 Capturando PIDs de contenedores (kpsnodos.sh)...
🔋 [01:08:17] Iniciando medición de energía: fase2_preparacion_low_iter5 (50s)
   PID de medición: 3752596
========================================
🔋 MEASURE ENERGY - Fase: fase2_preparacion_low_iter5
   Duración: 50s
   PID: 3752596
========================================
=== Medición bloque 50s - Fase: fase2_preparacion_low_iter5 ===
[⏱ 01:08:17] Iniciando ecofloc en nitro5 por 50s (fase: fase2_preparacion_low_iter5)
⏳ Esperando 10s a que CoreDNS se estabilice...
  ├─ [nitro5:sd] start 01:08:17
  ├─ [nitro5:ram] start 01:08:18
  ├─ [nitro5:nic] start 01:08:18
[⏱ 01:08:18] Iniciando ecofloc en aspire por 50s (fase: fase2_preparacion_low_iter5)
  ├─ [nitro5:cpu] start 01:08:18
  ├─ [aspire:sd] start 01:08:18
  ├─ [aspire:ram] start 01:08:18
  ├─ [aspire:nic] start 01:08:18
[⏱ 01:08:18] Iniciando ecofloc en scorpius por 50s (fase: fase2_preparacion_low_iter5)
  ├─ [aspire:cpu] start 01:08:19
  ├─ [scorpius:sd] start 01:08:19
  ├─ [scorpius:ram] start 01:08:19
  ├─ [scorpius:nic] start 01:08:19
[⏱ 01:08:19] Iniciando ecofloc en leo por 50s (fase: fase2_preparacion_low_iter5)
  ├─ [scorpius:cpu] start 01:08:19
  ├─ [leo:sd] start 01:08:19
  ├─ [leo:ram] start 01:08:19
  ├─ [leo:nic] start 01:08:19
  ├─ [leo:cpu] start 01:08:19
➡️ Pod WebUI: teastore-webui-ff7768544-q7rj6
➡️ Está en el nodo: leo02
🌐 IP del nodo WebUI: 192.168.18.36
⏳ Verificando estado del TeaStore en http://192.168.18.36:30080/tools.descartes.teastore.webui/status ...
   ➤ Estado actual: 5 / 5 servicios OK
✔ TODOS los servicios del TeaStore están OK. Continuando...
⏳ [01:08:34] Esperando que termine medición: fase2_preparacion_low_iter5 (PID: 3752596)
  └─ [nitro5:sd] end 01:09:07
  └─ [nitro5:ram] end 01:09:08
  └─ [nitro5:nic] end 01:09:08
  └─ [nitro5:cpu] end 01:09:09
  └─ [aspire:cpu] end 01:09:10
  └─ [aspire:sd] end 01:09:10
  └─ [leo:sd] end 01:09:11
  └─ [aspire:nic] end 01:09:11
  └─ [aspire:ram] end 01:09:12
  └─ [leo:ram] end 01:09:14
  └─ [leo:cpu] end 01:09:14
  └─ [leo:nic] end 01:09:14
  └─ [scorpius:cpu] end 01:09:14
  └─ [scorpius:nic] end 01:09:14
  └─ [scorpius:sd] end 01:09:15
  └─ [scorpius:ram] end 01:09:17
=== Bloque 50s terminado - Fase: fase2_preparacion_low_iter5 ===
[🧹] Limpiando CSVs internos de ecofloc en cada nodo (fase: fase2_preparacion_low_iter5)...
  ✔ [nitro5:cpu] limpiado /home/luish/Documents/p3/ecofloc2/ecofloc/ecofloc-cpu/ECOFLOC_CPU_COMM_text.csv
  ✔ [nitro5:nic] limpiado /home/luish/Documents/p3/ecofloc2/ecofloc/ecofloc-nic/ECOFLOC_NIC_COMM_text.csv
  ✔ [nitro5:ram] limpiado /home/luish/Documents/p3/ecofloc2/ecofloc/ecofloc-ram/ECOFLOC_RAM_COMM_text.csv
  ✔ [nitro5:sd] limpiado /home/luish/Documents/p3/ecofloc2/ecofloc/ecofloc-sd/ECOFLOC_SD_COMM_text.csv
  ✔ [leo:cpu] limpiado /home/leo/ecofloc/ecofloc-cpu/ECOFLOC_CPU_COMM_text.csv
  ✔ [leo:nic] limpiado /home/leo/ecofloc/ecofloc-nic/ECOFLOC_NIC_COMM_text.csv
  ✔ [leo:ram] limpiado /home/leo/ecofloc/ecofloc-ram/ECOFLOC_RAM_COMM_text.csv
  ✔ [leo:sd] limpiado /home/leo/ecofloc/ecofloc-sd/ECOFLOC_SD_COMM_text.csv
  ✔ [aspire:cpu] limpiado /home/luish/Documents/p3/ecofloc2/ecofloc/ecofloc-cpu/ECOFLOC_CPU_COMM_text.csv
  ✔ [aspire:nic] limpiado /home/luish/Documents/p3/ecofloc2/ecofloc/ecofloc-nic/ECOFLOC_NIC_COMM_text.csv
  ✔ [aspire:ram] limpiado /home/luish/Documents/p3/ecofloc2/ecofloc/ecofloc-ram/ECOFLOC_RAM_COMM_text.csv
  ✔ [aspire:sd] limpiado /home/luish/Documents/p3/ecofloc2/ecofloc/ecofloc-sd/ECOFLOC_SD_COMM_text.csv
  ✔ [scorpius:cpu] limpiado /home/scorpius03/Documents/ecofloc/ecofloc-cpu/ECOFLOC_CPU_COMM_text.csv
  ✔ [scorpius:nic] limpiado /home/scorpius03/Documents/ecofloc/ecofloc-nic/ECOFLOC_NIC_COMM_text.csv
  ✔ [scorpius:ram] limpiado /home/scorpius03/Documents/ecofloc/ecofloc-ram/ECOFLOC_RAM_COMM_text.csv
  ✔ [scorpius:sd] limpiado /home/scorpius03/Documents/ecofloc/ecofloc-sd/ECOFLOC_SD_COMM_text.csv
========================================
🔋 MEASURE ENERGY FINALIZADO
   Fase: fase2_preparacion_low_iter5
========================================
✔️ [01:09:22] Medición fase2_preparacion_low_iter5 completada
[📦] Archivando resultados → ./historyexecutions/exp(01:09:27)_fase2_low_iter5
[✔] Archivado: ./historyexecutions/exp(01:09:27)_fase2_low_iter5
========================================
🔋 FASE 3: Ejecución de carga (low, iter 5)
========================================
📋 Capturando PIDs (gepidstea.sh)...
📋 Capturando PIDs de contenedores (kpsnodos.sh)...
🔋 [01:09:45] Iniciando medición de energía: fase3_carga_low_iter5 (145s)
   PID de medición: 3878076
=== Escenario low (iter 5) ===
========================================
🔋 MEASURE ENERGY - Fase: fase3_carga_low_iter5
   Duración: 145s
   PID: 3878076
========================================
=== Medición bloque 145s - Fase: fase3_carga_low_iter5 ===
🚀 Iniciando LIMBO con profile=/home/luish/Documents/death/teastore/TeaStore/examples/httploadgenerator/increasingLowIntensity.csv y script=/home/luish/Documents/death/teastore/TeaStore/examples/httploadgenerator/teastore_buy.lua
[⏱ 01:09:45] Iniciando ecofloc en nitro5 por 145s (fase: fase3_carga_low_iter5)
Feb 26, 2026 1:09:45 AM tools.descartes.dlim.httploadgenerator.runner.Director executeDirector
WARNING: No power measurements
Feb 26, 2026 1:09:45 AM tools.descartes.dlim.httploadgenerator.runner.Director executeDirector
INFO: Load Generator Thread Count set to 64
Feb 26, 2026 1:09:45 AM tools.descartes.dlim.httploadgenerator.runner.Director executeDirector
INFO: URL connection timout set to 30000 ms
Feb 26, 2026 1:09:45 AM tools.descartes.dlim.httploadgenerator.runner.Director executeDirector
INFO: Using Lua Script: /home/luish/Documents/death/teastore/TeaStore/examples/httploadgenerator/teastore_buy.lua
Feb 26, 2026 1:09:45 AM tools.descartes.dlim.httploadgenerator.runner.Director process
INFO: Read 120 Arrival Rate Tuples
Load Generator sent: ok
Feb 26, 2026 1:09:45 AM tools.descartes.dlim.httploadgenerator.runner.Director process
INFO: Arrival Rates sent to Load Generator(s).
Load Generator sent: ok
Feb 26, 2026 1:09:45 AM tools.descartes.dlim.httploadgenerator.runner.Director process
INFO: Thread Count sent to Load Generator(s): 64
Load Generator sent: ok
Feb 26, 2026 1:09:45 AM tools.descartes.dlim.httploadgenerator.runner.Director process
INFO: URL connection timeout sent to Load Generator(s): 30000
Load Generator sent: ok
Feb 26, 2026 1:09:45 AM tools.descartes.dlim.httploadgenerator.runner.Director process
INFO: Contents of script sent to Load Generator: /home/luish/Documents/death/teastore/TeaStore/examples/httploadgenerator/teastore_buy.lua
Feb 26, 2026 1:09:45 AM tools.descartes.dlim.httploadgenerator.runner.Director process
INFO: Starting Load Generation
Beginning Run @1772086185708(26.02.2026;01:09:45708)
Target Time = 0.5; Load Intensity = 0.0; #Success = 0; #Failed = 0; #Dropped = 0
  ├─ [nitro5:sd] start 01:09:45
  ├─ [nitro5:ram] start 01:09:46
  ├─ [nitro5:nic] start 01:09:46
[⏱ 01:09:47] Iniciando ecofloc en aspire por 145s (fase: fase3_carga_low_iter5)
  ├─ [nitro5:cpu] start 01:09:47
  ├─ [aspire:sd] start 01:09:47
  ├─ [aspire:ram] start 01:09:47
[⏱ 01:09:47] Iniciando ecofloc en scorpius por 145s (fase: fase3_carga_low_iter5)
  ├─ [aspire:nic] start 01:09:47
  ├─ [aspire:cpu] start 01:09:47
  ├─ [scorpius:sd] start 01:09:47
  ├─ [scorpius:ram] start 01:09:47
  ├─ [scorpius:nic] start 01:09:47
[⏱ 01:09:47] Iniciando ecofloc en leo por 145s (fase: fase3_carga_low_iter5)
  ├─ [scorpius:cpu] start 01:09:47
  ├─ [leo:sd] start 01:09:47
  ├─ [leo:ram] start 01:09:47
  ├─ [leo:nic] start 01:09:47
  ├─ [leo:cpu] start 01:09:47
Target Time = 1.5; Load Intensity = 1.0; #Success = 0; #Failed = 0; #Dropped = 0
Target Time = 2.5; Load Intensity = 2.0; #Success = 0; #Failed = 0; #Dropped = 0
Target Time = 3.5; Load Intensity = 2.0; #Success = 0; #Failed = 0; #Dropped = 0
Target Time = 4.5; Load Intensity = 3.0; #Success = 0; #Failed = 0; #Dropped = 0
Target Time = 5.5; Load Intensity = 4.0; #Success = 0; #Failed = 0; #Dropped = 0
Target Time = 6.5; Load Intensity = 5.0; #Success = 0; #Failed = 0; #Dropped = 0
Target Time = 7.5; Load Intensity = 6.0; #Success = 7; #Failed = 0; #Dropped = 0
Target Time = 8.5; Load Intensity = 7.0; #Success = 3; #Failed = 0; #Dropped = 0
Target Time = 9.5; Load Intensity = 7.0; #Success = 1; #Failed = 0; #Dropped = 0
Target Time = 10.5; Load Intensity = 8.0; #Success = 10; #Failed = 0; #Dropped = 0
Target Time = 11.5; Load Intensity = 9.0; #Success = 4; #Failed = 0; #Dropped = 0
Target Time = 12.5; Load Intensity = 10.0; #Success = 8; #Failed = 0; #Dropped = 0
Target Time = 13.5; Load Intensity = 11.0; #Success = 1; #Failed = 0; #Dropped = 0
Target Time = 14.5; Load Intensity = 12.0; #Success = 3; #Failed = 0; #Dropped = 0
Target Time = 15.5; Load Intensity = 12.0; #Success = 7; #Failed = 0; #Dropped = 0
Target Time = 16.5; Load Intensity = 13.0; #Success = 2; #Failed = 0; #Dropped = 0
Target Time = 17.5; Load Intensity = 14.0; #Success = 2; #Failed = 0; #Dropped = 0
Target Time = 18.5; Load Intensity = 15.0; #Success = 10; #Failed = 0; #Dropped = 0
Target Time = 19.5; Load Intensity = 16.0; #Success = 2; #Failed = 0; #Dropped = 0
Target Time = 20.5; Load Intensity = 17.0; #Success = 12; #Failed = 0; #Dropped = 0
Target Time = 21.5; Load Intensity = 17.0; #Success = 5; #Failed = 0; #Dropped = 0
Target Time = 22.5; Load Intensity = 18.0; #Success = 0; #Failed = 0; #Dropped = 0
Target Time = 23.5; Load Intensity = 19.0; #Success = 6; #Failed = 0; #Dropped = 0
Target Time = 24.5; Load Intensity = 20.0; #Success = 4; #Failed = 0; #Dropped = 0
Target Time = 25.5; Load Intensity = 21.0; #Success = 2; #Failed = 1; #Dropped = 0
Target Time = 26.5; Load Intensity = 22.0; #Success = 1; #Failed = 12; #Dropped = 0
Target Time = 27.5; Load Intensity = 22.0; #Success = 0; #Failed = 4; #Dropped = 0
Target Time = 28.5; Load Intensity = 23.0; #Success = 0; #Failed = 3; #Dropped = 0
Target Time = 29.5; Load Intensity = 24.0; #Success = 3; #Failed = 2; #Dropped = 0
Target Time = 30.5; Load Intensity = 25.0; #Success = 4; #Failed = 0; #Dropped = 0
Target Time = 31.5; Load Intensity = 26.0; #Success = 2; #Failed = 0; #Dropped = 0
Target Time = 32.5; Load Intensity = 27.0; #Success = 2; #Failed = 0; #Dropped = 0
Target Time = 33.5; Load Intensity = 27.0; #Success = 0; #Failed = 0; #Dropped = 0
Target Time = 34.5; Load Intensity = 28.0; #Success = 0; #Failed = 0; #Dropped = 0
Target Time = 35.5; Load Intensity = 29.0; #Success = 0; #Failed = 0; #Dropped = 0
Target Time = 36.5; Load Intensity = 30.0; #Success = 0; #Failed = 0; #Dropped = 0
Target Time = 37.5; Load Intensity = 31.0; #Success = 0; #Failed = 0; #Dropped = 0
Target Time = 38.5; Load Intensity = 32.0; #Success = 3; #Failed = 4; #Dropped = 0
Target Time = 39.5; Load Intensity = 32.0; #Success = 5; #Failed = 2; #Dropped = 0
Target Time = 40.5; Load Intensity = 33.0; #Success = 4; #Failed = 5; #Dropped = 0
Target Time = 41.5; Load Intensity = 34.0; #Success = 2; #Failed = 1; #Dropped = 0
Target Time = 42.5; Load Intensity = 35.0; #Success = 1; #Failed = 0; #Dropped = 0
Target Time = 43.5; Load Intensity = 36.0; #Success = 3; #Failed = 0; #Dropped = 0
Target Time = 44.5; Load Intensity = 37.0; #Success = 2; #Failed = 0; #Dropped = 0
Target Time = 45.5; Load Intensity = 37.0; #Success = 4; #Failed = 0; #Dropped = 0
Target Time = 46.5; Load Intensity = 38.0; #Success = 3; #Failed = 0; #Dropped = 0
Target Time = 47.5; Load Intensity = 39.0; #Success = 3; #Failed = 0; #Dropped = 0
Target Time = 48.5; Load Intensity = 40.0; #Success = 2; #Failed = 0; #Dropped = 0
Target Time = 49.5; Load Intensity = 41.0; #Success = 3; #Failed = 0; #Dropped = 0
Target Time = 50.5; Load Intensity = 42.0; #Success = 1; #Failed = 0; #Dropped = 0
Target Time = 51.5; Load Intensity = 42.0; #Success = 1; #Failed = 0; #Dropped = 0
Target Time = 52.5; Load Intensity = 43.0; #Success = 3; #Failed = 1; #Dropped = 0
Target Time = 53.5; Load Intensity = 44.0; #Success = 12; #Failed = 5; #Dropped = 0
Target Time = 54.5; Load Intensity = 45.0; #Success = 0; #Failed = 0; #Dropped = 0
Target Time = 55.5; Load Intensity = 46.0; #Success = 4; #Failed = 0; #Dropped = 10
Target Time = 56.5; Load Intensity = 47.0; #Success = 4; #Failed = 0; #Dropped = 14
Target Time = 57.5; Load Intensity = 47.0; #Success = 4; #Failed = 0; #Dropped = 18
Target Time = 58.5; Load Intensity = 48.0; #Success = 3; #Failed = 0; #Dropped = 6
Target Time = 59.5; Load Intensity = 49.0; #Success = 7; #Failed = 0; #Dropped = 29
Target Time = 60.5; Load Intensity = 50.0; #Success = 4; #Failed = 0; #Dropped = 25
Target Time = 61.5; Load Intensity = 51.0; #Success = 0; #Failed = 0; #Dropped = 0
Target Time = 62.5; Load Intensity = 52.0; #Success = 0; #Failed = 0; #Dropped = 0
Target Time = 63.5; Load Intensity = 52.0; #Success = 0; #Failed = 0; #Dropped = 0
Target Time = 64.5; Load Intensity = 53.0; #Success = 0; #Failed = 0; #Dropped = 0
Target Time = 65.5; Load Intensity = 54.0; #Success = 0; #Failed = 0; #Dropped = 0
Target Time = 66.5; Load Intensity = 55.0; #Success = 0; #Failed = 0; #Dropped = 0
Target Time = 67.5; Load Intensity = 56.0; #Success = 0; #Failed = 1; #Dropped = 167
Target Time = 68.5; Load Intensity = 57.0; #Success = 0; #Failed = 5; #Dropped = 53
Target Time = 69.5; Load Intensity = 57.0; #Success = 0; #Failed = 0; #Dropped = 0
Target Time = 70.5; Load Intensity = 58.0; #Success = 2; #Failed = 0; #Dropped = 52
Target Time = 71.5; Load Intensity = 59.0; #Success = 0; #Failed = 0; #Dropped = 0
Target Time = 72.5; Load Intensity = 60.0; #Success = 0; #Failed = 0; #Dropped = 0
Target Time = 73.5; Load Intensity = 61.0; #Success = 1; #Failed = 0; #Dropped = 108
Target Time = 74.5; Load Intensity = 62.0; #Success = 2; #Failed = 0; #Dropped = 40
Target Time = 75.5; Load Intensity = 62.0; #Success = 4; #Failed = 0; #Dropped = 32
Target Time = 76.5; Load Intensity = 63.0; #Success = 2; #Failed = 0; #Dropped = 39
Target Time = 77.5; Load Intensity = 64.0; #Success = 3; #Failed = 0; #Dropped = 40
Target Time = 78.5; Load Intensity = 65.0; #Success = 2; #Failed = 0; #Dropped = 11
Target Time = 79.5; Load Intensity = 66.0; #Success = 3; #Failed = 0; #Dropped = 38
Target Time = 80.5; Load Intensity = 67.0; #Success = 1; #Failed = 0; #Dropped = 52
Target Time = 81.5; Load Intensity = 67.0; #Success = 0; #Failed = 0; #Dropped = 0
Target Time = 82.5; Load Intensity = 68.0; #Success = 1; #Failed = 0; #Dropped = 86
Target Time = 83.5; Load Intensity = 69.0; #Success = 15; #Failed = 1; #Dropped = 31
Target Time = 84.5; Load Intensity = 70.0; #Success = 0; #Failed = 2; #Dropped = 27
Target Time = 85.5; Load Intensity = 71.0; #Success = 1; #Failed = 2; #Dropped = 63
Target Time = 86.5; Load Intensity = 72.0; #Success = 3; #Failed = 1; #Dropped = 5
Target Time = 87.5; Load Intensity = 72.0; #Success = 3; #Failed = 0; #Dropped = 81
Target Time = 88.5; Load Intensity = 73.0; #Success = 2; #Failed = 1; #Dropped = 34
Target Time = 89.5; Load Intensity = 74.0; #Success = 3; #Failed = 3; #Dropped = 54
Target Time = 90.5; Load Intensity = 75.0; #Success = 2; #Failed = 0; #Dropped = 57
Target Time = 91.5; Load Intensity = 76.0; #Success = 0; #Failed = 0; #Dropped = 0
Target Time = 92.5; Load Intensity = 77.0; #Success = 1; #Failed = 1; #Dropped = 71
Target Time = 93.5; Load Intensity = 77.0; #Success = 0; #Failed = 0; #Dropped = 0
Target Time = 94.5; Load Intensity = 78.0; #Success = 2; #Failed = 0; #Dropped = 125
Target Time = 95.5; Load Intensity = 79.0; #Success = 1; #Failed = 1; #Dropped = 52
Target Time = 96.5; Load Intensity = 80.0; #Success = 1; #Failed = 0; #Dropped = 60
Target Time = 97.5; Load Intensity = 81.0; #Success = 1; #Failed = 2; #Dropped = 51
Target Time = 98.5; Load Intensity = 82.0; #Success = 4; #Failed = 3; #Dropped = 56
Target Time = 99.5; Load Intensity = 82.0; #Success = 4; #Failed = 3; #Dropped = 11
Target Time = 100.5; Load Intensity = 83.0; #Success = 3; #Failed = 3; #Dropped = 68
Target Time = 101.5; Load Intensity = 84.0; #Success = 0; #Failed = 0; #Dropped = 0
Target Time = 102.5; Load Intensity = 85.0; #Success = 0; #Failed = 0; #Dropped = 0
Target Time = 103.5; Load Intensity = 86.0; #Success = 0; #Failed = 8; #Dropped = 174
  └─ [leo:nic] end 01:11:29
Target Time = 104.5; Load Intensity = 87.0; #Success = 0; #Failed = 0; #Dropped = 0
Target Time = 105.5; Load Intensity = 87.0; #Success = 2; #Failed = 2; #Dropped = 126
Target Time = 106.5; Load Intensity = 88.0; #Success = 1; #Failed = 4; #Dropped = 59
Target Time = 107.5; Load Intensity = 89.0; #Success = 2; #Failed = 4; #Dropped = 68
Target Time = 108.5; Load Intensity = 90.0; #Success = 1; #Failed = 4; #Dropped = 58
Target Time = 109.5; Load Intensity = 91.0; #Success = 2; #Failed = 2; #Dropped = 16
Target Time = 110.5; Load Intensity = 92.0; #Success = 0; #Failed = 0; #Dropped = 0
Target Time = 111.5; Load Intensity = 92.0; #Success = 0; #Failed = 0; #Dropped = 0
Target Time = 112.5; Load Intensity = 93.0; #Success = 0; #Failed = 4; #Dropped = 219
Target Time = 113.5; Load Intensity = 94.0; #Success = 5; #Failed = 7; #Dropped = 78
Target Time = 114.5; Load Intensity = 95.0; #Success = 1; #Failed = 0; #Dropped = 16
Target Time = 115.5; Load Intensity = 96.0; #Success = 0; #Failed = 3; #Dropped = 118
Target Time = 116.5; Load Intensity = 97.0; #Success = 0; #Failed = 0; #Dropped = 0
Target Time = 117.5; Load Intensity = 97.0; #Success = 0; #Failed = 2; #Dropped = 154
Target Time = 118.5; Load Intensity = 98.0; #Success = 2; #Failed = 1; #Dropped = 72
Target Time = 119.5; Load Intensity = 99.0; #Success = 0; #Failed = 0; #Dropped = 0
Target Time = 120.5; Load Intensity = 0.0; #Success = 0; #Failed = 0; #Dropped = 0
Target Time = 121.5; Load Intensity = 0.0; #Success = 0; #Failed = 0; #Dropped = 0
Target Time = 122.5; Load Intensity = 0.0; #Success = 0; #Failed = 2; #Dropped = 291
Target Time = 123.5; Load Intensity = 0.0; #Success = 0; #Failed = 9; #Dropped = 66
Target Time = 124.5; Load Intensity = 0.0; #Success = 1; #Failed = 4; #Dropped = 81
Target Time = 125.5; Load Intensity = 0.0; #Success = 0; #Failed = 1; #Dropped = 76
Target Time = 126.5; Load Intensity = 0.0; #Success = 0; #Failed = 3; #Dropped = 48
Target Time = 127.5; Load Intensity = 0.0; #Success = 1; #Failed = 1; #Dropped = 122
Target Time = 128.5; Load Intensity = 0.0; #Success = 0; #Failed = 12; #Dropped = 54
Target Time = 129.5; Load Intensity = 0.0; #Success = 3; #Failed = 3; #Dropped = 61
Target Time = 130.5; Load Intensity = 0.0; #Success = 1; #Failed = 2; #Dropped = 94
Target Time = 131.5; Load Intensity = 0.0; #Success = 0; #Failed = 2; #Dropped = 83
Target Time = 132.5; Load Intensity = 0.0; #Success = 0; #Failed = 10; #Dropped = 34
Target Time = 133.5; Load Intensity = 0.0; #Success = 0; #Failed = 1; #Dropped = 117
Target Time = 134.5; Load Intensity = 0.0; #Success = 0; #Failed = 0; #Dropped = 0
Target Time = 135.5; Load Intensity = 0.0; #Success = 1; #Failed = 0; #Dropped = 107
Target Time = 136.5; Load Intensity = 0.0; #Success = 0; #Failed = 0; #Dropped = 0
Target Time = 137.5; Load Intensity = 0.0; #Success = 1; #Failed = 0; #Dropped = 208
Target Time = 138.5; Load Intensity = 0.0; #Success = 1; #Failed = 0; #Dropped = 66
Target Time = 139.5; Load Intensity = 0.0; #Success = 0; #Failed = 0; #Dropped = 0
Target Time = 140.5; Load Intensity = 0.0; #Success = 0; #Failed = 15; #Dropped = 231
Target Time = 141.5; Load Intensity = 0.0; #Success = 0; #Failed = 2; #Dropped = 61
Target Time = 142.5; Load Intensity = 0.0; #Success = 0; #Failed = 0; #Dropped = 0
Target Time = 143.5; Load Intensity = 0.0; #Success = 1; #Failed = 0; #Dropped = 171
Target Time = 144.5; Load Intensity = 0.0; #Success = 0; #Failed = 0; #Dropped = 0
  └─ [nitro5:sd] end 01:12:10
Target Time = 145.5; Load Intensity = 0.0; #Success = 0; #Failed = 0; #Dropped = 0
  └─ [nitro5:ram] end 01:12:11
  └─ [nitro5:nic] end 01:12:11
  └─ [nitro5:cpu] end 01:12:12
Target Time = 146.5; Load Intensity = 0.0; #Success = 1; #Failed = 0; #Dropped = 251
Target Time = 147.5; Load Intensity = 0.0; #Success = 1; #Failed = 0; #Dropped = 151
Target Time = 148.5; Load Intensity = 0.0; #Success = 2; #Failed = 0; #Dropped = 128
Target Time = 149.5; Load Intensity = 0.0; #Success = 0; #Failed = 1; #Dropped = 93
Target Time = 150.5; Load Intensity = 0.0; #Success = 0; #Failed = 2; #Dropped = 4
Target Time = 151.5; Load Intensity = 0.0; #Success = 0; #Failed = 1; #Dropped = 0
Target Time = 152.5; Load Intensity = 0.0; #Success = 0; #Failed = 4; #Dropped = 0
  └─ [aspire:sd] end 01:12:18
Target Time = 153.5; Load Intensity = 0.0; #Success = 4; #Failed = 21; #Dropped = 0
Target Time = 154.5; Load Intensity = 0.0; #Success = 1; #Failed = 15; #Dropped = 0
Target Time = 155.5; Load Intensity = 0.0; #Success = 0; #Failed = 2; #Dropped = 0
Target Time = 156.5; Load Intensity = 0.0; #Success = 0; #Failed = 2; #Dropped = 0
Target Time = 157.5; Load Intensity = 0.0; #Success = 0; #Failed = 0; #Dropped = 0
  └─ [aspire:nic] end 01:12:23
Target Time = 158.5; Load Intensity = 0.0; #Success = 1; #Failed = 0; #Dropped = 0
  └─ [aspire:cpu] end 01:12:24
Target Time = 159.5; Load Intensity = 0.0; #Success = 0; #Failed = 0; #Dropped = 0
  └─ [aspire:ram] end 01:12:25
Target Time = 160.5; Load Intensity = 0.0; #Success = 0; #Failed = 0; #Dropped = 0
  └─ [scorpius:nic] end 01:12:27
Target Time = 161.5; Load Intensity = 0.0; #Success = 1; #Failed = 0; #Dropped = 0
Target Time = 162.5; Load Intensity = 0.0; #Success = 1; #Failed = 1; #Dropped = 0
Target Time = 163.5; Load Intensity = 0.0; #Success = 0; #Failed = 2; #Dropped = 0
Target Time = 164.5; Load Intensity = 0.0; #Success = 0; #Failed = 3; #Dropped = 0
Target Time = 165.5; Load Intensity = 0.0; #Success = 0; #Failed = 2; #Dropped = 0
Target Time = 166.5; Load Intensity = 0.0; #Success = 0; #Failed = 0; #Dropped = 0
Target Time = 167.5; Load Intensity = 0.0; #Success = 0; #Failed = 0; #Dropped = 0
Target Time = 168.5; Load Intensity = 0.0; #Success = 0; #Failed = 0; #Dropped = 0
Target Time = 169.5; Load Intensity = 0.0; #Success = 0; #Failed = 0; #Dropped = 0
  └─ [leo:cpu] end 01:12:35
Target Time = 170.5; Load Intensity = 0.0; #Success = 0; #Failed = 0; #Dropped = 0
Target Time = 171.5; Load Intensity = 0.0; #Success = 0; #Failed = 0; #Dropped = 0
Target Time = 172.5; Load Intensity = 0.0; #Success = 0; #Failed = 0; #Dropped = 0
Target Time = 173.5; Load Intensity = 0.0; #Success = 1; #Failed = 0; #Dropped = 0
  └─ [scorpius:cpu] end 01:12:39
  └─ [scorpius:ram] end 01:12:39
  └─ [scorpius:sd] end 01:12:39
  └─ [leo:ram] end 01:12:40
  └─ [leo:sd] end 01:12:40
=== Bloque 145s terminado - Fase: fase3_carga_low_iter5 ===
[🧹] Limpiando CSVs internos de ecofloc en cada nodo (fase: fase3_carga_low_iter5)...
  ✔ [nitro5:cpu] limpiado /home/luish/Documents/p3/ecofloc2/ecofloc/ecofloc-cpu/ECOFLOC_CPU_COMM_text.csv
  ✔ [nitro5:nic] limpiado /home/luish/Documents/p3/ecofloc2/ecofloc/ecofloc-nic/ECOFLOC_NIC_COMM_text.csv
  ✔ [nitro5:ram] limpiado /home/luish/Documents/p3/ecofloc2/ecofloc/ecofloc-ram/ECOFLOC_RAM_COMM_text.csv
  ✔ [nitro5:sd] limpiado /home/luish/Documents/p3/ecofloc2/ecofloc/ecofloc-sd/ECOFLOC_SD_COMM_text.csv
  ✔ [leo:cpu] limpiado /home/leo/ecofloc/ecofloc-cpu/ECOFLOC_CPU_COMM_text.csv
  ✔ [leo:nic] limpiado /home/leo/ecofloc/ecofloc-nic/ECOFLOC_NIC_COMM_text.csv
  ✔ [leo:ram] limpiado /home/leo/ecofloc/ecofloc-ram/ECOFLOC_RAM_COMM_text.csv
  ✔ [leo:sd] limpiado /home/leo/ecofloc/ecofloc-sd/ECOFLOC_SD_COMM_text.csv
  ✔ [aspire:cpu] limpiado /home/luish/Documents/p3/ecofloc2/ecofloc/ecofloc-cpu/ECOFLOC_CPU_COMM_text.csv
  ✔ [aspire:nic] limpiado /home/luish/Documents/p3/ecofloc2/ecofloc/ecofloc-nic/ECOFLOC_NIC_COMM_text.csv
  ✔ [aspire:ram] limpiado /home/luish/Documents/p3/ecofloc2/ecofloc/ecofloc-ram/ECOFLOC_RAM_COMM_text.csv
  ✔ [aspire:sd] limpiado /home/luish/Documents/p3/ecofloc2/ecofloc/ecofloc-sd/ECOFLOC_SD_COMM_text.csv
  ✔ [scorpius:cpu] limpiado /home/scorpius03/Documents/ecofloc/ecofloc-cpu/ECOFLOC_CPU_COMM_text.csv
Workload finished.
Log finished.
📄 LIMBO finalizado para scenario=low
⏳ [01:12:44] Esperando que termine medición: fase3_carga_low_iter5 (PID: 3878076)
  ✔ [scorpius:nic] limpiado /home/scorpius03/Documents/ecofloc/ecofloc-nic/ECOFLOC_NIC_COMM_text.csv
  ✔ [scorpius:ram] limpiado /home/scorpius03/Documents/ecofloc/ecofloc-ram/ECOFLOC_RAM_COMM_text.csv
  ✔ [scorpius:sd] limpiado /home/scorpius03/Documents/ecofloc/ecofloc-sd/ECOFLOC_SD_COMM_text.csv
========================================
🔋 MEASURE ENERGY FINALIZADO
   Fase: fase3_carga_low_iter5
========================================
✔️ [01:12:45] Medición fase3_carga_low_iter5 completada
[📦] Archivando resultados → ./historyexecutions/exp(01:12:50)_fase3_low_iter5
[✔] Archivado: ./historyexecutions/exp(01:12:50)_fase3_low_iter5
🧹 Limpiando TeaStore (iter 5)...
⏸ Esperando 15s para limpieza completa...
✅ Iteración 5 / 15 del escenario low completada.

########################################################
🔄 ESCENARIO: low | ITERACIÓN: 6 / 15
   Hora: 01:13:38
########################################################
========================================
🔋 FASE 1: Descarga de imágenes (low, iter 6)
========================================
📋 Capturando PIDs (gepidstea.sh)...
📋 Capturando PIDs de contenedores (kpsnodos.sh)...
🔋 [01:13:57] Iniciando medición de energía: fase1_descarga_low_iter6 (25s)
   PID de medición: 34857
🚀 Desplegando TeaStore desde /home/luish/Documents/death/teastore/TeaStore/examples/kubernetes/teastore-energy-scheduler.yaml...
========================================
🔋 MEASURE ENERGY - Fase: fase1_descarga_low_iter6
   Duración: 25s
   PID: 34857
========================================
=== Medición bloque 25s - Fase: fase1_descarga_low_iter6 ===
[⏱ 01:13:57] Iniciando ecofloc en nitro5 por 25s (fase: fase1_descarga_low_iter6)
⏳ Esperando a que todos los pods de TeaStore estén Running y Ready...
  ├─ [nitro5:sd] start 01:13:57
  ├─ [nitro5:ram] start 01:13:57
  ├─ [nitro5:nic] start 01:13:58
[⏱ 01:13:58] Iniciando ecofloc en aspire por 25s (fase: fase1_descarga_low_iter6)
  ├─ [nitro5:cpu] start 01:13:58
  ├─ [aspire:sd] start 01:13:58
  ├─ [aspire:ram] start 01:13:58
[⏱ 01:13:58] Iniciando ecofloc en scorpius por 25s (fase: fase1_descarga_low_iter6)
  ├─ [aspire:cpu] start 01:13:58
  ├─ [aspire:nic] start 01:13:58
  ├─ [scorpius:sd] start 01:13:58
  ├─ [scorpius:ram] start 01:13:58
  ├─ [scorpius:nic] start 01:13:58
[⏱ 01:13:58] Iniciando ecofloc en leo por 25s (fase: fase1_descarga_low_iter6)
  ├─ [scorpius:cpu] start 01:13:58
  ├─ [leo:sd] start 01:13:58
  ├─ [leo:ram] start 01:13:58
  ├─ [leo:cpu] start 01:13:58
  ├─ [leo:nic] start 01:13:58
✅ Pods listos.
⏳ [01:13:59] Esperando que termine medición: fase1_descarga_low_iter6 (PID: 34857)
  └─ [nitro5:sd] end 01:14:22
  └─ [nitro5:ram] end 01:14:22
  └─ [nitro5:nic] end 01:14:23
  └─ [nitro5:cpu] end 01:14:23
  └─ [aspire:sd] end 01:14:24
  └─ [aspire:cpu] end 01:14:24
  └─ [leo:cpu] end 01:14:24
  └─ [scorpius:cpu] end 01:14:24
  └─ [scorpius:sd] end 01:14:25
  └─ [leo:sd] end 01:14:25
  └─ [scorpius:nic] end 01:14:25
  └─ [aspire:nic] end 01:14:25
  └─ [aspire:ram] end 01:14:25
  └─ [leo:nic] end 01:14:25
  └─ [leo:ram] end 01:14:25
  └─ [scorpius:ram] end 01:14:25
=== Bloque 25s terminado - Fase: fase1_descarga_low_iter6 ===
[🧹] Limpiando CSVs internos de ecofloc en cada nodo (fase: fase1_descarga_low_iter6)...
  ✔ [nitro5:cpu] limpiado /home/luish/Documents/p3/ecofloc2/ecofloc/ecofloc-cpu/ECOFLOC_CPU_COMM_text.csv
  ✔ [nitro5:nic] limpiado /home/luish/Documents/p3/ecofloc2/ecofloc/ecofloc-nic/ECOFLOC_NIC_COMM_text.csv
  ✔ [nitro5:ram] limpiado /home/luish/Documents/p3/ecofloc2/ecofloc/ecofloc-ram/ECOFLOC_RAM_COMM_text.csv
  ✔ [nitro5:sd] limpiado /home/luish/Documents/p3/ecofloc2/ecofloc/ecofloc-sd/ECOFLOC_SD_COMM_text.csv
  ✔ [leo:cpu] limpiado /home/leo/ecofloc/ecofloc-cpu/ECOFLOC_CPU_COMM_text.csv
  ✔ [leo:nic] limpiado /home/leo/ecofloc/ecofloc-nic/ECOFLOC_NIC_COMM_text.csv
  ✔ [leo:ram] limpiado /home/leo/ecofloc/ecofloc-ram/ECOFLOC_RAM_COMM_text.csv
  ✔ [leo:sd] limpiado /home/leo/ecofloc/ecofloc-sd/ECOFLOC_SD_COMM_text.csv
  ✔ [aspire:cpu] limpiado /home/luish/Documents/p3/ecofloc2/ecofloc/ecofloc-cpu/ECOFLOC_CPU_COMM_text.csv
  ✔ [aspire:nic] limpiado /home/luish/Documents/p3/ecofloc2/ecofloc/ecofloc-nic/ECOFLOC_NIC_COMM_text.csv
  ✔ [aspire:ram] limpiado /home/luish/Documents/p3/ecofloc2/ecofloc/ecofloc-ram/ECOFLOC_RAM_COMM_text.csv
  ✔ [aspire:sd] limpiado /home/luish/Documents/p3/ecofloc2/ecofloc/ecofloc-sd/ECOFLOC_SD_COMM_text.csv
  ✔ [scorpius:cpu] limpiado /home/scorpius03/Documents/ecofloc/ecofloc-cpu/ECOFLOC_CPU_COMM_text.csv
  ✔ [scorpius:nic] limpiado /home/scorpius03/Documents/ecofloc/ecofloc-nic/ECOFLOC_NIC_COMM_text.csv
  ✔ [scorpius:ram] limpiado /home/scorpius03/Documents/ecofloc/ecofloc-ram/ECOFLOC_RAM_COMM_text.csv
  ✔ [scorpius:sd] limpiado /home/scorpius03/Documents/ecofloc/ecofloc-sd/ECOFLOC_SD_COMM_text.csv
========================================
🔋 MEASURE ENERGY FINALIZADO
   Fase: fase1_descarga_low_iter6
========================================
✔️ [01:14:29] Medición fase1_descarga_low_iter6 completada
[📦] Archivando resultados → ./historyexecutions/exp(01:14:34)_fase1_low_iter6
[✔] Archivado: ./historyexecutions/exp(01:14:34)_fase1_low_iter6
========================================
🔋 FASE 2: Preparación de servicios (low, iter 6)
========================================
📋 Capturando PIDs (gepidstea.sh)...
📋 Capturando PIDs de contenedores (kpsnodos.sh)...
🔋 [01:14:53] Iniciando medición de energía: fase2_preparacion_low_iter6 (50s)
   PID de medición: 96971
========================================
🔋 MEASURE ENERGY - Fase: fase2_preparacion_low_iter6
   Duración: 50s
   PID: 96971
========================================
=== Medición bloque 50s - Fase: fase2_preparacion_low_iter6 ===
[⏱ 01:14:53] Iniciando ecofloc en nitro5 por 50s (fase: fase2_preparacion_low_iter6)
⏳ Esperando 10s a que CoreDNS se estabilice...
  ├─ [nitro5:sd] start 01:14:53
  ├─ [nitro5:ram] start 01:14:54
  ├─ [nitro5:nic] start 01:14:54
[⏱ 01:14:55] Iniciando ecofloc en aspire por 50s (fase: fase2_preparacion_low_iter6)
  ├─ [nitro5:cpu] start 01:14:55
  ├─ [aspire:ram] start 01:14:55
[⏱ 01:14:55] Iniciando ecofloc en scorpius por 50s (fase: fase2_preparacion_low_iter6)
  ├─ [aspire:sd] start 01:14:55
  ├─ [aspire:nic] start 01:14:55
  ├─ [aspire:cpu] start 01:14:55
  ├─ [scorpius:sd] start 01:14:55
  ├─ [scorpius:nic] start 01:14:55
  ├─ [scorpius:ram] start 01:14:55
[⏱ 01:14:55] Iniciando ecofloc en leo por 50s (fase: fase2_preparacion_low_iter6)
  ├─ [leo:sd] start 01:14:55
  ├─ [scorpius:cpu] start 01:14:55
  ├─ [leo:ram] start 01:14:55
  ├─ [leo:nic] start 01:14:55
  ├─ [leo:cpu] start 01:14:55
➡️ Pod WebUI: teastore-webui-ff7768544-hnj7z
➡️ Está en el nodo: luish-nitro-an515-57
🌐 IP del nodo WebUI: 192.168.18.27
⏳ Verificando estado del TeaStore en http://192.168.18.27:30080/tools.descartes.teastore.webui/status ...
   ➤ Estado actual: 5 / 5 servicios OK
✔ TODOS los servicios del TeaStore están OK. Continuando...
⏳ [01:15:06] Esperando que termine medición: fase2_preparacion_low_iter6 (PID: 96971)
  └─ [nitro5:sd] end 01:15:43
  └─ [nitro5:ram] end 01:15:44
  └─ [nitro5:nic] end 01:15:44
  └─ [nitro5:cpu] end 01:15:45
  └─ [aspire:cpu] end 01:15:45
  └─ [aspire:sd] end 01:15:46
  └─ [leo:sd] end 01:15:46
  └─ [scorpius:sd] end 01:15:46
  └─ [scorpius:cpu] end 01:15:46
  └─ [leo:cpu] end 01:15:46
  └─ [aspire:nic] end 01:15:46
  └─ [leo:nic] end 01:15:46
  └─ [aspire:ram] end 01:15:46
  └─ [leo:ram] end 01:15:47
  └─ [scorpius:nic] end 01:15:47
  └─ [scorpius:ram] end 01:15:47
=== Bloque 50s terminado - Fase: fase2_preparacion_low_iter6 ===
[🧹] Limpiando CSVs internos de ecofloc en cada nodo (fase: fase2_preparacion_low_iter6)...
  ✔ [nitro5:cpu] limpiado /home/luish/Documents/p3/ecofloc2/ecofloc/ecofloc-cpu/ECOFLOC_CPU_COMM_text.csv
  ✔ [nitro5:nic] limpiado /home/luish/Documents/p3/ecofloc2/ecofloc/ecofloc-nic/ECOFLOC_NIC_COMM_text.csv
  ✔ [nitro5:ram] limpiado /home/luish/Documents/p3/ecofloc2/ecofloc/ecofloc-ram/ECOFLOC_RAM_COMM_text.csv
  ✔ [nitro5:sd] limpiado /home/luish/Documents/p3/ecofloc2/ecofloc/ecofloc-sd/ECOFLOC_SD_COMM_text.csv
  ✔ [leo:cpu] limpiado /home/leo/ecofloc/ecofloc-cpu/ECOFLOC_CPU_COMM_text.csv
  ✔ [leo:nic] limpiado /home/leo/ecofloc/ecofloc-nic/ECOFLOC_NIC_COMM_text.csv
  ✔ [leo:ram] limpiado /home/leo/ecofloc/ecofloc-ram/ECOFLOC_RAM_COMM_text.csv
  ✔ [leo:sd] limpiado /home/leo/ecofloc/ecofloc-sd/ECOFLOC_SD_COMM_text.csv
  ✔ [aspire:cpu] limpiado /home/luish/Documents/p3/ecofloc2/ecofloc/ecofloc-cpu/ECOFLOC_CPU_COMM_text.csv
  ✔ [aspire:nic] limpiado /home/luish/Documents/p3/ecofloc2/ecofloc/ecofloc-nic/ECOFLOC_NIC_COMM_text.csv
  ✔ [aspire:ram] limpiado /home/luish/Documents/p3/ecofloc2/ecofloc/ecofloc-ram/ECOFLOC_RAM_COMM_text.csv
  ✔ [aspire:sd] limpiado /home/luish/Documents/p3/ecofloc2/ecofloc/ecofloc-sd/ECOFLOC_SD_COMM_text.csv
  ✔ [scorpius:cpu] limpiado /home/scorpius03/Documents/ecofloc/ecofloc-cpu/ECOFLOC_CPU_COMM_text.csv
  ✔ [scorpius:nic] limpiado /home/scorpius03/Documents/ecofloc/ecofloc-nic/ECOFLOC_NIC_COMM_text.csv
  ✔ [scorpius:ram] limpiado /home/scorpius03/Documents/ecofloc/ecofloc-ram/ECOFLOC_RAM_COMM_text.csv
  ✔ [scorpius:sd] limpiado /home/scorpius03/Documents/ecofloc/ecofloc-sd/ECOFLOC_SD_COMM_text.csv
========================================
🔋 MEASURE ENERGY FINALIZADO
   Fase: fase2_preparacion_low_iter6
========================================
✔️ [01:15:51] Medición fase2_preparacion_low_iter6 completada
[📦] Archivando resultados → ./historyexecutions/exp(01:15:56)_fase2_low_iter6
[✔] Archivado: ./historyexecutions/exp(01:15:56)_fase2_low_iter6
========================================
🔋 FASE 3: Ejecución de carga (low, iter 6)
========================================
📋 Capturando PIDs (gepidstea.sh)...
📋 Capturando PIDs de contenedores (kpsnodos.sh)...
🔋 [01:16:14] Iniciando medición de energía: fase3_carga_low_iter6 (145s)
   PID de medición: 237224
=== Escenario low (iter 6) ===
========================================
🔋 MEASURE ENERGY - Fase: fase3_carga_low_iter6
   Duración: 145s
   PID: 237224
========================================
=== Medición bloque 145s - Fase: fase3_carga_low_iter6 ===
🚀 Iniciando LIMBO con profile=/home/luish/Documents/death/teastore/TeaStore/examples/httploadgenerator/increasingLowIntensity.csv y script=/home/luish/Documents/death/teastore/TeaStore/examples/httploadgenerator/teastore_buy.lua
[⏱ 01:16:14] Iniciando ecofloc en nitro5 por 145s (fase: fase3_carga_low_iter6)
Feb 26, 2026 1:16:14 AM tools.descartes.dlim.httploadgenerator.runner.Director executeDirector
WARNING: No power measurements
Feb 26, 2026 1:16:14 AM tools.descartes.dlim.httploadgenerator.runner.Director executeDirector
INFO: Load Generator Thread Count set to 64
Feb 26, 2026 1:16:14 AM tools.descartes.dlim.httploadgenerator.runner.Director executeDirector
INFO: URL connection timout set to 30000 ms
Feb 26, 2026 1:16:14 AM tools.descartes.dlim.httploadgenerator.runner.Director executeDirector
INFO: Using Lua Script: /home/luish/Documents/death/teastore/TeaStore/examples/httploadgenerator/teastore_buy.lua
Feb 26, 2026 1:16:14 AM tools.descartes.dlim.httploadgenerator.runner.Director process
INFO: Read 120 Arrival Rate Tuples
Load Generator sent: ok
Feb 26, 2026 1:16:14 AM tools.descartes.dlim.httploadgenerator.runner.Director process
INFO: Arrival Rates sent to Load Generator(s).
Load Generator sent: ok
Feb 26, 2026 1:16:14 AM tools.descartes.dlim.httploadgenerator.runner.Director process
INFO: Thread Count sent to Load Generator(s): 64
Load Generator sent: ok
Feb 26, 2026 1:16:14 AM tools.descartes.dlim.httploadgenerator.runner.Director process
INFO: URL connection timeout sent to Load Generator(s): 30000
Load Generator sent: ok
Feb 26, 2026 1:16:14 AM tools.descartes.dlim.httploadgenerator.runner.Director process
INFO: Contents of script sent to Load Generator: /home/luish/Documents/death/teastore/TeaStore/examples/httploadgenerator/teastore_buy.lua
Feb 26, 2026 1:16:14 AM tools.descartes.dlim.httploadgenerator.runner.Director process
INFO: Starting Load Generation
Beginning Run @1772086574431(26.02.2026;01:16:14431)
Target Time = 0.5; Load Intensity = 0.0; #Success = 0; #Failed = 0; #Dropped = 0
  ├─ [nitro5:sd] start 01:16:14
  ├─ [nitro5:ram] start 01:16:15
  ├─ [nitro5:nic] start 01:16:15
[⏱ 01:16:15] Iniciando ecofloc en aspire por 145s (fase: fase3_carga_low_iter6)
  ├─ [nitro5:cpu] start 01:16:15
  ├─ [aspire:sd] start 01:16:15
  ├─ [aspire:ram] start 01:16:15
[⏱ 01:16:15] Iniciando ecofloc en scorpius por 145s (fase: fase3_carga_low_iter6)
  ├─ [aspire:nic] start 01:16:15
  ├─ [scorpius:sd] start 01:16:15
  ├─ [aspire:cpu] start 01:16:15
  ├─ [scorpius:ram] start 01:16:15
[⏱ 01:16:15] Iniciando ecofloc en leo por 145s (fase: fase3_carga_low_iter6)
  ├─ [scorpius:nic] start 01:16:15
  ├─ [scorpius:cpu] start 01:16:15
  ├─ [leo:sd] start 01:16:15
  ├─ [leo:ram] start 01:16:15
  ├─ [leo:cpu] start 01:16:15
  ├─ [leo:nic] start 01:16:15
Target Time = 1.5; Load Intensity = 1.0; #Success = 0; #Failed = 0; #Dropped = 0
Target Time = 2.5; Load Intensity = 2.0; #Success = 0; #Failed = 0; #Dropped = 0
Target Time = 3.5; Load Intensity = 2.0; #Success = 5; #Failed = 0; #Dropped = 0
Target Time = 4.5; Load Intensity = 3.0; #Success = 3; #Failed = 0; #Dropped = 0
Target Time = 5.5; Load Intensity = 4.0; #Success = 4; #Failed = 0; #Dropped = 0
Target Time = 6.5; Load Intensity = 5.0; #Success = 5; #Failed = 0; #Dropped = 0
Target Time = 7.5; Load Intensity = 6.0; #Success = 6; #Failed = 0; #Dropped = 0
Target Time = 8.5; Load Intensity = 7.0; #Success = 7; #Failed = 0; #Dropped = 0
Target Time = 9.5; Load Intensity = 7.0; #Success = 7; #Failed = 0; #Dropped = 0
Target Time = 10.5; Load Intensity = 8.0; #Success = 7; #Failed = 0; #Dropped = 0
Target Time = 11.5; Load Intensity = 9.0; #Success = 10; #Failed = 0; #Dropped = 0
Target Time = 12.5; Load Intensity = 10.0; #Success = 10; #Failed = 0; #Dropped = 0
Target Time = 13.5; Load Intensity = 11.0; #Success = 0; #Failed = 0; #Dropped = 0
Target Time = 14.5; Load Intensity = 12.0; #Success = 20; #Failed = 0; #Dropped = 0
Target Time = 15.5; Load Intensity = 12.0; #Success = 12; #Failed = 0; #Dropped = 0
Target Time = 16.5; Load Intensity = 13.0; #Success = 16; #Failed = 0; #Dropped = 0
Target Time = 17.5; Load Intensity = 14.0; #Success = 14; #Failed = 0; #Dropped = 0
Target Time = 18.5; Load Intensity = 15.0; #Success = 2; #Failed = 0; #Dropped = 0
Target Time = 19.5; Load Intensity = 16.0; #Success = 0; #Failed = 0; #Dropped = 0
Target Time = 20.5; Load Intensity = 17.0; #Success = 0; #Failed = 0; #Dropped = 0
Target Time = 21.5; Load Intensity = 17.0; #Success = 0; #Failed = 0; #Dropped = 0
Target Time = 22.5; Load Intensity = 18.0; #Success = 25; #Failed = 0; #Dropped = 0
Target Time = 23.5; Load Intensity = 19.0; #Success = 9; #Failed = 0; #Dropped = 0
Target Time = 24.5; Load Intensity = 20.0; #Success = 25; #Failed = 0; #Dropped = 0
Target Time = 25.5; Load Intensity = 21.0; #Success = 0; #Failed = 0; #Dropped = 0
Target Time = 26.5; Load Intensity = 22.0; #Success = 0; #Failed = 0; #Dropped = 0
Target Time = 27.5; Load Intensity = 22.0; #Success = 0; #Failed = 0; #Dropped = 0
Target Time = 28.5; Load Intensity = 23.0; #Success = 0; #Failed = 0; #Dropped = 0
Target Time = 29.5; Load Intensity = 24.0; #Success = 0; #Failed = 13; #Dropped = 0
Target Time = 30.5; Load Intensity = 25.0; #Success = 0; #Failed = 0; #Dropped = 0
Target Time = 31.5; Load Intensity = 26.0; #Success = 0; #Failed = 0; #Dropped = 0
Target Time = 32.5; Load Intensity = 27.0; #Success = 0; #Failed = 0; #Dropped = 0
Target Time = 33.5; Load Intensity = 27.0; #Success = 0; #Failed = 5; #Dropped = 0
Target Time = 34.5; Load Intensity = 28.0; #Success = 0; #Failed = 29; #Dropped = 0
Target Time = 35.5; Load Intensity = 29.0; #Success = 0; #Failed = 5; #Dropped = 0
Target Time = 36.5; Load Intensity = 30.0; #Success = 0; #Failed = 0; #Dropped = 0
Target Time = 37.5; Load Intensity = 31.0; #Success = 0; #Failed = 17; #Dropped = 0
Target Time = 38.5; Load Intensity = 32.0; #Success = 0; #Failed = 0; #Dropped = 0
Target Time = 39.5; Load Intensity = 32.0; #Success = 0; #Failed = 1; #Dropped = 0
Target Time = 40.5; Load Intensity = 33.0; #Success = 0; #Failed = 0; #Dropped = 0
Target Time = 41.5; Load Intensity = 34.0; #Success = 0; #Failed = 7; #Dropped = 0
Target Time = 42.5; Load Intensity = 35.0; #Success = 0; #Failed = 5; #Dropped = 0
Target Time = 43.5; Load Intensity = 36.0; #Success = 0; #Failed = 0; #Dropped = 0
Target Time = 44.5; Load Intensity = 37.0; #Success = 0; #Failed = 18; #Dropped = 0
Target Time = 45.5; Load Intensity = 37.0; #Success = 0; #Failed = 3; #Dropped = 0
Target Time = 46.5; Load Intensity = 38.0; #Success = 0; #Failed = 1; #Dropped = 0
Target Time = 47.5; Load Intensity = 39.0; #Success = 0; #Failed = 8; #Dropped = 0
Target Time = 48.5; Load Intensity = 40.0; #Success = 0; #Failed = 0; #Dropped = 0
Target Time = 49.5; Load Intensity = 41.0; #Success = 0; #Failed = 13; #Dropped = 0
Target Time = 50.5; Load Intensity = 42.0; #Success = 0; #Failed = 13; #Dropped = 0
Target Time = 51.5; Load Intensity = 42.0; #Success = 0; #Failed = 4; #Dropped = 0
Target Time = 52.5; Load Intensity = 43.0; #Success = 3; #Failed = 0; #Dropped = 0
Target Time = 53.5; Load Intensity = 44.0; #Success = 4; #Failed = 0; #Dropped = 0
Target Time = 54.5; Load Intensity = 45.0; #Success = 0; #Failed = 0; #Dropped = 0
Target Time = 55.5; Load Intensity = 46.0; #Success = 1; #Failed = 0; #Dropped = 0
Target Time = 56.5; Load Intensity = 47.0; #Success = 0; #Failed = 10; #Dropped = 0
Target Time = 57.5; Load Intensity = 47.0; #Success = 0; #Failed = 0; #Dropped = 0
Target Time = 58.5; Load Intensity = 48.0; #Success = 0; #Failed = 21; #Dropped = 0
Target Time = 59.5; Load Intensity = 49.0; #Success = 0; #Failed = 0; #Dropped = 0
Target Time = 60.5; Load Intensity = 50.0; #Success = 0; #Failed = 0; #Dropped = 0
Target Time = 61.5; Load Intensity = 51.0; #Success = 0; #Failed = 2; #Dropped = 0
Target Time = 62.5; Load Intensity = 52.0; #Success = 0; #Failed = 6; #Dropped = 0
Target Time = 63.5; Load Intensity = 52.0; #Success = 0; #Failed = 5; #Dropped = 0
Target Time = 64.5; Load Intensity = 53.0; #Success = 2; #Failed = 2; #Dropped = 47
Target Time = 65.5; Load Intensity = 54.0; #Success = 0; #Failed = 1; #Dropped = 11
Target Time = 66.5; Load Intensity = 55.0; #Success = 1; #Failed = 17; #Dropped = 31
Target Time = 67.5; Load Intensity = 56.0; #Success = 0; #Failed = 0; #Dropped = 0
Target Time = 68.5; Load Intensity = 57.0; #Success = 0; #Failed = 0; #Dropped = 0
Target Time = 69.5; Load Intensity = 57.0; #Success = 0; #Failed = 15; #Dropped = 83
Target Time = 70.5; Load Intensity = 58.0; #Success = 0; #Failed = 24; #Dropped = 8
Target Time = 71.5; Load Intensity = 59.0; #Success = 0; #Failed = 14; #Dropped = 21
Target Time = 72.5; Load Intensity = 60.0; #Success = 0; #Failed = 0; #Dropped = 0
Target Time = 73.5; Load Intensity = 61.0; #Success = 0; #Failed = 5; #Dropped = 27
Target Time = 74.5; Load Intensity = 62.0; #Success = 0; #Failed = 4; #Dropped = 32
Target Time = 75.5; Load Intensity = 62.0; #Success = 0; #Failed = 8; #Dropped = 32
Target Time = 76.5; Load Intensity = 63.0; #Success = 0; #Failed = 17; #Dropped = 29
Target Time = 77.5; Load Intensity = 64.0; #Success = 0; #Failed = 14; #Dropped = 21
Target Time = 78.5; Load Intensity = 65.0; #Success = 0; #Failed = 15; #Dropped = 53
Target Time = 79.5; Load Intensity = 66.0; #Success = 0; #Failed = 0; #Dropped = 0
Target Time = 80.5; Load Intensity = 67.0; #Success = 0; #Failed = 6; #Dropped = 77
Target Time = 81.5; Load Intensity = 67.0; #Success = 0; #Failed = 20; #Dropped = 34
Target Time = 82.5; Load Intensity = 68.0; #Success = 0; #Failed = 15; #Dropped = 0
Target Time = 83.5; Load Intensity = 69.0; #Success = 0; #Failed = 9; #Dropped = 13
Target Time = 84.5; Load Intensity = 70.0; #Success = 0; #Failed = 0; #Dropped = 0
Target Time = 85.5; Load Intensity = 71.0; #Success = 0; #Failed = 0; #Dropped = 0
Target Time = 86.5; Load Intensity = 72.0; #Success = 0; #Failed = 10; #Dropped = 165
Target Time = 87.5; Load Intensity = 72.0; #Success = 1; #Failed = 14; #Dropped = 37
Target Time = 88.5; Load Intensity = 73.0; #Success = 0; #Failed = 0; #Dropped = 0
Target Time = 89.5; Load Intensity = 74.0; #Success = 0; #Failed = 4; #Dropped = 42
Target Time = 90.5; Load Intensity = 75.0; #Success = 0; #Failed = 9; #Dropped = 46
Target Time = 91.5; Load Intensity = 76.0; #Success = 0; #Failed = 7; #Dropped = 45
Target Time = 92.5; Load Intensity = 77.0; #Success = 0; #Failed = 4; #Dropped = 42
Target Time = 93.5; Load Intensity = 77.0; #Success = 0; #Failed = 17; #Dropped = 52
Target Time = 94.5; Load Intensity = 78.0; #Success = 0; #Failed = 0; #Dropped = 0
Target Time = 95.5; Load Intensity = 79.0; #Success = 0; #Failed = 5; #Dropped = 82
Target Time = 96.5; Load Intensity = 80.0; #Success = 0; #Failed = 32; #Dropped = 76
Target Time = 97.5; Load Intensity = 81.0; #Success = 0; #Failed = 3; #Dropped = 48
Target Time = 98.5; Load Intensity = 82.0; #Success = 0; #Failed = 15; #Dropped = 1
Target Time = 99.5; Load Intensity = 82.0; #Success = 0; #Failed = 3; #Dropped = 46
Target Time = 100.5; Load Intensity = 83.0; #Success = 1; #Failed = 4; #Dropped = 49
Target Time = 101.5; Load Intensity = 84.0; #Success = 0; #Failed = 2; #Dropped = 54
Target Time = 102.5; Load Intensity = 85.0; #Success = 0; #Failed = 9; #Dropped = 61
Target Time = 103.5; Load Intensity = 86.0; #Success = 0; #Failed = 8; #Dropped = 54
Target Time = 104.5; Load Intensity = 87.0; #Success = 0; #Failed = 11; #Dropped = 53
Target Time = 105.5; Load Intensity = 87.0; #Success = 1; #Failed = 3; #Dropped = 84
Target Time = 106.5; Load Intensity = 88.0; #Success = 2; #Failed = 1; #Dropped = 74
Target Time = 107.5; Load Intensity = 89.0; #Success = 1; #Failed = 0; #Dropped = 60
Target Time = 108.5; Load Intensity = 90.0; #Success = 2; #Failed = 0; #Dropped = 31
Target Time = 109.5; Load Intensity = 91.0; #Success = 1; #Failed = 16; #Dropped = 79
Target Time = 110.5; Load Intensity = 92.0; #Success = 3; #Failed = 1; #Dropped = 43
Target Time = 111.5; Load Intensity = 92.0; #Success = 2; #Failed = 3; #Dropped = 62
Target Time = 112.5; Load Intensity = 93.0; #Success = 3; #Failed = 1; #Dropped = 88
Target Time = 113.5; Load Intensity = 94.0; #Success = 0; #Failed = 1; #Dropped = 27
Target Time = 114.5; Load Intensity = 95.0; #Success = 2; #Failed = 1; #Dropped = 75
Target Time = 115.5; Load Intensity = 96.0; #Success = 1; #Failed = 21; #Dropped = 73
Target Time = 116.5; Load Intensity = 97.0; #Success = 3; #Failed = 2; #Dropped = 80
Target Time = 117.5; Load Intensity = 97.0; #Success = 0; #Failed = 2; #Dropped = 28
Target Time = 118.5; Load Intensity = 98.0; #Success = 1; #Failed = 11; #Dropped = 86
Target Time = 119.5; Load Intensity = 99.0; #Success = 0; #Failed = 4; #Dropped = 25
Target Time = 120.5; Load Intensity = 0.0; #Success = 0; #Failed = 5; #Dropped = 86
Target Time = 121.5; Load Intensity = 0.0; #Success = 0; #Failed = 8; #Dropped = 67
Target Time = 122.5; Load Intensity = 0.0; #Success = 0; #Failed = 0; #Dropped = 0
Target Time = 123.5; Load Intensity = 0.0; #Success = 0; #Failed = 3; #Dropped = 127
Target Time = 124.5; Load Intensity = 0.0; #Success = 1; #Failed = 7; #Dropped = 116
Target Time = 125.5; Load Intensity = 0.0; #Success = 0; #Failed = 0; #Dropped = 0
Target Time = 126.5; Load Intensity = 0.0; #Success = 0; #Failed = 0; #Dropped = 0
Target Time = 127.5; Load Intensity = 0.0; #Success = 0; #Failed = 11; #Dropped = 227
Target Time = 128.5; Load Intensity = 0.0; #Success = 0; #Failed = 4; #Dropped = 71
Target Time = 129.5; Load Intensity = 0.0; #Success = 0; #Failed = 12; #Dropped = 73
Target Time = 130.5; Load Intensity = 0.0; #Success = 0; #Failed = 22; #Dropped = 81
Target Time = 131.5; Load Intensity = 0.0; #Success = 0; #Failed = 8; #Dropped = 53
Target Time = 132.5; Load Intensity = 0.0; #Success = 0; #Failed = 4; #Dropped = 80
Target Time = 133.5; Load Intensity = 0.0; #Success = 0; #Failed = 7; #Dropped = 81
Target Time = 134.5; Load Intensity = 0.0; #Success = 0; #Failed = 6; #Dropped = 66
Target Time = 135.5; Load Intensity = 0.0; #Success = 0; #Failed = 10; #Dropped = 80
Target Time = 136.5; Load Intensity = 0.0; #Success = 0; #Failed = 3; #Dropped = 84
Target Time = 137.5; Load Intensity = 0.0; #Success = 0; #Failed = 20; #Dropped = 99
Target Time = 138.5; Load Intensity = 0.0; #Success = 0; #Failed = 11; #Dropped = 66
Target Time = 139.5; Load Intensity = 0.0; #Success = 0; #Failed = 3; #Dropped = 72
Target Time = 140.5; Load Intensity = 0.0; #Success = 0; #Failed = 6; #Dropped = 95
Target Time = 141.5; Load Intensity = 0.0; #Success = 0; #Failed = 13; #Dropped = 115
Target Time = 142.5; Load Intensity = 0.0; #Success = 0; #Failed = 5; #Dropped = 48
Target Time = 143.5; Load Intensity = 0.0; #Success = 0; #Failed = 12; #Dropped = 116
Target Time = 144.5; Load Intensity = 0.0; #Success = 0; #Failed = 7; #Dropped = 60
  └─ [nitro5:sd] end 01:18:39
Target Time = 145.5; Load Intensity = 0.0; #Success = 0; #Failed = 12; #Dropped = 74
  └─ [nitro5:ram] end 01:18:40
  └─ [nitro5:nic] end 01:18:40
  └─ [nitro5:cpu] end 01:18:40
Target Time = 146.5; Load Intensity = 0.0; #Success = 0; #Failed = 15; #Dropped = 88
Target Time = 147.5; Load Intensity = 0.0; #Success = 0; #Failed = 7; #Dropped = 85
Target Time = 148.5; Load Intensity = 0.0; #Success = 0; #Failed = 10; #Dropped = 84
  └─ [aspire:nic] end 01:18:43
Target Time = 149.5; Load Intensity = 0.0; #Success = 0; #Failed = 10; #Dropped = 105
Target Time = 150.5; Load Intensity = 0.0; #Success = 0; #Failed = 4; #Dropped = 30
Target Time = 151.5; Load Intensity = 0.0; #Success = 0; #Failed = 2; #Dropped = 0
  └─ [aspire:cpu] end 01:18:46
  └─ [aspire:sd] end 01:18:46
Target Time = 152.5; Load Intensity = 0.0; #Success = 0; #Failed = 0; #Dropped = 0
  └─ [aspire:ram] end 01:18:47
Target Time = 153.5; Load Intensity = 0.0; #Success = 0; #Failed = 0; #Dropped = 0
Target Time = 154.5; Load Intensity = 0.0; #Success = 1; #Failed = 0; #Dropped = 0
Target Time = 155.5; Load Intensity = 0.0; #Success = 0; #Failed = 0; #Dropped = 0
Target Time = 156.5; Load Intensity = 0.0; #Success = 0; #Failed = 0; #Dropped = 0
Target Time = 157.5; Load Intensity = 0.0; #Success = 2; #Failed = 0; #Dropped = 0
Target Time = 158.5; Load Intensity = 0.0; #Success = 0; #Failed = 0; #Dropped = 0
Target Time = 159.5; Load Intensity = 0.0; #Success = 7; #Failed = 0; #Dropped = 0
Target Time = 160.5; Load Intensity = 0.0; #Success = 5; #Failed = 0; #Dropped = 0
Target Time = 161.5; Load Intensity = 0.0; #Success = 0; #Failed = 0; #Dropped = 0
Target Time = 162.5; Load Intensity = 0.0; #Success = 15; #Failed = 0; #Dropped = 0
Target Time = 163.5; Load Intensity = 0.0; #Success = 10; #Failed = 0; #Dropped = 0
Target Time = 164.5; Load Intensity = 0.0; #Success = 1; #Failed = 0; #Dropped = 0
Target Time = 165.5; Load Intensity = 0.0; #Success = 0; #Failed = 0; #Dropped = 0
Target Time = 166.5; Load Intensity = 0.0; #Success = 0; #Failed = 0; #Dropped = 0
  └─ [scorpius:nic] end 01:19:01
  └─ [scorpius:cpu] end 01:19:01
Target Time = 167.5; Load Intensity = 0.0; #Success = 3; #Failed = 0; #Dropped = 0
Target Time = 168.5; Load Intensity = 0.0; #Success = 0; #Failed = 0; #Dropped = 0
  └─ [scorpius:ram] end 01:19:03
  └─ [scorpius:sd] end 01:19:03
Target Time = 169.5; Load Intensity = 0.0; #Success = 0; #Failed = 0; #Dropped = 0
Target Time = 170.5; Load Intensity = 0.0; #Success = 2; #Failed = 0; #Dropped = 0
Target Time = 171.5; Load Intensity = 0.0; #Success = 0; #Failed = 0; #Dropped = 0
Target Time = 172.5; Load Intensity = 0.0; #Success = 0; #Failed = 0; #Dropped = 0
Target Time = 173.5; Load Intensity = 0.0; #Success = 0; #Failed = 8; #Dropped = 0
Target Time = 174.5; Load Intensity = 0.0; #Success = 0; #Failed = 1; #Dropped = 0
  └─ [leo:nic] end 01:19:09
Target Time = 175.5; Load Intensity = 0.0; #Success = 3; #Failed = 0; #Dropped = 0
  └─ [leo:cpu] end 01:19:11
  └─ [leo:sd] end 01:19:11
  └─ [leo:ram] end 01:19:11
=== Bloque 145s terminado - Fase: fase3_carga_low_iter6 ===
[🧹] Limpiando CSVs internos de ecofloc en cada nodo (fase: fase3_carga_low_iter6)...
  ✔ [nitro5:cpu] limpiado /home/luish/Documents/p3/ecofloc2/ecofloc/ecofloc-cpu/ECOFLOC_CPU_COMM_text.csv
  ✔ [nitro5:nic] limpiado /home/luish/Documents/p3/ecofloc2/ecofloc/ecofloc-nic/ECOFLOC_NIC_COMM_text.csv
  ✔ [nitro5:ram] limpiado /home/luish/Documents/p3/ecofloc2/ecofloc/ecofloc-ram/ECOFLOC_RAM_COMM_text.csv
  ✔ [nitro5:sd] limpiado /home/luish/Documents/p3/ecofloc2/ecofloc/ecofloc-sd/ECOFLOC_SD_COMM_text.csv
  ✔ [leo:cpu] limpiado /home/leo/ecofloc/ecofloc-cpu/ECOFLOC_CPU_COMM_text.csv
  ✔ [leo:nic] limpiado /home/leo/ecofloc/ecofloc-nic/ECOFLOC_NIC_COMM_text.csv
  ✔ [leo:ram] limpiado /home/leo/ecofloc/ecofloc-ram/ECOFLOC_RAM_COMM_text.csv
  ✔ [leo:sd] limpiado /home/leo/ecofloc/ecofloc-sd/ECOFLOC_SD_COMM_text.csv
  ✔ [aspire:cpu] limpiado /home/luish/Documents/p3/ecofloc2/ecofloc/ecofloc-cpu/ECOFLOC_CPU_COMM_text.csv
  ✔ [aspire:nic] limpiado /home/luish/Documents/p3/ecofloc2/ecofloc/ecofloc-nic/ECOFLOC_NIC_COMM_text.csv
  ✔ [aspire:ram] limpiado /home/luish/Documents/p3/ecofloc2/ecofloc/ecofloc-ram/ECOFLOC_RAM_COMM_text.csv
  ✔ [aspire:sd] limpiado /home/luish/Documents/p3/ecofloc2/ecofloc/ecofloc-sd/ECOFLOC_SD_COMM_text.csv
  ✔ [scorpius:cpu] limpiado /home/scorpius03/Documents/ecofloc/ecofloc-cpu/ECOFLOC_CPU_COMM_text.csv
  ✔ [scorpius:nic] limpiado /home/scorpius03/Documents/ecofloc/ecofloc-nic/ECOFLOC_NIC_COMM_text.csv
  ✔ [scorpius:ram] limpiado /home/scorpius03/Documents/ecofloc/ecofloc-ram/ECOFLOC_RAM_COMM_text.csv
Workload finished.
Log finished.
📄 LIMBO finalizado para scenario=low
⏳ [01:19:14] Esperando que termine medición: fase3_carga_low_iter6 (PID: 237224)
  ✔ [scorpius:sd] limpiado /home/scorpius03/Documents/ecofloc/ecofloc-sd/ECOFLOC_SD_COMM_text.csv
========================================
🔋 MEASURE ENERGY FINALIZADO
   Fase: fase3_carga_low_iter6
========================================
✔️ [01:19:15] Medición fase3_carga_low_iter6 completada
[📦] Archivando resultados → ./historyexecutions/exp(01:19:20)_fase3_low_iter6
[✔] Archivado: ./historyexecutions/exp(01:19:20)_fase3_low_iter6
🧹 Limpiando TeaStore (iter 6)...
⏸ Esperando 15s para limpieza completa...
✅ Iteración 6 / 15 del escenario low completada.

########################################################
🔄 ESCENARIO: low | ITERACIÓN: 7 / 15
   Hora: 01:20:08
########################################################
========================================
🔋 FASE 1: Descarga de imágenes (low, iter 7)
========================================
📋 Capturando PIDs (gepidstea.sh)...
📋 Capturando PIDs de contenedores (kpsnodos.sh)...
🔋 [01:20:25] Iniciando medición de energía: fase1_descarga_low_iter7 (25s)
   PID de medición: 638707
🚀 Desplegando TeaStore desde /home/luish/Documents/death/teastore/TeaStore/examples/kubernetes/teastore-energy-scheduler.yaml...
========================================
🔋 MEASURE ENERGY - Fase: fase1_descarga_low_iter7
   Duración: 25s
   PID: 638707
========================================
=== Medición bloque 25s - Fase: fase1_descarga_low_iter7 ===
[⏱ 01:20:25] Iniciando ecofloc en nitro5 por 25s (fase: fase1_descarga_low_iter7)
⏳ Esperando a que todos los pods de TeaStore estén Running y Ready...
  ├─ [nitro5:sd] start 01:20:25
  ├─ [nitro5:ram] start 01:20:26
  ├─ [nitro5:nic] start 01:20:26
[⏱ 01:20:27] Iniciando ecofloc en aspire por 25s (fase: fase1_descarga_low_iter7)
  ├─ [nitro5:cpu] start 01:20:27
  ├─ [aspire:sd] start 01:20:27
[⏱ 01:20:27] Iniciando ecofloc en scorpius por 25s (fase: fase1_descarga_low_iter7)
  ├─ [aspire:nic] start 01:20:27
  ├─ [aspire:cpu] start 01:20:27
  ├─ [aspire:ram] start 01:20:27
[⏱ 01:20:27] Iniciando ecofloc en leo por 25s (fase: fase1_descarga_low_iter7)
  ├─ [scorpius:ram] start 01:20:27
  ├─ [scorpius:nic] start 01:20:27
  ├─ [scorpius:cpu] start 01:20:27
  ├─ [scorpius:sd] start 01:20:27
  ├─ [leo:sd] start 01:20:27
  ├─ [leo:nic] start 01:20:27
  ├─ [leo:ram] start 01:20:27
  ├─ [leo:cpu] start 01:20:27
✅ Pods listos.
⏳ [01:20:28] Esperando que termine medición: fase1_descarga_low_iter7 (PID: 638707)
  └─ [nitro5:sd] end 01:20:50
  └─ [nitro5:ram] end 01:20:51
  └─ [nitro5:nic] end 01:20:51
  └─ [nitro5:cpu] end 01:20:52
  └─ [aspire:cpu] end 01:20:52
  └─ [aspire:sd] end 01:20:52
  └─ [leo:cpu] end 01:20:53
  └─ [leo:sd] end 01:20:53
  └─ [scorpius:sd] end 01:20:53
  └─ [leo:nic] end 01:20:53
  └─ [aspire:nic] end 01:20:53
  └─ [aspire:ram] end 01:20:53
  └─ [scorpius:cpu] end 01:20:53
  └─ [scorpius:nic] end 01:20:54
  └─ [scorpius:ram] end 01:20:54
  └─ [leo:ram] end 01:20:55
=== Bloque 25s terminado - Fase: fase1_descarga_low_iter7 ===
[🧹] Limpiando CSVs internos de ecofloc en cada nodo (fase: fase1_descarga_low_iter7)...
  ✔ [nitro5:cpu] limpiado /home/luish/Documents/p3/ecofloc2/ecofloc/ecofloc-cpu/ECOFLOC_CPU_COMM_text.csv
  ✔ [nitro5:nic] limpiado /home/luish/Documents/p3/ecofloc2/ecofloc/ecofloc-nic/ECOFLOC_NIC_COMM_text.csv
  ✔ [nitro5:ram] limpiado /home/luish/Documents/p3/ecofloc2/ecofloc/ecofloc-ram/ECOFLOC_RAM_COMM_text.csv
  ✔ [nitro5:sd] limpiado /home/luish/Documents/p3/ecofloc2/ecofloc/ecofloc-sd/ECOFLOC_SD_COMM_text.csv
  ✔ [leo:cpu] limpiado /home/leo/ecofloc/ecofloc-cpu/ECOFLOC_CPU_COMM_text.csv
  ✔ [leo:nic] limpiado /home/leo/ecofloc/ecofloc-nic/ECOFLOC_NIC_COMM_text.csv
  ✔ [leo:ram] limpiado /home/leo/ecofloc/ecofloc-ram/ECOFLOC_RAM_COMM_text.csv
  ✔ [leo:sd] limpiado /home/leo/ecofloc/ecofloc-sd/ECOFLOC_SD_COMM_text.csv
  ✔ [aspire:cpu] limpiado /home/luish/Documents/p3/ecofloc2/ecofloc/ecofloc-cpu/ECOFLOC_CPU_COMM_text.csv
  ✔ [aspire:nic] limpiado /home/luish/Documents/p3/ecofloc2/ecofloc/ecofloc-nic/ECOFLOC_NIC_COMM_text.csv
  ✔ [aspire:ram] limpiado /home/luish/Documents/p3/ecofloc2/ecofloc/ecofloc-ram/ECOFLOC_RAM_COMM_text.csv
  ✔ [aspire:sd] limpiado /home/luish/Documents/p3/ecofloc2/ecofloc/ecofloc-sd/ECOFLOC_SD_COMM_text.csv
  ✔ [scorpius:cpu] limpiado /home/scorpius03/Documents/ecofloc/ecofloc-cpu/ECOFLOC_CPU_COMM_text.csv
  ✔ [scorpius:nic] limpiado /home/scorpius03/Documents/ecofloc/ecofloc-nic/ECOFLOC_NIC_COMM_text.csv
  ✔ [scorpius:ram] limpiado /home/scorpius03/Documents/ecofloc/ecofloc-ram/ECOFLOC_RAM_COMM_text.csv
  ✔ [scorpius:sd] limpiado /home/scorpius03/Documents/ecofloc/ecofloc-sd/ECOFLOC_SD_COMM_text.csv
========================================
🔋 MEASURE ENERGY FINALIZADO
   Fase: fase1_descarga_low_iter7
========================================
✔️ [01:20:59] Medición fase1_descarga_low_iter7 completada
[📦] Archivando resultados → ./historyexecutions/exp(01:21:04)_fase1_low_iter7
[✔] Archivado: ./historyexecutions/exp(01:21:04)_fase1_low_iter7
========================================
🔋 FASE 2: Preparación de servicios (low, iter 7)
========================================
📋 Capturando PIDs (gepidstea.sh)...
📋 Capturando PIDs de contenedores (kpsnodos.sh)...
🔋 [01:21:21] Iniciando medición de energía: fase2_preparacion_low_iter7 (50s)
   PID de medición: 701190
========================================
🔋 MEASURE ENERGY - Fase: fase2_preparacion_low_iter7
   Duración: 50s
   PID: 701190
========================================
=== Medición bloque 50s - Fase: fase2_preparacion_low_iter7 ===
[⏱ 01:21:21] Iniciando ecofloc en nitro5 por 50s (fase: fase2_preparacion_low_iter7)
⏳ Esperando 10s a que CoreDNS se estabilice...
  ├─ [nitro5:sd] start 01:21:22
  ├─ [nitro5:ram] start 01:21:22
  ├─ [nitro5:nic] start 01:21:23
[⏱ 01:21:23] Iniciando ecofloc en aspire por 50s (fase: fase2_preparacion_low_iter7)
  ├─ [nitro5:cpu] start 01:21:23
  ├─ [aspire:sd] start 01:21:23
  ├─ [aspire:ram] start 01:21:23
  ├─ [aspire:nic] start 01:21:23
[⏱ 01:21:23] Iniciando ecofloc en scorpius por 50s (fase: fase2_preparacion_low_iter7)
  ├─ [aspire:cpu] start 01:21:23
  ├─ [scorpius:sd] start 01:21:23
  ├─ [scorpius:ram] start 01:21:23
[⏱ 01:21:23] Iniciando ecofloc en leo por 50s (fase: fase2_preparacion_low_iter7)
  ├─ [scorpius:nic] start 01:21:23
  ├─ [scorpius:cpu] start 01:21:23
  ├─ [leo:sd] start 01:21:23
  ├─ [leo:ram] start 01:21:23
  ├─ [leo:nic] start 01:21:23
  ├─ [leo:cpu] start 01:21:23
➡️ Pod WebUI: teastore-webui-ff7768544-nq7nh
➡️ Está en el nodo: luish-nitro-an515-57
🌐 IP del nodo WebUI: 192.168.18.27
⏳ Verificando estado del TeaStore en http://192.168.18.27:30080/tools.descartes.teastore.webui/status ...
   ➤ Estado actual: 5 / 5 servicios OK
✔ TODOS los servicios del TeaStore están OK. Continuando...
⏳ [01:21:35] Esperando que termine medición: fase2_preparacion_low_iter7 (PID: 701190)
  └─ [nitro5:sd] end 01:22:12
  └─ [nitro5:ram] end 01:22:12
  └─ [nitro5:nic] end 01:22:13
  └─ [nitro5:cpu] end 01:22:13
  └─ [aspire:nic] end 01:22:13
  └─ [aspire:sd] end 01:22:14
  └─ [aspire:cpu] end 01:22:14
  └─ [leo:cpu] end 01:22:15
  └─ [leo:nic] end 01:22:15
  └─ [scorpius:sd] end 01:22:15
  └─ [scorpius:cpu] end 01:22:15
  └─ [leo:sd] end 01:22:15
  └─ [scorpius:nic] end 01:22:15
  └─ [leo:ram] end 01:22:15
  └─ [scorpius:ram] end 01:22:15
  └─ [aspire:ram] end 01:22:15
=== Bloque 50s terminado - Fase: fase2_preparacion_low_iter7 ===
[🧹] Limpiando CSVs internos de ecofloc en cada nodo (fase: fase2_preparacion_low_iter7)...
  ✔ [nitro5:cpu] limpiado /home/luish/Documents/p3/ecofloc2/ecofloc/ecofloc-cpu/ECOFLOC_CPU_COMM_text.csv
  ✔ [nitro5:nic] limpiado /home/luish/Documents/p3/ecofloc2/ecofloc/ecofloc-nic/ECOFLOC_NIC_COMM_text.csv
  ✔ [nitro5:ram] limpiado /home/luish/Documents/p3/ecofloc2/ecofloc/ecofloc-ram/ECOFLOC_RAM_COMM_text.csv
  ✔ [nitro5:sd] limpiado /home/luish/Documents/p3/ecofloc2/ecofloc/ecofloc-sd/ECOFLOC_SD_COMM_text.csv
  ✔ [leo:cpu] limpiado /home/leo/ecofloc/ecofloc-cpu/ECOFLOC_CPU_COMM_text.csv
  ✔ [leo:nic] limpiado /home/leo/ecofloc/ecofloc-nic/ECOFLOC_NIC_COMM_text.csv
  ✔ [leo:ram] limpiado /home/leo/ecofloc/ecofloc-ram/ECOFLOC_RAM_COMM_text.csv
  ✔ [leo:sd] limpiado /home/leo/ecofloc/ecofloc-sd/ECOFLOC_SD_COMM_text.csv
  ✔ [aspire:cpu] limpiado /home/luish/Documents/p3/ecofloc2/ecofloc/ecofloc-cpu/ECOFLOC_CPU_COMM_text.csv
  ✔ [aspire:nic] limpiado /home/luish/Documents/p3/ecofloc2/ecofloc/ecofloc-nic/ECOFLOC_NIC_COMM_text.csv
  ✔ [aspire:ram] limpiado /home/luish/Documents/p3/ecofloc2/ecofloc/ecofloc-ram/ECOFLOC_RAM_COMM_text.csv
  ✔ [aspire:sd] limpiado /home/luish/Documents/p3/ecofloc2/ecofloc/ecofloc-sd/ECOFLOC_SD_COMM_text.csv
  ✔ [scorpius:cpu] limpiado /home/scorpius03/Documents/ecofloc/ecofloc-cpu/ECOFLOC_CPU_COMM_text.csv
  ✔ [scorpius:nic] limpiado /home/scorpius03/Documents/ecofloc/ecofloc-nic/ECOFLOC_NIC_COMM_text.csv
  ✔ [scorpius:ram] limpiado /home/scorpius03/Documents/ecofloc/ecofloc-ram/ECOFLOC_RAM_COMM_text.csv
  ✔ [scorpius:sd] limpiado /home/scorpius03/Documents/ecofloc/ecofloc-sd/ECOFLOC_SD_COMM_text.csv
========================================
🔋 MEASURE ENERGY FINALIZADO
   Fase: fase2_preparacion_low_iter7
========================================
✔️ [01:22:19] Medición fase2_preparacion_low_iter7 completada
[📦] Archivando resultados → ./historyexecutions/exp(01:22:24)_fase2_low_iter7
[✔] Archivado: ./historyexecutions/exp(01:22:24)_fase2_low_iter7
========================================
🔋 FASE 3: Ejecución de carga (low, iter 7)
========================================
📋 Capturando PIDs (gepidstea.sh)...
📋 Capturando PIDs de contenedores (kpsnodos.sh)...
🔋 [01:22:41] Iniciando medición de energía: fase3_carga_low_iter7 (145s)
   PID de medición: 835689
=== Escenario low (iter 7) ===
========================================
🔋 MEASURE ENERGY - Fase: fase3_carga_low_iter7
   Duración: 145s
   PID: 835689
========================================
=== Medición bloque 145s - Fase: fase3_carga_low_iter7 ===
🚀 Iniciando LIMBO con profile=/home/luish/Documents/death/teastore/TeaStore/examples/httploadgenerator/increasingLowIntensity.csv y script=/home/luish/Documents/death/teastore/TeaStore/examples/httploadgenerator/teastore_buy.lua
[⏱ 01:22:41] Iniciando ecofloc en nitro5 por 145s (fase: fase3_carga_low_iter7)
Feb 26, 2026 1:22:41 AM tools.descartes.dlim.httploadgenerator.runner.Director executeDirector
WARNING: No power measurements
Feb 26, 2026 1:22:41 AM tools.descartes.dlim.httploadgenerator.runner.Director executeDirector
INFO: Load Generator Thread Count set to 64
Feb 26, 2026 1:22:41 AM tools.descartes.dlim.httploadgenerator.runner.Director executeDirector
INFO: URL connection timout set to 30000 ms
Feb 26, 2026 1:22:41 AM tools.descartes.dlim.httploadgenerator.runner.Director executeDirector
INFO: Using Lua Script: /home/luish/Documents/death/teastore/TeaStore/examples/httploadgenerator/teastore_buy.lua
Feb 26, 2026 1:22:41 AM tools.descartes.dlim.httploadgenerator.runner.Director process
INFO: Read 120 Arrival Rate Tuples
Load Generator sent: ok
Feb 26, 2026 1:22:41 AM tools.descartes.dlim.httploadgenerator.runner.Director process
INFO: Arrival Rates sent to Load Generator(s).
Load Generator sent: ok
Feb 26, 2026 1:22:41 AM tools.descartes.dlim.httploadgenerator.runner.Director process
INFO: Thread Count sent to Load Generator(s): 64
Load Generator sent: ok
Feb 26, 2026 1:22:41 AM tools.descartes.dlim.httploadgenerator.runner.Director process
INFO: URL connection timeout sent to Load Generator(s): 30000
Load Generator sent: ok
Feb 26, 2026 1:22:41 AM tools.descartes.dlim.httploadgenerator.runner.Director process
INFO: Contents of script sent to Load Generator: /home/luish/Documents/death/teastore/TeaStore/examples/httploadgenerator/teastore_buy.lua
Feb 26, 2026 1:22:41 AM tools.descartes.dlim.httploadgenerator.runner.Director process
INFO: Starting Load Generation
Beginning Run @1772086961300(26.02.2026;01:22:41300)
Target Time = 0.5; Load Intensity = 0.0; #Success = 0; #Failed = 0; #Dropped = 0
  ├─ [nitro5:sd] start 01:22:41
  ├─ [nitro5:ram] start 01:22:41
  ├─ [nitro5:nic] start 01:22:42
[⏱ 01:22:42] Iniciando ecofloc en aspire por 145s (fase: fase3_carga_low_iter7)
  ├─ [nitro5:cpu] start 01:22:42
  ├─ [aspire:sd] start 01:22:42
  ├─ [aspire:ram] start 01:22:42
  ├─ [aspire:nic] start 01:22:42
[⏱ 01:22:42] Iniciando ecofloc en scorpius por 145s (fase: fase3_carga_low_iter7)
  ├─ [aspire:cpu] start 01:22:42
  ├─ [scorpius:sd] start 01:22:42
[⏱ 01:22:42] Iniciando ecofloc en leo por 145s (fase: fase3_carga_low_iter7)
  ├─ [scorpius:ram] start 01:22:42
  ├─ [scorpius:cpu] start 01:22:42
  ├─ [scorpius:nic] start 01:22:42
  ├─ [leo:sd] start 01:22:42
  ├─ [leo:ram] start 01:22:42
  ├─ [leo:nic] start 01:22:42
  ├─ [leo:cpu] start 01:22:42
Target Time = 1.5; Load Intensity = 1.0; #Success = 0; #Failed = 0; #Dropped = 0
Target Time = 2.5; Load Intensity = 2.0; #Success = 0; #Failed = 0; #Dropped = 0
Target Time = 3.5; Load Intensity = 2.0; #Success = 5; #Failed = 0; #Dropped = 0
Target Time = 4.5; Load Intensity = 3.0; #Success = 3; #Failed = 0; #Dropped = 0
Target Time = 5.5; Load Intensity = 4.0; #Success = 4; #Failed = 0; #Dropped = 0
Target Time = 6.5; Load Intensity = 5.0; #Success = 5; #Failed = 0; #Dropped = 0
Target Time = 7.5; Load Intensity = 6.0; #Success = 6; #Failed = 0; #Dropped = 0
Target Time = 8.5; Load Intensity = 7.0; #Success = 7; #Failed = 0; #Dropped = 0
Target Time = 9.5; Load Intensity = 7.0; #Success = 7; #Failed = 0; #Dropped = 0
Target Time = 10.5; Load Intensity = 8.0; #Success = 7; #Failed = 0; #Dropped = 0
Target Time = 11.5; Load Intensity = 9.0; #Success = 9; #Failed = 0; #Dropped = 0
Target Time = 12.5; Load Intensity = 10.0; #Success = 11; #Failed = 0; #Dropped = 0
Target Time = 13.5; Load Intensity = 11.0; #Success = 9; #Failed = 0; #Dropped = 0
Target Time = 14.5; Load Intensity = 12.0; #Success = 14; #Failed = 0; #Dropped = 0
Target Time = 15.5; Load Intensity = 12.0; #Success = 11; #Failed = 0; #Dropped = 0
Target Time = 16.5; Load Intensity = 13.0; #Success = 11; #Failed = 0; #Dropped = 0
Target Time = 17.5; Load Intensity = 14.0; #Success = 7; #Failed = 0; #Dropped = 0
Target Time = 18.5; Load Intensity = 15.0; #Success = 7; #Failed = 0; #Dropped = 0
Target Time = 19.5; Load Intensity = 16.0; #Success = 5; #Failed = 0; #Dropped = 0
Target Time = 20.5; Load Intensity = 17.0; #Success = 5; #Failed = 0; #Dropped = 0
Target Time = 21.5; Load Intensity = 17.0; #Success = 6; #Failed = 0; #Dropped = 0
Target Time = 22.5; Load Intensity = 18.0; #Success = 9; #Failed = 0; #Dropped = 0
Target Time = 23.5; Load Intensity = 19.0; #Success = 6; #Failed = 0; #Dropped = 0
Target Time = 24.5; Load Intensity = 20.0; #Success = 2; #Failed = 0; #Dropped = 0
Target Time = 25.5; Load Intensity = 21.0; #Success = 2; #Failed = 0; #Dropped = 0
Target Time = 26.5; Load Intensity = 22.0; #Success = 2; #Failed = 0; #Dropped = 0
Target Time = 27.5; Load Intensity = 22.0; #Success = 4; #Failed = 13; #Dropped = 0
Target Time = 28.5; Load Intensity = 23.0; #Success = 5; #Failed = 0; #Dropped = 0
Target Time = 29.5; Load Intensity = 24.0; #Success = 5; #Failed = 1; #Dropped = 0
Target Time = 30.5; Load Intensity = 25.0; #Success = 2; #Failed = 0; #Dropped = 0
Target Time = 31.5; Load Intensity = 26.0; #Success = 7; #Failed = 0; #Dropped = 0
Target Time = 32.5; Load Intensity = 27.0; #Success = 2; #Failed = 14; #Dropped = 0
Target Time = 33.5; Load Intensity = 27.0; #Success = 2; #Failed = 1; #Dropped = 0
Target Time = 34.5; Load Intensity = 28.0; #Success = 1; #Failed = 4; #Dropped = 0
Target Time = 35.5; Load Intensity = 29.0; #Success = 0; #Failed = 1; #Dropped = 0
Target Time = 36.5; Load Intensity = 30.0; #Success = 1; #Failed = 15; #Dropped = 0
Target Time = 37.5; Load Intensity = 31.0; #Success = 3; #Failed = 2; #Dropped = 0
Target Time = 38.5; Load Intensity = 32.0; #Success = 0; #Failed = 0; #Dropped = 0
Target Time = 39.5; Load Intensity = 32.0; #Success = 0; #Failed = 5; #Dropped = 0
Target Time = 40.5; Load Intensity = 33.0; #Success = 0; #Failed = 0; #Dropped = 0
Target Time = 41.5; Load Intensity = 34.0; #Success = 0; #Failed = 0; #Dropped = 0
Target Time = 42.5; Load Intensity = 35.0; #Success = 0; #Failed = 23; #Dropped = 0
Target Time = 43.5; Load Intensity = 36.0; #Success = 0; #Failed = 7; #Dropped = 0
Target Time = 44.5; Load Intensity = 37.0; #Success = 0; #Failed = 1; #Dropped = 0
Target Time = 45.5; Load Intensity = 37.0; #Success = 0; #Failed = 3; #Dropped = 0
Target Time = 46.5; Load Intensity = 38.0; #Success = 0; #Failed = 6; #Dropped = 0
Target Time = 47.5; Load Intensity = 39.0; #Success = 0; #Failed = 6; #Dropped = 0
Target Time = 48.5; Load Intensity = 40.0; #Success = 0; #Failed = 3; #Dropped = 0
Target Time = 49.5; Load Intensity = 41.0; #Success = 0; #Failed = 20; #Dropped = 0
Target Time = 50.5; Load Intensity = 42.0; #Success = 0; #Failed = 5; #Dropped = 0
Target Time = 51.5; Load Intensity = 42.0; #Success = 0; #Failed = 0; #Dropped = 0
Target Time = 52.5; Load Intensity = 43.0; #Success = 0; #Failed = 4; #Dropped = 0
Target Time = 53.5; Load Intensity = 44.0; #Success = 0; #Failed = 1; #Dropped = 0
Target Time = 54.5; Load Intensity = 45.0; #Success = 0; #Failed = 16; #Dropped = 0
Target Time = 55.5; Load Intensity = 46.0; #Success = 0; #Failed = 6; #Dropped = 0
Target Time = 56.5; Load Intensity = 47.0; #Success = 0; #Failed = 10; #Dropped = 0
Target Time = 57.5; Load Intensity = 47.0; #Success = 1; #Failed = 3; #Dropped = 0
Target Time = 58.5; Load Intensity = 48.0; #Success = 0; #Failed = 1; #Dropped = 0
Target Time = 59.5; Load Intensity = 49.0; #Success = 1; #Failed = 0; #Dropped = 0
Target Time = 60.5; Load Intensity = 50.0; #Success = 0; #Failed = 6; #Dropped = 0
Target Time = 61.5; Load Intensity = 51.0; #Success = 0; #Failed = 12; #Dropped = 0
Target Time = 62.5; Load Intensity = 52.0; #Success = 1; #Failed = 2; #Dropped = 0
Target Time = 63.5; Load Intensity = 52.0; #Success = 0; #Failed = 1; #Dropped = 10
Target Time = 64.5; Load Intensity = 53.0; #Success = 3; #Failed = 2; #Dropped = 24
Target Time = 65.5; Load Intensity = 54.0; #Success = 0; #Failed = 8; #Dropped = 25
Target Time = 66.5; Load Intensity = 55.0; #Success = 0; #Failed = 8; #Dropped = 21
Target Time = 67.5; Load Intensity = 56.0; #Success = 0; #Failed = 4; #Dropped = 15
Target Time = 68.5; Load Intensity = 57.0; #Success = 0; #Failed = 8; #Dropped = 35
Target Time = 69.5; Load Intensity = 57.0; #Success = 0; #Failed = 7; #Dropped = 26
Target Time = 70.5; Load Intensity = 58.0; #Success = 0; #Failed = 9; #Dropped = 21
Target Time = 71.5; Load Intensity = 59.0; #Success = 0; #Failed = 7; #Dropped = 28
Target Time = 72.5; Load Intensity = 60.0; #Success = 0; #Failed = 11; #Dropped = 26
Target Time = 73.5; Load Intensity = 61.0; #Success = 0; #Failed = 2; #Dropped = 27
Target Time = 74.5; Load Intensity = 62.0; #Success = 0; #Failed = 7; #Dropped = 33
Target Time = 75.5; Load Intensity = 62.0; #Success = 0; #Failed = 5; #Dropped = 31
Target Time = 76.5; Load Intensity = 63.0; #Success = 0; #Failed = 2; #Dropped = 32
Target Time = 77.5; Load Intensity = 64.0; #Success = 0; #Failed = 5; #Dropped = 40
Target Time = 78.5; Load Intensity = 65.0; #Success = 0; #Failed = 10; #Dropped = 33
Target Time = 79.5; Load Intensity = 66.0; #Success = 0; #Failed = 6; #Dropped = 32
Target Time = 80.5; Load Intensity = 67.0; #Success = 0; #Failed = 8; #Dropped = 36
Target Time = 81.5; Load Intensity = 67.0; #Success = 0; #Failed = 9; #Dropped = 32
Target Time = 82.5; Load Intensity = 68.0; #Success = 0; #Failed = 2; #Dropped = 36
Target Time = 83.5; Load Intensity = 69.0; #Success = 0; #Failed = 6; #Dropped = 32
Target Time = 84.5; Load Intensity = 70.0; #Success = 0; #Failed = 5; #Dropped = 15
Target Time = 85.5; Load Intensity = 71.0; #Success = 0; #Failed = 6; #Dropped = 73
Target Time = 86.5; Load Intensity = 72.0; #Success = 0; #Failed = 6; #Dropped = 40
Target Time = 87.5; Load Intensity = 72.0; #Success = 0; #Failed = 6; #Dropped = 43
Target Time = 88.5; Load Intensity = 73.0; #Success = 1; #Failed = 7; #Dropped = 42
Target Time = 89.5; Load Intensity = 74.0; #Success = 1; #Failed = 1; #Dropped = 37
Target Time = 90.5; Load Intensity = 75.0; #Success = 1; #Failed = 0; #Dropped = 40
Target Time = 91.5; Load Intensity = 76.0; #Success = 1; #Failed = 1; #Dropped = 63
Target Time = 92.5; Load Intensity = 77.0; #Success = 0; #Failed = 0; #Dropped = 0
Target Time = 93.5; Load Intensity = 77.0; #Success = 0; #Failed = 16; #Dropped = 91
Target Time = 94.5; Load Intensity = 78.0; #Success = 0; #Failed = 1; #Dropped = 33
Target Time = 95.5; Load Intensity = 79.0; #Success = 1; #Failed = 2; #Dropped = 67
Target Time = 96.5; Load Intensity = 80.0; #Success = 0; #Failed = 3; #Dropped = 34
Target Time = 97.5; Load Intensity = 81.0; #Success = 0; #Failed = 2; #Dropped = 65
Target Time = 98.5; Load Intensity = 82.0; #Success = 0; #Failed = 3; #Dropped = 45
Target Time = 99.5; Load Intensity = 82.0; #Success = 1; #Failed = 7; #Dropped = 64
Target Time = 100.5; Load Intensity = 83.0; #Success = 0; #Failed = 6; #Dropped = 12
Target Time = 101.5; Load Intensity = 84.0; #Success = 0; #Failed = 3; #Dropped = 51
Target Time = 102.5; Load Intensity = 85.0; #Success = 2; #Failed = 22; #Dropped = 83
Target Time = 103.5; Load Intensity = 86.0; #Success = 0; #Failed = 11; #Dropped = 16
Target Time = 104.5; Load Intensity = 87.0; #Success = 0; #Failed = 3; #Dropped = 46
Target Time = 105.5; Load Intensity = 87.0; #Success = 0; #Failed = 25; #Dropped = 75
Target Time = 106.5; Load Intensity = 88.0; #Success = 0; #Failed = 11; #Dropped = 18
Target Time = 107.5; Load Intensity = 89.0; #Success = 0; #Failed = 3; #Dropped = 55
Target Time = 108.5; Load Intensity = 90.0; #Success = 0; #Failed = 22; #Dropped = 59
Target Time = 109.5; Load Intensity = 91.0; #Success = 2; #Failed = 13; #Dropped = 76
Target Time = 110.5; Load Intensity = 92.0; #Success = 0; #Failed = 16; #Dropped = 60
Target Time = 111.5; Load Intensity = 92.0; #Success = 1; #Failed = 0; #Dropped = 56
Target Time = 112.5; Load Intensity = 93.0; #Success = 0; #Failed = 0; #Dropped = 0
Target Time = 113.5; Load Intensity = 94.0; #Success = 0; #Failed = 0; #Dropped = 0
Target Time = 114.5; Load Intensity = 95.0; #Success = 0; #Failed = 0; #Dropped = 0
Target Time = 115.5; Load Intensity = 96.0; #Success = 0; #Failed = 0; #Dropped = 0
Target Time = 116.5; Load Intensity = 97.0; #Success = 6; #Failed = 0; #Dropped = 342
Target Time = 117.5; Load Intensity = 97.0; #Success = 0; #Failed = 4; #Dropped = 73
Target Time = 118.5; Load Intensity = 98.0; #Success = 0; #Failed = 0; #Dropped = 0
Target Time = 119.5; Load Intensity = 99.0; #Success = 0; #Failed = 1; #Dropped = 141
Target Time = 120.5; Load Intensity = 0.0; #Success = 0; #Failed = 1; #Dropped = 72
Target Time = 121.5; Load Intensity = 0.0; #Success = 0; #Failed = 3; #Dropped = 34
Target Time = 122.5; Load Intensity = 0.0; #Success = 0; #Failed = 0; #Dropped = 0
Target Time = 123.5; Load Intensity = 0.0; #Success = 0; #Failed = 4; #Dropped = 183
Target Time = 124.5; Load Intensity = 0.0; #Success = 0; #Failed = 8; #Dropped = 81
Target Time = 125.5; Load Intensity = 0.0; #Success = 0; #Failed = 3; #Dropped = 71
Target Time = 126.5; Load Intensity = 0.0; #Success = 0; #Failed = 16; #Dropped = 63
Target Time = 127.5; Load Intensity = 0.0; #Success = 0; #Failed = 10; #Dropped = 79
Target Time = 128.5; Load Intensity = 0.0; #Success = 0; #Failed = 3; #Dropped = 81
Target Time = 129.5; Load Intensity = 0.0; #Success = 0; #Failed = 0; #Dropped = 0
Target Time = 130.5; Load Intensity = 0.0; #Success = 0; #Failed = 0; #Dropped = 0
Target Time = 131.5; Load Intensity = 0.0; #Success = 0; #Failed = 0; #Dropped = 0
Target Time = 132.5; Load Intensity = 0.0; #Success = 1; #Failed = 1; #Dropped = 316
Target Time = 133.5; Load Intensity = 0.0; #Success = 0; #Failed = 2; #Dropped = 81
Target Time = 134.5; Load Intensity = 0.0; #Success = 0; #Failed = 0; #Dropped = 0
Target Time = 135.5; Load Intensity = 0.0; #Success = 0; #Failed = 1; #Dropped = 166
Target Time = 136.5; Load Intensity = 0.0; #Success = 0; #Failed = 6; #Dropped = 83
Target Time = 137.5; Load Intensity = 0.0; #Success = 0; #Failed = 11; #Dropped = 86
Target Time = 138.5; Load Intensity = 0.0; #Success = 3; #Failed = 10; #Dropped = 76
Target Time = 139.5; Load Intensity = 0.0; #Success = 1; #Failed = 3; #Dropped = 81
Target Time = 140.5; Load Intensity = 0.0; #Success = 3; #Failed = 0; #Dropped = 97
Target Time = 141.5; Load Intensity = 0.0; #Success = 0; #Failed = 0; #Dropped = 0
Target Time = 142.5; Load Intensity = 0.0; #Success = 0; #Failed = 2; #Dropped = 120
Target Time = 143.5; Load Intensity = 0.0; #Success = 0; #Failed = 0; #Dropped = 0
Target Time = 144.5; Load Intensity = 0.0; #Success = 0; #Failed = 0; #Dropped = 0
  └─ [nitro5:sd] end 01:25:06
Target Time = 145.5; Load Intensity = 0.0; #Success = 0; #Failed = 0; #Dropped = 0
  └─ [nitro5:ram] end 01:25:06
  └─ [nitro5:nic] end 01:25:07
  └─ [nitro5:cpu] end 01:25:07
Target Time = 146.5; Load Intensity = 0.0; #Success = 0; #Failed = 0; #Dropped = 0
Target Time = 147.5; Load Intensity = 0.0; #Success = 0; #Failed = 0; #Dropped = 0
Target Time = 148.5; Load Intensity = 0.0; #Success = 0; #Failed = 3; #Dropped = 593
  └─ [aspire:nic] end 01:25:10
Target Time = 149.5; Load Intensity = 0.0; #Success = 0; #Failed = 0; #Dropped = 0
Target Time = 150.5; Load Intensity = 0.0; #Success = 0; #Failed = 0; #Dropped = 0
Target Time = 151.5; Load Intensity = 0.0; #Success = 0; #Failed = 0; #Dropped = 0
Target Time = 152.5; Load Intensity = 0.0; #Success = 0; #Failed = 0; #Dropped = 0
  └─ [aspire:cpu] end 01:25:14
Target Time = 153.5; Load Intensity = 0.0; #Success = 0; #Failed = 0; #Dropped = 0
  └─ [aspire:sd] end 01:25:15
  └─ [aspire:ram] end 01:25:15
Target Time = 154.5; Load Intensity = 0.0; #Success = 1; #Failed = 10; #Dropped = 169
Target Time = 155.5; Load Intensity = 0.0; #Success = 0; #Failed = 47; #Dropped = 0
  └─ [leo:sd] end 01:25:20
  └─ [leo:cpu] end 01:25:20
  └─ [leo:nic] end 01:25:20
Workload finished.
Log finished.
📄 LIMBO finalizado para scenario=low
⏳ [01:25:21] Esperando que termine medición: fase3_carga_low_iter7 (PID: 835689)
  └─ [leo:ram] end 01:25:22
  └─ [scorpius:cpu] end 01:25:25
  └─ [scorpius:sd] end 01:25:27
  └─ [scorpius:ram] end 01:25:29
=== Bloque 145s terminado - Fase: fase3_carga_low_iter7 ===
[🧹] Limpiando CSVs internos de ecofloc en cada nodo (fase: fase3_carga_low_iter7)...
  ✔ [nitro5:cpu] limpiado /home/luish/Documents/p3/ecofloc2/ecofloc/ecofloc-cpu/ECOFLOC_CPU_COMM_text.csv
  ✔ [nitro5:nic] limpiado /home/luish/Documents/p3/ecofloc2/ecofloc/ecofloc-nic/ECOFLOC_NIC_COMM_text.csv
  ✔ [nitro5:ram] limpiado /home/luish/Documents/p3/ecofloc2/ecofloc/ecofloc-ram/ECOFLOC_RAM_COMM_text.csv
  ✔ [nitro5:sd] limpiado /home/luish/Documents/p3/ecofloc2/ecofloc/ecofloc-sd/ECOFLOC_SD_COMM_text.csv
  ✔ [leo:cpu] limpiado /home/leo/ecofloc/ecofloc-cpu/ECOFLOC_CPU_COMM_text.csv
  ✔ [leo:nic] limpiado /home/leo/ecofloc/ecofloc-nic/ECOFLOC_NIC_COMM_text.csv
  ✔ [leo:ram] limpiado /home/leo/ecofloc/ecofloc-ram/ECOFLOC_RAM_COMM_text.csv
  ✔ [leo:sd] limpiado /home/leo/ecofloc/ecofloc-sd/ECOFLOC_SD_COMM_text.csv
  ✔ [aspire:cpu] limpiado /home/luish/Documents/p3/ecofloc2/ecofloc/ecofloc-cpu/ECOFLOC_CPU_COMM_text.csv
  ✔ [aspire:nic] limpiado /home/luish/Documents/p3/ecofloc2/ecofloc/ecofloc-nic/ECOFLOC_NIC_COMM_text.csv
  ✔ [aspire:ram] limpiado /home/luish/Documents/p3/ecofloc2/ecofloc/ecofloc-ram/ECOFLOC_RAM_COMM_text.csv
  ✔ [aspire:sd] limpiado /home/luish/Documents/p3/ecofloc2/ecofloc/ecofloc-sd/ECOFLOC_SD_COMM_text.csv
  ✔ [scorpius:cpu] limpiado /home/scorpius03/Documents/ecofloc/ecofloc-cpu/ECOFLOC_CPU_COMM_text.csv
  ✔ [scorpius:nic] limpiado /home/scorpius03/Documents/ecofloc/ecofloc-nic/ECOFLOC_NIC_COMM_text.csv
  ✔ [scorpius:ram] limpiado /home/scorpius03/Documents/ecofloc/ecofloc-ram/ECOFLOC_RAM_COMM_text.csv
  ✔ [scorpius:sd] limpiado /home/scorpius03/Documents/ecofloc/ecofloc-sd/ECOFLOC_SD_COMM_text.csv
========================================
🔋 MEASURE ENERGY FINALIZADO
   Fase: fase3_carga_low_iter7
========================================
✔️ [01:25:33] Medición fase3_carga_low_iter7 completada
[📦] Archivando resultados → ./historyexecutions/exp(01:25:38)_fase3_low_iter7
[✔] Archivado: ./historyexecutions/exp(01:25:38)_fase3_low_iter7
🧹 Limpiando TeaStore (iter 7)...
⏸ Esperando 15s para limpieza completa...
✅ Iteración 7 / 15 del escenario low completada.

########################################################
🔄 ESCENARIO: low | ITERACIÓN: 8 / 15
   Hora: 01:26:26
########################################################
========================================
🔋 FASE 1: Descarga de imágenes (low, iter 8)
========================================
📋 Capturando PIDs (gepidstea.sh)...
📋 Capturando PIDs de contenedores (kpsnodos.sh)...
🔋 [01:26:43] Iniciando medición de energía: fase1_descarga_low_iter8 (25s)
   PID de medición: 1208698
🚀 Desplegando TeaStore desde /home/luish/Documents/death/teastore/TeaStore/examples/kubernetes/teastore-energy-scheduler.yaml...
========================================
🔋 MEASURE ENERGY - Fase: fase1_descarga_low_iter8
   Duración: 25s
   PID: 1208698
========================================
=== Medición bloque 25s - Fase: fase1_descarga_low_iter8 ===
[⏱ 01:26:43] Iniciando ecofloc en nitro5 por 25s (fase: fase1_descarga_low_iter8)
⏳ Esperando a que todos los pods de TeaStore estén Running y Ready...
  ├─ [nitro5:sd] start 01:26:44
  ├─ [nitro5:ram] start 01:26:44
  ├─ [nitro5:nic] start 01:26:45
[⏱ 01:26:45] Iniciando ecofloc en aspire por 25s (fase: fase1_descarga_low_iter8)
  ├─ [nitro5:cpu] start 01:26:45
  ├─ [aspire:sd] start 01:26:45
  ├─ [aspire:ram] start 01:26:45
[⏱ 01:26:45] Iniciando ecofloc en scorpius por 25s (fase: fase1_descarga_low_iter8)
  ├─ [aspire:nic] start 01:26:45
  ├─ [scorpius:sd] start 01:26:45
  ├─ [aspire:cpu] start 01:26:45
  ├─ [scorpius:ram] start 01:26:45
[⏱ 01:26:45] Iniciando ecofloc en leo por 25s (fase: fase1_descarga_low_iter8)
  ├─ [scorpius:nic] start 01:26:45
  ├─ [scorpius:cpu] start 01:26:45
  ├─ [leo:sd] start 01:26:45
  ├─ [leo:nic] start 01:26:45
  ├─ [leo:ram] start 01:26:45
  ├─ [leo:cpu] start 01:26:45
✅ Pods listos.
⏳ [01:26:46] Esperando que termine medición: fase1_descarga_low_iter8 (PID: 1208698)
  └─ [nitro5:sd] end 01:27:09
  └─ [nitro5:ram] end 01:27:09
  └─ [nitro5:nic] end 01:27:10
  └─ [nitro5:cpu] end 01:27:10
  └─ [aspire:sd] end 01:27:11
  └─ [aspire:cpu] end 01:27:11
  └─ [leo:sd] end 01:27:11
  └─ [leo:cpu] end 01:27:11
  └─ [scorpius:cpu] end 01:27:12
  └─ [scorpius:sd] end 01:27:12
  └─ [aspire:nic] end 01:27:12
  └─ [aspire:ram] end 01:27:12
  └─ [leo:nic] end 01:27:12
  └─ [scorpius:nic] end 01:27:12
  └─ [leo:ram] end 01:27:12
  └─ [scorpius:ram] end 01:27:12
=== Bloque 25s terminado - Fase: fase1_descarga_low_iter8 ===
[🧹] Limpiando CSVs internos de ecofloc en cada nodo (fase: fase1_descarga_low_iter8)...
  ✔ [nitro5:cpu] limpiado /home/luish/Documents/p3/ecofloc2/ecofloc/ecofloc-cpu/ECOFLOC_CPU_COMM_text.csv
  ✔ [nitro5:nic] limpiado /home/luish/Documents/p3/ecofloc2/ecofloc/ecofloc-nic/ECOFLOC_NIC_COMM_text.csv
  ✔ [nitro5:ram] limpiado /home/luish/Documents/p3/ecofloc2/ecofloc/ecofloc-ram/ECOFLOC_RAM_COMM_text.csv
  ✔ [nitro5:sd] limpiado /home/luish/Documents/p3/ecofloc2/ecofloc/ecofloc-sd/ECOFLOC_SD_COMM_text.csv
  ✔ [leo:cpu] limpiado /home/leo/ecofloc/ecofloc-cpu/ECOFLOC_CPU_COMM_text.csv
  ✔ [leo:nic] limpiado /home/leo/ecofloc/ecofloc-nic/ECOFLOC_NIC_COMM_text.csv
  ✔ [leo:ram] limpiado /home/leo/ecofloc/ecofloc-ram/ECOFLOC_RAM_COMM_text.csv
  ✔ [leo:sd] limpiado /home/leo/ecofloc/ecofloc-sd/ECOFLOC_SD_COMM_text.csv
  ✔ [aspire:cpu] limpiado /home/luish/Documents/p3/ecofloc2/ecofloc/ecofloc-cpu/ECOFLOC_CPU_COMM_text.csv
  ✔ [aspire:nic] limpiado /home/luish/Documents/p3/ecofloc2/ecofloc/ecofloc-nic/ECOFLOC_NIC_COMM_text.csv
  ✔ [aspire:ram] limpiado /home/luish/Documents/p3/ecofloc2/ecofloc/ecofloc-ram/ECOFLOC_RAM_COMM_text.csv
  ✔ [aspire:sd] limpiado /home/luish/Documents/p3/ecofloc2/ecofloc/ecofloc-sd/ECOFLOC_SD_COMM_text.csv
  ✔ [scorpius:cpu] limpiado /home/scorpius03/Documents/ecofloc/ecofloc-cpu/ECOFLOC_CPU_COMM_text.csv
  ✔ [scorpius:nic] limpiado /home/scorpius03/Documents/ecofloc/ecofloc-nic/ECOFLOC_NIC_COMM_text.csv
  ✔ [scorpius:ram] limpiado /home/scorpius03/Documents/ecofloc/ecofloc-ram/ECOFLOC_RAM_COMM_text.csv
  ✔ [scorpius:sd] limpiado /home/scorpius03/Documents/ecofloc/ecofloc-sd/ECOFLOC_SD_COMM_text.csv
========================================
🔋 MEASURE ENERGY FINALIZADO
   Fase: fase1_descarga_low_iter8
========================================
✔️ [01:27:20] Medición fase1_descarga_low_iter8 completada
[📦] Archivando resultados → ./historyexecutions/exp(01:27:25)_fase1_low_iter8
[✔] Archivado: ./historyexecutions/exp(01:27:25)_fase1_low_iter8
========================================
🔋 FASE 2: Preparación de servicios (low, iter 8)
========================================
📋 Capturando PIDs (gepidstea.sh)...
📋 Capturando PIDs de contenedores (kpsnodos.sh)...
🔋 [01:27:43] Iniciando medición de energía: fase2_preparacion_low_iter8 (50s)
   PID de medición: 1270186
========================================
🔋 MEASURE ENERGY - Fase: fase2_preparacion_low_iter8
   Duración: 50s
   PID: 1270186
========================================
=== Medición bloque 50s - Fase: fase2_preparacion_low_iter8 ===
[⏱ 01:27:43] Iniciando ecofloc en nitro5 por 50s (fase: fase2_preparacion_low_iter8)
⏳ Esperando 10s a que CoreDNS se estabilice...
  ├─ [nitro5:sd] start 01:27:43
  ├─ [nitro5:ram] start 01:27:43
  ├─ [nitro5:nic] start 01:27:44
[⏱ 01:27:44] Iniciando ecofloc en aspire por 50s (fase: fase2_preparacion_low_iter8)
  ├─ [nitro5:cpu] start 01:27:44
  ├─ [aspire:ram] start 01:27:44
  ├─ [aspire:sd] start 01:27:44
  ├─ [aspire:nic] start 01:27:44
  ├─ [aspire:cpu] start 01:27:44
[⏱ 01:27:44] Iniciando ecofloc en scorpius por 50s (fase: fase2_preparacion_low_iter8)
  ├─ [scorpius:sd] start 01:27:44
  ├─ [scorpius:ram] start 01:27:44
[⏱ 01:27:44] Iniciando ecofloc en leo por 50s (fase: fase2_preparacion_low_iter8)
  ├─ [scorpius:nic] start 01:27:44
  ├─ [scorpius:cpu] start 01:27:44
  ├─ [leo:sd] start 01:27:44
  ├─ [leo:ram] start 01:27:44
  ├─ [leo:nic] start 01:27:44
  ├─ [leo:cpu] start 01:27:44
➡️ Pod WebUI: teastore-webui-ff7768544-24b9c
➡️ Está en el nodo: luish-nitro-an515-57
🌐 IP del nodo WebUI: 192.168.18.27
⏳ Verificando estado del TeaStore en http://192.168.18.27:30080/tools.descartes.teastore.webui/status ...
   ➤ Estado actual: 5 / 5 servicios OK
✔ TODOS los servicios del TeaStore están OK. Continuando...
⏳ [01:27:55] Esperando que termine medición: fase2_preparacion_low_iter8 (PID: 1270186)
  └─ [nitro5:sd] end 01:28:33
  └─ [nitro5:ram] end 01:28:33
  └─ [nitro5:nic] end 01:28:34
  └─ [nitro5:cpu] end 01:28:34
  └─ [aspire:sd] end 01:28:35
  └─ [aspire:cpu] end 01:28:35
  └─ [aspire:nic] end 01:28:37
  └─ [scorpius:sd] end 01:28:37
  └─ [leo:cpu] end 01:28:37
  └─ [leo:sd] end 01:28:37
  └─ [leo:nic] end 01:28:37
  └─ [scorpius:cpu] end 01:28:37
  └─ [aspire:ram] end 01:28:37
  └─ [scorpius:nic] end 01:28:38
  └─ [leo:ram] end 01:28:39
  └─ [scorpius:ram] end 01:28:39
=== Bloque 50s terminado - Fase: fase2_preparacion_low_iter8 ===
[🧹] Limpiando CSVs internos de ecofloc en cada nodo (fase: fase2_preparacion_low_iter8)...
  ✔ [nitro5:cpu] limpiado /home/luish/Documents/p3/ecofloc2/ecofloc/ecofloc-cpu/ECOFLOC_CPU_COMM_text.csv
  ✔ [nitro5:nic] limpiado /home/luish/Documents/p3/ecofloc2/ecofloc/ecofloc-nic/ECOFLOC_NIC_COMM_text.csv
  ✔ [nitro5:ram] limpiado /home/luish/Documents/p3/ecofloc2/ecofloc/ecofloc-ram/ECOFLOC_RAM_COMM_text.csv
  ✔ [nitro5:sd] limpiado /home/luish/Documents/p3/ecofloc2/ecofloc/ecofloc-sd/ECOFLOC_SD_COMM_text.csv
  ✔ [leo:cpu] limpiado /home/leo/ecofloc/ecofloc-cpu/ECOFLOC_CPU_COMM_text.csv
  ✔ [leo:nic] limpiado /home/leo/ecofloc/ecofloc-nic/ECOFLOC_NIC_COMM_text.csv
  ✔ [leo:ram] limpiado /home/leo/ecofloc/ecofloc-ram/ECOFLOC_RAM_COMM_text.csv
  ✔ [leo:sd] limpiado /home/leo/ecofloc/ecofloc-sd/ECOFLOC_SD_COMM_text.csv
  ✔ [aspire:cpu] limpiado /home/luish/Documents/p3/ecofloc2/ecofloc/ecofloc-cpu/ECOFLOC_CPU_COMM_text.csv
  ✔ [aspire:nic] limpiado /home/luish/Documents/p3/ecofloc2/ecofloc/ecofloc-nic/ECOFLOC_NIC_COMM_text.csv
  ✔ [aspire:ram] limpiado /home/luish/Documents/p3/ecofloc2/ecofloc/ecofloc-ram/ECOFLOC_RAM_COMM_text.csv
  ✔ [aspire:sd] limpiado /home/luish/Documents/p3/ecofloc2/ecofloc/ecofloc-sd/ECOFLOC_SD_COMM_text.csv
  ✔ [scorpius:cpu] limpiado /home/scorpius03/Documents/ecofloc/ecofloc-cpu/ECOFLOC_CPU_COMM_text.csv
  ✔ [scorpius:nic] limpiado /home/scorpius03/Documents/ecofloc/ecofloc-nic/ECOFLOC_NIC_COMM_text.csv
  ✔ [scorpius:ram] limpiado /home/scorpius03/Documents/ecofloc/ecofloc-ram/ECOFLOC_RAM_COMM_text.csv
  ✔ [scorpius:sd] limpiado /home/scorpius03/Documents/ecofloc/ecofloc-sd/ECOFLOC_SD_COMM_text.csv
========================================
🔋 MEASURE ENERGY FINALIZADO
   Fase: fase2_preparacion_low_iter8
========================================
✔️ [01:28:43] Medición fase2_preparacion_low_iter8 completada
[📦] Archivando resultados → ./historyexecutions/exp(01:28:48)_fase2_low_iter8
[✔] Archivado: ./historyexecutions/exp(01:28:48)_fase2_low_iter8
========================================
🔋 FASE 3: Ejecución de carga (low, iter 8)
========================================
📋 Capturando PIDs (gepidstea.sh)...
📋 Capturando PIDs de contenedores (kpsnodos.sh)...
🔋 [01:29:05] Iniciando medición de energía: fase3_carga_low_iter8 (145s)
   PID de medición: 1411586
=== Escenario low (iter 8) ===
========================================
🔋 MEASURE ENERGY - Fase: fase3_carga_low_iter8
   Duración: 145s
   PID: 1411586
========================================
=== Medición bloque 145s - Fase: fase3_carga_low_iter8 ===
🚀 Iniciando LIMBO con profile=/home/luish/Documents/death/teastore/TeaStore/examples/httploadgenerator/increasingLowIntensity.csv y script=/home/luish/Documents/death/teastore/TeaStore/examples/httploadgenerator/teastore_buy.lua
[⏱ 01:29:05] Iniciando ecofloc en nitro5 por 145s (fase: fase3_carga_low_iter8)
Feb 26, 2026 1:29:05 AM tools.descartes.dlim.httploadgenerator.runner.Director executeDirector
WARNING: No power measurements
Feb 26, 2026 1:29:05 AM tools.descartes.dlim.httploadgenerator.runner.Director executeDirector
INFO: Load Generator Thread Count set to 64
Feb 26, 2026 1:29:05 AM tools.descartes.dlim.httploadgenerator.runner.Director executeDirector
INFO: URL connection timout set to 30000 ms
Feb 26, 2026 1:29:05 AM tools.descartes.dlim.httploadgenerator.runner.Director executeDirector
INFO: Using Lua Script: /home/luish/Documents/death/teastore/TeaStore/examples/httploadgenerator/teastore_buy.lua
Feb 26, 2026 1:29:05 AM tools.descartes.dlim.httploadgenerator.runner.Director process
INFO: Read 120 Arrival Rate Tuples
Load Generator sent: ok
Feb 26, 2026 1:29:05 AM tools.descartes.dlim.httploadgenerator.runner.Director process
INFO: Arrival Rates sent to Load Generator(s).
Load Generator sent: ok
Feb 26, 2026 1:29:05 AM tools.descartes.dlim.httploadgenerator.runner.Director process
INFO: Thread Count sent to Load Generator(s): 64
Load Generator sent: ok
Feb 26, 2026 1:29:05 AM tools.descartes.dlim.httploadgenerator.runner.Director process
INFO: URL connection timeout sent to Load Generator(s): 30000
Load Generator sent: ok
Feb 26, 2026 1:29:05 AM tools.descartes.dlim.httploadgenerator.runner.Director process
INFO: Contents of script sent to Load Generator: /home/luish/Documents/death/teastore/TeaStore/examples/httploadgenerator/teastore_buy.lua
Feb 26, 2026 1:29:05 AM tools.descartes.dlim.httploadgenerator.runner.Director process
INFO: Starting Load Generation
Beginning Run @1772087345995(26.02.2026;01:29:05995)
Target Time = 0.5; Load Intensity = 0.0; #Success = 0; #Failed = 0; #Dropped = 0
  ├─ [nitro5:sd] start 01:29:06
  ├─ [nitro5:ram] start 01:29:06
  ├─ [nitro5:nic] start 01:29:07
[⏱ 01:29:07] Iniciando ecofloc en aspire por 145s (fase: fase3_carga_low_iter8)
  ├─ [nitro5:cpu] start 01:29:07
  ├─ [aspire:sd] start 01:29:07
  ├─ [aspire:ram] start 01:29:07
[⏱ 01:29:07] Iniciando ecofloc en scorpius por 145s (fase: fase3_carga_low_iter8)
  ├─ [aspire:nic] start 01:29:07
  ├─ [aspire:cpu] start 01:29:07
  ├─ [scorpius:sd] start 01:29:07
  ├─ [scorpius:ram] start 01:29:07
[⏱ 01:29:07] Iniciando ecofloc en leo por 145s (fase: fase3_carga_low_iter8)
  ├─ [scorpius:nic] start 01:29:07
  ├─ [scorpius:cpu] start 01:29:07
  ├─ [leo:sd] start 01:29:07
  ├─ [leo:ram] start 01:29:07
  ├─ [leo:nic] start 01:29:07
  ├─ [leo:cpu] start 01:29:07
Target Time = 1.5; Load Intensity = 1.0; #Success = 0; #Failed = 0; #Dropped = 0
Target Time = 2.5; Load Intensity = 2.0; #Success = 0; #Failed = 0; #Dropped = 0
Target Time = 3.5; Load Intensity = 2.0; #Success = 4; #Failed = 0; #Dropped = 0
Target Time = 4.5; Load Intensity = 3.0; #Success = 4; #Failed = 0; #Dropped = 0
Target Time = 5.5; Load Intensity = 4.0; #Success = 4; #Failed = 0; #Dropped = 0
Target Time = 6.5; Load Intensity = 5.0; #Success = 4; #Failed = 0; #Dropped = 0
Target Time = 7.5; Load Intensity = 6.0; #Success = 7; #Failed = 0; #Dropped = 0
Target Time = 8.5; Load Intensity = 7.0; #Success = 7; #Failed = 0; #Dropped = 0
Target Time = 9.5; Load Intensity = 7.0; #Success = 7; #Failed = 0; #Dropped = 0
Target Time = 10.5; Load Intensity = 8.0; #Success = 7; #Failed = 0; #Dropped = 0
Target Time = 11.5; Load Intensity = 9.0; #Success = 10; #Failed = 0; #Dropped = 0
Target Time = 12.5; Load Intensity = 10.0; #Success = 9; #Failed = 0; #Dropped = 0
Target Time = 13.5; Load Intensity = 11.0; #Success = 10; #Failed = 0; #Dropped = 0
Target Time = 14.5; Load Intensity = 12.0; #Success = 12; #Failed = 0; #Dropped = 0
Target Time = 15.5; Load Intensity = 12.0; #Success = 14; #Failed = 0; #Dropped = 0
Target Time = 16.5; Load Intensity = 13.0; #Success = 13; #Failed = 0; #Dropped = 0
Target Time = 17.5; Load Intensity = 14.0; #Success = 14; #Failed = 0; #Dropped = 0
Target Time = 18.5; Load Intensity = 15.0; #Success = 2; #Failed = 0; #Dropped = 0
Target Time = 19.5; Load Intensity = 16.0; #Success = 0; #Failed = 0; #Dropped = 0
Target Time = 20.5; Load Intensity = 17.0; #Success = 44; #Failed = 0; #Dropped = 0
Target Time = 21.5; Load Intensity = 17.0; #Success = 16; #Failed = 0; #Dropped = 0
Target Time = 22.5; Load Intensity = 18.0; #Success = 4; #Failed = 0; #Dropped = 0
Target Time = 23.5; Load Intensity = 19.0; #Success = 34; #Failed = 0; #Dropped = 0
Target Time = 24.5; Load Intensity = 20.0; #Success = 20; #Failed = 0; #Dropped = 0
Target Time = 25.5; Load Intensity = 21.0; #Success = 10; #Failed = 0; #Dropped = 0
Target Time = 26.5; Load Intensity = 22.0; #Success = 30; #Failed = 0; #Dropped = 0
Target Time = 27.5; Load Intensity = 22.0; #Success = 22; #Failed = 0; #Dropped = 0
Target Time = 28.5; Load Intensity = 23.0; #Success = 12; #Failed = 0; #Dropped = 0
Target Time = 29.5; Load Intensity = 24.0; #Success = 36; #Failed = 0; #Dropped = 0
Target Time = 30.5; Load Intensity = 25.0; #Success = 25; #Failed = 0; #Dropped = 0
Target Time = 31.5; Load Intensity = 26.0; #Success = 11; #Failed = 0; #Dropped = 0
Target Time = 32.5; Load Intensity = 27.0; #Success = 4; #Failed = 0; #Dropped = 0
Target Time = 33.5; Load Intensity = 27.0; #Success = 2; #Failed = 0; #Dropped = 0
Target Time = 34.5; Load Intensity = 28.0; #Success = 4; #Failed = 0; #Dropped = 0
Target Time = 35.5; Load Intensity = 29.0; #Success = 4; #Failed = 0; #Dropped = 0
Target Time = 36.5; Load Intensity = 30.0; #Success = 5; #Failed = 0; #Dropped = 0
Target Time = 37.5; Load Intensity = 31.0; #Success = 5; #Failed = 0; #Dropped = 0
Target Time = 38.5; Load Intensity = 32.0; #Success = 2; #Failed = 0; #Dropped = 0
Target Time = 39.5; Load Intensity = 32.0; #Success = 1; #Failed = 0; #Dropped = 0
Target Time = 40.5; Load Intensity = 33.0; #Success = 6; #Failed = 0; #Dropped = 0
Target Time = 41.5; Load Intensity = 34.0; #Success = 11; #Failed = 0; #Dropped = 0
Target Time = 42.5; Load Intensity = 35.0; #Success = 8; #Failed = 0; #Dropped = 0
Target Time = 43.5; Load Intensity = 36.0; #Success = 11; #Failed = 0; #Dropped = 0
Target Time = 44.5; Load Intensity = 37.0; #Success = 8; #Failed = 0; #Dropped = 0
Target Time = 45.5; Load Intensity = 37.0; #Success = 4; #Failed = 0; #Dropped = 0
Target Time = 46.5; Load Intensity = 38.0; #Success = 3; #Failed = 0; #Dropped = 0
Target Time = 47.5; Load Intensity = 39.0; #Success = 3; #Failed = 0; #Dropped = 0
Target Time = 48.5; Load Intensity = 40.0; #Success = 0; #Failed = 0; #Dropped = 0
Target Time = 49.5; Load Intensity = 41.0; #Success = 39; #Failed = 0; #Dropped = 0
Target Time = 50.5; Load Intensity = 42.0; #Success = 19; #Failed = 0; #Dropped = 0
Target Time = 51.5; Load Intensity = 42.0; #Success = 9; #Failed = 6; #Dropped = 0
Target Time = 52.5; Load Intensity = 43.0; #Success = 1; #Failed = 7; #Dropped = 0
Target Time = 53.5; Load Intensity = 44.0; #Success = 6; #Failed = 3; #Dropped = 0
Target Time = 54.5; Load Intensity = 45.0; #Success = 0; #Failed = 3; #Dropped = 0
Target Time = 55.5; Load Intensity = 46.0; #Success = 9; #Failed = 7; #Dropped = 0
Target Time = 56.5; Load Intensity = 47.0; #Success = 11; #Failed = 2; #Dropped = 0
Target Time = 57.5; Load Intensity = 47.0; #Success = 3; #Failed = 6; #Dropped = 0
Target Time = 58.5; Load Intensity = 48.0; #Success = 3; #Failed = 4; #Dropped = 0
Target Time = 59.5; Load Intensity = 49.0; #Success = 15; #Failed = 3; #Dropped = 0
Target Time = 60.5; Load Intensity = 50.0; #Success = 2; #Failed = 1; #Dropped = 0
Target Time = 61.5; Load Intensity = 51.0; #Success = 11; #Failed = 9; #Dropped = 0
Target Time = 62.5; Load Intensity = 52.0; #Success = 4; #Failed = 3; #Dropped = 0
Target Time = 63.5; Load Intensity = 52.0; #Success = 1; #Failed = 4; #Dropped = 0
Target Time = 64.5; Load Intensity = 53.0; #Success = 0; #Failed = 4; #Dropped = 0
Target Time = 65.5; Load Intensity = 54.0; #Success = 5; #Failed = 13; #Dropped = 0
Target Time = 66.5; Load Intensity = 55.0; #Success = 3; #Failed = 4; #Dropped = 0
Target Time = 67.5; Load Intensity = 56.0; #Success = 1; #Failed = 9; #Dropped = 0
Target Time = 68.5; Load Intensity = 57.0; #Success = 7; #Failed = 8; #Dropped = 0
Target Time = 69.5; Load Intensity = 57.0; #Success = 15; #Failed = 37; #Dropped = 0
Target Time = 70.5; Load Intensity = 58.0; #Success = 1; #Failed = 23; #Dropped = 0
Target Time = 71.5; Load Intensity = 59.0; #Success = 8; #Failed = 21; #Dropped = 0
Target Time = 72.5; Load Intensity = 60.0; #Success = 1; #Failed = 13; #Dropped = 0
Target Time = 73.5; Load Intensity = 61.0; #Success = 7; #Failed = 21; #Dropped = 0
Target Time = 74.5; Load Intensity = 62.0; #Success = 7; #Failed = 18; #Dropped = 0
Target Time = 75.5; Load Intensity = 62.0; #Success = 1; #Failed = 2; #Dropped = 0
Target Time = 76.5; Load Intensity = 63.0; #Success = 0; #Failed = 1; #Dropped = 0
Target Time = 77.5; Load Intensity = 64.0; #Success = 7; #Failed = 24; #Dropped = 0
Target Time = 78.5; Load Intensity = 65.0; #Success = 3; #Failed = 6; #Dropped = 0
Target Time = 79.5; Load Intensity = 66.0; #Success = 0; #Failed = 4; #Dropped = 0
Target Time = 80.5; Load Intensity = 67.0; #Success = 1; #Failed = 29; #Dropped = 26
Target Time = 81.5; Load Intensity = 67.0; #Success = 2; #Failed = 1; #Dropped = 25
Target Time = 82.5; Load Intensity = 68.0; #Success = 2; #Failed = 5; #Dropped = 28
Target Time = 83.5; Load Intensity = 69.0; #Success = 0; #Failed = 23; #Dropped = 35
Target Time = 84.5; Load Intensity = 70.0; #Success = 1; #Failed = 9; #Dropped = 25
Target Time = 85.5; Load Intensity = 71.0; #Success = 0; #Failed = 14; #Dropped = 40
Target Time = 86.5; Load Intensity = 72.0; #Success = 0; #Failed = 20; #Dropped = 31
Target Time = 87.5; Load Intensity = 72.0; #Success = 9; #Failed = 10; #Dropped = 38
Target Time = 88.5; Load Intensity = 73.0; #Success = 13; #Failed = 34; #Dropped = 2
Target Time = 89.5; Load Intensity = 74.0; #Success = 4; #Failed = 24; #Dropped = 17
Target Time = 90.5; Load Intensity = 75.0; #Success = 11; #Failed = 32; #Dropped = 11
Target Time = 91.5; Load Intensity = 76.0; #Success = 4; #Failed = 15; #Dropped = 33
Target Time = 92.5; Load Intensity = 77.0; #Success = 5; #Failed = 21; #Dropped = 23
Target Time = 93.5; Load Intensity = 77.0; #Success = 5; #Failed = 18; #Dropped = 28
Target Time = 94.5; Load Intensity = 78.0; #Success = 8; #Failed = 14; #Dropped = 25
Target Time = 95.5; Load Intensity = 79.0; #Success = 14; #Failed = 22; #Dropped = 20
Target Time = 96.5; Load Intensity = 80.0; #Success = 16; #Failed = 21; #Dropped = 28
Target Time = 97.5; Load Intensity = 81.0; #Success = 11; #Failed = 12; #Dropped = 28
Target Time = 98.5; Load Intensity = 82.0; #Success = 4; #Failed = 16; #Dropped = 34
Target Time = 99.5; Load Intensity = 82.0; #Success = 5; #Failed = 35; #Dropped = 25
Target Time = 100.5; Load Intensity = 83.0; #Success = 3; #Failed = 25; #Dropped = 24
Target Time = 101.5; Load Intensity = 84.0; #Success = 0; #Failed = 15; #Dropped = 46
Target Time = 102.5; Load Intensity = 85.0; #Success = 5; #Failed = 15; #Dropped = 45
Target Time = 103.5; Load Intensity = 86.0; #Success = 4; #Failed = 21; #Dropped = 31
Target Time = 104.5; Load Intensity = 87.0; #Success = 12; #Failed = 18; #Dropped = 33
Target Time = 105.5; Load Intensity = 87.0; #Success = 1; #Failed = 14; #Dropped = 43
Target Time = 106.5; Load Intensity = 88.0; #Success = 3; #Failed = 13; #Dropped = 44
Target Time = 107.5; Load Intensity = 89.0; #Success = 1; #Failed = 7; #Dropped = 49
Target Time = 108.5; Load Intensity = 90.0; #Success = 0; #Failed = 11; #Dropped = 47
Target Time = 109.5; Load Intensity = 91.0; #Success = 0; #Failed = 15; #Dropped = 66
Target Time = 110.5; Load Intensity = 92.0; #Success = 3; #Failed = 9; #Dropped = 29
Target Time = 111.5; Load Intensity = 92.0; #Success = 5; #Failed = 9; #Dropped = 85
Target Time = 112.5; Load Intensity = 93.0; #Success = 1; #Failed = 0; #Dropped = 14
Target Time = 113.5; Load Intensity = 94.0; #Success = 9; #Failed = 10; #Dropped = 94
Target Time = 114.5; Load Intensity = 95.0; #Success = 3; #Failed = 11; #Dropped = 48
Target Time = 115.5; Load Intensity = 96.0; #Success = 6; #Failed = 6; #Dropped = 77
Target Time = 116.5; Load Intensity = 97.0; #Success = 1; #Failed = 11; #Dropped = 54
Target Time = 117.5; Load Intensity = 97.0; #Success = 5; #Failed = 12; #Dropped = 58
Target Time = 118.5; Load Intensity = 98.0; #Success = 0; #Failed = 6; #Dropped = 25
Target Time = 119.5; Load Intensity = 99.0; #Success = 7; #Failed = 2; #Dropped = 72
Target Time = 120.5; Load Intensity = 0.0; #Success = 2; #Failed = 17; #Dropped = 84
Target Time = 121.5; Load Intensity = 0.0; #Success = 4; #Failed = 13; #Dropped = 35
Target Time = 122.5; Load Intensity = 0.0; #Success = 12; #Failed = 18; #Dropped = 81
Target Time = 123.5; Load Intensity = 0.0; #Success = 6; #Failed = 18; #Dropped = 53
Target Time = 124.5; Load Intensity = 0.0; #Success = 6; #Failed = 9; #Dropped = 51
Target Time = 125.5; Load Intensity = 0.0; #Success = 8; #Failed = 25; #Dropped = 47
Target Time = 126.5; Load Intensity = 0.0; #Success = 3; #Failed = 15; #Dropped = 71
Target Time = 127.5; Load Intensity = 0.0; #Success = 4; #Failed = 15; #Dropped = 57
Target Time = 128.5; Load Intensity = 0.0; #Success = 6; #Failed = 16; #Dropped = 67
Target Time = 129.5; Load Intensity = 0.0; #Success = 7; #Failed = 9; #Dropped = 62
Target Time = 130.5; Load Intensity = 0.0; #Success = 7; #Failed = 15; #Dropped = 64
Target Time = 131.5; Load Intensity = 0.0; #Success = 6; #Failed = 5; #Dropped = 78
Target Time = 132.5; Load Intensity = 0.0; #Success = 6; #Failed = 8; #Dropped = 59
Target Time = 133.5; Load Intensity = 0.0; #Success = 0; #Failed = 10; #Dropped = 44
Target Time = 134.5; Load Intensity = 0.0; #Success = 8; #Failed = 14; #Dropped = 103
Target Time = 135.5; Load Intensity = 0.0; #Success = 6; #Failed = 4; #Dropped = 61
Target Time = 136.5; Load Intensity = 0.0; #Success = 4; #Failed = 4; #Dropped = 94
Target Time = 137.5; Load Intensity = 0.0; #Success = 4; #Failed = 14; #Dropped = 60
Target Time = 138.5; Load Intensity = 0.0; #Success = 6; #Failed = 9; #Dropped = 85
Target Time = 139.5; Load Intensity = 0.0; #Success = 6; #Failed = 9; #Dropped = 32
Target Time = 140.5; Load Intensity = 0.0; #Success = 12; #Failed = 4; #Dropped = 118
Target Time = 141.5; Load Intensity = 0.0; #Success = 2; #Failed = 22; #Dropped = 73
Target Time = 142.5; Load Intensity = 0.0; #Success = 6; #Failed = 13; #Dropped = 71
Target Time = 143.5; Load Intensity = 0.0; #Success = 7; #Failed = 9; #Dropped = 78
Target Time = 144.5; Load Intensity = 0.0; #Success = 2; #Failed = 21; #Dropped = 71
  └─ [nitro5:sd] end 01:31:31
Target Time = 145.5; Load Intensity = 0.0; #Success = 10; #Failed = 12; #Dropped = 70
  └─ [nitro5:ram] end 01:31:31
  └─ [nitro5:nic] end 01:31:32
  └─ [nitro5:cpu] end 01:31:32
Target Time = 146.5; Load Intensity = 0.0; #Success = 2; #Failed = 13; #Dropped = 90
Target Time = 147.5; Load Intensity = 0.0; #Success = 8; #Failed = 11; #Dropped = 80
Target Time = 148.5; Load Intensity = 0.0; #Success = 4; #Failed = 9; #Dropped = 81
Target Time = 149.5; Load Intensity = 0.0; #Success = 2; #Failed = 1; #Dropped = 3
Target Time = 150.5; Load Intensity = 0.0; #Success = 0; #Failed = 14; #Dropped = 92
  └─ [scorpius:cpu] end 01:31:36
  └─ [aspire:nic] end 01:31:37
Target Time = 151.5; Load Intensity = 0.0; #Success = 9; #Failed = 22; #Dropped = 0
  └─ [aspire:cpu] end 01:31:37
Target Time = 152.5; Load Intensity = 0.0; #Success = 2; #Failed = 2; #Dropped = 0
  └─ [aspire:sd] end 01:31:39
Target Time = 153.5; Load Intensity = 0.0; #Success = 2; #Failed = 1; #Dropped = 0
  └─ [aspire:ram] end 01:31:39
  └─ [scorpius:sd] end 01:31:40
Target Time = 154.5; Load Intensity = 0.0; #Success = 2; #Failed = 1; #Dropped = 0
Target Time = 155.5; Load Intensity = 0.0; #Success = 2; #Failed = 0; #Dropped = 0
  └─ [scorpius:ram] end 01:31:41
Target Time = 156.5; Load Intensity = 0.0; #Success = 0; #Failed = 0; #Dropped = 0
  └─ [scorpius:nic] end 01:31:43
Target Time = 157.5; Load Intensity = 0.0; #Success = 1; #Failed = 1; #Dropped = 0
Target Time = 158.5; Load Intensity = 0.0; #Success = 1; #Failed = 0; #Dropped = 0
  └─ [leo:nic] end 01:31:45
Target Time = 159.5; Load Intensity = 0.0; #Success = 2; #Failed = 1; #Dropped = 0
Target Time = 160.5; Load Intensity = 0.0; #Success = 0; #Failed = 0; #Dropped = 0
  └─ [leo:cpu] end 01:31:47
Target Time = 161.5; Load Intensity = 0.0; #Success = 0; #Failed = 0; #Dropped = 0
Target Time = 162.5; Load Intensity = 0.0; #Success = 0; #Failed = 0; #Dropped = 0
  └─ [leo:sd] end 01:31:49
Target Time = 163.5; Load Intensity = 0.0; #Success = 0; #Failed = 0; #Dropped = 0
  └─ [leo:ram] end 01:31:50
=== Bloque 145s terminado - Fase: fase3_carga_low_iter8 ===
[🧹] Limpiando CSVs internos de ecofloc en cada nodo (fase: fase3_carga_low_iter8)...
  ✔ [nitro5:cpu] limpiado /home/luish/Documents/p3/ecofloc2/ecofloc/ecofloc-cpu/ECOFLOC_CPU_COMM_text.csv
  ✔ [nitro5:nic] limpiado /home/luish/Documents/p3/ecofloc2/ecofloc/ecofloc-nic/ECOFLOC_NIC_COMM_text.csv
  ✔ [nitro5:ram] limpiado /home/luish/Documents/p3/ecofloc2/ecofloc/ecofloc-ram/ECOFLOC_RAM_COMM_text.csv
  ✔ [nitro5:sd] limpiado /home/luish/Documents/p3/ecofloc2/ecofloc/ecofloc-sd/ECOFLOC_SD_COMM_text.csv
Target Time = 164.5; Load Intensity = 0.0; #Success = 0; #Failed = 0; #Dropped = 0
  ✔ [leo:cpu] limpiado /home/leo/ecofloc/ecofloc-cpu/ECOFLOC_CPU_COMM_text.csv
  ✔ [leo:nic] limpiado /home/leo/ecofloc/ecofloc-nic/ECOFLOC_NIC_COMM_text.csv
Target Time = 165.5; Load Intensity = 0.0; #Success = 1; #Failed = 0; #Dropped = 0
  ✔ [leo:ram] limpiado /home/leo/ecofloc/ecofloc-ram/ECOFLOC_RAM_COMM_text.csv
  ✔ [leo:sd] limpiado /home/leo/ecofloc/ecofloc-sd/ECOFLOC_SD_COMM_text.csv
  ✔ [aspire:cpu] limpiado /home/luish/Documents/p3/ecofloc2/ecofloc/ecofloc-cpu/ECOFLOC_CPU_COMM_text.csv
  ✔ [aspire:nic] limpiado /home/luish/Documents/p3/ecofloc2/ecofloc/ecofloc-nic/ECOFLOC_NIC_COMM_text.csv
  ✔ [aspire:ram] limpiado /home/luish/Documents/p3/ecofloc2/ecofloc/ecofloc-ram/ECOFLOC_RAM_COMM_text.csv
  ✔ [aspire:sd] limpiado /home/luish/Documents/p3/ecofloc2/ecofloc/ecofloc-sd/ECOFLOC_SD_COMM_text.csv
  ✔ [scorpius:cpu] limpiado /home/scorpius03/Documents/ecofloc/ecofloc-cpu/ECOFLOC_CPU_COMM_text.csv
  ✔ [scorpius:nic] limpiado /home/scorpius03/Documents/ecofloc/ecofloc-nic/ECOFLOC_NIC_COMM_text.csv
  ✔ [scorpius:ram] limpiado /home/scorpius03/Documents/ecofloc/ecofloc-ram/ECOFLOC_RAM_COMM_text.csv
  ✔ [scorpius:sd] limpiado /home/scorpius03/Documents/ecofloc/ecofloc-sd/ECOFLOC_SD_COMM_text.csv
========================================
🔋 MEASURE ENERGY FINALIZADO
   Fase: fase3_carga_low_iter8
========================================
Workload finished.
Log finished.
📄 LIMBO finalizado para scenario=low
⏳ [01:31:56] Esperando que termine medición: fase3_carga_low_iter8 (PID: 1411586)
✔️ [01:31:56] Medición fase3_carga_low_iter8 completada
[📦] Archivando resultados → ./historyexecutions/exp(01:32:01)_fase3_low_iter8
[✔] Archivado: ./historyexecutions/exp(01:32:01)_fase3_low_iter8
🧹 Limpiando TeaStore (iter 8)...
⏸ Esperando 15s para limpieza completa...
✅ Iteración 8 / 15 del escenario low completada.

########################################################
🔄 ESCENARIO: low | ITERACIÓN: 9 / 15
   Hora: 01:32:49
########################################################
========================================
🔋 FASE 1: Descarga de imágenes (low, iter 9)
========================================
📋 Capturando PIDs (gepidstea.sh)...
📋 Capturando PIDs de contenedores (kpsnodos.sh)...
🔋 [01:33:10] Iniciando medición de energía: fase1_descarga_low_iter9 (25s)
   PID de medición: 1812596
🚀 Desplegando TeaStore desde /home/luish/Documents/death/teastore/TeaStore/examples/kubernetes/teastore-energy-scheduler.yaml...
========================================
🔋 MEASURE ENERGY - Fase: fase1_descarga_low_iter9
   Duración: 25s
   PID: 1812596
========================================
=== Medición bloque 25s - Fase: fase1_descarga_low_iter9 ===
[⏱ 01:33:10] Iniciando ecofloc en nitro5 por 25s (fase: fase1_descarga_low_iter9)
⏳ Esperando a que todos los pods de TeaStore estén Running y Ready...
  ├─ [nitro5:sd] start 01:33:10
  ├─ [nitro5:ram] start 01:33:11
  ├─ [nitro5:nic] start 01:33:11
[⏱ 01:33:12] Iniciando ecofloc en aspire por 25s (fase: fase1_descarga_low_iter9)
  ├─ [nitro5:cpu] start 01:33:12
  ├─ [aspire:sd] start 01:33:12
  ├─ [aspire:ram] start 01:33:12
  ├─ [aspire:nic] start 01:33:12
[⏱ 01:33:12] Iniciando ecofloc en scorpius por 25s (fase: fase1_descarga_low_iter9)
  ├─ [aspire:cpu] start 01:33:12
  ├─ [scorpius:sd] start 01:33:12
  ├─ [scorpius:ram] start 01:33:12
  ├─ [scorpius:nic] start 01:33:12
[⏱ 01:33:12] Iniciando ecofloc en leo por 25s (fase: fase1_descarga_low_iter9)
  ├─ [scorpius:cpu] start 01:33:12
  ├─ [leo:sd] start 01:33:12
  ├─ [leo:ram] start 01:33:12
  ├─ [leo:nic] start 01:33:12
  ├─ [leo:cpu] start 01:33:12
✅ Pods listos.
⏳ [01:33:14] Esperando que termine medición: fase1_descarga_low_iter9 (PID: 1812596)
  └─ [nitro5:sd] end 01:33:35
  └─ [nitro5:ram] end 01:33:36
  └─ [nitro5:nic] end 01:33:36
  └─ [nitro5:cpu] end 01:33:37
  └─ [aspire:cpu] end 01:33:38
  └─ [scorpius:sd] end 01:33:38
  └─ [aspire:sd] end 01:33:38
  └─ [scorpius:cpu] end 01:33:38
  └─ [leo:cpu] end 01:33:38
  └─ [leo:nic] end 01:33:38
  └─ [aspire:nic] end 01:33:38
  └─ [scorpius:nic] end 01:33:38
  └─ [aspire:ram] end 01:33:38
  └─ [scorpius:ram] end 01:33:39
  └─ [leo:ram] end 01:33:39
=== Bloque 25s terminado - Fase: fase1_descarga_low_iter9 ===
[🧹] Limpiando CSVs internos de ecofloc en cada nodo (fase: fase1_descarga_low_iter9)...
  ✔ [nitro5:cpu] limpiado /home/luish/Documents/p3/ecofloc2/ecofloc/ecofloc-cpu/ECOFLOC_CPU_COMM_text.csv
  ✔ [nitro5:nic] limpiado /home/luish/Documents/p3/ecofloc2/ecofloc/ecofloc-nic/ECOFLOC_NIC_COMM_text.csv
  ✔ [nitro5:ram] limpiado /home/luish/Documents/p3/ecofloc2/ecofloc/ecofloc-ram/ECOFLOC_RAM_COMM_text.csv
  ✔ [nitro5:sd] limpiado /home/luish/Documents/p3/ecofloc2/ecofloc/ecofloc-sd/ECOFLOC_SD_COMM_text.csv
  ✔ [leo:cpu] limpiado /home/leo/ecofloc/ecofloc-cpu/ECOFLOC_CPU_COMM_text.csv
  ✔ [leo:nic] limpiado /home/leo/ecofloc/ecofloc-nic/ECOFLOC_NIC_COMM_text.csv
  ✔ [leo:ram] limpiado /home/leo/ecofloc/ecofloc-ram/ECOFLOC_RAM_COMM_text.csv
  ✔ [leo:sd] limpiado /home/leo/ecofloc/ecofloc-sd/ECOFLOC_SD_COMM_text.csv
  ✔ [aspire:cpu] limpiado /home/luish/Documents/p3/ecofloc2/ecofloc/ecofloc-cpu/ECOFLOC_CPU_COMM_text.csv
  ✔ [aspire:nic] limpiado /home/luish/Documents/p3/ecofloc2/ecofloc/ecofloc-nic/ECOFLOC_NIC_COMM_text.csv
  ✔ [aspire:ram] limpiado /home/luish/Documents/p3/ecofloc2/ecofloc/ecofloc-ram/ECOFLOC_RAM_COMM_text.csv
  ✔ [aspire:sd] limpiado /home/luish/Documents/p3/ecofloc2/ecofloc/ecofloc-sd/ECOFLOC_SD_COMM_text.csv
  ✔ [scorpius:cpu] limpiado /home/scorpius03/Documents/ecofloc/ecofloc-cpu/ECOFLOC_CPU_COMM_text.csv
  ✔ [scorpius:nic] limpiado /home/scorpius03/Documents/ecofloc/ecofloc-nic/ECOFLOC_NIC_COMM_text.csv
  ✔ [scorpius:ram] limpiado /home/scorpius03/Documents/ecofloc/ecofloc-ram/ECOFLOC_RAM_COMM_text.csv
  ✔ [scorpius:sd] limpiado /home/scorpius03/Documents/ecofloc/ecofloc-sd/ECOFLOC_SD_COMM_text.csv
========================================
🔋 MEASURE ENERGY FINALIZADO
   Fase: fase1_descarga_low_iter9
========================================
✔️ [01:33:43] Medición fase1_descarga_low_iter9 completada
[📦] Archivando resultados → ./historyexecutions/exp(01:33:48)_fase1_low_iter9
[✔] Archivado: ./historyexecutions/exp(01:33:48)_fase1_low_iter9
========================================
🔋 FASE 2: Preparación de servicios (low, iter 9)
========================================
📋 Capturando PIDs (gepidstea.sh)...
📋 Capturando PIDs de contenedores (kpsnodos.sh)...
🔋 [01:34:05] Iniciando medición de energía: fase2_preparacion_low_iter9 (50s)
   PID de medición: 1876557
========================================
🔋 MEASURE ENERGY - Fase: fase2_preparacion_low_iter9
   Duración: 50s
   PID: 1876557
========================================
=== Medición bloque 50s - Fase: fase2_preparacion_low_iter9 ===
[⏱ 01:34:05] Iniciando ecofloc en nitro5 por 50s (fase: fase2_preparacion_low_iter9)
⏳ Esperando 10s a que CoreDNS se estabilice...
  ├─ [nitro5:sd] start 01:34:05
  ├─ [nitro5:ram] start 01:34:05
  ├─ [nitro5:nic] start 01:34:06
[⏱ 01:34:06] Iniciando ecofloc en aspire por 50s (fase: fase2_preparacion_low_iter9)
  ├─ [nitro5:cpu] start 01:34:06
  ├─ [aspire:sd] start 01:34:06
  ├─ [aspire:ram] start 01:34:06
[⏱ 01:34:06] Iniciando ecofloc en scorpius por 50s (fase: fase2_preparacion_low_iter9)
  ├─ [aspire:nic] start 01:34:06
  ├─ [aspire:cpu] start 01:34:06
  ├─ [scorpius:sd] start 01:34:06
  ├─ [scorpius:ram] start 01:34:06
  ├─ [scorpius:nic] start 01:34:06
[⏱ 01:34:06] Iniciando ecofloc en leo por 50s (fase: fase2_preparacion_low_iter9)
  ├─ [scorpius:cpu] start 01:34:06
  ├─ [leo:sd] start 01:34:06
  ├─ [leo:ram] start 01:34:06
  ├─ [leo:nic] start 01:34:06
  ├─ [leo:cpu] start 01:34:06
➡️ Pod WebUI: teastore-webui-ff7768544-6gfzb
➡️ Está en el nodo: luish-nitro-an515-57
🌐 IP del nodo WebUI: 192.168.18.27
⏳ Verificando estado del TeaStore en http://192.168.18.27:30080/tools.descartes.teastore.webui/status ...
   ➤ Estado actual: 5 / 5 servicios OK
✔ TODOS los servicios del TeaStore están OK. Continuando...
⏳ [01:34:18] Esperando que termine medición: fase2_preparacion_low_iter9 (PID: 1876557)
  └─ [nitro5:sd] end 01:34:55
  └─ [nitro5:ram] end 01:34:55
  └─ [nitro5:nic] end 01:34:56
  └─ [nitro5:cpu] end 01:34:56
  └─ [scorpius:cpu] end 01:34:57
  └─ [scorpius:sd] end 01:34:57
  └─ [aspire:cpu] end 01:34:57
  └─ [aspire:sd] end 01:34:57
  └─ [leo:cpu] end 01:34:57
  └─ [leo:nic] end 01:34:57
  └─ [aspire:nic] end 01:34:58
  └─ [aspire:ram] end 01:34:58
  └─ [scorpius:nic] end 01:34:58
  └─ [scorpius:ram] end 01:34:59
  └─ [leo:ram] end 01:35:00
=== Bloque 50s terminado - Fase: fase2_preparacion_low_iter9 ===
[🧹] Limpiando CSVs internos de ecofloc en cada nodo (fase: fase2_preparacion_low_iter9)...
  ✔ [nitro5:cpu] limpiado /home/luish/Documents/p3/ecofloc2/ecofloc/ecofloc-cpu/ECOFLOC_CPU_COMM_text.csv
  ✔ [nitro5:nic] limpiado /home/luish/Documents/p3/ecofloc2/ecofloc/ecofloc-nic/ECOFLOC_NIC_COMM_text.csv
  ✔ [nitro5:ram] limpiado /home/luish/Documents/p3/ecofloc2/ecofloc/ecofloc-ram/ECOFLOC_RAM_COMM_text.csv
  ✔ [nitro5:sd] limpiado /home/luish/Documents/p3/ecofloc2/ecofloc/ecofloc-sd/ECOFLOC_SD_COMM_text.csv
  ✔ [leo:cpu] limpiado /home/leo/ecofloc/ecofloc-cpu/ECOFLOC_CPU_COMM_text.csv
  ✔ [leo:nic] limpiado /home/leo/ecofloc/ecofloc-nic/ECOFLOC_NIC_COMM_text.csv
  ✔ [leo:ram] limpiado /home/leo/ecofloc/ecofloc-ram/ECOFLOC_RAM_COMM_text.csv
  ✔ [leo:sd] limpiado /home/leo/ecofloc/ecofloc-sd/ECOFLOC_SD_COMM_text.csv
  ✔ [aspire:cpu] limpiado /home/luish/Documents/p3/ecofloc2/ecofloc/ecofloc-cpu/ECOFLOC_CPU_COMM_text.csv
  ✔ [aspire:nic] limpiado /home/luish/Documents/p3/ecofloc2/ecofloc/ecofloc-nic/ECOFLOC_NIC_COMM_text.csv
  ✔ [aspire:ram] limpiado /home/luish/Documents/p3/ecofloc2/ecofloc/ecofloc-ram/ECOFLOC_RAM_COMM_text.csv
  ✔ [aspire:sd] limpiado /home/luish/Documents/p3/ecofloc2/ecofloc/ecofloc-sd/ECOFLOC_SD_COMM_text.csv
  ✔ [scorpius:cpu] limpiado /home/scorpius03/Documents/ecofloc/ecofloc-cpu/ECOFLOC_CPU_COMM_text.csv
  ✔ [scorpius:nic] limpiado /home/scorpius03/Documents/ecofloc/ecofloc-nic/ECOFLOC_NIC_COMM_text.csv
  ✔ [scorpius:ram] limpiado /home/scorpius03/Documents/ecofloc/ecofloc-ram/ECOFLOC_RAM_COMM_text.csv
  ✔ [scorpius:sd] limpiado /home/scorpius03/Documents/ecofloc/ecofloc-sd/ECOFLOC_SD_COMM_text.csv
========================================
🔋 MEASURE ENERGY FINALIZADO
   Fase: fase2_preparacion_low_iter9
========================================
✔️ [01:35:04] Medición fase2_preparacion_low_iter9 completada
[📦] Archivando resultados → ./historyexecutions/exp(01:35:09)_fase2_low_iter9
[✔] Archivado: ./historyexecutions/exp(01:35:09)_fase2_low_iter9
========================================
🔋 FASE 3: Ejecución de carga (low, iter 9)
========================================
📋 Capturando PIDs (gepidstea.sh)...
📋 Capturando PIDs de contenedores (kpsnodos.sh)...
🔋 [01:35:24] Iniciando medición de energía: fase3_carga_low_iter9 (145s)
   PID de medición: 2011258
=== Escenario low (iter 9) ===
========================================
🔋 MEASURE ENERGY - Fase: fase3_carga_low_iter9
   Duración: 145s
   PID: 2011258
========================================
=== Medición bloque 145s - Fase: fase3_carga_low_iter9 ===
🚀 Iniciando LIMBO con profile=/home/luish/Documents/death/teastore/TeaStore/examples/httploadgenerator/increasingLowIntensity.csv y script=/home/luish/Documents/death/teastore/TeaStore/examples/httploadgenerator/teastore_buy.lua
[⏱ 01:35:24] Iniciando ecofloc en nitro5 por 145s (fase: fase3_carga_low_iter9)
Feb 26, 2026 1:35:24 AM tools.descartes.dlim.httploadgenerator.runner.Director executeDirector
WARNING: No power measurements
Feb 26, 2026 1:35:24 AM tools.descartes.dlim.httploadgenerator.runner.Director executeDirector
INFO: Load Generator Thread Count set to 64
Feb 26, 2026 1:35:24 AM tools.descartes.dlim.httploadgenerator.runner.Director executeDirector
INFO: URL connection timout set to 30000 ms
Feb 26, 2026 1:35:24 AM tools.descartes.dlim.httploadgenerator.runner.Director executeDirector
INFO: Using Lua Script: /home/luish/Documents/death/teastore/TeaStore/examples/httploadgenerator/teastore_buy.lua
Feb 26, 2026 1:35:24 AM tools.descartes.dlim.httploadgenerator.runner.Director process
INFO: Read 120 Arrival Rate Tuples
Load Generator sent: ok
Feb 26, 2026 1:35:24 AM tools.descartes.dlim.httploadgenerator.runner.Director process
INFO: Arrival Rates sent to Load Generator(s).
Load Generator sent: ok
Feb 26, 2026 1:35:24 AM tools.descartes.dlim.httploadgenerator.runner.Director process
INFO: Thread Count sent to Load Generator(s): 64
Load Generator sent: ok
Feb 26, 2026 1:35:24 AM tools.descartes.dlim.httploadgenerator.runner.Director process
INFO: URL connection timeout sent to Load Generator(s): 30000
Load Generator sent: ok
Feb 26, 2026 1:35:24 AM tools.descartes.dlim.httploadgenerator.runner.Director process
INFO: Contents of script sent to Load Generator: /home/luish/Documents/death/teastore/TeaStore/examples/httploadgenerator/teastore_buy.lua
Feb 26, 2026 1:35:24 AM tools.descartes.dlim.httploadgenerator.runner.Director process
INFO: Starting Load Generation
Beginning Run @1772087724763(26.02.2026;01:35:24763)
Target Time = 0.5; Load Intensity = 0.0; #Success = 0; #Failed = 0; #Dropped = 0
  ├─ [nitro5:sd] start 01:35:24
  ├─ [nitro5:ram] start 01:35:25
  ├─ [nitro5:nic] start 01:35:25
[⏱ 01:35:26] Iniciando ecofloc en aspire por 145s (fase: fase3_carga_low_iter9)
  ├─ [nitro5:cpu] start 01:35:26
  ├─ [aspire:sd] start 01:35:26
  ├─ [aspire:ram] start 01:35:26
  ├─ [aspire:nic] start 01:35:26
[⏱ 01:35:26] Iniciando ecofloc en scorpius por 145s (fase: fase3_carga_low_iter9)
  ├─ [aspire:cpu] start 01:35:26
  ├─ [scorpius:sd] start 01:35:26
  ├─ [scorpius:ram] start 01:35:26
  ├─ [scorpius:nic] start 01:35:26
[⏱ 01:35:26] Iniciando ecofloc en leo por 145s (fase: fase3_carga_low_iter9)
  ├─ [scorpius:cpu] start 01:35:26
  ├─ [leo:sd] start 01:35:26
  ├─ [leo:ram] start 01:35:26
  ├─ [leo:nic] start 01:35:26
  ├─ [leo:cpu] start 01:35:26
Target Time = 1.5; Load Intensity = 1.0; #Success = 0; #Failed = 0; #Dropped = 0
Target Time = 2.5; Load Intensity = 2.0; #Success = 0; #Failed = 0; #Dropped = 0
Target Time = 3.5; Load Intensity = 2.0; #Success = 0; #Failed = 0; #Dropped = 0
Target Time = 4.5; Load Intensity = 3.0; #Success = 8; #Failed = 0; #Dropped = 0
Target Time = 5.5; Load Intensity = 4.0; #Success = 4; #Failed = 0; #Dropped = 0
Target Time = 6.5; Load Intensity = 5.0; #Success = 4; #Failed = 0; #Dropped = 0
Target Time = 7.5; Load Intensity = 6.0; #Success = 7; #Failed = 0; #Dropped = 0
Target Time = 8.5; Load Intensity = 7.0; #Success = 7; #Failed = 0; #Dropped = 0
Target Time = 9.5; Load Intensity = 7.0; #Success = 7; #Failed = 0; #Dropped = 0
Target Time = 10.5; Load Intensity = 8.0; #Success = 7; #Failed = 0; #Dropped = 0
Target Time = 11.5; Load Intensity = 9.0; #Success = 10; #Failed = 0; #Dropped = 0
Target Time = 12.5; Load Intensity = 10.0; #Success = 10; #Failed = 0; #Dropped = 0
Target Time = 13.5; Load Intensity = 11.0; #Success = 9; #Failed = 0; #Dropped = 0
Target Time = 14.5; Load Intensity = 12.0; #Success = 14; #Failed = 0; #Dropped = 0
Target Time = 15.5; Load Intensity = 12.0; #Success = 12; #Failed = 0; #Dropped = 0
Target Time = 16.5; Load Intensity = 13.0; #Success = 13; #Failed = 0; #Dropped = 0
Target Time = 17.5; Load Intensity = 14.0; #Success = 14; #Failed = 0; #Dropped = 0
Target Time = 18.5; Load Intensity = 15.0; #Success = 2; #Failed = 0; #Dropped = 0
Target Time = 19.5; Load Intensity = 16.0; #Success = 13; #Failed = 0; #Dropped = 0
Target Time = 20.5; Load Intensity = 17.0; #Success = 28; #Failed = 0; #Dropped = 0
Target Time = 21.5; Load Intensity = 17.0; #Success = 19; #Failed = 0; #Dropped = 0
Target Time = 22.5; Load Intensity = 18.0; #Success = 4; #Failed = 0; #Dropped = 0
Target Time = 23.5; Load Intensity = 19.0; #Success = 0; #Failed = 0; #Dropped = 0
Target Time = 24.5; Load Intensity = 20.0; #Success = 0; #Failed = 0; #Dropped = 0
Target Time = 25.5; Load Intensity = 21.0; #Success = 0; #Failed = 0; #Dropped = 0
Target Time = 26.5; Load Intensity = 22.0; #Success = 0; #Failed = 0; #Dropped = 0
Target Time = 27.5; Load Intensity = 22.0; #Success = 17; #Failed = 0; #Dropped = 0
Target Time = 28.5; Load Intensity = 23.0; #Success = 1; #Failed = 0; #Dropped = 0
Target Time = 29.5; Load Intensity = 24.0; #Success = 0; #Failed = 0; #Dropped = 0
Target Time = 30.5; Load Intensity = 25.0; #Success = 0; #Failed = 0; #Dropped = 0
Target Time = 31.5; Load Intensity = 26.0; #Success = 0; #Failed = 0; #Dropped = 0
Target Time = 32.5; Load Intensity = 27.0; #Success = 0; #Failed = 0; #Dropped = 0
Target Time = 33.5; Load Intensity = 27.0; #Success = 0; #Failed = 2; #Dropped = 0
Target Time = 34.5; Load Intensity = 28.0; #Success = 0; #Failed = 2; #Dropped = 0
Target Time = 35.5; Load Intensity = 29.0; #Success = 0; #Failed = 0; #Dropped = 0
Target Time = 36.5; Load Intensity = 30.0; #Success = 0; #Failed = 14; #Dropped = 0
Target Time = 37.5; Load Intensity = 31.0; #Success = 0; #Failed = 3; #Dropped = 0
Target Time = 38.5; Load Intensity = 32.0; #Success = 0; #Failed = 1; #Dropped = 0
Target Time = 39.5; Load Intensity = 32.0; #Success = 0; #Failed = 13; #Dropped = 0
Target Time = 40.5; Load Intensity = 33.0; #Success = 0; #Failed = 25; #Dropped = 0
Target Time = 41.5; Load Intensity = 34.0; #Success = 7; #Failed = 0; #Dropped = 0
Target Time = 42.5; Load Intensity = 35.0; #Success = 8; #Failed = 0; #Dropped = 0
Target Time = 43.5; Load Intensity = 36.0; #Success = 2; #Failed = 0; #Dropped = 0
Target Time = 44.5; Load Intensity = 37.0; #Success = 0; #Failed = 0; #Dropped = 0
Target Time = 45.5; Load Intensity = 37.0; #Success = 1; #Failed = 0; #Dropped = 0
Target Time = 46.5; Load Intensity = 38.0; #Success = 0; #Failed = 0; #Dropped = 0
Target Time = 47.5; Load Intensity = 39.0; #Success = 0; #Failed = 0; #Dropped = 0
Target Time = 48.5; Load Intensity = 40.0; #Success = 0; #Failed = 0; #Dropped = 0
Target Time = 49.5; Load Intensity = 41.0; #Success = 2; #Failed = 0; #Dropped = 0
Target Time = 50.5; Load Intensity = 42.0; #Success = 0; #Failed = 0; #Dropped = 0
Target Time = 51.5; Load Intensity = 42.0; #Success = 1; #Failed = 0; #Dropped = 0
Target Time = 52.5; Load Intensity = 43.0; #Success = 0; #Failed = 0; #Dropped = 0
Target Time = 53.5; Load Intensity = 44.0; #Success = 21; #Failed = 0; #Dropped = 0
Target Time = 54.5; Load Intensity = 45.0; #Success = 3; #Failed = 0; #Dropped = 0
Target Time = 55.5; Load Intensity = 46.0; #Success = 0; #Failed = 0; #Dropped = 0
Target Time = 56.5; Load Intensity = 47.0; #Success = 7; #Failed = 1; #Dropped = 0
Target Time = 57.5; Load Intensity = 47.0; #Success = 10; #Failed = 0; #Dropped = 0
Target Time = 58.5; Load Intensity = 48.0; #Success = 9; #Failed = 0; #Dropped = 0
Target Time = 59.5; Load Intensity = 49.0; #Success = 11; #Failed = 0; #Dropped = 0
Target Time = 60.5; Load Intensity = 50.0; #Success = 2; #Failed = 0; #Dropped = 0
Target Time = 61.5; Load Intensity = 51.0; #Success = 0; #Failed = 0; #Dropped = 0
Target Time = 62.5; Load Intensity = 52.0; #Success = 0; #Failed = 0; #Dropped = 0
Target Time = 63.5; Load Intensity = 52.0; #Success = 5; #Failed = 0; #Dropped = 40
Target Time = 64.5; Load Intensity = 53.0; #Success = 10; #Failed = 0; #Dropped = 18
Target Time = 65.5; Load Intensity = 54.0; #Success = 9; #Failed = 0; #Dropped = 18
Target Time = 66.5; Load Intensity = 55.0; #Success = 0; #Failed = 0; #Dropped = 0
Target Time = 67.5; Load Intensity = 56.0; #Success = 16; #Failed = 0; #Dropped = 57
Target Time = 68.5; Load Intensity = 57.0; #Success = 23; #Failed = 0; #Dropped = 1
Target Time = 69.5; Load Intensity = 57.0; #Success = 1; #Failed = 0; #Dropped = 0
Target Time = 70.5; Load Intensity = 58.0; #Success = 0; #Failed = 0; #Dropped = 0
Target Time = 71.5; Load Intensity = 59.0; #Success = 0; #Failed = 0; #Dropped = 0
Target Time = 72.5; Load Intensity = 60.0; #Success = 0; #Failed = 0; #Dropped = 0
Target Time = 73.5; Load Intensity = 61.0; #Success = 0; #Failed = 0; #Dropped = 0
Target Time = 74.5; Load Intensity = 62.0; #Success = 1; #Failed = 0; #Dropped = 182
Target Time = 75.5; Load Intensity = 62.0; #Success = 2; #Failed = 5; #Dropped = 50
Target Time = 76.5; Load Intensity = 63.0; #Success = 3; #Failed = 0; #Dropped = 36
Target Time = 77.5; Load Intensity = 64.0; #Success = 12; #Failed = 0; #Dropped = 23
Target Time = 78.5; Load Intensity = 65.0; #Success = 29; #Failed = 0; #Dropped = 24
Target Time = 79.5; Load Intensity = 66.0; #Success = 2; #Failed = 0; #Dropped = 0
Target Time = 80.5; Load Intensity = 67.0; #Success = 2; #Failed = 0; #Dropped = 44
Target Time = 81.5; Load Intensity = 67.0; #Success = 3; #Failed = 0; #Dropped = 58
Target Time = 82.5; Load Intensity = 68.0; #Success = 1; #Failed = 0; #Dropped = 36
Target Time = 83.5; Load Intensity = 69.0; #Success = 4; #Failed = 0; #Dropped = 40
Target Time = 84.5; Load Intensity = 70.0; #Success = 4; #Failed = 0; #Dropped = 41
Target Time = 85.5; Load Intensity = 71.0; #Success = 2; #Failed = 0; #Dropped = 14
Target Time = 86.5; Load Intensity = 72.0; #Success = 2; #Failed = 0; #Dropped = 85
Target Time = 87.5; Load Intensity = 72.0; #Success = 3; #Failed = 0; #Dropped = 49
Target Time = 88.5; Load Intensity = 73.0; #Success = 2; #Failed = 0; #Dropped = 36
Target Time = 89.5; Load Intensity = 74.0; #Success = 6; #Failed = 0; #Dropped = 42
Target Time = 90.5; Load Intensity = 75.0; #Success = 12; #Failed = 0; #Dropped = 44
Target Time = 91.5; Load Intensity = 76.0; #Success = 8; #Failed = 0; #Dropped = 42
Target Time = 92.5; Load Intensity = 77.0; #Success = 5; #Failed = 0; #Dropped = 23
Target Time = 93.5; Load Intensity = 77.0; #Success = 9; #Failed = 0; #Dropped = 60
Target Time = 94.5; Load Intensity = 78.0; #Success = 12; #Failed = 0; #Dropped = 51
Target Time = 95.5; Load Intensity = 79.0; #Success = 4; #Failed = 0; #Dropped = 53
Target Time = 96.5; Load Intensity = 80.0; #Success = 4; #Failed = 0; #Dropped = 39
Target Time = 97.5; Load Intensity = 81.0; #Success = 4; #Failed = 0; #Dropped = 52
Target Time = 98.5; Load Intensity = 82.0; #Success = 1; #Failed = 0; #Dropped = 41
Target Time = 99.5; Load Intensity = 82.0; #Success = 1; #Failed = 0; #Dropped = 38
Target Time = 100.5; Load Intensity = 83.0; #Success = 9; #Failed = 0; #Dropped = 94
Target Time = 101.5; Load Intensity = 84.0; #Success = 1; #Failed = 0; #Dropped = 39
Target Time = 102.5; Load Intensity = 85.0; #Success = 17; #Failed = 0; #Dropped = 71
Target Time = 103.5; Load Intensity = 86.0; #Success = 46; #Failed = 0; #Dropped = 9
Target Time = 104.5; Load Intensity = 87.0; #Success = 47; #Failed = 0; #Dropped = 14
Target Time = 105.5; Load Intensity = 87.0; #Success = 17; #Failed = 0; #Dropped = 40
Target Time = 106.5; Load Intensity = 88.0; #Success = 17; #Failed = 0; #Dropped = 52
Target Time = 107.5; Load Intensity = 89.0; #Success = 15; #Failed = 0; #Dropped = 21
Target Time = 108.5; Load Intensity = 90.0; #Success = 14; #Failed = 0; #Dropped = 76
Target Time = 109.5; Load Intensity = 91.0; #Success = 7; #Failed = 0; #Dropped = 8
Target Time = 110.5; Load Intensity = 92.0; #Success = 3; #Failed = 0; #Dropped = 105
Target Time = 111.5; Load Intensity = 92.0; #Success = 19; #Failed = 0; #Dropped = 51
Target Time = 112.5; Load Intensity = 93.0; #Success = 28; #Failed = 0; #Dropped = 56
Target Time = 113.5; Load Intensity = 94.0; #Success = 22; #Failed = 0; #Dropped = 27
Target Time = 114.5; Load Intensity = 95.0; #Success = 5; #Failed = 0; #Dropped = 67
Target Time = 115.5; Load Intensity = 96.0; #Success = 5; #Failed = 0; #Dropped = 39
Target Time = 116.5; Load Intensity = 97.0; #Success = 12; #Failed = 0; #Dropped = 66
Target Time = 117.5; Load Intensity = 97.0; #Success = 7; #Failed = 1; #Dropped = 71
Target Time = 118.5; Load Intensity = 98.0; #Success = 2; #Failed = 0; #Dropped = 34
Target Time = 119.5; Load Intensity = 99.0; #Success = 8; #Failed = 2; #Dropped = 124
Target Time = 120.5; Load Intensity = 0.0; #Success = 0; #Failed = 3; #Dropped = 32
Target Time = 121.5; Load Intensity = 0.0; #Success = 0; #Failed = 1; #Dropped = 69
Target Time = 122.5; Load Intensity = 0.0; #Success = 3; #Failed = 4; #Dropped = 110
Target Time = 123.5; Load Intensity = 0.0; #Success = 0; #Failed = 4; #Dropped = 34
Target Time = 124.5; Load Intensity = 0.0; #Success = 2; #Failed = 9; #Dropped = 71
Target Time = 125.5; Load Intensity = 0.0; #Success = 2; #Failed = 8; #Dropped = 94
Target Time = 126.5; Load Intensity = 0.0; #Success = 6; #Failed = 0; #Dropped = 90
Target Time = 127.5; Load Intensity = 0.0; #Success = 29; #Failed = 0; #Dropped = 53
Target Time = 128.5; Load Intensity = 0.0; #Success = 26; #Failed = 0; #Dropped = 61
Target Time = 129.5; Load Intensity = 0.0; #Success = 20; #Failed = 0; #Dropped = 70
Target Time = 130.5; Load Intensity = 0.0; #Success = 9; #Failed = 0; #Dropped = 60
Target Time = 131.5; Load Intensity = 0.0; #Success = 13; #Failed = 1; #Dropped = 78
Target Time = 132.5; Load Intensity = 0.0; #Success = 20; #Failed = 3; #Dropped = 36
Target Time = 133.5; Load Intensity = 0.0; #Success = 5; #Failed = 0; #Dropped = 50
Target Time = 134.5; Load Intensity = 0.0; #Success = 0; #Failed = 0; #Dropped = 0
Target Time = 135.5; Load Intensity = 0.0; #Success = 3; #Failed = 0; #Dropped = 197
Target Time = 136.5; Load Intensity = 0.0; #Success = 3; #Failed = 0; #Dropped = 64
Target Time = 137.5; Load Intensity = 0.0; #Success = 0; #Failed = 0; #Dropped = 0
Target Time = 138.5; Load Intensity = 0.0; #Success = 2; #Failed = 0; #Dropped = 221
Target Time = 139.5; Load Intensity = 0.0; #Success = 5; #Failed = 0; #Dropped = 73
Target Time = 140.5; Load Intensity = 0.0; #Success = 3; #Failed = 0; #Dropped = 51
Target Time = 141.5; Load Intensity = 0.0; #Success = 4; #Failed = 0; #Dropped = 145
Target Time = 142.5; Load Intensity = 0.0; #Success = 10; #Failed = 0; #Dropped = 5
Target Time = 143.5; Load Intensity = 0.0; #Success = 12; #Failed = 0; #Dropped = 147
  └─ [nitro5:sd] end 01:37:49
Target Time = 144.5; Load Intensity = 0.0; #Success = 14; #Failed = 0; #Dropped = 91
Target Time = 145.5; Load Intensity = 0.0; #Success = 14; #Failed = 0; #Dropped = 66
  └─ [nitro5:ram] end 01:37:50
  └─ [nitro5:nic] end 01:37:50
  └─ [nitro5:cpu] end 01:37:51
Target Time = 146.5; Load Intensity = 0.0; #Success = 4; #Failed = 0; #Dropped = 84
Target Time = 147.5; Load Intensity = 0.0; #Success = 1; #Failed = 0; #Dropped = 98
Target Time = 148.5; Load Intensity = 0.0; #Success = 3; #Failed = 0; #Dropped = 95
Target Time = 149.5; Load Intensity = 0.0; #Success = 3; #Failed = 0; #Dropped = 90
Target Time = 150.5; Load Intensity = 0.0; #Success = 0; #Failed = 0; #Dropped = 0
Target Time = 151.5; Load Intensity = 0.0; #Success = 3; #Failed = 0; #Dropped = 25
Target Time = 152.5; Load Intensity = 0.0; #Success = 0; #Failed = 0; #Dropped = 0
  └─ [leo:cpu] end 01:37:58
Target Time = 153.5; Load Intensity = 0.0; #Success = 2; #Failed = 0; #Dropped = 0
Target Time = 154.5; Load Intensity = 0.0; #Success = 6; #Failed = 0; #Dropped = 0
Target Time = 155.5; Load Intensity = 0.0; #Success = 2; #Failed = 0; #Dropped = 0
  └─ [leo:sd] end 01:38:00
Target Time = 156.5; Load Intensity = 0.0; #Success = 1; #Failed = 0; #Dropped = 0
  └─ [leo:nic] end 01:38:01
Target Time = 157.5; Load Intensity = 0.0; #Success = 0; #Failed = 2; #Dropped = 0
  └─ [leo:ram] end 01:38:02
Target Time = 158.5; Load Intensity = 0.0; #Success = 4; #Failed = 0; #Dropped = 0
  └─ [scorpius:nic] end 01:38:03
Target Time = 159.5; Load Intensity = 0.0; #Success = 0; #Failed = 0; #Dropped = 0
Target Time = 160.5; Load Intensity = 0.0; #Success = 1; #Failed = 1; #Dropped = 0
Target Time = 161.5; Load Intensity = 0.0; #Success = 0; #Failed = 1; #Dropped = 0
Target Time = 162.5; Load Intensity = 0.0; #Success = 0; #Failed = 3; #Dropped = 0
Target Time = 163.5; Load Intensity = 0.0; #Success = 0; #Failed = 1; #Dropped = 0
Target Time = 164.5; Load Intensity = 0.0; #Success = 0; #Failed = 0; #Dropped = 0
Target Time = 165.5; Load Intensity = 0.0; #Success = 0; #Failed = 3; #Dropped = 0
Target Time = 166.5; Load Intensity = 0.0; #Success = 0; #Failed = 0; #Dropped = 0
Target Time = 167.5; Load Intensity = 0.0; #Success = 0; #Failed = 0; #Dropped = 0
  └─ [scorpius:cpu] end 01:38:12
  └─ [scorpius:ram] end 01:38:13
Target Time = 168.5; Load Intensity = 0.0; #Success = 0; #Failed = 0; #Dropped = 0
  └─ [scorpius:sd] end 01:38:13
Target Time = 169.5; Load Intensity = 0.0; #Success = 7; #Failed = 0; #Dropped = 0
  └─ [aspire:nic] end 01:38:14
Target Time = 170.5; Load Intensity = 0.0; #Success = 6; #Failed = 0; #Dropped = 0
Target Time = 171.5; Load Intensity = 0.0; #Success = 5; #Failed = 0; #Dropped = 0
  └─ [aspire:cpu] end 01:38:17
  └─ [aspire:sd] end 01:38:17
  └─ [aspire:ram] end 01:38:17
=== Bloque 145s terminado - Fase: fase3_carga_low_iter9 ===
[🧹] Limpiando CSVs internos de ecofloc en cada nodo (fase: fase3_carga_low_iter9)...
  ✔ [nitro5:cpu] limpiado /home/luish/Documents/p3/ecofloc2/ecofloc/ecofloc-cpu/ECOFLOC_CPU_COMM_text.csv
  ✔ [nitro5:nic] limpiado /home/luish/Documents/p3/ecofloc2/ecofloc/ecofloc-nic/ECOFLOC_NIC_COMM_text.csv
  ✔ [nitro5:ram] limpiado /home/luish/Documents/p3/ecofloc2/ecofloc/ecofloc-ram/ECOFLOC_RAM_COMM_text.csv
  ✔ [nitro5:sd] limpiado /home/luish/Documents/p3/ecofloc2/ecofloc/ecofloc-sd/ECOFLOC_SD_COMM_text.csv
Target Time = 172.5; Load Intensity = 0.0; #Success = 12; #Failed = 3; #Dropped = 0
  ✔ [leo:cpu] limpiado /home/leo/ecofloc/ecofloc-cpu/ECOFLOC_CPU_COMM_text.csv
  ✔ [leo:nic] limpiado /home/leo/ecofloc/ecofloc-nic/ECOFLOC_NIC_COMM_text.csv
Target Time = 173.5; Load Intensity = 0.0; #Success = 0; #Failed = 0; #Dropped = 0
Target Time = 174.5; Load Intensity = 0.0; #Success = 1; #Failed = 0; #Dropped = 0
  ✔ [leo:ram] limpiado /home/leo/ecofloc/ecofloc-ram/ECOFLOC_RAM_COMM_text.csv
  ✔ [leo:sd] limpiado /home/leo/ecofloc/ecofloc-sd/ECOFLOC_SD_COMM_text.csv
  ✔ [aspire:cpu] limpiado /home/luish/Documents/p3/ecofloc2/ecofloc/ecofloc-cpu/ECOFLOC_CPU_COMM_text.csv
  ✔ [aspire:nic] limpiado /home/luish/Documents/p3/ecofloc2/ecofloc/ecofloc-nic/ECOFLOC_NIC_COMM_text.csv
  ✔ [aspire:ram] limpiado /home/luish/Documents/p3/ecofloc2/ecofloc/ecofloc-ram/ECOFLOC_RAM_COMM_text.csv
  ✔ [aspire:sd] limpiado /home/luish/Documents/p3/ecofloc2/ecofloc/ecofloc-sd/ECOFLOC_SD_COMM_text.csv
  ✔ [scorpius:cpu] limpiado /home/scorpius03/Documents/ecofloc/ecofloc-cpu/ECOFLOC_CPU_COMM_text.csv
  ✔ [scorpius:nic] limpiado /home/scorpius03/Documents/ecofloc/ecofloc-nic/ECOFLOC_NIC_COMM_text.csv
  ✔ [scorpius:ram] limpiado /home/scorpius03/Documents/ecofloc/ecofloc-ram/ECOFLOC_RAM_COMM_text.csv
  ✔ [scorpius:sd] limpiado /home/scorpius03/Documents/ecofloc/ecofloc-sd/ECOFLOC_SD_COMM_text.csv
========================================
🔋 MEASURE ENERGY FINALIZADO
   Fase: fase3_carga_low_iter9
========================================
Workload finished.
Log finished.
📄 LIMBO finalizado para scenario=low
⏳ [01:38:24] Esperando que termine medición: fase3_carga_low_iter9 (PID: 2011258)
✔️ [01:38:24] Medición fase3_carga_low_iter9 completada
[📦] Archivando resultados → ./historyexecutions/exp(01:38:29)_fase3_low_iter9
[✔] Archivado: ./historyexecutions/exp(01:38:29)_fase3_low_iter9
🧹 Limpiando TeaStore (iter 9)...
⏸ Esperando 15s para limpieza completa...
✅ Iteración 9 / 15 del escenario low completada.

########################################################
🔄 ESCENARIO: low | ITERACIÓN: 10 / 15
   Hora: 01:39:17
########################################################
========================================
🔋 FASE 1: Descarga de imágenes (low, iter 10)
========================================
📋 Capturando PIDs (gepidstea.sh)...
📋 Capturando PIDs de contenedores (kpsnodos.sh)...
🔋 [01:39:35] Iniciando medición de energía: fase1_descarga_low_iter10 (25s)
   PID de medición: 2388639
🚀 Desplegando TeaStore desde /home/luish/Documents/death/teastore/TeaStore/examples/kubernetes/teastore-energy-scheduler.yaml...
========================================
🔋 MEASURE ENERGY - Fase: fase1_descarga_low_iter10
   Duración: 25s
   PID: 2388639
========================================
=== Medición bloque 25s - Fase: fase1_descarga_low_iter10 ===
[⏱ 01:39:35] Iniciando ecofloc en nitro5 por 25s (fase: fase1_descarga_low_iter10)
⏳ Esperando a que todos los pods de TeaStore estén Running y Ready...
  ├─ [nitro5:sd] start 01:39:35
  ├─ [nitro5:ram] start 01:39:36
  ├─ [nitro5:nic] start 01:39:36
[⏱ 01:39:36] Iniciando ecofloc en aspire por 25s (fase: fase1_descarga_low_iter10)
  ├─ [nitro5:cpu] start 01:39:36
  ├─ [aspire:sd] start 01:39:36
  ├─ [aspire:nic] start 01:39:36
[⏱ 01:39:36] Iniciando ecofloc en scorpius por 25s (fase: fase1_descarga_low_iter10)
  ├─ [aspire:ram] start 01:39:36
  ├─ [aspire:cpu] start 01:39:36
  ├─ [scorpius:sd] start 01:39:36
[⏱ 01:39:36] Iniciando ecofloc en leo por 25s (fase: fase1_descarga_low_iter10)
  ├─ [scorpius:ram] start 01:39:37
  ├─ [scorpius:nic] start 01:39:37
  ├─ [scorpius:cpu] start 01:39:37
  ├─ [leo:sd] start 01:39:37
  ├─ [leo:ram] start 01:39:37
  ├─ [leo:nic] start 01:39:37
  ├─ [leo:cpu] start 01:39:37
✅ Pods listos.
⏳ [01:39:38] Esperando que termine medición: fase1_descarga_low_iter10 (PID: 2388639)
  └─ [nitro5:sd] end 01:40:00
  └─ [nitro5:ram] end 01:40:01
  └─ [nitro5:nic] end 01:40:01
  └─ [nitro5:cpu] end 01:40:02
  └─ [aspire:cpu] end 01:40:02
  └─ [aspire:sd] end 01:40:02
  └─ [leo:sd] end 01:40:03
  └─ [aspire:nic] end 01:40:03
  └─ [leo:nic] end 01:40:03
  └─ [scorpius:sd] end 01:40:03
  └─ [leo:ram] end 01:40:04
  └─ [scorpius:cpu] end 01:40:05
  └─ [aspire:ram] end 01:40:05
  └─ [scorpius:nic] end 01:40:05
  └─ [scorpius:ram] end 01:40:05
=== Bloque 25s terminado - Fase: fase1_descarga_low_iter10 ===
[🧹] Limpiando CSVs internos de ecofloc en cada nodo (fase: fase1_descarga_low_iter10)...
  ✔ [nitro5:cpu] limpiado /home/luish/Documents/p3/ecofloc2/ecofloc/ecofloc-cpu/ECOFLOC_CPU_COMM_text.csv
  ✔ [nitro5:nic] limpiado /home/luish/Documents/p3/ecofloc2/ecofloc/ecofloc-nic/ECOFLOC_NIC_COMM_text.csv
  ✔ [nitro5:ram] limpiado /home/luish/Documents/p3/ecofloc2/ecofloc/ecofloc-ram/ECOFLOC_RAM_COMM_text.csv
  ✔ [nitro5:sd] limpiado /home/luish/Documents/p3/ecofloc2/ecofloc/ecofloc-sd/ECOFLOC_SD_COMM_text.csv
  ✔ [leo:cpu] limpiado /home/leo/ecofloc/ecofloc-cpu/ECOFLOC_CPU_COMM_text.csv
  ✔ [leo:nic] limpiado /home/leo/ecofloc/ecofloc-nic/ECOFLOC_NIC_COMM_text.csv
  ✔ [leo:ram] limpiado /home/leo/ecofloc/ecofloc-ram/ECOFLOC_RAM_COMM_text.csv
  ✔ [leo:sd] limpiado /home/leo/ecofloc/ecofloc-sd/ECOFLOC_SD_COMM_text.csv
  ✔ [aspire:cpu] limpiado /home/luish/Documents/p3/ecofloc2/ecofloc/ecofloc-cpu/ECOFLOC_CPU_COMM_text.csv
  ✔ [aspire:nic] limpiado /home/luish/Documents/p3/ecofloc2/ecofloc/ecofloc-nic/ECOFLOC_NIC_COMM_text.csv
  ✔ [aspire:ram] limpiado /home/luish/Documents/p3/ecofloc2/ecofloc/ecofloc-ram/ECOFLOC_RAM_COMM_text.csv
  ✔ [aspire:sd] limpiado /home/luish/Documents/p3/ecofloc2/ecofloc/ecofloc-sd/ECOFLOC_SD_COMM_text.csv
  ✔ [scorpius:cpu] limpiado /home/scorpius03/Documents/ecofloc/ecofloc-cpu/ECOFLOC_CPU_COMM_text.csv
  ✔ [scorpius:nic] limpiado /home/scorpius03/Documents/ecofloc/ecofloc-nic/ECOFLOC_NIC_COMM_text.csv
  ✔ [scorpius:ram] limpiado /home/scorpius03/Documents/ecofloc/ecofloc-ram/ECOFLOC_RAM_COMM_text.csv
  ✔ [scorpius:sd] limpiado /home/scorpius03/Documents/ecofloc/ecofloc-sd/ECOFLOC_SD_COMM_text.csv
========================================
🔋 MEASURE ENERGY FINALIZADO
   Fase: fase1_descarga_low_iter10
========================================
✔️ [01:40:09] Medición fase1_descarga_low_iter10 completada
[📦] Archivando resultados → ./historyexecutions/exp(01:40:14)_fase1_low_iter10
[✔] Archivado: ./historyexecutions/exp(01:40:14)_fase1_low_iter10
========================================
🔋 FASE 2: Preparación de servicios (low, iter 10)
========================================
📋 Capturando PIDs (gepidstea.sh)...
📋 Capturando PIDs de contenedores (kpsnodos.sh)...
🔋 [01:40:31] Iniciando medición de energía: fase2_preparacion_low_iter10 (50s)
   PID de medición: 2450230
========================================
🔋 MEASURE ENERGY - Fase: fase2_preparacion_low_iter10
   Duración: 50s
   PID: 2450230
========================================
=== Medición bloque 50s - Fase: fase2_preparacion_low_iter10 ===
[⏱ 01:40:31] Iniciando ecofloc en nitro5 por 50s (fase: fase2_preparacion_low_iter10)
⏳ Esperando 10s a que CoreDNS se estabilice...
  ├─ [nitro5:sd] start 01:40:31
  ├─ [nitro5:ram] start 01:40:32
  ├─ [nitro5:nic] start 01:40:32
[⏱ 01:40:33] Iniciando ecofloc en aspire por 50s (fase: fase2_preparacion_low_iter10)
  ├─ [nitro5:cpu] start 01:40:33
  ├─ [aspire:sd] start 01:40:33
  ├─ [aspire:ram] start 01:40:33
  ├─ [aspire:nic] start 01:40:33
[⏱ 01:40:33] Iniciando ecofloc en scorpius por 50s (fase: fase2_preparacion_low_iter10)
  ├─ [aspire:cpu] start 01:40:33
  ├─ [scorpius:sd] start 01:40:33
  ├─ [scorpius:ram] start 01:40:33
  ├─ [scorpius:nic] start 01:40:33
[⏱ 01:40:33] Iniciando ecofloc en leo por 50s (fase: fase2_preparacion_low_iter10)
  ├─ [scorpius:cpu] start 01:40:33
  ├─ [leo:sd] start 01:40:33
  ├─ [leo:ram] start 01:40:33
  ├─ [leo:nic] start 01:40:33
  ├─ [leo:cpu] start 01:40:33
➡️ Pod WebUI: teastore-webui-ff7768544-5rsd7
➡️ Está en el nodo: luish-nitro-an515-57
🌐 IP del nodo WebUI: 192.168.18.27
⏳ Verificando estado del TeaStore en http://192.168.18.27:30080/tools.descartes.teastore.webui/status ...
   ➤ Estado actual: 5 / 5 servicios OK
✔ TODOS los servicios del TeaStore están OK. Continuando...
⏳ [01:40:44] Esperando que termine medición: fase2_preparacion_low_iter10 (PID: 2450230)
  └─ [nitro5:sd] end 01:41:21
  └─ [nitro5:ram] end 01:41:22
  └─ [nitro5:nic] end 01:41:22
  └─ [nitro5:cpu] end 01:41:23
  └─ [leo:sd] end 01:41:23
  └─ [aspire:sd] end 01:41:23
  └─ [aspire:cpu] end 01:41:23
  └─ [leo:cpu] end 01:41:25
  └─ [leo:nic] end 01:41:25
  └─ [scorpius:cpu] end 01:41:25
  └─ [scorpius:sd] end 01:41:25
  └─ [aspire:nic] end 01:41:25
  └─ [scorpius:nic] end 01:41:25
  └─ [scorpius:ram] end 01:41:25
  └─ [aspire:ram] end 01:41:25
  └─ [leo:ram] end 01:41:26
=== Bloque 50s terminado - Fase: fase2_preparacion_low_iter10 ===
[🧹] Limpiando CSVs internos de ecofloc en cada nodo (fase: fase2_preparacion_low_iter10)...
  ✔ [nitro5:cpu] limpiado /home/luish/Documents/p3/ecofloc2/ecofloc/ecofloc-cpu/ECOFLOC_CPU_COMM_text.csv
  ✔ [nitro5:nic] limpiado /home/luish/Documents/p3/ecofloc2/ecofloc/ecofloc-nic/ECOFLOC_NIC_COMM_text.csv
  ✔ [nitro5:ram] limpiado /home/luish/Documents/p3/ecofloc2/ecofloc/ecofloc-ram/ECOFLOC_RAM_COMM_text.csv
  ✔ [nitro5:sd] limpiado /home/luish/Documents/p3/ecofloc2/ecofloc/ecofloc-sd/ECOFLOC_SD_COMM_text.csv
  ✔ [leo:cpu] limpiado /home/leo/ecofloc/ecofloc-cpu/ECOFLOC_CPU_COMM_text.csv
  ✔ [leo:nic] limpiado /home/leo/ecofloc/ecofloc-nic/ECOFLOC_NIC_COMM_text.csv
  ✔ [leo:ram] limpiado /home/leo/ecofloc/ecofloc-ram/ECOFLOC_RAM_COMM_text.csv
  ✔ [leo:sd] limpiado /home/leo/ecofloc/ecofloc-sd/ECOFLOC_SD_COMM_text.csv
  ✔ [aspire:cpu] limpiado /home/luish/Documents/p3/ecofloc2/ecofloc/ecofloc-cpu/ECOFLOC_CPU_COMM_text.csv
  ✔ [aspire:nic] limpiado /home/luish/Documents/p3/ecofloc2/ecofloc/ecofloc-nic/ECOFLOC_NIC_COMM_text.csv
  ✔ [aspire:ram] limpiado /home/luish/Documents/p3/ecofloc2/ecofloc/ecofloc-ram/ECOFLOC_RAM_COMM_text.csv
  ✔ [aspire:sd] limpiado /home/luish/Documents/p3/ecofloc2/ecofloc/ecofloc-sd/ECOFLOC_SD_COMM_text.csv
  ✔ [scorpius:cpu] limpiado /home/scorpius03/Documents/ecofloc/ecofloc-cpu/ECOFLOC_CPU_COMM_text.csv
  ✔ [scorpius:nic] limpiado /home/scorpius03/Documents/ecofloc/ecofloc-nic/ECOFLOC_NIC_COMM_text.csv
  ✔ [scorpius:ram] limpiado /home/scorpius03/Documents/ecofloc/ecofloc-ram/ECOFLOC_RAM_COMM_text.csv
  ✔ [scorpius:sd] limpiado /home/scorpius03/Documents/ecofloc/ecofloc-sd/ECOFLOC_SD_COMM_text.csv
========================================
🔋 MEASURE ENERGY FINALIZADO
   Fase: fase2_preparacion_low_iter10
========================================
✔️ [01:41:29] Medición fase2_preparacion_low_iter10 completada
[📦] Archivando resultados → ./historyexecutions/exp(01:41:34)_fase2_low_iter10
[✔] Archivado: ./historyexecutions/exp(01:41:34)_fase2_low_iter10
========================================
🔋 FASE 3: Ejecución de carga (low, iter 10)
========================================
📋 Capturando PIDs (gepidstea.sh)...
📋 Capturando PIDs de contenedores (kpsnodos.sh)...
🔋 [01:41:52] Iniciando medición de energía: fase3_carga_low_iter10 (145s)
   PID de medición: 2596021
=== Escenario low (iter 10) ===
========================================
🔋 MEASURE ENERGY - Fase: fase3_carga_low_iter10
   Duración: 145s
   PID: 2596021
========================================
=== Medición bloque 145s - Fase: fase3_carga_low_iter10 ===
🚀 Iniciando LIMBO con profile=/home/luish/Documents/death/teastore/TeaStore/examples/httploadgenerator/increasingLowIntensity.csv y script=/home/luish/Documents/death/teastore/TeaStore/examples/httploadgenerator/teastore_buy.lua
[⏱ 01:41:52] Iniciando ecofloc en nitro5 por 145s (fase: fase3_carga_low_iter10)
Feb 26, 2026 1:41:52 AM tools.descartes.dlim.httploadgenerator.runner.Director executeDirector
WARNING: No power measurements
Feb 26, 2026 1:41:52 AM tools.descartes.dlim.httploadgenerator.runner.Director executeDirector
INFO: Load Generator Thread Count set to 64
Feb 26, 2026 1:41:52 AM tools.descartes.dlim.httploadgenerator.runner.Director executeDirector
INFO: URL connection timout set to 30000 ms
Feb 26, 2026 1:41:52 AM tools.descartes.dlim.httploadgenerator.runner.Director executeDirector
INFO: Using Lua Script: /home/luish/Documents/death/teastore/TeaStore/examples/httploadgenerator/teastore_buy.lua
Feb 26, 2026 1:41:52 AM tools.descartes.dlim.httploadgenerator.runner.Director process
INFO: Read 120 Arrival Rate Tuples
Load Generator sent: ok
Feb 26, 2026 1:41:52 AM tools.descartes.dlim.httploadgenerator.runner.Director process
INFO: Arrival Rates sent to Load Generator(s).
Load Generator sent: ok
Feb 26, 2026 1:41:52 AM tools.descartes.dlim.httploadgenerator.runner.Director process
INFO: Thread Count sent to Load Generator(s): 64
Load Generator sent: ok
Feb 26, 2026 1:41:52 AM tools.descartes.dlim.httploadgenerator.runner.Director process
INFO: URL connection timeout sent to Load Generator(s): 30000
Load Generator sent: ok
Feb 26, 2026 1:41:52 AM tools.descartes.dlim.httploadgenerator.runner.Director process
INFO: Contents of script sent to Load Generator: /home/luish/Documents/death/teastore/TeaStore/examples/httploadgenerator/teastore_buy.lua
Feb 26, 2026 1:41:52 AM tools.descartes.dlim.httploadgenerator.runner.Director process
INFO: Starting Load Generation
Beginning Run @1772088112977(26.02.2026;01:41:52977)
Target Time = 0.5; Load Intensity = 0.0; #Success = 0; #Failed = 0; #Dropped = 0
  ├─ [nitro5:sd] start 01:41:53
  ├─ [nitro5:ram] start 01:41:53
  ├─ [nitro5:nic] start 01:41:54
[⏱ 01:41:54] Iniciando ecofloc en aspire por 145s (fase: fase3_carga_low_iter10)
  ├─ [nitro5:cpu] start 01:41:54
  ├─ [aspire:sd] start 01:41:54
  ├─ [aspire:ram] start 01:41:54
  ├─ [aspire:cpu] start 01:41:54
[⏱ 01:41:54] Iniciando ecofloc en scorpius por 145s (fase: fase3_carga_low_iter10)
  ├─ [aspire:nic] start 01:41:54
  ├─ [scorpius:sd] start 01:41:54
  ├─ [scorpius:ram] start 01:41:54
[⏱ 01:41:54] Iniciando ecofloc en leo por 145s (fase: fase3_carga_low_iter10)
  ├─ [scorpius:nic] start 01:41:54
  ├─ [scorpius:cpu] start 01:41:54
  ├─ [leo:sd] start 01:41:54
  ├─ [leo:ram] start 01:41:54
  ├─ [leo:nic] start 01:41:54
  ├─ [leo:cpu] start 01:41:54
Target Time = 1.5; Load Intensity = 1.0; #Success = 0; #Failed = 0; #Dropped = 0
Target Time = 2.5; Load Intensity = 2.0; #Success = 0; #Failed = 0; #Dropped = 0
Target Time = 3.5; Load Intensity = 2.0; #Success = 5; #Failed = 0; #Dropped = 0
Target Time = 4.5; Load Intensity = 3.0; #Success = 3; #Failed = 0; #Dropped = 0
Target Time = 5.5; Load Intensity = 4.0; #Success = 4; #Failed = 0; #Dropped = 0
Target Time = 6.5; Load Intensity = 5.0; #Success = 5; #Failed = 0; #Dropped = 0
Target Time = 7.5; Load Intensity = 6.0; #Success = 6; #Failed = 0; #Dropped = 0
Target Time = 8.5; Load Intensity = 7.0; #Success = 7; #Failed = 0; #Dropped = 0
Target Time = 9.5; Load Intensity = 7.0; #Success = 7; #Failed = 0; #Dropped = 0
Target Time = 10.5; Load Intensity = 8.0; #Success = 7; #Failed = 0; #Dropped = 0
Target Time = 11.5; Load Intensity = 9.0; #Success = 10; #Failed = 0; #Dropped = 0
Target Time = 12.5; Load Intensity = 10.0; #Success = 9; #Failed = 0; #Dropped = 0
Target Time = 13.5; Load Intensity = 11.0; #Success = 11; #Failed = 0; #Dropped = 0
Target Time = 14.5; Load Intensity = 12.0; #Success = 10; #Failed = 0; #Dropped = 0
Target Time = 15.5; Load Intensity = 12.0; #Success = 15; #Failed = 0; #Dropped = 0
Target Time = 16.5; Load Intensity = 13.0; #Success = 13; #Failed = 0; #Dropped = 0
Target Time = 17.5; Load Intensity = 14.0; #Success = 14; #Failed = 0; #Dropped = 0
Target Time = 18.5; Load Intensity = 15.0; #Success = 2; #Failed = 0; #Dropped = 0
Target Time = 19.5; Load Intensity = 16.0; #Success = 0; #Failed = 0; #Dropped = 0
Target Time = 20.5; Load Intensity = 17.0; #Success = 24; #Failed = 0; #Dropped = 0
Target Time = 21.5; Load Intensity = 17.0; #Success = 4; #Failed = 0; #Dropped = 0
Target Time = 22.5; Load Intensity = 18.0; #Success = 0; #Failed = 0; #Dropped = 0
Target Time = 23.5; Load Intensity = 19.0; #Success = 0; #Failed = 0; #Dropped = 0
Target Time = 24.5; Load Intensity = 20.0; #Success = 2; #Failed = 0; #Dropped = 0
Target Time = 25.5; Load Intensity = 21.0; #Success = 2; #Failed = 0; #Dropped = 0
Target Time = 26.5; Load Intensity = 22.0; #Success = 0; #Failed = 0; #Dropped = 0
Target Time = 27.5; Load Intensity = 22.0; #Success = 1; #Failed = 0; #Dropped = 0
Target Time = 28.5; Load Intensity = 23.0; #Success = 0; #Failed = 0; #Dropped = 0
Target Time = 29.5; Load Intensity = 24.0; #Success = 0; #Failed = 0; #Dropped = 0
Target Time = 30.5; Load Intensity = 25.0; #Success = 0; #Failed = 0; #Dropped = 0
Target Time = 31.5; Load Intensity = 26.0; #Success = 0; #Failed = 0; #Dropped = 0
Target Time = 32.5; Load Intensity = 27.0; #Success = 0; #Failed = 0; #Dropped = 0
Target Time = 33.5; Load Intensity = 27.0; #Success = 0; #Failed = 0; #Dropped = 0
Target Time = 34.5; Load Intensity = 28.0; #Success = 0; #Failed = 7; #Dropped = 0
Target Time = 35.5; Load Intensity = 29.0; #Success = 0; #Failed = 3; #Dropped = 0
Target Time = 36.5; Load Intensity = 30.0; #Success = 0; #Failed = 1; #Dropped = 0
Target Time = 37.5; Load Intensity = 31.0; #Success = 0; #Failed = 0; #Dropped = 0
Target Time = 38.5; Load Intensity = 32.0; #Success = 1; #Failed = 13; #Dropped = 0
Target Time = 39.5; Load Intensity = 32.0; #Success = 0; #Failed = 1; #Dropped = 0
Target Time = 40.5; Load Intensity = 33.0; #Success = 2; #Failed = 0; #Dropped = 0
Target Time = 41.5; Load Intensity = 34.0; #Success = 0; #Failed = 17; #Dropped = 0
Target Time = 42.5; Load Intensity = 35.0; #Success = 0; #Failed = 1; #Dropped = 0
Target Time = 43.5; Load Intensity = 36.0; #Success = 0; #Failed = 0; #Dropped = 0
Target Time = 44.5; Load Intensity = 37.0; #Success = 0; #Failed = 0; #Dropped = 0
Target Time = 45.5; Load Intensity = 37.0; #Success = 3; #Failed = 1; #Dropped = 0
Target Time = 46.5; Load Intensity = 38.0; #Success = 2; #Failed = 13; #Dropped = 0
Target Time = 47.5; Load Intensity = 39.0; #Success = 1; #Failed = 0; #Dropped = 0
Target Time = 48.5; Load Intensity = 40.0; #Success = 0; #Failed = 1; #Dropped = 0
Target Time = 49.5; Load Intensity = 41.0; #Success = 1; #Failed = 7; #Dropped = 0
Target Time = 50.5; Load Intensity = 42.0; #Success = 2; #Failed = 8; #Dropped = 0
Target Time = 51.5; Load Intensity = 42.0; #Success = 3; #Failed = 0; #Dropped = 0
Target Time = 52.5; Load Intensity = 43.0; #Success = 3; #Failed = 4; #Dropped = 0
Target Time = 53.5; Load Intensity = 44.0; #Success = 5; #Failed = 8; #Dropped = 0
Target Time = 54.5; Load Intensity = 45.0; #Success = 1; #Failed = 5; #Dropped = 0
Target Time = 55.5; Load Intensity = 46.0; #Success = 1; #Failed = 7; #Dropped = 0
Target Time = 56.5; Load Intensity = 47.0; #Success = 0; #Failed = 8; #Dropped = 0
Target Time = 57.5; Load Intensity = 47.0; #Success = 1; #Failed = 5; #Dropped = 0
Target Time = 58.5; Load Intensity = 48.0; #Success = 0; #Failed = 13; #Dropped = 0
Target Time = 59.5; Load Intensity = 49.0; #Success = 1; #Failed = 8; #Dropped = 0
Target Time = 60.5; Load Intensity = 50.0; #Success = 0; #Failed = 5; #Dropped = 0
Target Time = 61.5; Load Intensity = 51.0; #Success = 0; #Failed = 9; #Dropped = 3
Target Time = 62.5; Load Intensity = 52.0; #Success = 0; #Failed = 12; #Dropped = 17
Target Time = 63.5; Load Intensity = 52.0; #Success = 0; #Failed = 6; #Dropped = 15
Target Time = 64.5; Load Intensity = 53.0; #Success = 0; #Failed = 10; #Dropped = 20
Target Time = 65.5; Load Intensity = 54.0; #Success = 0; #Failed = 12; #Dropped = 18
Target Time = 66.5; Load Intensity = 55.0; #Success = 0; #Failed = 1; #Dropped = 18
Target Time = 67.5; Load Intensity = 56.0; #Success = 2; #Failed = 2; #Dropped = 39
Target Time = 68.5; Load Intensity = 57.0; #Success = 0; #Failed = 4; #Dropped = 18
Target Time = 69.5; Load Intensity = 57.0; #Success = 0; #Failed = 3; #Dropped = 27
Target Time = 70.5; Load Intensity = 58.0; #Success = 1; #Failed = 4; #Dropped = 45
Target Time = 71.5; Load Intensity = 59.0; #Success = 0; #Failed = 5; #Dropped = 11
Target Time = 72.5; Load Intensity = 60.0; #Success = 0; #Failed = 0; #Dropped = 0
Target Time = 73.5; Load Intensity = 61.0; #Success = 0; #Failed = 2; #Dropped = 64
Target Time = 74.5; Load Intensity = 62.0; #Success = 30; #Failed = 0; #Dropped = 41
Target Time = 75.5; Load Intensity = 62.0; #Success = 3; #Failed = 0; #Dropped = 20
Target Time = 76.5; Load Intensity = 63.0; #Success = 0; #Failed = 0; #Dropped = 0
Target Time = 77.5; Load Intensity = 64.0; #Success = 20; #Failed = 0; #Dropped = 65
Target Time = 78.5; Load Intensity = 65.0; #Success = 2; #Failed = 0; #Dropped = 36
Target Time = 79.5; Load Intensity = 66.0; #Success = 2; #Failed = 0; #Dropped = 35
Target Time = 80.5; Load Intensity = 67.0; #Success = 5; #Failed = 0; #Dropped = 29
Target Time = 81.5; Load Intensity = 67.0; #Success = 0; #Failed = 1; #Dropped = 51
Target Time = 82.5; Load Intensity = 68.0; #Success = 1; #Failed = 2; #Dropped = 41
Target Time = 83.5; Load Intensity = 69.0; #Success = 3; #Failed = 0; #Dropped = 39
Target Time = 84.5; Load Intensity = 70.0; #Success = 2; #Failed = 0; #Dropped = 13
Target Time = 85.5; Load Intensity = 71.0; #Success = 4; #Failed = 0; #Dropped = 66
Target Time = 86.5; Load Intensity = 72.0; #Success = 0; #Failed = 8; #Dropped = 53
Target Time = 87.5; Load Intensity = 72.0; #Success = 1; #Failed = 2; #Dropped = 38
Target Time = 88.5; Load Intensity = 73.0; #Success = 6; #Failed = 0; #Dropped = 34
Target Time = 89.5; Load Intensity = 74.0; #Success = 5; #Failed = 0; #Dropped = 20
Target Time = 90.5; Load Intensity = 75.0; #Success = 1; #Failed = 0; #Dropped = 40
Target Time = 91.5; Load Intensity = 76.0; #Success = 17; #Failed = 0; #Dropped = 82
Target Time = 92.5; Load Intensity = 77.0; #Success = 15; #Failed = 0; #Dropped = 28
Target Time = 93.5; Load Intensity = 77.0; #Success = 4; #Failed = 0; #Dropped = 53
Target Time = 94.5; Load Intensity = 78.0; #Success = 4; #Failed = 0; #Dropped = 24
Target Time = 95.5; Load Intensity = 79.0; #Success = 10; #Failed = 0; #Dropped = 65
Target Time = 96.5; Load Intensity = 80.0; #Success = 20; #Failed = 0; #Dropped = 37
Target Time = 97.5; Load Intensity = 81.0; #Success = 9; #Failed = 0; #Dropped = 55
Target Time = 98.5; Load Intensity = 82.0; #Success = 5; #Failed = 0; #Dropped = 24
Target Time = 99.5; Load Intensity = 82.0; #Success = 2; #Failed = 0; #Dropped = 72
Target Time = 100.5; Load Intensity = 83.0; #Success = 3; #Failed = 0; #Dropped = 60
Target Time = 101.5; Load Intensity = 84.0; #Success = 7; #Failed = 0; #Dropped = 53
Target Time = 102.5; Load Intensity = 85.0; #Success = 12; #Failed = 0; #Dropped = 49
Target Time = 103.5; Load Intensity = 86.0; #Success = 3; #Failed = 0; #Dropped = 11
Target Time = 104.5; Load Intensity = 87.0; #Success = 1; #Failed = 0; #Dropped = 94
Target Time = 105.5; Load Intensity = 87.0; #Success = 4; #Failed = 0; #Dropped = 67
Target Time = 106.5; Load Intensity = 88.0; #Success = 11; #Failed = 0; #Dropped = 58
Target Time = 107.5; Load Intensity = 89.0; #Success = 5; #Failed = 0; #Dropped = 61
Target Time = 108.5; Load Intensity = 90.0; #Success = 6; #Failed = 0; #Dropped = 36
Target Time = 109.5; Load Intensity = 91.0; #Success = 3; #Failed = 0; #Dropped = 79
Target Time = 110.5; Load Intensity = 92.0; #Success = 4; #Failed = 0; #Dropped = 24
Target Time = 111.5; Load Intensity = 92.0; #Success = 5; #Failed = 0; #Dropped = 102
Target Time = 112.5; Load Intensity = 93.0; #Success = 7; #Failed = 0; #Dropped = 71
Target Time = 113.5; Load Intensity = 94.0; #Success = 8; #Failed = 0; #Dropped = 54
Target Time = 114.5; Load Intensity = 95.0; #Success = 7; #Failed = 2; #Dropped = 60
Target Time = 115.5; Load Intensity = 96.0; #Success = 16; #Failed = 7; #Dropped = 46
Target Time = 116.5; Load Intensity = 97.0; #Success = 5; #Failed = 11; #Dropped = 46
Target Time = 117.5; Load Intensity = 97.0; #Success = 2; #Failed = 16; #Dropped = 60
Target Time = 118.5; Load Intensity = 98.0; #Success = 10; #Failed = 9; #Dropped = 65
Target Time = 119.5; Load Intensity = 99.0; #Success = 4; #Failed = 9; #Dropped = 47
Target Time = 120.5; Load Intensity = 0.0; #Success = 3; #Failed = 3; #Dropped = 82
Target Time = 121.5; Load Intensity = 0.0; #Success = 3; #Failed = 10; #Dropped = 55
Target Time = 122.5; Load Intensity = 0.0; #Success = 16; #Failed = 21; #Dropped = 51
Target Time = 123.5; Load Intensity = 0.0; #Success = 14; #Failed = 21; #Dropped = 35
Target Time = 124.5; Load Intensity = 0.0; #Success = 6; #Failed = 15; #Dropped = 59
Target Time = 125.5; Load Intensity = 0.0; #Success = 7; #Failed = 12; #Dropped = 54
Target Time = 126.5; Load Intensity = 0.0; #Success = 5; #Failed = 20; #Dropped = 64
Target Time = 127.5; Load Intensity = 0.0; #Success = 7; #Failed = 6; #Dropped = 64
Target Time = 128.5; Load Intensity = 0.0; #Success = 0; #Failed = 0; #Dropped = 0
Target Time = 129.5; Load Intensity = 0.0; #Success = 8; #Failed = 3; #Dropped = 153
Target Time = 130.5; Load Intensity = 0.0; #Success = 5; #Failed = 4; #Dropped = 74
Target Time = 131.5; Load Intensity = 0.0; #Success = 6; #Failed = 0; #Dropped = 73
Target Time = 132.5; Load Intensity = 0.0; #Success = 7; #Failed = 2; #Dropped = 85
Target Time = 133.5; Load Intensity = 0.0; #Success = 1; #Failed = 1; #Dropped = 74
Target Time = 134.5; Load Intensity = 0.0; #Success = 6; #Failed = 4; #Dropped = 83
Target Time = 135.5; Load Intensity = 0.0; #Success = 0; #Failed = 0; #Dropped = 0
Target Time = 136.5; Load Intensity = 0.0; #Success = 4; #Failed = 0; #Dropped = 147
Target Time = 137.5; Load Intensity = 0.0; #Success = 1; #Failed = 3; #Dropped = 79
Target Time = 138.5; Load Intensity = 0.0; #Success = 2; #Failed = 1; #Dropped = 107
Target Time = 139.5; Load Intensity = 0.0; #Success = 4; #Failed = 6; #Dropped = 91
Target Time = 140.5; Load Intensity = 0.0; #Success = 4; #Failed = 3; #Dropped = 59
Target Time = 141.5; Load Intensity = 0.0; #Success = 5; #Failed = 11; #Dropped = 87
Target Time = 142.5; Load Intensity = 0.0; #Success = 4; #Failed = 12; #Dropped = 87
Target Time = 143.5; Load Intensity = 0.0; #Success = 1; #Failed = 4; #Dropped = 86
Target Time = 144.5; Load Intensity = 0.0; #Success = 5; #Failed = 15; #Dropped = 62
  └─ [nitro5:sd] end 01:44:18
Target Time = 145.5; Load Intensity = 0.0; #Success = 2; #Failed = 12; #Dropped = 72
  └─ [nitro5:ram] end 01:44:18
  └─ [nitro5:nic] end 01:44:19
  └─ [nitro5:cpu] end 01:44:19
Target Time = 146.5; Load Intensity = 0.0; #Success = 2; #Failed = 10; #Dropped = 84
Target Time = 147.5; Load Intensity = 0.0; #Success = 1; #Failed = 15; #Dropped = 111
Target Time = 148.5; Load Intensity = 0.0; #Success = 0; #Failed = 13; #Dropped = 58
Target Time = 149.5; Load Intensity = 0.0; #Success = 2; #Failed = 12; #Dropped = 97
Target Time = 150.5; Load Intensity = 0.0; #Success = 0; #Failed = 17; #Dropped = 16
Target Time = 151.5; Load Intensity = 0.0; #Success = 0; #Failed = 12; #Dropped = 0
Target Time = 152.5; Load Intensity = 0.0; #Success = 0; #Failed = 9; #Dropped = 0
Target Time = 153.5; Load Intensity = 0.0; #Success = 0; #Failed = 6; #Dropped = 0
  └─ [leo:sd] end 01:44:27
Target Time = 154.5; Load Intensity = 0.0; #Success = 1; #Failed = 2; #Dropped = 0
  └─ [leo:cpu] end 01:44:27
  └─ [aspire:nic] end 01:44:28
  └─ [leo:nic] end 01:44:28
Target Time = 155.5; Load Intensity = 0.0; #Success = 4; #Failed = 1; #Dropped = 0
  └─ [aspire:cpu] end 01:44:29
  └─ [aspire:sd] end 01:44:29
  └─ [aspire:ram] end 01:44:29
Target Time = 156.5; Load Intensity = 0.0; #Success = 0; #Failed = 0; #Dropped = 0
  └─ [leo:ram] end 01:44:30
Target Time = 157.5; Load Intensity = 0.0; #Success = 0; #Failed = 0; #Dropped = 0
Target Time = 158.5; Load Intensity = 0.0; #Success = 2; #Failed = 0; #Dropped = 0
Target Time = 159.5; Load Intensity = 0.0; #Success = 10; #Failed = 0; #Dropped = 0
  └─ [scorpius:ram] end 01:44:37
  └─ [scorpius:sd] end 01:44:37
Workload finished.
Log finished.
📄 LIMBO finalizado para scenario=low
⏳ [01:44:37] Esperando que termine medición: fase3_carga_low_iter10 (PID: 2596021)
  └─ [scorpius:cpu] end 01:44:39
=== Bloque 145s terminado - Fase: fase3_carga_low_iter10 ===
[🧹] Limpiando CSVs internos de ecofloc en cada nodo (fase: fase3_carga_low_iter10)...
  ✔ [nitro5:cpu] limpiado /home/luish/Documents/p3/ecofloc2/ecofloc/ecofloc-cpu/ECOFLOC_CPU_COMM_text.csv
  ✔ [nitro5:nic] limpiado /home/luish/Documents/p3/ecofloc2/ecofloc/ecofloc-nic/ECOFLOC_NIC_COMM_text.csv
  ✔ [nitro5:ram] limpiado /home/luish/Documents/p3/ecofloc2/ecofloc/ecofloc-ram/ECOFLOC_RAM_COMM_text.csv
  ✔ [nitro5:sd] limpiado /home/luish/Documents/p3/ecofloc2/ecofloc/ecofloc-sd/ECOFLOC_SD_COMM_text.csv
  ✔ [leo:cpu] limpiado /home/leo/ecofloc/ecofloc-cpu/ECOFLOC_CPU_COMM_text.csv
  ✔ [leo:nic] limpiado /home/leo/ecofloc/ecofloc-nic/ECOFLOC_NIC_COMM_text.csv
  ✔ [leo:ram] limpiado /home/leo/ecofloc/ecofloc-ram/ECOFLOC_RAM_COMM_text.csv
  ✔ [leo:sd] limpiado /home/leo/ecofloc/ecofloc-sd/ECOFLOC_SD_COMM_text.csv
  ✔ [aspire:cpu] limpiado /home/luish/Documents/p3/ecofloc2/ecofloc/ecofloc-cpu/ECOFLOC_CPU_COMM_text.csv
  ✔ [aspire:nic] limpiado /home/luish/Documents/p3/ecofloc2/ecofloc/ecofloc-nic/ECOFLOC_NIC_COMM_text.csv
  ✔ [aspire:ram] limpiado /home/luish/Documents/p3/ecofloc2/ecofloc/ecofloc-ram/ECOFLOC_RAM_COMM_text.csv
  ✔ [aspire:sd] limpiado /home/luish/Documents/p3/ecofloc2/ecofloc/ecofloc-sd/ECOFLOC_SD_COMM_text.csv
  ✔ [scorpius:cpu] limpiado /home/scorpius03/Documents/ecofloc/ecofloc-cpu/ECOFLOC_CPU_COMM_text.csv
  ✔ [scorpius:nic] limpiado /home/scorpius03/Documents/ecofloc/ecofloc-nic/ECOFLOC_NIC_COMM_text.csv
  ✔ [scorpius:ram] limpiado /home/scorpius03/Documents/ecofloc/ecofloc-ram/ECOFLOC_RAM_COMM_text.csv
  ✔ [scorpius:sd] limpiado /home/scorpius03/Documents/ecofloc/ecofloc-sd/ECOFLOC_SD_COMM_text.csv
========================================
🔋 MEASURE ENERGY FINALIZADO
   Fase: fase3_carga_low_iter10
========================================
✔️ [01:44:43] Medición fase3_carga_low_iter10 completada
[📦] Archivando resultados → ./historyexecutions/exp(01:44:48)_fase3_low_iter10
[✔] Archivado: ./historyexecutions/exp(01:44:48)_fase3_low_iter10
🧹 Limpiando TeaStore (iter 10)...
⏸ Esperando 15s para limpieza completa...
✅ Iteración 10 / 15 del escenario low completada.

########################################################
🔄 ESCENARIO: low | ITERACIÓN: 11 / 15
   Hora: 01:45:37
########################################################
========================================
🔋 FASE 1: Descarga de imágenes (low, iter 11)
========================================
📋 Capturando PIDs (gepidstea.sh)...
📋 Capturando PIDs de contenedores (kpsnodos.sh)...
🔋 [01:45:55] Iniciando medición de energía: fase1_descarga_low_iter11 (25s)
   PID de medición: 2995188
🚀 Desplegando TeaStore desde /home/luish/Documents/death/teastore/TeaStore/examples/kubernetes/teastore-energy-scheduler.yaml...
========================================
🔋 MEASURE ENERGY - Fase: fase1_descarga_low_iter11
   Duración: 25s
   PID: 2995188
========================================
=== Medición bloque 25s - Fase: fase1_descarga_low_iter11 ===
[⏱ 01:45:55] Iniciando ecofloc en nitro5 por 25s (fase: fase1_descarga_low_iter11)
⏳ Esperando a que todos los pods de TeaStore estén Running y Ready...
  ├─ [nitro5:sd] start 01:45:56
  ├─ [nitro5:ram] start 01:45:56
  ├─ [nitro5:nic] start 01:45:56
[⏱ 01:45:57] Iniciando ecofloc en aspire por 25s (fase: fase1_descarga_low_iter11)
  ├─ [nitro5:cpu] start 01:45:57
  ├─ [aspire:sd] start 01:45:57
  ├─ [aspire:ram] start 01:45:57
  ├─ [aspire:nic] start 01:45:57
[⏱ 01:45:57] Iniciando ecofloc en scorpius por 25s (fase: fase1_descarga_low_iter11)
  ├─ [aspire:cpu] start 01:45:57
  ├─ [scorpius:sd] start 01:45:57
  ├─ [scorpius:ram] start 01:45:57
[⏱ 01:45:57] Iniciando ecofloc en leo por 25s (fase: fase1_descarga_low_iter11)
  ├─ [scorpius:nic] start 01:45:57
  ├─ [scorpius:cpu] start 01:45:57
  ├─ [leo:sd] start 01:45:57
  ├─ [leo:ram] start 01:45:57
  ├─ [leo:nic] start 01:45:57
  ├─ [leo:cpu] start 01:45:57
✅ Pods listos.
⏳ [01:45:59] Esperando que termine medición: fase1_descarga_low_iter11 (PID: 2995188)
  └─ [nitro5:sd] end 01:46:21
  └─ [nitro5:ram] end 01:46:21
  └─ [nitro5:nic] end 01:46:21
  └─ [nitro5:cpu] end 01:46:22
  └─ [aspire:cpu] end 01:46:23
  └─ [leo:cpu] end 01:46:23
  └─ [aspire:sd] end 01:46:24
  └─ [leo:sd] end 01:46:24
  └─ [aspire:nic] end 01:46:24
  └─ [aspire:ram] end 01:46:24
  └─ [scorpius:cpu] end 01:46:25
  └─ [scorpius:sd] end 01:46:25
  └─ [leo:ram] end 01:46:26
  └─ [leo:nic] end 01:46:26
  └─ [scorpius:ram] end 01:46:26
  └─ [scorpius:nic] end 01:46:26
=== Bloque 25s terminado - Fase: fase1_descarga_low_iter11 ===
[🧹] Limpiando CSVs internos de ecofloc en cada nodo (fase: fase1_descarga_low_iter11)...
  ✔ [nitro5:cpu] limpiado /home/luish/Documents/p3/ecofloc2/ecofloc/ecofloc-cpu/ECOFLOC_CPU_COMM_text.csv
  ✔ [nitro5:nic] limpiado /home/luish/Documents/p3/ecofloc2/ecofloc/ecofloc-nic/ECOFLOC_NIC_COMM_text.csv
  ✔ [nitro5:ram] limpiado /home/luish/Documents/p3/ecofloc2/ecofloc/ecofloc-ram/ECOFLOC_RAM_COMM_text.csv
  ✔ [nitro5:sd] limpiado /home/luish/Documents/p3/ecofloc2/ecofloc/ecofloc-sd/ECOFLOC_SD_COMM_text.csv
  ✔ [leo:cpu] limpiado /home/leo/ecofloc/ecofloc-cpu/ECOFLOC_CPU_COMM_text.csv
  ✔ [leo:nic] limpiado /home/leo/ecofloc/ecofloc-nic/ECOFLOC_NIC_COMM_text.csv
  ✔ [leo:ram] limpiado /home/leo/ecofloc/ecofloc-ram/ECOFLOC_RAM_COMM_text.csv
  ✔ [leo:sd] limpiado /home/leo/ecofloc/ecofloc-sd/ECOFLOC_SD_COMM_text.csv
  ✔ [aspire:cpu] limpiado /home/luish/Documents/p3/ecofloc2/ecofloc/ecofloc-cpu/ECOFLOC_CPU_COMM_text.csv
  ✔ [aspire:nic] limpiado /home/luish/Documents/p3/ecofloc2/ecofloc/ecofloc-nic/ECOFLOC_NIC_COMM_text.csv
  ✔ [aspire:ram] limpiado /home/luish/Documents/p3/ecofloc2/ecofloc/ecofloc-ram/ECOFLOC_RAM_COMM_text.csv
  ✔ [aspire:sd] limpiado /home/luish/Documents/p3/ecofloc2/ecofloc/ecofloc-sd/ECOFLOC_SD_COMM_text.csv
  ✔ [scorpius:cpu] limpiado /home/scorpius03/Documents/ecofloc/ecofloc-cpu/ECOFLOC_CPU_COMM_text.csv
  ✔ [scorpius:nic] limpiado /home/scorpius03/Documents/ecofloc/ecofloc-nic/ECOFLOC_NIC_COMM_text.csv
  ✔ [scorpius:ram] limpiado /home/scorpius03/Documents/ecofloc/ecofloc-ram/ECOFLOC_RAM_COMM_text.csv
  ✔ [scorpius:sd] limpiado /home/scorpius03/Documents/ecofloc/ecofloc-sd/ECOFLOC_SD_COMM_text.csv
========================================
🔋 MEASURE ENERGY FINALIZADO
   Fase: fase1_descarga_low_iter11
========================================
✔️ [01:46:29] Medición fase1_descarga_low_iter11 completada
[📦] Archivando resultados → ./historyexecutions/exp(01:46:34)_fase1_low_iter11
[✔] Archivado: ./historyexecutions/exp(01:46:34)_fase1_low_iter11
========================================
🔋 FASE 2: Preparación de servicios (low, iter 11)
========================================
📋 Capturando PIDs (gepidstea.sh)...
📋 Capturando PIDs de contenedores (kpsnodos.sh)...
🔋 [01:46:51] Iniciando medición de energía: fase2_preparacion_low_iter11 (50s)
   PID de medición: 3061115
========================================
🔋 MEASURE ENERGY - Fase: fase2_preparacion_low_iter11
   Duración: 50s
   PID: 3061115
========================================
=== Medición bloque 50s - Fase: fase2_preparacion_low_iter11 ===
[⏱ 01:46:51] Iniciando ecofloc en nitro5 por 50s (fase: fase2_preparacion_low_iter11)
⏳ Esperando 10s a que CoreDNS se estabilice...
  ├─ [nitro5:sd] start 01:46:52
  ├─ [nitro5:ram] start 01:46:52
  ├─ [nitro5:nic] start 01:46:53
[⏱ 01:46:53] Iniciando ecofloc en aspire por 50s (fase: fase2_preparacion_low_iter11)
  ├─ [nitro5:cpu] start 01:46:53
  ├─ [aspire:sd] start 01:46:53
  ├─ [aspire:ram] start 01:46:53
  ├─ [aspire:nic] start 01:46:53
[⏱ 01:46:53] Iniciando ecofloc en scorpius por 50s (fase: fase2_preparacion_low_iter11)
  ├─ [aspire:cpu] start 01:46:53
  ├─ [scorpius:sd] start 01:46:53
  ├─ [scorpius:ram] start 01:46:53
  ├─ [scorpius:nic] start 01:46:53
[⏱ 01:46:53] Iniciando ecofloc en leo por 50s (fase: fase2_preparacion_low_iter11)
  ├─ [scorpius:cpu] start 01:46:53
  ├─ [leo:ram] start 01:46:53
  ├─ [leo:nic] start 01:46:53
  ├─ [leo:sd] start 01:46:53
  ├─ [leo:cpu] start 01:46:53
➡️ Pod WebUI: teastore-webui-ff7768544-zfpss
➡️ Está en el nodo: leo02
🌐 IP del nodo WebUI: 192.168.18.36
⏳ Verificando estado del TeaStore en http://192.168.18.36:30080/tools.descartes.teastore.webui/status ...
   ➤ Estado actual: 5 / 5 servicios OK
✔ TODOS los servicios del TeaStore están OK. Continuando...
⏳ [01:47:06] Esperando que termine medición: fase2_preparacion_low_iter11 (PID: 3061115)
  └─ [nitro5:sd] end 01:47:42
  └─ [nitro5:ram] end 01:47:42
  └─ [nitro5:nic] end 01:47:43
  └─ [nitro5:cpu] end 01:47:43
  └─ [aspire:cpu] end 01:47:44
  └─ [aspire:sd] end 01:47:44
  └─ [aspire:nic] end 01:47:45
  └─ [leo:sd] end 01:47:46
  └─ [aspire:ram] end 01:47:47
  └─ [scorpius:sd] end 01:47:48
  └─ [leo:cpu] end 01:47:48
  └─ [scorpius:cpu] end 01:47:48
  └─ [scorpius:ram] end 01:47:48
  └─ [scorpius:nic] end 01:47:48
  └─ [leo:nic] end 01:47:49
  └─ [leo:ram] end 01:47:49
=== Bloque 50s terminado - Fase: fase2_preparacion_low_iter11 ===
[🧹] Limpiando CSVs internos de ecofloc en cada nodo (fase: fase2_preparacion_low_iter11)...
  ✔ [nitro5:cpu] limpiado /home/luish/Documents/p3/ecofloc2/ecofloc/ecofloc-cpu/ECOFLOC_CPU_COMM_text.csv
  ✔ [nitro5:nic] limpiado /home/luish/Documents/p3/ecofloc2/ecofloc/ecofloc-nic/ECOFLOC_NIC_COMM_text.csv
  ✔ [nitro5:ram] limpiado /home/luish/Documents/p3/ecofloc2/ecofloc/ecofloc-ram/ECOFLOC_RAM_COMM_text.csv
  ✔ [nitro5:sd] limpiado /home/luish/Documents/p3/ecofloc2/ecofloc/ecofloc-sd/ECOFLOC_SD_COMM_text.csv
  ✔ [leo:cpu] limpiado /home/leo/ecofloc/ecofloc-cpu/ECOFLOC_CPU_COMM_text.csv
  ✔ [leo:nic] limpiado /home/leo/ecofloc/ecofloc-nic/ECOFLOC_NIC_COMM_text.csv
  ✔ [leo:ram] limpiado /home/leo/ecofloc/ecofloc-ram/ECOFLOC_RAM_COMM_text.csv
  ✔ [leo:sd] limpiado /home/leo/ecofloc/ecofloc-sd/ECOFLOC_SD_COMM_text.csv
  ✔ [aspire:cpu] limpiado /home/luish/Documents/p3/ecofloc2/ecofloc/ecofloc-cpu/ECOFLOC_CPU_COMM_text.csv
  ✔ [aspire:nic] limpiado /home/luish/Documents/p3/ecofloc2/ecofloc/ecofloc-nic/ECOFLOC_NIC_COMM_text.csv
  ✔ [aspire:ram] limpiado /home/luish/Documents/p3/ecofloc2/ecofloc/ecofloc-ram/ECOFLOC_RAM_COMM_text.csv
  ✔ [aspire:sd] limpiado /home/luish/Documents/p3/ecofloc2/ecofloc/ecofloc-sd/ECOFLOC_SD_COMM_text.csv
  ✔ [scorpius:cpu] limpiado /home/scorpius03/Documents/ecofloc/ecofloc-cpu/ECOFLOC_CPU_COMM_text.csv
  ✔ [scorpius:nic] limpiado /home/scorpius03/Documents/ecofloc/ecofloc-nic/ECOFLOC_NIC_COMM_text.csv
  ✔ [scorpius:ram] limpiado /home/scorpius03/Documents/ecofloc/ecofloc-ram/ECOFLOC_RAM_COMM_text.csv
  ✔ [scorpius:sd] limpiado /home/scorpius03/Documents/ecofloc/ecofloc-sd/ECOFLOC_SD_COMM_text.csv
========================================
🔋 MEASURE ENERGY FINALIZADO
   Fase: fase2_preparacion_low_iter11
========================================
✔️ [01:47:53] Medición fase2_preparacion_low_iter11 completada
[📦] Archivando resultados → ./historyexecutions/exp(01:47:58)_fase2_low_iter11
[✔] Archivado: ./historyexecutions/exp(01:47:58)_fase2_low_iter11
========================================
🔋 FASE 3: Ejecución de carga (low, iter 11)
========================================
📋 Capturando PIDs (gepidstea.sh)...
📋 Capturando PIDs de contenedores (kpsnodos.sh)...
🔋 [01:48:14] Iniciando medición de energía: fase3_carga_low_iter11 (145s)
   PID de medición: 3198159
=== Escenario low (iter 11) ===
========================================
🔋 MEASURE ENERGY - Fase: fase3_carga_low_iter11
   Duración: 145s
   PID: 3198159
========================================
=== Medición bloque 145s - Fase: fase3_carga_low_iter11 ===
🚀 Iniciando LIMBO con profile=/home/luish/Documents/death/teastore/TeaStore/examples/httploadgenerator/increasingLowIntensity.csv y script=/home/luish/Documents/death/teastore/TeaStore/examples/httploadgenerator/teastore_buy.lua
[⏱ 01:48:14] Iniciando ecofloc en nitro5 por 145s (fase: fase3_carga_low_iter11)
Feb 26, 2026 1:48:14 AM tools.descartes.dlim.httploadgenerator.runner.Director executeDirector
WARNING: No power measurements
Feb 26, 2026 1:48:14 AM tools.descartes.dlim.httploadgenerator.runner.Director executeDirector
INFO: Load Generator Thread Count set to 64
Feb 26, 2026 1:48:14 AM tools.descartes.dlim.httploadgenerator.runner.Director executeDirector
INFO: URL connection timout set to 30000 ms
Feb 26, 2026 1:48:14 AM tools.descartes.dlim.httploadgenerator.runner.Director executeDirector
INFO: Using Lua Script: /home/luish/Documents/death/teastore/TeaStore/examples/httploadgenerator/teastore_buy.lua
Feb 26, 2026 1:48:14 AM tools.descartes.dlim.httploadgenerator.runner.Director process
INFO: Read 120 Arrival Rate Tuples
Load Generator sent: ok
Feb 26, 2026 1:48:14 AM tools.descartes.dlim.httploadgenerator.runner.Director process
INFO: Arrival Rates sent to Load Generator(s).
Load Generator sent: ok
Feb 26, 2026 1:48:14 AM tools.descartes.dlim.httploadgenerator.runner.Director process
INFO: Thread Count sent to Load Generator(s): 64
Load Generator sent: ok
Feb 26, 2026 1:48:14 AM tools.descartes.dlim.httploadgenerator.runner.Director process
INFO: URL connection timeout sent to Load Generator(s): 30000
Load Generator sent: ok
Feb 26, 2026 1:48:14 AM tools.descartes.dlim.httploadgenerator.runner.Director process
INFO: Contents of script sent to Load Generator: /home/luish/Documents/death/teastore/TeaStore/examples/httploadgenerator/teastore_buy.lua
Feb 26, 2026 1:48:14 AM tools.descartes.dlim.httploadgenerator.runner.Director process
INFO: Starting Load Generation
Beginning Run @1772088494969(26.02.2026;01:48:14969)
Target Time = 0.5; Load Intensity = 0.0; #Success = 0; #Failed = 0; #Dropped = 0
  ├─ [nitro5:sd] start 01:48:15
  ├─ [nitro5:ram] start 01:48:15
  ├─ [nitro5:nic] start 01:48:15
[⏱ 01:48:16] Iniciando ecofloc en aspire por 145s (fase: fase3_carga_low_iter11)
  ├─ [nitro5:cpu] start 01:48:16
  ├─ [aspire:sd] start 01:48:16
  ├─ [aspire:ram] start 01:48:16
  ├─ [aspire:nic] start 01:48:16
[⏱ 01:48:16] Iniciando ecofloc en scorpius por 145s (fase: fase3_carga_low_iter11)
  ├─ [aspire:cpu] start 01:48:16
  ├─ [scorpius:sd] start 01:48:16
  ├─ [scorpius:ram] start 01:48:16
[⏱ 01:48:16] Iniciando ecofloc en leo por 145s (fase: fase3_carga_low_iter11)
  ├─ [scorpius:nic] start 01:48:16
  ├─ [scorpius:cpu] start 01:48:16
  ├─ [leo:sd] start 01:48:16
  ├─ [leo:nic] start 01:48:16
  ├─ [leo:ram] start 01:48:16
  ├─ [leo:cpu] start 01:48:16
Target Time = 1.5; Load Intensity = 1.0; #Success = 0; #Failed = 0; #Dropped = 0
Target Time = 2.5; Load Intensity = 2.0; #Success = 0; #Failed = 0; #Dropped = 0
Target Time = 3.5; Load Intensity = 2.0; #Success = 0; #Failed = 0; #Dropped = 0
Target Time = 4.5; Load Intensity = 3.0; #Success = 3; #Failed = 0; #Dropped = 0
Target Time = 5.5; Load Intensity = 4.0; #Success = 6; #Failed = 0; #Dropped = 0
Target Time = 6.5; Load Intensity = 5.0; #Success = 3; #Failed = 0; #Dropped = 0
Target Time = 7.5; Load Intensity = 6.0; #Success = 2; #Failed = 0; #Dropped = 0
Target Time = 8.5; Load Intensity = 7.0; #Success = 6; #Failed = 0; #Dropped = 0
Target Time = 9.5; Load Intensity = 7.0; #Success = 5; #Failed = 0; #Dropped = 0
Target Time = 10.5; Load Intensity = 8.0; #Success = 2; #Failed = 0; #Dropped = 0
Target Time = 11.5; Load Intensity = 9.0; #Success = 3; #Failed = 0; #Dropped = 0
Target Time = 12.5; Load Intensity = 10.0; #Success = 1; #Failed = 0; #Dropped = 0
Target Time = 13.5; Load Intensity = 11.0; #Success = 2; #Failed = 0; #Dropped = 0
Target Time = 14.5; Load Intensity = 12.0; #Success = 2; #Failed = 0; #Dropped = 0
Target Time = 15.5; Load Intensity = 12.0; #Success = 3; #Failed = 0; #Dropped = 0
Target Time = 16.5; Load Intensity = 13.0; #Success = 2; #Failed = 0; #Dropped = 0
Target Time = 17.5; Load Intensity = 14.0; #Success = 4; #Failed = 0; #Dropped = 0
Target Time = 18.5; Load Intensity = 15.0; #Success = 0; #Failed = 0; #Dropped = 0
Target Time = 19.5; Load Intensity = 16.0; #Success = 2; #Failed = 2; #Dropped = 0
Target Time = 20.5; Load Intensity = 17.0; #Success = 1; #Failed = 3; #Dropped = 0
Target Time = 21.5; Load Intensity = 17.0; #Success = 0; #Failed = 4; #Dropped = 0
Target Time = 22.5; Load Intensity = 18.0; #Success = 0; #Failed = 4; #Dropped = 0
Target Time = 23.5; Load Intensity = 19.0; #Success = 0; #Failed = 6; #Dropped = 0
Target Time = 24.5; Load Intensity = 20.0; #Success = 0; #Failed = 4; #Dropped = 0
Target Time = 25.5; Load Intensity = 21.0; #Success = 0; #Failed = 0; #Dropped = 0
Target Time = 26.5; Load Intensity = 22.0; #Success = 0; #Failed = 0; #Dropped = 0
Target Time = 27.5; Load Intensity = 22.0; #Success = 0; #Failed = 0; #Dropped = 0
Target Time = 28.5; Load Intensity = 23.0; #Success = 0; #Failed = 0; #Dropped = 0
Target Time = 29.5; Load Intensity = 24.0; #Success = 0; #Failed = 0; #Dropped = 0
Target Time = 30.5; Load Intensity = 25.0; #Success = 0; #Failed = 0; #Dropped = 0
Target Time = 31.5; Load Intensity = 26.0; #Success = 0; #Failed = 0; #Dropped = 0
Target Time = 32.5; Load Intensity = 27.0; #Success = 0; #Failed = 2; #Dropped = 0
Target Time = 33.5; Load Intensity = 27.0; #Success = 0; #Failed = 2; #Dropped = 0
Target Time = 34.5; Load Intensity = 28.0; #Success = 3; #Failed = 0; #Dropped = 0
Target Time = 35.5; Load Intensity = 29.0; #Success = 2; #Failed = 7; #Dropped = 0
Target Time = 36.5; Load Intensity = 30.0; #Success = 1; #Failed = 3; #Dropped = 0
Target Time = 37.5; Load Intensity = 31.0; #Success = 1; #Failed = 0; #Dropped = 0
Target Time = 38.5; Load Intensity = 32.0; #Success = 1; #Failed = 3; #Dropped = 0
Target Time = 39.5; Load Intensity = 32.0; #Success = 0; #Failed = 0; #Dropped = 0
Target Time = 40.5; Load Intensity = 33.0; #Success = 3; #Failed = 1; #Dropped = 0
Target Time = 41.5; Load Intensity = 34.0; #Success = 1; #Failed = 3; #Dropped = 0
Target Time = 42.5; Load Intensity = 35.0; #Success = 8; #Failed = 0; #Dropped = 0
Target Time = 43.5; Load Intensity = 36.0; #Success = 2; #Failed = 6; #Dropped = 0
Target Time = 44.5; Load Intensity = 37.0; #Success = 2; #Failed = 2; #Dropped = 0
Target Time = 45.5; Load Intensity = 37.0; #Success = 3; #Failed = 5; #Dropped = 0
Target Time = 46.5; Load Intensity = 38.0; #Success = 2; #Failed = 3; #Dropped = 0
Target Time = 47.5; Load Intensity = 39.0; #Success = 1; #Failed = 3; #Dropped = 0
Target Time = 48.5; Load Intensity = 40.0; #Success = 1; #Failed = 4; #Dropped = 0
Target Time = 49.5; Load Intensity = 41.0; #Success = 3; #Failed = 1; #Dropped = 0
Target Time = 50.5; Load Intensity = 42.0; #Success = 1; #Failed = 2; #Dropped = 0
Target Time = 51.5; Load Intensity = 42.0; #Success = 0; #Failed = 4; #Dropped = 0
Target Time = 52.5; Load Intensity = 43.0; #Success = 0; #Failed = 2; #Dropped = 0
Target Time = 53.5; Load Intensity = 44.0; #Success = 2; #Failed = 4; #Dropped = 1
Target Time = 54.5; Load Intensity = 45.0; #Success = 0; #Failed = 6; #Dropped = 15
Target Time = 55.5; Load Intensity = 46.0; #Success = 9; #Failed = 4; #Dropped = 7
Target Time = 56.5; Load Intensity = 47.0; #Success = 2; #Failed = 0; #Dropped = 20
Target Time = 57.5; Load Intensity = 47.0; #Success = 2; #Failed = 0; #Dropped = 14
Target Time = 58.5; Load Intensity = 48.0; #Success = 5; #Failed = 0; #Dropped = 20
Target Time = 59.5; Load Intensity = 49.0; #Success = 3; #Failed = 0; #Dropped = 17
Target Time = 60.5; Load Intensity = 50.0; #Success = 4; #Failed = 0; #Dropped = 26
Target Time = 61.5; Load Intensity = 51.0; #Success = 3; #Failed = 0; #Dropped = 16
Target Time = 62.5; Load Intensity = 52.0; #Success = 1; #Failed = 2; #Dropped = 20
Target Time = 63.5; Load Intensity = 52.0; #Success = 3; #Failed = 1; #Dropped = 30
Target Time = 64.5; Load Intensity = 53.0; #Success = 1; #Failed = 4; #Dropped = 30
Target Time = 65.5; Load Intensity = 54.0; #Success = 2; #Failed = 2; #Dropped = 9
Target Time = 66.5; Load Intensity = 55.0; #Success = 0; #Failed = 0; #Dropped = 0
Target Time = 67.5; Load Intensity = 56.0; #Success = 0; #Failed = 0; #Dropped = 0
Target Time = 68.5; Load Intensity = 57.0; #Success = 0; #Failed = 0; #Dropped = 0
Target Time = 69.5; Load Intensity = 57.0; #Success = 0; #Failed = 0; #Dropped = 0
Target Time = 70.5; Load Intensity = 58.0; #Success = 0; #Failed = 1; #Dropped = 171
Target Time = 71.5; Load Intensity = 59.0; #Success = 0; #Failed = 0; #Dropped = 0
Target Time = 72.5; Load Intensity = 60.0; #Success = 1; #Failed = 7; #Dropped = 60
Target Time = 73.5; Load Intensity = 61.0; #Success = 1; #Failed = 9; #Dropped = 17
Target Time = 74.5; Load Intensity = 62.0; #Success = 0; #Failed = 0; #Dropped = 0
Target Time = 75.5; Load Intensity = 62.0; #Success = 0; #Failed = 6; #Dropped = 60
Target Time = 76.5; Load Intensity = 63.0; #Success = 0; #Failed = 8; #Dropped = 26
Target Time = 77.5; Load Intensity = 64.0; #Success = 0; #Failed = 2; #Dropped = 42
Target Time = 78.5; Load Intensity = 65.0; #Success = 0; #Failed = 16; #Dropped = 44
Target Time = 79.5; Load Intensity = 66.0; #Success = 1; #Failed = 13; #Dropped = 9
Target Time = 80.5; Load Intensity = 67.0; #Success = 0; #Failed = 8; #Dropped = 49
Target Time = 81.5; Load Intensity = 67.0; #Success = 0; #Failed = 4; #Dropped = 38
Target Time = 82.5; Load Intensity = 68.0; #Success = 0; #Failed = 3; #Dropped = 32
Target Time = 83.5; Load Intensity = 69.0; #Success = 0; #Failed = 4; #Dropped = 42
Target Time = 84.5; Load Intensity = 70.0; #Success = 0; #Failed = 6; #Dropped = 44
Target Time = 85.5; Load Intensity = 71.0; #Success = 0; #Failed = 2; #Dropped = 12
Target Time = 86.5; Load Intensity = 72.0; #Success = 0; #Failed = 0; #Dropped = 0
Target Time = 87.5; Load Intensity = 72.0; #Success = 0; #Failed = 0; #Dropped = 0
Target Time = 88.5; Load Intensity = 73.0; #Success = 0; #Failed = 6; #Dropped = 152
Target Time = 89.5; Load Intensity = 74.0; #Success = 0; #Failed = 1; #Dropped = 71
Target Time = 90.5; Load Intensity = 75.0; #Success = 0; #Failed = 9; #Dropped = 31
Target Time = 91.5; Load Intensity = 76.0; #Success = 0; #Failed = 0; #Dropped = 0
Target Time = 92.5; Load Intensity = 77.0; #Success = 0; #Failed = 6; #Dropped = 96
Target Time = 93.5; Load Intensity = 77.0; #Success = 0; #Failed = 0; #Dropped = 0
Target Time = 94.5; Load Intensity = 78.0; #Success = 0; #Failed = 0; #Dropped = 0
Target Time = 95.5; Load Intensity = 79.0; #Success = 0; #Failed = 0; #Dropped = 0
Target Time = 96.5; Load Intensity = 80.0; #Success = 0; #Failed = 0; #Dropped = 0
Target Time = 97.5; Load Intensity = 81.0; #Success = 0; #Failed = 0; #Dropped = 0
Target Time = 98.5; Load Intensity = 82.0; #Success = 0; #Failed = 3; #Dropped = 333
Target Time = 99.5; Load Intensity = 82.0; #Success = 0; #Failed = 8; #Dropped = 44
Target Time = 100.5; Load Intensity = 83.0; #Success = 0; #Failed = 3; #Dropped = 8
Target Time = 101.5; Load Intensity = 84.0; #Success = 0; #Failed = 2; #Dropped = 90
Target Time = 102.5; Load Intensity = 85.0; #Success = 0; #Failed = 3; #Dropped = 71
Target Time = 103.5; Load Intensity = 86.0; #Success = 0; #Failed = 9; #Dropped = 55
Target Time = 104.5; Load Intensity = 87.0; #Success = 0; #Failed = 28; #Dropped = 34
  └─ [scorpius:nic] end 01:49:59
Target Time = 105.5; Load Intensity = 87.0; #Success = 1; #Failed = 1; #Dropped = 57
Target Time = 106.5; Load Intensity = 88.0; #Success = 3; #Failed = 0; #Dropped = 51
Target Time = 107.5; Load Intensity = 89.0; #Success = 3; #Failed = 0; #Dropped = 69
Target Time = 108.5; Load Intensity = 90.0; #Success = 2; #Failed = 0; #Dropped = 40
Target Time = 109.5; Load Intensity = 91.0; #Success = 3; #Failed = 0; #Dropped = 73
Target Time = 110.5; Load Intensity = 92.0; #Success = 6; #Failed = 0; #Dropped = 79
Target Time = 111.5; Load Intensity = 92.0; #Success = 2; #Failed = 0; #Dropped = 64
Target Time = 112.5; Load Intensity = 93.0; #Success = 0; #Failed = 0; #Dropped = 0
Target Time = 113.5; Load Intensity = 94.0; #Success = 1; #Failed = 0; #Dropped = 118
Target Time = 114.5; Load Intensity = 95.0; #Success = 6; #Failed = 0; #Dropped = 70
Target Time = 115.5; Load Intensity = 96.0; #Success = 4; #Failed = 0; #Dropped = 68
Target Time = 116.5; Load Intensity = 97.0; #Success = 4; #Failed = 1; #Dropped = 48
Target Time = 117.5; Load Intensity = 97.0; #Success = 0; #Failed = 1; #Dropped = 38
Target Time = 118.5; Load Intensity = 98.0; #Success = 1; #Failed = 0; #Dropped = 68
Target Time = 119.5; Load Intensity = 99.0; #Success = 0; #Failed = 0; #Dropped = 0
Target Time = 120.5; Load Intensity = 0.0; #Success = 3; #Failed = 1; #Dropped = 191
Target Time = 121.5; Load Intensity = 0.0; #Success = 0; #Failed = 0; #Dropped = 0
Target Time = 122.5; Load Intensity = 0.0; #Success = 0; #Failed = 0; #Dropped = 0
Target Time = 123.5; Load Intensity = 0.0; #Success = 2; #Failed = 0; #Dropped = 182
Target Time = 124.5; Load Intensity = 0.0; #Success = 1; #Failed = 1; #Dropped = 121
Target Time = 125.5; Load Intensity = 0.0; #Success = 3; #Failed = 1; #Dropped = 87
Target Time = 126.5; Load Intensity = 0.0; #Success = 1; #Failed = 0; #Dropped = 51
Target Time = 127.5; Load Intensity = 0.0; #Success = 4; #Failed = 1; #Dropped = 102
Target Time = 128.5; Load Intensity = 0.0; #Success = 5; #Failed = 4; #Dropped = 73
Target Time = 129.5; Load Intensity = 0.0; #Success = 6; #Failed = 1; #Dropped = 91
Target Time = 130.5; Load Intensity = 0.0; #Success = 2; #Failed = 3; #Dropped = 70
Target Time = 131.5; Load Intensity = 0.0; #Success = 3; #Failed = 0; #Dropped = 75
Target Time = 132.5; Load Intensity = 0.0; #Success = 2; #Failed = 0; #Dropped = 80
Target Time = 133.5; Load Intensity = 0.0; #Success = 4; #Failed = 1; #Dropped = 94
Target Time = 134.5; Load Intensity = 0.0; #Success = 7; #Failed = 2; #Dropped = 64
Target Time = 135.5; Load Intensity = 0.0; #Success = 2; #Failed = 1; #Dropped = 55
Target Time = 136.5; Load Intensity = 0.0; #Success = 0; #Failed = 1; #Dropped = 57
Target Time = 137.5; Load Intensity = 0.0; #Success = 0; #Failed = 1; #Dropped = 160
Target Time = 138.5; Load Intensity = 0.0; #Success = 0; #Failed = 1; #Dropped = 12
Target Time = 139.5; Load Intensity = 0.0; #Success = 1; #Failed = 4; #Dropped = 159
Target Time = 140.5; Load Intensity = 0.0; #Success = 1; #Failed = 5; #Dropped = 91
Target Time = 141.5; Load Intensity = 0.0; #Success = 0; #Failed = 4; #Dropped = 73
Target Time = 142.5; Load Intensity = 0.0; #Success = 0; #Failed = 3; #Dropped = 82
Target Time = 143.5; Load Intensity = 0.0; #Success = 0; #Failed = 3; #Dropped = 66
Target Time = 144.5; Load Intensity = 0.0; #Success = 2; #Failed = 0; #Dropped = 121
  └─ [nitro5:nic] end 01:50:40
  └─ [nitro5:sd] end 01:50:40
Target Time = 145.5; Load Intensity = 0.0; #Success = 2; #Failed = 1; #Dropped = 106
  └─ [nitro5:ram] end 01:50:40
  └─ [nitro5:cpu] end 01:50:41
Target Time = 146.5; Load Intensity = 0.0; #Success = 1; #Failed = 0; #Dropped = 11
Target Time = 147.5; Load Intensity = 0.0; #Success = 0; #Failed = 9; #Dropped = 170
Target Time = 148.5; Load Intensity = 0.0; #Success = 1; #Failed = 3; #Dropped = 73
Target Time = 149.5; Load Intensity = 0.0; #Success = 0; #Failed = 0; #Dropped = 0
Target Time = 150.5; Load Intensity = 0.0; #Success = 3; #Failed = 0; #Dropped = 129
Target Time = 151.5; Load Intensity = 0.0; #Success = 1; #Failed = 0; #Dropped = 0
Target Time = 152.5; Load Intensity = 0.0; #Success = 0; #Failed = 0; #Dropped = 0
Target Time = 153.5; Load Intensity = 0.0; #Success = 0; #Failed = 0; #Dropped = 0
  └─ [scorpius:cpu] end 01:50:49
  └─ [aspire:nic] end 01:50:49
Target Time = 154.5; Load Intensity = 0.0; #Success = 0; #Failed = 0; #Dropped = 0
Target Time = 155.5; Load Intensity = 0.0; #Success = 0; #Failed = 0; #Dropped = 0
Target Time = 156.5; Load Intensity = 0.0; #Success = 1; #Failed = 7; #Dropped = 0
  └─ [scorpius:sd] end 01:50:51
Target Time = 157.5; Load Intensity = 0.0; #Success = 3; #Failed = 9; #Dropped = 0
Target Time = 158.5; Load Intensity = 0.0; #Success = 4; #Failed = 12; #Dropped = 0
Target Time = 159.5; Load Intensity = 0.0; #Success = 1; #Failed = 0; #Dropped = 0
Target Time = 160.5; Load Intensity = 0.0; #Success = 0; #Failed = 1; #Dropped = 0
Target Time = 161.5; Load Intensity = 0.0; #Success = 0; #Failed = 0; #Dropped = 0
Target Time = 162.5; Load Intensity = 0.0; #Success = 0; #Failed = 2; #Dropped = 0
Target Time = 163.5; Load Intensity = 0.0; #Success = 1; #Failed = 3; #Dropped = 0
Target Time = 164.5; Load Intensity = 0.0; #Success = 0; #Failed = 2; #Dropped = 0
Target Time = 165.5; Load Intensity = 0.0; #Success = 0; #Failed = 1; #Dropped = 0
  └─ [aspire:cpu] end 01:51:00
  └─ [aspire:sd] end 01:51:01
  └─ [aspire:ram] end 01:51:01
Target Time = 166.5; Load Intensity = 0.0; #Success = 0; #Failed = 1; #Dropped = 0
Target Time = 167.5; Load Intensity = 0.0; #Success = 0; #Failed = 0; #Dropped = 0
Target Time = 168.5; Load Intensity = 0.0; #Success = 0; #Failed = 0; #Dropped = 0
Target Time = 169.5; Load Intensity = 0.0; #Success = 0; #Failed = 0; #Dropped = 0
  └─ [scorpius:ram] end 01:51:05
Target Time = 170.5; Load Intensity = 0.0; #Success = 0; #Failed = 0; #Dropped = 0
Target Time = 171.5; Load Intensity = 0.0; #Success = 0; #Failed = 0; #Dropped = 0
Target Time = 172.5; Load Intensity = 0.0; #Success = 0; #Failed = 11; #Dropped = 0
Target Time = 173.5; Load Intensity = 0.0; #Success = 0; #Failed = 0; #Dropped = 0
Target Time = 174.5; Load Intensity = 0.0; #Success = 1; #Failed = 0; #Dropped = 0
  └─ [leo:nic] end 01:51:10
  └─ [leo:sd] end 01:51:10
  └─ [leo:cpu] end 01:51:13
Workload finished.
Log finished.
📄 LIMBO finalizado para scenario=low
⏳ [01:51:14] Esperando que termine medición: fase3_carga_low_iter11 (PID: 3198159)
  └─ [leo:ram] end 01:51:15
=== Bloque 145s terminado - Fase: fase3_carga_low_iter11 ===
[🧹] Limpiando CSVs internos de ecofloc en cada nodo (fase: fase3_carga_low_iter11)...
  ✔ [nitro5:cpu] limpiado /home/luish/Documents/p3/ecofloc2/ecofloc/ecofloc-cpu/ECOFLOC_CPU_COMM_text.csv
  ✔ [nitro5:nic] limpiado /home/luish/Documents/p3/ecofloc2/ecofloc/ecofloc-nic/ECOFLOC_NIC_COMM_text.csv
  ✔ [nitro5:ram] limpiado /home/luish/Documents/p3/ecofloc2/ecofloc/ecofloc-ram/ECOFLOC_RAM_COMM_text.csv
  ✔ [nitro5:sd] limpiado /home/luish/Documents/p3/ecofloc2/ecofloc/ecofloc-sd/ECOFLOC_SD_COMM_text.csv
  ✔ [leo:cpu] limpiado /home/leo/ecofloc/ecofloc-cpu/ECOFLOC_CPU_COMM_text.csv
  ✔ [leo:nic] limpiado /home/leo/ecofloc/ecofloc-nic/ECOFLOC_NIC_COMM_text.csv
  ✔ [leo:ram] limpiado /home/leo/ecofloc/ecofloc-ram/ECOFLOC_RAM_COMM_text.csv
  ✔ [leo:sd] limpiado /home/leo/ecofloc/ecofloc-sd/ECOFLOC_SD_COMM_text.csv
  ✔ [aspire:cpu] limpiado /home/luish/Documents/p3/ecofloc2/ecofloc/ecofloc-cpu/ECOFLOC_CPU_COMM_text.csv
  ✔ [aspire:nic] limpiado /home/luish/Documents/p3/ecofloc2/ecofloc/ecofloc-nic/ECOFLOC_NIC_COMM_text.csv
  ✔ [aspire:ram] limpiado /home/luish/Documents/p3/ecofloc2/ecofloc/ecofloc-ram/ECOFLOC_RAM_COMM_text.csv
  ✔ [aspire:sd] limpiado /home/luish/Documents/p3/ecofloc2/ecofloc/ecofloc-sd/ECOFLOC_SD_COMM_text.csv
  ✔ [scorpius:cpu] limpiado /home/scorpius03/Documents/ecofloc/ecofloc-cpu/ECOFLOC_CPU_COMM_text.csv
  ✔ [scorpius:nic] limpiado /home/scorpius03/Documents/ecofloc/ecofloc-nic/ECOFLOC_NIC_COMM_text.csv
  ✔ [scorpius:ram] limpiado /home/scorpius03/Documents/ecofloc/ecofloc-ram/ECOFLOC_RAM_COMM_text.csv
  ✔ [scorpius:sd] limpiado /home/scorpius03/Documents/ecofloc/ecofloc-sd/ECOFLOC_SD_COMM_text.csv
========================================
🔋 MEASURE ENERGY FINALIZADO
   Fase: fase3_carga_low_iter11
========================================
✔️ [01:51:19] Medición fase3_carga_low_iter11 completada
[📦] Archivando resultados → ./historyexecutions/exp(01:51:24)_fase3_low_iter11
[✔] Archivado: ./historyexecutions/exp(01:51:24)_fase3_low_iter11
🧹 Limpiando TeaStore (iter 11)...
⏸ Esperando 15s para limpieza completa...
✅ Iteración 11 / 15 del escenario low completada.

########################################################
🔄 ESCENARIO: low | ITERACIÓN: 12 / 15
   Hora: 01:52:12
########################################################
========================================
🔋 FASE 1: Descarga de imágenes (low, iter 12)
========================================
📋 Capturando PIDs (gepidstea.sh)...
📋 Capturando PIDs de contenedores (kpsnodos.sh)...
🔋 [01:52:32] Iniciando medición de energía: fase1_descarga_low_iter12 (25s)
   PID de medición: 3551034
🚀 Desplegando TeaStore desde /home/luish/Documents/death/teastore/TeaStore/examples/kubernetes/teastore-energy-scheduler.yaml...
========================================
🔋 MEASURE ENERGY - Fase: fase1_descarga_low_iter12
   Duración: 25s
   PID: 3551034
========================================
=== Medición bloque 25s - Fase: fase1_descarga_low_iter12 ===
[⏱ 01:52:32] Iniciando ecofloc en nitro5 por 25s (fase: fase1_descarga_low_iter12)
⏳ Esperando a que todos los pods de TeaStore estén Running y Ready...
  ├─ [nitro5:sd] start 01:52:32
  ├─ [nitro5:ram] start 01:52:32
  ├─ [nitro5:nic] start 01:52:33
[⏱ 01:52:33] Iniciando ecofloc en aspire por 25s (fase: fase1_descarga_low_iter12)
  ├─ [nitro5:cpu] start 01:52:33
  ├─ [aspire:sd] start 01:52:33
  ├─ [aspire:ram] start 01:52:33
[⏱ 01:52:33] Iniciando ecofloc en scorpius por 25s (fase: fase1_descarga_low_iter12)
  ├─ [aspire:nic] start 01:52:33
  ├─ [aspire:cpu] start 01:52:33
  ├─ [scorpius:sd] start 01:52:33
  ├─ [scorpius:ram] start 01:52:33
[⏱ 01:52:33] Iniciando ecofloc en leo por 25s (fase: fase1_descarga_low_iter12)
  ├─ [scorpius:cpu] start 01:52:33
  ├─ [scorpius:nic] start 01:52:33
  ├─ [leo:ram] start 01:52:33
  ├─ [leo:sd] start 01:52:33
  ├─ [leo:nic] start 01:52:33
  ├─ [leo:cpu] start 01:52:33
✅ Pods listos.
⏳ [01:52:34] Esperando que termine medición: fase1_descarga_low_iter12 (PID: 3551034)
  └─ [nitro5:sd] end 01:52:57
  └─ [nitro5:ram] end 01:52:57
  └─ [nitro5:nic] end 01:52:58
  └─ [nitro5:cpu] end 01:52:58
  └─ [aspire:cpu] end 01:52:59
  └─ [aspire:ram] end 01:52:59
  └─ [aspire:sd] end 01:52:59
  └─ [scorpius:cpu] end 01:52:59
  └─ [leo:cpu] end 01:52:59
  └─ [scorpius:sd] end 01:53:00
  └─ [leo:sd] end 01:53:00
  └─ [scorpius:nic] end 01:53:00
  └─ [leo:nic] end 01:53:00
  └─ [scorpius:ram] end 01:53:00
  └─ [aspire:nic] end 01:53:00
  └─ [leo:ram] end 01:53:00
=== Bloque 25s terminado - Fase: fase1_descarga_low_iter12 ===
[🧹] Limpiando CSVs internos de ecofloc en cada nodo (fase: fase1_descarga_low_iter12)...
  ✔ [nitro5:cpu] limpiado /home/luish/Documents/p3/ecofloc2/ecofloc/ecofloc-cpu/ECOFLOC_CPU_COMM_text.csv
  ✔ [nitro5:nic] limpiado /home/luish/Documents/p3/ecofloc2/ecofloc/ecofloc-nic/ECOFLOC_NIC_COMM_text.csv
  ✔ [nitro5:ram] limpiado /home/luish/Documents/p3/ecofloc2/ecofloc/ecofloc-ram/ECOFLOC_RAM_COMM_text.csv
  ✔ [nitro5:sd] limpiado /home/luish/Documents/p3/ecofloc2/ecofloc/ecofloc-sd/ECOFLOC_SD_COMM_text.csv
  ✔ [leo:cpu] limpiado /home/leo/ecofloc/ecofloc-cpu/ECOFLOC_CPU_COMM_text.csv
  ✔ [leo:nic] limpiado /home/leo/ecofloc/ecofloc-nic/ECOFLOC_NIC_COMM_text.csv
  ✔ [leo:ram] limpiado /home/leo/ecofloc/ecofloc-ram/ECOFLOC_RAM_COMM_text.csv
  ✔ [leo:sd] limpiado /home/leo/ecofloc/ecofloc-sd/ECOFLOC_SD_COMM_text.csv
  ✔ [aspire:cpu] limpiado /home/luish/Documents/p3/ecofloc2/ecofloc/ecofloc-cpu/ECOFLOC_CPU_COMM_text.csv
  ✔ [aspire:nic] limpiado /home/luish/Documents/p3/ecofloc2/ecofloc/ecofloc-nic/ECOFLOC_NIC_COMM_text.csv
  ✔ [aspire:ram] limpiado /home/luish/Documents/p3/ecofloc2/ecofloc/ecofloc-ram/ECOFLOC_RAM_COMM_text.csv
  ✔ [aspire:sd] limpiado /home/luish/Documents/p3/ecofloc2/ecofloc/ecofloc-sd/ECOFLOC_SD_COMM_text.csv
  ✔ [scorpius:cpu] limpiado /home/scorpius03/Documents/ecofloc/ecofloc-cpu/ECOFLOC_CPU_COMM_text.csv
  ✔ [scorpius:nic] limpiado /home/scorpius03/Documents/ecofloc/ecofloc-nic/ECOFLOC_NIC_COMM_text.csv
  ✔ [scorpius:ram] limpiado /home/scorpius03/Documents/ecofloc/ecofloc-ram/ECOFLOC_RAM_COMM_text.csv
  ✔ [scorpius:sd] limpiado /home/scorpius03/Documents/ecofloc/ecofloc-sd/ECOFLOC_SD_COMM_text.csv
========================================
🔋 MEASURE ENERGY FINALIZADO
   Fase: fase1_descarga_low_iter12
========================================
✔️ [01:53:05] Medición fase1_descarga_low_iter12 completada
[📦] Archivando resultados → ./historyexecutions/exp(01:53:10)_fase1_low_iter12
[✔] Archivado: ./historyexecutions/exp(01:53:10)_fase1_low_iter12
========================================
🔋 FASE 2: Preparación de servicios (low, iter 12)
========================================
📋 Capturando PIDs (gepidstea.sh)...
📋 Capturando PIDs de contenedores (kpsnodos.sh)...
🔋 [01:53:26] Iniciando medición de energía: fase2_preparacion_low_iter12 (50s)
   PID de medición: 3611389
========================================
🔋 MEASURE ENERGY - Fase: fase2_preparacion_low_iter12
   Duración: 50s
   PID: 3611389
========================================
=== Medición bloque 50s - Fase: fase2_preparacion_low_iter12 ===
[⏱ 01:53:26] Iniciando ecofloc en nitro5 por 50s (fase: fase2_preparacion_low_iter12)
⏳ Esperando 10s a que CoreDNS se estabilice...
  ├─ [nitro5:sd] start 01:53:27
  ├─ [nitro5:ram] start 01:53:27
  ├─ [nitro5:nic] start 01:53:28
[⏱ 01:53:28] Iniciando ecofloc en aspire por 50s (fase: fase2_preparacion_low_iter12)
  ├─ [nitro5:cpu] start 01:53:28
  ├─ [aspire:sd] start 01:53:28
  ├─ [aspire:ram] start 01:53:28
  ├─ [aspire:nic] start 01:53:28
  ├─ [aspire:cpu] start 01:53:28
[⏱ 01:53:28] Iniciando ecofloc en scorpius por 50s (fase: fase2_preparacion_low_iter12)
  ├─ [scorpius:sd] start 01:53:28
[⏱ 01:53:28] Iniciando ecofloc en leo por 50s (fase: fase2_preparacion_low_iter12)
  ├─ [scorpius:ram] start 01:53:28
  ├─ [scorpius:nic] start 01:53:28
  ├─ [scorpius:cpu] start 01:53:28
  ├─ [leo:ram] start 01:53:28
  ├─ [leo:cpu] start 01:53:28
  ├─ [leo:nic] start 01:53:28
  ├─ [leo:sd] start 01:53:28
➡️ Pod WebUI: teastore-webui-ff7768544-mwqsn
➡️ Está en el nodo: luish-nitro-an515-57
🌐 IP del nodo WebUI: 192.168.18.27
⏳ Verificando estado del TeaStore en http://192.168.18.27:30080/tools.descartes.teastore.webui/status ...
   ➤ Estado actual: 5 / 5 servicios OK
✔ TODOS los servicios del TeaStore están OK. Continuando...
⏳ [01:53:39] Esperando que termine medición: fase2_preparacion_low_iter12 (PID: 3611389)
  └─ [nitro5:sd] end 01:54:17
  └─ [nitro5:ram] end 01:54:17
  └─ [nitro5:nic] end 01:54:18
  └─ [nitro5:cpu] end 01:54:18
  └─ [aspire:sd] end 01:54:19
  └─ [aspire:cpu] end 01:54:19
  └─ [leo:sd] end 01:54:19
  └─ [aspire:nic] end 01:54:20
  └─ [leo:cpu] end 01:54:21
  └─ [leo:nic] end 01:54:22
  └─ [aspire:ram] end 01:54:22
  └─ [scorpius:sd] end 01:54:22
  └─ [scorpius:cpu] end 01:54:24
  └─ [leo:ram] end 01:54:24
  └─ [scorpius:ram] end 01:54:25
  └─ [scorpius:nic] end 01:54:26
=== Bloque 50s terminado - Fase: fase2_preparacion_low_iter12 ===
[🧹] Limpiando CSVs internos de ecofloc en cada nodo (fase: fase2_preparacion_low_iter12)...
  ✔ [nitro5:cpu] limpiado /home/luish/Documents/p3/ecofloc2/ecofloc/ecofloc-cpu/ECOFLOC_CPU_COMM_text.csv
  ✔ [nitro5:nic] limpiado /home/luish/Documents/p3/ecofloc2/ecofloc/ecofloc-nic/ECOFLOC_NIC_COMM_text.csv
  ✔ [nitro5:ram] limpiado /home/luish/Documents/p3/ecofloc2/ecofloc/ecofloc-ram/ECOFLOC_RAM_COMM_text.csv
  ✔ [nitro5:sd] limpiado /home/luish/Documents/p3/ecofloc2/ecofloc/ecofloc-sd/ECOFLOC_SD_COMM_text.csv
  ✔ [leo:cpu] limpiado /home/leo/ecofloc/ecofloc-cpu/ECOFLOC_CPU_COMM_text.csv
  ✔ [leo:nic] limpiado /home/leo/ecofloc/ecofloc-nic/ECOFLOC_NIC_COMM_text.csv
  ✔ [leo:ram] limpiado /home/leo/ecofloc/ecofloc-ram/ECOFLOC_RAM_COMM_text.csv
  ✔ [leo:sd] limpiado /home/leo/ecofloc/ecofloc-sd/ECOFLOC_SD_COMM_text.csv
  ✔ [aspire:cpu] limpiado /home/luish/Documents/p3/ecofloc2/ecofloc/ecofloc-cpu/ECOFLOC_CPU_COMM_text.csv
  ✔ [aspire:nic] limpiado /home/luish/Documents/p3/ecofloc2/ecofloc/ecofloc-nic/ECOFLOC_NIC_COMM_text.csv
  ✔ [aspire:ram] limpiado /home/luish/Documents/p3/ecofloc2/ecofloc/ecofloc-ram/ECOFLOC_RAM_COMM_text.csv
  ✔ [aspire:sd] limpiado /home/luish/Documents/p3/ecofloc2/ecofloc/ecofloc-sd/ECOFLOC_SD_COMM_text.csv
  ✔ [scorpius:cpu] limpiado /home/scorpius03/Documents/ecofloc/ecofloc-cpu/ECOFLOC_CPU_COMM_text.csv
  ✔ [scorpius:nic] limpiado /home/scorpius03/Documents/ecofloc/ecofloc-nic/ECOFLOC_NIC_COMM_text.csv
  ✔ [scorpius:ram] limpiado /home/scorpius03/Documents/ecofloc/ecofloc-ram/ECOFLOC_RAM_COMM_text.csv
  ✔ [scorpius:sd] limpiado /home/scorpius03/Documents/ecofloc/ecofloc-sd/ECOFLOC_SD_COMM_text.csv
========================================
🔋 MEASURE ENERGY FINALIZADO
   Fase: fase2_preparacion_low_iter12
========================================
✔️ [01:54:31] Medición fase2_preparacion_low_iter12 completada
[📦] Archivando resultados → ./historyexecutions/exp(01:54:36)_fase2_low_iter12
[✔] Archivado: ./historyexecutions/exp(01:54:36)_fase2_low_iter12
========================================
🔋 FASE 3: Ejecución de carga (low, iter 12)
========================================
📋 Capturando PIDs (gepidstea.sh)...
📋 Capturando PIDs de contenedores (kpsnodos.sh)...
🔋 [01:54:52] Iniciando medición de energía: fase3_carga_low_iter12 (145s)
   PID de medición: 3755032
=== Escenario low (iter 12) ===
========================================
🔋 MEASURE ENERGY - Fase: fase3_carga_low_iter12
   Duración: 145s
   PID: 3755032
========================================
=== Medición bloque 145s - Fase: fase3_carga_low_iter12 ===
🚀 Iniciando LIMBO con profile=/home/luish/Documents/death/teastore/TeaStore/examples/httploadgenerator/increasingLowIntensity.csv y script=/home/luish/Documents/death/teastore/TeaStore/examples/httploadgenerator/teastore_buy.lua
[⏱ 01:54:52] Iniciando ecofloc en nitro5 por 145s (fase: fase3_carga_low_iter12)
Feb 26, 2026 1:54:52 AM tools.descartes.dlim.httploadgenerator.runner.Director executeDirector
WARNING: No power measurements
Feb 26, 2026 1:54:52 AM tools.descartes.dlim.httploadgenerator.runner.Director executeDirector
INFO: Load Generator Thread Count set to 64
Feb 26, 2026 1:54:52 AM tools.descartes.dlim.httploadgenerator.runner.Director executeDirector
INFO: URL connection timout set to 30000 ms
Feb 26, 2026 1:54:52 AM tools.descartes.dlim.httploadgenerator.runner.Director executeDirector
INFO: Using Lua Script: /home/luish/Documents/death/teastore/TeaStore/examples/httploadgenerator/teastore_buy.lua
Feb 26, 2026 1:54:52 AM tools.descartes.dlim.httploadgenerator.runner.Director process
INFO: Read 120 Arrival Rate Tuples
Load Generator sent: ok
Feb 26, 2026 1:54:52 AM tools.descartes.dlim.httploadgenerator.runner.Director process
INFO: Arrival Rates sent to Load Generator(s).
Load Generator sent: ok
Feb 26, 2026 1:54:52 AM tools.descartes.dlim.httploadgenerator.runner.Director process
INFO: Thread Count sent to Load Generator(s): 64
Load Generator sent: ok
Feb 26, 2026 1:54:52 AM tools.descartes.dlim.httploadgenerator.runner.Director process
INFO: URL connection timeout sent to Load Generator(s): 30000
Load Generator sent: ok
Feb 26, 2026 1:54:53 AM tools.descartes.dlim.httploadgenerator.runner.Director process
INFO: Contents of script sent to Load Generator: /home/luish/Documents/death/teastore/TeaStore/examples/httploadgenerator/teastore_buy.lua
Feb 26, 2026 1:54:53 AM tools.descartes.dlim.httploadgenerator.runner.Director process
INFO: Starting Load Generation
Beginning Run @1772088893019(26.02.2026;01:54:53019)
Target Time = 0.5; Load Intensity = 0.0; #Success = 0; #Failed = 0; #Dropped = 0
  ├─ [nitro5:sd] start 01:54:53
  ├─ [nitro5:ram] start 01:54:53
  ├─ [nitro5:nic] start 01:54:54
[⏱ 01:54:54] Iniciando ecofloc en aspire por 145s (fase: fase3_carga_low_iter12)
  ├─ [nitro5:cpu] start 01:54:54
  ├─ [aspire:sd] start 01:54:54
  ├─ [aspire:ram] start 01:54:54
  ├─ [aspire:nic] start 01:54:54
[⏱ 01:54:54] Iniciando ecofloc en scorpius por 145s (fase: fase3_carga_low_iter12)
  ├─ [aspire:cpu] start 01:54:54
  ├─ [scorpius:sd] start 01:54:54
  ├─ [scorpius:ram] start 01:54:54
[⏱ 01:54:54] Iniciando ecofloc en leo por 145s (fase: fase3_carga_low_iter12)
  ├─ [scorpius:nic] start 01:54:54
  ├─ [scorpius:cpu] start 01:54:54
  ├─ [leo:sd] start 01:54:54
  ├─ [leo:ram] start 01:54:54
  ├─ [leo:nic] start 01:54:54
  ├─ [leo:cpu] start 01:54:54
Target Time = 1.5; Load Intensity = 1.0; #Success = 0; #Failed = 0; #Dropped = 0
Target Time = 2.5; Load Intensity = 2.0; #Success = 0; #Failed = 0; #Dropped = 0
Target Time = 3.5; Load Intensity = 2.0; #Success = 5; #Failed = 0; #Dropped = 0
Target Time = 4.5; Load Intensity = 3.0; #Success = 3; #Failed = 0; #Dropped = 0
Target Time = 5.5; Load Intensity = 4.0; #Success = 4; #Failed = 0; #Dropped = 0
Target Time = 6.5; Load Intensity = 5.0; #Success = 4; #Failed = 0; #Dropped = 0
Target Time = 7.5; Load Intensity = 6.0; #Success = 7; #Failed = 0; #Dropped = 0
Target Time = 8.5; Load Intensity = 7.0; #Success = 7; #Failed = 0; #Dropped = 0
Target Time = 9.5; Load Intensity = 7.0; #Success = 7; #Failed = 0; #Dropped = 0
Target Time = 10.5; Load Intensity = 8.0; #Success = 7; #Failed = 0; #Dropped = 0
Target Time = 11.5; Load Intensity = 9.0; #Success = 10; #Failed = 0; #Dropped = 0
Target Time = 12.5; Load Intensity = 10.0; #Success = 9; #Failed = 0; #Dropped = 0
Target Time = 13.5; Load Intensity = 11.0; #Success = 10; #Failed = 0; #Dropped = 0
Target Time = 14.5; Load Intensity = 12.0; #Success = 11; #Failed = 0; #Dropped = 0
Target Time = 15.5; Load Intensity = 12.0; #Success = 7; #Failed = 0; #Dropped = 0
Target Time = 16.5; Load Intensity = 13.0; #Success = 3; #Failed = 0; #Dropped = 0
Target Time = 17.5; Load Intensity = 14.0; #Success = 4; #Failed = 0; #Dropped = 0
Target Time = 18.5; Load Intensity = 15.0; #Success = 3; #Failed = 0; #Dropped = 0
Target Time = 19.5; Load Intensity = 16.0; #Success = 0; #Failed = 0; #Dropped = 0
Target Time = 20.5; Load Intensity = 17.0; #Success = 3; #Failed = 5; #Dropped = 0
Target Time = 21.5; Load Intensity = 17.0; #Success = 0; #Failed = 2; #Dropped = 0
Target Time = 22.5; Load Intensity = 18.0; #Success = 0; #Failed = 15; #Dropped = 0
Target Time = 23.5; Load Intensity = 19.0; #Success = 0; #Failed = 19; #Dropped = 0
Target Time = 24.5; Load Intensity = 20.0; #Success = 0; #Failed = 6; #Dropped = 0
Target Time = 25.5; Load Intensity = 21.0; #Success = 0; #Failed = 16; #Dropped = 0
Target Time = 26.5; Load Intensity = 22.0; #Success = 0; #Failed = 18; #Dropped = 0
Target Time = 27.5; Load Intensity = 22.0; #Success = 0; #Failed = 11; #Dropped = 0
Target Time = 28.5; Load Intensity = 23.0; #Success = 0; #Failed = 14; #Dropped = 0
Target Time = 29.5; Load Intensity = 24.0; #Success = 0; #Failed = 15; #Dropped = 0
Target Time = 30.5; Load Intensity = 25.0; #Success = 1; #Failed = 0; #Dropped = 0
Target Time = 31.5; Load Intensity = 26.0; #Success = 0; #Failed = 0; #Dropped = 0
Target Time = 32.5; Load Intensity = 27.0; #Success = 0; #Failed = 0; #Dropped = 0
Target Time = 33.5; Load Intensity = 27.0; #Success = 0; #Failed = 0; #Dropped = 0
Target Time = 34.5; Load Intensity = 28.0; #Success = 0; #Failed = 0; #Dropped = 0
Target Time = 35.5; Load Intensity = 29.0; #Success = 0; #Failed = 6; #Dropped = 0
Target Time = 36.5; Load Intensity = 30.0; #Success = 0; #Failed = 0; #Dropped = 0
Target Time = 37.5; Load Intensity = 31.0; #Success = 0; #Failed = 6; #Dropped = 0
Target Time = 38.5; Load Intensity = 32.0; #Success = 0; #Failed = 6; #Dropped = 0
Target Time = 39.5; Load Intensity = 32.0; #Success = 0; #Failed = 11; #Dropped = 0
Target Time = 40.5; Load Intensity = 33.0; #Success = 0; #Failed = 12; #Dropped = 0
Target Time = 41.5; Load Intensity = 34.0; #Success = 0; #Failed = 9; #Dropped = 0
Target Time = 42.5; Load Intensity = 35.0; #Success = 0; #Failed = 8; #Dropped = 0
Target Time = 43.5; Load Intensity = 36.0; #Success = 0; #Failed = 17; #Dropped = 0
Target Time = 44.5; Load Intensity = 37.0; #Success = 0; #Failed = 8; #Dropped = 0
Target Time = 45.5; Load Intensity = 37.0; #Success = 0; #Failed = 8; #Dropped = 0
Target Time = 46.5; Load Intensity = 38.0; #Success = 0; #Failed = 12; #Dropped = 0
Target Time = 47.5; Load Intensity = 39.0; #Success = 0; #Failed = 0; #Dropped = 0
Target Time = 48.5; Load Intensity = 40.0; #Success = 0; #Failed = 0; #Dropped = 0
Target Time = 49.5; Load Intensity = 41.0; #Success = 0; #Failed = 9; #Dropped = 0
Target Time = 50.5; Load Intensity = 42.0; #Success = 0; #Failed = 7; #Dropped = 0
Target Time = 51.5; Load Intensity = 42.0; #Success = 6; #Failed = 4; #Dropped = 0
Target Time = 52.5; Load Intensity = 43.0; #Success = 0; #Failed = 9; #Dropped = 0
Target Time = 53.5; Load Intensity = 44.0; #Success = 0; #Failed = 14; #Dropped = 0
Target Time = 54.5; Load Intensity = 45.0; #Success = 0; #Failed = 7; #Dropped = 0
Target Time = 55.5; Load Intensity = 46.0; #Success = 3; #Failed = 13; #Dropped = 0
Target Time = 56.5; Load Intensity = 47.0; #Success = 0; #Failed = 14; #Dropped = 0
Target Time = 57.5; Load Intensity = 47.0; #Success = 0; #Failed = 6; #Dropped = 0
Target Time = 58.5; Load Intensity = 48.0; #Success = 0; #Failed = 15; #Dropped = 0
Target Time = 59.5; Load Intensity = 49.0; #Success = 0; #Failed = 19; #Dropped = 0
Target Time = 60.5; Load Intensity = 50.0; #Success = 3; #Failed = 11; #Dropped = 0
Target Time = 61.5; Load Intensity = 51.0; #Success = 3; #Failed = 15; #Dropped = 0
Target Time = 62.5; Load Intensity = 52.0; #Success = 3; #Failed = 7; #Dropped = 0
Target Time = 63.5; Load Intensity = 52.0; #Success = 0; #Failed = 6; #Dropped = 0
Target Time = 64.5; Load Intensity = 53.0; #Success = 0; #Failed = 15; #Dropped = 0
Target Time = 65.5; Load Intensity = 54.0; #Success = 0; #Failed = 8; #Dropped = 0
Target Time = 66.5; Load Intensity = 55.0; #Success = 0; #Failed = 7; #Dropped = 0
Target Time = 67.5; Load Intensity = 56.0; #Success = 0; #Failed = 14; #Dropped = 0
Target Time = 68.5; Load Intensity = 57.0; #Success = 0; #Failed = 19; #Dropped = 0
Target Time = 69.5; Load Intensity = 57.0; #Success = 0; #Failed = 7; #Dropped = 0
Target Time = 70.5; Load Intensity = 58.0; #Success = 0; #Failed = 18; #Dropped = 22
Target Time = 71.5; Load Intensity = 59.0; #Success = 0; #Failed = 7; #Dropped = 15
Target Time = 72.5; Load Intensity = 60.0; #Success = 0; #Failed = 17; #Dropped = 28
Target Time = 73.5; Load Intensity = 61.0; #Success = 0; #Failed = 18; #Dropped = 18
Target Time = 74.5; Load Intensity = 62.0; #Success = 0; #Failed = 8; #Dropped = 18
Target Time = 75.5; Load Intensity = 62.0; #Success = 0; #Failed = 16; #Dropped = 29
Target Time = 76.5; Load Intensity = 63.0; #Success = 0; #Failed = 19; #Dropped = 22
Target Time = 77.5; Load Intensity = 64.0; #Success = 0; #Failed = 7; #Dropped = 19
Target Time = 78.5; Load Intensity = 65.0; #Success = 0; #Failed = 15; #Dropped = 32
Target Time = 79.5; Load Intensity = 66.0; #Success = 0; #Failed = 18; #Dropped = 27
Target Time = 80.5; Load Intensity = 67.0; #Success = 0; #Failed = 7; #Dropped = 21
Target Time = 81.5; Load Intensity = 67.0; #Success = 3; #Failed = 16; #Dropped = 44
Target Time = 82.5; Load Intensity = 68.0; #Success = 0; #Failed = 18; #Dropped = 16
Target Time = 83.5; Load Intensity = 69.0; #Success = 0; #Failed = 9; #Dropped = 27
Target Time = 84.5; Load Intensity = 70.0; #Success = 0; #Failed = 15; #Dropped = 32
Target Time = 85.5; Load Intensity = 71.0; #Success = 0; #Failed = 20; #Dropped = 32
Target Time = 86.5; Load Intensity = 72.0; #Success = 0; #Failed = 12; #Dropped = 27
Target Time = 87.5; Load Intensity = 72.0; #Success = 0; #Failed = 16; #Dropped = 35
Target Time = 88.5; Load Intensity = 73.0; #Success = 0; #Failed = 15; #Dropped = 32
Target Time = 89.5; Load Intensity = 74.0; #Success = 5; #Failed = 7; #Dropped = 37
Target Time = 90.5; Load Intensity = 75.0; #Success = 0; #Failed = 15; #Dropped = 34
Target Time = 91.5; Load Intensity = 76.0; #Success = 0; #Failed = 18; #Dropped = 45
Target Time = 92.5; Load Intensity = 77.0; #Success = 0; #Failed = 9; #Dropped = 25
Target Time = 93.5; Load Intensity = 77.0; #Success = 2; #Failed = 12; #Dropped = 49
Target Time = 94.5; Load Intensity = 78.0; #Success = 0; #Failed = 20; #Dropped = 39
Target Time = 95.5; Load Intensity = 79.0; #Success = 0; #Failed = 16; #Dropped = 38
Target Time = 96.5; Load Intensity = 80.0; #Success = 0; #Failed = 13; #Dropped = 38
Target Time = 97.5; Load Intensity = 81.0; #Success = 0; #Failed = 22; #Dropped = 38
Target Time = 98.5; Load Intensity = 82.0; #Success = 0; #Failed = 16; #Dropped = 32
Target Time = 99.5; Load Intensity = 82.0; #Success = 0; #Failed = 14; #Dropped = 46
Target Time = 100.5; Load Intensity = 83.0; #Success = 0; #Failed = 22; #Dropped = 35
Target Time = 101.5; Load Intensity = 84.0; #Success = 0; #Failed = 14; #Dropped = 40
Target Time = 102.5; Load Intensity = 85.0; #Success = 0; #Failed = 13; #Dropped = 49
Target Time = 103.5; Load Intensity = 86.0; #Success = 0; #Failed = 23; #Dropped = 54
Target Time = 104.5; Load Intensity = 87.0; #Success = 0; #Failed = 16; #Dropped = 35
Target Time = 105.5; Load Intensity = 87.0; #Success = 0; #Failed = 13; #Dropped = 46
Target Time = 106.5; Load Intensity = 88.0; #Success = 0; #Failed = 22; #Dropped = 41
Target Time = 107.5; Load Intensity = 89.0; #Success = 0; #Failed = 14; #Dropped = 47
Target Time = 108.5; Load Intensity = 90.0; #Success = 0; #Failed = 13; #Dropped = 48
Target Time = 109.5; Load Intensity = 91.0; #Success = 0; #Failed = 23; #Dropped = 54
Target Time = 110.5; Load Intensity = 92.0; #Success = 0; #Failed = 15; #Dropped = 57
Target Time = 111.5; Load Intensity = 92.0; #Success = 1; #Failed = 14; #Dropped = 48
Target Time = 112.5; Load Intensity = 93.0; #Success = 0; #Failed = 24; #Dropped = 46
Target Time = 113.5; Load Intensity = 94.0; #Success = 0; #Failed = 15; #Dropped = 55
Target Time = 114.5; Load Intensity = 95.0; #Success = 0; #Failed = 15; #Dropped = 57
Target Time = 115.5; Load Intensity = 96.0; #Success = 0; #Failed = 24; #Dropped = 48
Target Time = 116.5; Load Intensity = 97.0; #Success = 0; #Failed = 0; #Dropped = 0
Target Time = 117.5; Load Intensity = 97.0; #Success = 0; #Failed = 1; #Dropped = 139
Target Time = 118.5; Load Intensity = 98.0; #Success = 0; #Failed = 7; #Dropped = 38
Target Time = 119.5; Load Intensity = 99.0; #Success = 0; #Failed = 1; #Dropped = 80
Target Time = 120.5; Load Intensity = 0.0; #Success = 0; #Failed = 3; #Dropped = 71
Target Time = 121.5; Load Intensity = 0.0; #Success = 0; #Failed = 8; #Dropped = 75
Target Time = 122.5; Load Intensity = 0.0; #Success = 0; #Failed = 11; #Dropped = 91
Target Time = 123.5; Load Intensity = 0.0; #Success = 0; #Failed = 11; #Dropped = 37
Target Time = 124.5; Load Intensity = 0.0; #Success = 0; #Failed = 25; #Dropped = 69
Target Time = 125.5; Load Intensity = 0.0; #Success = 0; #Failed = 12; #Dropped = 52
Target Time = 126.5; Load Intensity = 0.0; #Success = 0; #Failed = 11; #Dropped = 74
Target Time = 127.5; Load Intensity = 0.0; #Success = 0; #Failed = 24; #Dropped = 67
Target Time = 128.5; Load Intensity = 0.0; #Success = 1; #Failed = 1; #Dropped = 72
Target Time = 129.5; Load Intensity = 0.0; #Success = 0; #Failed = 0; #Dropped = 0
Target Time = 130.5; Load Intensity = 0.0; #Success = 0; #Failed = 11; #Dropped = 160
Target Time = 131.5; Load Intensity = 0.0; #Success = 0; #Failed = 11; #Dropped = 62
Target Time = 132.5; Load Intensity = 0.0; #Success = 0; #Failed = 24; #Dropped = 77
Target Time = 133.5; Load Intensity = 0.0; #Success = 1; #Failed = 0; #Dropped = 17
Target Time = 134.5; Load Intensity = 0.0; #Success = 1; #Failed = 0; #Dropped = 89
Target Time = 135.5; Load Intensity = 0.0; #Success = 0; #Failed = 11; #Dropped = 120
Target Time = 136.5; Load Intensity = 0.0; #Success = 0; #Failed = 11; #Dropped = 78
Target Time = 137.5; Load Intensity = 0.0; #Success = 0; #Failed = 25; #Dropped = 88
Target Time = 138.5; Load Intensity = 0.0; #Success = 0; #Failed = 5; #Dropped = 76
Target Time = 139.5; Load Intensity = 0.0; #Success = 0; #Failed = 1; #Dropped = 91
Target Time = 140.5; Load Intensity = 0.0; #Success = 0; #Failed = 11; #Dropped = 79
Target Time = 141.5; Load Intensity = 0.0; #Success = 0; #Failed = 11; #Dropped = 59
Target Time = 142.5; Load Intensity = 0.0; #Success = 0; #Failed = 25; #Dropped = 94
Target Time = 143.5; Load Intensity = 0.0; #Success = 3; #Failed = 1; #Dropped = 90
Target Time = 144.5; Load Intensity = 0.0; #Success = 2; #Failed = 0; #Dropped = 63
/home/luish/Documents/death/teastore/TeaStore/examples/httploadgenerator/measure_energy.sh: line 104: 3755743 Segmentation fault      timeout $((real_duration+5)) sudo "$path/ecofloc-$comp/ecofloc-$comp.out" -n text -i $ECO_INTERVAL -t $real_duration -f "$path/ecofloc-$comp/" > "$tmpfile" 2> /dev/null
Target Time = 145.5; Load Intensity = 0.0; #Success = 0; #Failed = 11; #Dropped = 96
  └─ [nitro5:ram] end 01:57:18
  └─ [nitro5:nic] end 01:57:19
  └─ [nitro5:cpu] end 01:57:19
Target Time = 146.5; Load Intensity = 0.0; #Success = 0; #Failed = 12; #Dropped = 104
Target Time = 147.5; Load Intensity = 0.0; #Success = 0; #Failed = 25; #Dropped = 66
Target Time = 148.5; Load Intensity = 0.0; #Success = 0; #Failed = 0; #Dropped = 0
Target Time = 149.5; Load Intensity = 0.0; #Success = 0; #Failed = 0; #Dropped = 0
Target Time = 150.5; Load Intensity = 0.0; #Success = 0; #Failed = 3; #Dropped = 210
  └─ [aspire:nic] end 01:57:23
  └─ [aspire:cpu] end 01:57:23
  └─ [aspire:sd] end 01:57:23
Target Time = 151.5; Load Intensity = 0.0; #Success = 0; #Failed = 0; #Dropped = 0
  └─ [aspire:ram] end 01:57:24
Target Time = 152.5; Load Intensity = 0.0; #Success = 0; #Failed = 0; #Dropped = 0
Target Time = 153.5; Load Intensity = 0.0; #Success = 0; #Failed = 0; #Dropped = 0
Target Time = 154.5; Load Intensity = 0.0; #Success = 0; #Failed = 50; #Dropped = 0
Target Time = 155.5; Load Intensity = 0.0; #Success = 0; #Failed = 0; #Dropped = 0
  └─ [leo:nic] end 01:57:28
Target Time = 156.5; Load Intensity = 0.0; #Success = 0; #Failed = 0; #Dropped = 0
Target Time = 157.5; Load Intensity = 0.0; #Success = 0; #Failed = 2; #Dropped = 0
  └─ [leo:sd] end 01:57:31
Target Time = 158.5; Load Intensity = 0.0; #Success = 0; #Failed = 0; #Dropped = 0
Target Time = 159.5; Load Intensity = 0.0; #Success = 0; #Failed = 8; #Dropped = 0
  └─ [leo:cpu] end 01:57:33
Target Time = 160.5; Load Intensity = 0.0; #Success = 0; #Failed = 0; #Dropped = 0
Target Time = 161.5; Load Intensity = 0.0; #Success = 1; #Failed = 0; #Dropped = 0
  └─ [leo:ram] end 01:57:36
  └─ [scorpius:cpu] end 01:57:36
  └─ [scorpius:sd] end 01:57:36
  └─ [scorpius:ram] end 01:57:36
  └─ [scorpius:nic] end 01:57:37
=== Bloque 145s terminado - Fase: fase3_carga_low_iter12 ===
[🧹] Limpiando CSVs internos de ecofloc en cada nodo (fase: fase3_carga_low_iter12)...
  ✔ [nitro5:cpu] limpiado /home/luish/Documents/p3/ecofloc2/ecofloc/ecofloc-cpu/ECOFLOC_CPU_COMM_text.csv
  ✔ [nitro5:nic] limpiado /home/luish/Documents/p3/ecofloc2/ecofloc/ecofloc-nic/ECOFLOC_NIC_COMM_text.csv
  ✔ [nitro5:ram] limpiado /home/luish/Documents/p3/ecofloc2/ecofloc/ecofloc-ram/ECOFLOC_RAM_COMM_text.csv
  ✔ [nitro5:sd] limpiado /home/luish/Documents/p3/ecofloc2/ecofloc/ecofloc-sd/ECOFLOC_SD_COMM_text.csv
  ✔ [leo:cpu] limpiado /home/leo/ecofloc/ecofloc-cpu/ECOFLOC_CPU_COMM_text.csv
  ✔ [leo:nic] limpiado /home/leo/ecofloc/ecofloc-nic/ECOFLOC_NIC_COMM_text.csv
  ✔ [leo:ram] limpiado /home/leo/ecofloc/ecofloc-ram/ECOFLOC_RAM_COMM_text.csv
  ✔ [leo:sd] limpiado /home/leo/ecofloc/ecofloc-sd/ECOFLOC_SD_COMM_text.csv
  ✔ [aspire:cpu] limpiado /home/luish/Documents/p3/ecofloc2/ecofloc/ecofloc-cpu/ECOFLOC_CPU_COMM_text.csv
  ✔ [aspire:nic] limpiado /home/luish/Documents/p3/ecofloc2/ecofloc/ecofloc-nic/ECOFLOC_NIC_COMM_text.csv
  ✔ [aspire:ram] limpiado /home/luish/Documents/p3/ecofloc2/ecofloc/ecofloc-ram/ECOFLOC_RAM_COMM_text.csv
  ✔ [aspire:sd] limpiado /home/luish/Documents/p3/ecofloc2/ecofloc/ecofloc-sd/ECOFLOC_SD_COMM_text.csv
Workload finished.
Log finished.
📄 LIMBO finalizado para scenario=low
⏳ [01:57:39] Esperando que termine medición: fase3_carga_low_iter12 (PID: 3755032)
  ✔ [scorpius:cpu] limpiado /home/scorpius03/Documents/ecofloc/ecofloc-cpu/ECOFLOC_CPU_COMM_text.csv
  ✔ [scorpius:nic] limpiado /home/scorpius03/Documents/ecofloc/ecofloc-nic/ECOFLOC_NIC_COMM_text.csv
  ✔ [scorpius:ram] limpiado /home/scorpius03/Documents/ecofloc/ecofloc-ram/ECOFLOC_RAM_COMM_text.csv
  ✔ [scorpius:sd] limpiado /home/scorpius03/Documents/ecofloc/ecofloc-sd/ECOFLOC_SD_COMM_text.csv
========================================
🔋 MEASURE ENERGY FINALIZADO
   Fase: fase3_carga_low_iter12
========================================
✔️ [01:57:40] Medición fase3_carga_low_iter12 completada
[📦] Archivando resultados → ./historyexecutions/exp(01:57:45)_fase3_low_iter12
[✔] Archivado: ./historyexecutions/exp(01:57:45)_fase3_low_iter12
🧹 Limpiando TeaStore (iter 12)...
⏸ Esperando 15s para limpieza completa...
✅ Iteración 12 / 15 del escenario low completada.

########################################################
🔄 ESCENARIO: low | ITERACIÓN: 13 / 15
   Hora: 01:58:34
########################################################
========================================
🔋 FASE 1: Descarga de imágenes (low, iter 13)
========================================
📋 Capturando PIDs (gepidstea.sh)...
📋 Capturando PIDs de contenedores (kpsnodos.sh)...
🔋 [01:58:55] Iniciando medición de energía: fase1_descarga_low_iter13 (25s)
   PID de medición: 4148371
🚀 Desplegando TeaStore desde /home/luish/Documents/death/teastore/TeaStore/examples/kubernetes/teastore-energy-scheduler.yaml...
========================================
🔋 MEASURE ENERGY - Fase: fase1_descarga_low_iter13
   Duración: 25s
   PID: 4148371
========================================
=== Medición bloque 25s - Fase: fase1_descarga_low_iter13 ===
[⏱ 01:58:55] Iniciando ecofloc en nitro5 por 25s (fase: fase1_descarga_low_iter13)
⏳ Esperando a que todos los pods de TeaStore estén Running y Ready...
  ├─ [nitro5:sd] start 01:58:55
  ├─ [nitro5:ram] start 01:58:56
  ├─ [nitro5:nic] start 01:58:56
[⏱ 01:58:56] Iniciando ecofloc en aspire por 25s (fase: fase1_descarga_low_iter13)
  ├─ [nitro5:cpu] start 01:58:56
  ├─ [aspire:sd] start 01:58:56
  ├─ [aspire:ram] start 01:58:56
  ├─ [aspire:nic] start 01:58:56
[⏱ 01:58:56] Iniciando ecofloc en scorpius por 25s (fase: fase1_descarga_low_iter13)
  ├─ [aspire:cpu] start 01:58:56
  ├─ [scorpius:sd] start 01:58:56
  ├─ [scorpius:ram] start 01:58:56
[⏱ 01:58:56] Iniciando ecofloc en leo por 25s (fase: fase1_descarga_low_iter13)
  ├─ [scorpius:nic] start 01:58:56
  ├─ [scorpius:cpu] start 01:58:56
  ├─ [leo:sd] start 01:58:56
  ├─ [leo:ram] start 01:58:56
  ├─ [leo:nic] start 01:58:56
  ├─ [leo:cpu] start 01:58:56
✅ Pods listos.
⏳ [01:58:58] Esperando que termine medición: fase1_descarga_low_iter13 (PID: 4148371)
  └─ [nitro5:sd] end 01:59:20
  └─ [nitro5:ram] end 01:59:21
  └─ [nitro5:nic] end 01:59:21
  └─ [nitro5:cpu] end 01:59:21
  └─ [aspire:sd] end 01:59:22
  └─ [aspire:cpu] end 01:59:22
  └─ [scorpius:sd] end 01:59:23
  └─ [scorpius:cpu] end 01:59:23
  └─ [aspire:nic] end 01:59:23
  └─ [scorpius:nic] end 01:59:23
  └─ [aspire:ram] end 01:59:23
  └─ [scorpius:ram] end 01:59:23
  └─ [leo:cpu] end 01:59:25
  └─ [leo:sd] end 01:59:26
  └─ [leo:ram] end 01:59:26
  └─ [leo:nic] end 01:59:26
=== Bloque 25s terminado - Fase: fase1_descarga_low_iter13 ===
[🧹] Limpiando CSVs internos de ecofloc en cada nodo (fase: fase1_descarga_low_iter13)...
  ✔ [nitro5:cpu] limpiado /home/luish/Documents/p3/ecofloc2/ecofloc/ecofloc-cpu/ECOFLOC_CPU_COMM_text.csv
  ✔ [nitro5:nic] limpiado /home/luish/Documents/p3/ecofloc2/ecofloc/ecofloc-nic/ECOFLOC_NIC_COMM_text.csv
  ✔ [nitro5:ram] limpiado /home/luish/Documents/p3/ecofloc2/ecofloc/ecofloc-ram/ECOFLOC_RAM_COMM_text.csv
  ✔ [nitro5:sd] limpiado /home/luish/Documents/p3/ecofloc2/ecofloc/ecofloc-sd/ECOFLOC_SD_COMM_text.csv
  ✔ [leo:cpu] limpiado /home/leo/ecofloc/ecofloc-cpu/ECOFLOC_CPU_COMM_text.csv
  ✔ [leo:nic] limpiado /home/leo/ecofloc/ecofloc-nic/ECOFLOC_NIC_COMM_text.csv
  ✔ [leo:ram] limpiado /home/leo/ecofloc/ecofloc-ram/ECOFLOC_RAM_COMM_text.csv
  ✔ [leo:sd] limpiado /home/leo/ecofloc/ecofloc-sd/ECOFLOC_SD_COMM_text.csv
  ✔ [aspire:cpu] limpiado /home/luish/Documents/p3/ecofloc2/ecofloc/ecofloc-cpu/ECOFLOC_CPU_COMM_text.csv
  ✔ [aspire:nic] limpiado /home/luish/Documents/p3/ecofloc2/ecofloc/ecofloc-nic/ECOFLOC_NIC_COMM_text.csv
  ✔ [aspire:ram] limpiado /home/luish/Documents/p3/ecofloc2/ecofloc/ecofloc-ram/ECOFLOC_RAM_COMM_text.csv
  ✔ [aspire:sd] limpiado /home/luish/Documents/p3/ecofloc2/ecofloc/ecofloc-sd/ECOFLOC_SD_COMM_text.csv
  ✔ [scorpius:cpu] limpiado /home/scorpius03/Documents/ecofloc/ecofloc-cpu/ECOFLOC_CPU_COMM_text.csv
  ✔ [scorpius:nic] limpiado /home/scorpius03/Documents/ecofloc/ecofloc-nic/ECOFLOC_NIC_COMM_text.csv
  ✔ [scorpius:ram] limpiado /home/scorpius03/Documents/ecofloc/ecofloc-ram/ECOFLOC_RAM_COMM_text.csv
  ✔ [scorpius:sd] limpiado /home/scorpius03/Documents/ecofloc/ecofloc-sd/ECOFLOC_SD_COMM_text.csv
========================================
🔋 MEASURE ENERGY FINALIZADO
   Fase: fase1_descarga_low_iter13
========================================
✔️ [01:59:29] Medición fase1_descarga_low_iter13 completada
[📦] Archivando resultados → ./historyexecutions/exp(01:59:34)_fase1_low_iter13
[✔] Archivado: ./historyexecutions/exp(01:59:34)_fase1_low_iter13
========================================
🔋 FASE 2: Preparación de servicios (low, iter 13)
========================================
📋 Capturando PIDs (gepidstea.sh)...
📋 Capturando PIDs de contenedores (kpsnodos.sh)...
🔋 [01:59:51] Iniciando medición de energía: fase2_preparacion_low_iter13 (50s)
   PID de medición: 17742
========================================
🔋 MEASURE ENERGY - Fase: fase2_preparacion_low_iter13
   Duración: 50s
   PID: 17742
========================================
=== Medición bloque 50s - Fase: fase2_preparacion_low_iter13 ===
[⏱ 01:59:51] Iniciando ecofloc en nitro5 por 50s (fase: fase2_preparacion_low_iter13)
⏳ Esperando 10s a que CoreDNS se estabilice...
  ├─ [nitro5:sd] start 01:59:52
  ├─ [nitro5:ram] start 01:59:52
  ├─ [nitro5:nic] start 01:59:52
[⏱ 01:59:53] Iniciando ecofloc en aspire por 50s (fase: fase2_preparacion_low_iter13)
  ├─ [nitro5:cpu] start 01:59:53
  ├─ [aspire:sd] start 01:59:53
  ├─ [aspire:ram] start 01:59:53
  ├─ [aspire:cpu] start 01:59:53
[⏱ 01:59:53] Iniciando ecofloc en scorpius por 50s (fase: fase2_preparacion_low_iter13)
  ├─ [aspire:nic] start 01:59:53
  ├─ [scorpius:sd] start 01:59:53
[⏱ 01:59:53] Iniciando ecofloc en leo por 50s (fase: fase2_preparacion_low_iter13)
  ├─ [scorpius:nic] start 01:59:53
  ├─ [scorpius:cpu] start 01:59:53
  ├─ [scorpius:ram] start 01:59:53
  ├─ [leo:sd] start 01:59:53
  ├─ [leo:ram] start 01:59:53
  ├─ [leo:nic] start 01:59:53
  ├─ [leo:cpu] start 01:59:53
➡️ Pod WebUI: teastore-webui-ff7768544-rz24g
➡️ Está en el nodo: luish-nitro-an515-57
🌐 IP del nodo WebUI: 192.168.18.27
⏳ Verificando estado del TeaStore en http://192.168.18.27:30080/tools.descartes.teastore.webui/status ...
   ➤ Estado actual: 5 / 5 servicios OK
✔ TODOS los servicios del TeaStore están OK. Continuando...
⏳ [02:00:05] Esperando que termine medición: fase2_preparacion_low_iter13 (PID: 17742)
  └─ [nitro5:sd] end 02:00:42
  └─ [nitro5:ram] end 02:00:42
  └─ [nitro5:nic] end 02:00:42
  └─ [nitro5:cpu] end 02:00:43
  └─ [aspire:cpu] end 02:00:44
  └─ [aspire:sd] end 02:00:44
  └─ [scorpius:sd] end 02:00:45
  └─ [aspire:nic] end 02:00:45
  └─ [leo:sd] end 02:00:45
  └─ [leo:cpu] end 02:00:45
  └─ [scorpius:cpu] end 02:00:45
  └─ [aspire:ram] end 02:00:45
  └─ [scorpius:nic] end 02:00:46
  └─ [scorpius:ram] end 02:00:46
  └─ [leo:nic] end 02:00:46
  └─ [leo:ram] end 02:00:46
=== Bloque 50s terminado - Fase: fase2_preparacion_low_iter13 ===
[🧹] Limpiando CSVs internos de ecofloc en cada nodo (fase: fase2_preparacion_low_iter13)...
  ✔ [nitro5:cpu] limpiado /home/luish/Documents/p3/ecofloc2/ecofloc/ecofloc-cpu/ECOFLOC_CPU_COMM_text.csv
  ✔ [nitro5:nic] limpiado /home/luish/Documents/p3/ecofloc2/ecofloc/ecofloc-nic/ECOFLOC_NIC_COMM_text.csv
  ✔ [nitro5:ram] limpiado /home/luish/Documents/p3/ecofloc2/ecofloc/ecofloc-ram/ECOFLOC_RAM_COMM_text.csv
  ✔ [nitro5:sd] limpiado /home/luish/Documents/p3/ecofloc2/ecofloc/ecofloc-sd/ECOFLOC_SD_COMM_text.csv
  ✔ [leo:cpu] limpiado /home/leo/ecofloc/ecofloc-cpu/ECOFLOC_CPU_COMM_text.csv
  ✔ [leo:nic] limpiado /home/leo/ecofloc/ecofloc-nic/ECOFLOC_NIC_COMM_text.csv
  ✔ [leo:ram] limpiado /home/leo/ecofloc/ecofloc-ram/ECOFLOC_RAM_COMM_text.csv
  ✔ [leo:sd] limpiado /home/leo/ecofloc/ecofloc-sd/ECOFLOC_SD_COMM_text.csv
  ✔ [aspire:cpu] limpiado /home/luish/Documents/p3/ecofloc2/ecofloc/ecofloc-cpu/ECOFLOC_CPU_COMM_text.csv
  ✔ [aspire:nic] limpiado /home/luish/Documents/p3/ecofloc2/ecofloc/ecofloc-nic/ECOFLOC_NIC_COMM_text.csv
  ✔ [aspire:ram] limpiado /home/luish/Documents/p3/ecofloc2/ecofloc/ecofloc-ram/ECOFLOC_RAM_COMM_text.csv
  ✔ [aspire:sd] limpiado /home/luish/Documents/p3/ecofloc2/ecofloc/ecofloc-sd/ECOFLOC_SD_COMM_text.csv
  ✔ [scorpius:cpu] limpiado /home/scorpius03/Documents/ecofloc/ecofloc-cpu/ECOFLOC_CPU_COMM_text.csv
  ✔ [scorpius:nic] limpiado /home/scorpius03/Documents/ecofloc/ecofloc-nic/ECOFLOC_NIC_COMM_text.csv
  ✔ [scorpius:ram] limpiado /home/scorpius03/Documents/ecofloc/ecofloc-ram/ECOFLOC_RAM_COMM_text.csv
  ✔ [scorpius:sd] limpiado /home/scorpius03/Documents/ecofloc/ecofloc-sd/ECOFLOC_SD_COMM_text.csv
========================================
🔋 MEASURE ENERGY FINALIZADO
   Fase: fase2_preparacion_low_iter13
========================================
✔️ [02:00:49] Medición fase2_preparacion_low_iter13 completada
[📦] Archivando resultados → ./historyexecutions/exp(02:00:54)_fase2_low_iter13
[✔] Archivado: ./historyexecutions/exp(02:00:54)_fase2_low_iter13
========================================
🔋 FASE 3: Ejecución de carga (low, iter 13)
========================================
📋 Capturando PIDs (gepidstea.sh)...
📋 Capturando PIDs de contenedores (kpsnodos.sh)...
🔋 [02:01:12] Iniciando medición de energía: fase3_carga_low_iter13 (145s)
   PID de medición: 154100
=== Escenario low (iter 13) ===
========================================
🔋 MEASURE ENERGY - Fase: fase3_carga_low_iter13
   Duración: 145s
   PID: 154100
========================================
=== Medición bloque 145s - Fase: fase3_carga_low_iter13 ===
🚀 Iniciando LIMBO con profile=/home/luish/Documents/death/teastore/TeaStore/examples/httploadgenerator/increasingLowIntensity.csv y script=/home/luish/Documents/death/teastore/TeaStore/examples/httploadgenerator/teastore_buy.lua
[⏱ 02:01:12] Iniciando ecofloc en nitro5 por 145s (fase: fase3_carga_low_iter13)
Feb 26, 2026 2:01:12 AM tools.descartes.dlim.httploadgenerator.runner.Director executeDirector
WARNING: No power measurements
Feb 26, 2026 2:01:12 AM tools.descartes.dlim.httploadgenerator.runner.Director executeDirector
INFO: Load Generator Thread Count set to 64
Feb 26, 2026 2:01:12 AM tools.descartes.dlim.httploadgenerator.runner.Director executeDirector
INFO: URL connection timout set to 30000 ms
Feb 26, 2026 2:01:12 AM tools.descartes.dlim.httploadgenerator.runner.Director executeDirector
INFO: Using Lua Script: /home/luish/Documents/death/teastore/TeaStore/examples/httploadgenerator/teastore_buy.lua
Feb 26, 2026 2:01:12 AM tools.descartes.dlim.httploadgenerator.runner.Director process
INFO: Read 120 Arrival Rate Tuples
Load Generator sent: ok
Feb 26, 2026 2:01:12 AM tools.descartes.dlim.httploadgenerator.runner.Director process
INFO: Arrival Rates sent to Load Generator(s).
Load Generator sent: ok
Feb 26, 2026 2:01:12 AM tools.descartes.dlim.httploadgenerator.runner.Director process
INFO: Thread Count sent to Load Generator(s): 64
Load Generator sent: ok
Feb 26, 2026 2:01:12 AM tools.descartes.dlim.httploadgenerator.runner.Director process
INFO: URL connection timeout sent to Load Generator(s): 30000
Load Generator sent: ok
Feb 26, 2026 2:01:12 AM tools.descartes.dlim.httploadgenerator.runner.Director process
INFO: Contents of script sent to Load Generator: /home/luish/Documents/death/teastore/TeaStore/examples/httploadgenerator/teastore_buy.lua
Feb 26, 2026 2:01:12 AM tools.descartes.dlim.httploadgenerator.runner.Director process
INFO: Starting Load Generation
Beginning Run @1772089272343(26.02.2026;02:01:12343)
Target Time = 0.5; Load Intensity = 0.0; #Success = 0; #Failed = 0; #Dropped = 0
  ├─ [nitro5:sd] start 02:01:12
  ├─ [nitro5:ram] start 02:01:12
  ├─ [nitro5:nic] start 02:01:13
[⏱ 02:01:13] Iniciando ecofloc en aspire por 145s (fase: fase3_carga_low_iter13)
  ├─ [nitro5:cpu] start 02:01:13
  ├─ [aspire:sd] start 02:01:13
  ├─ [aspire:ram] start 02:01:13
[⏱ 02:01:13] Iniciando ecofloc en scorpius por 145s (fase: fase3_carga_low_iter13)
  ├─ [aspire:nic] start 02:01:13
  ├─ [aspire:cpu] start 02:01:13
  ├─ [scorpius:sd] start 02:01:13
  ├─ [scorpius:ram] start 02:01:13
  ├─ [scorpius:nic] start 02:01:13
[⏱ 02:01:13] Iniciando ecofloc en leo por 145s (fase: fase3_carga_low_iter13)
  ├─ [scorpius:cpu] start 02:01:13
  ├─ [leo:sd] start 02:01:13
  ├─ [leo:ram] start 02:01:13
  ├─ [leo:nic] start 02:01:13
  ├─ [leo:cpu] start 02:01:13
Target Time = 1.5; Load Intensity = 1.0; #Success = 0; #Failed = 0; #Dropped = 0
Target Time = 2.5; Load Intensity = 2.0; #Success = 0; #Failed = 0; #Dropped = 0
Target Time = 3.5; Load Intensity = 2.0; #Success = 5; #Failed = 0; #Dropped = 0
Target Time = 4.5; Load Intensity = 3.0; #Success = 3; #Failed = 0; #Dropped = 0
Target Time = 5.5; Load Intensity = 4.0; #Success = 3; #Failed = 0; #Dropped = 0
Target Time = 6.5; Load Intensity = 5.0; #Success = 6; #Failed = 0; #Dropped = 0
Target Time = 7.5; Load Intensity = 6.0; #Success = 6; #Failed = 0; #Dropped = 0
Target Time = 8.5; Load Intensity = 7.0; #Success = 7; #Failed = 0; #Dropped = 0
Target Time = 9.5; Load Intensity = 7.0; #Success = 7; #Failed = 0; #Dropped = 0
Target Time = 10.5; Load Intensity = 8.0; #Success = 6; #Failed = 0; #Dropped = 0
Target Time = 11.5; Load Intensity = 9.0; #Success = 11; #Failed = 0; #Dropped = 0
Target Time = 12.5; Load Intensity = 10.0; #Success = 10; #Failed = 0; #Dropped = 0
Target Time = 13.5; Load Intensity = 11.0; #Success = 9; #Failed = 0; #Dropped = 0
Target Time = 14.5; Load Intensity = 12.0; #Success = 14; #Failed = 0; #Dropped = 0
Target Time = 15.5; Load Intensity = 12.0; #Success = 9; #Failed = 0; #Dropped = 0
Target Time = 16.5; Load Intensity = 13.0; #Success = 16; #Failed = 0; #Dropped = 0
Target Time = 17.5; Load Intensity = 14.0; #Success = 14; #Failed = 0; #Dropped = 0
Target Time = 18.5; Load Intensity = 15.0; #Success = 2; #Failed = 0; #Dropped = 0
Target Time = 19.5; Load Intensity = 16.0; #Success = 0; #Failed = 0; #Dropped = 0
Target Time = 20.5; Load Intensity = 17.0; #Success = 7; #Failed = 0; #Dropped = 0
Target Time = 21.5; Load Intensity = 17.0; #Success = 5; #Failed = 0; #Dropped = 0
Target Time = 22.5; Load Intensity = 18.0; #Success = 6; #Failed = 0; #Dropped = 0
Target Time = 23.5; Load Intensity = 19.0; #Success = 4; #Failed = 0; #Dropped = 0
Target Time = 24.5; Load Intensity = 20.0; #Success = 2; #Failed = 0; #Dropped = 0
Target Time = 25.5; Load Intensity = 21.0; #Success = 0; #Failed = 0; #Dropped = 0
Target Time = 26.5; Load Intensity = 22.0; #Success = 0; #Failed = 3; #Dropped = 0
Target Time = 27.5; Load Intensity = 22.0; #Success = 0; #Failed = 11; #Dropped = 0
Target Time = 28.5; Load Intensity = 23.0; #Success = 2; #Failed = 2; #Dropped = 0
Target Time = 29.5; Load Intensity = 24.0; #Success = 1; #Failed = 2; #Dropped = 0
Target Time = 30.5; Load Intensity = 25.0; #Success = 0; #Failed = 0; #Dropped = 0
Target Time = 31.5; Load Intensity = 26.0; #Success = 0; #Failed = 5; #Dropped = 0
Target Time = 32.5; Load Intensity = 27.0; #Success = 0; #Failed = 1; #Dropped = 0
Target Time = 33.5; Load Intensity = 27.0; #Success = 0; #Failed = 6; #Dropped = 0
Target Time = 34.5; Load Intensity = 28.0; #Success = 0; #Failed = 2; #Dropped = 0
Target Time = 35.5; Load Intensity = 29.0; #Success = 0; #Failed = 3; #Dropped = 0
Target Time = 36.5; Load Intensity = 30.0; #Success = 0; #Failed = 13; #Dropped = 0
Target Time = 37.5; Load Intensity = 31.0; #Success = 0; #Failed = 5; #Dropped = 0
Target Time = 38.5; Load Intensity = 32.0; #Success = 0; #Failed = 2; #Dropped = 0
Target Time = 39.5; Load Intensity = 32.0; #Success = 0; #Failed = 10; #Dropped = 0
Target Time = 40.5; Load Intensity = 33.0; #Success = 0; #Failed = 5; #Dropped = 0
Target Time = 41.5; Load Intensity = 34.0; #Success = 0; #Failed = 3; #Dropped = 0
Target Time = 42.5; Load Intensity = 35.0; #Success = 0; #Failed = 19; #Dropped = 0
Target Time = 43.5; Load Intensity = 36.0; #Success = 0; #Failed = 9; #Dropped = 0
Target Time = 44.5; Load Intensity = 37.0; #Success = 0; #Failed = 8; #Dropped = 0
Target Time = 45.5; Load Intensity = 37.0; #Success = 0; #Failed = 18; #Dropped = 0
Target Time = 46.5; Load Intensity = 38.0; #Success = 0; #Failed = 11; #Dropped = 0
Target Time = 47.5; Load Intensity = 39.0; #Success = 0; #Failed = 8; #Dropped = 0
Target Time = 48.5; Load Intensity = 40.0; #Success = 0; #Failed = 13; #Dropped = 0
Target Time = 49.5; Load Intensity = 41.0; #Success = 0; #Failed = 10; #Dropped = 0
Target Time = 50.5; Load Intensity = 42.0; #Success = 0; #Failed = 16; #Dropped = 0
Target Time = 51.5; Load Intensity = 42.0; #Success = 0; #Failed = 14; #Dropped = 0
Target Time = 52.5; Load Intensity = 43.0; #Success = 0; #Failed = 11; #Dropped = 0
Target Time = 53.5; Load Intensity = 44.0; #Success = 0; #Failed = 15; #Dropped = 0
Target Time = 54.5; Load Intensity = 45.0; #Success = 0; #Failed = 12; #Dropped = 0
Target Time = 55.5; Load Intensity = 46.0; #Success = 0; #Failed = 15; #Dropped = 0
Target Time = 56.5; Load Intensity = 47.0; #Success = 0; #Failed = 17; #Dropped = 0
Target Time = 57.5; Load Intensity = 47.0; #Success = 0; #Failed = 12; #Dropped = 0
Target Time = 58.5; Load Intensity = 48.0; #Success = 0; #Failed = 12; #Dropped = 0
Target Time = 59.5; Load Intensity = 49.0; #Success = 0; #Failed = 16; #Dropped = 0
Target Time = 60.5; Load Intensity = 50.0; #Success = 0; #Failed = 18; #Dropped = 0
Target Time = 61.5; Load Intensity = 51.0; #Success = 0; #Failed = 11; #Dropped = 0
Target Time = 62.5; Load Intensity = 52.0; #Success = 0; #Failed = 15; #Dropped = 0
Target Time = 63.5; Load Intensity = 52.0; #Success = 0; #Failed = 12; #Dropped = 0
Target Time = 64.5; Load Intensity = 53.0; #Success = 0; #Failed = 11; #Dropped = 0
Target Time = 65.5; Load Intensity = 54.0; #Success = 0; #Failed = 15; #Dropped = 0
Target Time = 66.5; Load Intensity = 55.0; #Success = 0; #Failed = 13; #Dropped = 0
Target Time = 67.5; Load Intensity = 56.0; #Success = 0; #Failed = 10; #Dropped = 0
Target Time = 68.5; Load Intensity = 57.0; #Success = 0; #Failed = 23; #Dropped = 0
Target Time = 69.5; Load Intensity = 57.0; #Success = 0; #Failed = 12; #Dropped = 0
Target Time = 70.5; Load Intensity = 58.0; #Success = 0; #Failed = 19; #Dropped = 0
Target Time = 71.5; Load Intensity = 59.0; #Success = 0; #Failed = 22; #Dropped = 3
Target Time = 72.5; Load Intensity = 60.0; #Success = 0; #Failed = 13; #Dropped = 14
Target Time = 73.5; Load Intensity = 61.0; #Success = 0; #Failed = 6; #Dropped = 22
Target Time = 74.5; Load Intensity = 62.0; #Success = 1; #Failed = 9; #Dropped = 29
Target Time = 75.5; Load Intensity = 62.0; #Success = 0; #Failed = 12; #Dropped = 28
Target Time = 76.5; Load Intensity = 63.0; #Success = 0; #Failed = 5; #Dropped = 25
Target Time = 77.5; Load Intensity = 64.0; #Success = 0; #Failed = 7; #Dropped = 35
Target Time = 78.5; Load Intensity = 65.0; #Success = 0; #Failed = 12; #Dropped = 30
Target Time = 79.5; Load Intensity = 66.0; #Success = 0; #Failed = 10; #Dropped = 43
Target Time = 80.5; Load Intensity = 67.0; #Success = 0; #Failed = 9; #Dropped = 17
Target Time = 81.5; Load Intensity = 67.0; #Success = 0; #Failed = 26; #Dropped = 34
Target Time = 82.5; Load Intensity = 68.0; #Success = 0; #Failed = 9; #Dropped = 16
Target Time = 83.5; Load Intensity = 69.0; #Success = 0; #Failed = 14; #Dropped = 35
Target Time = 84.5; Load Intensity = 70.0; #Success = 0; #Failed = 25; #Dropped = 30
Target Time = 85.5; Load Intensity = 71.0; #Success = 0; #Failed = 5; #Dropped = 21
Target Time = 86.5; Load Intensity = 72.0; #Success = 0; #Failed = 13; #Dropped = 41
Target Time = 87.5; Load Intensity = 72.0; #Success = 0; #Failed = 20; #Dropped = 35
Target Time = 88.5; Load Intensity = 73.0; #Success = 0; #Failed = 7; #Dropped = 26
Target Time = 89.5; Load Intensity = 74.0; #Success = 0; #Failed = 14; #Dropped = 43
Target Time = 90.5; Load Intensity = 75.0; #Success = 0; #Failed = 20; #Dropped = 37
Target Time = 91.5; Load Intensity = 76.0; #Success = 0; #Failed = 13; #Dropped = 38
Target Time = 92.5; Load Intensity = 77.0; #Success = 0; #Failed = 16; #Dropped = 28
Target Time = 93.5; Load Intensity = 77.0; #Success = 0; #Failed = 21; #Dropped = 42
Target Time = 94.5; Load Intensity = 78.0; #Success = 0; #Failed = 5; #Dropped = 30
Target Time = 95.5; Load Intensity = 79.0; #Success = 0; #Failed = 12; #Dropped = 53
Target Time = 96.5; Load Intensity = 80.0; #Success = 0; #Failed = 21; #Dropped = 34
Target Time = 97.5; Load Intensity = 81.0; #Success = 0; #Failed = 6; #Dropped = 48
Target Time = 98.5; Load Intensity = 82.0; #Success = 2; #Failed = 12; #Dropped = 37
Target Time = 99.5; Load Intensity = 82.0; #Success = 0; #Failed = 20; #Dropped = 48
Target Time = 100.5; Load Intensity = 83.0; #Success = 0; #Failed = 15; #Dropped = 33
Target Time = 101.5; Load Intensity = 84.0; #Success = 0; #Failed = 12; #Dropped = 47
Target Time = 102.5; Load Intensity = 85.0; #Success = 0; #Failed = 21; #Dropped = 50
Target Time = 103.5; Load Intensity = 86.0; #Success = 0; #Failed = 5; #Dropped = 36
Target Time = 104.5; Load Intensity = 87.0; #Success = 0; #Failed = 13; #Dropped = 59
Target Time = 105.5; Load Intensity = 87.0; #Success = 0; #Failed = 23; #Dropped = 56
Target Time = 106.5; Load Intensity = 88.0; #Success = 0; #Failed = 6; #Dropped = 21
Target Time = 107.5; Load Intensity = 89.0; #Success = 0; #Failed = 12; #Dropped = 70
Target Time = 108.5; Load Intensity = 90.0; #Success = 0; #Failed = 25; #Dropped = 58
Target Time = 109.5; Load Intensity = 91.0; #Success = 0; #Failed = 5; #Dropped = 27
Target Time = 110.5; Load Intensity = 92.0; #Success = 0; #Failed = 13; #Dropped = 76
Target Time = 111.5; Load Intensity = 92.0; #Success = 1; #Failed = 28; #Dropped = 48
Target Time = 112.5; Load Intensity = 93.0; #Success = 0; #Failed = 5; #Dropped = 37
Target Time = 113.5; Load Intensity = 94.0; #Success = 0; #Failed = 12; #Dropped = 64
Target Time = 114.5; Load Intensity = 95.0; #Success = 2; #Failed = 20; #Dropped = 52
Target Time = 115.5; Load Intensity = 96.0; #Success = 0; #Failed = 9; #Dropped = 60
Target Time = 116.5; Load Intensity = 97.0; #Success = 1; #Failed = 12; #Dropped = 57
Target Time = 117.5; Load Intensity = 97.0; #Success = 0; #Failed = 20; #Dropped = 57
Target Time = 118.5; Load Intensity = 98.0; #Success = 1; #Failed = 5; #Dropped = 58
Target Time = 119.5; Load Intensity = 99.0; #Success = 1; #Failed = 18; #Dropped = 56
Target Time = 120.5; Load Intensity = 0.0; #Success = 0; #Failed = 20; #Dropped = 77
Target Time = 121.5; Load Intensity = 0.0; #Success = 0; #Failed = 6; #Dropped = 36
Target Time = 122.5; Load Intensity = 0.0; #Success = 0; #Failed = 16; #Dropped = 82
Target Time = 123.5; Load Intensity = 0.0; #Success = 0; #Failed = 27; #Dropped = 58
Target Time = 124.5; Load Intensity = 0.0; #Success = 0; #Failed = 7; #Dropped = 50
Target Time = 125.5; Load Intensity = 0.0; #Success = 0; #Failed = 0; #Dropped = 0
Target Time = 126.5; Load Intensity = 0.0; #Success = 0; #Failed = 0; #Dropped = 0
Target Time = 127.5; Load Intensity = 0.0; #Success = 0; #Failed = 0; #Dropped = 0
Target Time = 128.5; Load Intensity = 0.0; #Success = 0; #Failed = 8; #Dropped = 312
Target Time = 129.5; Load Intensity = 0.0; #Success = 0; #Failed = 3; #Dropped = 79
Target Time = 130.5; Load Intensity = 0.0; #Success = 0; #Failed = 0; #Dropped = 0
Target Time = 131.5; Load Intensity = 0.0; #Success = 0; #Failed = 19; #Dropped = 151
Target Time = 132.5; Load Intensity = 0.0; #Success = 0; #Failed = 22; #Dropped = 71
Target Time = 133.5; Load Intensity = 0.0; #Success = 0; #Failed = 5; #Dropped = 74
Target Time = 134.5; Load Intensity = 0.0; #Success = 0; #Failed = 12; #Dropped = 65
Target Time = 135.5; Load Intensity = 0.0; #Success = 0; #Failed = 20; #Dropped = 86
Target Time = 136.5; Load Intensity = 0.0; #Success = 0; #Failed = 5; #Dropped = 58
Target Time = 137.5; Load Intensity = 0.0; #Success = 0; #Failed = 12; #Dropped = 97
Target Time = 138.5; Load Intensity = 0.0; #Success = 0; #Failed = 20; #Dropped = 71
Target Time = 139.5; Load Intensity = 0.0; #Success = 0; #Failed = 5; #Dropped = 72
Target Time = 140.5; Load Intensity = 0.0; #Success = 0; #Failed = 12; #Dropped = 94
Target Time = 141.5; Load Intensity = 0.0; #Success = 0; #Failed = 22; #Dropped = 67
Target Time = 142.5; Load Intensity = 0.0; #Success = 0; #Failed = 5; #Dropped = 70
Target Time = 143.5; Load Intensity = 0.0; #Success = 0; #Failed = 19; #Dropped = 93
Target Time = 144.5; Load Intensity = 0.0; #Success = 0; #Failed = 21; #Dropped = 74
  └─ [nitro5:ram] end 02:03:37
  └─ [nitro5:sd] end 02:03:37
Target Time = 145.5; Load Intensity = 0.0; #Success = 3; #Failed = 6; #Dropped = 73
  └─ [nitro5:nic] end 02:03:38
  └─ [nitro5:cpu] end 02:03:38
Target Time = 146.5; Load Intensity = 0.0; #Success = 1; #Failed = 12; #Dropped = 92
Target Time = 147.5; Load Intensity = 0.0; #Success = 0; #Failed = 20; #Dropped = 92
Target Time = 148.5; Load Intensity = 0.0; #Success = 1; #Failed = 11; #Dropped = 73
Target Time = 149.5; Load Intensity = 0.0; #Success = 0; #Failed = 14; #Dropped = 91
Target Time = 150.5; Load Intensity = 0.0; #Success = 0; #Failed = 20; #Dropped = 25
  └─ [aspire:nic] end 02:03:43
Target Time = 151.5; Load Intensity = 0.0; #Success = 0; #Failed = 5; #Dropped = 0
Target Time = 152.5; Load Intensity = 0.0; #Success = 1; #Failed = 15; #Dropped = 0
  └─ [leo:sd] end 02:03:45
  └─ [leo:cpu] end 02:03:45
Target Time = 153.5; Load Intensity = 0.0; #Success = 0; #Failed = 0; #Dropped = 0
Target Time = 154.5; Load Intensity = 0.0; #Success = 0; #Failed = 0; #Dropped = 0
  └─ [leo:nic] end 02:03:47
Target Time = 155.5; Load Intensity = 0.0; #Success = 0; #Failed = 0; #Dropped = 0
Target Time = 156.5; Load Intensity = 0.0; #Success = 0; #Failed = 1; #Dropped = 0
  └─ [aspire:cpu] end 02:03:48
  └─ [aspire:ram] end 02:03:49
  └─ [aspire:sd] end 02:03:49
  └─ [leo:ram] end 02:03:49
Target Time = 157.5; Load Intensity = 0.0; #Success = 0; #Failed = 1; #Dropped = 0
Target Time = 158.5; Load Intensity = 0.0; #Success = 0; #Failed = 0; #Dropped = 0
Target Time = 159.5; Load Intensity = 0.0; #Success = 0; #Failed = 0; #Dropped = 0
Target Time = 160.5; Load Intensity = 0.0; #Success = 0; #Failed = 0; #Dropped = 0
Target Time = 161.5; Load Intensity = 0.0; #Success = 0; #Failed = 7; #Dropped = 0
Target Time = 162.5; Load Intensity = 0.0; #Success = 0; #Failed = 2; #Dropped = 0
Target Time = 163.5; Load Intensity = 0.0; #Success = 0; #Failed = 7; #Dropped = 0
Target Time = 164.5; Load Intensity = 0.0; #Success = 0; #Failed = 3; #Dropped = 0
Target Time = 165.5; Load Intensity = 0.0; #Success = 0; #Failed = 1; #Dropped = 0
Target Time = 166.5; Load Intensity = 0.0; #Success = 0; #Failed = 0; #Dropped = 0
Target Time = 167.5; Load Intensity = 0.0; #Success = 1; #Failed = 0; #Dropped = 0
Workload finished.
Log finished.
📄 LIMBO finalizado para scenario=low
⏳ [02:04:04] Esperando que termine medición: fase3_carga_low_iter13 (PID: 154100)
  └─ [scorpius:sd] end 02:04:05
  └─ [scorpius:cpu] end 02:04:06
  └─ [scorpius:ram] end 02:04:07
=== Bloque 145s terminado - Fase: fase3_carga_low_iter13 ===
[🧹] Limpiando CSVs internos de ecofloc en cada nodo (fase: fase3_carga_low_iter13)...
  ✔ [nitro5:cpu] limpiado /home/luish/Documents/p3/ecofloc2/ecofloc/ecofloc-cpu/ECOFLOC_CPU_COMM_text.csv
  ✔ [nitro5:nic] limpiado /home/luish/Documents/p3/ecofloc2/ecofloc/ecofloc-nic/ECOFLOC_NIC_COMM_text.csv
  ✔ [nitro5:ram] limpiado /home/luish/Documents/p3/ecofloc2/ecofloc/ecofloc-ram/ECOFLOC_RAM_COMM_text.csv
  ✔ [nitro5:sd] limpiado /home/luish/Documents/p3/ecofloc2/ecofloc/ecofloc-sd/ECOFLOC_SD_COMM_text.csv
  ✔ [leo:cpu] limpiado /home/leo/ecofloc/ecofloc-cpu/ECOFLOC_CPU_COMM_text.csv
  ✔ [leo:nic] limpiado /home/leo/ecofloc/ecofloc-nic/ECOFLOC_NIC_COMM_text.csv
  ✔ [leo:ram] limpiado /home/leo/ecofloc/ecofloc-ram/ECOFLOC_RAM_COMM_text.csv
  ✔ [leo:sd] limpiado /home/leo/ecofloc/ecofloc-sd/ECOFLOC_SD_COMM_text.csv
  ✔ [aspire:cpu] limpiado /home/luish/Documents/p3/ecofloc2/ecofloc/ecofloc-cpu/ECOFLOC_CPU_COMM_text.csv
  ✔ [aspire:nic] limpiado /home/luish/Documents/p3/ecofloc2/ecofloc/ecofloc-nic/ECOFLOC_NIC_COMM_text.csv
  ✔ [aspire:ram] limpiado /home/luish/Documents/p3/ecofloc2/ecofloc/ecofloc-ram/ECOFLOC_RAM_COMM_text.csv
  ✔ [aspire:sd] limpiado /home/luish/Documents/p3/ecofloc2/ecofloc/ecofloc-sd/ECOFLOC_SD_COMM_text.csv
  ✔ [scorpius:cpu] limpiado /home/scorpius03/Documents/ecofloc/ecofloc-cpu/ECOFLOC_CPU_COMM_text.csv
  ✔ [scorpius:nic] limpiado /home/scorpius03/Documents/ecofloc/ecofloc-nic/ECOFLOC_NIC_COMM_text.csv
  ✔ [scorpius:ram] limpiado /home/scorpius03/Documents/ecofloc/ecofloc-ram/ECOFLOC_RAM_COMM_text.csv
  ✔ [scorpius:sd] limpiado /home/scorpius03/Documents/ecofloc/ecofloc-sd/ECOFLOC_SD_COMM_text.csv
========================================
🔋 MEASURE ENERGY FINALIZADO
   Fase: fase3_carga_low_iter13
========================================
✔️ [02:04:11] Medición fase3_carga_low_iter13 completada
[📦] Archivando resultados → ./historyexecutions/exp(02:04:16)_fase3_low_iter13
[✔] Archivado: ./historyexecutions/exp(02:04:16)_fase3_low_iter13
🧹 Limpiando TeaStore (iter 13)...
⏸ Esperando 15s para limpieza completa...
✅ Iteración 13 / 15 del escenario low completada.

########################################################
🔄 ESCENARIO: low | ITERACIÓN: 14 / 15
   Hora: 02:05:05
########################################################
========================================
🔋 FASE 1: Descarga de imágenes (low, iter 14)
========================================
📋 Capturando PIDs (gepidstea.sh)...
📋 Capturando PIDs de contenedores (kpsnodos.sh)...
🔋 [02:05:24] Iniciando medición de energía: fase1_descarga_low_iter14 (25s)
   PID de medición: 532051
🚀 Desplegando TeaStore desde /home/luish/Documents/death/teastore/TeaStore/examples/kubernetes/teastore-energy-scheduler.yaml...
========================================
🔋 MEASURE ENERGY - Fase: fase1_descarga_low_iter14
   Duración: 25s
   PID: 532051
========================================
=== Medición bloque 25s - Fase: fase1_descarga_low_iter14 ===
[⏱ 02:05:24] Iniciando ecofloc en nitro5 por 25s (fase: fase1_descarga_low_iter14)
⏳ Esperando a que todos los pods de TeaStore estén Running y Ready...
  ├─ [nitro5:sd] start 02:05:24
  ├─ [nitro5:ram] start 02:05:25
  ├─ [nitro5:nic] start 02:05:25
[⏱ 02:05:26] Iniciando ecofloc en aspire por 25s (fase: fase1_descarga_low_iter14)
  ├─ [nitro5:cpu] start 02:05:26
  ├─ [aspire:ram] start 02:05:26
[⏱ 02:05:26] Iniciando ecofloc en scorpius por 25s (fase: fase1_descarga_low_iter14)
  ├─ [aspire:nic] start 02:05:26
  ├─ [aspire:sd] start 02:05:26
  ├─ [aspire:cpu] start 02:05:26
  ├─ [scorpius:sd] start 02:05:26
  ├─ [scorpius:ram] start 02:05:26
[⏱ 02:05:26] Iniciando ecofloc en leo por 25s (fase: fase1_descarga_low_iter14)
  ├─ [scorpius:cpu] start 02:05:26
  ├─ [scorpius:nic] start 02:05:26
  ├─ [leo:ram] start 02:05:26
  ├─ [leo:nic] start 02:05:26
  ├─ [leo:cpu] start 02:05:26
  ├─ [leo:sd] start 02:05:26
✅ Pods listos.
⏳ [02:05:27] Esperando que termine medición: fase1_descarga_low_iter14 (PID: 532051)
  └─ [nitro5:sd] end 02:05:49
  └─ [nitro5:ram] end 02:05:50
  └─ [nitro5:nic] end 02:05:50
  └─ [nitro5:cpu] end 02:05:51
  └─ [aspire:sd] end 02:05:51
  └─ [aspire:cpu] end 02:05:51
  └─ [scorpius:sd] end 02:05:51
  └─ [scorpius:cpu] end 02:05:51
  └─ [leo:sd] end 02:05:52
  └─ [leo:cpu] end 02:05:52
  └─ [aspire:nic] end 02:05:52
  └─ [scorpius:nic] end 02:05:52
  └─ [leo:nic] end 02:05:52
  └─ [leo:ram] end 02:05:52
  └─ [scorpius:ram] end 02:05:52
=== Bloque 25s terminado - Fase: fase1_descarga_low_iter14 ===
[🧹] Limpiando CSVs internos de ecofloc en cada nodo (fase: fase1_descarga_low_iter14)...
  ✔ [nitro5:cpu] limpiado /home/luish/Documents/p3/ecofloc2/ecofloc/ecofloc-cpu/ECOFLOC_CPU_COMM_text.csv
  ✔ [nitro5:nic] limpiado /home/luish/Documents/p3/ecofloc2/ecofloc/ecofloc-nic/ECOFLOC_NIC_COMM_text.csv
  ✔ [nitro5:ram] limpiado /home/luish/Documents/p3/ecofloc2/ecofloc/ecofloc-ram/ECOFLOC_RAM_COMM_text.csv
  ✔ [nitro5:sd] limpiado /home/luish/Documents/p3/ecofloc2/ecofloc/ecofloc-sd/ECOFLOC_SD_COMM_text.csv
  ✔ [leo:cpu] limpiado /home/leo/ecofloc/ecofloc-cpu/ECOFLOC_CPU_COMM_text.csv
  ✔ [leo:nic] limpiado /home/leo/ecofloc/ecofloc-nic/ECOFLOC_NIC_COMM_text.csv
  ✔ [leo:ram] limpiado /home/leo/ecofloc/ecofloc-ram/ECOFLOC_RAM_COMM_text.csv
  ✔ [leo:sd] limpiado /home/leo/ecofloc/ecofloc-sd/ECOFLOC_SD_COMM_text.csv
  ✔ [aspire:cpu] limpiado /home/luish/Documents/p3/ecofloc2/ecofloc/ecofloc-cpu/ECOFLOC_CPU_COMM_text.csv
  ✔ [aspire:nic] limpiado /home/luish/Documents/p3/ecofloc2/ecofloc/ecofloc-nic/ECOFLOC_NIC_COMM_text.csv
  ✔ [aspire:ram] limpiado /home/luish/Documents/p3/ecofloc2/ecofloc/ecofloc-ram/ECOFLOC_RAM_COMM_text.csv
  ✔ [aspire:sd] limpiado /home/luish/Documents/p3/ecofloc2/ecofloc/ecofloc-sd/ECOFLOC_SD_COMM_text.csv
  ✔ [scorpius:cpu] limpiado /home/scorpius03/Documents/ecofloc/ecofloc-cpu/ECOFLOC_CPU_COMM_text.csv
  ✔ [scorpius:nic] limpiado /home/scorpius03/Documents/ecofloc/ecofloc-nic/ECOFLOC_NIC_COMM_text.csv
  ✔ [scorpius:ram] limpiado /home/scorpius03/Documents/ecofloc/ecofloc-ram/ECOFLOC_RAM_COMM_text.csv
  ✔ [scorpius:sd] limpiado /home/scorpius03/Documents/ecofloc/ecofloc-sd/ECOFLOC_SD_COMM_text.csv
========================================
🔋 MEASURE ENERGY FINALIZADO
   Fase: fase1_descarga_low_iter14
========================================
✔️ [02:05:56] Medición fase1_descarga_low_iter14 completada
[📦] Archivando resultados → ./historyexecutions/exp(02:06:01)_fase1_low_iter14
[✔] Archivado: ./historyexecutions/exp(02:06:01)_fase1_low_iter14
========================================
🔋 FASE 2: Preparación de servicios (low, iter 14)
========================================
📋 Capturando PIDs (gepidstea.sh)...
📋 Capturando PIDs de contenedores (kpsnodos.sh)...
🔋 [02:06:16] Iniciando medición de energía: fase2_preparacion_low_iter14 (50s)
   PID de medición: 592769
========================================
🔋 MEASURE ENERGY - Fase: fase2_preparacion_low_iter14
   Duración: 50s
   PID: 592769
========================================
=== Medición bloque 50s - Fase: fase2_preparacion_low_iter14 ===
[⏱ 02:06:16] Iniciando ecofloc en nitro5 por 50s (fase: fase2_preparacion_low_iter14)
⏳ Esperando 10s a que CoreDNS se estabilice...
  ├─ [nitro5:sd] start 02:06:17
  ├─ [nitro5:ram] start 02:06:17
  ├─ [nitro5:nic] start 02:06:18
[⏱ 02:06:18] Iniciando ecofloc en aspire por 50s (fase: fase2_preparacion_low_iter14)
  ├─ [nitro5:cpu] start 02:06:18
  ├─ [aspire:sd] start 02:06:18
  ├─ [aspire:ram] start 02:06:18
  ├─ [aspire:nic] start 02:06:18
[⏱ 02:06:18] Iniciando ecofloc en scorpius por 50s (fase: fase2_preparacion_low_iter14)
  ├─ [aspire:cpu] start 02:06:18
  ├─ [scorpius:sd] start 02:06:18
  ├─ [scorpius:ram] start 02:06:18
[⏱ 02:06:18] Iniciando ecofloc en leo por 50s (fase: fase2_preparacion_low_iter14)
  ├─ [scorpius:cpu] start 02:06:18
  ├─ [leo:sd] start 02:06:18
  ├─ [scorpius:nic] start 02:06:18
  ├─ [leo:ram] start 02:06:18
  ├─ [leo:nic] start 02:06:18
  ├─ [leo:cpu] start 02:06:18
➡️ Pod WebUI: teastore-webui-ff7768544-j9c6c
➡️ Está en el nodo: luish-nitro-an515-57
🌐 IP del nodo WebUI: 192.168.18.27
⏳ Verificando estado del TeaStore en http://192.168.18.27:30080/tools.descartes.teastore.webui/status ...
   ➤ Estado actual: 5 / 5 servicios OK
✔ TODOS los servicios del TeaStore están OK. Continuando...
⏳ [02:06:29] Esperando que termine medición: fase2_preparacion_low_iter14 (PID: 592769)
  └─ [nitro5:sd] end 02:07:07
  └─ [nitro5:ram] end 02:07:07
  └─ [nitro5:nic] end 02:07:08
  └─ [nitro5:cpu] end 02:07:08
  └─ [aspire:sd] end 02:07:09
  └─ [aspire:cpu] end 02:07:09
  └─ [scorpius:cpu] end 02:07:10
  └─ [leo:cpu] end 02:07:10
  └─ [leo:sd] end 02:07:10
  └─ [aspire:nic] end 02:07:10
  └─ [aspire:ram] end 02:07:10
  └─ [scorpius:nic] end 02:07:10
  └─ [scorpius:sd] end 02:07:10
  └─ [leo:nic] end 02:07:10
  └─ [leo:ram] end 02:07:11
  └─ [scorpius:ram] end 02:07:11
=== Bloque 50s terminado - Fase: fase2_preparacion_low_iter14 ===
[🧹] Limpiando CSVs internos de ecofloc en cada nodo (fase: fase2_preparacion_low_iter14)...
  ✔ [nitro5:cpu] limpiado /home/luish/Documents/p3/ecofloc2/ecofloc/ecofloc-cpu/ECOFLOC_CPU_COMM_text.csv
  ✔ [nitro5:nic] limpiado /home/luish/Documents/p3/ecofloc2/ecofloc/ecofloc-nic/ECOFLOC_NIC_COMM_text.csv
  ✔ [nitro5:ram] limpiado /home/luish/Documents/p3/ecofloc2/ecofloc/ecofloc-ram/ECOFLOC_RAM_COMM_text.csv
  ✔ [nitro5:sd] limpiado /home/luish/Documents/p3/ecofloc2/ecofloc/ecofloc-sd/ECOFLOC_SD_COMM_text.csv
  ✔ [leo:cpu] limpiado /home/leo/ecofloc/ecofloc-cpu/ECOFLOC_CPU_COMM_text.csv
  ✔ [leo:nic] limpiado /home/leo/ecofloc/ecofloc-nic/ECOFLOC_NIC_COMM_text.csv
  ✔ [leo:ram] limpiado /home/leo/ecofloc/ecofloc-ram/ECOFLOC_RAM_COMM_text.csv
  ✔ [leo:sd] limpiado /home/leo/ecofloc/ecofloc-sd/ECOFLOC_SD_COMM_text.csv
  ✔ [aspire:cpu] limpiado /home/luish/Documents/p3/ecofloc2/ecofloc/ecofloc-cpu/ECOFLOC_CPU_COMM_text.csv
  ✔ [aspire:nic] limpiado /home/luish/Documents/p3/ecofloc2/ecofloc/ecofloc-nic/ECOFLOC_NIC_COMM_text.csv
  ✔ [aspire:ram] limpiado /home/luish/Documents/p3/ecofloc2/ecofloc/ecofloc-ram/ECOFLOC_RAM_COMM_text.csv
  ✔ [aspire:sd] limpiado /home/luish/Documents/p3/ecofloc2/ecofloc/ecofloc-sd/ECOFLOC_SD_COMM_text.csv
  ✔ [scorpius:cpu] limpiado /home/scorpius03/Documents/ecofloc/ecofloc-cpu/ECOFLOC_CPU_COMM_text.csv
  ✔ [scorpius:nic] limpiado /home/scorpius03/Documents/ecofloc/ecofloc-nic/ECOFLOC_NIC_COMM_text.csv
  ✔ [scorpius:ram] limpiado /home/scorpius03/Documents/ecofloc/ecofloc-ram/ECOFLOC_RAM_COMM_text.csv
  ✔ [scorpius:sd] limpiado /home/scorpius03/Documents/ecofloc/ecofloc-sd/ECOFLOC_SD_COMM_text.csv
========================================
🔋 MEASURE ENERGY FINALIZADO
   Fase: fase2_preparacion_low_iter14
========================================
✔️ [02:07:14] Medición fase2_preparacion_low_iter14 completada
[📦] Archivando resultados → ./historyexecutions/exp(02:07:19)_fase2_low_iter14
[✔] Archivado: ./historyexecutions/exp(02:07:19)_fase2_low_iter14
========================================
🔋 FASE 3: Ejecución de carga (low, iter 14)
========================================
📋 Capturando PIDs (gepidstea.sh)...
📋 Capturando PIDs de contenedores (kpsnodos.sh)...
🔋 [02:07:40] Iniciando medición de energía: fase3_carga_low_iter14 (145s)
   PID de medición: 733484
=== Escenario low (iter 14) ===
========================================
🔋 MEASURE ENERGY - Fase: fase3_carga_low_iter14
   Duración: 145s
   PID: 733484
========================================
=== Medición bloque 145s - Fase: fase3_carga_low_iter14 ===
🚀 Iniciando LIMBO con profile=/home/luish/Documents/death/teastore/TeaStore/examples/httploadgenerator/increasingLowIntensity.csv y script=/home/luish/Documents/death/teastore/TeaStore/examples/httploadgenerator/teastore_buy.lua
[⏱ 02:07:40] Iniciando ecofloc en nitro5 por 145s (fase: fase3_carga_low_iter14)
Feb 26, 2026 2:07:40 AM tools.descartes.dlim.httploadgenerator.runner.Director executeDirector
WARNING: No power measurements
Feb 26, 2026 2:07:40 AM tools.descartes.dlim.httploadgenerator.runner.Director executeDirector
INFO: Load Generator Thread Count set to 64
Feb 26, 2026 2:07:40 AM tools.descartes.dlim.httploadgenerator.runner.Director executeDirector
INFO: URL connection timout set to 30000 ms
Feb 26, 2026 2:07:40 AM tools.descartes.dlim.httploadgenerator.runner.Director executeDirector
INFO: Using Lua Script: /home/luish/Documents/death/teastore/TeaStore/examples/httploadgenerator/teastore_buy.lua
Feb 26, 2026 2:07:40 AM tools.descartes.dlim.httploadgenerator.runner.Director process
INFO: Read 120 Arrival Rate Tuples
Load Generator sent: ok
Feb 26, 2026 2:07:40 AM tools.descartes.dlim.httploadgenerator.runner.Director process
INFO: Arrival Rates sent to Load Generator(s).
Load Generator sent: ok
Feb 26, 2026 2:07:40 AM tools.descartes.dlim.httploadgenerator.runner.Director process
INFO: Thread Count sent to Load Generator(s): 64
Load Generator sent: ok
Feb 26, 2026 2:07:40 AM tools.descartes.dlim.httploadgenerator.runner.Director process
INFO: URL connection timeout sent to Load Generator(s): 30000
Load Generator sent: ok
Feb 26, 2026 2:07:40 AM tools.descartes.dlim.httploadgenerator.runner.Director process
INFO: Contents of script sent to Load Generator: /home/luish/Documents/death/teastore/TeaStore/examples/httploadgenerator/teastore_buy.lua
Feb 26, 2026 2:07:40 AM tools.descartes.dlim.httploadgenerator.runner.Director process
INFO: Starting Load Generation
Beginning Run @1772089660557(26.02.2026;02:07:40557)
Target Time = 0.5; Load Intensity = 0.0; #Success = 0; #Failed = 0; #Dropped = 0
  ├─ [nitro5:sd] start 02:07:40
  ├─ [nitro5:ram] start 02:07:41
  ├─ [nitro5:nic] start 02:07:41
[⏱ 02:07:42] Iniciando ecofloc en aspire por 145s (fase: fase3_carga_low_iter14)
  ├─ [nitro5:cpu] start 02:07:42
  ├─ [aspire:sd] start 02:07:42
  ├─ [aspire:ram] start 02:07:42
[⏱ 02:07:42] Iniciando ecofloc en scorpius por 145s (fase: fase3_carga_low_iter14)
  ├─ [aspire:nic] start 02:07:42
  ├─ [aspire:cpu] start 02:07:42
  ├─ [scorpius:nic] start 02:07:42
  ├─ [scorpius:ram] start 02:07:42
[⏱ 02:07:42] Iniciando ecofloc en leo por 145s (fase: fase3_carga_low_iter14)
  ├─ [scorpius:sd] start 02:07:42
  ├─ [scorpius:cpu] start 02:07:42
  ├─ [leo:ram] start 02:07:42
  ├─ [leo:sd] start 02:07:42
  ├─ [leo:nic] start 02:07:42
  ├─ [leo:cpu] start 02:07:42
Target Time = 1.5; Load Intensity = 1.0; #Success = 0; #Failed = 0; #Dropped = 0
Target Time = 2.5; Load Intensity = 2.0; #Success = 0; #Failed = 0; #Dropped = 0
Target Time = 3.5; Load Intensity = 2.0; #Success = 5; #Failed = 0; #Dropped = 0
Target Time = 4.5; Load Intensity = 3.0; #Success = 3; #Failed = 0; #Dropped = 0
Target Time = 5.5; Load Intensity = 4.0; #Success = 4; #Failed = 0; #Dropped = 0
Target Time = 6.5; Load Intensity = 5.0; #Success = 4; #Failed = 0; #Dropped = 0
Target Time = 7.5; Load Intensity = 6.0; #Success = 7; #Failed = 0; #Dropped = 0
Target Time = 8.5; Load Intensity = 7.0; #Success = 7; #Failed = 0; #Dropped = 0
Target Time = 9.5; Load Intensity = 7.0; #Success = 4; #Failed = 0; #Dropped = 0
Target Time = 10.5; Load Intensity = 8.0; #Success = 7; #Failed = 0; #Dropped = 0
Target Time = 11.5; Load Intensity = 9.0; #Success = 7; #Failed = 0; #Dropped = 0
Target Time = 12.5; Load Intensity = 10.0; #Success = 7; #Failed = 0; #Dropped = 0
Target Time = 13.5; Load Intensity = 11.0; #Success = 3; #Failed = 0; #Dropped = 0
Target Time = 14.5; Load Intensity = 12.0; #Success = 6; #Failed = 0; #Dropped = 0
Target Time = 15.5; Load Intensity = 12.0; #Success = 7; #Failed = 0; #Dropped = 0
Target Time = 16.5; Load Intensity = 13.0; #Success = 8; #Failed = 0; #Dropped = 0
Target Time = 17.5; Load Intensity = 14.0; #Success = 0; #Failed = 0; #Dropped = 0
Target Time = 18.5; Load Intensity = 15.0; #Success = 3; #Failed = 0; #Dropped = 0
Target Time = 19.5; Load Intensity = 16.0; #Success = 4; #Failed = 0; #Dropped = 0
Target Time = 20.5; Load Intensity = 17.0; #Success = 4; #Failed = 0; #Dropped = 0
Target Time = 21.5; Load Intensity = 17.0; #Success = 6; #Failed = 0; #Dropped = 0
Target Time = 22.5; Load Intensity = 18.0; #Success = 1; #Failed = 33; #Dropped = 0
Target Time = 23.5; Load Intensity = 19.0; #Success = 3; #Failed = 9; #Dropped = 0
Target Time = 24.5; Load Intensity = 20.0; #Success = 3; #Failed = 0; #Dropped = 0
Target Time = 25.5; Load Intensity = 21.0; #Success = 6; #Failed = 0; #Dropped = 0
Target Time = 26.5; Load Intensity = 22.0; #Success = 4; #Failed = 0; #Dropped = 0
Target Time = 27.5; Load Intensity = 22.0; #Success = 4; #Failed = 0; #Dropped = 0
Target Time = 28.5; Load Intensity = 23.0; #Success = 6; #Failed = 0; #Dropped = 0
Target Time = 29.5; Load Intensity = 24.0; #Success = 2; #Failed = 5; #Dropped = 0
Target Time = 30.5; Load Intensity = 25.0; #Success = 5; #Failed = 0; #Dropped = 0
Target Time = 31.5; Load Intensity = 26.0; #Success = 5; #Failed = 0; #Dropped = 0
Target Time = 32.5; Load Intensity = 27.0; #Success = 0; #Failed = 0; #Dropped = 0
Target Time = 33.5; Load Intensity = 27.0; #Success = 1; #Failed = 0; #Dropped = 0
Target Time = 34.5; Load Intensity = 28.0; #Success = 0; #Failed = 0; #Dropped = 0
Target Time = 35.5; Load Intensity = 29.0; #Success = 0; #Failed = 0; #Dropped = 0
Target Time = 36.5; Load Intensity = 30.0; #Success = 1; #Failed = 4; #Dropped = 0
Target Time = 37.5; Load Intensity = 31.0; #Success = 1; #Failed = 9; #Dropped = 0
Target Time = 38.5; Load Intensity = 32.0; #Success = 0; #Failed = 14; #Dropped = 0
Target Time = 39.5; Load Intensity = 32.0; #Success = 0; #Failed = 4; #Dropped = 0
Target Time = 40.5; Load Intensity = 33.0; #Success = 0; #Failed = 12; #Dropped = 0
Target Time = 41.5; Load Intensity = 34.0; #Success = 0; #Failed = 13; #Dropped = 0
Target Time = 42.5; Load Intensity = 35.0; #Success = 0; #Failed = 9; #Dropped = 0
Target Time = 43.5; Load Intensity = 36.0; #Success = 0; #Failed = 5; #Dropped = 0
Target Time = 44.5; Load Intensity = 37.0; #Success = 0; #Failed = 14; #Dropped = 0
Target Time = 45.5; Load Intensity = 37.0; #Success = 0; #Failed = 16; #Dropped = 0
Target Time = 46.5; Load Intensity = 38.0; #Success = 0; #Failed = 5; #Dropped = 0
Target Time = 47.5; Load Intensity = 39.0; #Success = 0; #Failed = 16; #Dropped = 0
Target Time = 48.5; Load Intensity = 40.0; #Success = 0; #Failed = 13; #Dropped = 0
Target Time = 49.5; Load Intensity = 41.0; #Success = 0; #Failed = 9; #Dropped = 0
Target Time = 50.5; Load Intensity = 42.0; #Success = 0; #Failed = 8; #Dropped = 0
Target Time = 51.5; Load Intensity = 42.0; #Success = 0; #Failed = 18; #Dropped = 0
Target Time = 52.5; Load Intensity = 43.0; #Success = 0; #Failed = 13; #Dropped = 0
Target Time = 53.5; Load Intensity = 44.0; #Success = 4; #Failed = 19; #Dropped = 0
Target Time = 54.5; Load Intensity = 45.0; #Success = 12; #Failed = 7; #Dropped = 0
Target Time = 55.5; Load Intensity = 46.0; #Success = 5; #Failed = 13; #Dropped = 0
Target Time = 56.5; Load Intensity = 47.0; #Success = 5; #Failed = 10; #Dropped = 0
Target Time = 57.5; Load Intensity = 47.0; #Success = 7; #Failed = 10; #Dropped = 0
Target Time = 58.5; Load Intensity = 48.0; #Success = 4; #Failed = 1; #Dropped = 0
Target Time = 59.5; Load Intensity = 49.0; #Success = 6; #Failed = 7; #Dropped = 0
Target Time = 60.5; Load Intensity = 50.0; #Success = 0; #Failed = 4; #Dropped = 0
Target Time = 61.5; Load Intensity = 51.0; #Success = 1; #Failed = 15; #Dropped = 0
Target Time = 62.5; Load Intensity = 52.0; #Success = 0; #Failed = 9; #Dropped = 0
Target Time = 63.5; Load Intensity = 52.0; #Success = 0; #Failed = 18; #Dropped = 0
Target Time = 64.5; Load Intensity = 53.0; #Success = 0; #Failed = 0; #Dropped = 0
Target Time = 65.5; Load Intensity = 54.0; #Success = 2; #Failed = 0; #Dropped = 0
Target Time = 66.5; Load Intensity = 55.0; #Success = 2; #Failed = 0; #Dropped = 0
Target Time = 67.5; Load Intensity = 56.0; #Success = 4; #Failed = 0; #Dropped = 0
Target Time = 68.5; Load Intensity = 57.0; #Success = 0; #Failed = 0; #Dropped = 0
Target Time = 69.5; Load Intensity = 57.0; #Success = 1; #Failed = 0; #Dropped = 29
Target Time = 70.5; Load Intensity = 58.0; #Success = 2; #Failed = 0; #Dropped = 38
Target Time = 71.5; Load Intensity = 59.0; #Success = 1; #Failed = 0; #Dropped = 19
Target Time = 72.5; Load Intensity = 60.0; #Success = 0; #Failed = 0; #Dropped = 0
Target Time = 73.5; Load Intensity = 61.0; #Success = 0; #Failed = 0; #Dropped = 0
Target Time = 74.5; Load Intensity = 62.0; #Success = 1; #Failed = 1; #Dropped = 130
Target Time = 75.5; Load Intensity = 62.0; #Success = 0; #Failed = 0; #Dropped = 0
Target Time = 76.5; Load Intensity = 63.0; #Success = 0; #Failed = 0; #Dropped = 0
Target Time = 77.5; Load Intensity = 64.0; #Success = 0; #Failed = 0; #Dropped = 0
Target Time = 78.5; Load Intensity = 65.0; #Success = 0; #Failed = 0; #Dropped = 0
Target Time = 79.5; Load Intensity = 66.0; #Success = 0; #Failed = 11; #Dropped = 171
Target Time = 80.5; Load Intensity = 67.0; #Success = 0; #Failed = 0; #Dropped = 0
Target Time = 81.5; Load Intensity = 67.0; #Success = 0; #Failed = 16; #Dropped = 75
Target Time = 82.5; Load Intensity = 68.0; #Success = 0; #Failed = 2; #Dropped = 39
Target Time = 83.5; Load Intensity = 69.0; #Success = 0; #Failed = 14; #Dropped = 22
Target Time = 84.5; Load Intensity = 70.0; #Success = 0; #Failed = 0; #Dropped = 0
Target Time = 85.5; Load Intensity = 71.0; #Success = 0; #Failed = 0; #Dropped = 0
Target Time = 86.5; Load Intensity = 72.0; #Success = 0; #Failed = 0; #Dropped = 0
Target Time = 87.5; Load Intensity = 72.0; #Success = 1; #Failed = 0; #Dropped = 191
Target Time = 88.5; Load Intensity = 73.0; #Success = 0; #Failed = 0; #Dropped = 0
Target Time = 89.5; Load Intensity = 74.0; #Success = 1; #Failed = 0; #Dropped = 102
Target Time = 90.5; Load Intensity = 75.0; #Success = 0; #Failed = 31; #Dropped = 51
Target Time = 91.5; Load Intensity = 76.0; #Success = 2; #Failed = 13; #Dropped = 22
Target Time = 92.5; Load Intensity = 77.0; #Success = 0; #Failed = 0; #Dropped = 0
Target Time = 93.5; Load Intensity = 77.0; #Success = 3; #Failed = 0; #Dropped = 67
Target Time = 94.5; Load Intensity = 78.0; #Success = 12; #Failed = 0; #Dropped = 60
Target Time = 95.5; Load Intensity = 79.0; #Success = 1; #Failed = 0; #Dropped = 49
Target Time = 96.5; Load Intensity = 80.0; #Success = 0; #Failed = 9; #Dropped = 6
Target Time = 97.5; Load Intensity = 81.0; #Success = 0; #Failed = 0; #Dropped = 0
Target Time = 98.5; Load Intensity = 82.0; #Success = 0; #Failed = 0; #Dropped = 0
Target Time = 99.5; Load Intensity = 82.0; #Success = 0; #Failed = 0; #Dropped = 0
Target Time = 100.5; Load Intensity = 83.0; #Success = 0; #Failed = 18; #Dropped = 276
Target Time = 101.5; Load Intensity = 84.0; #Success = 0; #Failed = 2; #Dropped = 0
Target Time = 102.5; Load Intensity = 85.0; #Success = 0; #Failed = 2; #Dropped = 99
Target Time = 103.5; Load Intensity = 86.0; #Success = 0; #Failed = 10; #Dropped = 0
Target Time = 104.5; Load Intensity = 87.0; #Success = 0; #Failed = 22; #Dropped = 90
Target Time = 105.5; Load Intensity = 87.0; #Success = 0; #Failed = 14; #Dropped = 60
Target Time = 106.5; Load Intensity = 88.0; #Success = 0; #Failed = 28; #Dropped = 43
Target Time = 107.5; Load Intensity = 89.0; #Success = 0; #Failed = 13; #Dropped = 42
Target Time = 108.5; Load Intensity = 90.0; #Success = 0; #Failed = 21; #Dropped = 47
Target Time = 109.5; Load Intensity = 91.0; #Success = 0; #Failed = 24; #Dropped = 47
Target Time = 110.5; Load Intensity = 92.0; #Success = 0; #Failed = 12; #Dropped = 47
Target Time = 111.5; Load Intensity = 92.0; #Success = 0; #Failed = 25; #Dropped = 54
Target Time = 112.5; Load Intensity = 93.0; #Success = 0; #Failed = 24; #Dropped = 44
Target Time = 113.5; Load Intensity = 94.0; #Success = 0; #Failed = 13; #Dropped = 47
Target Time = 114.5; Load Intensity = 95.0; #Success = 0; #Failed = 0; #Dropped = 0
Target Time = 115.5; Load Intensity = 96.0; #Success = 0; #Failed = 50; #Dropped = 107
Target Time = 116.5; Load Intensity = 97.0; #Success = 0; #Failed = 16; #Dropped = 17
Target Time = 117.5; Load Intensity = 97.0; #Success = 0; #Failed = 30; #Dropped = 48
Target Time = 118.5; Load Intensity = 98.0; #Success = 0; #Failed = 4; #Dropped = 58
Target Time = 119.5; Load Intensity = 99.0; #Success = 0; #Failed = 33; #Dropped = 59
Target Time = 120.5; Load Intensity = 0.0; #Success = 0; #Failed = 35; #Dropped = 42
Target Time = 121.5; Load Intensity = 0.0; #Success = 0; #Failed = 18; #Dropped = 36
Target Time = 122.5; Load Intensity = 0.0; #Success = 0; #Failed = 0; #Dropped = 0
Target Time = 123.5; Load Intensity = 0.0; #Success = 0; #Failed = 0; #Dropped = 0
Target Time = 124.5; Load Intensity = 0.0; #Success = 0; #Failed = 0; #Dropped = 0
Target Time = 125.5; Load Intensity = 0.0; #Success = 0; #Failed = 0; #Dropped = 0
Target Time = 126.5; Load Intensity = 0.0; #Success = 0; #Failed = 0; #Dropped = 0
Target Time = 127.5; Load Intensity = 0.0; #Success = 0; #Failed = 0; #Dropped = 0
Target Time = 128.5; Load Intensity = 0.0; #Success = 0; #Failed = 0; #Dropped = 0
Target Time = 129.5; Load Intensity = 0.0; #Success = 0; #Failed = 11; #Dropped = 647
Target Time = 130.5; Load Intensity = 0.0; #Success = 0; #Failed = 0; #Dropped = 0
Target Time = 131.5; Load Intensity = 0.0; #Success = 0; #Failed = 8; #Dropped = 129
Target Time = 132.5; Load Intensity = 0.0; #Success = 0; #Failed = 11; #Dropped = 76
Target Time = 133.5; Load Intensity = 0.0; #Success = 0; #Failed = 0; #Dropped = 0
Target Time = 134.5; Load Intensity = 0.0; #Success = 0; #Failed = 3; #Dropped = 166
Target Time = 135.5; Load Intensity = 0.0; #Success = 0; #Failed = 16; #Dropped = 73
Target Time = 136.5; Load Intensity = 0.0; #Success = 0; #Failed = 7; #Dropped = 82
Target Time = 137.5; Load Intensity = 0.0; #Success = 0; #Failed = 4; #Dropped = 75
Target Time = 138.5; Load Intensity = 0.0; #Success = 0; #Failed = 2; #Dropped = 48
Target Time = 139.5; Load Intensity = 0.0; #Success = 0; #Failed = 1; #Dropped = 127
Target Time = 140.5; Load Intensity = 0.0; #Success = 0; #Failed = 5; #Dropped = 93
Target Time = 141.5; Load Intensity = 0.0; #Success = 0; #Failed = 0; #Dropped = 0
Target Time = 142.5; Load Intensity = 0.0; #Success = 0; #Failed = 0; #Dropped = 0
Target Time = 143.5; Load Intensity = 0.0; #Success = 0; #Failed = 0; #Dropped = 0
Target Time = 144.5; Load Intensity = 0.0; #Success = 0; #Failed = 0; #Dropped = 0
  └─ [nitro5:sd] end 02:10:05
Target Time = 145.5; Load Intensity = 0.0; #Success = 0; #Failed = 3; #Dropped = 467
  └─ [nitro5:ram] end 02:10:06
  └─ [nitro5:nic] end 02:10:06
  └─ [nitro5:cpu] end 02:10:07
Target Time = 146.5; Load Intensity = 0.0; #Success = 0; #Failed = 4; #Dropped = 86
Target Time = 147.5; Load Intensity = 0.0; #Success = 0; #Failed = 5; #Dropped = 96
Target Time = 148.5; Load Intensity = 0.0; #Success = 0; #Failed = 19; #Dropped = 90
Target Time = 149.5; Load Intensity = 0.0; #Success = 1; #Failed = 18; #Dropped = 91
  └─ [scorpius:nic] end 02:10:10
Target Time = 150.5; Load Intensity = 0.0; #Success = 3; #Failed = 3; #Dropped = 10
Target Time = 151.5; Load Intensity = 0.0; #Success = 1; #Failed = 4; #Dropped = 0
Target Time = 152.5; Load Intensity = 0.0; #Success = 0; #Failed = 7; #Dropped = 0
Target Time = 153.5; Load Intensity = 0.0; #Success = 0; #Failed = 1; #Dropped = 0
Target Time = 154.5; Load Intensity = 0.0; #Success = 0; #Failed = 4; #Dropped = 0
  └─ [scorpius:sd] end 02:10:16
Target Time = 155.5; Load Intensity = 0.0; #Success = 0; #Failed = 5; #Dropped = 0
Target Time = 156.5; Load Intensity = 0.0; #Success = 0; #Failed = 1; #Dropped = 0
  └─ [scorpius:cpu] end 02:10:17
  └─ [scorpius:ram] end 02:10:17
  └─ [aspire:nic] end 02:10:18
Target Time = 157.5; Load Intensity = 0.0; #Success = 0; #Failed = 0; #Dropped = 0
Target Time = 158.5; Load Intensity = 0.0; #Success = 0; #Failed = 0; #Dropped = 0
Target Time = 159.5; Load Intensity = 0.0; #Success = 0; #Failed = 0; #Dropped = 0
Target Time = 160.5; Load Intensity = 0.0; #Success = 0; #Failed = 0; #Dropped = 0
Target Time = 161.5; Load Intensity = 0.0; #Success = 0; #Failed = 0; #Dropped = 0
Target Time = 162.5; Load Intensity = 0.0; #Success = 0; #Failed = 12; #Dropped = 0
  └─ [aspire:cpu] end 02:10:24
Target Time = 163.5; Load Intensity = 0.0; #Success = 0; #Failed = 0; #Dropped = 0
  └─ [aspire:sd] end 02:10:24
  └─ [aspire:ram] end 02:10:24
Target Time = 164.5; Load Intensity = 0.0; #Success = 0; #Failed = 5; #Dropped = 0
Target Time = 165.5; Load Intensity = 0.0; #Success = 0; #Failed = 3; #Dropped = 0
Target Time = 166.5; Load Intensity = 0.0; #Success = 0; #Failed = 6; #Dropped = 0
Target Time = 167.5; Load Intensity = 0.0; #Success = 0; #Failed = 1; #Dropped = 0
Target Time = 168.5; Load Intensity = 0.0; #Success = 0; #Failed = 0; #Dropped = 0
Target Time = 169.5; Load Intensity = 0.0; #Success = 0; #Failed = 0; #Dropped = 0
Target Time = 170.5; Load Intensity = 0.0; #Success = 0; #Failed = 0; #Dropped = 0
Target Time = 171.5; Load Intensity = 0.0; #Success = 0; #Failed = 1; #Dropped = 0
Target Time = 172.5; Load Intensity = 0.0; #Success = 0; #Failed = 0; #Dropped = 0
Target Time = 173.5; Load Intensity = 0.0; #Success = 0; #Failed = 0; #Dropped = 0
Target Time = 174.5; Load Intensity = 0.0; #Success = 0; #Failed = 0; #Dropped = 0
Target Time = 175.5; Load Intensity = 0.0; #Success = 0; #Failed = 1; #Dropped = 0
Target Time = 176.5; Load Intensity = 0.0; #Success = 0; #Failed = 0; #Dropped = 0
Target Time = 177.5; Load Intensity = 0.0; #Success = 1; #Failed = 0; #Dropped = 0
Target Time = 178.5; Load Intensity = 0.0; #Success = 3; #Failed = 0; #Dropped = 0
Target Time = 179.5; Load Intensity = 0.0; #Success = 2; #Failed = 0; #Dropped = 0
Workload finished.
Log finished.
📄 LIMBO finalizado para scenario=low
⏳ [02:10:45] Esperando que termine medición: fase3_carga_low_iter14 (PID: 733484)
  └─ [leo:nic] end 02:10:46
  └─ [leo:ram] end 02:10:48
  └─ [leo:cpu] end 02:10:49
  └─ [leo:sd] end 02:10:53
=== Bloque 145s terminado - Fase: fase3_carga_low_iter14 ===
[🧹] Limpiando CSVs internos de ecofloc en cada nodo (fase: fase3_carga_low_iter14)...
  ✔ [nitro5:cpu] limpiado /home/luish/Documents/p3/ecofloc2/ecofloc/ecofloc-cpu/ECOFLOC_CPU_COMM_text.csv
  ✔ [nitro5:nic] limpiado /home/luish/Documents/p3/ecofloc2/ecofloc/ecofloc-nic/ECOFLOC_NIC_COMM_text.csv
  ✔ [nitro5:ram] limpiado /home/luish/Documents/p3/ecofloc2/ecofloc/ecofloc-ram/ECOFLOC_RAM_COMM_text.csv
  ✔ [nitro5:sd] limpiado /home/luish/Documents/p3/ecofloc2/ecofloc/ecofloc-sd/ECOFLOC_SD_COMM_text.csv
  ✔ [leo:cpu] limpiado /home/leo/ecofloc/ecofloc-cpu/ECOFLOC_CPU_COMM_text.csv
  ✔ [leo:nic] limpiado /home/leo/ecofloc/ecofloc-nic/ECOFLOC_NIC_COMM_text.csv
  ✔ [leo:ram] limpiado /home/leo/ecofloc/ecofloc-ram/ECOFLOC_RAM_COMM_text.csv
  ✔ [leo:sd] limpiado /home/leo/ecofloc/ecofloc-sd/ECOFLOC_SD_COMM_text.csv
  ✔ [aspire:cpu] limpiado /home/luish/Documents/p3/ecofloc2/ecofloc/ecofloc-cpu/ECOFLOC_CPU_COMM_text.csv
  ✔ [aspire:nic] limpiado /home/luish/Documents/p3/ecofloc2/ecofloc/ecofloc-nic/ECOFLOC_NIC_COMM_text.csv
  ✔ [aspire:ram] limpiado /home/luish/Documents/p3/ecofloc2/ecofloc/ecofloc-ram/ECOFLOC_RAM_COMM_text.csv
  ✔ [aspire:sd] limpiado /home/luish/Documents/p3/ecofloc2/ecofloc/ecofloc-sd/ECOFLOC_SD_COMM_text.csv
  ✔ [scorpius:cpu] limpiado /home/scorpius03/Documents/ecofloc/ecofloc-cpu/ECOFLOC_CPU_COMM_text.csv
  ✔ [scorpius:nic] limpiado /home/scorpius03/Documents/ecofloc/ecofloc-nic/ECOFLOC_NIC_COMM_text.csv
  ✔ [scorpius:ram] limpiado /home/scorpius03/Documents/ecofloc/ecofloc-ram/ECOFLOC_RAM_COMM_text.csv
  ✔ [scorpius:sd] limpiado /home/scorpius03/Documents/ecofloc/ecofloc-sd/ECOFLOC_SD_COMM_text.csv
========================================
🔋 MEASURE ENERGY FINALIZADO
   Fase: fase3_carga_low_iter14
========================================
✔️ [02:10:57] Medición fase3_carga_low_iter14 completada
[📦] Archivando resultados → ./historyexecutions/exp(02:11:02)_fase3_low_iter14
[✔] Archivado: ./historyexecutions/exp(02:11:02)_fase3_low_iter14
🧹 Limpiando TeaStore (iter 14)...
⏸ Esperando 15s para limpieza completa...
✅ Iteración 14 / 15 del escenario low completada.

########################################################
🔄 ESCENARIO: low | ITERACIÓN: 15 / 15
   Hora: 02:11:49
########################################################
========================================
🔋 FASE 1: Descarga de imágenes (low, iter 15)
========================================
📋 Capturando PIDs (gepidstea.sh)...
📋 Capturando PIDs de contenedores (kpsnodos.sh)...
🔋 [02:12:09] Iniciando medición de energía: fase1_descarga_low_iter15 (25s)
   PID de medición: 1114959
🚀 Desplegando TeaStore desde /home/luish/Documents/death/teastore/TeaStore/examples/kubernetes/teastore-energy-scheduler.yaml...
========================================
🔋 MEASURE ENERGY - Fase: fase1_descarga_low_iter15
   Duración: 25s
   PID: 1114959
========================================
=== Medición bloque 25s - Fase: fase1_descarga_low_iter15 ===
[⏱ 02:12:09] Iniciando ecofloc en nitro5 por 25s (fase: fase1_descarga_low_iter15)
⏳ Esperando a que todos los pods de TeaStore estén Running y Ready...
  ├─ [nitro5:sd] start 02:12:09
  ├─ [nitro5:ram] start 02:12:10
  ├─ [nitro5:nic] start 02:12:10
[⏱ 02:12:10] Iniciando ecofloc en aspire por 25s (fase: fase1_descarga_low_iter15)
  ├─ [nitro5:cpu] start 02:12:10
  ├─ [aspire:sd] start 02:12:10
  ├─ [aspire:ram] start 02:12:10
  ├─ [aspire:nic] start 02:12:10
[⏱ 02:12:10] Iniciando ecofloc en scorpius por 25s (fase: fase1_descarga_low_iter15)
  ├─ [aspire:cpu] start 02:12:10
  ├─ [scorpius:sd] start 02:12:10
  ├─ [scorpius:ram] start 02:12:10
[⏱ 02:12:10] Iniciando ecofloc en leo por 25s (fase: fase1_descarga_low_iter15)
  ├─ [scorpius:cpu] start 02:12:10
  ├─ [leo:sd] start 02:12:10
  ├─ [scorpius:nic] start 02:12:10
  ├─ [leo:ram] start 02:12:10
  ├─ [leo:cpu] start 02:12:10
  ├─ [leo:nic] start 02:12:10
✅ Pods listos.
⏳ [02:12:12] Esperando que termine medición: fase1_descarga_low_iter15 (PID: 1114959)
  └─ [nitro5:sd] end 02:12:34
  └─ [nitro5:ram] end 02:12:35
  └─ [nitro5:nic] end 02:12:35
  └─ [nitro5:cpu] end 02:12:35
  └─ [leo:sd] end 02:12:36
  └─ [aspire:cpu] end 02:12:36
  └─ [scorpius:cpu] end 02:12:36
  └─ [aspire:sd] end 02:12:36
  └─ [leo:cpu] end 02:12:36
  └─ [leo:nic] end 02:12:37
  └─ [aspire:nic] end 02:12:37
  └─ [scorpius:sd] end 02:12:37
  └─ [aspire:ram] end 02:12:37
  └─ [scorpius:nic] end 02:12:37
  └─ [scorpius:ram] end 02:12:37
  └─ [leo:ram] end 02:12:38
=== Bloque 25s terminado - Fase: fase1_descarga_low_iter15 ===
[🧹] Limpiando CSVs internos de ecofloc en cada nodo (fase: fase1_descarga_low_iter15)...
  ✔ [nitro5:cpu] limpiado /home/luish/Documents/p3/ecofloc2/ecofloc/ecofloc-cpu/ECOFLOC_CPU_COMM_text.csv
  ✔ [nitro5:nic] limpiado /home/luish/Documents/p3/ecofloc2/ecofloc/ecofloc-nic/ECOFLOC_NIC_COMM_text.csv
  ✔ [nitro5:ram] limpiado /home/luish/Documents/p3/ecofloc2/ecofloc/ecofloc-ram/ECOFLOC_RAM_COMM_text.csv
  ✔ [nitro5:sd] limpiado /home/luish/Documents/p3/ecofloc2/ecofloc/ecofloc-sd/ECOFLOC_SD_COMM_text.csv
  ✔ [leo:cpu] limpiado /home/leo/ecofloc/ecofloc-cpu/ECOFLOC_CPU_COMM_text.csv
  ✔ [leo:nic] limpiado /home/leo/ecofloc/ecofloc-nic/ECOFLOC_NIC_COMM_text.csv
  ✔ [leo:ram] limpiado /home/leo/ecofloc/ecofloc-ram/ECOFLOC_RAM_COMM_text.csv
  ✔ [leo:sd] limpiado /home/leo/ecofloc/ecofloc-sd/ECOFLOC_SD_COMM_text.csv
  ✔ [aspire:cpu] limpiado /home/luish/Documents/p3/ecofloc2/ecofloc/ecofloc-cpu/ECOFLOC_CPU_COMM_text.csv
  ✔ [aspire:nic] limpiado /home/luish/Documents/p3/ecofloc2/ecofloc/ecofloc-nic/ECOFLOC_NIC_COMM_text.csv
  ✔ [aspire:ram] limpiado /home/luish/Documents/p3/ecofloc2/ecofloc/ecofloc-ram/ECOFLOC_RAM_COMM_text.csv
  ✔ [aspire:sd] limpiado /home/luish/Documents/p3/ecofloc2/ecofloc/ecofloc-sd/ECOFLOC_SD_COMM_text.csv
  ✔ [scorpius:cpu] limpiado /home/scorpius03/Documents/ecofloc/ecofloc-cpu/ECOFLOC_CPU_COMM_text.csv
  ✔ [scorpius:nic] limpiado /home/scorpius03/Documents/ecofloc/ecofloc-nic/ECOFLOC_NIC_COMM_text.csv
  ✔ [scorpius:ram] limpiado /home/scorpius03/Documents/ecofloc/ecofloc-ram/ECOFLOC_RAM_COMM_text.csv
  ✔ [scorpius:sd] limpiado /home/scorpius03/Documents/ecofloc/ecofloc-sd/ECOFLOC_SD_COMM_text.csv
========================================
🔋 MEASURE ENERGY FINALIZADO
   Fase: fase1_descarga_low_iter15
========================================
✔️ [02:12:41] Medición fase1_descarga_low_iter15 completada
[📦] Archivando resultados → ./historyexecutions/exp(02:12:46)_fase1_low_iter15
[✔] Archivado: ./historyexecutions/exp(02:12:46)_fase1_low_iter15
========================================
🔋 FASE 2: Preparación de servicios (low, iter 15)
========================================
📋 Capturando PIDs (gepidstea.sh)...
📋 Capturando PIDs de contenedores (kpsnodos.sh)...
🔋 [02:13:06] Iniciando medición de energía: fase2_preparacion_low_iter15 (50s)
   PID de medición: 1177867
========================================
🔋 MEASURE ENERGY - Fase: fase2_preparacion_low_iter15
   Duración: 50s
   PID: 1177867
========================================
=== Medición bloque 50s - Fase: fase2_preparacion_low_iter15 ===
[⏱ 02:13:06] Iniciando ecofloc en nitro5 por 50s (fase: fase2_preparacion_low_iter15)
⏳ Esperando 10s a que CoreDNS se estabilice...
  ├─ [nitro5:sd] start 02:13:06
  ├─ [nitro5:ram] start 02:13:07
  ├─ [nitro5:nic] start 02:13:07
[⏱ 02:13:07] Iniciando ecofloc en aspire por 50s (fase: fase2_preparacion_low_iter15)
  ├─ [nitro5:cpu] start 02:13:07
  ├─ [aspire:sd] start 02:13:07
  ├─ [aspire:ram] start 02:13:07
[⏱ 02:13:07] Iniciando ecofloc en scorpius por 50s (fase: fase2_preparacion_low_iter15)
  ├─ [aspire:nic] start 02:13:07
  ├─ [aspire:cpu] start 02:13:07
  ├─ [scorpius:sd] start 02:13:07
  ├─ [scorpius:ram] start 02:13:07
[⏱ 02:13:07] Iniciando ecofloc en leo por 50s (fase: fase2_preparacion_low_iter15)
  ├─ [scorpius:nic] start 02:13:07
  ├─ [scorpius:cpu] start 02:13:07
  ├─ [leo:ram] start 02:13:07
  ├─ [leo:nic] start 02:13:07
  ├─ [leo:sd] start 02:13:07
  ├─ [leo:cpu] start 02:13:07
➡️ Pod WebUI: teastore-webui-ff7768544-dk2nn
➡️ Está en el nodo: luish-nitro-an515-57
🌐 IP del nodo WebUI: 192.168.18.27
⏳ Verificando estado del TeaStore en http://192.168.18.27:30080/tools.descartes.teastore.webui/status ...
   ➤ Estado actual: 5 / 5 servicios OK
✔ TODOS los servicios del TeaStore están OK. Continuando...
⏳ [02:13:19] Esperando que termine medición: fase2_preparacion_low_iter15 (PID: 1177867)
  └─ [nitro5:sd] end 02:13:56
  └─ [nitro5:ram] end 02:13:57
  └─ [nitro5:nic] end 02:13:57
  └─ [nitro5:cpu] end 02:13:57
  └─ [aspire:cpu] end 02:13:58
  └─ [aspire:sd] end 02:13:58
  └─ [aspire:nic] end 02:13:59
  └─ [leo:cpu] end 02:14:00
  └─ [scorpius:sd] end 02:14:00
  └─ [scorpius:cpu] end 02:14:00
  └─ [leo:nic] end 02:14:00
  └─ [leo:sd] end 02:14:00
  └─ [scorpius:nic] end 02:14:00
  └─ [scorpius:ram] end 02:14:00
  └─ [aspire:ram] end 02:14:01
  └─ [leo:ram] end 02:14:01
=== Bloque 50s terminado - Fase: fase2_preparacion_low_iter15 ===
[🧹] Limpiando CSVs internos de ecofloc en cada nodo (fase: fase2_preparacion_low_iter15)...
  ✔ [nitro5:cpu] limpiado /home/luish/Documents/p3/ecofloc2/ecofloc/ecofloc-cpu/ECOFLOC_CPU_COMM_text.csv
  ✔ [nitro5:nic] limpiado /home/luish/Documents/p3/ecofloc2/ecofloc/ecofloc-nic/ECOFLOC_NIC_COMM_text.csv
  ✔ [nitro5:ram] limpiado /home/luish/Documents/p3/ecofloc2/ecofloc/ecofloc-ram/ECOFLOC_RAM_COMM_text.csv
  ✔ [nitro5:sd] limpiado /home/luish/Documents/p3/ecofloc2/ecofloc/ecofloc-sd/ECOFLOC_SD_COMM_text.csv
  ✔ [leo:cpu] limpiado /home/leo/ecofloc/ecofloc-cpu/ECOFLOC_CPU_COMM_text.csv
  ✔ [leo:nic] limpiado /home/leo/ecofloc/ecofloc-nic/ECOFLOC_NIC_COMM_text.csv
  ✔ [leo:ram] limpiado /home/leo/ecofloc/ecofloc-ram/ECOFLOC_RAM_COMM_text.csv
  ✔ [leo:sd] limpiado /home/leo/ecofloc/ecofloc-sd/ECOFLOC_SD_COMM_text.csv
  ✔ [aspire:cpu] limpiado /home/luish/Documents/p3/ecofloc2/ecofloc/ecofloc-cpu/ECOFLOC_CPU_COMM_text.csv
  ✔ [aspire:nic] limpiado /home/luish/Documents/p3/ecofloc2/ecofloc/ecofloc-nic/ECOFLOC_NIC_COMM_text.csv
  ✔ [aspire:ram] limpiado /home/luish/Documents/p3/ecofloc2/ecofloc/ecofloc-ram/ECOFLOC_RAM_COMM_text.csv
  ✔ [aspire:sd] limpiado /home/luish/Documents/p3/ecofloc2/ecofloc/ecofloc-sd/ECOFLOC_SD_COMM_text.csv
  ✔ [scorpius:cpu] limpiado /home/scorpius03/Documents/ecofloc/ecofloc-cpu/ECOFLOC_CPU_COMM_text.csv
  ✔ [scorpius:nic] limpiado /home/scorpius03/Documents/ecofloc/ecofloc-nic/ECOFLOC_NIC_COMM_text.csv
  ✔ [scorpius:ram] limpiado /home/scorpius03/Documents/ecofloc/ecofloc-ram/ECOFLOC_RAM_COMM_text.csv
  ✔ [scorpius:sd] limpiado /home/scorpius03/Documents/ecofloc/ecofloc-sd/ECOFLOC_SD_COMM_text.csv
========================================
🔋 MEASURE ENERGY FINALIZADO
   Fase: fase2_preparacion_low_iter15
========================================
✔️ [02:14:04] Medición fase2_preparacion_low_iter15 completada
[📦] Archivando resultados → ./historyexecutions/exp(02:14:09)_fase2_low_iter15
[✔] Archivado: ./historyexecutions/exp(02:14:09)_fase2_low_iter15
========================================
🔋 FASE 3: Ejecución de carga (low, iter 15)
========================================
📋 Capturando PIDs (gepidstea.sh)...
📋 Capturando PIDs de contenedores (kpsnodos.sh)...
🔋 [02:14:25] Iniciando medición de energía: fase3_carga_low_iter15 (145s)
   PID de medición: 1313438
=== Escenario low (iter 15) ===
========================================
🔋 MEASURE ENERGY - Fase: fase3_carga_low_iter15
   Duración: 145s
   PID: 1313438
========================================
=== Medición bloque 145s - Fase: fase3_carga_low_iter15 ===
🚀 Iniciando LIMBO con profile=/home/luish/Documents/death/teastore/TeaStore/examples/httploadgenerator/increasingLowIntensity.csv y script=/home/luish/Documents/death/teastore/TeaStore/examples/httploadgenerator/teastore_buy.lua
[⏱ 02:14:25] Iniciando ecofloc en nitro5 por 145s (fase: fase3_carga_low_iter15)
Feb 26, 2026 2:14:25 AM tools.descartes.dlim.httploadgenerator.runner.Director executeDirector
WARNING: No power measurements
Feb 26, 2026 2:14:25 AM tools.descartes.dlim.httploadgenerator.runner.Director executeDirector
INFO: Load Generator Thread Count set to 64
Feb 26, 2026 2:14:25 AM tools.descartes.dlim.httploadgenerator.runner.Director executeDirector
INFO: URL connection timout set to 30000 ms
Feb 26, 2026 2:14:25 AM tools.descartes.dlim.httploadgenerator.runner.Director executeDirector
INFO: Using Lua Script: /home/luish/Documents/death/teastore/TeaStore/examples/httploadgenerator/teastore_buy.lua
Feb 26, 2026 2:14:25 AM tools.descartes.dlim.httploadgenerator.runner.Director process
INFO: Read 120 Arrival Rate Tuples
Load Generator sent: ok
Feb 26, 2026 2:14:25 AM tools.descartes.dlim.httploadgenerator.runner.Director process
INFO: Arrival Rates sent to Load Generator(s).
Load Generator sent: ok
Feb 26, 2026 2:14:25 AM tools.descartes.dlim.httploadgenerator.runner.Director process
INFO: Thread Count sent to Load Generator(s): 64
Load Generator sent: ok
Feb 26, 2026 2:14:25 AM tools.descartes.dlim.httploadgenerator.runner.Director process
INFO: URL connection timeout sent to Load Generator(s): 30000
Load Generator sent: ok
Feb 26, 2026 2:14:26 AM tools.descartes.dlim.httploadgenerator.runner.Director process
INFO: Contents of script sent to Load Generator: /home/luish/Documents/death/teastore/TeaStore/examples/httploadgenerator/teastore_buy.lua
Feb 26, 2026 2:14:26 AM tools.descartes.dlim.httploadgenerator.runner.Director process
INFO: Starting Load Generation
Beginning Run @1772090066045(26.02.2026;02:14:26045)
Target Time = 0.5; Load Intensity = 0.0; #Success = 0; #Failed = 0; #Dropped = 0
  ├─ [nitro5:sd] start 02:14:26
  ├─ [nitro5:ram] start 02:14:26
  ├─ [nitro5:nic] start 02:14:27
[⏱ 02:14:27] Iniciando ecofloc en aspire por 145s (fase: fase3_carga_low_iter15)
  ├─ [nitro5:cpu] start 02:14:27
  ├─ [aspire:sd] start 02:14:27
  ├─ [aspire:ram] start 02:14:27
  ├─ [aspire:nic] start 02:14:27
[⏱ 02:14:27] Iniciando ecofloc en scorpius por 145s (fase: fase3_carga_low_iter15)
  ├─ [aspire:cpu] start 02:14:27
  ├─ [scorpius:sd] start 02:14:27
  ├─ [scorpius:nic] start 02:14:27
  ├─ [scorpius:ram] start 02:14:27
  ├─ [scorpius:cpu] start 02:14:27
[⏱ 02:14:27] Iniciando ecofloc en leo por 145s (fase: fase3_carga_low_iter15)
  ├─ [leo:ram] start 02:14:27
  ├─ [leo:cpu] start 02:14:27
  ├─ [leo:sd] start 02:14:27
  ├─ [leo:nic] start 02:14:27
Target Time = 1.5; Load Intensity = 1.0; #Success = 0; #Failed = 0; #Dropped = 0
Target Time = 2.5; Load Intensity = 2.0; #Success = 0; #Failed = 0; #Dropped = 0
Target Time = 3.5; Load Intensity = 2.0; #Success = 0; #Failed = 0; #Dropped = 0
Target Time = 4.5; Load Intensity = 3.0; #Success = 8; #Failed = 0; #Dropped = 0
Target Time = 5.5; Load Intensity = 4.0; #Success = 4; #Failed = 0; #Dropped = 0
Target Time = 6.5; Load Intensity = 5.0; #Success = 5; #Failed = 0; #Dropped = 0
Target Time = 7.5; Load Intensity = 6.0; #Success = 6; #Failed = 0; #Dropped = 0
Target Time = 8.5; Load Intensity = 7.0; #Success = 7; #Failed = 0; #Dropped = 0
Target Time = 9.5; Load Intensity = 7.0; #Success = 7; #Failed = 0; #Dropped = 0
Target Time = 10.5; Load Intensity = 8.0; #Success = 7; #Failed = 0; #Dropped = 0
Target Time = 11.5; Load Intensity = 9.0; #Success = 10; #Failed = 0; #Dropped = 0
Target Time = 12.5; Load Intensity = 10.0; #Success = 10; #Failed = 0; #Dropped = 0
Target Time = 13.5; Load Intensity = 11.0; #Success = 9; #Failed = 0; #Dropped = 0
Target Time = 14.5; Load Intensity = 12.0; #Success = 12; #Failed = 0; #Dropped = 0
Target Time = 15.5; Load Intensity = 12.0; #Success = 11; #Failed = 0; #Dropped = 0
Target Time = 16.5; Load Intensity = 13.0; #Success = 16; #Failed = 0; #Dropped = 0
Target Time = 17.5; Load Intensity = 14.0; #Success = 14; #Failed = 0; #Dropped = 0
Target Time = 18.5; Load Intensity = 15.0; #Success = 2; #Failed = 0; #Dropped = 0
Target Time = 19.5; Load Intensity = 16.0; #Success = 0; #Failed = 0; #Dropped = 0
Target Time = 20.5; Load Intensity = 17.0; #Success = 0; #Failed = 0; #Dropped = 0
Target Time = 21.5; Load Intensity = 17.0; #Success = 1; #Failed = 0; #Dropped = 0
Target Time = 22.5; Load Intensity = 18.0; #Success = 3; #Failed = 0; #Dropped = 0
Target Time = 23.5; Load Intensity = 19.0; #Success = 5; #Failed = 0; #Dropped = 0
Target Time = 24.5; Load Intensity = 20.0; #Success = 9; #Failed = 0; #Dropped = 0
Target Time = 25.5; Load Intensity = 21.0; #Success = 6; #Failed = 0; #Dropped = 0
Target Time = 26.5; Load Intensity = 22.0; #Success = 3; #Failed = 0; #Dropped = 0
Target Time = 27.5; Load Intensity = 22.0; #Success = 5; #Failed = 0; #Dropped = 0
Target Time = 28.5; Load Intensity = 23.0; #Success = 6; #Failed = 0; #Dropped = 0
Target Time = 29.5; Load Intensity = 24.0; #Success = 2; #Failed = 0; #Dropped = 0
Target Time = 30.5; Load Intensity = 25.0; #Success = 0; #Failed = 0; #Dropped = 0
Target Time = 31.5; Load Intensity = 26.0; #Success = 0; #Failed = 2; #Dropped = 0
Target Time = 32.5; Load Intensity = 27.0; #Success = 0; #Failed = 0; #Dropped = 0
Target Time = 33.5; Load Intensity = 27.0; #Success = 0; #Failed = 0; #Dropped = 0
Target Time = 34.5; Load Intensity = 28.0; #Success = 0; #Failed = 0; #Dropped = 0
Target Time = 35.5; Load Intensity = 29.0; #Success = 0; #Failed = 0; #Dropped = 0
Target Time = 36.5; Load Intensity = 30.0; #Success = 0; #Failed = 1; #Dropped = 0
Target Time = 37.5; Load Intensity = 31.0; #Success = 1; #Failed = 0; #Dropped = 0
Target Time = 38.5; Load Intensity = 32.0; #Success = 3; #Failed = 0; #Dropped = 0
Target Time = 39.5; Load Intensity = 32.0; #Success = 0; #Failed = 0; #Dropped = 0
Target Time = 40.5; Load Intensity = 33.0; #Success = 0; #Failed = 5; #Dropped = 0
Target Time = 41.5; Load Intensity = 34.0; #Success = 0; #Failed = 8; #Dropped = 0
Target Time = 42.5; Load Intensity = 35.0; #Success = 0; #Failed = 11; #Dropped = 0
Target Time = 43.5; Load Intensity = 36.0; #Success = 0; #Failed = 4; #Dropped = 0
Target Time = 44.5; Load Intensity = 37.0; #Success = 0; #Failed = 1; #Dropped = 0
Target Time = 45.5; Load Intensity = 37.0; #Success = 0; #Failed = 0; #Dropped = 0
Target Time = 46.5; Load Intensity = 38.0; #Success = 0; #Failed = 0; #Dropped = 0
Target Time = 47.5; Load Intensity = 39.0; #Success = 0; #Failed = 0; #Dropped = 0
Target Time = 48.5; Load Intensity = 40.0; #Success = 0; #Failed = 0; #Dropped = 0
Target Time = 49.5; Load Intensity = 41.0; #Success = 0; #Failed = 2; #Dropped = 0
Target Time = 50.5; Load Intensity = 42.0; #Success = 1; #Failed = 2; #Dropped = 0
Target Time = 51.5; Load Intensity = 42.0; #Success = 13; #Failed = 0; #Dropped = 0
Target Time = 52.5; Load Intensity = 43.0; #Success = 0; #Failed = 2; #Dropped = 0
Target Time = 53.5; Load Intensity = 44.0; #Success = 0; #Failed = 8; #Dropped = 0
Target Time = 54.5; Load Intensity = 45.0; #Success = 2; #Failed = 15; #Dropped = 0
Target Time = 55.5; Load Intensity = 46.0; #Success = 5; #Failed = 13; #Dropped = 0
Target Time = 56.5; Load Intensity = 47.0; #Success = 4; #Failed = 4; #Dropped = 0
Target Time = 57.5; Load Intensity = 47.0; #Success = 1; #Failed = 10; #Dropped = 0
Target Time = 58.5; Load Intensity = 48.0; #Success = 0; #Failed = 6; #Dropped = 0
Target Time = 59.5; Load Intensity = 49.0; #Success = 0; #Failed = 2; #Dropped = 0
Target Time = 60.5; Load Intensity = 50.0; #Success = 0; #Failed = 10; #Dropped = 11
Target Time = 61.5; Load Intensity = 51.0; #Success = 0; #Failed = 6; #Dropped = 14
Target Time = 62.5; Load Intensity = 52.0; #Success = 0; #Failed = 3; #Dropped = 27
Target Time = 63.5; Load Intensity = 52.0; #Success = 0; #Failed = 10; #Dropped = 18
Target Time = 64.5; Load Intensity = 53.0; #Success = 0; #Failed = 6; #Dropped = 17
Target Time = 65.5; Load Intensity = 54.0; #Success = 0; #Failed = 2; #Dropped = 23
Target Time = 66.5; Load Intensity = 55.0; #Success = 0; #Failed = 10; #Dropped = 27
Target Time = 67.5; Load Intensity = 56.0; #Success = 1; #Failed = 6; #Dropped = 25
Target Time = 68.5; Load Intensity = 57.0; #Success = 3; #Failed = 4; #Dropped = 22
Target Time = 69.5; Load Intensity = 57.0; #Success = 0; #Failed = 12; #Dropped = 22
Target Time = 70.5; Load Intensity = 58.0; #Success = 0; #Failed = 6; #Dropped = 21
Target Time = 71.5; Load Intensity = 59.0; #Success = 0; #Failed = 4; #Dropped = 27
Target Time = 72.5; Load Intensity = 60.0; #Success = 1; #Failed = 0; #Dropped = 24
Target Time = 73.5; Load Intensity = 61.0; #Success = 0; #Failed = 0; #Dropped = 0
Target Time = 74.5; Load Intensity = 62.0; #Success = 0; #Failed = 0; #Dropped = 0
Target Time = 75.5; Load Intensity = 62.0; #Success = 0; #Failed = 0; #Dropped = 0
Target Time = 76.5; Load Intensity = 63.0; #Success = 0; #Failed = 1; #Dropped = 141
Target Time = 77.5; Load Intensity = 64.0; #Success = 0; #Failed = 8; #Dropped = 38
Target Time = 78.5; Load Intensity = 65.0; #Success = 0; #Failed = 8; #Dropped = 36
Target Time = 79.5; Load Intensity = 66.0; #Success = 0; #Failed = 0; #Dropped = 0
Target Time = 80.5; Load Intensity = 67.0; #Success = 0; #Failed = 0; #Dropped = 0
Target Time = 81.5; Load Intensity = 67.0; #Success = 0; #Failed = 1; #Dropped = 110
Target Time = 82.5; Load Intensity = 68.0; #Success = 0; #Failed = 1; #Dropped = 42
Target Time = 83.5; Load Intensity = 69.0; #Success = 4; #Failed = 0; #Dropped = 45
Target Time = 84.5; Load Intensity = 70.0; #Success = 1; #Failed = 5; #Dropped = 67
Target Time = 85.5; Load Intensity = 71.0; #Success = 6; #Failed = 7; #Dropped = 29
Target Time = 86.5; Load Intensity = 72.0; #Success = 3; #Failed = 2; #Dropped = 11
Target Time = 87.5; Load Intensity = 72.0; #Success = 0; #Failed = 3; #Dropped = 53
Target Time = 88.5; Load Intensity = 73.0; #Success = 0; #Failed = 3; #Dropped = 46
Target Time = 89.5; Load Intensity = 74.0; #Success = 0; #Failed = 0; #Dropped = 0
Target Time = 90.5; Load Intensity = 75.0; #Success = 0; #Failed = 3; #Dropped = 93
Target Time = 91.5; Load Intensity = 76.0; #Success = 0; #Failed = 5; #Dropped = 59
Target Time = 92.5; Load Intensity = 77.0; #Success = 0; #Failed = 0; #Dropped = 0
Target Time = 93.5; Load Intensity = 77.0; #Success = 0; #Failed = 3; #Dropped = 96
Target Time = 94.5; Load Intensity = 78.0; #Success = 0; #Failed = 3; #Dropped = 51
Target Time = 95.5; Load Intensity = 79.0; #Success = 0; #Failed = 0; #Dropped = 0
Target Time = 96.5; Load Intensity = 80.0; #Success = 0; #Failed = 3; #Dropped = 108
Target Time = 97.5; Load Intensity = 81.0; #Success = 0; #Failed = 19; #Dropped = 51
Target Time = 98.5; Load Intensity = 82.0; #Success = 0; #Failed = 0; #Dropped = 0
Target Time = 99.5; Load Intensity = 82.0; #Success = 1; #Failed = 0; #Dropped = 111
Target Time = 100.5; Load Intensity = 83.0; #Success = 1; #Failed = 3; #Dropped = 32
Target Time = 101.5; Load Intensity = 84.0; #Success = 1; #Failed = 3; #Dropped = 59
Target Time = 102.5; Load Intensity = 85.0; #Success = 0; #Failed = 3; #Dropped = 60
Target Time = 103.5; Load Intensity = 86.0; #Success = 0; #Failed = 0; #Dropped = 0
Target Time = 104.5; Load Intensity = 87.0; #Success = 0; #Failed = 0; #Dropped = 0
Target Time = 105.5; Load Intensity = 87.0; #Success = 0; #Failed = 0; #Dropped = 0
Target Time = 106.5; Load Intensity = 88.0; #Success = 0; #Failed = 1; #Dropped = 239
Target Time = 107.5; Load Intensity = 89.0; #Success = 4; #Failed = 3; #Dropped = 63
Target Time = 108.5; Load Intensity = 90.0; #Success = 3; #Failed = 0; #Dropped = 36
Target Time = 109.5; Load Intensity = 91.0; #Success = 0; #Failed = 21; #Dropped = 83
Target Time = 110.5; Load Intensity = 92.0; #Success = 0; #Failed = 3; #Dropped = 37
Target Time = 111.5; Load Intensity = 92.0; #Success = 0; #Failed = 2; #Dropped = 66
Target Time = 112.5; Load Intensity = 93.0; #Success = 2; #Failed = 0; #Dropped = 90
Target Time = 113.5; Load Intensity = 94.0; #Success = 0; #Failed = 0; #Dropped = 0
Target Time = 114.5; Load Intensity = 95.0; #Success = 2; #Failed = 0; #Dropped = 132
Target Time = 115.5; Load Intensity = 96.0; #Success = 5; #Failed = 0; #Dropped = 76
Target Time = 116.5; Load Intensity = 97.0; #Success = 4; #Failed = 0; #Dropped = 27
Target Time = 117.5; Load Intensity = 97.0; #Success = 0; #Failed = 0; #Dropped = 0
Target Time = 118.5; Load Intensity = 98.0; #Success = 0; #Failed = 7; #Dropped = 146
Target Time = 119.5; Load Intensity = 99.0; #Success = 0; #Failed = 1; #Dropped = 88
Target Time = 120.5; Load Intensity = 0.0; #Success = 0; #Failed = 14; #Dropped = 72
Target Time = 121.5; Load Intensity = 0.0; #Success = 2; #Failed = 4; #Dropped = 55
Target Time = 122.5; Load Intensity = 0.0; #Success = 0; #Failed = 1; #Dropped = 103
Target Time = 123.5; Load Intensity = 0.0; #Success = 0; #Failed = 4; #Dropped = 34
Target Time = 124.5; Load Intensity = 0.0; #Success = 0; #Failed = 3; #Dropped = 88
Target Time = 125.5; Load Intensity = 0.0; #Success = 0; #Failed = 0; #Dropped = 0
Target Time = 126.5; Load Intensity = 0.0; #Success = 0; #Failed = 5; #Dropped = 147
Target Time = 127.5; Load Intensity = 0.0; #Success = 1; #Failed = 3; #Dropped = 80
Target Time = 128.5; Load Intensity = 0.0; #Success = 0; #Failed = 7; #Dropped = 117
Target Time = 129.5; Load Intensity = 0.0; #Success = 1; #Failed = 9; #Dropped = 67
Target Time = 130.5; Load Intensity = 0.0; #Success = 0; #Failed = 4; #Dropped = 53
Target Time = 131.5; Load Intensity = 0.0; #Success = 0; #Failed = 4; #Dropped = 92
Target Time = 132.5; Load Intensity = 0.0; #Success = 0; #Failed = 19; #Dropped = 81
Target Time = 133.5; Load Intensity = 0.0; #Success = 0; #Failed = 4; #Dropped = 27
Target Time = 134.5; Load Intensity = 0.0; #Success = 0; #Failed = 0; #Dropped = 0
Target Time = 135.5; Load Intensity = 0.0; #Success = 0; #Failed = 14; #Dropped = 173
Target Time = 136.5; Load Intensity = 0.0; #Success = 0; #Failed = 4; #Dropped = 80
Target Time = 137.5; Load Intensity = 0.0; #Success = 0; #Failed = 0; #Dropped = 0
Target Time = 138.5; Load Intensity = 0.0; #Success = 0; #Failed = 5; #Dropped = 174
Target Time = 139.5; Load Intensity = 0.0; #Success = 0; #Failed = 4; #Dropped = 81
Target Time = 140.5; Load Intensity = 0.0; #Success = 0; #Failed = 0; #Dropped = 0
Target Time = 141.5; Load Intensity = 0.0; #Success = 0; #Failed = 10; #Dropped = 180
Target Time = 142.5; Load Intensity = 0.0; #Success = 0; #Failed = 11; #Dropped = 90
Target Time = 143.5; Load Intensity = 0.0; #Success = 0; #Failed = 4; #Dropped = 94
Target Time = 144.5; Load Intensity = 0.0; #Success = 1; #Failed = 7; #Dropped = 92
  └─ [nitro5:sd] end 02:16:51
Target Time = 145.5; Load Intensity = 0.0; #Success = 1; #Failed = 11; #Dropped = 71
  └─ [nitro5:ram] end 02:16:51
  └─ [nitro5:nic] end 02:16:52
  └─ [nitro5:cpu] end 02:16:52
Target Time = 146.5; Load Intensity = 0.0; #Success = 0; #Failed = 0; #Dropped = 0
Target Time = 147.5; Load Intensity = 0.0; #Success = 0; #Failed = 7; #Dropped = 179
Target Time = 148.5; Load Intensity = 0.0; #Success = 0; #Failed = 6; #Dropped = 91
Target Time = 149.5; Load Intensity = 0.0; #Success = 0; #Failed = 0; #Dropped = 0
Target Time = 150.5; Load Intensity = 0.0; #Success = 0; #Failed = 9; #Dropped = 149
Target Time = 151.5; Load Intensity = 0.0; #Success = 1; #Failed = 10; #Dropped = 0
  └─ [leo:cpu] end 02:16:57
Target Time = 152.5; Load Intensity = 0.0; #Success = 0; #Failed = 0; #Dropped = 0
Target Time = 153.5; Load Intensity = 0.0; #Success = 0; #Failed = 0; #Dropped = 0
  └─ [leo:ram] end 02:16:59
  └─ [aspire:nic] end 02:16:59
  └─ [leo:sd] end 02:17:00
Target Time = 154.5; Load Intensity = 0.0; #Success = 0; #Failed = 0; #Dropped = 0
Target Time = 155.5; Load Intensity = 0.0; #Success = 0; #Failed = 0; #Dropped = 0
  └─ [aspire:cpu] end 02:17:02
Target Time = 156.5; Load Intensity = 0.0; #Success = 0; #Failed = 1; #Dropped = 0
  └─ [aspire:sd] end 02:17:02
Target Time = 157.5; Load Intensity = 0.0; #Success = 0; #Failed = 0; #Dropped = 0
  └─ [aspire:ram] end 02:17:03
Target Time = 158.5; Load Intensity = 0.0; #Success = 1; #Failed = 0; #Dropped = 0
Target Time = 159.5; Load Intensity = 0.0; #Success = 1; #Failed = 0; #Dropped = 0
Target Time = 160.5; Load Intensity = 0.0; #Success = 2; #Failed = 2; #Dropped = 0
Target Time = 161.5; Load Intensity = 0.0; #Success = 1; #Failed = 0; #Dropped = 0
Target Time = 162.5; Load Intensity = 0.0; #Success = 10; #Failed = 1; #Dropped = 0
Target Time = 163.5; Load Intensity = 0.0; #Success = 0; #Failed = 0; #Dropped = 0
Target Time = 164.5; Load Intensity = 0.0; #Success = 0; #Failed = 6; #Dropped = 0
Target Time = 165.5; Load Intensity = 0.0; #Success = 4; #Failed = 0; #Dropped = 0
Target Time = 166.5; Load Intensity = 0.0; #Success = 0; #Failed = 0; #Dropped = 0
Target Time = 167.5; Load Intensity = 0.0; #Success = 0; #Failed = 0; #Dropped = 0
Target Time = 168.5; Load Intensity = 0.0; #Success = 0; #Failed = 0; #Dropped = 0
Target Time = 169.5; Load Intensity = 0.0; #Success = 0; #Failed = 0; #Dropped = 0
Target Time = 170.5; Load Intensity = 0.0; #Success = 0; #Failed = 0; #Dropped = 0
Target Time = 171.5; Load Intensity = 0.0; #Success = 1; #Failed = 0; #Dropped = 0
Target Time = 172.5; Load Intensity = 0.0; #Success = 3; #Failed = 0; #Dropped = 0
Target Time = 173.5; Load Intensity = 0.0; #Success = 4; #Failed = 0; #Dropped = 0
Target Time = 174.5; Load Intensity = 0.0; #Success = 1; #Failed = 0; #Dropped = 0
Target Time = 175.5; Load Intensity = 0.0; #Success = 6; #Failed = 0; #Dropped = 0
Workload finished.
Log finished.
📄 LIMBO finalizado para scenario=low
⏳ [02:17:26] Esperando que termine medición: fase3_carga_low_iter15 (PID: 1313438)
  └─ [scorpius:nic] end 02:17:48
  └─ [scorpius:cpu] end 02:17:50
  └─ [scorpius:sd] end 02:17:52
  └─ [scorpius:ram] end 02:17:53
=== Bloque 145s terminado - Fase: fase3_carga_low_iter15 ===
[🧹] Limpiando CSVs internos de ecofloc en cada nodo (fase: fase3_carga_low_iter15)...
  ✔ [nitro5:cpu] limpiado /home/luish/Documents/p3/ecofloc2/ecofloc/ecofloc-cpu/ECOFLOC_CPU_COMM_text.csv
  ✔ [nitro5:nic] limpiado /home/luish/Documents/p3/ecofloc2/ecofloc/ecofloc-nic/ECOFLOC_NIC_COMM_text.csv
  ✔ [nitro5:ram] limpiado /home/luish/Documents/p3/ecofloc2/ecofloc/ecofloc-ram/ECOFLOC_RAM_COMM_text.csv
  ✔ [nitro5:sd] limpiado /home/luish/Documents/p3/ecofloc2/ecofloc/ecofloc-sd/ECOFLOC_SD_COMM_text.csv
  ✔ [leo:cpu] limpiado /home/leo/ecofloc/ecofloc-cpu/ECOFLOC_CPU_COMM_text.csv
  ✔ [leo:nic] limpiado /home/leo/ecofloc/ecofloc-nic/ECOFLOC_NIC_COMM_text.csv
  ✔ [leo:ram] limpiado /home/leo/ecofloc/ecofloc-ram/ECOFLOC_RAM_COMM_text.csv
  ✔ [leo:sd] limpiado /home/leo/ecofloc/ecofloc-sd/ECOFLOC_SD_COMM_text.csv
  ✔ [aspire:cpu] limpiado /home/luish/Documents/p3/ecofloc2/ecofloc/ecofloc-cpu/ECOFLOC_CPU_COMM_text.csv
  ✔ [aspire:nic] limpiado /home/luish/Documents/p3/ecofloc2/ecofloc/ecofloc-nic/ECOFLOC_NIC_COMM_text.csv
  ✔ [aspire:ram] limpiado /home/luish/Documents/p3/ecofloc2/ecofloc/ecofloc-ram/ECOFLOC_RAM_COMM_text.csv
  ✔ [aspire:sd] limpiado /home/luish/Documents/p3/ecofloc2/ecofloc/ecofloc-sd/ECOFLOC_SD_COMM_text.csv
  ✔ [scorpius:cpu] limpiado /home/scorpius03/Documents/ecofloc/ecofloc-cpu/ECOFLOC_CPU_COMM_text.csv
  ✔ [scorpius:nic] limpiado /home/scorpius03/Documents/ecofloc/ecofloc-nic/ECOFLOC_NIC_COMM_text.csv
  ✔ [scorpius:ram] limpiado /home/scorpius03/Documents/ecofloc/ecofloc-ram/ECOFLOC_RAM_COMM_text.csv
  ✔ [scorpius:sd] limpiado /home/scorpius03/Documents/ecofloc/ecofloc-sd/ECOFLOC_SD_COMM_text.csv
========================================
🔋 MEASURE ENERGY FINALIZADO
   Fase: fase3_carga_low_iter15
========================================
✔️ [02:17:57] Medición fase3_carga_low_iter15 completada
[📦] Archivando resultados → ./historyexecutions/exp(02:18:02)_fase3_low_iter15
[✔] Archivado: ./historyexecutions/exp(02:18:02)_fase3_low_iter15
🧹 Limpiando TeaStore (iter 15)...
⏸ Esperando 15s para limpieza completa...
✅ Iteración 15 / 15 del escenario low completada.

🏁 Escenario low finalizado (15 iteraciones).

########################################################
🔄 ESCENARIO: medium | ITERACIÓN: 1 / 13
   Hora: 02:19:01
########################################################
========================================
🔋 FASE 1: Descarga de imágenes (medium, iter 1)
========================================
📋 Capturando PIDs (gepidstea.sh)...
📋 Capturando PIDs de contenedores (kpsnodos.sh)...
🔋 [02:19:19] Iniciando medición de energía: fase1_descarga_medium_iter1 (25s)
   PID de medición: 1688474
🚀 Desplegando TeaStore desde /home/luish/Documents/death/teastore/TeaStore/examples/kubernetes/teastore-energy-scheduler.yaml...
========================================
🔋 MEASURE ENERGY - Fase: fase1_descarga_medium_iter1
   Duración: 25s
   PID: 1688474
========================================
=== Medición bloque 25s - Fase: fase1_descarga_medium_iter1 ===
[⏱ 02:19:19] Iniciando ecofloc en nitro5 por 25s (fase: fase1_descarga_medium_iter1)
⏳ Esperando a que todos los pods de TeaStore estén Running y Ready...
  ├─ [nitro5:sd] start 02:19:19
  ├─ [nitro5:ram] start 02:19:20
  ├─ [nitro5:nic] start 02:19:20
[⏱ 02:19:20] Iniciando ecofloc en aspire por 25s (fase: fase1_descarga_medium_iter1)
  ├─ [nitro5:cpu] start 02:19:20
  ├─ [aspire:sd] start 02:19:20
[⏱ 02:19:20] Iniciando ecofloc en scorpius por 25s (fase: fase1_descarga_medium_iter1)
  ├─ [aspire:ram] start 02:19:20
  ├─ [aspire:nic] start 02:19:20
  ├─ [aspire:cpu] start 02:19:20
  ├─ [scorpius:ram] start 02:19:20
[⏱ 02:19:20] Iniciando ecofloc en leo por 25s (fase: fase1_descarga_medium_iter1)
  ├─ [scorpius:sd] start 02:19:20
  ├─ [scorpius:nic] start 02:19:20
  ├─ [scorpius:cpu] start 02:19:20
  ├─ [leo:sd] start 02:19:20
  ├─ [leo:ram] start 02:19:20
  ├─ [leo:cpu] start 02:19:20
  ├─ [leo:nic] start 02:19:20
✅ Pods listos.
⏳ [02:19:22] Esperando que termine medición: fase1_descarga_medium_iter1 (PID: 1688474)
  └─ [nitro5:sd] end 02:19:44
  └─ [nitro5:ram] end 02:19:45
  └─ [nitro5:nic] end 02:19:45
  └─ [nitro5:cpu] end 02:19:45
  └─ [leo:cpu] end 02:19:46
  └─ [aspire:sd] end 02:19:46
  └─ [aspire:cpu] end 02:19:46
  └─ [leo:sd] end 02:19:46
  └─ [scorpius:cpu] end 02:19:47
  └─ [scorpius:sd] end 02:19:47
  └─ [aspire:nic] end 02:19:47
  └─ [leo:nic] end 02:19:47
  └─ [scorpius:nic] end 02:19:47
  └─ [scorpius:ram] end 02:19:47
  └─ [aspire:ram] end 02:19:47
  └─ [leo:ram] end 02:19:48
=== Bloque 25s terminado - Fase: fase1_descarga_medium_iter1 ===
[🧹] Limpiando CSVs internos de ecofloc en cada nodo (fase: fase1_descarga_medium_iter1)...
  ✔ [nitro5:cpu] limpiado /home/luish/Documents/p3/ecofloc2/ecofloc/ecofloc-cpu/ECOFLOC_CPU_COMM_text.csv
  ✔ [nitro5:nic] limpiado /home/luish/Documents/p3/ecofloc2/ecofloc/ecofloc-nic/ECOFLOC_NIC_COMM_text.csv
  ✔ [nitro5:ram] limpiado /home/luish/Documents/p3/ecofloc2/ecofloc/ecofloc-ram/ECOFLOC_RAM_COMM_text.csv
  ✔ [nitro5:sd] limpiado /home/luish/Documents/p3/ecofloc2/ecofloc/ecofloc-sd/ECOFLOC_SD_COMM_text.csv
  ✔ [leo:cpu] limpiado /home/leo/ecofloc/ecofloc-cpu/ECOFLOC_CPU_COMM_text.csv
  ✔ [leo:nic] limpiado /home/leo/ecofloc/ecofloc-nic/ECOFLOC_NIC_COMM_text.csv
  ✔ [leo:ram] limpiado /home/leo/ecofloc/ecofloc-ram/ECOFLOC_RAM_COMM_text.csv
  ✔ [leo:sd] limpiado /home/leo/ecofloc/ecofloc-sd/ECOFLOC_SD_COMM_text.csv
  ✔ [aspire:cpu] limpiado /home/luish/Documents/p3/ecofloc2/ecofloc/ecofloc-cpu/ECOFLOC_CPU_COMM_text.csv
  ✔ [aspire:nic] limpiado /home/luish/Documents/p3/ecofloc2/ecofloc/ecofloc-nic/ECOFLOC_NIC_COMM_text.csv
  ✔ [aspire:ram] limpiado /home/luish/Documents/p3/ecofloc2/ecofloc/ecofloc-ram/ECOFLOC_RAM_COMM_text.csv
  ✔ [aspire:sd] limpiado /home/luish/Documents/p3/ecofloc2/ecofloc/ecofloc-sd/ECOFLOC_SD_COMM_text.csv
  ✔ [scorpius:cpu] limpiado /home/scorpius03/Documents/ecofloc/ecofloc-cpu/ECOFLOC_CPU_COMM_text.csv
  ✔ [scorpius:nic] limpiado /home/scorpius03/Documents/ecofloc/ecofloc-nic/ECOFLOC_NIC_COMM_text.csv
  ✔ [scorpius:ram] limpiado /home/scorpius03/Documents/ecofloc/ecofloc-ram/ECOFLOC_RAM_COMM_text.csv
  ✔ [scorpius:sd] limpiado /home/scorpius03/Documents/ecofloc/ecofloc-sd/ECOFLOC_SD_COMM_text.csv
========================================
🔋 MEASURE ENERGY FINALIZADO
   Fase: fase1_descarga_medium_iter1
========================================
✔️ [02:19:51] Medición fase1_descarga_medium_iter1 completada
[📦] Archivando resultados → ./historyexecutions/exp(02:19:56)_fase1_medium_iter1
[✔] Archivado: ./historyexecutions/exp(02:19:56)_fase1_medium_iter1
========================================
🔋 FASE 2: Preparación de servicios (medium, iter 1)
========================================
📋 Capturando PIDs (gepidstea.sh)...
📋 Capturando PIDs de contenedores (kpsnodos.sh)...
🔋 [02:20:13] Iniciando medición de energía: fase2_preparacion_medium_iter1 (50s)
   PID de medición: 1750654
========================================
🔋 MEASURE ENERGY - Fase: fase2_preparacion_medium_iter1
   Duración: 50s
   PID: 1750654
========================================
=== Medición bloque 50s - Fase: fase2_preparacion_medium_iter1 ===
[⏱ 02:20:13] Iniciando ecofloc en nitro5 por 50s (fase: fase2_preparacion_medium_iter1)
⏳ Esperando 10s a que CoreDNS se estabilice...
  ├─ [nitro5:sd] start 02:20:13
  ├─ [nitro5:ram] start 02:20:14
  ├─ [nitro5:nic] start 02:20:14
[⏱ 02:20:14] Iniciando ecofloc en aspire por 50s (fase: fase2_preparacion_medium_iter1)
  ├─ [nitro5:cpu] start 02:20:14
  ├─ [aspire:sd] start 02:20:14
  ├─ [aspire:ram] start 02:20:14
[⏱ 02:20:14] Iniciando ecofloc en scorpius por 50s (fase: fase2_preparacion_medium_iter1)
  ├─ [aspire:nic] start 02:20:14
  ├─ [aspire:cpu] start 02:20:14
  ├─ [scorpius:sd] start 02:20:14
  ├─ [scorpius:ram] start 02:20:14
  ├─ [scorpius:cpu] start 02:20:14
[⏱ 02:20:14] Iniciando ecofloc en leo por 50s (fase: fase2_preparacion_medium_iter1)
  ├─ [scorpius:nic] start 02:20:14
  ├─ [leo:sd] start 02:20:14
  ├─ [leo:ram] start 02:20:14
  ├─ [leo:nic] start 02:20:14
  ├─ [leo:cpu] start 02:20:14
➡️ Pod WebUI: teastore-webui-ff7768544-m6s9t
➡️ Está en el nodo: luish-nitro-an515-57
🌐 IP del nodo WebUI: 192.168.18.27
⏳ Verificando estado del TeaStore en http://192.168.18.27:30080/tools.descartes.teastore.webui/status ...
   ➤ Estado actual: 5 / 5 servicios OK
✔ TODOS los servicios del TeaStore están OK. Continuando...
⏳ [02:20:26] Esperando que termine medición: fase2_preparacion_medium_iter1 (PID: 1750654)
  └─ [nitro5:sd] end 02:21:03
  └─ [nitro5:ram] end 02:21:04
  └─ [nitro5:nic] end 02:21:04
  └─ [nitro5:cpu] end 02:21:04
  └─ [aspire:sd] end 02:21:05
  └─ [aspire:cpu] end 02:21:05
  └─ [leo:sd] end 02:21:06
  └─ [aspire:nic] end 02:21:06
  └─ [scorpius:cpu] end 02:21:07
  └─ [scorpius:sd] end 02:21:07
  └─ [leo:cpu] end 02:21:07
  └─ [aspire:ram] end 02:21:07
  └─ [leo:nic] end 02:21:07
  └─ [scorpius:ram] end 02:21:08
  └─ [scorpius:nic] end 02:21:08
  └─ [leo:ram] end 02:21:08
=== Bloque 50s terminado - Fase: fase2_preparacion_medium_iter1 ===
[🧹] Limpiando CSVs internos de ecofloc en cada nodo (fase: fase2_preparacion_medium_iter1)...
  ✔ [nitro5:cpu] limpiado /home/luish/Documents/p3/ecofloc2/ecofloc/ecofloc-cpu/ECOFLOC_CPU_COMM_text.csv
  ✔ [nitro5:nic] limpiado /home/luish/Documents/p3/ecofloc2/ecofloc/ecofloc-nic/ECOFLOC_NIC_COMM_text.csv
  ✔ [nitro5:ram] limpiado /home/luish/Documents/p3/ecofloc2/ecofloc/ecofloc-ram/ECOFLOC_RAM_COMM_text.csv
  ✔ [nitro5:sd] limpiado /home/luish/Documents/p3/ecofloc2/ecofloc/ecofloc-sd/ECOFLOC_SD_COMM_text.csv
  ✔ [leo:cpu] limpiado /home/leo/ecofloc/ecofloc-cpu/ECOFLOC_CPU_COMM_text.csv
  ✔ [leo:nic] limpiado /home/leo/ecofloc/ecofloc-nic/ECOFLOC_NIC_COMM_text.csv
  ✔ [leo:ram] limpiado /home/leo/ecofloc/ecofloc-ram/ECOFLOC_RAM_COMM_text.csv
  ✔ [leo:sd] limpiado /home/leo/ecofloc/ecofloc-sd/ECOFLOC_SD_COMM_text.csv
  ✔ [aspire:cpu] limpiado /home/luish/Documents/p3/ecofloc2/ecofloc/ecofloc-cpu/ECOFLOC_CPU_COMM_text.csv
  ✔ [aspire:nic] limpiado /home/luish/Documents/p3/ecofloc2/ecofloc/ecofloc-nic/ECOFLOC_NIC_COMM_text.csv
  ✔ [aspire:ram] limpiado /home/luish/Documents/p3/ecofloc2/ecofloc/ecofloc-ram/ECOFLOC_RAM_COMM_text.csv
  ✔ [aspire:sd] limpiado /home/luish/Documents/p3/ecofloc2/ecofloc/ecofloc-sd/ECOFLOC_SD_COMM_text.csv
  ✔ [scorpius:cpu] limpiado /home/scorpius03/Documents/ecofloc/ecofloc-cpu/ECOFLOC_CPU_COMM_text.csv
  ✔ [scorpius:nic] limpiado /home/scorpius03/Documents/ecofloc/ecofloc-nic/ECOFLOC_NIC_COMM_text.csv
  ✔ [scorpius:ram] limpiado /home/scorpius03/Documents/ecofloc/ecofloc-ram/ECOFLOC_RAM_COMM_text.csv
  ✔ [scorpius:sd] limpiado /home/scorpius03/Documents/ecofloc/ecofloc-sd/ECOFLOC_SD_COMM_text.csv
========================================
🔋 MEASURE ENERGY FINALIZADO
   Fase: fase2_preparacion_medium_iter1
========================================
✔️ [02:21:11] Medición fase2_preparacion_medium_iter1 completada
[📦] Archivando resultados → ./historyexecutions/exp(02:21:16)_fase2_medium_iter1
[✔] Archivado: ./historyexecutions/exp(02:21:16)_fase2_medium_iter1
========================================
🔋 FASE 3: Ejecución de carga (medium, iter 1)
========================================
📋 Capturando PIDs (gepidstea.sh)...
📋 Capturando PIDs de contenedores (kpsnodos.sh)...
🔋 [02:21:31] Iniciando medición de energía: fase3_carga_medium_iter1 (145s)
   PID de medición: 1894271
=== Escenario medium (iter 1) ===
========================================
🔋 MEASURE ENERGY - Fase: fase3_carga_medium_iter1
   Duración: 145s
   PID: 1894271
========================================
=== Medición bloque 145s - Fase: fase3_carga_medium_iter1 ===
🚀 Iniciando LIMBO con profile=/home/luish/Documents/death/teastore/TeaStore/examples/httploadgenerator/increasingMedIntensity.csv y script=/home/luish/Documents/death/teastore/TeaStore/examples/httploadgenerator/teastore_buy.lua
[⏱ 02:21:31] Iniciando ecofloc en nitro5 por 145s (fase: fase3_carga_medium_iter1)
Feb 26, 2026 2:21:31 AM tools.descartes.dlim.httploadgenerator.runner.Director executeDirector
WARNING: No power measurements
Feb 26, 2026 2:21:31 AM tools.descartes.dlim.httploadgenerator.runner.Director executeDirector
INFO: Load Generator Thread Count set to 64
Feb 26, 2026 2:21:31 AM tools.descartes.dlim.httploadgenerator.runner.Director executeDirector
INFO: URL connection timout set to 30000 ms
Feb 26, 2026 2:21:31 AM tools.descartes.dlim.httploadgenerator.runner.Director executeDirector
INFO: Using Lua Script: /home/luish/Documents/death/teastore/TeaStore/examples/httploadgenerator/teastore_buy.lua
Feb 26, 2026 2:21:31 AM tools.descartes.dlim.httploadgenerator.runner.Director process
INFO: Read 120 Arrival Rate Tuples
Load Generator sent: ok
Feb 26, 2026 2:21:31 AM tools.descartes.dlim.httploadgenerator.runner.Director process
INFO: Arrival Rates sent to Load Generator(s).
Load Generator sent: ok
Feb 26, 2026 2:21:31 AM tools.descartes.dlim.httploadgenerator.runner.Director process
INFO: Thread Count sent to Load Generator(s): 64
Load Generator sent: ok
Feb 26, 2026 2:21:31 AM tools.descartes.dlim.httploadgenerator.runner.Director process
INFO: URL connection timeout sent to Load Generator(s): 30000
Load Generator sent: ok
Feb 26, 2026 2:21:31 AM tools.descartes.dlim.httploadgenerator.runner.Director process
INFO: Contents of script sent to Load Generator: /home/luish/Documents/death/teastore/TeaStore/examples/httploadgenerator/teastore_buy.lua
Feb 26, 2026 2:21:31 AM tools.descartes.dlim.httploadgenerator.runner.Director process
INFO: Starting Load Generation
Beginning Run @1772090491623(26.02.2026;02:21:31623)
  ├─ [nitro5:sd] start 02:21:31
Target Time = 0.5; Load Intensity = 8.0; #Success = 0; #Failed = 0; #Dropped = 0
  ├─ [nitro5:ram] start 02:21:32
  ├─ [nitro5:nic] start 02:21:32
[⏱ 02:21:33] Iniciando ecofloc en aspire por 145s (fase: fase3_carga_medium_iter1)
  ├─ [nitro5:cpu] start 02:21:33
  ├─ [aspire:sd] start 02:21:33
[⏱ 02:21:33] Iniciando ecofloc en scorpius por 145s (fase: fase3_carga_medium_iter1)
  ├─ [aspire:nic] start 02:21:33
  ├─ [aspire:ram] start 02:21:33
  ├─ [aspire:cpu] start 02:21:33
  ├─ [scorpius:sd] start 02:21:33
[⏱ 02:21:33] Iniciando ecofloc en leo por 145s (fase: fase3_carga_medium_iter1)
  ├─ [scorpius:ram] start 02:21:33
  ├─ [scorpius:nic] start 02:21:33
  ├─ [scorpius:cpu] start 02:21:33
  ├─ [leo:sd] start 02:21:33
  ├─ [leo:ram] start 02:21:33
  ├─ [leo:nic] start 02:21:33
  ├─ [leo:cpu] start 02:21:33
Target Time = 1.5; Load Intensity = 16.0; #Success = 6; #Failed = 0; #Dropped = 0
Target Time = 2.5; Load Intensity = 25.0; #Success = 2; #Failed = 0; #Dropped = 0
Target Time = 3.5; Load Intensity = 33.0; #Success = 15; #Failed = 0; #Dropped = 0
Target Time = 4.5; Load Intensity = 41.0; #Success = 9; #Failed = 0; #Dropped = 0
Target Time = 5.5; Load Intensity = 50.0; #Success = 5; #Failed = 0; #Dropped = 0
Target Time = 6.5; Load Intensity = 58.0; #Success = 8; #Failed = 0; #Dropped = 0
Target Time = 7.5; Load Intensity = 66.0; #Success = 4; #Failed = 0; #Dropped = 0
Target Time = 8.5; Load Intensity = 75.0; #Success = 9; #Failed = 0; #Dropped = 0
Target Time = 9.5; Load Intensity = 83.0; #Success = 4; #Failed = 0; #Dropped = 0
Target Time = 10.5; Load Intensity = 91.0; #Success = 5; #Failed = 0; #Dropped = 0
Target Time = 11.5; Load Intensity = 100.0; #Success = 4; #Failed = 24; #Dropped = 0
Target Time = 12.5; Load Intensity = 108.0; #Success = 4; #Failed = 5; #Dropped = 0
Target Time = 13.5; Load Intensity = 116.0; #Success = 4; #Failed = 0; #Dropped = 0
Target Time = 14.5; Load Intensity = 125.0; #Success = 3; #Failed = 0; #Dropped = 0
Target Time = 15.5; Load Intensity = 133.0; #Success = 7; #Failed = 0; #Dropped = 0
Target Time = 16.5; Load Intensity = 141.0; #Success = 5; #Failed = 0; #Dropped = 0
Target Time = 17.5; Load Intensity = 150.0; #Success = 5; #Failed = 8; #Dropped = 0
Target Time = 18.5; Load Intensity = 158.0; #Success = 5; #Failed = 0; #Dropped = 0
Target Time = 19.5; Load Intensity = 166.0; #Success = 5; #Failed = 0; #Dropped = 0
Target Time = 20.5; Load Intensity = 175.0; #Success = 7; #Failed = 0; #Dropped = 0
Target Time = 21.5; Load Intensity = 183.0; #Success = 6; #Failed = 0; #Dropped = 0
Target Time = 22.5; Load Intensity = 191.0; #Success = 10; #Failed = 0; #Dropped = 0
Target Time = 23.5; Load Intensity = 200.0; #Success = 9; #Failed = 0; #Dropped = 0
Target Time = 24.5; Load Intensity = 208.0; #Success = 4; #Failed = 0; #Dropped = 0
Target Time = 25.5; Load Intensity = 216.0; #Success = 8; #Failed = 0; #Dropped = 0
Target Time = 26.5; Load Intensity = 225.0; #Success = 4; #Failed = 0; #Dropped = 0
Target Time = 27.5; Load Intensity = 233.0; #Success = 4; #Failed = 0; #Dropped = 0
Target Time = 28.5; Load Intensity = 241.0; #Success = 7; #Failed = 5; #Dropped = 0
Target Time = 29.5; Load Intensity = 250.0; #Success = 4; #Failed = 4; #Dropped = 0
Target Time = 30.5; Load Intensity = 258.0; #Success = 3; #Failed = 0; #Dropped = 0
Target Time = 31.5; Load Intensity = 266.0; #Success = 5; #Failed = 0; #Dropped = 0
Target Time = 32.5; Load Intensity = 275.0; #Success = 2; #Failed = 0; #Dropped = 0
Target Time = 33.5; Load Intensity = 283.0; #Success = 0; #Failed = 0; #Dropped = 0
Target Time = 34.5; Load Intensity = 291.0; #Success = 1; #Failed = 1; #Dropped = 0
Target Time = 35.5; Load Intensity = 300.0; #Success = 0; #Failed = 1; #Dropped = 0
Target Time = 36.5; Load Intensity = 308.0; #Success = 0; #Failed = 4; #Dropped = 0
Target Time = 37.5; Load Intensity = 316.0; #Success = 0; #Failed = 1; #Dropped = 0
Target Time = 38.5; Load Intensity = 325.0; #Success = 0; #Failed = 4; #Dropped = 62
Target Time = 39.5; Load Intensity = 333.0; #Success = 0; #Failed = 3; #Dropped = 81
Target Time = 40.5; Load Intensity = 341.0; #Success = 0; #Failed = 0; #Dropped = 0
Target Time = 41.5; Load Intensity = 350.0; #Success = 0; #Failed = 0; #Dropped = 0
Target Time = 42.5; Load Intensity = 358.0; #Success = 0; #Failed = 1; #Dropped = 296
Target Time = 43.5; Load Intensity = 366.0; #Success = 0; #Failed = 0; #Dropped = 0
Target Time = 44.5; Load Intensity = 375.0; #Success = 0; #Failed = 0; #Dropped = 0
Target Time = 45.5; Load Intensity = 383.0; #Success = 0; #Failed = 0; #Dropped = 0
Target Time = 46.5; Load Intensity = 391.0; #Success = 0; #Failed = 0; #Dropped = 0
Target Time = 47.5; Load Intensity = 400.0; #Success = 0; #Failed = 2; #Dropped = 615
Target Time = 48.5; Load Intensity = 408.0; #Success = 0; #Failed = 4; #Dropped = 209
Target Time = 49.5; Load Intensity = 416.0; #Success = 1; #Failed = 5; #Dropped = 160
Target Time = 50.5; Load Intensity = 425.0; #Success = 0; #Failed = 8; #Dropped = 175
Target Time = 51.5; Load Intensity = 433.0; #Success = 0; #Failed = 8; #Dropped = 161
Target Time = 52.5; Load Intensity = 441.0; #Success = 1; #Failed = 1; #Dropped = 196
Target Time = 53.5; Load Intensity = 450.0; #Success = 7; #Failed = 4; #Dropped = 188
Target Time = 54.5; Load Intensity = 458.0; #Success = 3; #Failed = 5; #Dropped = 138
Target Time = 55.5; Load Intensity = 466.0; #Success = 0; #Failed = 0; #Dropped = 0
Target Time = 56.5; Load Intensity = 475.0; #Success = 0; #Failed = 4; #Dropped = 494
Target Time = 57.5; Load Intensity = 483.0; #Success = 0; #Failed = 1; #Dropped = 160
Target Time = 58.5; Load Intensity = 491.0; #Success = 0; #Failed = 0; #Dropped = 0
Target Time = 59.5; Load Intensity = 500.0; #Success = 0; #Failed = 0; #Dropped = 0
Target Time = 60.5; Load Intensity = 508.0; #Success = 0; #Failed = 0; #Dropped = 0
Target Time = 61.5; Load Intensity = 516.0; #Success = 0; #Failed = 0; #Dropped = 0
Target Time = 62.5; Load Intensity = 525.0; #Success = 0; #Failed = 0; #Dropped = 0
Target Time = 63.5; Load Intensity = 533.0; #Success = 1; #Failed = 0; #Dropped = 1471
Target Time = 64.5; Load Intensity = 541.0; #Success = 1; #Failed = 0; #Dropped = 400
Target Time = 65.5; Load Intensity = 550.0; #Success = 0; #Failed = 0; #Dropped = 0
Target Time = 66.5; Load Intensity = 558.0; #Success = 0; #Failed = 0; #Dropped = 0
Target Time = 67.5; Load Intensity = 566.0; #Success = 0; #Failed = 0; #Dropped = 0
Target Time = 68.5; Load Intensity = 575.0; #Success = 4; #Failed = 0; #Dropped = 1263
Target Time = 69.5; Load Intensity = 583.0; #Success = 3; #Failed = 0; #Dropped = 333
Target Time = 70.5; Load Intensity = 591.0; #Success = 0; #Failed = 0; #Dropped = 0
Target Time = 71.5; Load Intensity = 600.0; #Success = 0; #Failed = 0; #Dropped = 0
Target Time = 72.5; Load Intensity = 608.0; #Success = 1; #Failed = 0; #Dropped = 995
Target Time = 73.5; Load Intensity = 616.0; #Success = 0; #Failed = 0; #Dropped = 0
Target Time = 74.5; Load Intensity = 625.0; #Success = 0; #Failed = 0; #Dropped = 0
Target Time = 75.5; Load Intensity = 633.0; #Success = 0; #Failed = 0; #Dropped = 0
Target Time = 76.5; Load Intensity = 641.0; #Success = 0; #Failed = 14; #Dropped = 1545
Target Time = 77.5; Load Intensity = 650.0; #Success = 1; #Failed = 1; #Dropped = 258
Target Time = 78.5; Load Intensity = 658.0; #Success = 0; #Failed = 0; #Dropped = 0
Target Time = 79.5; Load Intensity = 666.0; #Success = 10; #Failed = 4; #Dropped = 1007
Target Time = 80.5; Load Intensity = 675.0; #Success = 1; #Failed = 15; #Dropped = 409
Target Time = 81.5; Load Intensity = 683.0; #Success = 2; #Failed = 1; #Dropped = 370
Target Time = 82.5; Load Intensity = 691.0; #Success = 2; #Failed = 0; #Dropped = 499
Target Time = 83.5; Load Intensity = 700.0; #Success = 3; #Failed = 0; #Dropped = 192
Target Time = 84.5; Load Intensity = 708.0; #Success = 0; #Failed = 0; #Dropped = 0
Target Time = 85.5; Load Intensity = 716.0; #Success = 0; #Failed = 0; #Dropped = 0
Target Time = 86.5; Load Intensity = 725.0; #Success = 1; #Failed = 0; #Dropped = 1651
Target Time = 87.5; Load Intensity = 733.0; #Success = 0; #Failed = 0; #Dropped = 0
Target Time = 88.5; Load Intensity = 741.0; #Success = 0; #Failed = 0; #Dropped = 0
Target Time = 89.5; Load Intensity = 750.0; #Success = 0; #Failed = 0; #Dropped = 0
Target Time = 90.5; Load Intensity = 758.0; #Success = 0; #Failed = 0; #Dropped = 0
Target Time = 91.5; Load Intensity = 766.0; #Success = 0; #Failed = 0; #Dropped = 0
Target Time = 92.5; Load Intensity = 775.0; #Success = 0; #Failed = 30; #Dropped = 2818
Target Time = 93.5; Load Intensity = 783.0; #Success = 1; #Failed = 5; #Dropped = 533
Target Time = 94.5; Load Intensity = 791.0; #Success = 0; #Failed = 0; #Dropped = 0
Target Time = 95.5; Load Intensity = 800.0; #Success = 0; #Failed = 1; #Dropped = 1125
Target Time = 96.5; Load Intensity = 808.0; #Success = 0; #Failed = 0; #Dropped = 0
Target Time = 97.5; Load Intensity = 816.0; #Success = 0; #Failed = 12; #Dropped = 1087
Target Time = 98.5; Load Intensity = 825.0; #Success = 1; #Failed = 3; #Dropped = 678
Target Time = 99.5; Load Intensity = 833.0; #Success = 2; #Failed = 24; #Dropped = 530
Target Time = 100.5; Load Intensity = 841.0; #Success = 0; #Failed = 1; #Dropped = 480
Target Time = 101.5; Load Intensity = 850.0; #Success = 0; #Failed = 3; #Dropped = 626
Target Time = 102.5; Load Intensity = 858.0; #Success = 0; #Failed = 17; #Dropped = 601
Target Time = 103.5; Load Intensity = 866.0; #Success = 0; #Failed = 9; #Dropped = 589
Target Time = 104.5; Load Intensity = 875.0; #Success = 0; #Failed = 19; #Dropped = 622
Target Time = 105.5; Load Intensity = 883.0; #Success = 0; #Failed = 14; #Dropped = 639
Target Time = 106.5; Load Intensity = 891.0; #Success = 0; #Failed = 7; #Dropped = 585
Target Time = 107.5; Load Intensity = 900.0; #Success = 0; #Failed = 15; #Dropped = 686
Target Time = 108.5; Load Intensity = 908.0; #Success = 0; #Failed = 31; #Dropped = 657
Target Time = 109.5; Load Intensity = 916.0; #Success = 0; #Failed = 13; #Dropped = 577
Target Time = 110.5; Load Intensity = 925.0; #Success = 0; #Failed = 2; #Dropped = 833
Target Time = 111.5; Load Intensity = 933.0; #Success = 3; #Failed = 45; #Dropped = 296
Target Time = 112.5; Load Intensity = 941.0; #Success = 0; #Failed = 0; #Dropped = 0
Target Time = 113.5; Load Intensity = 950.0; #Success = 0; #Failed = 0; #Dropped = 0
Target Time = 114.5; Load Intensity = 958.0; #Success = 0; #Failed = 4; #Dropped = 2152
Target Time = 115.5; Load Intensity = 966.0; #Success = 0; #Failed = 17; #Dropped = 989
Target Time = 116.5; Load Intensity = 975.0; #Success = 0; #Failed = 2; #Dropped = 671
Target Time = 117.5; Load Intensity = 983.0; #Success = 0; #Failed = 1; #Dropped = 716
Target Time = 118.5; Load Intensity = 991.0; #Success = 0; #Failed = 0; #Dropped = 0
Target Time = 119.5; Load Intensity = 1000.0; #Success = 0; #Failed = 5; #Dropped = 1546
Target Time = 120.5; Load Intensity = 0.0; #Success = 0; #Failed = 7; #Dropped = 712
Target Time = 121.5; Load Intensity = 0.0; #Success = 0; #Failed = 0; #Dropped = 0
Target Time = 122.5; Load Intensity = 0.0; #Success = 0; #Failed = 0; #Dropped = 0
Target Time = 123.5; Load Intensity = 0.0; #Success = 0; #Failed = 0; #Dropped = 0
Target Time = 124.5; Load Intensity = 0.0; #Success = 0; #Failed = 0; #Dropped = 0
Target Time = 125.5; Load Intensity = 0.0; #Success = 0; #Failed = 1; #Dropped = 3927
Target Time = 126.5; Load Intensity = 0.0; #Success = 0; #Failed = 19; #Dropped = 815
Target Time = 127.5; Load Intensity = 0.0; #Success = 0; #Failed = 1; #Dropped = 727
Target Time = 128.5; Load Intensity = 0.0; #Success = 0; #Failed = 33; #Dropped = 804
Target Time = 129.5; Load Intensity = 0.0; #Success = 0; #Failed = 0; #Dropped = 0
Target Time = 130.5; Load Intensity = 0.0; #Success = 0; #Failed = 1; #Dropped = 1736
Target Time = 131.5; Load Intensity = 0.0; #Success = 0; #Failed = 1; #Dropped = 823
Target Time = 132.5; Load Intensity = 0.0; #Success = 0; #Failed = 0; #Dropped = 0
Target Time = 133.5; Load Intensity = 0.0; #Success = 0; #Failed = 0; #Dropped = 0
Target Time = 134.5; Load Intensity = 0.0; #Success = 0; #Failed = 0; #Dropped = 0
Target Time = 135.5; Load Intensity = 0.0; #Success = 0; #Failed = 0; #Dropped = 0
Target Time = 136.5; Load Intensity = 0.0; #Success = 1; #Failed = 0; #Dropped = 4474
Target Time = 137.5; Load Intensity = 0.0; #Success = 1; #Failed = 0; #Dropped = 168
Target Time = 138.5; Load Intensity = 0.0; #Success = 1; #Failed = 0; #Dropped = 1358
Target Time = 139.5; Load Intensity = 0.0; #Success = 0; #Failed = 4; #Dropped = 1066
Target Time = 140.5; Load Intensity = 0.0; #Success = 0; #Failed = 5; #Dropped = 972
Target Time = 141.5; Load Intensity = 0.0; #Success = 0; #Failed = 10; #Dropped = 868
Target Time = 142.5; Load Intensity = 0.0; #Success = 0; #Failed = 3; #Dropped = 990
Target Time = 143.5; Load Intensity = 0.0; #Success = 0; #Failed = 8; #Dropped = 886
Target Time = 144.5; Load Intensity = 0.0; #Success = 0; #Failed = 10; #Dropped = 1020
  └─ [nitro5:sd] end 02:23:56
Target Time = 145.5; Load Intensity = 0.0; #Success = 0; #Failed = 0; #Dropped = 0
  └─ [nitro5:ram] end 02:23:57
  └─ [nitro5:nic] end 02:23:57
  └─ [nitro5:cpu] end 02:23:58
Target Time = 146.5; Load Intensity = 0.0; #Success = 1; #Failed = 0; #Dropped = 1942
Target Time = 147.5; Load Intensity = 0.0; #Success = 0; #Failed = 0; #Dropped = 0
Target Time = 148.5; Load Intensity = 0.0; #Success = 0; #Failed = 0; #Dropped = 0
Target Time = 149.5; Load Intensity = 0.0; #Success = 4; #Failed = 0; #Dropped = 2373
  └─ [leo:nic] end 02:24:01
Target Time = 150.5; Load Intensity = 0.0; #Success = 0; #Failed = 0; #Dropped = 0
Target Time = 151.5; Load Intensity = 0.0; #Success = 0; #Failed = 0; #Dropped = 0
Target Time = 152.5; Load Intensity = 0.0; #Success = 0; #Failed = 0; #Dropped = 0
Target Time = 153.5; Load Intensity = 0.0; #Success = 0; #Failed = 2; #Dropped = 610
Target Time = 154.5; Load Intensity = 0.0; #Success = 0; #Failed = 3; #Dropped = 0
Target Time = 155.5; Load Intensity = 0.0; #Success = 0; #Failed = 14; #Dropped = 0
  └─ [leo:cpu] end 02:24:07
Target Time = 156.5; Load Intensity = 0.0; #Success = 0; #Failed = 0; #Dropped = 0
  └─ [leo:ram] end 02:24:08
  └─ [leo:sd] end 02:24:08
Target Time = 157.5; Load Intensity = 0.0; #Success = 0; #Failed = 4; #Dropped = 0
Target Time = 158.5; Load Intensity = 0.0; #Success = 1; #Failed = 10; #Dropped = 0
Target Time = 159.5; Load Intensity = 0.0; #Success = 0; #Failed = 4; #Dropped = 0
Target Time = 160.5; Load Intensity = 0.0; #Success = 0; #Failed = 10; #Dropped = 0
Target Time = 161.5; Load Intensity = 0.0; #Success = 0; #Failed = 0; #Dropped = 0
Target Time = 162.5; Load Intensity = 0.0; #Success = 0; #Failed = 9; #Dropped = 0
Target Time = 163.5; Load Intensity = 0.0; #Success = 0; #Failed = 0; #Dropped = 0
Target Time = 164.5; Load Intensity = 0.0; #Success = 0; #Failed = 0; #Dropped = 0
  └─ [aspire:nic] end 02:24:16
  └─ [aspire:cpu] end 02:24:16
Target Time = 165.5; Load Intensity = 0.0; #Success = 0; #Failed = 0; #Dropped = 0
  └─ [aspire:sd] end 02:24:17
Target Time = 166.5; Load Intensity = 0.0; #Success = 0; #Failed = 0; #Dropped = 0
Target Time = 167.5; Load Intensity = 0.0; #Success = 0; #Failed = 0; #Dropped = 0
  └─ [aspire:ram] end 02:24:19
Target Time = 168.5; Load Intensity = 0.0; #Success = 1; #Failed = 0; #Dropped = 0
Target Time = 169.5; Load Intensity = 0.0; #Success = 2; #Failed = 0; #Dropped = 0
Target Time = 170.5; Load Intensity = 0.0; #Success = 1; #Failed = 0; #Dropped = 0
Target Time = 171.5; Load Intensity = 0.0; #Success = 0; #Failed = 0; #Dropped = 0
Target Time = 172.5; Load Intensity = 0.0; #Success = 0; #Failed = 0; #Dropped = 0
  └─ [scorpius:ram] end 02:24:24
  └─ [scorpius:cpu] end 02:24:25
Target Time = 173.5; Load Intensity = 0.0; #Success = 0; #Failed = 0; #Dropped = 0
Target Time = 174.5; Load Intensity = 0.0; #Success = 3; #Failed = 0; #Dropped = 0
  └─ [scorpius:nic] end 02:24:26
  └─ [scorpius:sd] end 02:24:29
=== Bloque 145s terminado - Fase: fase3_carga_medium_iter1 ===
[🧹] Limpiando CSVs internos de ecofloc en cada nodo (fase: fase3_carga_medium_iter1)...
  ✔ [nitro5:cpu] limpiado /home/luish/Documents/p3/ecofloc2/ecofloc/ecofloc-cpu/ECOFLOC_CPU_COMM_text.csv
  ✔ [nitro5:nic] limpiado /home/luish/Documents/p3/ecofloc2/ecofloc/ecofloc-nic/ECOFLOC_NIC_COMM_text.csv
  ✔ [nitro5:ram] limpiado /home/luish/Documents/p3/ecofloc2/ecofloc/ecofloc-ram/ECOFLOC_RAM_COMM_text.csv
  ✔ [nitro5:sd] limpiado /home/luish/Documents/p3/ecofloc2/ecofloc/ecofloc-sd/ECOFLOC_SD_COMM_text.csv
  ✔ [leo:cpu] limpiado /home/leo/ecofloc/ecofloc-cpu/ECOFLOC_CPU_COMM_text.csv
  ✔ [leo:nic] limpiado /home/leo/ecofloc/ecofloc-nic/ECOFLOC_NIC_COMM_text.csv
  ✔ [leo:ram] limpiado /home/leo/ecofloc/ecofloc-ram/ECOFLOC_RAM_COMM_text.csv
  ✔ [leo:sd] limpiado /home/leo/ecofloc/ecofloc-sd/ECOFLOC_SD_COMM_text.csv
  ✔ [aspire:cpu] limpiado /home/luish/Documents/p3/ecofloc2/ecofloc/ecofloc-cpu/ECOFLOC_CPU_COMM_text.csv
  ✔ [aspire:nic] limpiado /home/luish/Documents/p3/ecofloc2/ecofloc/ecofloc-nic/ECOFLOC_NIC_COMM_text.csv
Workload finished.
Log finished.
📄 LIMBO finalizado para scenario=medium
⏳ [02:24:31] Esperando que termine medición: fase3_carga_medium_iter1 (PID: 1894271)
  ✔ [aspire:ram] limpiado /home/luish/Documents/p3/ecofloc2/ecofloc/ecofloc-ram/ECOFLOC_RAM_COMM_text.csv
  ✔ [aspire:sd] limpiado /home/luish/Documents/p3/ecofloc2/ecofloc/ecofloc-sd/ECOFLOC_SD_COMM_text.csv
  ✔ [scorpius:cpu] limpiado /home/scorpius03/Documents/ecofloc/ecofloc-cpu/ECOFLOC_CPU_COMM_text.csv
  ✔ [scorpius:nic] limpiado /home/scorpius03/Documents/ecofloc/ecofloc-nic/ECOFLOC_NIC_COMM_text.csv
  ✔ [scorpius:ram] limpiado /home/scorpius03/Documents/ecofloc/ecofloc-ram/ECOFLOC_RAM_COMM_text.csv
  ✔ [scorpius:sd] limpiado /home/scorpius03/Documents/ecofloc/ecofloc-sd/ECOFLOC_SD_COMM_text.csv
========================================
🔋 MEASURE ENERGY FINALIZADO
   Fase: fase3_carga_medium_iter1
========================================
✔️ [02:24:32] Medición fase3_carga_medium_iter1 completada
[📦] Archivando resultados → ./historyexecutions/exp(02:24:37)_fase3_medium_iter1
[✔] Archivado: ./historyexecutions/exp(02:24:37)_fase3_medium_iter1
🧹 Limpiando TeaStore (iter 1)...
⏸ Esperando 15s para limpieza completa...
✅ Iteración 1 / 13 del escenario medium completada.

########################################################
🔄 ESCENARIO: medium | ITERACIÓN: 2 / 13
   Hora: 02:25:25
########################################################
========================================
🔋 FASE 1: Descarga de imágenes (medium, iter 2)
========================================
📋 Capturando PIDs (gepidstea.sh)...
📋 Capturando PIDs de contenedores (kpsnodos.sh)...
🔋 [02:25:43] Iniciando medición de energía: fase1_descarga_medium_iter2 (25s)
   PID de medición: 2286072
🚀 Desplegando TeaStore desde /home/luish/Documents/death/teastore/TeaStore/examples/kubernetes/teastore-energy-scheduler.yaml...
========================================
🔋 MEASURE ENERGY - Fase: fase1_descarga_medium_iter2
   Duración: 25s
   PID: 2286072
========================================
=== Medición bloque 25s - Fase: fase1_descarga_medium_iter2 ===
[⏱ 02:25:43] Iniciando ecofloc en nitro5 por 25s (fase: fase1_descarga_medium_iter2)
⏳ Esperando a que todos los pods de TeaStore estén Running y Ready...
  ├─ [nitro5:sd] start 02:25:44
  ├─ [nitro5:ram] start 02:25:44
  ├─ [nitro5:nic] start 02:25:44
[⏱ 02:25:45] Iniciando ecofloc en aspire por 25s (fase: fase1_descarga_medium_iter2)
  ├─ [nitro5:cpu] start 02:25:45
  ├─ [aspire:sd] start 02:25:45
  ├─ [aspire:ram] start 02:25:45
[⏱ 02:25:45] Iniciando ecofloc en scorpius por 25s (fase: fase1_descarga_medium_iter2)
  ├─ [aspire:nic] start 02:25:45
  ├─ [aspire:cpu] start 02:25:45
  ├─ [scorpius:sd] start 02:25:45
  ├─ [scorpius:ram] start 02:25:45
[⏱ 02:25:45] Iniciando ecofloc en leo por 25s (fase: fase1_descarga_medium_iter2)
  ├─ [scorpius:nic] start 02:25:45
  ├─ [scorpius:cpu] start 02:25:45
  ├─ [leo:sd] start 02:25:45
  ├─ [leo:ram] start 02:25:45
  ├─ [leo:nic] start 02:25:45
  ├─ [leo:cpu] start 02:25:45
✅ Pods listos.
⏳ [02:25:46] Esperando que termine medición: fase1_descarga_medium_iter2 (PID: 2286072)
  └─ [nitro5:sd] end 02:26:09
  └─ [nitro5:ram] end 02:26:09
  └─ [nitro5:nic] end 02:26:09
  └─ [nitro5:cpu] end 02:26:10
  └─ [aspire:sd] end 02:26:10
  └─ [aspire:cpu] end 02:26:10
  └─ [leo:cpu] end 02:26:11
  └─ [aspire:ram] end 02:26:11
  └─ [scorpius:cpu] end 02:26:11
  └─ [scorpius:sd] end 02:26:11
  └─ [leo:nic] end 02:26:11
  └─ [aspire:nic] end 02:26:11
  └─ [scorpius:nic] end 02:26:12
  └─ [scorpius:ram] end 02:26:12
  └─ [leo:ram] end 02:26:12
=== Bloque 25s terminado - Fase: fase1_descarga_medium_iter2 ===
[🧹] Limpiando CSVs internos de ecofloc en cada nodo (fase: fase1_descarga_medium_iter2)...
  ✔ [nitro5:cpu] limpiado /home/luish/Documents/p3/ecofloc2/ecofloc/ecofloc-cpu/ECOFLOC_CPU_COMM_text.csv
  ✔ [nitro5:nic] limpiado /home/luish/Documents/p3/ecofloc2/ecofloc/ecofloc-nic/ECOFLOC_NIC_COMM_text.csv
  ✔ [nitro5:ram] limpiado /home/luish/Documents/p3/ecofloc2/ecofloc/ecofloc-ram/ECOFLOC_RAM_COMM_text.csv
  ✔ [nitro5:sd] limpiado /home/luish/Documents/p3/ecofloc2/ecofloc/ecofloc-sd/ECOFLOC_SD_COMM_text.csv
  ✔ [leo:cpu] limpiado /home/leo/ecofloc/ecofloc-cpu/ECOFLOC_CPU_COMM_text.csv
  ✔ [leo:nic] limpiado /home/leo/ecofloc/ecofloc-nic/ECOFLOC_NIC_COMM_text.csv
  ✔ [leo:ram] limpiado /home/leo/ecofloc/ecofloc-ram/ECOFLOC_RAM_COMM_text.csv
  ✔ [leo:sd] limpiado /home/leo/ecofloc/ecofloc-sd/ECOFLOC_SD_COMM_text.csv
  ✔ [aspire:cpu] limpiado /home/luish/Documents/p3/ecofloc2/ecofloc/ecofloc-cpu/ECOFLOC_CPU_COMM_text.csv
  ✔ [aspire:nic] limpiado /home/luish/Documents/p3/ecofloc2/ecofloc/ecofloc-nic/ECOFLOC_NIC_COMM_text.csv
  ✔ [aspire:ram] limpiado /home/luish/Documents/p3/ecofloc2/ecofloc/ecofloc-ram/ECOFLOC_RAM_COMM_text.csv
  ✔ [aspire:sd] limpiado /home/luish/Documents/p3/ecofloc2/ecofloc/ecofloc-sd/ECOFLOC_SD_COMM_text.csv
  ✔ [scorpius:cpu] limpiado /home/scorpius03/Documents/ecofloc/ecofloc-cpu/ECOFLOC_CPU_COMM_text.csv
  ✔ [scorpius:nic] limpiado /home/scorpius03/Documents/ecofloc/ecofloc-nic/ECOFLOC_NIC_COMM_text.csv
  ✔ [scorpius:ram] limpiado /home/scorpius03/Documents/ecofloc/ecofloc-ram/ECOFLOC_RAM_COMM_text.csv
  ✔ [scorpius:sd] limpiado /home/scorpius03/Documents/ecofloc/ecofloc-sd/ECOFLOC_SD_COMM_text.csv
========================================
🔋 MEASURE ENERGY FINALIZADO
   Fase: fase1_descarga_medium_iter2
========================================
✔️ [02:26:17] Medición fase1_descarga_medium_iter2 completada
[📦] Archivando resultados → ./historyexecutions/exp(02:26:22)_fase1_medium_iter2
[✔] Archivado: ./historyexecutions/exp(02:26:22)_fase1_medium_iter2
========================================
🔋 FASE 2: Preparación de servicios (medium, iter 2)
========================================
📋 Capturando PIDs (gepidstea.sh)...
📋 Capturando PIDs de contenedores (kpsnodos.sh)...
🔋 [02:26:41] Iniciando medición de energía: fase2_preparacion_medium_iter2 (50s)
   PID de medición: 2351928
========================================
🔋 MEASURE ENERGY - Fase: fase2_preparacion_medium_iter2
   Duración: 50s
   PID: 2351928
========================================
=== Medición bloque 50s - Fase: fase2_preparacion_medium_iter2 ===
[⏱ 02:26:41] Iniciando ecofloc en nitro5 por 50s (fase: fase2_preparacion_medium_iter2)
⏳ Esperando 10s a que CoreDNS se estabilice...
  ├─ [nitro5:sd] start 02:26:42
  ├─ [nitro5:ram] start 02:26:42
  ├─ [nitro5:nic] start 02:26:42
[⏱ 02:26:43] Iniciando ecofloc en aspire por 50s (fase: fase2_preparacion_medium_iter2)
  ├─ [nitro5:cpu] start 02:26:43
  ├─ [aspire:sd] start 02:26:43
  ├─ [aspire:ram] start 02:26:43
[⏱ 02:26:43] Iniciando ecofloc en scorpius por 50s (fase: fase2_preparacion_medium_iter2)
  ├─ [aspire:nic] start 02:26:43
  ├─ [aspire:cpu] start 02:26:43
  ├─ [scorpius:ram] start 02:26:43
  ├─ [scorpius:sd] start 02:26:43
[⏱ 02:26:43] Iniciando ecofloc en leo por 50s (fase: fase2_preparacion_medium_iter2)
  ├─ [scorpius:nic] start 02:26:43
  ├─ [scorpius:cpu] start 02:26:43
  ├─ [leo:sd] start 02:26:43
  ├─ [leo:ram] start 02:26:43
  ├─ [leo:nic] start 02:26:43
  ├─ [leo:cpu] start 02:26:43
➡️ Pod WebUI: teastore-webui-ff7768544-dblsf
➡️ Está en el nodo: scorpius03
🌐 IP del nodo WebUI: 192.168.18.34
⏳ Verificando estado del TeaStore en http://192.168.18.34:30080/tools.descartes.teastore.webui/status ...
   ➤ Estado actual: 5 / 5 servicios OK
✔ TODOS los servicios del TeaStore están OK. Continuando...
⏳ [02:26:57] Esperando que termine medición: fase2_preparacion_medium_iter2 (PID: 2351928)
  └─ [nitro5:sd] end 02:27:32
  └─ [nitro5:ram] end 02:27:32
  └─ [nitro5:nic] end 02:27:32
  └─ [nitro5:cpu] end 02:27:33
  └─ [aspire:sd] end 02:27:34
  └─ [aspire:cpu] end 02:27:34
  └─ [scorpius:sd] end 02:27:35
  └─ [leo:nic] end 02:27:35
  └─ [leo:cpu] end 02:27:35
  └─ [leo:sd] end 02:27:35
  └─ [aspire:nic] end 02:27:35
  └─ [scorpius:cpu] end 02:27:35
  └─ [aspire:ram] end 02:27:35
  └─ [leo:ram] end 02:27:35
  └─ [scorpius:nic] end 02:27:35
  └─ [scorpius:ram] end 02:27:35
=== Bloque 50s terminado - Fase: fase2_preparacion_medium_iter2 ===
[🧹] Limpiando CSVs internos de ecofloc en cada nodo (fase: fase2_preparacion_medium_iter2)...
  ✔ [nitro5:cpu] limpiado /home/luish/Documents/p3/ecofloc2/ecofloc/ecofloc-cpu/ECOFLOC_CPU_COMM_text.csv
  ✔ [nitro5:nic] limpiado /home/luish/Documents/p3/ecofloc2/ecofloc/ecofloc-nic/ECOFLOC_NIC_COMM_text.csv
  ✔ [nitro5:ram] limpiado /home/luish/Documents/p3/ecofloc2/ecofloc/ecofloc-ram/ECOFLOC_RAM_COMM_text.csv
  ✔ [nitro5:sd] limpiado /home/luish/Documents/p3/ecofloc2/ecofloc/ecofloc-sd/ECOFLOC_SD_COMM_text.csv
  ✔ [leo:cpu] limpiado /home/leo/ecofloc/ecofloc-cpu/ECOFLOC_CPU_COMM_text.csv
  ✔ [leo:nic] limpiado /home/leo/ecofloc/ecofloc-nic/ECOFLOC_NIC_COMM_text.csv
  ✔ [leo:ram] limpiado /home/leo/ecofloc/ecofloc-ram/ECOFLOC_RAM_COMM_text.csv
  ✔ [leo:sd] limpiado /home/leo/ecofloc/ecofloc-sd/ECOFLOC_SD_COMM_text.csv
  ✔ [aspire:cpu] limpiado /home/luish/Documents/p3/ecofloc2/ecofloc/ecofloc-cpu/ECOFLOC_CPU_COMM_text.csv
  ✔ [aspire:nic] limpiado /home/luish/Documents/p3/ecofloc2/ecofloc/ecofloc-nic/ECOFLOC_NIC_COMM_text.csv
  ✔ [aspire:ram] limpiado /home/luish/Documents/p3/ecofloc2/ecofloc/ecofloc-ram/ECOFLOC_RAM_COMM_text.csv
  ✔ [aspire:sd] limpiado /home/luish/Documents/p3/ecofloc2/ecofloc/ecofloc-sd/ECOFLOC_SD_COMM_text.csv
  ✔ [scorpius:cpu] limpiado /home/scorpius03/Documents/ecofloc/ecofloc-cpu/ECOFLOC_CPU_COMM_text.csv
  ✔ [scorpius:nic] limpiado /home/scorpius03/Documents/ecofloc/ecofloc-nic/ECOFLOC_NIC_COMM_text.csv
  ✔ [scorpius:ram] limpiado /home/scorpius03/Documents/ecofloc/ecofloc-ram/ECOFLOC_RAM_COMM_text.csv
  ✔ [scorpius:sd] limpiado /home/scorpius03/Documents/ecofloc/ecofloc-sd/ECOFLOC_SD_COMM_text.csv
========================================
🔋 MEASURE ENERGY FINALIZADO
   Fase: fase2_preparacion_medium_iter2
========================================
✔️ [02:27:39] Medición fase2_preparacion_medium_iter2 completada
[📦] Archivando resultados → ./historyexecutions/exp(02:27:44)_fase2_medium_iter2
[✔] Archivado: ./historyexecutions/exp(02:27:44)_fase2_medium_iter2
========================================
🔋 FASE 3: Ejecución de carga (medium, iter 2)
========================================
📋 Capturando PIDs (gepidstea.sh)...
📋 Capturando PIDs de contenedores (kpsnodos.sh)...
🔋 [02:28:04] Iniciando medición de energía: fase3_carga_medium_iter2 (145s)
   PID de medición: 2487099
=== Escenario medium (iter 2) ===
========================================
🔋 MEASURE ENERGY - Fase: fase3_carga_medium_iter2
   Duración: 145s
   PID: 2487099
========================================
=== Medición bloque 145s - Fase: fase3_carga_medium_iter2 ===
🚀 Iniciando LIMBO con profile=/home/luish/Documents/death/teastore/TeaStore/examples/httploadgenerator/increasingMedIntensity.csv y script=/home/luish/Documents/death/teastore/TeaStore/examples/httploadgenerator/teastore_buy.lua
[⏱ 02:28:04] Iniciando ecofloc en nitro5 por 145s (fase: fase3_carga_medium_iter2)
Feb 26, 2026 2:28:04 AM tools.descartes.dlim.httploadgenerator.runner.Director executeDirector
WARNING: No power measurements
Feb 26, 2026 2:28:04 AM tools.descartes.dlim.httploadgenerator.runner.Director executeDirector
INFO: Load Generator Thread Count set to 64
Feb 26, 2026 2:28:04 AM tools.descartes.dlim.httploadgenerator.runner.Director executeDirector
INFO: URL connection timout set to 30000 ms
Feb 26, 2026 2:28:04 AM tools.descartes.dlim.httploadgenerator.runner.Director executeDirector
INFO: Using Lua Script: /home/luish/Documents/death/teastore/TeaStore/examples/httploadgenerator/teastore_buy.lua
Feb 26, 2026 2:28:04 AM tools.descartes.dlim.httploadgenerator.runner.Director process
INFO: Read 120 Arrival Rate Tuples
Load Generator sent: ok
Feb 26, 2026 2:28:04 AM tools.descartes.dlim.httploadgenerator.runner.Director process
INFO: Arrival Rates sent to Load Generator(s).
Load Generator sent: ok
Feb 26, 2026 2:28:04 AM tools.descartes.dlim.httploadgenerator.runner.Director process
INFO: Thread Count sent to Load Generator(s): 64
Load Generator sent: ok
Feb 26, 2026 2:28:04 AM tools.descartes.dlim.httploadgenerator.runner.Director process
INFO: URL connection timeout sent to Load Generator(s): 30000
Load Generator sent: ok
Feb 26, 2026 2:28:04 AM tools.descartes.dlim.httploadgenerator.runner.Director process
INFO: Contents of script sent to Load Generator: /home/luish/Documents/death/teastore/TeaStore/examples/httploadgenerator/teastore_buy.lua
Feb 26, 2026 2:28:04 AM tools.descartes.dlim.httploadgenerator.runner.Director process
INFO: Starting Load Generation
Beginning Run @1772090884747(26.02.2026;02:28:04747)
  ├─ [nitro5:sd] start 02:28:04
Target Time = 0.5; Load Intensity = 8.0; #Success = 0; #Failed = 0; #Dropped = 0
  ├─ [nitro5:ram] start 02:28:05
  ├─ [nitro5:nic] start 02:28:05
[⏱ 02:28:06] Iniciando ecofloc en aspire por 145s (fase: fase3_carga_medium_iter2)
  ├─ [nitro5:cpu] start 02:28:06
  ├─ [aspire:sd] start 02:28:06
  ├─ [aspire:ram] start 02:28:06
  ├─ [aspire:nic] start 02:28:06
[⏱ 02:28:06] Iniciando ecofloc en scorpius por 145s (fase: fase3_carga_medium_iter2)
  ├─ [aspire:cpu] start 02:28:06
  ├─ [scorpius:sd] start 02:28:06
  ├─ [scorpius:ram] start 02:28:06
  ├─ [scorpius:cpu] start 02:28:06
[⏱ 02:28:06] Iniciando ecofloc en leo por 145s (fase: fase3_carga_medium_iter2)
  ├─ [scorpius:nic] start 02:28:06
  ├─ [leo:sd] start 02:28:06
  ├─ [leo:ram] start 02:28:06
  ├─ [leo:cpu] start 02:28:06
  ├─ [leo:nic] start 02:28:06
Target Time = 1.5; Load Intensity = 16.0; #Success = 1; #Failed = 0; #Dropped = 0
Target Time = 2.5; Load Intensity = 25.0; #Success = 2; #Failed = 0; #Dropped = 0
Target Time = 3.5; Load Intensity = 33.0; #Success = 2; #Failed = 0; #Dropped = 0
Target Time = 4.5; Load Intensity = 41.0; #Success = 5; #Failed = 0; #Dropped = 0
Target Time = 5.5; Load Intensity = 50.0; #Success = 4; #Failed = 0; #Dropped = 0
Target Time = 6.5; Load Intensity = 58.0; #Success = 4; #Failed = 0; #Dropped = 0
Target Time = 7.5; Load Intensity = 66.0; #Success = 2; #Failed = 0; #Dropped = 0
Target Time = 8.5; Load Intensity = 75.0; #Success = 0; #Failed = 0; #Dropped = 0
Target Time = 9.5; Load Intensity = 83.0; #Success = 0; #Failed = 0; #Dropped = 0
Target Time = 10.5; Load Intensity = 91.0; #Success = 0; #Failed = 0; #Dropped = 0
Target Time = 11.5; Load Intensity = 100.0; #Success = 0; #Failed = 0; #Dropped = 0
Target Time = 12.5; Load Intensity = 108.0; #Success = 0; #Failed = 4; #Dropped = 0
Target Time = 13.5; Load Intensity = 116.0; #Success = 0; #Failed = 2; #Dropped = 0
Target Time = 14.5; Load Intensity = 125.0; #Success = 0; #Failed = 8; #Dropped = 0
Target Time = 15.5; Load Intensity = 133.0; #Success = 0; #Failed = 2; #Dropped = 0
Target Time = 16.5; Load Intensity = 141.0; #Success = 1; #Failed = 0; #Dropped = 0
Target Time = 17.5; Load Intensity = 150.0; #Success = 0; #Failed = 7; #Dropped = 0
Target Time = 18.5; Load Intensity = 158.0; #Success = 0; #Failed = 12; #Dropped = 0
Target Time = 19.5; Load Intensity = 166.0; #Success = 3; #Failed = 6; #Dropped = 0
Target Time = 20.5; Load Intensity = 175.0; #Success = 3; #Failed = 5; #Dropped = 0
Target Time = 21.5; Load Intensity = 183.0; #Success = 1; #Failed = 2; #Dropped = 0
Target Time = 22.5; Load Intensity = 191.0; #Success = 2; #Failed = 3; #Dropped = 0
Target Time = 23.5; Load Intensity = 200.0; #Success = 0; #Failed = 0; #Dropped = 0
Target Time = 24.5; Load Intensity = 208.0; #Success = 3; #Failed = 1; #Dropped = 0
Target Time = 25.5; Load Intensity = 216.0; #Success = 4; #Failed = 2; #Dropped = 0
Target Time = 26.5; Load Intensity = 225.0; #Success = 0; #Failed = 6; #Dropped = 0
Target Time = 27.5; Load Intensity = 233.0; #Success = 0; #Failed = 6; #Dropped = 0
Target Time = 28.5; Load Intensity = 241.0; #Success = 2; #Failed = 2; #Dropped = 0
Target Time = 29.5; Load Intensity = 250.0; #Success = 0; #Failed = 0; #Dropped = 0
Target Time = 30.5; Load Intensity = 258.0; #Success = 0; #Failed = 0; #Dropped = 0
Target Time = 31.5; Load Intensity = 266.0; #Success = 0; #Failed = 0; #Dropped = 0
Target Time = 32.5; Load Intensity = 275.0; #Success = 3; #Failed = 6; #Dropped = 0
Target Time = 33.5; Load Intensity = 283.0; #Success = 1; #Failed = 0; #Dropped = 0
Target Time = 34.5; Load Intensity = 291.0; #Success = 0; #Failed = 6; #Dropped = 0
Target Time = 35.5; Load Intensity = 300.0; #Success = 1; #Failed = 11; #Dropped = 0
Target Time = 36.5; Load Intensity = 308.0; #Success = 0; #Failed = 0; #Dropped = 0
Target Time = 37.5; Load Intensity = 316.0; #Success = 0; #Failed = 0; #Dropped = 0
Target Time = 38.5; Load Intensity = 325.0; #Success = 0; #Failed = 0; #Dropped = 0
Target Time = 39.5; Load Intensity = 333.0; #Success = 0; #Failed = 0; #Dropped = 0
Target Time = 40.5; Load Intensity = 341.0; #Success = 0; #Failed = 0; #Dropped = 0
Target Time = 41.5; Load Intensity = 350.0; #Success = 0; #Failed = 0; #Dropped = 0
Target Time = 42.5; Load Intensity = 358.0; #Success = 0; #Failed = 0; #Dropped = 0
Target Time = 43.5; Load Intensity = 366.0; #Success = 0; #Failed = 0; #Dropped = 0
Target Time = 44.5; Load Intensity = 375.0; #Success = 1; #Failed = 4; #Dropped = 764
Target Time = 45.5; Load Intensity = 383.0; #Success = 2; #Failed = 2; #Dropped = 148
Target Time = 46.5; Load Intensity = 391.0; #Success = 4; #Failed = 0; #Dropped = 123
Target Time = 47.5; Load Intensity = 400.0; #Success = 4; #Failed = 0; #Dropped = 169
Target Time = 48.5; Load Intensity = 408.0; #Success = 1; #Failed = 0; #Dropped = 65
Target Time = 49.5; Load Intensity = 416.0; #Success = 3; #Failed = 1; #Dropped = 245
Target Time = 50.5; Load Intensity = 425.0; #Success = 2; #Failed = 0; #Dropped = 180
Target Time = 51.5; Load Intensity = 433.0; #Success = 3; #Failed = 1; #Dropped = 171
Target Time = 52.5; Load Intensity = 441.0; #Success = 5; #Failed = 2; #Dropped = 182
Target Time = 53.5; Load Intensity = 450.0; #Success = 0; #Failed = 2; #Dropped = 202
Target Time = 54.5; Load Intensity = 458.0; #Success = 1; #Failed = 5; #Dropped = 106
Target Time = 55.5; Load Intensity = 466.0; #Success = 0; #Failed = 11; #Dropped = 304
Target Time = 56.5; Load Intensity = 475.0; #Success = 1; #Failed = 3; #Dropped = 176
Target Time = 57.5; Load Intensity = 483.0; #Success = 0; #Failed = 9; #Dropped = 225
Target Time = 58.5; Load Intensity = 491.0; #Success = 1; #Failed = 10; #Dropped = 254
Target Time = 59.5; Load Intensity = 500.0; #Success = 0; #Failed = 2; #Dropped = 154
Target Time = 60.5; Load Intensity = 508.0; #Success = 3; #Failed = 0; #Dropped = 363
Target Time = 61.5; Load Intensity = 516.0; #Success = 0; #Failed = 0; #Dropped = 0
Target Time = 62.5; Load Intensity = 525.0; #Success = 5; #Failed = 0; #Dropped = 364
Target Time = 63.5; Load Intensity = 533.0; #Success = 2; #Failed = 0; #Dropped = 378
Target Time = 64.5; Load Intensity = 541.0; #Success = 1; #Failed = 0; #Dropped = 138
Target Time = 65.5; Load Intensity = 550.0; #Success = 2; #Failed = 0; #Dropped = 265
Target Time = 66.5; Load Intensity = 558.0; #Success = 0; #Failed = 0; #Dropped = 0
Target Time = 67.5; Load Intensity = 566.0; #Success = 2; #Failed = 0; #Dropped = 924
Target Time = 68.5; Load Intensity = 575.0; #Success = 3; #Failed = 0; #Dropped = 291
Target Time = 69.5; Load Intensity = 583.0; #Success = 3; #Failed = 0; #Dropped = 324
Target Time = 70.5; Load Intensity = 591.0; #Success = 1; #Failed = 0; #Dropped = 89
Target Time = 71.5; Load Intensity = 600.0; #Success = 3; #Failed = 3; #Dropped = 536
Target Time = 72.5; Load Intensity = 608.0; #Success = 2; #Failed = 1; #Dropped = 340
Target Time = 73.5; Load Intensity = 616.0; #Success = 1; #Failed = 8; #Dropped = 422
Target Time = 74.5; Load Intensity = 625.0; #Success = 6; #Failed = 1; #Dropped = 351
Target Time = 75.5; Load Intensity = 633.0; #Success = 2; #Failed = 0; #Dropped = 227
Target Time = 76.5; Load Intensity = 641.0; #Success = 0; #Failed = 1; #Dropped = 223
Target Time = 77.5; Load Intensity = 650.0; #Success = 1; #Failed = 1; #Dropped = 492
Target Time = 78.5; Load Intensity = 658.0; #Success = 0; #Failed = 0; #Dropped = 0
Target Time = 79.5; Load Intensity = 666.0; #Success = 3; #Failed = 1; #Dropped = 1075
Target Time = 80.5; Load Intensity = 675.0; #Success = 0; #Failed = 1; #Dropped = 120
Target Time = 81.5; Load Intensity = 683.0; #Success = 0; #Failed = 2; #Dropped = 680
Target Time = 82.5; Load Intensity = 691.0; #Success = 1; #Failed = 0; #Dropped = 369
Target Time = 83.5; Load Intensity = 700.0; #Success = 0; #Failed = 0; #Dropped = 0
Target Time = 84.5; Load Intensity = 708.0; #Success = 0; #Failed = 0; #Dropped = 0
Target Time = 85.5; Load Intensity = 716.0; #Success = 0; #Failed = 1; #Dropped = 1244
Target Time = 86.5; Load Intensity = 725.0; #Success = 1; #Failed = 2; #Dropped = 683
Target Time = 87.5; Load Intensity = 733.0; #Success = 2; #Failed = 0; #Dropped = 574
Target Time = 88.5; Load Intensity = 741.0; #Success = 4; #Failed = 0; #Dropped = 303
Target Time = 89.5; Load Intensity = 750.0; #Success = 3; #Failed = 1; #Dropped = 556
Target Time = 90.5; Load Intensity = 758.0; #Success = 3; #Failed = 0; #Dropped = 548
Target Time = 91.5; Load Intensity = 766.0; #Success = 0; #Failed = 1; #Dropped = 427
Target Time = 92.5; Load Intensity = 775.0; #Success = 3; #Failed = 5; #Dropped = 525
Target Time = 93.5; Load Intensity = 783.0; #Success = 1; #Failed = 4; #Dropped = 642
Target Time = 94.5; Load Intensity = 791.0; #Success = 1; #Failed = 2; #Dropped = 324
Target Time = 95.5; Load Intensity = 800.0; #Success = 1; #Failed = 3; #Dropped = 658
Target Time = 96.5; Load Intensity = 808.0; #Success = 0; #Failed = 6; #Dropped = 509
Target Time = 97.5; Load Intensity = 816.0; #Success = 0; #Failed = 9; #Dropped = 704
Target Time = 98.5; Load Intensity = 825.0; #Success = 0; #Failed = 9; #Dropped = 464
Target Time = 99.5; Load Intensity = 833.0; #Success = 0; #Failed = 6; #Dropped = 621
Target Time = 100.5; Load Intensity = 841.0; #Success = 0; #Failed = 7; #Dropped = 582
Target Time = 101.5; Load Intensity = 850.0; #Success = 2; #Failed = 6; #Dropped = 639
Target Time = 102.5; Load Intensity = 858.0; #Success = 0; #Failed = 0; #Dropped = 0
Target Time = 103.5; Load Intensity = 866.0; #Success = 2; #Failed = 7; #Dropped = 1153
Target Time = 104.5; Load Intensity = 875.0; #Success = 4; #Failed = 1; #Dropped = 695
Target Time = 105.5; Load Intensity = 883.0; #Success = 4; #Failed = 0; #Dropped = 629
Target Time = 106.5; Load Intensity = 891.0; #Success = 0; #Failed = 0; #Dropped = 0
Target Time = 107.5; Load Intensity = 900.0; #Success = 1; #Failed = 0; #Dropped = 844
Target Time = 108.5; Load Intensity = 908.0; #Success = 7; #Failed = 0; #Dropped = 867
Target Time = 109.5; Load Intensity = 916.0; #Success = 2; #Failed = 0; #Dropped = 704
Target Time = 110.5; Load Intensity = 925.0; #Success = 2; #Failed = 0; #Dropped = 724
Target Time = 111.5; Load Intensity = 933.0; #Success = 3; #Failed = 0; #Dropped = 723
Target Time = 112.5; Load Intensity = 941.0; #Success = 3; #Failed = 0; #Dropped = 768
Target Time = 113.5; Load Intensity = 950.0; #Success = 1; #Failed = 0; #Dropped = 595
Target Time = 114.5; Load Intensity = 958.0; #Success = 0; #Failed = 2; #Dropped = 312
Target Time = 115.5; Load Intensity = 966.0; #Success = 3; #Failed = 0; #Dropped = 1132
Target Time = 116.5; Load Intensity = 975.0; #Success = 1; #Failed = 0; #Dropped = 351
Target Time = 117.5; Load Intensity = 983.0; #Success = 0; #Failed = 0; #Dropped = 0
Target Time = 118.5; Load Intensity = 991.0; #Success = 1; #Failed = 0; #Dropped = 1781
Target Time = 119.5; Load Intensity = 1000.0; #Success = 7; #Failed = 0; #Dropped = 865
Target Time = 120.5; Load Intensity = 0.0; #Success = 0; #Failed = 0; #Dropped = 0
Target Time = 121.5; Load Intensity = 0.0; #Success = 0; #Failed = 0; #Dropped = 0
Target Time = 122.5; Load Intensity = 0.0; #Success = 0; #Failed = 0; #Dropped = 0
Target Time = 123.5; Load Intensity = 0.0; #Success = 0; #Failed = 0; #Dropped = 0
Target Time = 124.5; Load Intensity = 0.0; #Success = 1; #Failed = 2; #Dropped = 3509
Target Time = 125.5; Load Intensity = 0.0; #Success = 3; #Failed = 0; #Dropped = 1045
Target Time = 126.5; Load Intensity = 0.0; #Success = 6; #Failed = 1; #Dropped = 837
Target Time = 127.5; Load Intensity = 0.0; #Success = 3; #Failed = 4; #Dropped = 830
Target Time = 128.5; Load Intensity = 0.0; #Success = 4; #Failed = 0; #Dropped = 690
Target Time = 129.5; Load Intensity = 0.0; #Success = 3; #Failed = 4; #Dropped = 649
Target Time = 130.5; Load Intensity = 0.0; #Success = 5; #Failed = 0; #Dropped = 1191
Target Time = 131.5; Load Intensity = 0.0; #Success = 1; #Failed = 2; #Dropped = 353
Target Time = 132.5; Load Intensity = 0.0; #Success = 1; #Failed = 3; #Dropped = 1395
Target Time = 133.5; Load Intensity = 0.0; #Success = 4; #Failed = 1; #Dropped = 529
Target Time = 134.5; Load Intensity = 0.0; #Success = 0; #Failed = 1; #Dropped = 639
Target Time = 135.5; Load Intensity = 0.0; #Success = 0; #Failed = 7; #Dropped = 1443
Target Time = 136.5; Load Intensity = 0.0; #Success = 0; #Failed = 4; #Dropped = 267
Target Time = 137.5; Load Intensity = 0.0; #Success = 2; #Failed = 0; #Dropped = 1178
Target Time = 138.5; Load Intensity = 0.0; #Success = 2; #Failed = 0; #Dropped = 947
Target Time = 139.5; Load Intensity = 0.0; #Success = 1; #Failed = 2; #Dropped = 950
Target Time = 140.5; Load Intensity = 0.0; #Success = 1; #Failed = 5; #Dropped = 1047
Target Time = 141.5; Load Intensity = 0.0; #Success = 0; #Failed = 3; #Dropped = 926
Target Time = 142.5; Load Intensity = 0.0; #Success = 0; #Failed = 9; #Dropped = 1001
Target Time = 143.5; Load Intensity = 0.0; #Success = 0; #Failed = 9; #Dropped = 920
  └─ [nitro5:sd] end 02:30:29
Target Time = 144.5; Load Intensity = 0.0; #Success = 0; #Failed = 5; #Dropped = 1043
Target Time = 145.5; Load Intensity = 0.0; #Success = 2; #Failed = 5; #Dropped = 952
  └─ [nitro5:ram] end 02:30:30
  └─ [nitro5:nic] end 02:30:30
  └─ [nitro5:cpu] end 02:30:31
Target Time = 146.5; Load Intensity = 0.0; #Success = 0; #Failed = 6; #Dropped = 622
Target Time = 147.5; Load Intensity = 0.0; #Success = 0; #Failed = 1; #Dropped = 815
Target Time = 148.5; Load Intensity = 0.0; #Success = 0; #Failed = 0; #Dropped = 0
  └─ [aspire:cpu] end 02:30:33
  └─ [aspire:sd] end 02:30:34
Target Time = 149.5; Load Intensity = 0.0; #Success = 0; #Failed = 0; #Dropped = 0
  └─ [aspire:nic] end 02:30:34
Target Time = 150.5; Load Intensity = 0.0; #Success = 0; #Failed = 0; #Dropped = 0
Target Time = 151.5; Load Intensity = 0.0; #Success = 0; #Failed = 0; #Dropped = 0
  └─ [aspire:ram] end 02:30:36
  └─ [leo:sd] end 02:30:36
  └─ [leo:nic] end 02:30:36
  └─ [leo:cpu] end 02:30:37
Target Time = 152.5; Load Intensity = 0.0; #Success = 0; #Failed = 5; #Dropped = 2511
Target Time = 153.5; Load Intensity = 0.0; #Success = 0; #Failed = 1; #Dropped = 0
  └─ [leo:ram] end 02:30:38
Target Time = 154.5; Load Intensity = 0.0; #Success = 1; #Failed = 22; #Dropped = 0
Target Time = 155.5; Load Intensity = 0.0; #Success = 0; #Failed = 2; #Dropped = 0
Target Time = 156.5; Load Intensity = 0.0; #Success = 1; #Failed = 0; #Dropped = 0
Target Time = 157.5; Load Intensity = 0.0; #Success = 0; #Failed = 2; #Dropped = 0
Target Time = 158.5; Load Intensity = 0.0; #Success = 0; #Failed = 0; #Dropped = 0
Target Time = 159.5; Load Intensity = 0.0; #Success = 0; #Failed = 0; #Dropped = 0
Target Time = 160.5; Load Intensity = 0.0; #Success = 0; #Failed = 2; #Dropped = 0
Target Time = 161.5; Load Intensity = 0.0; #Success = 0; #Failed = 24; #Dropped = 0
Target Time = 162.5; Load Intensity = 0.0; #Success = 0; #Failed = 1; #Dropped = 0
Target Time = 163.5; Load Intensity = 0.0; #Success = 1; #Failed = 0; #Dropped = 0
Target Time = 164.5; Load Intensity = 0.0; #Success = 0; #Failed = 0; #Dropped = 0
Target Time = 165.5; Load Intensity = 0.0; #Success = 0; #Failed = 0; #Dropped = 0
Target Time = 166.5; Load Intensity = 0.0; #Success = 0; #Failed = 0; #Dropped = 0
Target Time = 167.5; Load Intensity = 0.0; #Success = 0; #Failed = 0; #Dropped = 0
Target Time = 168.5; Load Intensity = 0.0; #Success = 0; #Failed = 0; #Dropped = 0
Target Time = 169.5; Load Intensity = 0.0; #Success = 0; #Failed = 0; #Dropped = 0
Target Time = 170.5; Load Intensity = 0.0; #Success = 0; #Failed = 0; #Dropped = 0
Target Time = 171.5; Load Intensity = 0.0; #Success = 0; #Failed = 0; #Dropped = 0
Target Time = 172.5; Load Intensity = 0.0; #Success = 0; #Failed = 0; #Dropped = 0
Target Time = 173.5; Load Intensity = 0.0; #Success = 1; #Failed = 0; #Dropped = 0
Target Time = 174.5; Load Intensity = 0.0; #Success = 0; #Failed = 0; #Dropped = 0
Target Time = 175.5; Load Intensity = 0.0; #Success = 1; #Failed = 0; #Dropped = 0
Workload finished.
Log finished.
📄 LIMBO finalizado para scenario=medium
⏳ [02:31:05] Esperando que termine medición: fase3_carga_medium_iter2 (PID: 2487099)
  └─ [scorpius:ram] end 02:31:15
  └─ [scorpius:cpu] end 02:31:19
  └─ [scorpius:sd] end 02:31:21
=== Bloque 145s terminado - Fase: fase3_carga_medium_iter2 ===
[🧹] Limpiando CSVs internos de ecofloc en cada nodo (fase: fase3_carga_medium_iter2)...
  ✔ [nitro5:cpu] limpiado /home/luish/Documents/p3/ecofloc2/ecofloc/ecofloc-cpu/ECOFLOC_CPU_COMM_text.csv
  ✔ [nitro5:nic] limpiado /home/luish/Documents/p3/ecofloc2/ecofloc/ecofloc-nic/ECOFLOC_NIC_COMM_text.csv
  ✔ [nitro5:ram] limpiado /home/luish/Documents/p3/ecofloc2/ecofloc/ecofloc-ram/ECOFLOC_RAM_COMM_text.csv
  ✔ [nitro5:sd] limpiado /home/luish/Documents/p3/ecofloc2/ecofloc/ecofloc-sd/ECOFLOC_SD_COMM_text.csv
  ✔ [leo:cpu] limpiado /home/leo/ecofloc/ecofloc-cpu/ECOFLOC_CPU_COMM_text.csv
  ✔ [leo:nic] limpiado /home/leo/ecofloc/ecofloc-nic/ECOFLOC_NIC_COMM_text.csv
  ✔ [leo:ram] limpiado /home/leo/ecofloc/ecofloc-ram/ECOFLOC_RAM_COMM_text.csv
  ✔ [leo:sd] limpiado /home/leo/ecofloc/ecofloc-sd/ECOFLOC_SD_COMM_text.csv
  ✔ [aspire:cpu] limpiado /home/luish/Documents/p3/ecofloc2/ecofloc/ecofloc-cpu/ECOFLOC_CPU_COMM_text.csv
  ✔ [aspire:nic] limpiado /home/luish/Documents/p3/ecofloc2/ecofloc/ecofloc-nic/ECOFLOC_NIC_COMM_text.csv
  ✔ [aspire:ram] limpiado /home/luish/Documents/p3/ecofloc2/ecofloc/ecofloc-ram/ECOFLOC_RAM_COMM_text.csv
  ✔ [aspire:sd] limpiado /home/luish/Documents/p3/ecofloc2/ecofloc/ecofloc-sd/ECOFLOC_SD_COMM_text.csv
  ✔ [scorpius:cpu] limpiado /home/scorpius03/Documents/ecofloc/ecofloc-cpu/ECOFLOC_CPU_COMM_text.csv
  ✔ [scorpius:nic] limpiado /home/scorpius03/Documents/ecofloc/ecofloc-nic/ECOFLOC_NIC_COMM_text.csv
  ✔ [scorpius:ram] limpiado /home/scorpius03/Documents/ecofloc/ecofloc-ram/ECOFLOC_RAM_COMM_text.csv
  ✔ [scorpius:sd] limpiado /home/scorpius03/Documents/ecofloc/ecofloc-sd/ECOFLOC_SD_COMM_text.csv
========================================
🔋 MEASURE ENERGY FINALIZADO
   Fase: fase3_carga_medium_iter2
========================================
✔️ [02:31:26] Medición fase3_carga_medium_iter2 completada
[📦] Archivando resultados → ./historyexecutions/exp(02:31:31)_fase3_medium_iter2
[✔] Archivado: ./historyexecutions/exp(02:31:31)_fase3_medium_iter2
🧹 Limpiando TeaStore (iter 2)...
⏸ Esperando 15s para limpieza completa...
✅ Iteración 2 / 13 del escenario medium completada.

########################################################
🔄 ESCENARIO: medium | ITERACIÓN: 3 / 13
   Hora: 02:32:20
########################################################
========================================
🔋 FASE 1: Descarga de imágenes (medium, iter 3)
========================================
📋 Capturando PIDs (gepidstea.sh)...
📋 Capturando PIDs de contenedores (kpsnodos.sh)...
🔋 [02:32:40] Iniciando medición de energía: fase1_descarga_medium_iter3 (25s)
   PID de medición: 2824971
🚀 Desplegando TeaStore desde /home/luish/Documents/death/teastore/TeaStore/examples/kubernetes/teastore-energy-scheduler.yaml...
========================================
🔋 MEASURE ENERGY - Fase: fase1_descarga_medium_iter3
   Duración: 25s
   PID: 2824971
========================================
=== Medición bloque 25s - Fase: fase1_descarga_medium_iter3 ===
[⏱ 02:32:40] Iniciando ecofloc en nitro5 por 25s (fase: fase1_descarga_medium_iter3)
⏳ Esperando a que todos los pods de TeaStore estén Running y Ready...
  ├─ [nitro5:sd] start 02:32:40
  ├─ [nitro5:ram] start 02:32:40
  ├─ [nitro5:nic] start 02:32:41
[⏱ 02:32:41] Iniciando ecofloc en aspire por 25s (fase: fase1_descarga_medium_iter3)
  ├─ [nitro5:cpu] start 02:32:41
  ├─ [aspire:sd] start 02:32:41
[⏱ 02:32:41] Iniciando ecofloc en scorpius por 25s (fase: fase1_descarga_medium_iter3)
  ├─ [aspire:cpu] start 02:32:41
  ├─ [aspire:nic] start 02:32:41
  ├─ [aspire:ram] start 02:32:41
  ├─ [scorpius:sd] start 02:32:41
  ├─ [scorpius:ram] start 02:32:41
  ├─ [scorpius:nic] start 02:32:41
[⏱ 02:32:41] Iniciando ecofloc en leo por 25s (fase: fase1_descarga_medium_iter3)
  ├─ [leo:ram] start 02:32:41
  ├─ [leo:sd] start 02:32:41
  ├─ [scorpius:cpu] start 02:32:41
  ├─ [leo:nic] start 02:32:41
  ├─ [leo:cpu] start 02:32:41
✅ Pods listos.
⏳ [02:32:43] Esperando que termine medición: fase1_descarga_medium_iter3 (PID: 2824971)
  └─ [nitro5:ram] end 02:33:05
  └─ [nitro5:sd] end 02:33:05
  └─ [nitro5:nic] end 02:33:06
  └─ [nitro5:cpu] end 02:33:06
  └─ [aspire:sd] end 02:33:07
  └─ [leo:sd] end 02:33:07
  └─ [aspire:cpu] end 02:33:07
  └─ [leo:cpu] end 02:33:07
  └─ [scorpius:sd] end 02:33:08
  └─ [aspire:nic] end 02:33:08
  └─ [scorpius:cpu] end 02:33:08
  └─ [leo:nic] end 02:33:08
  └─ [aspire:ram] end 02:33:08
  └─ [leo:ram] end 02:33:08
  └─ [scorpius:nic] end 02:33:08
  └─ [scorpius:ram] end 02:33:09
=== Bloque 25s terminado - Fase: fase1_descarga_medium_iter3 ===
[🧹] Limpiando CSVs internos de ecofloc en cada nodo (fase: fase1_descarga_medium_iter3)...
  ✔ [nitro5:cpu] limpiado /home/luish/Documents/p3/ecofloc2/ecofloc/ecofloc-cpu/ECOFLOC_CPU_COMM_text.csv
  ✔ [nitro5:nic] limpiado /home/luish/Documents/p3/ecofloc2/ecofloc/ecofloc-nic/ECOFLOC_NIC_COMM_text.csv
  ✔ [nitro5:ram] limpiado /home/luish/Documents/p3/ecofloc2/ecofloc/ecofloc-ram/ECOFLOC_RAM_COMM_text.csv
  ✔ [nitro5:sd] limpiado /home/luish/Documents/p3/ecofloc2/ecofloc/ecofloc-sd/ECOFLOC_SD_COMM_text.csv
  ✔ [leo:cpu] limpiado /home/leo/ecofloc/ecofloc-cpu/ECOFLOC_CPU_COMM_text.csv
  ✔ [leo:nic] limpiado /home/leo/ecofloc/ecofloc-nic/ECOFLOC_NIC_COMM_text.csv
  ✔ [leo:ram] limpiado /home/leo/ecofloc/ecofloc-ram/ECOFLOC_RAM_COMM_text.csv
  ✔ [leo:sd] limpiado /home/leo/ecofloc/ecofloc-sd/ECOFLOC_SD_COMM_text.csv
  ✔ [aspire:cpu] limpiado /home/luish/Documents/p3/ecofloc2/ecofloc/ecofloc-cpu/ECOFLOC_CPU_COMM_text.csv
  ✔ [aspire:nic] limpiado /home/luish/Documents/p3/ecofloc2/ecofloc/ecofloc-nic/ECOFLOC_NIC_COMM_text.csv
  ✔ [aspire:ram] limpiado /home/luish/Documents/p3/ecofloc2/ecofloc/ecofloc-ram/ECOFLOC_RAM_COMM_text.csv
  ✔ [aspire:sd] limpiado /home/luish/Documents/p3/ecofloc2/ecofloc/ecofloc-sd/ECOFLOC_SD_COMM_text.csv
  ✔ [scorpius:cpu] limpiado /home/scorpius03/Documents/ecofloc/ecofloc-cpu/ECOFLOC_CPU_COMM_text.csv
  ✔ [scorpius:nic] limpiado /home/scorpius03/Documents/ecofloc/ecofloc-nic/ECOFLOC_NIC_COMM_text.csv
  ✔ [scorpius:ram] limpiado /home/scorpius03/Documents/ecofloc/ecofloc-ram/ECOFLOC_RAM_COMM_text.csv
  ✔ [scorpius:sd] limpiado /home/scorpius03/Documents/ecofloc/ecofloc-sd/ECOFLOC_SD_COMM_text.csv
========================================
🔋 MEASURE ENERGY FINALIZADO
   Fase: fase1_descarga_medium_iter3
========================================
✔️ [02:33:14] Medición fase1_descarga_medium_iter3 completada
[📦] Archivando resultados → ./historyexecutions/exp(02:33:19)_fase1_medium_iter3
[✔] Archivado: ./historyexecutions/exp(02:33:19)_fase1_medium_iter3
========================================
🔋 FASE 2: Preparación de servicios (medium, iter 3)
========================================
📋 Capturando PIDs (gepidstea.sh)...
📋 Capturando PIDs de contenedores (kpsnodos.sh)...
🔋 [02:33:37] Iniciando medición de energía: fase2_preparacion_medium_iter3 (50s)
   PID de medición: 2885842
========================================
🔋 MEASURE ENERGY - Fase: fase2_preparacion_medium_iter3
   Duración: 50s
   PID: 2885842
========================================
=== Medición bloque 50s - Fase: fase2_preparacion_medium_iter3 ===
[⏱ 02:33:37] Iniciando ecofloc en nitro5 por 50s (fase: fase2_preparacion_medium_iter3)
⏳ Esperando 10s a que CoreDNS se estabilice...
  ├─ [nitro5:sd] start 02:33:38
  ├─ [nitro5:ram] start 02:33:38
  ├─ [nitro5:nic] start 02:33:39
[⏱ 02:33:39] Iniciando ecofloc en aspire por 50s (fase: fase2_preparacion_medium_iter3)
  ├─ [nitro5:cpu] start 02:33:39
  ├─ [aspire:sd] start 02:33:39
  ├─ [aspire:ram] start 02:33:39
[⏱ 02:33:39] Iniciando ecofloc en scorpius por 50s (fase: fase2_preparacion_medium_iter3)
  ├─ [aspire:nic] start 02:33:39
  ├─ [aspire:cpu] start 02:33:39
  ├─ [scorpius:sd] start 02:33:39
  ├─ [scorpius:nic] start 02:33:39
[⏱ 02:33:39] Iniciando ecofloc en leo por 50s (fase: fase2_preparacion_medium_iter3)
  ├─ [scorpius:cpu] start 02:33:39
  ├─ [scorpius:ram] start 02:33:39
  ├─ [leo:sd] start 02:33:39
  ├─ [leo:ram] start 02:33:39
  ├─ [leo:nic] start 02:33:39
  ├─ [leo:cpu] start 02:33:39
➡️ Pod WebUI: teastore-webui-ff7768544-lnvtb
➡️ Está en el nodo: luish-nitro-an515-57
🌐 IP del nodo WebUI: 192.168.18.27
⏳ Verificando estado del TeaStore en http://192.168.18.27:30080/tools.descartes.teastore.webui/status ...
   ➤ Estado actual: 5 / 5 servicios OK
✔ TODOS los servicios del TeaStore están OK. Continuando...
⏳ [02:33:51] Esperando que termine medición: fase2_preparacion_medium_iter3 (PID: 2885842)
  └─ [nitro5:sd] end 02:34:28
  └─ [nitro5:ram] end 02:34:28
  └─ [nitro5:nic] end 02:34:29
  └─ [nitro5:cpu] end 02:34:29
  └─ [aspire:cpu] end 02:34:30
  └─ [aspire:sd] end 02:34:30
  └─ [aspire:nic] end 02:34:30
  └─ [aspire:ram] end 02:34:31
  └─ [leo:cpu] end 02:34:32
  └─ [scorpius:cpu] end 02:34:32
  └─ [leo:sd] end 02:34:32
  └─ [scorpius:nic] end 02:34:32
  └─ [scorpius:sd] end 02:34:32
  └─ [leo:nic] end 02:34:32
  └─ [leo:ram] end 02:34:33
  └─ [scorpius:ram] end 02:34:33
=== Bloque 50s terminado - Fase: fase2_preparacion_medium_iter3 ===
[🧹] Limpiando CSVs internos de ecofloc en cada nodo (fase: fase2_preparacion_medium_iter3)...
  ✔ [nitro5:cpu] limpiado /home/luish/Documents/p3/ecofloc2/ecofloc/ecofloc-cpu/ECOFLOC_CPU_COMM_text.csv
  ✔ [nitro5:nic] limpiado /home/luish/Documents/p3/ecofloc2/ecofloc/ecofloc-nic/ECOFLOC_NIC_COMM_text.csv
  ✔ [nitro5:ram] limpiado /home/luish/Documents/p3/ecofloc2/ecofloc/ecofloc-ram/ECOFLOC_RAM_COMM_text.csv
  ✔ [nitro5:sd] limpiado /home/luish/Documents/p3/ecofloc2/ecofloc/ecofloc-sd/ECOFLOC_SD_COMM_text.csv
  ✔ [leo:cpu] limpiado /home/leo/ecofloc/ecofloc-cpu/ECOFLOC_CPU_COMM_text.csv
  ✔ [leo:nic] limpiado /home/leo/ecofloc/ecofloc-nic/ECOFLOC_NIC_COMM_text.csv
  ✔ [leo:ram] limpiado /home/leo/ecofloc/ecofloc-ram/ECOFLOC_RAM_COMM_text.csv
  ✔ [leo:sd] limpiado /home/leo/ecofloc/ecofloc-sd/ECOFLOC_SD_COMM_text.csv
  ✔ [aspire:cpu] limpiado /home/luish/Documents/p3/ecofloc2/ecofloc/ecofloc-cpu/ECOFLOC_CPU_COMM_text.csv
  ✔ [aspire:nic] limpiado /home/luish/Documents/p3/ecofloc2/ecofloc/ecofloc-nic/ECOFLOC_NIC_COMM_text.csv
  ✔ [aspire:ram] limpiado /home/luish/Documents/p3/ecofloc2/ecofloc/ecofloc-ram/ECOFLOC_RAM_COMM_text.csv
  ✔ [aspire:sd] limpiado /home/luish/Documents/p3/ecofloc2/ecofloc/ecofloc-sd/ECOFLOC_SD_COMM_text.csv
  ✔ [scorpius:cpu] limpiado /home/scorpius03/Documents/ecofloc/ecofloc-cpu/ECOFLOC_CPU_COMM_text.csv
  ✔ [scorpius:nic] limpiado /home/scorpius03/Documents/ecofloc/ecofloc-nic/ECOFLOC_NIC_COMM_text.csv
  ✔ [scorpius:ram] limpiado /home/scorpius03/Documents/ecofloc/ecofloc-ram/ECOFLOC_RAM_COMM_text.csv
  ✔ [scorpius:sd] limpiado /home/scorpius03/Documents/ecofloc/ecofloc-sd/ECOFLOC_SD_COMM_text.csv
========================================
🔋 MEASURE ENERGY FINALIZADO
   Fase: fase2_preparacion_medium_iter3
========================================
✔️ [02:34:36] Medición fase2_preparacion_medium_iter3 completada
[📦] Archivando resultados → ./historyexecutions/exp(02:34:41)_fase2_medium_iter3
[✔] Archivado: ./historyexecutions/exp(02:34:41)_fase2_medium_iter3
========================================
🔋 FASE 3: Ejecución de carga (medium, iter 3)
========================================
📋 Capturando PIDs (gepidstea.sh)...
📋 Capturando PIDs de contenedores (kpsnodos.sh)...
🔋 [02:34:57] Iniciando medición de energía: fase3_carga_medium_iter3 (145s)
   PID de medición: 3026217
=== Escenario medium (iter 3) ===
========================================
🔋 MEASURE ENERGY - Fase: fase3_carga_medium_iter3
   Duración: 145s
   PID: 3026217
========================================
=== Medición bloque 145s - Fase: fase3_carga_medium_iter3 ===
🚀 Iniciando LIMBO con profile=/home/luish/Documents/death/teastore/TeaStore/examples/httploadgenerator/increasingMedIntensity.csv y script=/home/luish/Documents/death/teastore/TeaStore/examples/httploadgenerator/teastore_buy.lua
[⏱ 02:34:57] Iniciando ecofloc en nitro5 por 145s (fase: fase3_carga_medium_iter3)
Feb 26, 2026 2:34:57 AM tools.descartes.dlim.httploadgenerator.runner.Director executeDirector
WARNING: No power measurements
Feb 26, 2026 2:34:57 AM tools.descartes.dlim.httploadgenerator.runner.Director executeDirector
INFO: Load Generator Thread Count set to 64
Feb 26, 2026 2:34:57 AM tools.descartes.dlim.httploadgenerator.runner.Director executeDirector
INFO: URL connection timout set to 30000 ms
Feb 26, 2026 2:34:57 AM tools.descartes.dlim.httploadgenerator.runner.Director executeDirector
INFO: Using Lua Script: /home/luish/Documents/death/teastore/TeaStore/examples/httploadgenerator/teastore_buy.lua
Feb 26, 2026 2:34:58 AM tools.descartes.dlim.httploadgenerator.runner.Director process
INFO: Read 120 Arrival Rate Tuples
Load Generator sent: ok
Feb 26, 2026 2:34:58 AM tools.descartes.dlim.httploadgenerator.runner.Director process
INFO: Arrival Rates sent to Load Generator(s).
Load Generator sent: ok
Feb 26, 2026 2:34:58 AM tools.descartes.dlim.httploadgenerator.runner.Director process
INFO: Thread Count sent to Load Generator(s): 64
Load Generator sent: ok
Feb 26, 2026 2:34:58 AM tools.descartes.dlim.httploadgenerator.runner.Director process
INFO: URL connection timeout sent to Load Generator(s): 30000
Load Generator sent: ok
Feb 26, 2026 2:34:58 AM tools.descartes.dlim.httploadgenerator.runner.Director process
INFO: Contents of script sent to Load Generator: /home/luish/Documents/death/teastore/TeaStore/examples/httploadgenerator/teastore_buy.lua
Feb 26, 2026 2:34:58 AM tools.descartes.dlim.httploadgenerator.runner.Director process
INFO: Starting Load Generation
Beginning Run @1772091298061(26.02.2026;02:34:58061)
  ├─ [nitro5:sd] start 02:34:58
Target Time = 0.5; Load Intensity = 8.0; #Success = 0; #Failed = 0; #Dropped = 0
  ├─ [nitro5:ram] start 02:34:58
  ├─ [nitro5:nic] start 02:34:59
[⏱ 02:34:59] Iniciando ecofloc en aspire por 145s (fase: fase3_carga_medium_iter3)
  ├─ [nitro5:cpu] start 02:34:59
  ├─ [aspire:sd] start 02:34:59
  ├─ [aspire:ram] start 02:34:59
[⏱ 02:34:59] Iniciando ecofloc en scorpius por 145s (fase: fase3_carga_medium_iter3)
  ├─ [aspire:nic] start 02:34:59
  ├─ [aspire:cpu] start 02:34:59
  ├─ [scorpius:sd] start 02:34:59
  ├─ [scorpius:ram] start 02:34:59
  ├─ [scorpius:nic] start 02:34:59
[⏱ 02:34:59] Iniciando ecofloc en leo por 145s (fase: fase3_carga_medium_iter3)
  ├─ [scorpius:cpu] start 02:34:59
  ├─ [leo:sd] start 02:34:59
  ├─ [leo:nic] start 02:34:59
  ├─ [leo:ram] start 02:34:59
  ├─ [leo:cpu] start 02:34:59
Target Time = 1.5; Load Intensity = 16.0; #Success = 2; #Failed = 0; #Dropped = 0
Target Time = 2.5; Load Intensity = 25.0; #Success = 7; #Failed = 0; #Dropped = 0
Target Time = 3.5; Load Intensity = 33.0; #Success = 50; #Failed = 0; #Dropped = 0
Target Time = 4.5; Load Intensity = 41.0; #Success = 3; #Failed = 0; #Dropped = 0
Target Time = 5.5; Load Intensity = 50.0; #Success = 2; #Failed = 0; #Dropped = 0
Target Time = 6.5; Load Intensity = 58.0; #Success = 10; #Failed = 0; #Dropped = 0
Target Time = 7.5; Load Intensity = 66.0; #Success = 2; #Failed = 0; #Dropped = 0
Target Time = 8.5; Load Intensity = 75.0; #Success = 4; #Failed = 9; #Dropped = 0
Target Time = 9.5; Load Intensity = 83.0; #Success = 6; #Failed = 0; #Dropped = 0
Target Time = 10.5; Load Intensity = 91.0; #Success = 3; #Failed = 0; #Dropped = 0
Target Time = 11.5; Load Intensity = 100.0; #Success = 4; #Failed = 2; #Dropped = 0
Target Time = 12.5; Load Intensity = 108.0; #Success = 0; #Failed = 6; #Dropped = 0
Target Time = 13.5; Load Intensity = 116.0; #Success = 0; #Failed = 17; #Dropped = 0
Target Time = 14.5; Load Intensity = 125.0; #Success = 0; #Failed = 16; #Dropped = 0
Target Time = 15.5; Load Intensity = 133.0; #Success = 0; #Failed = 17; #Dropped = 0
Target Time = 16.5; Load Intensity = 141.0; #Success = 2; #Failed = 0; #Dropped = 0
Target Time = 17.5; Load Intensity = 150.0; #Success = 5; #Failed = 0; #Dropped = 0
Target Time = 18.5; Load Intensity = 158.0; #Success = 3; #Failed = 0; #Dropped = 0
Target Time = 19.5; Load Intensity = 166.0; #Success = 2; #Failed = 0; #Dropped = 0
Target Time = 20.5; Load Intensity = 175.0; #Success = 4; #Failed = 0; #Dropped = 0
Target Time = 21.5; Load Intensity = 183.0; #Success = 3; #Failed = 0; #Dropped = 0
Target Time = 22.5; Load Intensity = 191.0; #Success = 6; #Failed = 6; #Dropped = 0
Target Time = 23.5; Load Intensity = 200.0; #Success = 0; #Failed = 8; #Dropped = 0
Target Time = 24.5; Load Intensity = 208.0; #Success = 0; #Failed = 23; #Dropped = 0
Target Time = 25.5; Load Intensity = 216.0; #Success = 0; #Failed = 5; #Dropped = 0
Target Time = 26.5; Load Intensity = 225.0; #Success = 0; #Failed = 8; #Dropped = 0
Target Time = 27.5; Load Intensity = 233.0; #Success = 0; #Failed = 3; #Dropped = 0
Target Time = 28.5; Load Intensity = 241.0; #Success = 0; #Failed = 9; #Dropped = 0
Target Time = 29.5; Load Intensity = 250.0; #Success = 0; #Failed = 14; #Dropped = 0
Target Time = 30.5; Load Intensity = 258.0; #Success = 0; #Failed = 12; #Dropped = 0
Target Time = 31.5; Load Intensity = 266.0; #Success = 0; #Failed = 1; #Dropped = 0
Target Time = 32.5; Load Intensity = 275.0; #Success = 0; #Failed = 6; #Dropped = 0
Target Time = 33.5; Load Intensity = 283.0; #Success = 0; #Failed = 9; #Dropped = 0
Target Time = 34.5; Load Intensity = 291.0; #Success = 0; #Failed = 12; #Dropped = 0
Target Time = 35.5; Load Intensity = 300.0; #Success = 0; #Failed = 11; #Dropped = 0
Target Time = 36.5; Load Intensity = 308.0; #Success = 0; #Failed = 4; #Dropped = 0
Target Time = 37.5; Load Intensity = 316.0; #Success = 0; #Failed = 5; #Dropped = 0
Target Time = 38.5; Load Intensity = 325.0; #Success = 0; #Failed = 10; #Dropped = 0
Target Time = 39.5; Load Intensity = 333.0; #Success = 0; #Failed = 0; #Dropped = 0
Target Time = 40.5; Load Intensity = 341.0; #Success = 0; #Failed = 0; #Dropped = 0
Target Time = 41.5; Load Intensity = 350.0; #Success = 3; #Failed = 0; #Dropped = 243
Target Time = 42.5; Load Intensity = 358.0; #Success = 2; #Failed = 13; #Dropped = 110
Target Time = 43.5; Load Intensity = 366.0; #Success = 3; #Failed = 5; #Dropped = 98
Target Time = 44.5; Load Intensity = 375.0; #Success = 5; #Failed = 0; #Dropped = 104
Target Time = 45.5; Load Intensity = 383.0; #Success = 0; #Failed = 7; #Dropped = 95
Target Time = 46.5; Load Intensity = 391.0; #Success = 0; #Failed = 0; #Dropped = 0
Target Time = 47.5; Load Intensity = 400.0; #Success = 0; #Failed = 0; #Dropped = 0
Target Time = 48.5; Load Intensity = 408.0; #Success = 0; #Failed = 0; #Dropped = 0
Target Time = 49.5; Load Intensity = 416.0; #Success = 0; #Failed = 3; #Dropped = 658
Target Time = 50.5; Load Intensity = 425.0; #Success = 0; #Failed = 5; #Dropped = 166
Target Time = 51.5; Load Intensity = 433.0; #Success = 52; #Failed = 1; #Dropped = 170
Target Time = 52.5; Load Intensity = 441.0; #Success = 0; #Failed = 0; #Dropped = 0
Target Time = 53.5; Load Intensity = 450.0; #Success = 4; #Failed = 0; #Dropped = 373
Target Time = 54.5; Load Intensity = 458.0; #Success = 6; #Failed = 0; #Dropped = 181
Target Time = 55.5; Load Intensity = 466.0; #Success = 2; #Failed = 13; #Dropped = 72
Target Time = 56.5; Load Intensity = 475.0; #Success = 3; #Failed = 3; #Dropped = 277
Target Time = 57.5; Load Intensity = 483.0; #Success = 2; #Failed = 1; #Dropped = 288
Target Time = 58.5; Load Intensity = 491.0; #Success = 0; #Failed = 5; #Dropped = 71
Target Time = 59.5; Load Intensity = 500.0; #Success = 0; #Failed = 11; #Dropped = 237
Target Time = 60.5; Load Intensity = 508.0; #Success = 0; #Failed = 3; #Dropped = 289
Target Time = 61.5; Load Intensity = 516.0; #Success = 0; #Failed = 1; #Dropped = 240
Target Time = 62.5; Load Intensity = 525.0; #Success = 0; #Failed = 8; #Dropped = 387
Target Time = 63.5; Load Intensity = 533.0; #Success = 1; #Failed = 3; #Dropped = 300
Target Time = 64.5; Load Intensity = 541.0; #Success = 0; #Failed = 0; #Dropped = 0
Target Time = 65.5; Load Intensity = 550.0; #Success = 0; #Failed = 3; #Dropped = 591
Target Time = 66.5; Load Intensity = 558.0; #Success = 0; #Failed = 2; #Dropped = 118
Target Time = 67.5; Load Intensity = 566.0; #Success = 0; #Failed = 2; #Dropped = 362
Target Time = 68.5; Load Intensity = 575.0; #Success = 0; #Failed = 5; #Dropped = 387
Target Time = 69.5; Load Intensity = 583.0; #Success = 0; #Failed = 10; #Dropped = 309
Target Time = 70.5; Load Intensity = 591.0; #Success = 0; #Failed = 7; #Dropped = 346
Target Time = 71.5; Load Intensity = 600.0; #Success = 0; #Failed = 12; #Dropped = 312
Target Time = 72.5; Load Intensity = 608.0; #Success = 0; #Failed = 15; #Dropped = 378
Target Time = 73.5; Load Intensity = 616.0; #Success = 0; #Failed = 16; #Dropped = 311
Target Time = 74.5; Load Intensity = 625.0; #Success = 0; #Failed = 15; #Dropped = 406
Target Time = 75.5; Load Intensity = 633.0; #Success = 6; #Failed = 1; #Dropped = 446
Target Time = 76.5; Load Intensity = 641.0; #Success = 0; #Failed = 0; #Dropped = 0
Target Time = 77.5; Load Intensity = 650.0; #Success = 0; #Failed = 0; #Dropped = 0
Target Time = 78.5; Load Intensity = 658.0; #Success = 0; #Failed = 0; #Dropped = 0
Target Time = 79.5; Load Intensity = 666.0; #Success = 0; #Failed = 0; #Dropped = 0
Target Time = 80.5; Load Intensity = 675.0; #Success = 0; #Failed = 2; #Dropped = 2028
Target Time = 81.5; Load Intensity = 683.0; #Success = 4; #Failed = 7; #Dropped = 395
Target Time = 82.5; Load Intensity = 691.0; #Success = 0; #Failed = 7; #Dropped = 51
Target Time = 83.5; Load Intensity = 700.0; #Success = 0; #Failed = 1; #Dropped = 861
Target Time = 84.5; Load Intensity = 708.0; #Success = 0; #Failed = 0; #Dropped = 0
Target Time = 85.5; Load Intensity = 716.0; #Success = 0; #Failed = 0; #Dropped = 0
Target Time = 86.5; Load Intensity = 725.0; #Success = 0; #Failed = 0; #Dropped = 0
Target Time = 87.5; Load Intensity = 733.0; #Success = 0; #Failed = 10; #Dropped = 1891
Target Time = 88.5; Load Intensity = 741.0; #Success = 0; #Failed = 1; #Dropped = 228
Target Time = 89.5; Load Intensity = 750.0; #Success = 0; #Failed = 0; #Dropped = 0
Target Time = 90.5; Load Intensity = 758.0; #Success = 0; #Failed = 0; #Dropped = 0
Target Time = 91.5; Load Intensity = 766.0; #Success = 0; #Failed = 0; #Dropped = 0
Target Time = 92.5; Load Intensity = 775.0; #Success = 8; #Failed = 10; #Dropped = 2174
Target Time = 93.5; Load Intensity = 783.0; #Success = 9; #Failed = 0; #Dropped = 540
Target Time = 94.5; Load Intensity = 791.0; #Success = 0; #Failed = 0; #Dropped = 0
Target Time = 95.5; Load Intensity = 800.0; #Success = 0; #Failed = 0; #Dropped = 0
Target Time = 96.5; Load Intensity = 808.0; #Success = 0; #Failed = 0; #Dropped = 0
Target Time = 97.5; Load Intensity = 816.0; #Success = 0; #Failed = 9; #Dropped = 1957
Target Time = 98.5; Load Intensity = 825.0; #Success = 0; #Failed = 6; #Dropped = 538
Target Time = 99.5; Load Intensity = 833.0; #Success = 0; #Failed = 0; #Dropped = 0
Target Time = 100.5; Load Intensity = 841.0; #Success = 0; #Failed = 0; #Dropped = 0
Target Time = 101.5; Load Intensity = 850.0; #Success = 0; #Failed = 2; #Dropped = 1834
Target Time = 102.5; Load Intensity = 858.0; #Success = 0; #Failed = 4; #Dropped = 635
Target Time = 103.5; Load Intensity = 866.0; #Success = 2; #Failed = 4; #Dropped = 773
Target Time = 104.5; Load Intensity = 875.0; #Success = 3; #Failed = 2; #Dropped = 588
Target Time = 105.5; Load Intensity = 883.0; #Success = 1; #Failed = 5; #Dropped = 728
Target Time = 106.5; Load Intensity = 891.0; #Success = 0; #Failed = 0; #Dropped = 0
Target Time = 107.5; Load Intensity = 900.0; #Success = 0; #Failed = 0; #Dropped = 0
Target Time = 108.5; Load Intensity = 908.0; #Success = 0; #Failed = 0; #Dropped = 0
Target Time = 109.5; Load Intensity = 916.0; #Success = 0; #Failed = 3; #Dropped = 2177
Target Time = 110.5; Load Intensity = 925.0; #Success = 0; #Failed = 15; #Dropped = 1120
Target Time = 111.5; Load Intensity = 933.0; #Success = 4; #Failed = 0; #Dropped = 749
Target Time = 112.5; Load Intensity = 941.0; #Success = 0; #Failed = 0; #Dropped = 0
Target Time = 113.5; Load Intensity = 950.0; #Success = 0; #Failed = 0; #Dropped = 0
Target Time = 114.5; Load Intensity = 958.0; #Success = 0; #Failed = 0; #Dropped = 0
Target Time = 115.5; Load Intensity = 966.0; #Success = 0; #Failed = 0; #Dropped = 0
Target Time = 116.5; Load Intensity = 975.0; #Success = 0; #Failed = 0; #Dropped = 0
Target Time = 117.5; Load Intensity = 983.0; #Success = 1; #Failed = 0; #Dropped = 3992
Target Time = 118.5; Load Intensity = 991.0; #Success = 0; #Failed = 1; #Dropped = 584
Target Time = 119.5; Load Intensity = 1000.0; #Success = 0; #Failed = 0; #Dropped = 0
Target Time = 120.5; Load Intensity = 0.0; #Success = 0; #Failed = 0; #Dropped = 0
Target Time = 121.5; Load Intensity = 0.0; #Success = 0; #Failed = 0; #Dropped = 0
Target Time = 122.5; Load Intensity = 0.0; #Success = 1; #Failed = 2; #Dropped = 2987
Target Time = 123.5; Load Intensity = 0.0; #Success = 0; #Failed = 9; #Dropped = 1113
Target Time = 124.5; Load Intensity = 0.0; #Success = 0; #Failed = 1; #Dropped = 590
Target Time = 125.5; Load Intensity = 0.0; #Success = 0; #Failed = 3; #Dropped = 529
Target Time = 126.5; Load Intensity = 0.0; #Success = 0; #Failed = 0; #Dropped = 0
Target Time = 127.5; Load Intensity = 0.0; #Success = 8; #Failed = 0; #Dropped = 1688
Target Time = 128.5; Load Intensity = 0.0; #Success = 2; #Failed = 3; #Dropped = 997
Target Time = 129.5; Load Intensity = 0.0; #Success = 0; #Failed = 3; #Dropped = 802
Target Time = 130.5; Load Intensity = 0.0; #Success = 0; #Failed = 4; #Dropped = 843
Target Time = 131.5; Load Intensity = 0.0; #Success = 2; #Failed = 1; #Dropped = 792
Target Time = 132.5; Load Intensity = 0.0; #Success = 1; #Failed = 1; #Dropped = 938
Target Time = 133.5; Load Intensity = 0.0; #Success = 1; #Failed = 3; #Dropped = 1002
Target Time = 134.5; Load Intensity = 0.0; #Success = 0; #Failed = 0; #Dropped = 0
Target Time = 135.5; Load Intensity = 0.0; #Success = 5; #Failed = 0; #Dropped = 1844
Target Time = 136.5; Load Intensity = 0.0; #Success = 0; #Failed = 0; #Dropped = 0
Target Time = 137.5; Load Intensity = 0.0; #Success = 0; #Failed = 2; #Dropped = 1817
Target Time = 138.5; Load Intensity = 0.0; #Success = 0; #Failed = 0; #Dropped = 0
Target Time = 139.5; Load Intensity = 0.0; #Success = 3; #Failed = 0; #Dropped = 1393
Target Time = 140.5; Load Intensity = 0.0; #Success = 8; #Failed = 14; #Dropped = 1495
Target Time = 141.5; Load Intensity = 0.0; #Success = 2; #Failed = 0; #Dropped = 816
Target Time = 142.5; Load Intensity = 0.0; #Success = 0; #Failed = 0; #Dropped = 0
Target Time = 143.5; Load Intensity = 0.0; #Success = 0; #Failed = 0; #Dropped = 0
Target Time = 144.5; Load Intensity = 0.0; #Success = 0; #Failed = 14; #Dropped = 2050
  └─ [nitro5:sd] end 02:37:23
Target Time = 145.5; Load Intensity = 0.0; #Success = 0; #Failed = 0; #Dropped = 0
  └─ [nitro5:ram] end 02:37:23
  └─ [nitro5:nic] end 02:37:24
Target Time = 146.5; Load Intensity = 0.0; #Success = 0; #Failed = 0; #Dropped = 0
  └─ [nitro5:cpu] end 02:37:24
Target Time = 147.5; Load Intensity = 0.0; #Success = 1; #Failed = 25; #Dropped = 3520
Target Time = 148.5; Load Intensity = 0.0; #Success = 0; #Failed = 0; #Dropped = 0
Target Time = 149.5; Load Intensity = 0.0; #Success = 0; #Failed = 0; #Dropped = 0
  └─ [aspire:sd] end 02:37:27
Target Time = 150.5; Load Intensity = 0.0; #Success = 0; #Failed = 0; #Dropped = 0
  └─ [aspire:nic] end 02:37:29
Target Time = 151.5; Load Intensity = 0.0; #Success = 0; #Failed = 0; #Dropped = 0
Target Time = 152.5; Load Intensity = 0.0; #Success = 12; #Failed = 10; #Dropped = 2182
Target Time = 153.5; Load Intensity = 0.0; #Success = 2; #Failed = 1; #Dropped = 0
Target Time = 154.5; Load Intensity = 0.0; #Success = 0; #Failed = 0; #Dropped = 0
Target Time = 155.5; Load Intensity = 0.0; #Success = 1; #Failed = 0; #Dropped = 0
  └─ [aspire:cpu] end 02:37:34
Target Time = 156.5; Load Intensity = 0.0; #Success = 0; #Failed = 2; #Dropped = 0
  └─ [aspire:ram] end 02:37:35
Target Time = 157.5; Load Intensity = 0.0; #Success = 3; #Failed = 1; #Dropped = 0
Target Time = 158.5; Load Intensity = 0.0; #Success = 0; #Failed = 3; #Dropped = 0
Target Time = 159.5; Load Intensity = 0.0; #Success = 0; #Failed = 0; #Dropped = 0
Target Time = 160.5; Load Intensity = 0.0; #Success = 0; #Failed = 0; #Dropped = 0
Target Time = 161.5; Load Intensity = 0.0; #Success = 0; #Failed = 0; #Dropped = 0
Target Time = 162.5; Load Intensity = 0.0; #Success = 0; #Failed = 0; #Dropped = 0
Target Time = 163.5; Load Intensity = 0.0; #Success = 1; #Failed = 1; #Dropped = 0
Target Time = 164.5; Load Intensity = 0.0; #Success = 0; #Failed = 3; #Dropped = 0
Target Time = 165.5; Load Intensity = 0.0; #Success = 0; #Failed = 0; #Dropped = 0
Target Time = 166.5; Load Intensity = 0.0; #Success = 0; #Failed = 0; #Dropped = 0
Target Time = 167.5; Load Intensity = 0.0; #Success = 0; #Failed = 0; #Dropped = 0
Target Time = 168.5; Load Intensity = 0.0; #Success = 0; #Failed = 0; #Dropped = 0
Target Time = 169.5; Load Intensity = 0.0; #Success = 1; #Failed = 3; #Dropped = 0
  └─ [scorpius:ram] end 02:37:48
Target Time = 170.5; Load Intensity = 0.0; #Success = 9; #Failed = 0; #Dropped = 0
Target Time = 171.5; Load Intensity = 0.0; #Success = 1; #Failed = 0; #Dropped = 0
Target Time = 172.5; Load Intensity = 0.0; #Success = 0; #Failed = 0; #Dropped = 0
Target Time = 173.5; Load Intensity = 0.0; #Success = 0; #Failed = 2; #Dropped = 0
Target Time = 174.5; Load Intensity = 0.0; #Success = 0; #Failed = 2; #Dropped = 0
Target Time = 175.5; Load Intensity = 0.0; #Success = 0; #Failed = 0; #Dropped = 0
Target Time = 176.5; Load Intensity = 0.0; #Success = 1; #Failed = 0; #Dropped = 0
Target Time = 177.5; Load Intensity = 0.0; #Success = 5; #Failed = 0; #Dropped = 0
Workload finished.
Log finished.
📄 LIMBO finalizado para scenario=medium
⏳ [02:38:00] Esperando que termine medición: fase3_carga_medium_iter3 (PID: 3026217)
  └─ [scorpius:sd] end 02:38:06
  └─ [leo:nic] end 02:38:12
  └─ [leo:sd] end 02:38:13
  └─ [leo:cpu] end 02:38:13
  └─ [leo:ram] end 02:38:13
=== Bloque 145s terminado - Fase: fase3_carga_medium_iter3 ===
[🧹] Limpiando CSVs internos de ecofloc en cada nodo (fase: fase3_carga_medium_iter3)...
  ✔ [nitro5:cpu] limpiado /home/luish/Documents/p3/ecofloc2/ecofloc/ecofloc-cpu/ECOFLOC_CPU_COMM_text.csv
  ✔ [nitro5:nic] limpiado /home/luish/Documents/p3/ecofloc2/ecofloc/ecofloc-nic/ECOFLOC_NIC_COMM_text.csv
  ✔ [nitro5:ram] limpiado /home/luish/Documents/p3/ecofloc2/ecofloc/ecofloc-ram/ECOFLOC_RAM_COMM_text.csv
  ✔ [nitro5:sd] limpiado /home/luish/Documents/p3/ecofloc2/ecofloc/ecofloc-sd/ECOFLOC_SD_COMM_text.csv
  ✔ [leo:cpu] limpiado /home/leo/ecofloc/ecofloc-cpu/ECOFLOC_CPU_COMM_text.csv
  ✔ [leo:nic] limpiado /home/leo/ecofloc/ecofloc-nic/ECOFLOC_NIC_COMM_text.csv
  ✔ [leo:ram] limpiado /home/leo/ecofloc/ecofloc-ram/ECOFLOC_RAM_COMM_text.csv
  ✔ [leo:sd] limpiado /home/leo/ecofloc/ecofloc-sd/ECOFLOC_SD_COMM_text.csv
  ✔ [aspire:cpu] limpiado /home/luish/Documents/p3/ecofloc2/ecofloc/ecofloc-cpu/ECOFLOC_CPU_COMM_text.csv
  ✔ [aspire:nic] limpiado /home/luish/Documents/p3/ecofloc2/ecofloc/ecofloc-nic/ECOFLOC_NIC_COMM_text.csv
  ✔ [aspire:ram] limpiado /home/luish/Documents/p3/ecofloc2/ecofloc/ecofloc-ram/ECOFLOC_RAM_COMM_text.csv
  ✔ [aspire:sd] limpiado /home/luish/Documents/p3/ecofloc2/ecofloc/ecofloc-sd/ECOFLOC_SD_COMM_text.csv
  ✔ [scorpius:cpu] limpiado /home/scorpius03/Documents/ecofloc/ecofloc-cpu/ECOFLOC_CPU_COMM_text.csv
  ✔ [scorpius:nic] limpiado /home/scorpius03/Documents/ecofloc/ecofloc-nic/ECOFLOC_NIC_COMM_text.csv
  ✔ [scorpius:ram] limpiado /home/scorpius03/Documents/ecofloc/ecofloc-ram/ECOFLOC_RAM_COMM_text.csv
  ✔ [scorpius:sd] limpiado /home/scorpius03/Documents/ecofloc/ecofloc-sd/ECOFLOC_SD_COMM_text.csv
========================================
🔋 MEASURE ENERGY FINALIZADO
   Fase: fase3_carga_medium_iter3
========================================
✔️ [02:38:17] Medición fase3_carga_medium_iter3 completada
[📦] Archivando resultados → ./historyexecutions/exp(02:38:22)_fase3_medium_iter3
[✔] Archivado: ./historyexecutions/exp(02:38:22)_fase3_medium_iter3
🧹 Limpiando TeaStore (iter 3)...
⏸ Esperando 15s para limpieza completa...
✅ Iteración 3 / 13 del escenario medium completada.

########################################################
🔄 ESCENARIO: medium | ITERACIÓN: 4 / 13
   Hora: 02:39:09
########################################################
========================================
🔋 FASE 1: Descarga de imágenes (medium, iter 4)
========================================
📋 Capturando PIDs (gepidstea.sh)...
📋 Capturando PIDs de contenedores (kpsnodos.sh)...
🔋 [02:39:29] Iniciando medición de energía: fase1_descarga_medium_iter4 (25s)
   PID de medición: 3410163
🚀 Desplegando TeaStore desde /home/luish/Documents/death/teastore/TeaStore/examples/kubernetes/teastore-energy-scheduler.yaml...
========================================
🔋 MEASURE ENERGY - Fase: fase1_descarga_medium_iter4
   Duración: 25s
   PID: 3410163
========================================
=== Medición bloque 25s - Fase: fase1_descarga_medium_iter4 ===
[⏱ 02:39:29] Iniciando ecofloc en nitro5 por 25s (fase: fase1_descarga_medium_iter4)
⏳ Esperando a que todos los pods de TeaStore estén Running y Ready...
  ├─ [nitro5:sd] start 02:39:29
  ├─ [nitro5:ram] start 02:39:30
  ├─ [nitro5:nic] start 02:39:30
[⏱ 02:39:30] Iniciando ecofloc en aspire por 25s (fase: fase1_descarga_medium_iter4)
  ├─ [nitro5:cpu] start 02:39:30
  ├─ [aspire:sd] start 02:39:30
  ├─ [aspire:ram] start 02:39:30
[⏱ 02:39:30] Iniciando ecofloc en scorpius por 25s (fase: fase1_descarga_medium_iter4)
  ├─ [aspire:cpu] start 02:39:30
  ├─ [aspire:nic] start 02:39:30
  ├─ [scorpius:sd] start 02:39:30
  ├─ [scorpius:ram] start 02:39:30
[⏱ 02:39:30] Iniciando ecofloc en leo por 25s (fase: fase1_descarga_medium_iter4)
  ├─ [scorpius:nic] start 02:39:30
  ├─ [scorpius:cpu] start 02:39:30
  ├─ [leo:sd] start 02:39:30
  ├─ [leo:ram] start 02:39:30
  ├─ [leo:nic] start 02:39:30
  ├─ [leo:cpu] start 02:39:30
✅ Pods listos.
⏳ [02:39:32] Esperando que termine medición: fase1_descarga_medium_iter4 (PID: 3410163)
  └─ [nitro5:sd] end 02:39:54
  └─ [nitro5:ram] end 02:39:55
  └─ [nitro5:nic] end 02:39:55
  └─ [nitro5:cpu] end 02:39:55
  └─ [aspire:cpu] end 02:39:56
  └─ [aspire:sd] end 02:39:56
  └─ [leo:sd] end 02:39:56
  └─ [scorpius:cpu] end 02:39:56
  └─ [leo:cpu] end 02:39:56
  └─ [scorpius:sd] end 02:39:57
  └─ [aspire:nic] end 02:39:57
  └─ [leo:nic] end 02:39:57
  └─ [scorpius:nic] end 02:39:57
  └─ [scorpius:ram] end 02:39:57
  └─ [aspire:ram] end 02:39:57
  └─ [leo:ram] end 02:39:58
=== Bloque 25s terminado - Fase: fase1_descarga_medium_iter4 ===
[🧹] Limpiando CSVs internos de ecofloc en cada nodo (fase: fase1_descarga_medium_iter4)...
  ✔ [nitro5:cpu] limpiado /home/luish/Documents/p3/ecofloc2/ecofloc/ecofloc-cpu/ECOFLOC_CPU_COMM_text.csv
  ✔ [nitro5:nic] limpiado /home/luish/Documents/p3/ecofloc2/ecofloc/ecofloc-nic/ECOFLOC_NIC_COMM_text.csv
  ✔ [nitro5:ram] limpiado /home/luish/Documents/p3/ecofloc2/ecofloc/ecofloc-ram/ECOFLOC_RAM_COMM_text.csv
  ✔ [nitro5:sd] limpiado /home/luish/Documents/p3/ecofloc2/ecofloc/ecofloc-sd/ECOFLOC_SD_COMM_text.csv
  ✔ [leo:cpu] limpiado /home/leo/ecofloc/ecofloc-cpu/ECOFLOC_CPU_COMM_text.csv
  ✔ [leo:nic] limpiado /home/leo/ecofloc/ecofloc-nic/ECOFLOC_NIC_COMM_text.csv
  ✔ [leo:ram] limpiado /home/leo/ecofloc/ecofloc-ram/ECOFLOC_RAM_COMM_text.csv
  ✔ [leo:sd] limpiado /home/leo/ecofloc/ecofloc-sd/ECOFLOC_SD_COMM_text.csv
  ✔ [aspire:cpu] limpiado /home/luish/Documents/p3/ecofloc2/ecofloc/ecofloc-cpu/ECOFLOC_CPU_COMM_text.csv
  ✔ [aspire:nic] limpiado /home/luish/Documents/p3/ecofloc2/ecofloc/ecofloc-nic/ECOFLOC_NIC_COMM_text.csv
  ✔ [aspire:ram] limpiado /home/luish/Documents/p3/ecofloc2/ecofloc/ecofloc-ram/ECOFLOC_RAM_COMM_text.csv
  ✔ [aspire:sd] limpiado /home/luish/Documents/p3/ecofloc2/ecofloc/ecofloc-sd/ECOFLOC_SD_COMM_text.csv
  ✔ [scorpius:cpu] limpiado /home/scorpius03/Documents/ecofloc/ecofloc-cpu/ECOFLOC_CPU_COMM_text.csv
  ✔ [scorpius:nic] limpiado /home/scorpius03/Documents/ecofloc/ecofloc-nic/ECOFLOC_NIC_COMM_text.csv
  ✔ [scorpius:ram] limpiado /home/scorpius03/Documents/ecofloc/ecofloc-ram/ECOFLOC_RAM_COMM_text.csv
  ✔ [scorpius:sd] limpiado /home/scorpius03/Documents/ecofloc/ecofloc-sd/ECOFLOC_SD_COMM_text.csv
========================================
🔋 MEASURE ENERGY FINALIZADO
   Fase: fase1_descarga_medium_iter4
========================================
✔️ [02:40:01] Medición fase1_descarga_medium_iter4 completada
[📦] Archivando resultados → ./historyexecutions/exp(02:40:06)_fase1_medium_iter4
[✔] Archivado: ./historyexecutions/exp(02:40:06)_fase1_medium_iter4
========================================
🔋 FASE 2: Preparación de servicios (medium, iter 4)
========================================
📋 Capturando PIDs (gepidstea.sh)...
📋 Capturando PIDs de contenedores (kpsnodos.sh)...
🔋 [02:40:26] Iniciando medición de energía: fase2_preparacion_medium_iter4 (50s)
   PID de medición: 3475480
========================================
🔋 MEASURE ENERGY - Fase: fase2_preparacion_medium_iter4
   Duración: 50s
   PID: 3475480
========================================
=== Medición bloque 50s - Fase: fase2_preparacion_medium_iter4 ===
[⏱ 02:40:26] Iniciando ecofloc en nitro5 por 50s (fase: fase2_preparacion_medium_iter4)
⏳ Esperando 10s a que CoreDNS se estabilice...
  ├─ [nitro5:sd] start 02:40:26
  ├─ [nitro5:ram] start 02:40:27
  ├─ [nitro5:nic] start 02:40:27
[⏱ 02:40:27] Iniciando ecofloc en aspire por 50s (fase: fase2_preparacion_medium_iter4)
  ├─ [nitro5:cpu] start 02:40:27
  ├─ [aspire:sd] start 02:40:27
  ├─ [aspire:ram] start 02:40:27
[⏱ 02:40:27] Iniciando ecofloc en scorpius por 50s (fase: fase2_preparacion_medium_iter4)
  ├─ [aspire:cpu] start 02:40:27
  ├─ [aspire:nic] start 02:40:27
  ├─ [scorpius:ram] start 02:40:27
  ├─ [scorpius:sd] start 02:40:27
[⏱ 02:40:27] Iniciando ecofloc en leo por 50s (fase: fase2_preparacion_medium_iter4)
  ├─ [scorpius:nic] start 02:40:27
  ├─ [scorpius:cpu] start 02:40:27
  ├─ [leo:ram] start 02:40:27
  ├─ [leo:nic] start 02:40:27
  ├─ [leo:sd] start 02:40:27
  ├─ [leo:cpu] start 02:40:27
➡️ Pod WebUI: teastore-webui-ff7768544-zvw22
➡️ Está en el nodo: leo02
🌐 IP del nodo WebUI: 192.168.18.36
⏳ Verificando estado del TeaStore en http://192.168.18.36:30080/tools.descartes.teastore.webui/status ...
   ➤ Estado actual: 5 / 5 servicios OK
✔ TODOS los servicios del TeaStore están OK. Continuando...
⏳ [02:40:41] Esperando que termine medición: fase2_preparacion_medium_iter4 (PID: 3475480)
  └─ [nitro5:sd] end 02:41:16
  └─ [nitro5:ram] end 02:41:17
  └─ [nitro5:nic] end 02:41:17
  └─ [nitro5:cpu] end 02:41:17
  └─ [aspire:sd] end 02:41:18
  └─ [leo:cpu] end 02:41:18
  └─ [leo:sd] end 02:41:18
  └─ [aspire:cpu] end 02:41:18
  └─ [aspire:nic] end 02:41:18
  └─ [scorpius:cpu] end 02:41:19
  └─ [scorpius:sd] end 02:41:19
  └─ [aspire:ram] end 02:41:19
  └─ [scorpius:nic] end 02:41:19
  └─ [leo:nic] end 02:41:20
  └─ [leo:ram] end 02:41:20
  └─ [scorpius:ram] end 02:41:21
=== Bloque 50s terminado - Fase: fase2_preparacion_medium_iter4 ===
[🧹] Limpiando CSVs internos de ecofloc en cada nodo (fase: fase2_preparacion_medium_iter4)...
  ✔ [nitro5:cpu] limpiado /home/luish/Documents/p3/ecofloc2/ecofloc/ecofloc-cpu/ECOFLOC_CPU_COMM_text.csv
  ✔ [nitro5:nic] limpiado /home/luish/Documents/p3/ecofloc2/ecofloc/ecofloc-nic/ECOFLOC_NIC_COMM_text.csv
  ✔ [nitro5:ram] limpiado /home/luish/Documents/p3/ecofloc2/ecofloc/ecofloc-ram/ECOFLOC_RAM_COMM_text.csv
  ✔ [nitro5:sd] limpiado /home/luish/Documents/p3/ecofloc2/ecofloc/ecofloc-sd/ECOFLOC_SD_COMM_text.csv
  ✔ [leo:cpu] limpiado /home/leo/ecofloc/ecofloc-cpu/ECOFLOC_CPU_COMM_text.csv
  ✔ [leo:nic] limpiado /home/leo/ecofloc/ecofloc-nic/ECOFLOC_NIC_COMM_text.csv
  ✔ [leo:ram] limpiado /home/leo/ecofloc/ecofloc-ram/ECOFLOC_RAM_COMM_text.csv
  ✔ [leo:sd] limpiado /home/leo/ecofloc/ecofloc-sd/ECOFLOC_SD_COMM_text.csv
  ✔ [aspire:cpu] limpiado /home/luish/Documents/p3/ecofloc2/ecofloc/ecofloc-cpu/ECOFLOC_CPU_COMM_text.csv
  ✔ [aspire:nic] limpiado /home/luish/Documents/p3/ecofloc2/ecofloc/ecofloc-nic/ECOFLOC_NIC_COMM_text.csv
  ✔ [aspire:ram] limpiado /home/luish/Documents/p3/ecofloc2/ecofloc/ecofloc-ram/ECOFLOC_RAM_COMM_text.csv
  ✔ [aspire:sd] limpiado /home/luish/Documents/p3/ecofloc2/ecofloc/ecofloc-sd/ECOFLOC_SD_COMM_text.csv
  ✔ [scorpius:cpu] limpiado /home/scorpius03/Documents/ecofloc/ecofloc-cpu/ECOFLOC_CPU_COMM_text.csv
  ✔ [scorpius:nic] limpiado /home/scorpius03/Documents/ecofloc/ecofloc-nic/ECOFLOC_NIC_COMM_text.csv
  ✔ [scorpius:ram] limpiado /home/scorpius03/Documents/ecofloc/ecofloc-ram/ECOFLOC_RAM_COMM_text.csv
  ✔ [scorpius:sd] limpiado /home/scorpius03/Documents/ecofloc/ecofloc-sd/ECOFLOC_SD_COMM_text.csv
========================================
🔋 MEASURE ENERGY FINALIZADO
   Fase: fase2_preparacion_medium_iter4
========================================
✔️ [02:41:24] Medición fase2_preparacion_medium_iter4 completada
[📦] Archivando resultados → ./historyexecutions/exp(02:41:29)_fase2_medium_iter4
[✔] Archivado: ./historyexecutions/exp(02:41:29)_fase2_medium_iter4
========================================
🔋 FASE 3: Ejecución de carga (medium, iter 4)
========================================
📋 Capturando PIDs (gepidstea.sh)...
📋 Capturando PIDs de contenedores (kpsnodos.sh)...
🔋 [02:41:47] Iniciando medición de energía: fase3_carga_medium_iter4 (145s)
   PID de medición: 3609537
=== Escenario medium (iter 4) ===
========================================
🔋 MEASURE ENERGY - Fase: fase3_carga_medium_iter4
   Duración: 145s
   PID: 3609537
========================================
=== Medición bloque 145s - Fase: fase3_carga_medium_iter4 ===
🚀 Iniciando LIMBO con profile=/home/luish/Documents/death/teastore/TeaStore/examples/httploadgenerator/increasingMedIntensity.csv y script=/home/luish/Documents/death/teastore/TeaStore/examples/httploadgenerator/teastore_buy.lua
[⏱ 02:41:47] Iniciando ecofloc en nitro5 por 145s (fase: fase3_carga_medium_iter4)
Feb 26, 2026 2:41:47 AM tools.descartes.dlim.httploadgenerator.runner.Director executeDirector
WARNING: No power measurements
Feb 26, 2026 2:41:47 AM tools.descartes.dlim.httploadgenerator.runner.Director executeDirector
INFO: Load Generator Thread Count set to 64
Feb 26, 2026 2:41:47 AM tools.descartes.dlim.httploadgenerator.runner.Director executeDirector
INFO: URL connection timout set to 30000 ms
Feb 26, 2026 2:41:47 AM tools.descartes.dlim.httploadgenerator.runner.Director executeDirector
INFO: Using Lua Script: /home/luish/Documents/death/teastore/TeaStore/examples/httploadgenerator/teastore_buy.lua
Feb 26, 2026 2:41:47 AM tools.descartes.dlim.httploadgenerator.runner.Director process
INFO: Read 120 Arrival Rate Tuples
Load Generator sent: ok
Feb 26, 2026 2:41:47 AM tools.descartes.dlim.httploadgenerator.runner.Director process
INFO: Arrival Rates sent to Load Generator(s).
Load Generator sent: ok
Feb 26, 2026 2:41:47 AM tools.descartes.dlim.httploadgenerator.runner.Director process
INFO: Thread Count sent to Load Generator(s): 64
Load Generator sent: ok
Feb 26, 2026 2:41:47 AM tools.descartes.dlim.httploadgenerator.runner.Director process
INFO: URL connection timeout sent to Load Generator(s): 30000
Load Generator sent: ok
Feb 26, 2026 2:41:47 AM tools.descartes.dlim.httploadgenerator.runner.Director process
INFO: Contents of script sent to Load Generator: /home/luish/Documents/death/teastore/TeaStore/examples/httploadgenerator/teastore_buy.lua
Feb 26, 2026 2:41:47 AM tools.descartes.dlim.httploadgenerator.runner.Director process
INFO: Starting Load Generation
Beginning Run @1772091707763(26.02.2026;02:41:47763)
  ├─ [nitro5:sd] start 02:41:47
Target Time = 0.5; Load Intensity = 8.0; #Success = 0; #Failed = 0; #Dropped = 0
  ├─ [nitro5:ram] start 02:41:48
  ├─ [nitro5:nic] start 02:41:48
[⏱ 02:41:49] Iniciando ecofloc en aspire por 145s (fase: fase3_carga_medium_iter4)
  ├─ [nitro5:cpu] start 02:41:49
  ├─ [aspire:sd] start 02:41:49
  ├─ [aspire:ram] start 02:41:49
[⏱ 02:41:49] Iniciando ecofloc en scorpius por 145s (fase: fase3_carga_medium_iter4)
  ├─ [aspire:nic] start 02:41:49
  ├─ [aspire:cpu] start 02:41:49
  ├─ [scorpius:sd] start 02:41:49
  ├─ [scorpius:ram] start 02:41:49
  ├─ [scorpius:nic] start 02:41:49
[⏱ 02:41:49] Iniciando ecofloc en leo por 145s (fase: fase3_carga_medium_iter4)
  ├─ [scorpius:cpu] start 02:41:49
  ├─ [leo:sd] start 02:41:49
  ├─ [leo:ram] start 02:41:49
  ├─ [leo:nic] start 02:41:49
  ├─ [leo:cpu] start 02:41:49
Target Time = 1.5; Load Intensity = 16.0; #Success = 2; #Failed = 0; #Dropped = 0
Target Time = 2.5; Load Intensity = 25.0; #Success = 2; #Failed = 0; #Dropped = 0
Target Time = 3.5; Load Intensity = 33.0; #Success = 4; #Failed = 0; #Dropped = 0
Target Time = 4.5; Load Intensity = 41.0; #Success = 13; #Failed = 0; #Dropped = 0
Target Time = 5.5; Load Intensity = 50.0; #Success = 0; #Failed = 0; #Dropped = 0
Target Time = 6.5; Load Intensity = 58.0; #Success = 1; #Failed = 0; #Dropped = 0
Target Time = 7.5; Load Intensity = 66.0; #Success = 4; #Failed = 0; #Dropped = 0
Target Time = 8.5; Load Intensity = 75.0; #Success = 5; #Failed = 0; #Dropped = 0
Target Time = 9.5; Load Intensity = 83.0; #Success = 0; #Failed = 0; #Dropped = 0
Target Time = 10.5; Load Intensity = 91.0; #Success = 4; #Failed = 0; #Dropped = 0
Target Time = 11.5; Load Intensity = 100.0; #Success = 4; #Failed = 0; #Dropped = 0
Target Time = 12.5; Load Intensity = 108.0; #Success = 2; #Failed = 0; #Dropped = 0
Target Time = 13.5; Load Intensity = 116.0; #Success = 1; #Failed = 0; #Dropped = 0
Target Time = 14.5; Load Intensity = 125.0; #Success = 4; #Failed = 0; #Dropped = 0
Target Time = 15.5; Load Intensity = 133.0; #Success = 3; #Failed = 0; #Dropped = 0
Target Time = 16.5; Load Intensity = 141.0; #Success = 0; #Failed = 0; #Dropped = 0
Target Time = 17.5; Load Intensity = 150.0; #Success = 0; #Failed = 0; #Dropped = 0
Target Time = 18.5; Load Intensity = 158.0; #Success = 0; #Failed = 0; #Dropped = 0
Target Time = 19.5; Load Intensity = 166.0; #Success = 0; #Failed = 0; #Dropped = 0
Target Time = 20.5; Load Intensity = 175.0; #Success = 0; #Failed = 0; #Dropped = 0
Target Time = 21.5; Load Intensity = 183.0; #Success = 0; #Failed = 0; #Dropped = 0
Target Time = 22.5; Load Intensity = 191.0; #Success = 3; #Failed = 0; #Dropped = 0
Target Time = 23.5; Load Intensity = 200.0; #Success = 2; #Failed = 0; #Dropped = 0
Target Time = 24.5; Load Intensity = 208.0; #Success = 1; #Failed = 5; #Dropped = 0
Target Time = 25.5; Load Intensity = 216.0; #Success = 1; #Failed = 0; #Dropped = 0
Target Time = 26.5; Load Intensity = 225.0; #Success = 5; #Failed = 6; #Dropped = 0
Target Time = 27.5; Load Intensity = 233.0; #Success = 6; #Failed = 0; #Dropped = 0
Target Time = 28.5; Load Intensity = 241.0; #Success = 2; #Failed = 0; #Dropped = 0
Target Time = 29.5; Load Intensity = 250.0; #Success = 4; #Failed = 0; #Dropped = 0
Target Time = 30.5; Load Intensity = 258.0; #Success = 2; #Failed = 0; #Dropped = 0
Target Time = 31.5; Load Intensity = 266.0; #Success = 1; #Failed = 0; #Dropped = 0
Target Time = 32.5; Load Intensity = 275.0; #Success = 4; #Failed = 0; #Dropped = 0
Target Time = 33.5; Load Intensity = 283.0; #Success = 1; #Failed = 2; #Dropped = 0
Target Time = 34.5; Load Intensity = 291.0; #Success = 0; #Failed = 4; #Dropped = 0
Target Time = 35.5; Load Intensity = 300.0; #Success = 0; #Failed = 1; #Dropped = 0
Target Time = 36.5; Load Intensity = 308.0; #Success = 0; #Failed = 2; #Dropped = 46
Target Time = 37.5; Load Intensity = 316.0; #Success = 1; #Failed = 0; #Dropped = 29
Target Time = 38.5; Load Intensity = 325.0; #Success = 1; #Failed = 1; #Dropped = 104
Target Time = 39.5; Load Intensity = 333.0; #Success = 0; #Failed = 0; #Dropped = 0
Target Time = 40.5; Load Intensity = 341.0; #Success = 1; #Failed = 1; #Dropped = 146
Target Time = 41.5; Load Intensity = 350.0; #Success = 2; #Failed = 11; #Dropped = 144
Target Time = 42.5; Load Intensity = 358.0; #Success = 0; #Failed = 3; #Dropped = 100
Target Time = 43.5; Load Intensity = 366.0; #Success = 1; #Failed = 13; #Dropped = 98
Target Time = 44.5; Load Intensity = 375.0; #Success = 1; #Failed = 1; #Dropped = 60
Target Time = 45.5; Load Intensity = 383.0; #Success = 2; #Failed = 1; #Dropped = 197
Target Time = 46.5; Load Intensity = 391.0; #Success = 2; #Failed = 1; #Dropped = 107
Target Time = 47.5; Load Intensity = 400.0; #Success = 0; #Failed = 4; #Dropped = 169
Target Time = 48.5; Load Intensity = 408.0; #Success = 2; #Failed = 3; #Dropped = 158
Target Time = 49.5; Load Intensity = 416.0; #Success = 0; #Failed = 7; #Dropped = 156
Target Time = 50.5; Load Intensity = 425.0; #Success = 0; #Failed = 6; #Dropped = 140
Target Time = 51.5; Load Intensity = 433.0; #Success = 0; #Failed = 6; #Dropped = 179
Target Time = 52.5; Load Intensity = 441.0; #Success = 0; #Failed = 0; #Dropped = 0
Target Time = 53.5; Load Intensity = 450.0; #Success = 0; #Failed = 0; #Dropped = 0
Target Time = 54.5; Load Intensity = 458.0; #Success = 0; #Failed = 9; #Dropped = 634
Target Time = 55.5; Load Intensity = 466.0; #Success = 0; #Failed = 4; #Dropped = 165
Target Time = 56.5; Load Intensity = 475.0; #Success = 0; #Failed = 8; #Dropped = 253
Target Time = 57.5; Load Intensity = 483.0; #Success = 1; #Failed = 5; #Dropped = 213
Target Time = 58.5; Load Intensity = 491.0; #Success = 0; #Failed = 9; #Dropped = 241
Target Time = 59.5; Load Intensity = 500.0; #Success = 0; #Failed = 5; #Dropped = 164
Target Time = 60.5; Load Intensity = 508.0; #Success = 0; #Failed = 0; #Dropped = 0
Target Time = 61.5; Load Intensity = 516.0; #Success = 3; #Failed = 0; #Dropped = 577
Target Time = 62.5; Load Intensity = 525.0; #Success = 3; #Failed = 0; #Dropped = 260
Target Time = 63.5; Load Intensity = 533.0; #Success = 3; #Failed = 2; #Dropped = 260
Target Time = 64.5; Load Intensity = 541.0; #Success = 2; #Failed = 0; #Dropped = 293
Target Time = 65.5; Load Intensity = 550.0; #Success = 0; #Failed = 2; #Dropped = 233
Target Time = 66.5; Load Intensity = 558.0; #Success = 1; #Failed = 2; #Dropped = 413
Target Time = 67.5; Load Intensity = 566.0; #Success = 2; #Failed = 0; #Dropped = 324
Target Time = 68.5; Load Intensity = 575.0; #Success = 2; #Failed = 2; #Dropped = 355
Target Time = 69.5; Load Intensity = 583.0; #Success = 3; #Failed = 1; #Dropped = 280
Target Time = 70.5; Load Intensity = 591.0; #Success = 1; #Failed = 0; #Dropped = 155
Target Time = 71.5; Load Intensity = 600.0; #Success = 0; #Failed = 4; #Dropped = 539
Target Time = 72.5; Load Intensity = 608.0; #Success = 3; #Failed = 1; #Dropped = 326
Target Time = 73.5; Load Intensity = 616.0; #Success = 4; #Failed = 2; #Dropped = 433
Target Time = 74.5; Load Intensity = 625.0; #Success = 2; #Failed = 0; #Dropped = 220
Target Time = 75.5; Load Intensity = 633.0; #Success = 2; #Failed = 0; #Dropped = 535
Target Time = 76.5; Load Intensity = 641.0; #Success = 2; #Failed = 1; #Dropped = 344
Target Time = 77.5; Load Intensity = 650.0; #Success = 3; #Failed = 0; #Dropped = 381
Target Time = 78.5; Load Intensity = 658.0; #Success = 3; #Failed = 1; #Dropped = 382
Target Time = 79.5; Load Intensity = 666.0; #Success = 2; #Failed = 1; #Dropped = 446
Target Time = 80.5; Load Intensity = 675.0; #Success = 0; #Failed = 1; #Dropped = 73
Target Time = 81.5; Load Intensity = 683.0; #Success = 2; #Failed = 0; #Dropped = 482
Target Time = 82.5; Load Intensity = 691.0; #Success = 0; #Failed = 0; #Dropped = 0
Target Time = 83.5; Load Intensity = 700.0; #Success = 1; #Failed = 0; #Dropped = 1128
Target Time = 84.5; Load Intensity = 708.0; #Success = 1; #Failed = 2; #Dropped = 493
Target Time = 85.5; Load Intensity = 716.0; #Success = 4; #Failed = 7; #Dropped = 515
Target Time = 86.5; Load Intensity = 725.0; #Success = 5; #Failed = 2; #Dropped = 512
Target Time = 87.5; Load Intensity = 733.0; #Success = 0; #Failed = 0; #Dropped = 0
Target Time = 88.5; Load Intensity = 741.0; #Success = 0; #Failed = 0; #Dropped = 0
Target Time = 89.5; Load Intensity = 750.0; #Success = 1; #Failed = 3; #Dropped = 1354
Target Time = 90.5; Load Intensity = 758.0; #Success = 0; #Failed = 2; #Dropped = 486
Target Time = 91.5; Load Intensity = 766.0; #Success = 1; #Failed = 6; #Dropped = 607
Target Time = 92.5; Load Intensity = 775.0; #Success = 0; #Failed = 1; #Dropped = 166
Target Time = 93.5; Load Intensity = 783.0; #Success = 2; #Failed = 4; #Dropped = 851
Target Time = 94.5; Load Intensity = 791.0; #Success = 3; #Failed = 1; #Dropped = 503
Target Time = 95.5; Load Intensity = 800.0; #Success = 2; #Failed = 3; #Dropped = 584
Target Time = 96.5; Load Intensity = 808.0; #Success = 1; #Failed = 5; #Dropped = 472
Target Time = 97.5; Load Intensity = 816.0; #Success = 1; #Failed = 3; #Dropped = 633
Target Time = 98.5; Load Intensity = 825.0; #Success = 0; #Failed = 4; #Dropped = 524
Target Time = 99.5; Load Intensity = 833.0; #Success = 2; #Failed = 2; #Dropped = 530
Target Time = 100.5; Load Intensity = 841.0; #Success = 0; #Failed = 5; #Dropped = 616
Target Time = 101.5; Load Intensity = 850.0; #Success = 1; #Failed = 1; #Dropped = 701
Target Time = 102.5; Load Intensity = 858.0; #Success = 0; #Failed = 4; #Dropped = 572
Target Time = 103.5; Load Intensity = 866.0; #Success = 1; #Failed = 3; #Dropped = 526
Target Time = 104.5; Load Intensity = 875.0; #Success = 0; #Failed = 3; #Dropped = 697
Target Time = 105.5; Load Intensity = 883.0; #Success = 1; #Failed = 4; #Dropped = 643
Target Time = 106.5; Load Intensity = 891.0; #Success = 0; #Failed = 0; #Dropped = 0
Target Time = 107.5; Load Intensity = 900.0; #Success = 0; #Failed = 0; #Dropped = 0
Target Time = 108.5; Load Intensity = 908.0; #Success = 1; #Failed = 0; #Dropped = 1624
Target Time = 109.5; Load Intensity = 916.0; #Success = 1; #Failed = 5; #Dropped = 928
Target Time = 110.5; Load Intensity = 925.0; #Success = 0; #Failed = 8; #Dropped = 844
Target Time = 111.5; Load Intensity = 933.0; #Success = 1; #Failed = 5; #Dropped = 244
Target Time = 112.5; Load Intensity = 941.0; #Success = 1; #Failed = 1; #Dropped = 992
Target Time = 113.5; Load Intensity = 950.0; #Success = 0; #Failed = 0; #Dropped = 0
Target Time = 114.5; Load Intensity = 958.0; #Success = 0; #Failed = 0; #Dropped = 0
Target Time = 115.5; Load Intensity = 966.0; #Success = 3; #Failed = 1; #Dropped = 1999
Target Time = 116.5; Load Intensity = 975.0; #Success = 2; #Failed = 4; #Dropped = 762
Target Time = 117.5; Load Intensity = 983.0; #Success = 0; #Failed = 0; #Dropped = 0
Target Time = 118.5; Load Intensity = 991.0; #Success = 0; #Failed = 1; #Dropped = 986
Target Time = 119.5; Load Intensity = 1000.0; #Success = 0; #Failed = 1; #Dropped = 573
Target Time = 120.5; Load Intensity = 0.0; #Success = 0; #Failed = 0; #Dropped = 0
Target Time = 121.5; Load Intensity = 0.0; #Success = 1; #Failed = 0; #Dropped = 2271
Target Time = 122.5; Load Intensity = 0.0; #Success = 0; #Failed = 2; #Dropped = 660
Target Time = 123.5; Load Intensity = 0.0; #Success = 4; #Failed = 2; #Dropped = 648
Target Time = 124.5; Load Intensity = 0.0; #Success = 1; #Failed = 5; #Dropped = 951
Target Time = 125.5; Load Intensity = 0.0; #Success = 0; #Failed = 4; #Dropped = 159
Target Time = 126.5; Load Intensity = 0.0; #Success = 1; #Failed = 1; #Dropped = 1483
Target Time = 127.5; Load Intensity = 0.0; #Success = 0; #Failed = 4; #Dropped = 686
Target Time = 128.5; Load Intensity = 0.0; #Success = 0; #Failed = 8; #Dropped = 867
Target Time = 129.5; Load Intensity = 0.0; #Success = 0; #Failed = 4; #Dropped = 943
Target Time = 130.5; Load Intensity = 0.0; #Success = 1; #Failed = 5; #Dropped = 411
Target Time = 131.5; Load Intensity = 0.0; #Success = 1; #Failed = 2; #Dropped = 1258
Target Time = 132.5; Load Intensity = 0.0; #Success = 0; #Failed = 0; #Dropped = 0
Target Time = 133.5; Load Intensity = 0.0; #Success = 0; #Failed = 5; #Dropped = 1719
Target Time = 134.5; Load Intensity = 0.0; #Success = 0; #Failed = 6; #Dropped = 770
Target Time = 135.5; Load Intensity = 0.0; #Success = 1; #Failed = 24; #Dropped = 953
Target Time = 136.5; Load Intensity = 0.0; #Success = 0; #Failed = 0; #Dropped = 0
Target Time = 137.5; Load Intensity = 0.0; #Success = 2; #Failed = 0; #Dropped = 1553
Target Time = 138.5; Load Intensity = 0.0; #Success = 0; #Failed = 0; #Dropped = 0
Target Time = 139.5; Load Intensity = 0.0; #Success = 1; #Failed = 0; #Dropped = 1842
Target Time = 140.5; Load Intensity = 0.0; #Success = 3; #Failed = 0; #Dropped = 791
Target Time = 141.5; Load Intensity = 0.0; #Success = 0; #Failed = 0; #Dropped = 0
Target Time = 142.5; Load Intensity = 0.0; #Success = 0; #Failed = 0; #Dropped = 0
Target Time = 143.5; Load Intensity = 0.0; #Success = 0; #Failed = 0; #Dropped = 0
  └─ [nitro5:sd] end 02:44:12
Target Time = 144.5; Load Intensity = 0.0; #Success = 0; #Failed = 1; #Dropped = 4067
Target Time = 145.5; Load Intensity = 0.0; #Success = 1; #Failed = 1; #Dropped = 796
  └─ [nitro5:ram] end 02:44:13
  └─ [nitro5:nic] end 02:44:13
  └─ [nitro5:cpu] end 02:44:14
Target Time = 146.5; Load Intensity = 0.0; #Success = 0; #Failed = 2; #Dropped = 970
Target Time = 147.5; Load Intensity = 0.0; #Success = 0; #Failed = 2; #Dropped = 441
Target Time = 148.5; Load Intensity = 0.0; #Success = 1; #Failed = 7; #Dropped = 1747
Target Time = 149.5; Load Intensity = 0.0; #Success = 0; #Failed = 1; #Dropped = 306
Target Time = 150.5; Load Intensity = 0.0; #Success = 0; #Failed = 2; #Dropped = 718
Target Time = 151.5; Load Intensity = 0.0; #Success = 1; #Failed = 1; #Dropped = 0
Target Time = 152.5; Load Intensity = 0.0; #Success = 0; #Failed = 4; #Dropped = 0
Target Time = 153.5; Load Intensity = 0.0; #Success = 2; #Failed = 3; #Dropped = 0
Target Time = 154.5; Load Intensity = 0.0; #Success = 1; #Failed = 3; #Dropped = 0
Target Time = 155.5; Load Intensity = 0.0; #Success = 0; #Failed = 1; #Dropped = 0
Target Time = 156.5; Load Intensity = 0.0; #Success = 0; #Failed = 0; #Dropped = 0
Target Time = 157.5; Load Intensity = 0.0; #Success = 1; #Failed = 0; #Dropped = 0
  └─ [aspire:nic] end 02:44:25
Target Time = 158.5; Load Intensity = 0.0; #Success = 0; #Failed = 0; #Dropped = 0
Target Time = 159.5; Load Intensity = 0.0; #Success = 0; #Failed = 0; #Dropped = 0
Target Time = 160.5; Load Intensity = 0.0; #Success = 1; #Failed = 0; #Dropped = 0
Target Time = 161.5; Load Intensity = 0.0; #Success = 0; #Failed = 0; #Dropped = 0
Target Time = 162.5; Load Intensity = 0.0; #Success = 0; #Failed = 0; #Dropped = 0
  └─ [aspire:cpu] end 02:44:30
Target Time = 163.5; Load Intensity = 0.0; #Success = 2; #Failed = 0; #Dropped = 0
  └─ [aspire:sd] end 02:44:31
  └─ [aspire:ram] end 02:44:31
Target Time = 164.5; Load Intensity = 0.0; #Success = 4; #Failed = 0; #Dropped = 0
Target Time = 165.5; Load Intensity = 0.0; #Success = 19; #Failed = 0; #Dropped = 0
Target Time = 166.5; Load Intensity = 0.0; #Success = 0; #Failed = 0; #Dropped = 0
Target Time = 167.5; Load Intensity = 0.0; #Success = 1; #Failed = 2; #Dropped = 0
Target Time = 168.5; Load Intensity = 0.0; #Success = 0; #Failed = 0; #Dropped = 0
Target Time = 169.5; Load Intensity = 0.0; #Success = 0; #Failed = 0; #Dropped = 0
Target Time = 170.5; Load Intensity = 0.0; #Success = 2; #Failed = 1; #Dropped = 0
Target Time = 171.5; Load Intensity = 0.0; #Success = 0; #Failed = 13; #Dropped = 0
  └─ [leo:nic] end 02:44:39
  └─ [scorpius:nic] end 02:44:42
  └─ [scorpius:cpu] end 02:44:42
  └─ [scorpius:sd] end 02:44:42
  └─ [scorpius:ram] end 02:44:42
  └─ [leo:sd] end 02:44:43
Workload finished.
Log finished.
📄 LIMBO finalizado para scenario=medium
⏳ [02:44:44] Esperando que termine medición: fase3_carga_medium_iter4 (PID: 3609537)
  └─ [leo:ram] end 02:44:50
  └─ [leo:cpu] end 02:45:06
=== Bloque 145s terminado - Fase: fase3_carga_medium_iter4 ===
[🧹] Limpiando CSVs internos de ecofloc en cada nodo (fase: fase3_carga_medium_iter4)...
  ✔ [nitro5:cpu] limpiado /home/luish/Documents/p3/ecofloc2/ecofloc/ecofloc-cpu/ECOFLOC_CPU_COMM_text.csv
  ✔ [nitro5:nic] limpiado /home/luish/Documents/p3/ecofloc2/ecofloc/ecofloc-nic/ECOFLOC_NIC_COMM_text.csv
  ✔ [nitro5:ram] limpiado /home/luish/Documents/p3/ecofloc2/ecofloc/ecofloc-ram/ECOFLOC_RAM_COMM_text.csv
  ✔ [nitro5:sd] limpiado /home/luish/Documents/p3/ecofloc2/ecofloc/ecofloc-sd/ECOFLOC_SD_COMM_text.csv
  ✔ [leo:cpu] limpiado /home/leo/ecofloc/ecofloc-cpu/ECOFLOC_CPU_COMM_text.csv
  ✔ [leo:nic] limpiado /home/leo/ecofloc/ecofloc-nic/ECOFLOC_NIC_COMM_text.csv
  ✔ [leo:ram] limpiado /home/leo/ecofloc/ecofloc-ram/ECOFLOC_RAM_COMM_text.csv
  ✔ [leo:sd] limpiado /home/leo/ecofloc/ecofloc-sd/ECOFLOC_SD_COMM_text.csv
  ✔ [aspire:cpu] limpiado /home/luish/Documents/p3/ecofloc2/ecofloc/ecofloc-cpu/ECOFLOC_CPU_COMM_text.csv
  ✔ [aspire:nic] limpiado /home/luish/Documents/p3/ecofloc2/ecofloc/ecofloc-nic/ECOFLOC_NIC_COMM_text.csv
  ✔ [aspire:ram] limpiado /home/luish/Documents/p3/ecofloc2/ecofloc/ecofloc-ram/ECOFLOC_RAM_COMM_text.csv
  ✔ [aspire:sd] limpiado /home/luish/Documents/p3/ecofloc2/ecofloc/ecofloc-sd/ECOFLOC_SD_COMM_text.csv
  ✔ [scorpius:cpu] limpiado /home/scorpius03/Documents/ecofloc/ecofloc-cpu/ECOFLOC_CPU_COMM_text.csv
  ✔ [scorpius:nic] limpiado /home/scorpius03/Documents/ecofloc/ecofloc-nic/ECOFLOC_NIC_COMM_text.csv
  ✔ [scorpius:ram] limpiado /home/scorpius03/Documents/ecofloc/ecofloc-ram/ECOFLOC_RAM_COMM_text.csv
  ✔ [scorpius:sd] limpiado /home/scorpius03/Documents/ecofloc/ecofloc-sd/ECOFLOC_SD_COMM_text.csv
========================================
🔋 MEASURE ENERGY FINALIZADO
   Fase: fase3_carga_medium_iter4
========================================
✔️ [02:45:10] Medición fase3_carga_medium_iter4 completada
[📦] Archivando resultados → ./historyexecutions/exp(02:45:15)_fase3_medium_iter4
[✔] Archivado: ./historyexecutions/exp(02:45:15)_fase3_medium_iter4
🧹 Limpiando TeaStore (iter 4)...
⏸ Esperando 15s para limpieza completa...
✅ Iteración 4 / 13 del escenario medium completada.

########################################################
🔄 ESCENARIO: medium | ITERACIÓN: 5 / 13
   Hora: 02:46:03
########################################################
========================================
🔋 FASE 1: Descarga de imágenes (medium, iter 5)
========================================
📋 Capturando PIDs (gepidstea.sh)...
📋 Capturando PIDs de contenedores (kpsnodos.sh)...
🔋 [02:46:20] Iniciando medición de energía: fase1_descarga_medium_iter5 (25s)
   PID de medición: 3953072
🚀 Desplegando TeaStore desde /home/luish/Documents/death/teastore/TeaStore/examples/kubernetes/teastore-energy-scheduler.yaml...
========================================
🔋 MEASURE ENERGY - Fase: fase1_descarga_medium_iter5
   Duración: 25s
   PID: 3953072
========================================
=== Medición bloque 25s - Fase: fase1_descarga_medium_iter5 ===
[⏱ 02:46:20] Iniciando ecofloc en nitro5 por 25s (fase: fase1_descarga_medium_iter5)
⏳ Esperando a que todos los pods de TeaStore estén Running y Ready...
  ├─ [nitro5:sd] start 02:46:20
  ├─ [nitro5:ram] start 02:46:21
  ├─ [nitro5:nic] start 02:46:21
[⏱ 02:46:21] Iniciando ecofloc en aspire por 25s (fase: fase1_descarga_medium_iter5)
  ├─ [nitro5:cpu] start 02:46:21
  ├─ [aspire:sd] start 02:46:21
  ├─ [aspire:ram] start 02:46:21
[⏱ 02:46:21] Iniciando ecofloc en scorpius por 25s (fase: fase1_descarga_medium_iter5)
  ├─ [aspire:nic] start 02:46:21
  ├─ [scorpius:sd] start 02:46:21
  ├─ [aspire:cpu] start 02:46:21
  ├─ [scorpius:ram] start 02:46:21
  ├─ [scorpius:nic] start 02:46:22
[⏱ 02:46:22] Iniciando ecofloc en leo por 25s (fase: fase1_descarga_medium_iter5)
  ├─ [scorpius:cpu] start 02:46:22
  ├─ [leo:sd] start 02:46:22
  ├─ [leo:nic] start 02:46:22
  ├─ [leo:cpu] start 02:46:22
  ├─ [leo:ram] start 02:46:22
✅ Pods listos.
⏳ [02:46:23] Esperando que termine medición: fase1_descarga_medium_iter5 (PID: 3953072)
  └─ [nitro5:sd] end 02:46:45
  └─ [nitro5:ram] end 02:46:46
  └─ [nitro5:nic] end 02:46:46
  └─ [nitro5:cpu] end 02:46:47
  └─ [aspire:cpu] end 02:46:47
  └─ [aspire:sd] end 02:46:47
  └─ [scorpius:cpu] end 02:46:48
  └─ [leo:cpu] end 02:46:48
  └─ [leo:sd] end 02:46:48
  └─ [aspire:nic] end 02:46:48
  └─ [scorpius:nic] end 02:46:48
  └─ [aspire:ram] end 02:46:48
  └─ [scorpius:sd] end 02:46:48
  └─ [leo:ram] end 02:46:49
  └─ [scorpius:ram] end 02:46:49
  └─ [leo:nic] end 02:46:49
=== Bloque 25s terminado - Fase: fase1_descarga_medium_iter5 ===
[🧹] Limpiando CSVs internos de ecofloc en cada nodo (fase: fase1_descarga_medium_iter5)...
  ✔ [nitro5:cpu] limpiado /home/luish/Documents/p3/ecofloc2/ecofloc/ecofloc-cpu/ECOFLOC_CPU_COMM_text.csv
  ✔ [nitro5:nic] limpiado /home/luish/Documents/p3/ecofloc2/ecofloc/ecofloc-nic/ECOFLOC_NIC_COMM_text.csv
  ✔ [nitro5:ram] limpiado /home/luish/Documents/p3/ecofloc2/ecofloc/ecofloc-ram/ECOFLOC_RAM_COMM_text.csv
  ✔ [nitro5:sd] limpiado /home/luish/Documents/p3/ecofloc2/ecofloc/ecofloc-sd/ECOFLOC_SD_COMM_text.csv
  ✔ [leo:cpu] limpiado /home/leo/ecofloc/ecofloc-cpu/ECOFLOC_CPU_COMM_text.csv
  ✔ [leo:nic] limpiado /home/leo/ecofloc/ecofloc-nic/ECOFLOC_NIC_COMM_text.csv
  ✔ [leo:ram] limpiado /home/leo/ecofloc/ecofloc-ram/ECOFLOC_RAM_COMM_text.csv
  ✔ [leo:sd] limpiado /home/leo/ecofloc/ecofloc-sd/ECOFLOC_SD_COMM_text.csv
  ✔ [aspire:cpu] limpiado /home/luish/Documents/p3/ecofloc2/ecofloc/ecofloc-cpu/ECOFLOC_CPU_COMM_text.csv
  ✔ [aspire:nic] limpiado /home/luish/Documents/p3/ecofloc2/ecofloc/ecofloc-nic/ECOFLOC_NIC_COMM_text.csv
  ✔ [aspire:ram] limpiado /home/luish/Documents/p3/ecofloc2/ecofloc/ecofloc-ram/ECOFLOC_RAM_COMM_text.csv
  ✔ [aspire:sd] limpiado /home/luish/Documents/p3/ecofloc2/ecofloc/ecofloc-sd/ECOFLOC_SD_COMM_text.csv
  ✔ [scorpius:cpu] limpiado /home/scorpius03/Documents/ecofloc/ecofloc-cpu/ECOFLOC_CPU_COMM_text.csv
  ✔ [scorpius:nic] limpiado /home/scorpius03/Documents/ecofloc/ecofloc-nic/ECOFLOC_NIC_COMM_text.csv
  ✔ [scorpius:ram] limpiado /home/scorpius03/Documents/ecofloc/ecofloc-ram/ECOFLOC_RAM_COMM_text.csv
  ✔ [scorpius:sd] limpiado /home/scorpius03/Documents/ecofloc/ecofloc-sd/ECOFLOC_SD_COMM_text.csv
========================================
🔋 MEASURE ENERGY FINALIZADO
   Fase: fase1_descarga_medium_iter5
========================================
✔️ [02:46:53] Medición fase1_descarga_medium_iter5 completada
[📦] Archivando resultados → ./historyexecutions/exp(02:46:58)_fase1_medium_iter5
[✔] Archivado: ./historyexecutions/exp(02:46:58)_fase1_medium_iter5
========================================
🔋 FASE 2: Preparación de servicios (medium, iter 5)
========================================
📋 Capturando PIDs (gepidstea.sh)...
📋 Capturando PIDs de contenedores (kpsnodos.sh)...
🔋 [02:47:15] Iniciando medición de energía: fase2_preparacion_medium_iter5 (50s)
   PID de medición: 4012279
========================================
🔋 MEASURE ENERGY - Fase: fase2_preparacion_medium_iter5
   Duración: 50s
   PID: 4012279
========================================
=== Medición bloque 50s - Fase: fase2_preparacion_medium_iter5 ===
[⏱ 02:47:15] Iniciando ecofloc en nitro5 por 50s (fase: fase2_preparacion_medium_iter5)
⏳ Esperando 10s a que CoreDNS se estabilice...
  ├─ [nitro5:sd] start 02:47:15
  ├─ [nitro5:ram] start 02:47:16
  ├─ [nitro5:nic] start 02:47:16
[⏱ 02:47:17] Iniciando ecofloc en aspire por 50s (fase: fase2_preparacion_medium_iter5)
  ├─ [nitro5:cpu] start 02:47:17
  ├─ [aspire:sd] start 02:47:17
  ├─ [aspire:ram] start 02:47:17
[⏱ 02:47:17] Iniciando ecofloc en scorpius por 50s (fase: fase2_preparacion_medium_iter5)
  ├─ [aspire:nic] start 02:47:17
  ├─ [aspire:cpu] start 02:47:17
  ├─ [scorpius:sd] start 02:47:17
  ├─ [scorpius:ram] start 02:47:17
[⏱ 02:47:17] Iniciando ecofloc en leo por 50s (fase: fase2_preparacion_medium_iter5)
  ├─ [scorpius:nic] start 02:47:17
  ├─ [scorpius:cpu] start 02:47:17
  ├─ [leo:sd] start 02:47:17
  ├─ [leo:ram] start 02:47:17
  ├─ [leo:nic] start 02:47:17
  ├─ [leo:cpu] start 02:47:17
➡️ Pod WebUI: teastore-webui-ff7768544-5dxxn
➡️ Está en el nodo: luish-nitro-an515-57
🌐 IP del nodo WebUI: 192.168.18.27
⏳ Verificando estado del TeaStore en http://192.168.18.27:30080/tools.descartes.teastore.webui/status ...
   ➤ Estado actual: 5 / 5 servicios OK
✔ TODOS los servicios del TeaStore están OK. Continuando...
⏳ [02:47:28] Esperando que termine medición: fase2_preparacion_medium_iter5 (PID: 4012279)
  └─ [nitro5:sd] end 02:48:05
  └─ [nitro5:ram] end 02:48:06
  └─ [nitro5:nic] end 02:48:06
  └─ [nitro5:cpu] end 02:48:07
  └─ [scorpius:cpu] end 02:48:08
  └─ [aspire:cpu] end 02:48:08
  └─ [aspire:sd] end 02:48:08
  └─ [leo:sd] end 02:48:09
  └─ [leo:cpu] end 02:48:09
  └─ [scorpius:sd] end 02:48:09
  └─ [aspire:nic] end 02:48:09
  └─ [scorpius:nic] end 02:48:09
  └─ [scorpius:ram] end 02:48:09
  └─ [leo:nic] end 02:48:09
  └─ [leo:ram] end 02:48:09
  └─ [aspire:ram] end 02:48:09
=== Bloque 50s terminado - Fase: fase2_preparacion_medium_iter5 ===
[🧹] Limpiando CSVs internos de ecofloc en cada nodo (fase: fase2_preparacion_medium_iter5)...
  ✔ [nitro5:cpu] limpiado /home/luish/Documents/p3/ecofloc2/ecofloc/ecofloc-cpu/ECOFLOC_CPU_COMM_text.csv
  ✔ [nitro5:nic] limpiado /home/luish/Documents/p3/ecofloc2/ecofloc/ecofloc-nic/ECOFLOC_NIC_COMM_text.csv
  ✔ [nitro5:ram] limpiado /home/luish/Documents/p3/ecofloc2/ecofloc/ecofloc-ram/ECOFLOC_RAM_COMM_text.csv
  ✔ [nitro5:sd] limpiado /home/luish/Documents/p3/ecofloc2/ecofloc/ecofloc-sd/ECOFLOC_SD_COMM_text.csv
  ✔ [leo:cpu] limpiado /home/leo/ecofloc/ecofloc-cpu/ECOFLOC_CPU_COMM_text.csv
  ✔ [leo:nic] limpiado /home/leo/ecofloc/ecofloc-nic/ECOFLOC_NIC_COMM_text.csv
  ✔ [leo:ram] limpiado /home/leo/ecofloc/ecofloc-ram/ECOFLOC_RAM_COMM_text.csv
  ✔ [leo:sd] limpiado /home/leo/ecofloc/ecofloc-sd/ECOFLOC_SD_COMM_text.csv
  ✔ [aspire:cpu] limpiado /home/luish/Documents/p3/ecofloc2/ecofloc/ecofloc-cpu/ECOFLOC_CPU_COMM_text.csv
  ✔ [aspire:nic] limpiado /home/luish/Documents/p3/ecofloc2/ecofloc/ecofloc-nic/ECOFLOC_NIC_COMM_text.csv
  ✔ [aspire:ram] limpiado /home/luish/Documents/p3/ecofloc2/ecofloc/ecofloc-ram/ECOFLOC_RAM_COMM_text.csv
  ✔ [aspire:sd] limpiado /home/luish/Documents/p3/ecofloc2/ecofloc/ecofloc-sd/ECOFLOC_SD_COMM_text.csv
  ✔ [scorpius:cpu] limpiado /home/scorpius03/Documents/ecofloc/ecofloc-cpu/ECOFLOC_CPU_COMM_text.csv
  ✔ [scorpius:nic] limpiado /home/scorpius03/Documents/ecofloc/ecofloc-nic/ECOFLOC_NIC_COMM_text.csv
  ✔ [scorpius:ram] limpiado /home/scorpius03/Documents/ecofloc/ecofloc-ram/ECOFLOC_RAM_COMM_text.csv
  ✔ [scorpius:sd] limpiado /home/scorpius03/Documents/ecofloc/ecofloc-sd/ECOFLOC_SD_COMM_text.csv
========================================
🔋 MEASURE ENERGY FINALIZADO
   Fase: fase2_preparacion_medium_iter5
========================================
✔️ [02:48:13] Medición fase2_preparacion_medium_iter5 completada
[📦] Archivando resultados → ./historyexecutions/exp(02:48:18)_fase2_medium_iter5
[✔] Archivado: ./historyexecutions/exp(02:48:18)_fase2_medium_iter5
========================================
🔋 FASE 3: Ejecución de carga (medium, iter 5)
========================================
📋 Capturando PIDs (gepidstea.sh)...
📋 Capturando PIDs de contenedores (kpsnodos.sh)...
🔋 [02:48:34] Iniciando medición de energía: fase3_carga_medium_iter5 (145s)
   PID de medición: 4152417
=== Escenario medium (iter 5) ===
========================================
🔋 MEASURE ENERGY - Fase: fase3_carga_medium_iter5
   Duración: 145s
   PID: 4152417
========================================
=== Medición bloque 145s - Fase: fase3_carga_medium_iter5 ===
🚀 Iniciando LIMBO con profile=/home/luish/Documents/death/teastore/TeaStore/examples/httploadgenerator/increasingMedIntensity.csv y script=/home/luish/Documents/death/teastore/TeaStore/examples/httploadgenerator/teastore_buy.lua
[⏱ 02:48:34] Iniciando ecofloc en nitro5 por 145s (fase: fase3_carga_medium_iter5)
Feb 26, 2026 2:48:34 AM tools.descartes.dlim.httploadgenerator.runner.Director executeDirector
WARNING: No power measurements
Feb 26, 2026 2:48:34 AM tools.descartes.dlim.httploadgenerator.runner.Director executeDirector
INFO: Load Generator Thread Count set to 64
Feb 26, 2026 2:48:34 AM tools.descartes.dlim.httploadgenerator.runner.Director executeDirector
INFO: URL connection timout set to 30000 ms
Feb 26, 2026 2:48:34 AM tools.descartes.dlim.httploadgenerator.runner.Director executeDirector
INFO: Using Lua Script: /home/luish/Documents/death/teastore/TeaStore/examples/httploadgenerator/teastore_buy.lua
Feb 26, 2026 2:48:34 AM tools.descartes.dlim.httploadgenerator.runner.Director process
INFO: Read 120 Arrival Rate Tuples
Load Generator sent: ok
Feb 26, 2026 2:48:34 AM tools.descartes.dlim.httploadgenerator.runner.Director process
INFO: Arrival Rates sent to Load Generator(s).
Load Generator sent: ok
Feb 26, 2026 2:48:34 AM tools.descartes.dlim.httploadgenerator.runner.Director process
INFO: Thread Count sent to Load Generator(s): 64
Load Generator sent: ok
Feb 26, 2026 2:48:34 AM tools.descartes.dlim.httploadgenerator.runner.Director process
INFO: URL connection timeout sent to Load Generator(s): 30000
Load Generator sent: ok
Feb 26, 2026 2:48:34 AM tools.descartes.dlim.httploadgenerator.runner.Director process
INFO: Contents of script sent to Load Generator: /home/luish/Documents/death/teastore/TeaStore/examples/httploadgenerator/teastore_buy.lua
Feb 26, 2026 2:48:34 AM tools.descartes.dlim.httploadgenerator.runner.Director process
INFO: Starting Load Generation
Beginning Run @1772092114956(26.02.2026;02:48:34956)
  ├─ [nitro5:sd] start 02:48:35
Target Time = 0.5; Load Intensity = 8.0; #Success = 0; #Failed = 0; #Dropped = 0
  ├─ [nitro5:ram] start 02:48:35
  ├─ [nitro5:nic] start 02:48:35
[⏱ 02:48:36] Iniciando ecofloc en aspire por 145s (fase: fase3_carga_medium_iter5)
  ├─ [nitro5:cpu] start 02:48:36
[⏱ 02:48:36] Iniciando ecofloc en scorpius por 145s (fase: fase3_carga_medium_iter5)
  ├─ [aspire:sd] start 02:48:36
  ├─ [aspire:nic] start 02:48:36
  ├─ [aspire:cpu] start 02:48:36
  ├─ [scorpius:sd] start 02:48:36
  ├─ [aspire:ram] start 02:48:36
  ├─ [scorpius:nic] start 02:48:36
  ├─ [scorpius:ram] start 02:48:36
  ├─ [scorpius:cpu] start 02:48:36
[⏱ 02:48:36] Iniciando ecofloc en leo por 145s (fase: fase3_carga_medium_iter5)
  ├─ [leo:sd] start 02:48:36
  ├─ [leo:ram] start 02:48:36
  ├─ [leo:cpu] start 02:48:36
  ├─ [leo:nic] start 02:48:36
Target Time = 1.5; Load Intensity = 16.0; #Success = 0; #Failed = 0; #Dropped = 0
Target Time = 2.5; Load Intensity = 25.0; #Success = 8; #Failed = 0; #Dropped = 0
Target Time = 3.5; Load Intensity = 33.0; #Success = 4; #Failed = 0; #Dropped = 0
Target Time = 4.5; Load Intensity = 41.0; #Success = 2; #Failed = 0; #Dropped = 0
Target Time = 5.5; Load Intensity = 50.0; #Success = 3; #Failed = 2; #Dropped = 0
Target Time = 6.5; Load Intensity = 58.0; #Success = 5; #Failed = 0; #Dropped = 0
Target Time = 7.5; Load Intensity = 66.0; #Success = 3; #Failed = 0; #Dropped = 0
Target Time = 8.5; Load Intensity = 75.0; #Success = 7; #Failed = 0; #Dropped = 0
Target Time = 9.5; Load Intensity = 83.0; #Success = 0; #Failed = 0; #Dropped = 0
Target Time = 10.5; Load Intensity = 91.0; #Success = 4; #Failed = 0; #Dropped = 0
Target Time = 11.5; Load Intensity = 100.0; #Success = 6; #Failed = 24; #Dropped = 0
Target Time = 12.5; Load Intensity = 108.0; #Success = 3; #Failed = 7; #Dropped = 0
Target Time = 13.5; Load Intensity = 116.0; #Success = 4; #Failed = 12; #Dropped = 0
Target Time = 14.5; Load Intensity = 125.0; #Success = 1; #Failed = 25; #Dropped = 0
Target Time = 15.5; Load Intensity = 133.0; #Success = 1; #Failed = 2; #Dropped = 0
Target Time = 16.5; Load Intensity = 141.0; #Success = 3; #Failed = 6; #Dropped = 0
Target Time = 17.5; Load Intensity = 150.0; #Success = 2; #Failed = 5; #Dropped = 0
Target Time = 18.5; Load Intensity = 158.0; #Success = 0; #Failed = 1; #Dropped = 0
Target Time = 19.5; Load Intensity = 166.0; #Success = 1; #Failed = 7; #Dropped = 0
Target Time = 20.5; Load Intensity = 175.0; #Success = 0; #Failed = 12; #Dropped = 0
Target Time = 21.5; Load Intensity = 183.0; #Success = 0; #Failed = 7; #Dropped = 0
Target Time = 22.5; Load Intensity = 191.0; #Success = 1; #Failed = 1; #Dropped = 0
Target Time = 23.5; Load Intensity = 200.0; #Success = 2; #Failed = 3; #Dropped = 0
Target Time = 24.5; Load Intensity = 208.0; #Success = 1; #Failed = 3; #Dropped = 0
Target Time = 25.5; Load Intensity = 216.0; #Success = 2; #Failed = 3; #Dropped = 0
Target Time = 26.5; Load Intensity = 225.0; #Success = 1; #Failed = 5; #Dropped = 0
Target Time = 27.5; Load Intensity = 233.0; #Success = 3; #Failed = 10; #Dropped = 0
Target Time = 28.5; Load Intensity = 241.0; #Success = 2; #Failed = 2; #Dropped = 0
Target Time = 29.5; Load Intensity = 250.0; #Success = 2; #Failed = 5; #Dropped = 0
Target Time = 30.5; Load Intensity = 258.0; #Success = 1; #Failed = 5; #Dropped = 0
Target Time = 31.5; Load Intensity = 266.0; #Success = 0; #Failed = 9; #Dropped = 0
Target Time = 32.5; Load Intensity = 275.0; #Success = 1; #Failed = 6; #Dropped = 0
Target Time = 33.5; Load Intensity = 283.0; #Success = 0; #Failed = 10; #Dropped = 0
Target Time = 34.5; Load Intensity = 291.0; #Success = 1; #Failed = 5; #Dropped = 0
Target Time = 35.5; Load Intensity = 300.0; #Success = 0; #Failed = 11; #Dropped = 0
Target Time = 36.5; Load Intensity = 308.0; #Success = 0; #Failed = 8; #Dropped = 0
Target Time = 37.5; Load Intensity = 316.0; #Success = 1; #Failed = 4; #Dropped = 0
Target Time = 38.5; Load Intensity = 325.0; #Success = 1; #Failed = 5; #Dropped = 14
Target Time = 39.5; Load Intensity = 333.0; #Success = 0; #Failed = 5; #Dropped = 79
Target Time = 40.5; Load Intensity = 341.0; #Success = 1; #Failed = 7; #Dropped = 84
Target Time = 41.5; Load Intensity = 350.0; #Success = 0; #Failed = 12; #Dropped = 93
Target Time = 42.5; Load Intensity = 358.0; #Success = 0; #Failed = 13; #Dropped = 100
Target Time = 43.5; Load Intensity = 366.0; #Success = 0; #Failed = 11; #Dropped = 95
Target Time = 44.5; Load Intensity = 375.0; #Success = 4; #Failed = 5; #Dropped = 108
Target Time = 45.5; Load Intensity = 383.0; #Success = 1; #Failed = 11; #Dropped = 139
Target Time = 46.5; Load Intensity = 391.0; #Success = 15; #Failed = 0; #Dropped = 138
Target Time = 47.5; Load Intensity = 400.0; #Success = 2; #Failed = 0; #Dropped = 63
Target Time = 48.5; Load Intensity = 408.0; #Success = 5; #Failed = 0; #Dropped = 137
Target Time = 49.5; Load Intensity = 416.0; #Success = 7; #Failed = 0; #Dropped = 230
Target Time = 50.5; Load Intensity = 425.0; #Success = 3; #Failed = 1; #Dropped = 157
Target Time = 51.5; Load Intensity = 433.0; #Success = 0; #Failed = 0; #Dropped = 0
Target Time = 52.5; Load Intensity = 441.0; #Success = 4; #Failed = 4; #Dropped = 381
Target Time = 53.5; Load Intensity = 450.0; #Success = 1; #Failed = 7; #Dropped = 192
Target Time = 54.5; Load Intensity = 458.0; #Success = 1; #Failed = 11; #Dropped = 196
Target Time = 55.5; Load Intensity = 466.0; #Success = 0; #Failed = 16; #Dropped = 201
Target Time = 56.5; Load Intensity = 475.0; #Success = 0; #Failed = 14; #Dropped = 194
Target Time = 57.5; Load Intensity = 483.0; #Success = 0; #Failed = 12; #Dropped = 232
Target Time = 58.5; Load Intensity = 491.0; #Success = 0; #Failed = 22; #Dropped = 219
Target Time = 59.5; Load Intensity = 500.0; #Success = 0; #Failed = 13; #Dropped = 221
Target Time = 60.5; Load Intensity = 508.0; #Success = 0; #Failed = 12; #Dropped = 258
Target Time = 61.5; Load Intensity = 516.0; #Success = 0; #Failed = 20; #Dropped = 238
Target Time = 62.5; Load Intensity = 525.0; #Success = 0; #Failed = 12; #Dropped = 242
Target Time = 63.5; Load Intensity = 533.0; #Success = 0; #Failed = 15; #Dropped = 307
Target Time = 64.5; Load Intensity = 541.0; #Success = 0; #Failed = 20; #Dropped = 271
Target Time = 65.5; Load Intensity = 550.0; #Success = 0; #Failed = 12; #Dropped = 273
Target Time = 66.5; Load Intensity = 558.0; #Success = 0; #Failed = 12; #Dropped = 288
Target Time = 67.5; Load Intensity = 566.0; #Success = 0; #Failed = 0; #Dropped = 0
Target Time = 68.5; Load Intensity = 575.0; #Success = 0; #Failed = 0; #Dropped = 0
Target Time = 69.5; Load Intensity = 583.0; #Success = 0; #Failed = 17; #Dropped = 973
Target Time = 70.5; Load Intensity = 591.0; #Success = 0; #Failed = 2; #Dropped = 320
Target Time = 71.5; Load Intensity = 600.0; #Success = 0; #Failed = 10; #Dropped = 373
Target Time = 72.5; Load Intensity = 608.0; #Success = 0; #Failed = 25; #Dropped = 317
Target Time = 73.5; Load Intensity = 616.0; #Success = 0; #Failed = 4; #Dropped = 372
Target Time = 74.5; Load Intensity = 625.0; #Success = 0; #Failed = 6; #Dropped = 356
Target Time = 75.5; Load Intensity = 633.0; #Success = 0; #Failed = 26; #Dropped = 397
Target Time = 76.5; Load Intensity = 641.0; #Success = 0; #Failed = 0; #Dropped = 0
Target Time = 77.5; Load Intensity = 650.0; #Success = 0; #Failed = 0; #Dropped = 0
Target Time = 78.5; Load Intensity = 658.0; #Success = 0; #Failed = 31; #Dropped = 1174
Target Time = 79.5; Load Intensity = 666.0; #Success = 0; #Failed = 19; #Dropped = 23
Target Time = 80.5; Load Intensity = 675.0; #Success = 0; #Failed = 1; #Dropped = 771
Target Time = 81.5; Load Intensity = 683.0; #Success = 0; #Failed = 48; #Dropped = 420
Target Time = 82.5; Load Intensity = 691.0; #Success = 0; #Failed = 2; #Dropped = 400
Target Time = 83.5; Load Intensity = 700.0; #Success = 0; #Failed = 1; #Dropped = 446
Target Time = 84.5; Load Intensity = 708.0; #Success = 0; #Failed = 25; #Dropped = 475
Target Time = 85.5; Load Intensity = 716.0; #Success = 0; #Failed = 19; #Dropped = 0
Target Time = 86.5; Load Intensity = 725.0; #Success = 0; #Failed = 2; #Dropped = 919
Target Time = 87.5; Load Intensity = 733.0; #Success = 0; #Failed = 13; #Dropped = 455
Target Time = 88.5; Load Intensity = 741.0; #Success = 0; #Failed = 34; #Dropped = 430
Target Time = 89.5; Load Intensity = 750.0; #Success = 0; #Failed = 4; #Dropped = 505
Target Time = 90.5; Load Intensity = 758.0; #Success = 0; #Failed = 44; #Dropped = 526
Target Time = 91.5; Load Intensity = 766.0; #Success = 0; #Failed = 3; #Dropped = 463
Target Time = 92.5; Load Intensity = 775.0; #Success = 0; #Failed = 0; #Dropped = 0
Target Time = 93.5; Load Intensity = 783.0; #Success = 0; #Failed = 1; #Dropped = 650
Target Time = 94.5; Load Intensity = 791.0; #Success = 1; #Failed = 1; #Dropped = 453
Target Time = 95.5; Load Intensity = 800.0; #Success = 0; #Failed = 10; #Dropped = 929
Target Time = 96.5; Load Intensity = 808.0; #Success = 0; #Failed = 4; #Dropped = 656
Target Time = 97.5; Load Intensity = 816.0; #Success = 0; #Failed = 1; #Dropped = 465
Target Time = 98.5; Load Intensity = 825.0; #Success = 0; #Failed = 1; #Dropped = 239
Target Time = 99.5; Load Intensity = 833.0; #Success = 0; #Failed = 21; #Dropped = 1005
Target Time = 100.5; Load Intensity = 841.0; #Success = 0; #Failed = 25; #Dropped = 287
Target Time = 101.5; Load Intensity = 850.0; #Success = 0; #Failed = 0; #Dropped = 0
Target Time = 102.5; Load Intensity = 858.0; #Success = 0; #Failed = 0; #Dropped = 0
Target Time = 103.5; Load Intensity = 866.0; #Success = 0; #Failed = 43; #Dropped = 1922
Target Time = 104.5; Load Intensity = 875.0; #Success = 0; #Failed = 3; #Dropped = 158
Target Time = 105.5; Load Intensity = 883.0; #Success = 0; #Failed = 16; #Dropped = 1331
Target Time = 106.5; Load Intensity = 891.0; #Success = 0; #Failed = 32; #Dropped = 522
Target Time = 107.5; Load Intensity = 900.0; #Success = 0; #Failed = 0; #Dropped = 0
Target Time = 108.5; Load Intensity = 908.0; #Success = 0; #Failed = 0; #Dropped = 0
Target Time = 109.5; Load Intensity = 916.0; #Success = 0; #Failed = 42; #Dropped = 1338
Target Time = 110.5; Load Intensity = 925.0; #Success = 0; #Failed = 3; #Dropped = 560
Target Time = 111.5; Load Intensity = 933.0; #Success = 0; #Failed = 0; #Dropped = 0
Target Time = 112.5; Load Intensity = 941.0; #Success = 0; #Failed = 42; #Dropped = 1436
Target Time = 113.5; Load Intensity = 950.0; #Success = 0; #Failed = 3; #Dropped = 603
Target Time = 114.5; Load Intensity = 958.0; #Success = 0; #Failed = 0; #Dropped = 0
Target Time = 115.5; Load Intensity = 966.0; #Success = 0; #Failed = 43; #Dropped = 1438
Target Time = 116.5; Load Intensity = 975.0; #Success = 1; #Failed = 10; #Dropped = 1354
Target Time = 117.5; Load Intensity = 983.0; #Success = 1; #Failed = 2; #Dropped = 67
Target Time = 118.5; Load Intensity = 991.0; #Success = 0; #Failed = 42; #Dropped = 665
Target Time = 119.5; Load Intensity = 1000.0; #Success = 0; #Failed = 4; #Dropped = 700
Target Time = 120.5; Load Intensity = 0.0; #Success = 0; #Failed = 1; #Dropped = 708
Target Time = 121.5; Load Intensity = 0.0; #Success = 0; #Failed = 41; #Dropped = 804
Target Time = 122.5; Load Intensity = 0.0; #Success = 0; #Failed = 3; #Dropped = 822
Target Time = 123.5; Load Intensity = 0.0; #Success = 0; #Failed = 3; #Dropped = 1041
Target Time = 124.5; Load Intensity = 0.0; #Success = 0; #Failed = 41; #Dropped = 504
Target Time = 125.5; Load Intensity = 0.0; #Success = 1; #Failed = 0; #Dropped = 951
Target Time = 126.5; Load Intensity = 0.0; #Success = 0; #Failed = 0; #Dropped = 0
Target Time = 127.5; Load Intensity = 0.0; #Success = 2; #Failed = 19; #Dropped = 1897
Target Time = 128.5; Load Intensity = 0.0; #Success = 0; #Failed = 0; #Dropped = 0
Target Time = 129.5; Load Intensity = 0.0; #Success = 2; #Failed = 0; #Dropped = 1197
Target Time = 130.5; Load Intensity = 0.0; #Success = 1; #Failed = 21; #Dropped = 1418
Target Time = 131.5; Load Intensity = 0.0; #Success = 0; #Failed = 3; #Dropped = 111
Target Time = 132.5; Load Intensity = 0.0; #Success = 0; #Failed = 3; #Dropped = 959
Target Time = 133.5; Load Intensity = 0.0; #Success = 0; #Failed = 36; #Dropped = 841
Target Time = 134.5; Load Intensity = 0.0; #Success = 1; #Failed = 1; #Dropped = 1182
Target Time = 135.5; Load Intensity = 0.0; #Success = 0; #Failed = 1; #Dropped = 474
Target Time = 136.5; Load Intensity = 0.0; #Success = 0; #Failed = 30; #Dropped = 838
Target Time = 137.5; Load Intensity = 0.0; #Success = 0; #Failed = 2; #Dropped = 1018
Target Time = 138.5; Load Intensity = 0.0; #Success = 0; #Failed = 4; #Dropped = 1680
Target Time = 139.5; Load Intensity = 0.0; #Success = 0; #Failed = 12; #Dropped = 112
Target Time = 140.5; Load Intensity = 0.0; #Success = 0; #Failed = 3; #Dropped = 949
Target Time = 141.5; Load Intensity = 0.0; #Success = 0; #Failed = 1; #Dropped = 896
Target Time = 142.5; Load Intensity = 0.0; #Success = 0; #Failed = 16; #Dropped = 1047
Target Time = 143.5; Load Intensity = 0.0; #Success = 0; #Failed = 8; #Dropped = 737
Target Time = 144.5; Load Intensity = 0.0; #Success = 0; #Failed = 2; #Dropped = 978
  └─ [nitro5:nic] end 02:51:00
  └─ [nitro5:sd] end 02:51:00
Target Time = 145.5; Load Intensity = 0.0; #Success = 1; #Failed = 28; #Dropped = 1674
  └─ [nitro5:ram] end 02:51:00
  └─ [nitro5:cpu] end 02:51:01
Target Time = 146.5; Load Intensity = 0.0; #Success = 1; #Failed = 9; #Dropped = 956
Target Time = 147.5; Load Intensity = 0.0; #Success = 0; #Failed = 5; #Dropped = 100
Target Time = 148.5; Load Intensity = 0.0; #Success = 0; #Failed = 25; #Dropped = 1073
Target Time = 149.5; Load Intensity = 0.0; #Success = 0; #Failed = 11; #Dropped = 969
  └─ [aspire:cpu] end 02:51:05
Target Time = 150.5; Load Intensity = 0.0; #Success = 0; #Failed = 5; #Dropped = 799
  └─ [aspire:nic] end 02:51:05
Target Time = 151.5; Load Intensity = 0.0; #Success = 0; #Failed = 32; #Dropped = 0
  └─ [aspire:sd] end 02:51:07
  └─ [aspire:ram] end 02:51:07
Target Time = 152.5; Load Intensity = 0.0; #Success = 0; #Failed = 10; #Dropped = 0
Target Time = 153.5; Load Intensity = 0.0; #Success = 0; #Failed = 2; #Dropped = 0
Target Time = 154.5; Load Intensity = 0.0; #Success = 0; #Failed = 0; #Dropped = 0
Target Time = 155.5; Load Intensity = 0.0; #Success = 0; #Failed = 0; #Dropped = 0
Target Time = 156.5; Load Intensity = 0.0; #Success = 0; #Failed = 0; #Dropped = 0
Target Time = 157.5; Load Intensity = 0.0; #Success = 0; #Failed = 0; #Dropped = 0
Target Time = 158.5; Load Intensity = 0.0; #Success = 0; #Failed = 0; #Dropped = 0
Target Time = 159.5; Load Intensity = 0.0; #Success = 7; #Failed = 0; #Dropped = 0
Target Time = 160.5; Load Intensity = 0.0; #Success = 0; #Failed = 0; #Dropped = 0
  └─ [scorpius:nic] end 02:51:15
Target Time = 161.5; Load Intensity = 0.0; #Success = 0; #Failed = 0; #Dropped = 0
Target Time = 162.5; Load Intensity = 0.0; #Success = 0; #Failed = 0; #Dropped = 0
Target Time = 163.5; Load Intensity = 0.0; #Success = 1; #Failed = 1; #Dropped = 0
  └─ [scorpius:ram] end 02:51:18
  └─ [scorpius:sd] end 02:51:19
  └─ [scorpius:cpu] end 02:51:19
Target Time = 164.5; Load Intensity = 0.0; #Success = 0; #Failed = 0; #Dropped = 0
Target Time = 165.5; Load Intensity = 0.0; #Success = 0; #Failed = 0; #Dropped = 0
Target Time = 166.5; Load Intensity = 0.0; #Success = 0; #Failed = 0; #Dropped = 0
Target Time = 167.5; Load Intensity = 0.0; #Success = 0; #Failed = 0; #Dropped = 0
Target Time = 168.5; Load Intensity = 0.0; #Success = 0; #Failed = 0; #Dropped = 0
Target Time = 169.5; Load Intensity = 0.0; #Success = 4; #Failed = 0; #Dropped = 0
Target Time = 170.5; Load Intensity = 0.0; #Success = 1; #Failed = 0; #Dropped = 0
Target Time = 171.5; Load Intensity = 0.0; #Success = 0; #Failed = 0; #Dropped = 0
Target Time = 172.5; Load Intensity = 0.0; #Success = 0; #Failed = 0; #Dropped = 0
Target Time = 173.5; Load Intensity = 0.0; #Success = 0; #Failed = 0; #Dropped = 0
Target Time = 174.5; Load Intensity = 0.0; #Success = 0; #Failed = 0; #Dropped = 0
Target Time = 175.5; Load Intensity = 0.0; #Success = 0; #Failed = 0; #Dropped = 0
  └─ [leo:cpu] end 02:51:30
  └─ [leo:sd] end 02:51:31
  └─ [leo:ram] end 02:51:31
=== Bloque 145s terminado - Fase: fase3_carga_medium_iter5 ===
[🧹] Limpiando CSVs internos de ecofloc en cada nodo (fase: fase3_carga_medium_iter5)...
  ✔ [nitro5:cpu] limpiado /home/luish/Documents/p3/ecofloc2/ecofloc/ecofloc-cpu/ECOFLOC_CPU_COMM_text.csv
  ✔ [nitro5:nic] limpiado /home/luish/Documents/p3/ecofloc2/ecofloc/ecofloc-nic/ECOFLOC_NIC_COMM_text.csv
  ✔ [nitro5:ram] limpiado /home/luish/Documents/p3/ecofloc2/ecofloc/ecofloc-ram/ECOFLOC_RAM_COMM_text.csv
  ✔ [nitro5:sd] limpiado /home/luish/Documents/p3/ecofloc2/ecofloc/ecofloc-sd/ECOFLOC_SD_COMM_text.csv
  ✔ [leo:cpu] limpiado /home/leo/ecofloc/ecofloc-cpu/ECOFLOC_CPU_COMM_text.csv
Target Time = 176.5; Load Intensity = 0.0; #Success = 1; #Failed = 0; #Dropped = 0
  ✔ [leo:nic] limpiado /home/leo/ecofloc/ecofloc-nic/ECOFLOC_NIC_COMM_text.csv
  ✔ [leo:ram] limpiado /home/leo/ecofloc/ecofloc-ram/ECOFLOC_RAM_COMM_text.csv
  ✔ [leo:sd] limpiado /home/leo/ecofloc/ecofloc-sd/ECOFLOC_SD_COMM_text.csv
  ✔ [aspire:cpu] limpiado /home/luish/Documents/p3/ecofloc2/ecofloc/ecofloc-cpu/ECOFLOC_CPU_COMM_text.csv
  ✔ [aspire:nic] limpiado /home/luish/Documents/p3/ecofloc2/ecofloc/ecofloc-nic/ECOFLOC_NIC_COMM_text.csv
  ✔ [aspire:ram] limpiado /home/luish/Documents/p3/ecofloc2/ecofloc/ecofloc-ram/ECOFLOC_RAM_COMM_text.csv
  ✔ [aspire:sd] limpiado /home/luish/Documents/p3/ecofloc2/ecofloc/ecofloc-sd/ECOFLOC_SD_COMM_text.csv
  ✔ [scorpius:cpu] limpiado /home/scorpius03/Documents/ecofloc/ecofloc-cpu/ECOFLOC_CPU_COMM_text.csv
  ✔ [scorpius:nic] limpiado /home/scorpius03/Documents/ecofloc/ecofloc-nic/ECOFLOC_NIC_COMM_text.csv
  ✔ [scorpius:ram] limpiado /home/scorpius03/Documents/ecofloc/ecofloc-ram/ECOFLOC_RAM_COMM_text.csv
  ✔ [scorpius:sd] limpiado /home/scorpius03/Documents/ecofloc/ecofloc-sd/ECOFLOC_SD_COMM_text.csv
========================================
🔋 MEASURE ENERGY FINALIZADO
   Fase: fase3_carga_medium_iter5
========================================
Workload finished.
Log finished.
📄 LIMBO finalizado para scenario=medium
⏳ [02:51:36] Esperando que termine medición: fase3_carga_medium_iter5 (PID: 4152417)
✔️ [02:51:36] Medición fase3_carga_medium_iter5 completada
[📦] Archivando resultados → ./historyexecutions/exp(02:51:41)_fase3_medium_iter5
[✔] Archivado: ./historyexecutions/exp(02:51:41)_fase3_medium_iter5
🧹 Limpiando TeaStore (iter 5)...
⏸ Esperando 15s para limpieza completa...
✅ Iteración 5 / 13 del escenario medium completada.

########################################################
🔄 ESCENARIO: medium | ITERACIÓN: 6 / 13
   Hora: 02:52:29
########################################################
========================================
🔋 FASE 1: Descarga de imágenes (medium, iter 6)
========================================
📋 Capturando PIDs (gepidstea.sh)...
📋 Capturando PIDs de contenedores (kpsnodos.sh)...
🔋 [02:52:47] Iniciando medición de energía: fase1_descarga_medium_iter6 (25s)
   PID de medición: 326031
🚀 Desplegando TeaStore desde /home/luish/Documents/death/teastore/TeaStore/examples/kubernetes/teastore-energy-scheduler.yaml...
========================================
🔋 MEASURE ENERGY - Fase: fase1_descarga_medium_iter6
   Duración: 25s
   PID: 326031
========================================
=== Medición bloque 25s - Fase: fase1_descarga_medium_iter6 ===
[⏱ 02:52:47] Iniciando ecofloc en nitro5 por 25s (fase: fase1_descarga_medium_iter6)
⏳ Esperando a que todos los pods de TeaStore estén Running y Ready...
  ├─ [nitro5:sd] start 02:52:47
  ├─ [nitro5:ram] start 02:52:48
  ├─ [nitro5:nic] start 02:52:48
[⏱ 02:52:48] Iniciando ecofloc en aspire por 25s (fase: fase1_descarga_medium_iter6)
  ├─ [nitro5:cpu] start 02:52:48
  ├─ [aspire:sd] start 02:52:48
  ├─ [aspire:ram] start 02:52:48
  ├─ [aspire:nic] start 02:52:48
[⏱ 02:52:48] Iniciando ecofloc en scorpius por 25s (fase: fase1_descarga_medium_iter6)
  ├─ [aspire:cpu] start 02:52:48
  ├─ [scorpius:nic] start 02:52:48
  ├─ [scorpius:sd] start 02:52:48
  ├─ [scorpius:ram] start 02:52:48
[⏱ 02:52:48] Iniciando ecofloc en leo por 25s (fase: fase1_descarga_medium_iter6)
  ├─ [scorpius:cpu] start 02:52:49
  ├─ [leo:sd] start 02:52:49
  ├─ [leo:nic] start 02:52:49
  ├─ [leo:ram] start 02:52:49
  ├─ [leo:cpu] start 02:52:49
✅ Pods listos.
⏳ [02:52:50] Esperando que termine medición: fase1_descarga_medium_iter6 (PID: 326031)
  └─ [nitro5:sd] end 02:53:12
  └─ [nitro5:ram] end 02:53:13
  └─ [nitro5:nic] end 02:53:13
  └─ [nitro5:cpu] end 02:53:14
  └─ [aspire:sd] end 02:53:14
  └─ [aspire:cpu] end 02:53:14
  └─ [leo:cpu] end 02:53:14
  └─ [leo:sd] end 02:53:15
  └─ [scorpius:cpu] end 02:53:16
  └─ [scorpius:sd] end 02:53:16
  └─ [leo:nic] end 02:53:16
  └─ [aspire:nic] end 02:53:16
  └─ [aspire:ram] end 02:53:17
  └─ [leo:ram] end 02:53:17
  └─ [scorpius:ram] end 02:53:17
=== Bloque 25s terminado - Fase: fase1_descarga_medium_iter6 ===
[🧹] Limpiando CSVs internos de ecofloc en cada nodo (fase: fase1_descarga_medium_iter6)...
  ✔ [nitro5:cpu] limpiado /home/luish/Documents/p3/ecofloc2/ecofloc/ecofloc-cpu/ECOFLOC_CPU_COMM_text.csv
  ✔ [nitro5:nic] limpiado /home/luish/Documents/p3/ecofloc2/ecofloc/ecofloc-nic/ECOFLOC_NIC_COMM_text.csv
  ✔ [nitro5:ram] limpiado /home/luish/Documents/p3/ecofloc2/ecofloc/ecofloc-ram/ECOFLOC_RAM_COMM_text.csv
  ✔ [nitro5:sd] limpiado /home/luish/Documents/p3/ecofloc2/ecofloc/ecofloc-sd/ECOFLOC_SD_COMM_text.csv
  ✔ [leo:cpu] limpiado /home/leo/ecofloc/ecofloc-cpu/ECOFLOC_CPU_COMM_text.csv
  ✔ [leo:nic] limpiado /home/leo/ecofloc/ecofloc-nic/ECOFLOC_NIC_COMM_text.csv
  ✔ [leo:ram] limpiado /home/leo/ecofloc/ecofloc-ram/ECOFLOC_RAM_COMM_text.csv
  ✔ [leo:sd] limpiado /home/leo/ecofloc/ecofloc-sd/ECOFLOC_SD_COMM_text.csv
  ✔ [aspire:cpu] limpiado /home/luish/Documents/p3/ecofloc2/ecofloc/ecofloc-cpu/ECOFLOC_CPU_COMM_text.csv
  ✔ [aspire:nic] limpiado /home/luish/Documents/p3/ecofloc2/ecofloc/ecofloc-nic/ECOFLOC_NIC_COMM_text.csv
  ✔ [aspire:ram] limpiado /home/luish/Documents/p3/ecofloc2/ecofloc/ecofloc-ram/ECOFLOC_RAM_COMM_text.csv
  ✔ [aspire:sd] limpiado /home/luish/Documents/p3/ecofloc2/ecofloc/ecofloc-sd/ECOFLOC_SD_COMM_text.csv
  ✔ [scorpius:cpu] limpiado /home/scorpius03/Documents/ecofloc/ecofloc-cpu/ECOFLOC_CPU_COMM_text.csv
  ✔ [scorpius:nic] limpiado /home/scorpius03/Documents/ecofloc/ecofloc-nic/ECOFLOC_NIC_COMM_text.csv
  ✔ [scorpius:ram] limpiado /home/scorpius03/Documents/ecofloc/ecofloc-ram/ECOFLOC_RAM_COMM_text.csv
  ✔ [scorpius:sd] limpiado /home/scorpius03/Documents/ecofloc/ecofloc-sd/ECOFLOC_SD_COMM_text.csv
========================================
🔋 MEASURE ENERGY FINALIZADO
   Fase: fase1_descarga_medium_iter6
========================================
✔️ [02:53:25] Medición fase1_descarga_medium_iter6 completada
[📦] Archivando resultados → ./historyexecutions/exp(02:53:30)_fase1_medium_iter6
[✔] Archivado: ./historyexecutions/exp(02:53:30)_fase1_medium_iter6
========================================
🔋 FASE 2: Preparación de servicios (medium, iter 6)
========================================
📋 Capturando PIDs (gepidstea.sh)...
📋 Capturando PIDs de contenedores (kpsnodos.sh)...
🔋 [02:53:50] Iniciando medición de energía: fase2_preparacion_medium_iter6 (50s)
   PID de medición: 391072
========================================
🔋 MEASURE ENERGY - Fase: fase2_preparacion_medium_iter6
   Duración: 50s
   PID: 391072
========================================
=== Medición bloque 50s - Fase: fase2_preparacion_medium_iter6 ===
[⏱ 02:53:50] Iniciando ecofloc en nitro5 por 50s (fase: fase2_preparacion_medium_iter6)
⏳ Esperando 10s a que CoreDNS se estabilice...
  ├─ [nitro5:sd] start 02:53:50
  ├─ [nitro5:ram] start 02:53:50
  ├─ [nitro5:nic] start 02:53:51
[⏱ 02:53:51] Iniciando ecofloc en aspire por 50s (fase: fase2_preparacion_medium_iter6)
  ├─ [nitro5:cpu] start 02:53:51
  ├─ [aspire:sd] start 02:53:51
  ├─ [aspire:ram] start 02:53:51
[⏱ 02:53:51] Iniciando ecofloc en scorpius por 50s (fase: fase2_preparacion_medium_iter6)
  ├─ [aspire:nic] start 02:53:51
  ├─ [aspire:cpu] start 02:53:51
  ├─ [scorpius:sd] start 02:53:51
  ├─ [scorpius:nic] start 02:53:51
  ├─ [scorpius:ram] start 02:53:51
  ├─ [scorpius:cpu] start 02:53:51
[⏱ 02:53:51] Iniciando ecofloc en leo por 50s (fase: fase2_preparacion_medium_iter6)
  ├─ [leo:sd] start 02:53:51
  ├─ [leo:ram] start 02:53:51
  ├─ [leo:cpu] start 02:53:51
  ├─ [leo:nic] start 02:53:51
➡️ Pod WebUI: teastore-webui-ff7768544-7ndw7
➡️ Está en el nodo: scorpius03
🌐 IP del nodo WebUI: 192.168.18.34
⏳ Verificando estado del TeaStore en http://192.168.18.34:30080/tools.descartes.teastore.webui/status ...
   ➤ Estado actual: 5 / 5 servicios OK
✔ TODOS los servicios del TeaStore están OK. Continuando...
⏳ [02:54:05] Esperando que termine medición: fase2_preparacion_medium_iter6 (PID: 391072)
  └─ [nitro5:sd] end 02:54:40
  └─ [nitro5:ram] end 02:54:40
  └─ [nitro5:nic] end 02:54:41
  └─ [nitro5:cpu] end 02:54:41
  └─ [scorpius:sd] end 02:54:43
  └─ [leo:sd] end 02:54:44
  └─ [scorpius:cpu] end 02:54:44
  └─ [scorpius:ram] end 02:54:44
  └─ [aspire:cpu] end 02:54:44
  └─ [aspire:sd] end 02:54:44
  └─ [leo:cpu] end 02:54:45
  └─ [aspire:nic] end 02:54:45
  └─ [aspire:ram] end 02:54:45
  └─ [leo:nic] end 02:54:45
  └─ [scorpius:nic] end 02:54:46
  └─ [leo:ram] end 02:54:46
=== Bloque 50s terminado - Fase: fase2_preparacion_medium_iter6 ===
[🧹] Limpiando CSVs internos de ecofloc en cada nodo (fase: fase2_preparacion_medium_iter6)...
  ✔ [nitro5:cpu] limpiado /home/luish/Documents/p3/ecofloc2/ecofloc/ecofloc-cpu/ECOFLOC_CPU_COMM_text.csv
  ✔ [nitro5:nic] limpiado /home/luish/Documents/p3/ecofloc2/ecofloc/ecofloc-nic/ECOFLOC_NIC_COMM_text.csv
  ✔ [nitro5:ram] limpiado /home/luish/Documents/p3/ecofloc2/ecofloc/ecofloc-ram/ECOFLOC_RAM_COMM_text.csv
  ✔ [nitro5:sd] limpiado /home/luish/Documents/p3/ecofloc2/ecofloc/ecofloc-sd/ECOFLOC_SD_COMM_text.csv
  ✔ [leo:cpu] limpiado /home/leo/ecofloc/ecofloc-cpu/ECOFLOC_CPU_COMM_text.csv
  ✔ [leo:nic] limpiado /home/leo/ecofloc/ecofloc-nic/ECOFLOC_NIC_COMM_text.csv
  ✔ [leo:ram] limpiado /home/leo/ecofloc/ecofloc-ram/ECOFLOC_RAM_COMM_text.csv
  ✔ [leo:sd] limpiado /home/leo/ecofloc/ecofloc-sd/ECOFLOC_SD_COMM_text.csv
  ✔ [aspire:cpu] limpiado /home/luish/Documents/p3/ecofloc2/ecofloc/ecofloc-cpu/ECOFLOC_CPU_COMM_text.csv
  ✔ [aspire:nic] limpiado /home/luish/Documents/p3/ecofloc2/ecofloc/ecofloc-nic/ECOFLOC_NIC_COMM_text.csv
  ✔ [aspire:ram] limpiado /home/luish/Documents/p3/ecofloc2/ecofloc/ecofloc-ram/ECOFLOC_RAM_COMM_text.csv
  ✔ [aspire:sd] limpiado /home/luish/Documents/p3/ecofloc2/ecofloc/ecofloc-sd/ECOFLOC_SD_COMM_text.csv
  ✔ [scorpius:cpu] limpiado /home/scorpius03/Documents/ecofloc/ecofloc-cpu/ECOFLOC_CPU_COMM_text.csv
  ✔ [scorpius:nic] limpiado /home/scorpius03/Documents/ecofloc/ecofloc-nic/ECOFLOC_NIC_COMM_text.csv
  ✔ [scorpius:ram] limpiado /home/scorpius03/Documents/ecofloc/ecofloc-ram/ECOFLOC_RAM_COMM_text.csv
  ✔ [scorpius:sd] limpiado /home/scorpius03/Documents/ecofloc/ecofloc-sd/ECOFLOC_SD_COMM_text.csv
========================================
🔋 MEASURE ENERGY FINALIZADO
   Fase: fase2_preparacion_medium_iter6
========================================
✔️ [02:54:50] Medición fase2_preparacion_medium_iter6 completada
[📦] Archivando resultados → ./historyexecutions/exp(02:54:55)_fase2_medium_iter6
[✔] Archivado: ./historyexecutions/exp(02:54:55)_fase2_medium_iter6
========================================
🔋 FASE 3: Ejecución de carga (medium, iter 6)
========================================
📋 Capturando PIDs (gepidstea.sh)...
📋 Capturando PIDs de contenedores (kpsnodos.sh)...
🔋 [02:55:13] Iniciando medición de energía: fase3_carga_medium_iter6 (145s)
   PID de medición: 523397
=== Escenario medium (iter 6) ===
========================================
🔋 MEASURE ENERGY - Fase: fase3_carga_medium_iter6
   Duración: 145s
   PID: 523397
========================================
=== Medición bloque 145s - Fase: fase3_carga_medium_iter6 ===
🚀 Iniciando LIMBO con profile=/home/luish/Documents/death/teastore/TeaStore/examples/httploadgenerator/increasingMedIntensity.csv y script=/home/luish/Documents/death/teastore/TeaStore/examples/httploadgenerator/teastore_buy.lua
[⏱ 02:55:13] Iniciando ecofloc en nitro5 por 145s (fase: fase3_carga_medium_iter6)
Feb 26, 2026 2:55:13 AM tools.descartes.dlim.httploadgenerator.runner.Director executeDirector
WARNING: No power measurements
Feb 26, 2026 2:55:13 AM tools.descartes.dlim.httploadgenerator.runner.Director executeDirector
INFO: Load Generator Thread Count set to 64
Feb 26, 2026 2:55:13 AM tools.descartes.dlim.httploadgenerator.runner.Director executeDirector
INFO: URL connection timout set to 30000 ms
Feb 26, 2026 2:55:13 AM tools.descartes.dlim.httploadgenerator.runner.Director executeDirector
INFO: Using Lua Script: /home/luish/Documents/death/teastore/TeaStore/examples/httploadgenerator/teastore_buy.lua
Feb 26, 2026 2:55:13 AM tools.descartes.dlim.httploadgenerator.runner.Director process
INFO: Read 120 Arrival Rate Tuples
Load Generator sent: ok
Feb 26, 2026 2:55:13 AM tools.descartes.dlim.httploadgenerator.runner.Director process
INFO: Arrival Rates sent to Load Generator(s).
Load Generator sent: ok
Feb 26, 2026 2:55:13 AM tools.descartes.dlim.httploadgenerator.runner.Director process
INFO: Thread Count sent to Load Generator(s): 64
Load Generator sent: ok
Feb 26, 2026 2:55:13 AM tools.descartes.dlim.httploadgenerator.runner.Director process
INFO: URL connection timeout sent to Load Generator(s): 30000
Load Generator sent: ok
Feb 26, 2026 2:55:13 AM tools.descartes.dlim.httploadgenerator.runner.Director process
INFO: Contents of script sent to Load Generator: /home/luish/Documents/death/teastore/TeaStore/examples/httploadgenerator/teastore_buy.lua
Feb 26, 2026 2:55:13 AM tools.descartes.dlim.httploadgenerator.runner.Director process
INFO: Starting Load Generation
Beginning Run @1772092513895(26.02.2026;02:55:13895)
  ├─ [nitro5:sd] start 02:55:14
Target Time = 0.5; Load Intensity = 8.0; #Success = 0; #Failed = 0; #Dropped = 0
  ├─ [nitro5:ram] start 02:55:14
  ├─ [nitro5:nic] start 02:55:14
[⏱ 02:55:15] Iniciando ecofloc en aspire por 145s (fase: fase3_carga_medium_iter6)
  ├─ [nitro5:cpu] start 02:55:15
  ├─ [aspire:sd] start 02:55:15
  ├─ [aspire:ram] start 02:55:15
[⏱ 02:55:15] Iniciando ecofloc en scorpius por 145s (fase: fase3_carga_medium_iter6)
  ├─ [aspire:nic] start 02:55:15
  ├─ [aspire:cpu] start 02:55:15
  ├─ [scorpius:ram] start 02:55:15
  ├─ [scorpius:sd] start 02:55:15
  ├─ [scorpius:nic] start 02:55:15
[⏱ 02:55:15] Iniciando ecofloc en leo por 145s (fase: fase3_carga_medium_iter6)
  ├─ [scorpius:cpu] start 02:55:15
  ├─ [leo:sd] start 02:55:15
  ├─ [leo:ram] start 02:55:15
  ├─ [leo:nic] start 02:55:15
  ├─ [leo:cpu] start 02:55:15
Target Time = 1.5; Load Intensity = 16.0; #Success = 0; #Failed = 0; #Dropped = 0
Target Time = 2.5; Load Intensity = 25.0; #Success = 0; #Failed = 0; #Dropped = 0
Target Time = 3.5; Load Intensity = 33.0; #Success = 21; #Failed = 0; #Dropped = 0
Target Time = 4.5; Load Intensity = 41.0; #Success = 0; #Failed = 0; #Dropped = 0
Target Time = 5.5; Load Intensity = 50.0; #Success = 0; #Failed = 0; #Dropped = 0
Target Time = 6.5; Load Intensity = 58.0; #Success = 2; #Failed = 0; #Dropped = 0
Target Time = 7.5; Load Intensity = 66.0; #Success = 3; #Failed = 0; #Dropped = 0
Target Time = 8.5; Load Intensity = 75.0; #Success = 2; #Failed = 0; #Dropped = 0
Target Time = 9.5; Load Intensity = 83.0; #Success = 3; #Failed = 0; #Dropped = 0
Target Time = 10.5; Load Intensity = 91.0; #Success = 0; #Failed = 0; #Dropped = 0
Target Time = 11.5; Load Intensity = 100.0; #Success = 0; #Failed = 0; #Dropped = 0
Target Time = 12.5; Load Intensity = 108.0; #Success = 0; #Failed = 0; #Dropped = 0
Target Time = 13.5; Load Intensity = 116.0; #Success = 0; #Failed = 0; #Dropped = 0
Target Time = 14.5; Load Intensity = 125.0; #Success = 0; #Failed = 0; #Dropped = 0
Target Time = 15.5; Load Intensity = 133.0; #Success = 0; #Failed = 0; #Dropped = 0
Target Time = 16.5; Load Intensity = 141.0; #Success = 0; #Failed = 0; #Dropped = 0
Target Time = 17.5; Load Intensity = 150.0; #Success = 1; #Failed = 0; #Dropped = 0
Target Time = 18.5; Load Intensity = 158.0; #Success = 5; #Failed = 0; #Dropped = 0
Target Time = 19.5; Load Intensity = 166.0; #Success = 11; #Failed = 0; #Dropped = 0
Target Time = 20.5; Load Intensity = 175.0; #Success = 0; #Failed = 0; #Dropped = 0
Target Time = 21.5; Load Intensity = 183.0; #Success = 2; #Failed = 0; #Dropped = 0
Target Time = 22.5; Load Intensity = 191.0; #Success = 3; #Failed = 1; #Dropped = 0
Target Time = 23.5; Load Intensity = 200.0; #Success = 6; #Failed = 2; #Dropped = 0
Target Time = 24.5; Load Intensity = 208.0; #Success = 6; #Failed = 3; #Dropped = 0
Target Time = 25.5; Load Intensity = 216.0; #Success = 2; #Failed = 1; #Dropped = 0
Target Time = 26.5; Load Intensity = 225.0; #Success = 2; #Failed = 2; #Dropped = 0
Target Time = 27.5; Load Intensity = 233.0; #Success = 2; #Failed = 7; #Dropped = 0
Target Time = 28.5; Load Intensity = 241.0; #Success = 5; #Failed = 3; #Dropped = 0
Target Time = 29.5; Load Intensity = 250.0; #Success = 0; #Failed = 7; #Dropped = 0
Target Time = 30.5; Load Intensity = 258.0; #Success = 1; #Failed = 8; #Dropped = 0
Target Time = 31.5; Load Intensity = 266.0; #Success = 0; #Failed = 8; #Dropped = 0
Target Time = 32.5; Load Intensity = 275.0; #Success = 0; #Failed = 7; #Dropped = 0
Target Time = 33.5; Load Intensity = 283.0; #Success = 0; #Failed = 1; #Dropped = 0
Target Time = 34.5; Load Intensity = 291.0; #Success = 1; #Failed = 0; #Dropped = 0
Target Time = 35.5; Load Intensity = 300.0; #Success = 0; #Failed = 2; #Dropped = 0
Target Time = 36.5; Load Intensity = 308.0; #Success = 0; #Failed = 3; #Dropped = 35
Target Time = 37.5; Load Intensity = 316.0; #Success = 1; #Failed = 2; #Dropped = 44
Target Time = 38.5; Load Intensity = 325.0; #Success = 0; #Failed = 3; #Dropped = 60
Target Time = 39.5; Load Intensity = 333.0; #Success = 0; #Failed = 9; #Dropped = 101
Target Time = 40.5; Load Intensity = 341.0; #Success = 1; #Failed = 8; #Dropped = 70
Target Time = 41.5; Load Intensity = 350.0; #Success = 0; #Failed = 9; #Dropped = 106
Target Time = 42.5; Load Intensity = 358.0; #Success = 0; #Failed = 5; #Dropped = 109
Target Time = 43.5; Load Intensity = 366.0; #Success = 1; #Failed = 0; #Dropped = 14
Target Time = 44.5; Load Intensity = 375.0; #Success = 0; #Failed = 3; #Dropped = 218
Target Time = 45.5; Load Intensity = 383.0; #Success = 0; #Failed = 1; #Dropped = 11
Target Time = 46.5; Load Intensity = 391.0; #Success = 1; #Failed = 10; #Dropped = 258
Target Time = 47.5; Load Intensity = 400.0; #Success = 1; #Failed = 3; #Dropped = 91
Target Time = 48.5; Load Intensity = 408.0; #Success = 0; #Failed = 2; #Dropped = 53
Target Time = 49.5; Load Intensity = 416.0; #Success = 0; #Failed = 4; #Dropped = 268
Target Time = 50.5; Load Intensity = 425.0; #Success = 0; #Failed = 0; #Dropped = 0
Target Time = 51.5; Load Intensity = 433.0; #Success = 0; #Failed = 3; #Dropped = 410
Target Time = 52.5; Load Intensity = 441.0; #Success = 0; #Failed = 17; #Dropped = 164
Target Time = 53.5; Load Intensity = 450.0; #Success = 0; #Failed = 8; #Dropped = 192
Target Time = 54.5; Load Intensity = 458.0; #Success = 0; #Failed = 8; #Dropped = 199
Target Time = 55.5; Load Intensity = 466.0; #Success = 0; #Failed = 9; #Dropped = 202
Target Time = 56.5; Load Intensity = 475.0; #Success = 0; #Failed = 7; #Dropped = 196
Target Time = 57.5; Load Intensity = 483.0; #Success = 0; #Failed = 4; #Dropped = 243
Target Time = 58.5; Load Intensity = 491.0; #Success = 0; #Failed = 1; #Dropped = 114
Target Time = 59.5; Load Intensity = 500.0; #Success = 0; #Failed = 0; #Dropped = 0
Target Time = 60.5; Load Intensity = 508.0; #Success = 1; #Failed = 9; #Dropped = 604
Target Time = 61.5; Load Intensity = 516.0; #Success = 0; #Failed = 0; #Dropped = 0
Target Time = 62.5; Load Intensity = 525.0; #Success = 0; #Failed = 0; #Dropped = 0
Target Time = 63.5; Load Intensity = 533.0; #Success = 0; #Failed = 1; #Dropped = 637
Target Time = 64.5; Load Intensity = 541.0; #Success = 0; #Failed = 0; #Dropped = 0
Target Time = 65.5; Load Intensity = 550.0; #Success = 0; #Failed = 0; #Dropped = 0
Target Time = 66.5; Load Intensity = 558.0; #Success = 0; #Failed = 18; #Dropped = 1118
Target Time = 67.5; Load Intensity = 566.0; #Success = 1; #Failed = 2; #Dropped = 196
Target Time = 68.5; Load Intensity = 575.0; #Success = 0; #Failed = 10; #Dropped = 409
Target Time = 69.5; Load Intensity = 583.0; #Success = 0; #Failed = 7; #Dropped = 138
Target Time = 70.5; Load Intensity = 591.0; #Success = 0; #Failed = 7; #Dropped = 481
Target Time = 71.5; Load Intensity = 600.0; #Success = 0; #Failed = 8; #Dropped = 357
Target Time = 72.5; Load Intensity = 608.0; #Success = 0; #Failed = 9; #Dropped = 324
Target Time = 73.5; Load Intensity = 616.0; #Success = 0; #Failed = 6; #Dropped = 269
Target Time = 74.5; Load Intensity = 625.0; #Success = 0; #Failed = 2; #Dropped = 387
Target Time = 75.5; Load Intensity = 633.0; #Success = 1; #Failed = 5; #Dropped = 505
Target Time = 76.5; Load Intensity = 641.0; #Success = 2; #Failed = 2; #Dropped = 276
Target Time = 77.5; Load Intensity = 650.0; #Success = 4; #Failed = 1; #Dropped = 473
Target Time = 78.5; Load Intensity = 658.0; #Success = 5; #Failed = 0; #Dropped = 461
Target Time = 79.5; Load Intensity = 666.0; #Success = 1; #Failed = 0; #Dropped = 206
Target Time = 80.5; Load Intensity = 675.0; #Success = 3; #Failed = 1; #Dropped = 465
Target Time = 81.5; Load Intensity = 683.0; #Success = 1; #Failed = 0; #Dropped = 185
Target Time = 82.5; Load Intensity = 691.0; #Success = 0; #Failed = 0; #Dropped = 0
Target Time = 83.5; Load Intensity = 700.0; #Success = 0; #Failed = 0; #Dropped = 0
Target Time = 84.5; Load Intensity = 708.0; #Success = 2; #Failed = 0; #Dropped = 1741
Target Time = 85.5; Load Intensity = 716.0; #Success = 0; #Failed = 3; #Dropped = 462
Target Time = 86.5; Load Intensity = 725.0; #Success = 3; #Failed = 3; #Dropped = 464
Target Time = 87.5; Load Intensity = 733.0; #Success = 0; #Failed = 5; #Dropped = 483
Target Time = 88.5; Load Intensity = 741.0; #Success = 2; #Failed = 3; #Dropped = 264
Target Time = 89.5; Load Intensity = 750.0; #Success = 0; #Failed = 1; #Dropped = 699
Target Time = 90.5; Load Intensity = 758.0; #Success = 0; #Failed = 3; #Dropped = 318
Target Time = 91.5; Load Intensity = 766.0; #Success = 2; #Failed = 0; #Dropped = 597
Target Time = 92.5; Load Intensity = 775.0; #Success = 0; #Failed = 2; #Dropped = 637
Target Time = 93.5; Load Intensity = 783.0; #Success = 2; #Failed = 8; #Dropped = 536
Target Time = 94.5; Load Intensity = 791.0; #Success = 1; #Failed = 7; #Dropped = 533
Target Time = 95.5; Load Intensity = 800.0; #Success = 1; #Failed = 13; #Dropped = 517
Target Time = 96.5; Load Intensity = 808.0; #Success = 3; #Failed = 7; #Dropped = 542
Target Time = 97.5; Load Intensity = 816.0; #Success = 3; #Failed = 5; #Dropped = 388
Target Time = 98.5; Load Intensity = 825.0; #Success = 1; #Failed = 5; #Dropped = 844
Target Time = 99.5; Load Intensity = 833.0; #Success = 0; #Failed = 4; #Dropped = 498
Target Time = 100.5; Load Intensity = 841.0; #Success = 0; #Failed = 5; #Dropped = 558
Target Time = 101.5; Load Intensity = 850.0; #Success = 0; #Failed = 5; #Dropped = 416
Target Time = 102.5; Load Intensity = 858.0; #Success = 0; #Failed = 8; #Dropped = 836
Target Time = 103.5; Load Intensity = 866.0; #Success = 0; #Failed = 2; #Dropped = 218
Target Time = 104.5; Load Intensity = 875.0; #Success = 0; #Failed = 0; #Dropped = 0
Target Time = 105.5; Load Intensity = 883.0; #Success = 0; #Failed = 0; #Dropped = 0
Target Time = 106.5; Load Intensity = 891.0; #Success = 0; #Failed = 0; #Dropped = 0
Target Time = 107.5; Load Intensity = 900.0; #Success = 0; #Failed = 3; #Dropped = 2815
Target Time = 108.5; Load Intensity = 908.0; #Success = 0; #Failed = 3; #Dropped = 714
Target Time = 109.5; Load Intensity = 916.0; #Success = 0; #Failed = 5; #Dropped = 676
Target Time = 110.5; Load Intensity = 925.0; #Success = 0; #Failed = 9; #Dropped = 813
Target Time = 111.5; Load Intensity = 933.0; #Success = 0; #Failed = 8; #Dropped = 584
Target Time = 112.5; Load Intensity = 941.0; #Success = 0; #Failed = 9; #Dropped = 632
Target Time = 113.5; Load Intensity = 950.0; #Success = 0; #Failed = 11; #Dropped = 606
Target Time = 114.5; Load Intensity = 958.0; #Success = 0; #Failed = 10; #Dropped = 715
Target Time = 115.5; Load Intensity = 966.0; #Success = 0; #Failed = 4; #Dropped = 615
Target Time = 116.5; Load Intensity = 975.0; #Success = 1; #Failed = 0; #Dropped = 794
Target Time = 117.5; Load Intensity = 983.0; #Success = 3; #Failed = 0; #Dropped = 841
Target Time = 118.5; Load Intensity = 991.0; #Success = 4; #Failed = 0; #Dropped = 668
Target Time = 119.5; Load Intensity = 1000.0; #Success = 3; #Failed = 0; #Dropped = 810
Target Time = 120.5; Load Intensity = 0.0; #Success = 2; #Failed = 0; #Dropped = 756
Target Time = 121.5; Load Intensity = 0.0; #Success = 1; #Failed = 0; #Dropped = 369
Target Time = 122.5; Load Intensity = 0.0; #Success = 0; #Failed = 0; #Dropped = 0
Target Time = 123.5; Load Intensity = 0.0; #Success = 3; #Failed = 2; #Dropped = 1718
Target Time = 124.5; Load Intensity = 0.0; #Success = 3; #Failed = 1; #Dropped = 877
Target Time = 125.5; Load Intensity = 0.0; #Success = 3; #Failed = 0; #Dropped = 849
Target Time = 126.5; Load Intensity = 0.0; #Success = 0; #Failed = 0; #Dropped = 0
Target Time = 127.5; Load Intensity = 0.0; #Success = 1; #Failed = 0; #Dropped = 1482
Target Time = 128.5; Load Intensity = 0.0; #Success = 2; #Failed = 0; #Dropped = 733
Target Time = 129.5; Load Intensity = 0.0; #Success = 7; #Failed = 0; #Dropped = 1081
Target Time = 130.5; Load Intensity = 0.0; #Success = 4; #Failed = 0; #Dropped = 414
Target Time = 131.5; Load Intensity = 0.0; #Success = 1; #Failed = 5; #Dropped = 1138
Target Time = 132.5; Load Intensity = 0.0; #Success = 2; #Failed = 4; #Dropped = 790
Target Time = 133.5; Load Intensity = 0.0; #Success = 3; #Failed = 1; #Dropped = 1078
Target Time = 134.5; Load Intensity = 0.0; #Success = 1; #Failed = 2; #Dropped = 918
Target Time = 135.5; Load Intensity = 0.0; #Success = 0; #Failed = 0; #Dropped = 0
Target Time = 136.5; Load Intensity = 0.0; #Success = 0; #Failed = 1; #Dropped = 1023
Target Time = 137.5; Load Intensity = 0.0; #Success = 1; #Failed = 0; #Dropped = 1463
Target Time = 138.5; Load Intensity = 0.0; #Success = 2; #Failed = 1; #Dropped = 1043
Target Time = 139.5; Load Intensity = 0.0; #Success = 0; #Failed = 4; #Dropped = 739
Target Time = 140.5; Load Intensity = 0.0; #Success = 5; #Failed = 1; #Dropped = 1140
Target Time = 141.5; Load Intensity = 0.0; #Success = 3; #Failed = 6; #Dropped = 900
Target Time = 142.5; Load Intensity = 0.0; #Success = 1; #Failed = 4; #Dropped = 960
Target Time = 143.5; Load Intensity = 0.0; #Success = 0; #Failed = 2; #Dropped = 465
Target Time = 144.5; Load Intensity = 0.0; #Success = 1; #Failed = 5; #Dropped = 1182
  └─ [nitro5:sd] end 02:57:39
Target Time = 145.5; Load Intensity = 0.0; #Success = 0; #Failed = 6; #Dropped = 1214
  └─ [nitro5:ram] end 02:57:39
  └─ [nitro5:nic] end 02:57:40
  └─ [nitro5:cpu] end 02:57:40
Target Time = 146.5; Load Intensity = 0.0; #Success = 0; #Failed = 9; #Dropped = 959
Target Time = 147.5; Load Intensity = 0.0; #Success = 0; #Failed = 7; #Dropped = 972
Target Time = 148.5; Load Intensity = 0.0; #Success = 0; #Failed = 8; #Dropped = 993
Target Time = 149.5; Load Intensity = 0.0; #Success = 0; #Failed = 3; #Dropped = 687
Target Time = 150.5; Load Intensity = 0.0; #Success = 1; #Failed = 4; #Dropped = 309
Target Time = 151.5; Load Intensity = 0.0; #Success = 1; #Failed = 3; #Dropped = 0
Target Time = 152.5; Load Intensity = 0.0; #Success = 0; #Failed = 2; #Dropped = 0
Target Time = 153.5; Load Intensity = 0.0; #Success = 2; #Failed = 1; #Dropped = 0
Target Time = 154.5; Load Intensity = 0.0; #Success = 1; #Failed = 2; #Dropped = 0
  └─ [leo:cpu] end 02:57:49
Target Time = 155.5; Load Intensity = 0.0; #Success = 1; #Failed = 1; #Dropped = 0
  └─ [aspire:nic] end 02:57:49
  └─ [aspire:cpu] end 02:57:50
Target Time = 156.5; Load Intensity = 0.0; #Success = 0; #Failed = 0; #Dropped = 0
  └─ [aspire:sd] end 02:57:51
Target Time = 157.5; Load Intensity = 0.0; #Success = 0; #Failed = 2; #Dropped = 0
  └─ [aspire:ram] end 02:57:51
Target Time = 158.5; Load Intensity = 0.0; #Success = 0; #Failed = 1; #Dropped = 0
Target Time = 159.5; Load Intensity = 0.0; #Success = 0; #Failed = 2; #Dropped = 0
Target Time = 160.5; Load Intensity = 0.0; #Success = 2; #Failed = 1; #Dropped = 0
Target Time = 161.5; Load Intensity = 0.0; #Success = 1; #Failed = 0; #Dropped = 0
  └─ [leo:sd] end 02:57:56
Target Time = 162.5; Load Intensity = 0.0; #Success = 0; #Failed = 0; #Dropped = 0
Target Time = 163.5; Load Intensity = 0.0; #Success = 0; #Failed = 0; #Dropped = 0
Target Time = 164.5; Load Intensity = 0.0; #Success = 0; #Failed = 0; #Dropped = 0
Target Time = 165.5; Load Intensity = 0.0; #Success = 0; #Failed = 0; #Dropped = 0
  └─ [leo:ram] end 02:58:00
Target Time = 166.5; Load Intensity = 0.0; #Success = 1; #Failed = 0; #Dropped = 0
Target Time = 167.5; Load Intensity = 0.0; #Success = 0; #Failed = 0; #Dropped = 0
Target Time = 168.5; Load Intensity = 0.0; #Success = 0; #Failed = 0; #Dropped = 0
Target Time = 169.5; Load Intensity = 0.0; #Success = 0; #Failed = 0; #Dropped = 0
Target Time = 170.5; Load Intensity = 0.0; #Success = 0; #Failed = 0; #Dropped = 0
Target Time = 171.5; Load Intensity = 0.0; #Success = 1; #Failed = 6; #Dropped = 0
Target Time = 172.5; Load Intensity = 0.0; #Success = 1; #Failed = 17; #Dropped = 0
  └─ [scorpius:nic] end 02:58:07
Target Time = 173.5; Load Intensity = 0.0; #Success = 0; #Failed = 5; #Dropped = 0
Target Time = 174.5; Load Intensity = 0.0; #Success = 0; #Failed = 0; #Dropped = 0
Target Time = 175.5; Load Intensity = 0.0; #Success = 1; #Failed = 0; #Dropped = 0
Target Time = 176.5; Load Intensity = 0.0; #Success = 2; #Failed = 0; #Dropped = 0
Target Time = 177.5; Load Intensity = 0.0; #Success = 1; #Failed = 0; #Dropped = 0
Target Time = 178.5; Load Intensity = 0.0; #Success = 1; #Failed = 0; #Dropped = 0
  └─ [scorpius:sd] end 02:58:13
  └─ [scorpius:cpu] end 02:58:15
  └─ [scorpius:ram] end 02:58:16
=== Bloque 145s terminado - Fase: fase3_carga_medium_iter6 ===
[🧹] Limpiando CSVs internos de ecofloc en cada nodo (fase: fase3_carga_medium_iter6)...
  ✔ [nitro5:cpu] limpiado /home/luish/Documents/p3/ecofloc2/ecofloc/ecofloc-cpu/ECOFLOC_CPU_COMM_text.csv
  ✔ [nitro5:nic] limpiado /home/luish/Documents/p3/ecofloc2/ecofloc/ecofloc-nic/ECOFLOC_NIC_COMM_text.csv
  ✔ [nitro5:ram] limpiado /home/luish/Documents/p3/ecofloc2/ecofloc/ecofloc-ram/ECOFLOC_RAM_COMM_text.csv
  ✔ [nitro5:sd] limpiado /home/luish/Documents/p3/ecofloc2/ecofloc/ecofloc-sd/ECOFLOC_SD_COMM_text.csv
  ✔ [leo:cpu] limpiado /home/leo/ecofloc/ecofloc-cpu/ECOFLOC_CPU_COMM_text.csv
  ✔ [leo:nic] limpiado /home/leo/ecofloc/ecofloc-nic/ECOFLOC_NIC_COMM_text.csv
Workload finished.
Log finished.
📄 LIMBO finalizado para scenario=medium
⏳ [02:58:17] Esperando que termine medición: fase3_carga_medium_iter6 (PID: 523397)
  ✔ [leo:ram] limpiado /home/leo/ecofloc/ecofloc-ram/ECOFLOC_RAM_COMM_text.csv
  ✔ [leo:sd] limpiado /home/leo/ecofloc/ecofloc-sd/ECOFLOC_SD_COMM_text.csv
  ✔ [aspire:cpu] limpiado /home/luish/Documents/p3/ecofloc2/ecofloc/ecofloc-cpu/ECOFLOC_CPU_COMM_text.csv
  ✔ [aspire:nic] limpiado /home/luish/Documents/p3/ecofloc2/ecofloc/ecofloc-nic/ECOFLOC_NIC_COMM_text.csv
  ✔ [aspire:ram] limpiado /home/luish/Documents/p3/ecofloc2/ecofloc/ecofloc-ram/ECOFLOC_RAM_COMM_text.csv
  ✔ [aspire:sd] limpiado /home/luish/Documents/p3/ecofloc2/ecofloc/ecofloc-sd/ECOFLOC_SD_COMM_text.csv
  ✔ [scorpius:cpu] limpiado /home/scorpius03/Documents/ecofloc/ecofloc-cpu/ECOFLOC_CPU_COMM_text.csv
  ✔ [scorpius:nic] limpiado /home/scorpius03/Documents/ecofloc/ecofloc-nic/ECOFLOC_NIC_COMM_text.csv
  ✔ [scorpius:ram] limpiado /home/scorpius03/Documents/ecofloc/ecofloc-ram/ECOFLOC_RAM_COMM_text.csv
  ✔ [scorpius:sd] limpiado /home/scorpius03/Documents/ecofloc/ecofloc-sd/ECOFLOC_SD_COMM_text.csv
========================================
🔋 MEASURE ENERGY FINALIZADO
   Fase: fase3_carga_medium_iter6
========================================
✔️ [02:58:20] Medición fase3_carga_medium_iter6 completada
[📦] Archivando resultados → ./historyexecutions/exp(02:58:25)_fase3_medium_iter6
[✔] Archivado: ./historyexecutions/exp(02:58:25)_fase3_medium_iter6
🧹 Limpiando TeaStore (iter 6)...
⏸ Esperando 15s para limpieza completa...
✅ Iteración 6 / 13 del escenario medium completada.

########################################################
🔄 ESCENARIO: medium | ITERACIÓN: 7 / 13
   Hora: 02:59:14
########################################################
========================================
🔋 FASE 1: Descarga de imágenes (medium, iter 7)
========================================
📋 Capturando PIDs (gepidstea.sh)...
📋 Capturando PIDs de contenedores (kpsnodos.sh)...
🔋 [02:59:31] Iniciando medición de energía: fase1_descarga_medium_iter7 (25s)
   PID de medición: 858266
========================================
🔋 MEASURE ENERGY - Fase: fase1_descarga_medium_iter7
   Duración: 25s
   PID: 858266
========================================
🚀 Desplegando TeaStore desde /home/luish/Documents/death/teastore/TeaStore/examples/kubernetes/teastore-energy-scheduler.yaml...
=== Medición bloque 25s - Fase: fase1_descarga_medium_iter7 ===
[⏱ 02:59:31] Iniciando ecofloc en nitro5 por 25s (fase: fase1_descarga_medium_iter7)
⏳ Esperando a que todos los pods de TeaStore estén Running y Ready...
  ├─ [nitro5:sd] start 02:59:32
  ├─ [nitro5:ram] start 02:59:32
  ├─ [nitro5:nic] start 02:59:33
[⏱ 02:59:33] Iniciando ecofloc en aspire por 25s (fase: fase1_descarga_medium_iter7)
  ├─ [nitro5:cpu] start 02:59:33
  ├─ [aspire:sd] start 02:59:33
  ├─ [aspire:ram] start 02:59:33
  ├─ [aspire:nic] start 02:59:33
[⏱ 02:59:33] Iniciando ecofloc en scorpius por 25s (fase: fase1_descarga_medium_iter7)
  ├─ [aspire:cpu] start 02:59:33
  ├─ [scorpius:sd] start 02:59:33
  ├─ [scorpius:ram] start 02:59:33
  ├─ [scorpius:nic] start 02:59:33
[⏱ 02:59:33] Iniciando ecofloc en leo por 25s (fase: fase1_descarga_medium_iter7)
  ├─ [scorpius:cpu] start 02:59:33
  ├─ [leo:sd] start 02:59:33
  ├─ [leo:ram] start 02:59:33
  ├─ [leo:nic] start 02:59:33
  ├─ [leo:cpu] start 02:59:33
✅ Pods listos.
⏳ [02:59:34] Esperando que termine medición: fase1_descarga_medium_iter7 (PID: 858266)
  └─ [nitro5:sd] end 02:59:57
  └─ [nitro5:ram] end 02:59:57
  └─ [nitro5:nic] end 02:59:58
  └─ [nitro5:cpu] end 02:59:58
  └─ [aspire:sd] end 02:59:59
  └─ [aspire:cpu] end 02:59:59
  └─ [leo:cpu] end 02:59:59
  └─ [scorpius:sd] end 03:00:00
  └─ [scorpius:cpu] end 03:00:00
  └─ [aspire:nic] end 03:00:00
  └─ [leo:nic] end 03:00:00
  └─ [aspire:ram] end 03:00:00
  └─ [scorpius:nic] end 03:00:00
  └─ [leo:ram] end 03:00:00
  └─ [scorpius:ram] end 03:00:01
=== Bloque 25s terminado - Fase: fase1_descarga_medium_iter7 ===
[🧹] Limpiando CSVs internos de ecofloc en cada nodo (fase: fase1_descarga_medium_iter7)...
  ✔ [nitro5:cpu] limpiado /home/luish/Documents/p3/ecofloc2/ecofloc/ecofloc-cpu/ECOFLOC_CPU_COMM_text.csv
  ✔ [nitro5:nic] limpiado /home/luish/Documents/p3/ecofloc2/ecofloc/ecofloc-nic/ECOFLOC_NIC_COMM_text.csv
  ✔ [nitro5:ram] limpiado /home/luish/Documents/p3/ecofloc2/ecofloc/ecofloc-ram/ECOFLOC_RAM_COMM_text.csv
  ✔ [nitro5:sd] limpiado /home/luish/Documents/p3/ecofloc2/ecofloc/ecofloc-sd/ECOFLOC_SD_COMM_text.csv
  ✔ [leo:cpu] limpiado /home/leo/ecofloc/ecofloc-cpu/ECOFLOC_CPU_COMM_text.csv
  ✔ [leo:nic] limpiado /home/leo/ecofloc/ecofloc-nic/ECOFLOC_NIC_COMM_text.csv
  ✔ [leo:ram] limpiado /home/leo/ecofloc/ecofloc-ram/ECOFLOC_RAM_COMM_text.csv
  ✔ [leo:sd] limpiado /home/leo/ecofloc/ecofloc-sd/ECOFLOC_SD_COMM_text.csv
  ✔ [aspire:cpu] limpiado /home/luish/Documents/p3/ecofloc2/ecofloc/ecofloc-cpu/ECOFLOC_CPU_COMM_text.csv
  ✔ [aspire:nic] limpiado /home/luish/Documents/p3/ecofloc2/ecofloc/ecofloc-nic/ECOFLOC_NIC_COMM_text.csv
  ✔ [aspire:ram] limpiado /home/luish/Documents/p3/ecofloc2/ecofloc/ecofloc-ram/ECOFLOC_RAM_COMM_text.csv
  ✔ [aspire:sd] limpiado /home/luish/Documents/p3/ecofloc2/ecofloc/ecofloc-sd/ECOFLOC_SD_COMM_text.csv
  ✔ [scorpius:cpu] limpiado /home/scorpius03/Documents/ecofloc/ecofloc-cpu/ECOFLOC_CPU_COMM_text.csv
  ✔ [scorpius:nic] limpiado /home/scorpius03/Documents/ecofloc/ecofloc-nic/ECOFLOC_NIC_COMM_text.csv
  ✔ [scorpius:ram] limpiado /home/scorpius03/Documents/ecofloc/ecofloc-ram/ECOFLOC_RAM_COMM_text.csv
  ✔ [scorpius:sd] limpiado /home/scorpius03/Documents/ecofloc/ecofloc-sd/ECOFLOC_SD_COMM_text.csv
========================================
🔋 MEASURE ENERGY FINALIZADO
   Fase: fase1_descarga_medium_iter7
========================================
✔️ [03:00:05] Medición fase1_descarga_medium_iter7 completada
[📦] Archivando resultados → ./historyexecutions/exp(03:00:10)_fase1_medium_iter7
[✔] Archivado: ./historyexecutions/exp(03:00:10)_fase1_medium_iter7
========================================
🔋 FASE 2: Preparación de servicios (medium, iter 7)
========================================
📋 Capturando PIDs (gepidstea.sh)...
📋 Capturando PIDs de contenedores (kpsnodos.sh)...
🔋 [03:00:28] Iniciando medición de energía: fase2_preparacion_medium_iter7 (50s)
   PID de medición: 919942
========================================
🔋 MEASURE ENERGY - Fase: fase2_preparacion_medium_iter7
   Duración: 50s
   PID: 919942
========================================
=== Medición bloque 50s - Fase: fase2_preparacion_medium_iter7 ===
[⏱ 03:00:28] Iniciando ecofloc en nitro5 por 50s (fase: fase2_preparacion_medium_iter7)
⏳ Esperando 10s a que CoreDNS se estabilice...
  ├─ [nitro5:sd] start 03:00:29
  ├─ [nitro5:ram] start 03:00:29
  ├─ [nitro5:nic] start 03:00:30
  ├─ [nitro5:cpu] start 03:00:30
[⏱ 03:00:30] Iniciando ecofloc en aspire por 50s (fase: fase2_preparacion_medium_iter7)
  ├─ [aspire:sd] start 03:00:30
  ├─ [aspire:ram] start 03:00:30
[⏱ 03:00:30] Iniciando ecofloc en scorpius por 50s (fase: fase2_preparacion_medium_iter7)
  ├─ [aspire:nic] start 03:00:30
  ├─ [aspire:cpu] start 03:00:30
  ├─ [scorpius:sd] start 03:00:30
  ├─ [scorpius:ram] start 03:00:30
  ├─ [scorpius:nic] start 03:00:30
[⏱ 03:00:30] Iniciando ecofloc en leo por 50s (fase: fase2_preparacion_medium_iter7)
  ├─ [scorpius:cpu] start 03:00:30
  ├─ [leo:sd] start 03:00:30
  ├─ [leo:ram] start 03:00:30
  ├─ [leo:cpu] start 03:00:30
  ├─ [leo:nic] start 03:00:30
➡️ Pod WebUI: teastore-webui-ff7768544-mncmx
➡️ Está en el nodo: luish-nitro-an515-57
🌐 IP del nodo WebUI: 192.168.18.27
⏳ Verificando estado del TeaStore en http://192.168.18.27:30080/tools.descartes.teastore.webui/status ...
   ➤ Estado actual: 5 / 5 servicios OK
✔ TODOS los servicios del TeaStore están OK. Continuando...
⏳ [03:00:42] Esperando que termine medición: fase2_preparacion_medium_iter7 (PID: 919942)
  └─ [nitro5:sd] end 03:01:19
  └─ [nitro5:ram] end 03:01:19
  └─ [nitro5:nic] end 03:01:20
  └─ [aspire:sd] end 03:01:20
  └─ [nitro5:cpu] end 03:01:20
  └─ [aspire:cpu] end 03:01:21
  └─ [leo:sd] end 03:01:22
  └─ [aspire:nic] end 03:01:22
  └─ [aspire:ram] end 03:01:23
  └─ [leo:cpu] end 03:01:23
  └─ [scorpius:cpu] end 03:01:23
  └─ [scorpius:sd] end 03:01:24
  └─ [scorpius:nic] end 03:01:24
  └─ [scorpius:ram] end 03:01:24
  └─ [leo:ram] end 03:01:24
  └─ [leo:nic] end 03:01:24
=== Bloque 50s terminado - Fase: fase2_preparacion_medium_iter7 ===
[🧹] Limpiando CSVs internos de ecofloc en cada nodo (fase: fase2_preparacion_medium_iter7)...
  ✔ [nitro5:cpu] limpiado /home/luish/Documents/p3/ecofloc2/ecofloc/ecofloc-cpu/ECOFLOC_CPU_COMM_text.csv
  ✔ [nitro5:nic] limpiado /home/luish/Documents/p3/ecofloc2/ecofloc/ecofloc-nic/ECOFLOC_NIC_COMM_text.csv
  ✔ [nitro5:ram] limpiado /home/luish/Documents/p3/ecofloc2/ecofloc/ecofloc-ram/ECOFLOC_RAM_COMM_text.csv
  ✔ [nitro5:sd] limpiado /home/luish/Documents/p3/ecofloc2/ecofloc/ecofloc-sd/ECOFLOC_SD_COMM_text.csv
  ✔ [leo:cpu] limpiado /home/leo/ecofloc/ecofloc-cpu/ECOFLOC_CPU_COMM_text.csv
  ✔ [leo:nic] limpiado /home/leo/ecofloc/ecofloc-nic/ECOFLOC_NIC_COMM_text.csv
  ✔ [leo:ram] limpiado /home/leo/ecofloc/ecofloc-ram/ECOFLOC_RAM_COMM_text.csv
  ✔ [leo:sd] limpiado /home/leo/ecofloc/ecofloc-sd/ECOFLOC_SD_COMM_text.csv
  ✔ [aspire:cpu] limpiado /home/luish/Documents/p3/ecofloc2/ecofloc/ecofloc-cpu/ECOFLOC_CPU_COMM_text.csv
  ✔ [aspire:nic] limpiado /home/luish/Documents/p3/ecofloc2/ecofloc/ecofloc-nic/ECOFLOC_NIC_COMM_text.csv
  ✔ [aspire:ram] limpiado /home/luish/Documents/p3/ecofloc2/ecofloc/ecofloc-ram/ECOFLOC_RAM_COMM_text.csv
  ✔ [aspire:sd] limpiado /home/luish/Documents/p3/ecofloc2/ecofloc/ecofloc-sd/ECOFLOC_SD_COMM_text.csv
  ✔ [scorpius:cpu] limpiado /home/scorpius03/Documents/ecofloc/ecofloc-cpu/ECOFLOC_CPU_COMM_text.csv
  ✔ [scorpius:nic] limpiado /home/scorpius03/Documents/ecofloc/ecofloc-nic/ECOFLOC_NIC_COMM_text.csv
  ✔ [scorpius:ram] limpiado /home/scorpius03/Documents/ecofloc/ecofloc-ram/ECOFLOC_RAM_COMM_text.csv
  ✔ [scorpius:sd] limpiado /home/scorpius03/Documents/ecofloc/ecofloc-sd/ECOFLOC_SD_COMM_text.csv
========================================
🔋 MEASURE ENERGY FINALIZADO
   Fase: fase2_preparacion_medium_iter7
========================================
✔️ [03:01:27] Medición fase2_preparacion_medium_iter7 completada
[📦] Archivando resultados → ./historyexecutions/exp(03:01:32)_fase2_medium_iter7
[✔] Archivado: ./historyexecutions/exp(03:01:32)_fase2_medium_iter7
========================================
🔋 FASE 3: Ejecución de carga (medium, iter 7)
========================================
📋 Capturando PIDs (gepidstea.sh)...
📋 Capturando PIDs de contenedores (kpsnodos.sh)...
🔋 [03:01:50] Iniciando medición de energía: fase3_carga_medium_iter7 (145s)
   PID de medición: 1057578
=== Escenario medium (iter 7) ===
========================================
🔋 MEASURE ENERGY - Fase: fase3_carga_medium_iter7
   Duración: 145s
   PID: 1057578
========================================
=== Medición bloque 145s - Fase: fase3_carga_medium_iter7 ===
🚀 Iniciando LIMBO con profile=/home/luish/Documents/death/teastore/TeaStore/examples/httploadgenerator/increasingMedIntensity.csv y script=/home/luish/Documents/death/teastore/TeaStore/examples/httploadgenerator/teastore_buy.lua
[⏱ 03:01:50] Iniciando ecofloc en nitro5 por 145s (fase: fase3_carga_medium_iter7)
Feb 26, 2026 3:01:50 AM tools.descartes.dlim.httploadgenerator.runner.Director executeDirector
WARNING: No power measurements
Feb 26, 2026 3:01:50 AM tools.descartes.dlim.httploadgenerator.runner.Director executeDirector
INFO: Load Generator Thread Count set to 64
Feb 26, 2026 3:01:50 AM tools.descartes.dlim.httploadgenerator.runner.Director executeDirector
INFO: URL connection timout set to 30000 ms
Feb 26, 2026 3:01:50 AM tools.descartes.dlim.httploadgenerator.runner.Director executeDirector
INFO: Using Lua Script: /home/luish/Documents/death/teastore/TeaStore/examples/httploadgenerator/teastore_buy.lua
Feb 26, 2026 3:01:50 AM tools.descartes.dlim.httploadgenerator.runner.Director process
INFO: Read 120 Arrival Rate Tuples
Load Generator sent: ok
Feb 26, 2026 3:01:50 AM tools.descartes.dlim.httploadgenerator.runner.Director process
INFO: Arrival Rates sent to Load Generator(s).
Load Generator sent: ok
Feb 26, 2026 3:01:50 AM tools.descartes.dlim.httploadgenerator.runner.Director process
INFO: Thread Count sent to Load Generator(s): 64
Load Generator sent: ok
Feb 26, 2026 3:01:50 AM tools.descartes.dlim.httploadgenerator.runner.Director process
INFO: URL connection timeout sent to Load Generator(s): 30000
Load Generator sent: ok
Feb 26, 2026 3:01:50 AM tools.descartes.dlim.httploadgenerator.runner.Director process
INFO: Contents of script sent to Load Generator: /home/luish/Documents/death/teastore/TeaStore/examples/httploadgenerator/teastore_buy.lua
Feb 26, 2026 3:01:50 AM tools.descartes.dlim.httploadgenerator.runner.Director process
INFO: Starting Load Generation
Beginning Run @1772092910269(26.02.2026;03:01:50269)
  ├─ [nitro5:sd] start 03:01:50
Target Time = 0.5; Load Intensity = 8.0; #Success = 0; #Failed = 0; #Dropped = 0
  ├─ [nitro5:ram] start 03:01:50
  ├─ [nitro5:nic] start 03:01:51
[⏱ 03:01:51] Iniciando ecofloc en aspire por 145s (fase: fase3_carga_medium_iter7)
  ├─ [nitro5:cpu] start 03:01:51
  ├─ [aspire:sd] start 03:01:51
[⏱ 03:01:51] Iniciando ecofloc en scorpius por 145s (fase: fase3_carga_medium_iter7)
  ├─ [aspire:nic] start 03:01:51
  ├─ [aspire:cpu] start 03:01:51
  ├─ [aspire:ram] start 03:01:51
  ├─ [scorpius:sd] start 03:01:51
  ├─ [scorpius:ram] start 03:01:51
  ├─ [scorpius:nic] start 03:01:51
[⏱ 03:01:51] Iniciando ecofloc en leo por 145s (fase: fase3_carga_medium_iter7)
  ├─ [scorpius:cpu] start 03:01:51
  ├─ [leo:ram] start 03:01:51
  ├─ [leo:nic] start 03:01:51
  ├─ [leo:cpu] start 03:01:51
  ├─ [leo:sd] start 03:01:51
Target Time = 1.5; Load Intensity = 16.0; #Success = 23; #Failed = 0; #Dropped = 0
Target Time = 2.5; Load Intensity = 25.0; #Success = 25; #Failed = 0; #Dropped = 0
Target Time = 3.5; Load Intensity = 33.0; #Success = 16; #Failed = 0; #Dropped = 0
Target Time = 4.5; Load Intensity = 41.0; #Success = 58; #Failed = 0; #Dropped = 0
Target Time = 5.5; Load Intensity = 50.0; #Success = 6; #Failed = 0; #Dropped = 0
Target Time = 6.5; Load Intensity = 58.0; #Success = 0; #Failed = 0; #Dropped = 0
Target Time = 7.5; Load Intensity = 66.0; #Success = 22; #Failed = 0; #Dropped = 0
Target Time = 8.5; Load Intensity = 75.0; #Success = 8; #Failed = 0; #Dropped = 0
Target Time = 9.5; Load Intensity = 83.0; #Success = 0; #Failed = 0; #Dropped = 0
Target Time = 10.5; Load Intensity = 91.0; #Success = 18; #Failed = 0; #Dropped = 0
Target Time = 11.5; Load Intensity = 100.0; #Success = 1; #Failed = 0; #Dropped = 0
Target Time = 12.5; Load Intensity = 108.0; #Success = 12; #Failed = 0; #Dropped = 0
Target Time = 13.5; Load Intensity = 116.0; #Success = 3; #Failed = 0; #Dropped = 0
Target Time = 14.5; Load Intensity = 125.0; #Success = 0; #Failed = 0; #Dropped = 0
Target Time = 15.5; Load Intensity = 133.0; #Success = 0; #Failed = 0; #Dropped = 0
Target Time = 16.5; Load Intensity = 141.0; #Success = 13; #Failed = 0; #Dropped = 0
Target Time = 17.5; Load Intensity = 150.0; #Success = 5; #Failed = 0; #Dropped = 0
Target Time = 18.5; Load Intensity = 158.0; #Success = 2; #Failed = 0; #Dropped = 0
Target Time = 19.5; Load Intensity = 166.0; #Success = 0; #Failed = 0; #Dropped = 0
Target Time = 20.5; Load Intensity = 175.0; #Success = 4; #Failed = 5; #Dropped = 0
Target Time = 21.5; Load Intensity = 183.0; #Success = 4; #Failed = 0; #Dropped = 0
Target Time = 22.5; Load Intensity = 191.0; #Success = 2; #Failed = 6; #Dropped = 0
Target Time = 23.5; Load Intensity = 200.0; #Success = 5; #Failed = 0; #Dropped = 0
Target Time = 24.5; Load Intensity = 208.0; #Success = 5; #Failed = 0; #Dropped = 0
Target Time = 25.5; Load Intensity = 216.0; #Success = 3; #Failed = 0; #Dropped = 0
Target Time = 26.5; Load Intensity = 225.0; #Success = 5; #Failed = 0; #Dropped = 0
Target Time = 27.5; Load Intensity = 233.0; #Success = 6; #Failed = 0; #Dropped = 0
Target Time = 28.5; Load Intensity = 241.0; #Success = 0; #Failed = 0; #Dropped = 0
Target Time = 29.5; Load Intensity = 250.0; #Success = 0; #Failed = 0; #Dropped = 0
Target Time = 30.5; Load Intensity = 258.0; #Success = 1; #Failed = 0; #Dropped = 0
Target Time = 31.5; Load Intensity = 266.0; #Success = 8; #Failed = 0; #Dropped = 0
Target Time = 32.5; Load Intensity = 275.0; #Success = 1; #Failed = 0; #Dropped = 0
Target Time = 33.5; Load Intensity = 283.0; #Success = 0; #Failed = 0; #Dropped = 0
Target Time = 34.5; Load Intensity = 291.0; #Success = 0; #Failed = 0; #Dropped = 0
Target Time = 35.5; Load Intensity = 300.0; #Success = 0; #Failed = 0; #Dropped = 0
Target Time = 36.5; Load Intensity = 308.0; #Success = 28; #Failed = 1; #Dropped = 0
Target Time = 37.5; Load Intensity = 316.0; #Success = 11; #Failed = 0; #Dropped = 0
Target Time = 38.5; Load Intensity = 325.0; #Success = 2; #Failed = 0; #Dropped = 0
Target Time = 39.5; Load Intensity = 333.0; #Success = 13; #Failed = 0; #Dropped = 70
Target Time = 40.5; Load Intensity = 341.0; #Success = 5; #Failed = 0; #Dropped = 84
Target Time = 41.5; Load Intensity = 350.0; #Success = 6; #Failed = 0; #Dropped = 82
Target Time = 42.5; Load Intensity = 358.0; #Success = 0; #Failed = 0; #Dropped = 0
Target Time = 43.5; Load Intensity = 366.0; #Success = 1; #Failed = 0; #Dropped = 192
Target Time = 44.5; Load Intensity = 375.0; #Success = 5; #Failed = 0; #Dropped = 90
Target Time = 45.5; Load Intensity = 383.0; #Success = 1; #Failed = 0; #Dropped = 144
Target Time = 46.5; Load Intensity = 391.0; #Success = 0; #Failed = 0; #Dropped = 0
Target Time = 47.5; Load Intensity = 400.0; #Success = 0; #Failed = 0; #Dropped = 0
Target Time = 48.5; Load Intensity = 408.0; #Success = 0; #Failed = 0; #Dropped = 0
Target Time = 49.5; Load Intensity = 416.0; #Success = 0; #Failed = 0; #Dropped = 0
Target Time = 50.5; Load Intensity = 425.0; #Success = 0; #Failed = 0; #Dropped = 0
Target Time = 51.5; Load Intensity = 433.0; #Success = 0; #Failed = 0; #Dropped = 0
Target Time = 52.5; Load Intensity = 441.0; #Success = 0; #Failed = 0; #Dropped = 0
Target Time = 53.5; Load Intensity = 450.0; #Success = 0; #Failed = 6; #Dropped = 1298
Target Time = 54.5; Load Intensity = 458.0; #Success = 0; #Failed = 3; #Dropped = 210
Target Time = 55.5; Load Intensity = 466.0; #Success = 0; #Failed = 0; #Dropped = 0
Target Time = 56.5; Load Intensity = 475.0; #Success = 0; #Failed = 0; #Dropped = 0
Target Time = 57.5; Load Intensity = 483.0; #Success = 0; #Failed = 0; #Dropped = 0
Target Time = 58.5; Load Intensity = 491.0; #Success = 0; #Failed = 0; #Dropped = 0
  └─ [scorpius:nic] end 03:02:49
Target Time = 59.5; Load Intensity = 500.0; #Success = 0; #Failed = 0; #Dropped = 0
Target Time = 60.5; Load Intensity = 508.0; #Success = 4; #Failed = 0; #Dropped = 1531
Target Time = 61.5; Load Intensity = 516.0; #Success = 0; #Failed = 0; #Dropped = 0
Target Time = 62.5; Load Intensity = 525.0; #Success = 0; #Failed = 0; #Dropped = 0
Target Time = 63.5; Load Intensity = 533.0; #Success = 6; #Failed = 0; #Dropped = 807
Target Time = 64.5; Load Intensity = 541.0; #Success = 12; #Failed = 0; #Dropped = 296
Target Time = 65.5; Load Intensity = 550.0; #Success = 6; #Failed = 0; #Dropped = 264
Target Time = 66.5; Load Intensity = 558.0; #Success = 14; #Failed = 0; #Dropped = 368
Target Time = 67.5; Load Intensity = 566.0; #Success = 8; #Failed = 0; #Dropped = 248
Target Time = 68.5; Load Intensity = 575.0; #Success = 6; #Failed = 0; #Dropped = 311
Target Time = 69.5; Load Intensity = 583.0; #Success = 2; #Failed = 0; #Dropped = 236
Target Time = 70.5; Load Intensity = 591.0; #Success = 2; #Failed = 0; #Dropped = 425
Target Time = 71.5; Load Intensity = 600.0; #Success = 6; #Failed = 0; #Dropped = 317
Target Time = 72.5; Load Intensity = 608.0; #Success = 4; #Failed = 0; #Dropped = 283
Target Time = 73.5; Load Intensity = 616.0; #Success = 2; #Failed = 0; #Dropped = 481
Target Time = 74.5; Load Intensity = 625.0; #Success = 9; #Failed = 0; #Dropped = 334
Target Time = 75.5; Load Intensity = 633.0; #Success = 9; #Failed = 1; #Dropped = 405
Target Time = 76.5; Load Intensity = 641.0; #Success = 6; #Failed = 1; #Dropped = 370
Target Time = 77.5; Load Intensity = 650.0; #Success = 7; #Failed = 0; #Dropped = 358
Target Time = 78.5; Load Intensity = 658.0; #Success = 8; #Failed = 2; #Dropped = 461
Target Time = 79.5; Load Intensity = 666.0; #Success = 5; #Failed = 1; #Dropped = 317
Target Time = 80.5; Load Intensity = 675.0; #Success = 5; #Failed = 0; #Dropped = 444
Target Time = 81.5; Load Intensity = 683.0; #Success = 4; #Failed = 1; #Dropped = 402
Target Time = 82.5; Load Intensity = 691.0; #Success = 2; #Failed = 6; #Dropped = 488
Target Time = 83.5; Load Intensity = 700.0; #Success = 3; #Failed = 1; #Dropped = 80
Target Time = 84.5; Load Intensity = 708.0; #Success = 4; #Failed = 2; #Dropped = 751
Target Time = 85.5; Load Intensity = 716.0; #Success = 4; #Failed = 4; #Dropped = 565
Target Time = 86.5; Load Intensity = 725.0; #Success = 0; #Failed = 8; #Dropped = 332
Target Time = 87.5; Load Intensity = 733.0; #Success = 7; #Failed = 2; #Dropped = 675
Target Time = 88.5; Load Intensity = 741.0; #Success = 1; #Failed = 9; #Dropped = 383
Target Time = 89.5; Load Intensity = 750.0; #Success = 3; #Failed = 6; #Dropped = 478
Target Time = 90.5; Load Intensity = 758.0; #Success = 1; #Failed = 4; #Dropped = 512
Target Time = 91.5; Load Intensity = 766.0; #Success = 5; #Failed = 12; #Dropped = 244
Target Time = 92.5; Load Intensity = 775.0; #Success = 12; #Failed = 9; #Dropped = 821
Target Time = 93.5; Load Intensity = 783.0; #Success = 4; #Failed = 6; #Dropped = 442
Target Time = 94.5; Load Intensity = 791.0; #Success = 6; #Failed = 5; #Dropped = 577
Target Time = 95.5; Load Intensity = 800.0; #Success = 2; #Failed = 6; #Dropped = 467
Target Time = 96.5; Load Intensity = 808.0; #Success = 7; #Failed = 12; #Dropped = 622
Target Time = 97.5; Load Intensity = 816.0; #Success = 4; #Failed = 13; #Dropped = 539
Target Time = 98.5; Load Intensity = 825.0; #Success = 7; #Failed = 13; #Dropped = 567
Target Time = 99.5; Load Intensity = 833.0; #Success = 3; #Failed = 10; #Dropped = 544
Target Time = 100.5; Load Intensity = 841.0; #Success = 4; #Failed = 19; #Dropped = 497
Target Time = 101.5; Load Intensity = 850.0; #Success = 1; #Failed = 15; #Dropped = 488
Target Time = 102.5; Load Intensity = 858.0; #Success = 1; #Failed = 1; #Dropped = 713
Target Time = 103.5; Load Intensity = 866.0; #Success = 0; #Failed = 17; #Dropped = 423
Target Time = 104.5; Load Intensity = 875.0; #Success = 1; #Failed = 11; #Dropped = 770
Target Time = 105.5; Load Intensity = 883.0; #Success = 0; #Failed = 5; #Dropped = 446
Target Time = 106.5; Load Intensity = 891.0; #Success = 0; #Failed = 16; #Dropped = 812
Target Time = 107.5; Load Intensity = 900.0; #Success = 0; #Failed = 18; #Dropped = 673
Target Time = 108.5; Load Intensity = 908.0; #Success = 0; #Failed = 3; #Dropped = 484
Target Time = 109.5; Load Intensity = 916.0; #Success = 5; #Failed = 18; #Dropped = 765
Target Time = 110.5; Load Intensity = 925.0; #Success = 0; #Failed = 19; #Dropped = 693
Target Time = 111.5; Load Intensity = 933.0; #Success = 0; #Failed = 10; #Dropped = 646
Target Time = 112.5; Load Intensity = 941.0; #Success = 3; #Failed = 24; #Dropped = 753
Target Time = 113.5; Load Intensity = 950.0; #Success = 0; #Failed = 18; #Dropped = 587
Target Time = 114.5; Load Intensity = 958.0; #Success = 5; #Failed = 8; #Dropped = 724
Target Time = 115.5; Load Intensity = 966.0; #Success = 8; #Failed = 25; #Dropped = 757
Target Time = 116.5; Load Intensity = 975.0; #Success = 0; #Failed = 17; #Dropped = 707
Target Time = 117.5; Load Intensity = 983.0; #Success = 0; #Failed = 22; #Dropped = 702
Target Time = 118.5; Load Intensity = 991.0; #Success = 0; #Failed = 7; #Dropped = 778
Target Time = 119.5; Load Intensity = 1000.0; #Success = 0; #Failed = 5; #Dropped = 747
Target Time = 120.5; Load Intensity = 0.0; #Success = 1; #Failed = 9; #Dropped = 479
Target Time = 121.5; Load Intensity = 0.0; #Success = 0; #Failed = 3; #Dropped = 987
Target Time = 122.5; Load Intensity = 0.0; #Success = 0; #Failed = 12; #Dropped = 721
Target Time = 123.5; Load Intensity = 0.0; #Success = 0; #Failed = 3; #Dropped = 706
Target Time = 124.5; Load Intensity = 0.0; #Success = 0; #Failed = 8; #Dropped = 907
Target Time = 125.5; Load Intensity = 0.0; #Success = 0; #Failed = 7; #Dropped = 769
Target Time = 126.5; Load Intensity = 0.0; #Success = 0; #Failed = 10; #Dropped = 524
Target Time = 127.5; Load Intensity = 0.0; #Success = 0; #Failed = 14; #Dropped = 1025
Target Time = 128.5; Load Intensity = 0.0; #Success = 0; #Failed = 16; #Dropped = 781
Target Time = 129.5; Load Intensity = 0.0; #Success = 0; #Failed = 14; #Dropped = 871
Target Time = 130.5; Load Intensity = 0.0; #Success = 2; #Failed = 25; #Dropped = 795
Target Time = 131.5; Load Intensity = 0.0; #Success = 0; #Failed = 23; #Dropped = 647
Target Time = 132.5; Load Intensity = 0.0; #Success = 0; #Failed = 15; #Dropped = 1177
Target Time = 133.5; Load Intensity = 0.0; #Success = 0; #Failed = 13; #Dropped = 742
Target Time = 134.5; Load Intensity = 0.0; #Success = 1; #Failed = 21; #Dropped = 841
Target Time = 135.5; Load Intensity = 0.0; #Success = 0; #Failed = 23; #Dropped = 1057
Target Time = 136.5; Load Intensity = 0.0; #Success = 1; #Failed = 17; #Dropped = 757
Target Time = 137.5; Load Intensity = 0.0; #Success = 1; #Failed = 19; #Dropped = 925
Target Time = 138.5; Load Intensity = 0.0; #Success = 0; #Failed = 10; #Dropped = 752
Target Time = 139.5; Load Intensity = 0.0; #Success = 0; #Failed = 22; #Dropped = 953
Target Time = 140.5; Load Intensity = 0.0; #Success = 4; #Failed = 21; #Dropped = 900
Target Time = 141.5; Load Intensity = 0.0; #Success = 3; #Failed = 26; #Dropped = 952
Target Time = 142.5; Load Intensity = 0.0; #Success = 16; #Failed = 29; #Dropped = 825
Target Time = 143.5; Load Intensity = 0.0; #Success = 15; #Failed = 10; #Dropped = 923
Target Time = 144.5; Load Intensity = 0.0; #Success = 14; #Failed = 11; #Dropped = 927
  └─ [nitro5:sd] end 03:04:15
Target Time = 145.5; Load Intensity = 0.0; #Success = 10; #Failed = 23; #Dropped = 1012
  └─ [nitro5:ram] end 03:04:15
  └─ [nitro5:nic] end 03:04:16
  └─ [nitro5:cpu] end 03:04:16
Target Time = 146.5; Load Intensity = 0.0; #Success = 0; #Failed = 23; #Dropped = 884
Target Time = 147.5; Load Intensity = 0.0; #Success = 2; #Failed = 19; #Dropped = 1031
Target Time = 148.5; Load Intensity = 0.0; #Success = 1; #Failed = 10; #Dropped = 814
Target Time = 149.5; Load Intensity = 0.0; #Success = 1; #Failed = 42; #Dropped = 1081
  └─ [aspire:sd] end 03:04:20
  └─ [aspire:nic] end 03:04:20
  └─ [aspire:cpu] end 03:04:20
Target Time = 150.5; Load Intensity = 0.0; #Success = 11; #Failed = 7; #Dropped = 0
Target Time = 151.5; Load Intensity = 0.0; #Success = 0; #Failed = 0; #Dropped = 0
  └─ [leo:ram] end 03:04:22
Target Time = 152.5; Load Intensity = 0.0; #Success = 0; #Failed = 2; #Dropped = 0
Target Time = 153.5; Load Intensity = 0.0; #Success = 0; #Failed = 1; #Dropped = 0
  └─ [leo:nic] end 03:04:23
  └─ [aspire:ram] end 03:04:24
Target Time = 154.5; Load Intensity = 0.0; #Success = 0; #Failed = 0; #Dropped = 0
Target Time = 155.5; Load Intensity = 0.0; #Success = 0; #Failed = 0; #Dropped = 0
Target Time = 156.5; Load Intensity = 0.0; #Success = 1; #Failed = 0; #Dropped = 0
Target Time = 157.5; Load Intensity = 0.0; #Success = 0; #Failed = 0; #Dropped = 0
Target Time = 158.5; Load Intensity = 0.0; #Success = 0; #Failed = 0; #Dropped = 0
Target Time = 159.5; Load Intensity = 0.0; #Success = 4; #Failed = 0; #Dropped = 0
Target Time = 160.5; Load Intensity = 0.0; #Success = 0; #Failed = 0; #Dropped = 0
Target Time = 161.5; Load Intensity = 0.0; #Success = 0; #Failed = 0; #Dropped = 0
Target Time = 162.5; Load Intensity = 0.0; #Success = 0; #Failed = 0; #Dropped = 0
Target Time = 163.5; Load Intensity = 0.0; #Success = 1; #Failed = 0; #Dropped = 0
  └─ [leo:cpu] end 03:04:34
Target Time = 164.5; Load Intensity = 0.0; #Success = 0; #Failed = 1; #Dropped = 0
  └─ [leo:sd] end 03:04:35
Target Time = 165.5; Load Intensity = 0.0; #Success = 1; #Failed = 0; #Dropped = 0
Target Time = 166.5; Load Intensity = 0.0; #Success = 1; #Failed = 0; #Dropped = 0
Target Time = 167.5; Load Intensity = 0.0; #Success = 1; #Failed = 0; #Dropped = 0
Target Time = 168.5; Load Intensity = 0.0; #Success = 2; #Failed = 0; #Dropped = 0
Target Time = 169.5; Load Intensity = 0.0; #Success = 1; #Failed = 0; #Dropped = 0
Target Time = 170.5; Load Intensity = 0.0; #Success = 0; #Failed = 0; #Dropped = 0
Target Time = 171.5; Load Intensity = 0.0; #Success = 1; #Failed = 0; #Dropped = 0
Target Time = 172.5; Load Intensity = 0.0; #Success = 3; #Failed = 0; #Dropped = 0
  └─ [scorpius:sd] end 03:04:43
Target Time = 173.5; Load Intensity = 0.0; #Success = 12; #Failed = 0; #Dropped = 0
  └─ [scorpius:cpu] end 03:04:44
Target Time = 174.5; Load Intensity = 0.0; #Success = 2; #Failed = 0; #Dropped = 0
Target Time = 175.5; Load Intensity = 0.0; #Success = 4; #Failed = 0; #Dropped = 0
  └─ [scorpius:ram] end 03:04:46
=== Bloque 145s terminado - Fase: fase3_carga_medium_iter7 ===
[🧹] Limpiando CSVs internos de ecofloc en cada nodo (fase: fase3_carga_medium_iter7)...
  ✔ [nitro5:cpu] limpiado /home/luish/Documents/p3/ecofloc2/ecofloc/ecofloc-cpu/ECOFLOC_CPU_COMM_text.csv
  ✔ [nitro5:nic] limpiado /home/luish/Documents/p3/ecofloc2/ecofloc/ecofloc-nic/ECOFLOC_NIC_COMM_text.csv
  ✔ [nitro5:ram] limpiado /home/luish/Documents/p3/ecofloc2/ecofloc/ecofloc-ram/ECOFLOC_RAM_COMM_text.csv
  ✔ [nitro5:sd] limpiado /home/luish/Documents/p3/ecofloc2/ecofloc/ecofloc-sd/ECOFLOC_SD_COMM_text.csv
  ✔ [leo:cpu] limpiado /home/leo/ecofloc/ecofloc-cpu/ECOFLOC_CPU_COMM_text.csv
  ✔ [leo:nic] limpiado /home/leo/ecofloc/ecofloc-nic/ECOFLOC_NIC_COMM_text.csv
  ✔ [leo:ram] limpiado /home/leo/ecofloc/ecofloc-ram/ECOFLOC_RAM_COMM_text.csv
  ✔ [leo:sd] limpiado /home/leo/ecofloc/ecofloc-sd/ECOFLOC_SD_COMM_text.csv
  ✔ [aspire:cpu] limpiado /home/luish/Documents/p3/ecofloc2/ecofloc/ecofloc-cpu/ECOFLOC_CPU_COMM_text.csv
  ✔ [aspire:nic] limpiado /home/luish/Documents/p3/ecofloc2/ecofloc/ecofloc-nic/ECOFLOC_NIC_COMM_text.csv
  ✔ [aspire:ram] limpiado /home/luish/Documents/p3/ecofloc2/ecofloc/ecofloc-ram/ECOFLOC_RAM_COMM_text.csv
  ✔ [aspire:sd] limpiado /home/luish/Documents/p3/ecofloc2/ecofloc/ecofloc-sd/ECOFLOC_SD_COMM_text.csv
  ✔ [scorpius:cpu] limpiado /home/scorpius03/Documents/ecofloc/ecofloc-cpu/ECOFLOC_CPU_COMM_text.csv
Workload finished.
Log finished.
📄 LIMBO finalizado para scenario=medium
⏳ [03:04:50] Esperando que termine medición: fase3_carga_medium_iter7 (PID: 1057578)
  ✔ [scorpius:nic] limpiado /home/scorpius03/Documents/ecofloc/ecofloc-nic/ECOFLOC_NIC_COMM_text.csv
  ✔ [scorpius:ram] limpiado /home/scorpius03/Documents/ecofloc/ecofloc-ram/ECOFLOC_RAM_COMM_text.csv
  ✔ [scorpius:sd] limpiado /home/scorpius03/Documents/ecofloc/ecofloc-sd/ECOFLOC_SD_COMM_text.csv
========================================
🔋 MEASURE ENERGY FINALIZADO
   Fase: fase3_carga_medium_iter7
========================================
✔️ [03:04:51] Medición fase3_carga_medium_iter7 completada
[📦] Archivando resultados → ./historyexecutions/exp(03:04:56)_fase3_medium_iter7
[✔] Archivado: ./historyexecutions/exp(03:04:56)_fase3_medium_iter7
🧹 Limpiando TeaStore (iter 7)...
⏸ Esperando 15s para limpieza completa...
✅ Iteración 7 / 13 del escenario medium completada.

########################################################
🔄 ESCENARIO: medium | ITERACIÓN: 8 / 13
   Hora: 03:05:44
########################################################
========================================
🔋 FASE 1: Descarga de imágenes (medium, iter 8)
========================================
📋 Capturando PIDs (gepidstea.sh)...
📋 Capturando PIDs de contenedores (kpsnodos.sh)...
🔋 [03:06:02] Iniciando medición de energía: fase1_descarga_medium_iter8 (25s)
   PID de medición: 1418700
🚀 Desplegando TeaStore desde /home/luish/Documents/death/teastore/TeaStore/examples/kubernetes/teastore-energy-scheduler.yaml...
========================================
🔋 MEASURE ENERGY - Fase: fase1_descarga_medium_iter8
   Duración: 25s
   PID: 1418700
========================================
=== Medición bloque 25s - Fase: fase1_descarga_medium_iter8 ===
[⏱ 03:06:02] Iniciando ecofloc en nitro5 por 25s (fase: fase1_descarga_medium_iter8)
⏳ Esperando a que todos los pods de TeaStore estén Running y Ready...
  ├─ [nitro5:sd] start 03:06:02
  ├─ [nitro5:ram] start 03:06:03
  ├─ [nitro5:nic] start 03:06:03
[⏱ 03:06:04] Iniciando ecofloc en aspire por 25s (fase: fase1_descarga_medium_iter8)
  ├─ [nitro5:cpu] start 03:06:04
  ├─ [aspire:ram] start 03:06:04
  ├─ [aspire:sd] start 03:06:04
  ├─ [aspire:nic] start 03:06:04
[⏱ 03:06:04] Iniciando ecofloc en scorpius por 25s (fase: fase1_descarga_medium_iter8)
  ├─ [aspire:cpu] start 03:06:04
  ├─ [scorpius:ram] start 03:06:04
  ├─ [scorpius:sd] start 03:06:04
[⏱ 03:06:04] Iniciando ecofloc en leo por 25s (fase: fase1_descarga_medium_iter8)
  ├─ [scorpius:nic] start 03:06:04
  ├─ [scorpius:cpu] start 03:06:04
  ├─ [leo:ram] start 03:06:04
  ├─ [leo:sd] start 03:06:04
  ├─ [leo:nic] start 03:06:04
  ├─ [leo:cpu] start 03:06:04
✅ Pods listos.
⏳ [03:06:05] Esperando que termine medición: fase1_descarga_medium_iter8 (PID: 1418700)
  └─ [nitro5:sd] end 03:06:27
  └─ [nitro5:ram] end 03:06:28
  └─ [nitro5:nic] end 03:06:28
  └─ [nitro5:cpu] end 03:06:29
  └─ [aspire:sd] end 03:06:29
  └─ [aspire:cpu] end 03:06:29
  └─ [leo:cpu] end 03:06:29
  └─ [leo:sd] end 03:06:30
  └─ [scorpius:cpu] end 03:06:30
  └─ [scorpius:sd] end 03:06:30
  └─ [leo:nic] end 03:06:30
  └─ [scorpius:nic] end 03:06:30
  └─ [aspire:nic] end 03:06:30
  └─ [aspire:ram] end 03:06:30
  └─ [leo:ram] end 03:06:30
  └─ [scorpius:ram] end 03:06:31
=== Bloque 25s terminado - Fase: fase1_descarga_medium_iter8 ===
[🧹] Limpiando CSVs internos de ecofloc en cada nodo (fase: fase1_descarga_medium_iter8)...
  ✔ [nitro5:cpu] limpiado /home/luish/Documents/p3/ecofloc2/ecofloc/ecofloc-cpu/ECOFLOC_CPU_COMM_text.csv
  ✔ [nitro5:nic] limpiado /home/luish/Documents/p3/ecofloc2/ecofloc/ecofloc-nic/ECOFLOC_NIC_COMM_text.csv
  ✔ [nitro5:ram] limpiado /home/luish/Documents/p3/ecofloc2/ecofloc/ecofloc-ram/ECOFLOC_RAM_COMM_text.csv
  ✔ [nitro5:sd] limpiado /home/luish/Documents/p3/ecofloc2/ecofloc/ecofloc-sd/ECOFLOC_SD_COMM_text.csv
  ✔ [leo:cpu] limpiado /home/leo/ecofloc/ecofloc-cpu/ECOFLOC_CPU_COMM_text.csv
  ✔ [leo:nic] limpiado /home/leo/ecofloc/ecofloc-nic/ECOFLOC_NIC_COMM_text.csv
  ✔ [leo:ram] limpiado /home/leo/ecofloc/ecofloc-ram/ECOFLOC_RAM_COMM_text.csv
  ✔ [leo:sd] limpiado /home/leo/ecofloc/ecofloc-sd/ECOFLOC_SD_COMM_text.csv
  ✔ [aspire:cpu] limpiado /home/luish/Documents/p3/ecofloc2/ecofloc/ecofloc-cpu/ECOFLOC_CPU_COMM_text.csv
  ✔ [aspire:nic] limpiado /home/luish/Documents/p3/ecofloc2/ecofloc/ecofloc-nic/ECOFLOC_NIC_COMM_text.csv
  ✔ [aspire:ram] limpiado /home/luish/Documents/p3/ecofloc2/ecofloc/ecofloc-ram/ECOFLOC_RAM_COMM_text.csv
  ✔ [aspire:sd] limpiado /home/luish/Documents/p3/ecofloc2/ecofloc/ecofloc-sd/ECOFLOC_SD_COMM_text.csv
  ✔ [scorpius:cpu] limpiado /home/scorpius03/Documents/ecofloc/ecofloc-cpu/ECOFLOC_CPU_COMM_text.csv
  ✔ [scorpius:nic] limpiado /home/scorpius03/Documents/ecofloc/ecofloc-nic/ECOFLOC_NIC_COMM_text.csv
  ✔ [scorpius:ram] limpiado /home/scorpius03/Documents/ecofloc/ecofloc-ram/ECOFLOC_RAM_COMM_text.csv
  ✔ [scorpius:sd] limpiado /home/scorpius03/Documents/ecofloc/ecofloc-sd/ECOFLOC_SD_COMM_text.csv
========================================
🔋 MEASURE ENERGY FINALIZADO
   Fase: fase1_descarga_medium_iter8
========================================
✔️ [03:06:35] Medición fase1_descarga_medium_iter8 completada
[📦] Archivando resultados → ./historyexecutions/exp(03:06:40)_fase1_medium_iter8
[✔] Archivado: ./historyexecutions/exp(03:06:40)_fase1_medium_iter8
========================================
🔋 FASE 2: Preparación de servicios (medium, iter 8)
========================================
📋 Capturando PIDs (gepidstea.sh)...
📋 Capturando PIDs de contenedores (kpsnodos.sh)...
🔋 [03:06:56] Iniciando medición de energía: fase2_preparacion_medium_iter8 (50s)
   PID de medición: 1483773
========================================
🔋 MEASURE ENERGY - Fase: fase2_preparacion_medium_iter8
   Duración: 50s
   PID: 1483773
========================================
=== Medición bloque 50s - Fase: fase2_preparacion_medium_iter8 ===
[⏱ 03:06:56] Iniciando ecofloc en nitro5 por 50s (fase: fase2_preparacion_medium_iter8)
⏳ Esperando 10s a que CoreDNS se estabilice...
  ├─ [nitro5:sd] start 03:06:56
  ├─ [nitro5:ram] start 03:06:57
  ├─ [nitro5:nic] start 03:06:57
[⏱ 03:06:58] Iniciando ecofloc en aspire por 50s (fase: fase2_preparacion_medium_iter8)
  ├─ [nitro5:cpu] start 03:06:58
  ├─ [aspire:sd] start 03:06:58
  ├─ [aspire:ram] start 03:06:58
[⏱ 03:06:58] Iniciando ecofloc en scorpius por 50s (fase: fase2_preparacion_medium_iter8)
  ├─ [aspire:nic] start 03:06:58
  ├─ [aspire:cpu] start 03:06:58
  ├─ [scorpius:sd] start 03:06:58
  ├─ [scorpius:ram] start 03:06:58
[⏱ 03:06:58] Iniciando ecofloc en leo por 50s (fase: fase2_preparacion_medium_iter8)
  ├─ [scorpius:nic] start 03:06:58
  ├─ [scorpius:cpu] start 03:06:58
  ├─ [leo:sd] start 03:06:58
  ├─ [leo:ram] start 03:06:58
  ├─ [leo:cpu] start 03:06:58
  ├─ [leo:nic] start 03:06:58
➡️ Pod WebUI: teastore-webui-ff7768544-jbt9q
➡️ Está en el nodo: luish-nitro-an515-57
🌐 IP del nodo WebUI: 192.168.18.27
⏳ Verificando estado del TeaStore en http://192.168.18.27:30080/tools.descartes.teastore.webui/status ...
   ➤ Estado actual: 5 / 5 servicios OK
✔ TODOS los servicios del TeaStore están OK. Continuando...
⏳ [03:07:09] Esperando que termine medición: fase2_preparacion_medium_iter8 (PID: 1483773)
  └─ [nitro5:sd] end 03:07:46
  └─ [nitro5:ram] end 03:07:47
  └─ [nitro5:nic] end 03:07:47
  └─ [nitro5:cpu] end 03:07:48
  └─ [aspire:sd] end 03:07:48
  └─ [aspire:cpu] end 03:07:49
  └─ [scorpius:sd] end 03:07:49
  └─ [scorpius:cpu] end 03:07:51
  └─ [leo:sd] end 03:07:51
  └─ [aspire:nic] end 03:07:52
  └─ [leo:nic] end 03:07:52
  └─ [aspire:ram] end 03:07:52
  └─ [scorpius:nic] end 03:07:52
  └─ [leo:ram] end 03:07:53
  └─ [scorpius:ram] end 03:07:54
=== Bloque 50s terminado - Fase: fase2_preparacion_medium_iter8 ===
[🧹] Limpiando CSVs internos de ecofloc en cada nodo (fase: fase2_preparacion_medium_iter8)...
  ✔ [nitro5:cpu] limpiado /home/luish/Documents/p3/ecofloc2/ecofloc/ecofloc-cpu/ECOFLOC_CPU_COMM_text.csv
  ✔ [nitro5:nic] limpiado /home/luish/Documents/p3/ecofloc2/ecofloc/ecofloc-nic/ECOFLOC_NIC_COMM_text.csv
  ✔ [nitro5:ram] limpiado /home/luish/Documents/p3/ecofloc2/ecofloc/ecofloc-ram/ECOFLOC_RAM_COMM_text.csv
  ✔ [nitro5:sd] limpiado /home/luish/Documents/p3/ecofloc2/ecofloc/ecofloc-sd/ECOFLOC_SD_COMM_text.csv
  ✔ [leo:cpu] limpiado /home/leo/ecofloc/ecofloc-cpu/ECOFLOC_CPU_COMM_text.csv
  ✔ [leo:nic] limpiado /home/leo/ecofloc/ecofloc-nic/ECOFLOC_NIC_COMM_text.csv
  ✔ [leo:ram] limpiado /home/leo/ecofloc/ecofloc-ram/ECOFLOC_RAM_COMM_text.csv
  ✔ [leo:sd] limpiado /home/leo/ecofloc/ecofloc-sd/ECOFLOC_SD_COMM_text.csv
  ✔ [aspire:cpu] limpiado /home/luish/Documents/p3/ecofloc2/ecofloc/ecofloc-cpu/ECOFLOC_CPU_COMM_text.csv
  ✔ [aspire:nic] limpiado /home/luish/Documents/p3/ecofloc2/ecofloc/ecofloc-nic/ECOFLOC_NIC_COMM_text.csv
  ✔ [aspire:ram] limpiado /home/luish/Documents/p3/ecofloc2/ecofloc/ecofloc-ram/ECOFLOC_RAM_COMM_text.csv
  ✔ [aspire:sd] limpiado /home/luish/Documents/p3/ecofloc2/ecofloc/ecofloc-sd/ECOFLOC_SD_COMM_text.csv
  ✔ [scorpius:cpu] limpiado /home/scorpius03/Documents/ecofloc/ecofloc-cpu/ECOFLOC_CPU_COMM_text.csv
  ✔ [scorpius:nic] limpiado /home/scorpius03/Documents/ecofloc/ecofloc-nic/ECOFLOC_NIC_COMM_text.csv
  ✔ [scorpius:ram] limpiado /home/scorpius03/Documents/ecofloc/ecofloc-ram/ECOFLOC_RAM_COMM_text.csv
  ✔ [scorpius:sd] limpiado /home/scorpius03/Documents/ecofloc/ecofloc-sd/ECOFLOC_SD_COMM_text.csv
========================================
🔋 MEASURE ENERGY FINALIZADO
   Fase: fase2_preparacion_medium_iter8
========================================
✔️ [03:07:59] Medición fase2_preparacion_medium_iter8 completada
[📦] Archivando resultados → ./historyexecutions/exp(03:08:04)_fase2_medium_iter8
[✔] Archivado: ./historyexecutions/exp(03:08:04)_fase2_medium_iter8
========================================
🔋 FASE 3: Ejecución de carga (medium, iter 8)
========================================
📋 Capturando PIDs (gepidstea.sh)...
📋 Capturando PIDs de contenedores (kpsnodos.sh)...
🔋 [03:08:21] Iniciando medición de energía: fase3_carga_medium_iter8 (145s)
   PID de medición: 1618178
=== Escenario medium (iter 8) ===
========================================
🔋 MEASURE ENERGY - Fase: fase3_carga_medium_iter8
   Duración: 145s
   PID: 1618178
========================================
=== Medición bloque 145s - Fase: fase3_carga_medium_iter8 ===
🚀 Iniciando LIMBO con profile=/home/luish/Documents/death/teastore/TeaStore/examples/httploadgenerator/increasingMedIntensity.csv y script=/home/luish/Documents/death/teastore/TeaStore/examples/httploadgenerator/teastore_buy.lua
[⏱ 03:08:21] Iniciando ecofloc en nitro5 por 145s (fase: fase3_carga_medium_iter8)
Feb 26, 2026 3:08:21 AM tools.descartes.dlim.httploadgenerator.runner.Director executeDirector
WARNING: No power measurements
Feb 26, 2026 3:08:21 AM tools.descartes.dlim.httploadgenerator.runner.Director executeDirector
INFO: Load Generator Thread Count set to 64
Feb 26, 2026 3:08:21 AM tools.descartes.dlim.httploadgenerator.runner.Director executeDirector
INFO: URL connection timout set to 30000 ms
Feb 26, 2026 3:08:21 AM tools.descartes.dlim.httploadgenerator.runner.Director executeDirector
INFO: Using Lua Script: /home/luish/Documents/death/teastore/TeaStore/examples/httploadgenerator/teastore_buy.lua
Feb 26, 2026 3:08:21 AM tools.descartes.dlim.httploadgenerator.runner.Director process
INFO: Read 120 Arrival Rate Tuples
Load Generator sent: ok
Feb 26, 2026 3:08:21 AM tools.descartes.dlim.httploadgenerator.runner.Director process
INFO: Arrival Rates sent to Load Generator(s).
Load Generator sent: ok
Feb 26, 2026 3:08:21 AM tools.descartes.dlim.httploadgenerator.runner.Director process
INFO: Thread Count sent to Load Generator(s): 64
Load Generator sent: ok
Feb 26, 2026 3:08:21 AM tools.descartes.dlim.httploadgenerator.runner.Director process
INFO: URL connection timeout sent to Load Generator(s): 30000
Load Generator sent: ok
Feb 26, 2026 3:08:21 AM tools.descartes.dlim.httploadgenerator.runner.Director process
INFO: Contents of script sent to Load Generator: /home/luish/Documents/death/teastore/TeaStore/examples/httploadgenerator/teastore_buy.lua
Feb 26, 2026 3:08:21 AM tools.descartes.dlim.httploadgenerator.runner.Director process
INFO: Starting Load Generation
Beginning Run @1772093301326(26.02.2026;03:08:21326)
  ├─ [nitro5:sd] start 03:08:21
Target Time = 0.5; Load Intensity = 8.0; #Success = 0; #Failed = 0; #Dropped = 0
  ├─ [nitro5:ram] start 03:08:21
  ├─ [nitro5:nic] start 03:08:22
[⏱ 03:08:22] Iniciando ecofloc en aspire por 145s (fase: fase3_carga_medium_iter8)
  ├─ [nitro5:cpu] start 03:08:22
  ├─ [aspire:sd] start 03:08:22
  ├─ [aspire:nic] start 03:08:22
  ├─ [aspire:ram] start 03:08:22
[⏱ 03:08:22] Iniciando ecofloc en scorpius por 145s (fase: fase3_carga_medium_iter8)
  ├─ [aspire:cpu] start 03:08:22
  ├─ [scorpius:sd] start 03:08:22
  ├─ [scorpius:ram] start 03:08:22
  ├─ [scorpius:nic] start 03:08:22
[⏱ 03:08:22] Iniciando ecofloc en leo por 145s (fase: fase3_carga_medium_iter8)
  ├─ [scorpius:cpu] start 03:08:22
  ├─ [leo:sd] start 03:08:22
  ├─ [leo:cpu] start 03:08:22
  ├─ [leo:nic] start 03:08:22
  ├─ [leo:ram] start 03:08:22
Target Time = 1.5; Load Intensity = 16.0; #Success = 22; #Failed = 0; #Dropped = 0
Target Time = 2.5; Load Intensity = 25.0; #Success = 27; #Failed = 0; #Dropped = 0
Target Time = 3.5; Load Intensity = 33.0; #Success = 15; #Failed = 0; #Dropped = 0
Target Time = 4.5; Load Intensity = 41.0; #Success = 58; #Failed = 0; #Dropped = 0
Target Time = 5.5; Load Intensity = 50.0; #Success = 6; #Failed = 0; #Dropped = 0
Target Time = 6.5; Load Intensity = 58.0; #Success = 0; #Failed = 0; #Dropped = 0
Target Time = 7.5; Load Intensity = 66.0; #Success = 8; #Failed = 0; #Dropped = 0
Target Time = 8.5; Load Intensity = 75.0; #Success = 1; #Failed = 0; #Dropped = 0
Target Time = 9.5; Load Intensity = 83.0; #Success = 8; #Failed = 0; #Dropped = 0
Target Time = 10.5; Load Intensity = 91.0; #Success = 3; #Failed = 12; #Dropped = 0
Target Time = 11.5; Load Intensity = 100.0; #Success = 9; #Failed = 7; #Dropped = 0
Target Time = 12.5; Load Intensity = 108.0; #Success = 1; #Failed = 9; #Dropped = 0
Target Time = 13.5; Load Intensity = 116.0; #Success = 5; #Failed = 2; #Dropped = 0
Target Time = 14.5; Load Intensity = 125.0; #Success = 0; #Failed = 6; #Dropped = 0
Target Time = 15.5; Load Intensity = 133.0; #Success = 1; #Failed = 0; #Dropped = 0
Target Time = 16.5; Load Intensity = 141.0; #Success = 0; #Failed = 0; #Dropped = 0
Target Time = 17.5; Load Intensity = 150.0; #Success = 0; #Failed = 10; #Dropped = 0
Target Time = 18.5; Load Intensity = 158.0; #Success = 0; #Failed = 1; #Dropped = 0
Target Time = 19.5; Load Intensity = 166.0; #Success = 0; #Failed = 1; #Dropped = 0
Target Time = 20.5; Load Intensity = 175.0; #Success = 0; #Failed = 0; #Dropped = 0
Target Time = 21.5; Load Intensity = 183.0; #Success = 0; #Failed = 1; #Dropped = 0
Target Time = 22.5; Load Intensity = 191.0; #Success = 0; #Failed = 4; #Dropped = 0
Target Time = 23.5; Load Intensity = 200.0; #Success = 0; #Failed = 8; #Dropped = 0
Target Time = 24.5; Load Intensity = 208.0; #Success = 0; #Failed = 5; #Dropped = 0
Target Time = 25.5; Load Intensity = 216.0; #Success = 0; #Failed = 10; #Dropped = 0
Target Time = 26.5; Load Intensity = 225.0; #Success = 0; #Failed = 1; #Dropped = 0
Target Time = 27.5; Load Intensity = 233.0; #Success = 0; #Failed = 11; #Dropped = 0
Target Time = 28.5; Load Intensity = 241.0; #Success = 0; #Failed = 16; #Dropped = 0
Target Time = 29.5; Load Intensity = 250.0; #Success = 0; #Failed = 5; #Dropped = 0
Target Time = 30.5; Load Intensity = 258.0; #Success = 0; #Failed = 0; #Dropped = 0
Target Time = 31.5; Load Intensity = 266.0; #Success = 3; #Failed = 0; #Dropped = 0
Target Time = 32.5; Load Intensity = 275.0; #Success = 4; #Failed = 0; #Dropped = 0
Target Time = 33.5; Load Intensity = 283.0; #Success = 1; #Failed = 2; #Dropped = 0
Target Time = 34.5; Load Intensity = 291.0; #Success = 0; #Failed = 0; #Dropped = 0
Target Time = 35.5; Load Intensity = 300.0; #Success = 1; #Failed = 0; #Dropped = 0
Target Time = 36.5; Load Intensity = 308.0; #Success = 7; #Failed = 6; #Dropped = 0
Target Time = 37.5; Load Intensity = 316.0; #Success = 20; #Failed = 0; #Dropped = 0
Target Time = 38.5; Load Intensity = 325.0; #Success = 3; #Failed = 0; #Dropped = 0
Target Time = 39.5; Load Intensity = 333.0; #Success = 6; #Failed = 0; #Dropped = 62
Target Time = 40.5; Load Intensity = 341.0; #Success = 0; #Failed = 0; #Dropped = 0
Target Time = 41.5; Load Intensity = 350.0; #Success = 0; #Failed = 0; #Dropped = 0
Target Time = 42.5; Load Intensity = 358.0; #Success = 4; #Failed = 0; #Dropped = 284
Target Time = 43.5; Load Intensity = 366.0; #Success = 4; #Failed = 1; #Dropped = 52
Target Time = 44.5; Load Intensity = 375.0; #Success = 13; #Failed = 0; #Dropped = 189
Target Time = 45.5; Load Intensity = 383.0; #Success = 1; #Failed = 4; #Dropped = 92
Target Time = 46.5; Load Intensity = 391.0; #Success = 2; #Failed = 2; #Dropped = 97
Target Time = 47.5; Load Intensity = 400.0; #Success = 1; #Failed = 2; #Dropped = 208
Target Time = 48.5; Load Intensity = 408.0; #Success = 4; #Failed = 4; #Dropped = 66
Target Time = 49.5; Load Intensity = 416.0; #Success = 0; #Failed = 2; #Dropped = 171
Target Time = 50.5; Load Intensity = 425.0; #Success = 1; #Failed = 2; #Dropped = 179
Target Time = 51.5; Load Intensity = 433.0; #Success = 2; #Failed = 5; #Dropped = 242
Target Time = 52.5; Load Intensity = 441.0; #Success = 2; #Failed = 2; #Dropped = 180
Target Time = 53.5; Load Intensity = 450.0; #Success = 4; #Failed = 3; #Dropped = 202
Target Time = 54.5; Load Intensity = 458.0; #Success = 2; #Failed = 6; #Dropped = 172
Target Time = 55.5; Load Intensity = 466.0; #Success = 1; #Failed = 5; #Dropped = 245
Target Time = 56.5; Load Intensity = 475.0; #Success = 9; #Failed = 5; #Dropped = 197
Target Time = 57.5; Load Intensity = 483.0; #Success = 2; #Failed = 0; #Dropped = 205
Target Time = 58.5; Load Intensity = 491.0; #Success = 6; #Failed = 0; #Dropped = 272
Target Time = 59.5; Load Intensity = 500.0; #Success = 11; #Failed = 1; #Dropped = 241
Target Time = 60.5; Load Intensity = 508.0; #Success = 6; #Failed = 0; #Dropped = 207
Target Time = 61.5; Load Intensity = 516.0; #Success = 5; #Failed = 0; #Dropped = 204
Target Time = 62.5; Load Intensity = 525.0; #Success = 7; #Failed = 1; #Dropped = 357
Target Time = 63.5; Load Intensity = 533.0; #Success = 4; #Failed = 0; #Dropped = 280
Target Time = 64.5; Load Intensity = 541.0; #Success = 5; #Failed = 0; #Dropped = 136
Target Time = 65.5; Load Intensity = 550.0; #Success = 13; #Failed = 0; #Dropped = 400
Target Time = 66.5; Load Intensity = 558.0; #Success = 6; #Failed = 0; #Dropped = 276
Target Time = 67.5; Load Intensity = 566.0; #Success = 3; #Failed = 0; #Dropped = 299
Target Time = 68.5; Load Intensity = 575.0; #Success = 2; #Failed = 0; #Dropped = 357
Target Time = 69.5; Load Intensity = 583.0; #Success = 6; #Failed = 0; #Dropped = 280
Target Time = 70.5; Load Intensity = 591.0; #Success = 1; #Failed = 0; #Dropped = 245
Target Time = 71.5; Load Intensity = 600.0; #Success = 2; #Failed = 0; #Dropped = 235
Target Time = 72.5; Load Intensity = 608.0; #Success = 0; #Failed = 0; #Dropped = 0
Target Time = 73.5; Load Intensity = 616.0; #Success = 1; #Failed = 0; #Dropped = 1031
Target Time = 74.5; Load Intensity = 625.0; #Success = 3; #Failed = 0; #Dropped = 272
Target Time = 75.5; Load Intensity = 633.0; #Success = 1; #Failed = 0; #Dropped = 455
Target Time = 76.5; Load Intensity = 641.0; #Success = 0; #Failed = 0; #Dropped = 0
Target Time = 77.5; Load Intensity = 650.0; #Success = 0; #Failed = 0; #Dropped = 0
Target Time = 78.5; Load Intensity = 658.0; #Success = 4; #Failed = 0; #Dropped = 975
Target Time = 79.5; Load Intensity = 666.0; #Success = 6; #Failed = 0; #Dropped = 603
Target Time = 80.5; Load Intensity = 675.0; #Success = 3; #Failed = 0; #Dropped = 484
Target Time = 81.5; Load Intensity = 683.0; #Success = 6; #Failed = 0; #Dropped = 99
Target Time = 82.5; Load Intensity = 691.0; #Success = 4; #Failed = 1; #Dropped = 714
Target Time = 83.5; Load Intensity = 700.0; #Success = 2; #Failed = 4; #Dropped = 444
Target Time = 84.5; Load Intensity = 708.0; #Success = 6; #Failed = 4; #Dropped = 470
Target Time = 85.5; Load Intensity = 716.0; #Success = 5; #Failed = 4; #Dropped = 470
Target Time = 86.5; Load Intensity = 725.0; #Success = 5; #Failed = 3; #Dropped = 505
Target Time = 87.5; Load Intensity = 733.0; #Success = 0; #Failed = 3; #Dropped = 449
Target Time = 88.5; Load Intensity = 741.0; #Success = 0; #Failed = 7; #Dropped = 437
Target Time = 89.5; Load Intensity = 750.0; #Success = 0; #Failed = 2; #Dropped = 521
Target Time = 90.5; Load Intensity = 758.0; #Success = 3; #Failed = 6; #Dropped = 490
Target Time = 91.5; Load Intensity = 766.0; #Success = 0; #Failed = 5; #Dropped = 498
Target Time = 92.5; Load Intensity = 775.0; #Success = 0; #Failed = 13; #Dropped = 537
Target Time = 93.5; Load Intensity = 783.0; #Success = 0; #Failed = 6; #Dropped = 534
Target Time = 94.5; Load Intensity = 791.0; #Success = 1; #Failed = 5; #Dropped = 528
Target Time = 95.5; Load Intensity = 800.0; #Success = 1; #Failed = 3; #Dropped = 539
Target Time = 96.5; Load Intensity = 808.0; #Success = 1; #Failed = 6; #Dropped = 562
Target Time = 97.5; Load Intensity = 816.0; #Success = 2; #Failed = 4; #Dropped = 552
Target Time = 98.5; Load Intensity = 825.0; #Success = 0; #Failed = 14; #Dropped = 576
Target Time = 99.5; Load Intensity = 833.0; #Success = 0; #Failed = 7; #Dropped = 578
Target Time = 100.5; Load Intensity = 841.0; #Success = 0; #Failed = 8; #Dropped = 536
Target Time = 101.5; Load Intensity = 850.0; #Success = 0; #Failed = 6; #Dropped = 582
Target Time = 102.5; Load Intensity = 858.0; #Success = 1; #Failed = 6; #Dropped = 639
Target Time = 103.5; Load Intensity = 866.0; #Success = 0; #Failed = 8; #Dropped = 595
Target Time = 104.5; Load Intensity = 875.0; #Success = 3; #Failed = 6; #Dropped = 655
Target Time = 105.5; Load Intensity = 883.0; #Success = 1; #Failed = 6; #Dropped = 630
Target Time = 106.5; Load Intensity = 891.0; #Success = 0; #Failed = 5; #Dropped = 597
Target Time = 107.5; Load Intensity = 900.0; #Success = 2; #Failed = 8; #Dropped = 687
Target Time = 108.5; Load Intensity = 908.0; #Success = 3; #Failed = 9; #Dropped = 618
Target Time = 109.5; Load Intensity = 916.0; #Success = 0; #Failed = 8; #Dropped = 629
Target Time = 110.5; Load Intensity = 925.0; #Success = 1; #Failed = 6; #Dropped = 657
Target Time = 111.5; Load Intensity = 933.0; #Success = 1; #Failed = 9; #Dropped = 706
Target Time = 112.5; Load Intensity = 941.0; #Success = 0; #Failed = 8; #Dropped = 699
Target Time = 113.5; Load Intensity = 950.0; #Success = 0; #Failed = 9; #Dropped = 699
Target Time = 114.5; Load Intensity = 958.0; #Success = 0; #Failed = 7; #Dropped = 668
Target Time = 115.5; Load Intensity = 966.0; #Success = 0; #Failed = 9; #Dropped = 718
Target Time = 116.5; Load Intensity = 975.0; #Success = 0; #Failed = 13; #Dropped = 692
Target Time = 117.5; Load Intensity = 983.0; #Success = 0; #Failed = 11; #Dropped = 749
Target Time = 118.5; Load Intensity = 991.0; #Success = 0; #Failed = 10; #Dropped = 740
Target Time = 119.5; Load Intensity = 1000.0; #Success = 0; #Failed = 12; #Dropped = 740
Target Time = 120.5; Load Intensity = 0.0; #Success = 1; #Failed = 9; #Dropped = 751
Target Time = 121.5; Load Intensity = 0.0; #Success = 0; #Failed = 10; #Dropped = 761
Target Time = 122.5; Load Intensity = 0.0; #Success = 0; #Failed = 5; #Dropped = 737
Target Time = 123.5; Load Intensity = 0.0; #Success = 0; #Failed = 14; #Dropped = 797
Target Time = 124.5; Load Intensity = 0.0; #Success = 2; #Failed = 7; #Dropped = 745
Target Time = 125.5; Load Intensity = 0.0; #Success = 0; #Failed = 11; #Dropped = 802
Target Time = 126.5; Load Intensity = 0.0; #Success = 0; #Failed = 6; #Dropped = 803
Target Time = 127.5; Load Intensity = 0.0; #Success = 0; #Failed = 9; #Dropped = 832
Target Time = 128.5; Load Intensity = 0.0; #Success = 0; #Failed = 10; #Dropped = 766
Target Time = 129.5; Load Intensity = 0.0; #Success = 0; #Failed = 5; #Dropped = 815
Target Time = 130.5; Load Intensity = 0.0; #Success = 0; #Failed = 6; #Dropped = 867
Target Time = 131.5; Load Intensity = 0.0; #Success = 0; #Failed = 5; #Dropped = 847
Target Time = 132.5; Load Intensity = 0.0; #Success = 0; #Failed = 7; #Dropped = 829
Target Time = 133.5; Load Intensity = 0.0; #Success = 1; #Failed = 12; #Dropped = 876
Target Time = 134.5; Load Intensity = 0.0; #Success = 1; #Failed = 5; #Dropped = 830
Target Time = 135.5; Load Intensity = 0.0; #Success = 0; #Failed = 8; #Dropped = 921
Target Time = 136.5; Load Intensity = 0.0; #Success = 0; #Failed = 11; #Dropped = 886
Target Time = 137.5; Load Intensity = 0.0; #Success = 0; #Failed = 4; #Dropped = 880
Target Time = 138.5; Load Intensity = 0.0; #Success = 1; #Failed = 9; #Dropped = 923
Target Time = 139.5; Load Intensity = 0.0; #Success = 0; #Failed = 7; #Dropped = 865
Target Time = 140.5; Load Intensity = 0.0; #Success = 0; #Failed = 3; #Dropped = 945
Target Time = 141.5; Load Intensity = 0.0; #Success = 0; #Failed = 3; #Dropped = 592
Target Time = 142.5; Load Intensity = 0.0; #Success = 2; #Failed = 0; #Dropped = 1302
Target Time = 143.5; Load Intensity = 0.0; #Success = 13; #Failed = 0; #Dropped = 889
Target Time = 144.5; Load Intensity = 0.0; #Success = 18; #Failed = 0; #Dropped = 1047
  └─ [nitro5:ram] end 03:10:46
  └─ [nitro5:sd] end 03:10:46
Target Time = 145.5; Load Intensity = 0.0; #Success = 11; #Failed = 0; #Dropped = 0
  └─ [nitro5:nic] end 03:10:47
  └─ [nitro5:cpu] end 03:10:47
Target Time = 146.5; Load Intensity = 0.0; #Success = 2; #Failed = 0; #Dropped = 1607
Target Time = 147.5; Load Intensity = 0.0; #Success = 0; #Failed = 4; #Dropped = 1218
Target Time = 148.5; Load Intensity = 0.0; #Success = 0; #Failed = 0; #Dropped = 0
Target Time = 149.5; Load Intensity = 0.0; #Success = 0; #Failed = 2; #Dropped = 1429
Target Time = 150.5; Load Intensity = 0.0; #Success = 0; #Failed = 8; #Dropped = 592
Target Time = 151.5; Load Intensity = 0.0; #Success = 0; #Failed = 10; #Dropped = 0
Target Time = 152.5; Load Intensity = 0.0; #Success = 0; #Failed = 9; #Dropped = 0
Target Time = 153.5; Load Intensity = 0.0; #Success = 1; #Failed = 3; #Dropped = 0
Target Time = 154.5; Load Intensity = 0.0; #Success = 0; #Failed = 11; #Dropped = 0
Target Time = 155.5; Load Intensity = 0.0; #Success = 0; #Failed = 3; #Dropped = 0
Target Time = 156.5; Load Intensity = 0.0; #Success = 0; #Failed = 0; #Dropped = 0
Target Time = 157.5; Load Intensity = 0.0; #Success = 0; #Failed = 0; #Dropped = 0
  └─ [leo:sd] end 03:10:58
  └─ [leo:cpu] end 03:10:59
  └─ [leo:ram] end 03:10:59
  └─ [scorpius:nic] end 03:10:59
Target Time = 158.5; Load Intensity = 0.0; #Success = 0; #Failed = 3; #Dropped = 0
Target Time = 159.5; Load Intensity = 0.0; #Success = 0; #Failed = 1; #Dropped = 0
  └─ [leo:nic] end 03:11:01
Target Time = 160.5; Load Intensity = 0.0; #Success = 0; #Failed = 4; #Dropped = 0
Target Time = 161.5; Load Intensity = 0.0; #Success = 0; #Failed = 2; #Dropped = 0
Target Time = 162.5; Load Intensity = 0.0; #Success = 0; #Failed = 1; #Dropped = 0
Target Time = 163.5; Load Intensity = 0.0; #Success = 0; #Failed = 0; #Dropped = 0
  └─ [scorpius:cpu] end 03:11:05
Target Time = 164.5; Load Intensity = 0.0; #Success = 0; #Failed = 0; #Dropped = 0
Target Time = 165.5; Load Intensity = 0.0; #Success = 0; #Failed = 0; #Dropped = 0
  └─ [scorpius:sd] end 03:11:06
Target Time = 166.5; Load Intensity = 0.0; #Success = 0; #Failed = 1; #Dropped = 0
Target Time = 167.5; Load Intensity = 0.0; #Success = 6; #Failed = 0; #Dropped = 0
  └─ [aspire:nic] end 03:11:08
  └─ [aspire:cpu] end 03:11:09
  └─ [aspire:sd] end 03:11:09
  └─ [aspire:ram] end 03:11:09
=== Bloque 145s terminado - Fase: fase3_carga_medium_iter8 ===
[🧹] Limpiando CSVs internos de ecofloc en cada nodo (fase: fase3_carga_medium_iter8)...
  ✔ [nitro5:cpu] limpiado /home/luish/Documents/p3/ecofloc2/ecofloc/ecofloc-cpu/ECOFLOC_CPU_COMM_text.csv
  ✔ [nitro5:nic] limpiado /home/luish/Documents/p3/ecofloc2/ecofloc/ecofloc-nic/ECOFLOC_NIC_COMM_text.csv
  ✔ [nitro5:ram] limpiado /home/luish/Documents/p3/ecofloc2/ecofloc/ecofloc-ram/ECOFLOC_RAM_COMM_text.csv
  ✔ [nitro5:sd] limpiado /home/luish/Documents/p3/ecofloc2/ecofloc/ecofloc-sd/ECOFLOC_SD_COMM_text.csv
  ✔ [leo:cpu] limpiado /home/leo/ecofloc/ecofloc-cpu/ECOFLOC_CPU_COMM_text.csv
Target Time = 168.5; Load Intensity = 0.0; #Success = 0; #Failed = 0; #Dropped = 0
  ✔ [leo:nic] limpiado /home/leo/ecofloc/ecofloc-nic/ECOFLOC_NIC_COMM_text.csv
Target Time = 169.5; Load Intensity = 0.0; #Success = 1; #Failed = 0; #Dropped = 0
  ✔ [leo:ram] limpiado /home/leo/ecofloc/ecofloc-ram/ECOFLOC_RAM_COMM_text.csv
  ✔ [leo:sd] limpiado /home/leo/ecofloc/ecofloc-sd/ECOFLOC_SD_COMM_text.csv
  ✔ [aspire:cpu] limpiado /home/luish/Documents/p3/ecofloc2/ecofloc/ecofloc-cpu/ECOFLOC_CPU_COMM_text.csv
  ✔ [aspire:nic] limpiado /home/luish/Documents/p3/ecofloc2/ecofloc/ecofloc-nic/ECOFLOC_NIC_COMM_text.csv
  ✔ [aspire:ram] limpiado /home/luish/Documents/p3/ecofloc2/ecofloc/ecofloc-ram/ECOFLOC_RAM_COMM_text.csv
  ✔ [aspire:sd] limpiado /home/luish/Documents/p3/ecofloc2/ecofloc/ecofloc-sd/ECOFLOC_SD_COMM_text.csv
  ✔ [scorpius:cpu] limpiado /home/scorpius03/Documents/ecofloc/ecofloc-cpu/ECOFLOC_CPU_COMM_text.csv
  ✔ [scorpius:nic] limpiado /home/scorpius03/Documents/ecofloc/ecofloc-nic/ECOFLOC_NIC_COMM_text.csv
  ✔ [scorpius:ram] limpiado /home/scorpius03/Documents/ecofloc/ecofloc-ram/ECOFLOC_RAM_COMM_text.csv
  ✔ [scorpius:sd] limpiado /home/scorpius03/Documents/ecofloc/ecofloc-sd/ECOFLOC_SD_COMM_text.csv
========================================
🔋 MEASURE ENERGY FINALIZADO
   Fase: fase3_carga_medium_iter8
========================================
Workload finished.
Log finished.
📄 LIMBO finalizado para scenario=medium
⏳ [03:11:15] Esperando que termine medición: fase3_carga_medium_iter8 (PID: 1618178)
✔️ [03:11:15] Medición fase3_carga_medium_iter8 completada
[📦] Archivando resultados → ./historyexecutions/exp(03:11:20)_fase3_medium_iter8
[✔] Archivado: ./historyexecutions/exp(03:11:20)_fase3_medium_iter8
🧹 Limpiando TeaStore (iter 8)...
⏸ Esperando 15s para limpieza completa...
✅ Iteración 8 / 13 del escenario medium completada.

########################################################
🔄 ESCENARIO: medium | ITERACIÓN: 9 / 13
   Hora: 03:12:09
########################################################
========================================
🔋 FASE 1: Descarga de imágenes (medium, iter 9)
========================================
📋 Capturando PIDs (gepidstea.sh)...
📋 Capturando PIDs de contenedores (kpsnodos.sh)...
🔋 [03:12:28] Iniciando medición de energía: fase1_descarga_medium_iter9 (25s)
   PID de medición: 1975957
🚀 Desplegando TeaStore desde /home/luish/Documents/death/teastore/TeaStore/examples/kubernetes/teastore-energy-scheduler.yaml...
========================================
🔋 MEASURE ENERGY - Fase: fase1_descarga_medium_iter9
   Duración: 25s
   PID: 1975957
========================================
=== Medición bloque 25s - Fase: fase1_descarga_medium_iter9 ===
[⏱ 03:12:28] Iniciando ecofloc en nitro5 por 25s (fase: fase1_descarga_medium_iter9)
⏳ Esperando a que todos los pods de TeaStore estén Running y Ready...
  ├─ [nitro5:sd] start 03:12:28
  ├─ [nitro5:ram] start 03:12:28
  ├─ [nitro5:nic] start 03:12:29
[⏱ 03:12:29] Iniciando ecofloc en aspire por 25s (fase: fase1_descarga_medium_iter9)
  ├─ [nitro5:cpu] start 03:12:29
  ├─ [aspire:sd] start 03:12:29
  ├─ [aspire:ram] start 03:12:29
  ├─ [aspire:nic] start 03:12:29
[⏱ 03:12:29] Iniciando ecofloc en scorpius por 25s (fase: fase1_descarga_medium_iter9)
  ├─ [aspire:cpu] start 03:12:29
  ├─ [scorpius:sd] start 03:12:29
  ├─ [scorpius:ram] start 03:12:29
  ├─ [scorpius:nic] start 03:12:29
[⏱ 03:12:29] Iniciando ecofloc en leo por 25s (fase: fase1_descarga_medium_iter9)
  ├─ [scorpius:cpu] start 03:12:29
  ├─ [leo:sd] start 03:12:29
  ├─ [leo:ram] start 03:12:29
  ├─ [leo:cpu] start 03:12:29
  ├─ [leo:nic] start 03:12:29
✅ Pods listos.
⏳ [03:12:30] Esperando que termine medición: fase1_descarga_medium_iter9 (PID: 1975957)
  └─ [nitro5:sd] end 03:12:53
  └─ [nitro5:ram] end 03:12:53
  └─ [nitro5:nic] end 03:12:54
  └─ [nitro5:cpu] end 03:12:54
  └─ [aspire:cpu] end 03:12:55
  └─ [aspire:sd] end 03:12:55
  └─ [scorpius:sd] end 03:12:55
  └─ [scorpius:cpu] end 03:12:55
  └─ [leo:cpu] end 03:12:55
  └─ [aspire:nic] end 03:12:56
  └─ [scorpius:nic] end 03:12:56
  └─ [aspire:ram] end 03:12:56
  └─ [leo:nic] end 03:12:56
  └─ [leo:ram] end 03:12:56
  └─ [scorpius:ram] end 03:12:57
=== Bloque 25s terminado - Fase: fase1_descarga_medium_iter9 ===
[🧹] Limpiando CSVs internos de ecofloc en cada nodo (fase: fase1_descarga_medium_iter9)...
  ✔ [nitro5:cpu] limpiado /home/luish/Documents/p3/ecofloc2/ecofloc/ecofloc-cpu/ECOFLOC_CPU_COMM_text.csv
  ✔ [nitro5:nic] limpiado /home/luish/Documents/p3/ecofloc2/ecofloc/ecofloc-nic/ECOFLOC_NIC_COMM_text.csv
  ✔ [nitro5:ram] limpiado /home/luish/Documents/p3/ecofloc2/ecofloc/ecofloc-ram/ECOFLOC_RAM_COMM_text.csv
  ✔ [nitro5:sd] limpiado /home/luish/Documents/p3/ecofloc2/ecofloc/ecofloc-sd/ECOFLOC_SD_COMM_text.csv
  ✔ [leo:cpu] limpiado /home/leo/ecofloc/ecofloc-cpu/ECOFLOC_CPU_COMM_text.csv
  ✔ [leo:nic] limpiado /home/leo/ecofloc/ecofloc-nic/ECOFLOC_NIC_COMM_text.csv
  ✔ [leo:ram] limpiado /home/leo/ecofloc/ecofloc-ram/ECOFLOC_RAM_COMM_text.csv
  ✔ [leo:sd] limpiado /home/leo/ecofloc/ecofloc-sd/ECOFLOC_SD_COMM_text.csv
  ✔ [aspire:cpu] limpiado /home/luish/Documents/p3/ecofloc2/ecofloc/ecofloc-cpu/ECOFLOC_CPU_COMM_text.csv
  ✔ [aspire:nic] limpiado /home/luish/Documents/p3/ecofloc2/ecofloc/ecofloc-nic/ECOFLOC_NIC_COMM_text.csv
  ✔ [aspire:ram] limpiado /home/luish/Documents/p3/ecofloc2/ecofloc/ecofloc-ram/ECOFLOC_RAM_COMM_text.csv
  ✔ [aspire:sd] limpiado /home/luish/Documents/p3/ecofloc2/ecofloc/ecofloc-sd/ECOFLOC_SD_COMM_text.csv
  ✔ [scorpius:cpu] limpiado /home/scorpius03/Documents/ecofloc/ecofloc-cpu/ECOFLOC_CPU_COMM_text.csv
  ✔ [scorpius:nic] limpiado /home/scorpius03/Documents/ecofloc/ecofloc-nic/ECOFLOC_NIC_COMM_text.csv
  ✔ [scorpius:ram] limpiado /home/scorpius03/Documents/ecofloc/ecofloc-ram/ECOFLOC_RAM_COMM_text.csv
  ✔ [scorpius:sd] limpiado /home/scorpius03/Documents/ecofloc/ecofloc-sd/ECOFLOC_SD_COMM_text.csv
========================================
🔋 MEASURE ENERGY FINALIZADO
   Fase: fase1_descarga_medium_iter9
========================================
✔️ [03:13:00] Medición fase1_descarga_medium_iter9 completada
[📦] Archivando resultados → ./historyexecutions/exp(03:13:05)_fase1_medium_iter9
[✔] Archivado: ./historyexecutions/exp(03:13:05)_fase1_medium_iter9
========================================
🔋 FASE 2: Preparación de servicios (medium, iter 9)
========================================
📋 Capturando PIDs (gepidstea.sh)...
📋 Capturando PIDs de contenedores (kpsnodos.sh)...
🔋 [03:13:24] Iniciando medición de energía: fase2_preparacion_medium_iter9 (50s)
   PID de medición: 2036549
========================================
🔋 MEASURE ENERGY - Fase: fase2_preparacion_medium_iter9
   Duración: 50s
   PID: 2036549
========================================
=== Medición bloque 50s - Fase: fase2_preparacion_medium_iter9 ===
[⏱ 03:13:24] Iniciando ecofloc en nitro5 por 50s (fase: fase2_preparacion_medium_iter9)
⏳ Esperando 10s a que CoreDNS se estabilice...
  ├─ [nitro5:sd] start 03:13:25
  ├─ [nitro5:ram] start 03:13:25
  ├─ [nitro5:nic] start 03:13:25
[⏱ 03:13:26] Iniciando ecofloc en aspire por 50s (fase: fase2_preparacion_medium_iter9)
  ├─ [nitro5:cpu] start 03:13:26
  ├─ [aspire:sd] start 03:13:26
  ├─ [aspire:ram] start 03:13:26
[⏱ 03:13:26] Iniciando ecofloc en scorpius por 50s (fase: fase2_preparacion_medium_iter9)
  ├─ [aspire:nic] start 03:13:26
  ├─ [aspire:cpu] start 03:13:26
  ├─ [scorpius:sd] start 03:13:26
  ├─ [scorpius:ram] start 03:13:26
  ├─ [scorpius:nic] start 03:13:26
[⏱ 03:13:26] Iniciando ecofloc en leo por 50s (fase: fase2_preparacion_medium_iter9)
  ├─ [scorpius:cpu] start 03:13:26
  ├─ [leo:sd] start 03:13:26
  ├─ [leo:ram] start 03:13:26
  ├─ [leo:nic] start 03:13:26
  ├─ [leo:cpu] start 03:13:26
➡️ Pod WebUI: teastore-webui-ff7768544-z44r9
➡️ Está en el nodo: luish-nitro-an515-57
🌐 IP del nodo WebUI: 192.168.18.27
⏳ Verificando estado del TeaStore en http://192.168.18.27:30080/tools.descartes.teastore.webui/status ...
   ➤ Estado actual: 5 / 5 servicios OK
✔ TODOS los servicios del TeaStore están OK. Continuando...
⏳ [03:13:38] Esperando que termine medición: fase2_preparacion_medium_iter9 (PID: 2036549)
  └─ [nitro5:sd] end 03:14:15
  └─ [nitro5:ram] end 03:14:15
  └─ [nitro5:nic] end 03:14:15
  └─ [nitro5:cpu] end 03:14:16
  └─ [aspire:sd] end 03:14:16
  └─ [aspire:cpu] end 03:14:18
  └─ [scorpius:sd] end 03:14:19
  └─ [aspire:nic] end 03:14:19
  └─ [scorpius:cpu] end 03:14:19
  └─ [leo:cpu] end 03:14:19
  └─ [leo:sd] end 03:14:19
  └─ [aspire:ram] end 03:14:20
  └─ [leo:nic] end 03:14:20
  └─ [leo:ram] end 03:14:20
  └─ [scorpius:nic] end 03:14:20
  └─ [scorpius:ram] end 03:14:20
=== Bloque 50s terminado - Fase: fase2_preparacion_medium_iter9 ===
[🧹] Limpiando CSVs internos de ecofloc en cada nodo (fase: fase2_preparacion_medium_iter9)...
  ✔ [nitro5:cpu] limpiado /home/luish/Documents/p3/ecofloc2/ecofloc/ecofloc-cpu/ECOFLOC_CPU_COMM_text.csv
  ✔ [nitro5:nic] limpiado /home/luish/Documents/p3/ecofloc2/ecofloc/ecofloc-nic/ECOFLOC_NIC_COMM_text.csv
  ✔ [nitro5:ram] limpiado /home/luish/Documents/p3/ecofloc2/ecofloc/ecofloc-ram/ECOFLOC_RAM_COMM_text.csv
  ✔ [nitro5:sd] limpiado /home/luish/Documents/p3/ecofloc2/ecofloc/ecofloc-sd/ECOFLOC_SD_COMM_text.csv
  ✔ [leo:cpu] limpiado /home/leo/ecofloc/ecofloc-cpu/ECOFLOC_CPU_COMM_text.csv
  ✔ [leo:nic] limpiado /home/leo/ecofloc/ecofloc-nic/ECOFLOC_NIC_COMM_text.csv
  ✔ [leo:ram] limpiado /home/leo/ecofloc/ecofloc-ram/ECOFLOC_RAM_COMM_text.csv
  ✔ [leo:sd] limpiado /home/leo/ecofloc/ecofloc-sd/ECOFLOC_SD_COMM_text.csv
  ✔ [aspire:cpu] limpiado /home/luish/Documents/p3/ecofloc2/ecofloc/ecofloc-cpu/ECOFLOC_CPU_COMM_text.csv
  ✔ [aspire:nic] limpiado /home/luish/Documents/p3/ecofloc2/ecofloc/ecofloc-nic/ECOFLOC_NIC_COMM_text.csv
  ✔ [aspire:ram] limpiado /home/luish/Documents/p3/ecofloc2/ecofloc/ecofloc-ram/ECOFLOC_RAM_COMM_text.csv
  ✔ [aspire:sd] limpiado /home/luish/Documents/p3/ecofloc2/ecofloc/ecofloc-sd/ECOFLOC_SD_COMM_text.csv
  ✔ [scorpius:cpu] limpiado /home/scorpius03/Documents/ecofloc/ecofloc-cpu/ECOFLOC_CPU_COMM_text.csv
  ✔ [scorpius:nic] limpiado /home/scorpius03/Documents/ecofloc/ecofloc-nic/ECOFLOC_NIC_COMM_text.csv
  ✔ [scorpius:ram] limpiado /home/scorpius03/Documents/ecofloc/ecofloc-ram/ECOFLOC_RAM_COMM_text.csv
  ✔ [scorpius:sd] limpiado /home/scorpius03/Documents/ecofloc/ecofloc-sd/ECOFLOC_SD_COMM_text.csv
========================================
🔋 MEASURE ENERGY FINALIZADO
   Fase: fase2_preparacion_medium_iter9
========================================
✔️ [03:14:23] Medición fase2_preparacion_medium_iter9 completada
[📦] Archivando resultados → ./historyexecutions/exp(03:14:28)_fase2_medium_iter9
[✔] Archivado: ./historyexecutions/exp(03:14:28)_fase2_medium_iter9
========================================
🔋 FASE 3: Ejecución de carga (medium, iter 9)
========================================
📋 Capturando PIDs (gepidstea.sh)...
📋 Capturando PIDs de contenedores (kpsnodos.sh)...
🔋 [03:14:47] Iniciando medición de energía: fase3_carga_medium_iter9 (145s)
   PID de medición: 2172440
=== Escenario medium (iter 9) ===
========================================
🔋 MEASURE ENERGY - Fase: fase3_carga_medium_iter9
   Duración: 145s
   PID: 2172440
========================================
=== Medición bloque 145s - Fase: fase3_carga_medium_iter9 ===
🚀 Iniciando LIMBO con profile=/home/luish/Documents/death/teastore/TeaStore/examples/httploadgenerator/increasingMedIntensity.csv y script=/home/luish/Documents/death/teastore/TeaStore/examples/httploadgenerator/teastore_buy.lua
[⏱ 03:14:47] Iniciando ecofloc en nitro5 por 145s (fase: fase3_carga_medium_iter9)
Feb 26, 2026 3:14:48 AM tools.descartes.dlim.httploadgenerator.runner.Director executeDirector
WARNING: No power measurements
Feb 26, 2026 3:14:48 AM tools.descartes.dlim.httploadgenerator.runner.Director executeDirector
INFO: Load Generator Thread Count set to 64
Feb 26, 2026 3:14:48 AM tools.descartes.dlim.httploadgenerator.runner.Director executeDirector
INFO: URL connection timout set to 30000 ms
Feb 26, 2026 3:14:48 AM tools.descartes.dlim.httploadgenerator.runner.Director executeDirector
INFO: Using Lua Script: /home/luish/Documents/death/teastore/TeaStore/examples/httploadgenerator/teastore_buy.lua
Feb 26, 2026 3:14:48 AM tools.descartes.dlim.httploadgenerator.runner.Director process
INFO: Read 120 Arrival Rate Tuples
Load Generator sent: ok
Feb 26, 2026 3:14:48 AM tools.descartes.dlim.httploadgenerator.runner.Director process
INFO: Arrival Rates sent to Load Generator(s).
Load Generator sent: ok
Feb 26, 2026 3:14:48 AM tools.descartes.dlim.httploadgenerator.runner.Director process
INFO: Thread Count sent to Load Generator(s): 64
Load Generator sent: ok
Feb 26, 2026 3:14:48 AM tools.descartes.dlim.httploadgenerator.runner.Director process
INFO: URL connection timeout sent to Load Generator(s): 30000
Load Generator sent: ok
Feb 26, 2026 3:14:48 AM tools.descartes.dlim.httploadgenerator.runner.Director process
INFO: Contents of script sent to Load Generator: /home/luish/Documents/death/teastore/TeaStore/examples/httploadgenerator/teastore_buy.lua
Feb 26, 2026 3:14:48 AM tools.descartes.dlim.httploadgenerator.runner.Director process
INFO: Starting Load Generation
Beginning Run @1772093688100(26.02.2026;03:14:48100)
  ├─ [nitro5:sd] start 03:14:48
Target Time = 0.5; Load Intensity = 8.0; #Success = 0; #Failed = 0; #Dropped = 0
  ├─ [nitro5:ram] start 03:14:48
  ├─ [nitro5:nic] start 03:14:49
[⏱ 03:14:49] Iniciando ecofloc en aspire por 145s (fase: fase3_carga_medium_iter9)
  ├─ [nitro5:cpu] start 03:14:49
  ├─ [aspire:sd] start 03:14:49
  ├─ [aspire:ram] start 03:14:49
  ├─ [aspire:cpu] start 03:14:49
[⏱ 03:14:49] Iniciando ecofloc en scorpius por 145s (fase: fase3_carga_medium_iter9)
  ├─ [aspire:nic] start 03:14:49
  ├─ [scorpius:sd] start 03:14:49
  ├─ [scorpius:nic] start 03:14:49
  ├─ [scorpius:ram] start 03:14:49
  ├─ [scorpius:cpu] start 03:14:49
[⏱ 03:14:49] Iniciando ecofloc en leo por 145s (fase: fase3_carga_medium_iter9)
  ├─ [leo:nic] start 03:14:49
  ├─ [leo:sd] start 03:14:49
  ├─ [leo:ram] start 03:14:49
  ├─ [leo:cpu] start 03:14:49
Target Time = 1.5; Load Intensity = 16.0; #Success = 22; #Failed = 0; #Dropped = 0
Target Time = 2.5; Load Intensity = 25.0; #Success = 25; #Failed = 0; #Dropped = 0
Target Time = 3.5; Load Intensity = 33.0; #Success = 17; #Failed = 0; #Dropped = 0
Target Time = 4.5; Load Intensity = 41.0; #Success = 56; #Failed = 0; #Dropped = 0
Target Time = 5.5; Load Intensity = 50.0; #Success = 8; #Failed = 0; #Dropped = 0
Target Time = 6.5; Load Intensity = 58.0; #Success = 0; #Failed = 0; #Dropped = 0
Target Time = 7.5; Load Intensity = 66.0; #Success = 15; #Failed = 0; #Dropped = 0
Target Time = 8.5; Load Intensity = 75.0; #Success = 0; #Failed = 0; #Dropped = 0
Target Time = 9.5; Load Intensity = 83.0; #Success = 1; #Failed = 0; #Dropped = 0
Target Time = 10.5; Load Intensity = 91.0; #Success = 0; #Failed = 0; #Dropped = 0
Target Time = 11.5; Load Intensity = 100.0; #Success = 0; #Failed = 0; #Dropped = 0
Target Time = 12.5; Load Intensity = 108.0; #Success = 0; #Failed = 0; #Dropped = 0
Target Time = 13.5; Load Intensity = 116.0; #Success = 0; #Failed = 0; #Dropped = 0
Target Time = 14.5; Load Intensity = 125.0; #Success = 0; #Failed = 0; #Dropped = 0
Target Time = 15.5; Load Intensity = 133.0; #Success = 0; #Failed = 14; #Dropped = 0
Target Time = 16.5; Load Intensity = 141.0; #Success = 0; #Failed = 0; #Dropped = 0
Target Time = 17.5; Load Intensity = 150.0; #Success = 0; #Failed = 0; #Dropped = 0
Target Time = 18.5; Load Intensity = 158.0; #Success = 0; #Failed = 17; #Dropped = 0
Target Time = 19.5; Load Intensity = 166.0; #Success = 0; #Failed = 11; #Dropped = 0
Target Time = 20.5; Load Intensity = 175.0; #Success = 0; #Failed = 5; #Dropped = 0
Target Time = 21.5; Load Intensity = 183.0; #Success = 0; #Failed = 17; #Dropped = 0
Target Time = 22.5; Load Intensity = 191.0; #Success = 0; #Failed = 11; #Dropped = 0
Target Time = 23.5; Load Intensity = 200.0; #Success = 0; #Failed = 7; #Dropped = 0
Target Time = 24.5; Load Intensity = 208.0; #Success = 0; #Failed = 17; #Dropped = 0
Target Time = 25.5; Load Intensity = 216.0; #Success = 0; #Failed = 13; #Dropped = 0
Target Time = 26.5; Load Intensity = 225.0; #Success = 0; #Failed = 17; #Dropped = 0
Target Time = 27.5; Load Intensity = 233.0; #Success = 0; #Failed = 18; #Dropped = 0
Target Time = 28.5; Load Intensity = 241.0; #Success = 0; #Failed = 19; #Dropped = 0
Target Time = 29.5; Load Intensity = 250.0; #Success = 0; #Failed = 8; #Dropped = 0
Target Time = 30.5; Load Intensity = 258.0; #Success = 0; #Failed = 20; #Dropped = 0
Target Time = 31.5; Load Intensity = 266.0; #Success = 0; #Failed = 20; #Dropped = 0
Target Time = 32.5; Load Intensity = 275.0; #Success = 0; #Failed = 14; #Dropped = 0
Target Time = 33.5; Load Intensity = 283.0; #Success = 0; #Failed = 18; #Dropped = 0
Target Time = 34.5; Load Intensity = 291.0; #Success = 0; #Failed = 20; #Dropped = 0
Target Time = 35.5; Load Intensity = 300.0; #Success = 0; #Failed = 16; #Dropped = 0
Target Time = 36.5; Load Intensity = 308.0; #Success = 0; #Failed = 14; #Dropped = 0
Target Time = 37.5; Load Intensity = 316.0; #Success = 0; #Failed = 5; #Dropped = 0
Target Time = 38.5; Load Intensity = 325.0; #Success = 0; #Failed = 29; #Dropped = 0
Target Time = 39.5; Load Intensity = 333.0; #Success = 0; #Failed = 13; #Dropped = 0
Target Time = 40.5; Load Intensity = 341.0; #Success = 0; #Failed = 40; #Dropped = 0
Target Time = 41.5; Load Intensity = 350.0; #Success = 0; #Failed = 48; #Dropped = 15
Target Time = 42.5; Load Intensity = 358.0; #Success = 0; #Failed = 32; #Dropped = 78
Target Time = 43.5; Load Intensity = 366.0; #Success = 0; #Failed = 0; #Dropped = 0
Target Time = 44.5; Load Intensity = 375.0; #Success = 0; #Failed = 1; #Dropped = 162
Target Time = 45.5; Load Intensity = 383.0; #Success = 0; #Failed = 1; #Dropped = 161
Target Time = 46.5; Load Intensity = 391.0; #Success = 0; #Failed = 0; #Dropped = 0
Target Time = 47.5; Load Intensity = 400.0; #Success = 0; #Failed = 1; #Dropped = 273
Target Time = 48.5; Load Intensity = 408.0; #Success = 0; #Failed = 0; #Dropped = 0
Target Time = 49.5; Load Intensity = 416.0; #Success = 0; #Failed = 0; #Dropped = 0
Target Time = 50.5; Load Intensity = 425.0; #Success = 0; #Failed = 0; #Dropped = 0
Target Time = 51.5; Load Intensity = 433.0; #Success = 0; #Failed = 0; #Dropped = 0
Target Time = 52.5; Load Intensity = 441.0; #Success = 0; #Failed = 0; #Dropped = 0
Target Time = 53.5; Load Intensity = 450.0; #Success = 1; #Failed = 0; #Dropped = 1097
Target Time = 54.5; Load Intensity = 458.0; #Success = 0; #Failed = 0; #Dropped = 0
Target Time = 55.5; Load Intensity = 466.0; #Success = 0; #Failed = 0; #Dropped = 0
Target Time = 56.5; Load Intensity = 475.0; #Success = 0; #Failed = 8; #Dropped = 658
Target Time = 57.5; Load Intensity = 483.0; #Success = 2; #Failed = 0; #Dropped = 225
Target Time = 58.5; Load Intensity = 491.0; #Success = 24; #Failed = 0; #Dropped = 220
Target Time = 59.5; Load Intensity = 500.0; #Success = 1; #Failed = 0; #Dropped = 55
Target Time = 60.5; Load Intensity = 508.0; #Success = 2; #Failed = 0; #Dropped = 439
Target Time = 61.5; Load Intensity = 516.0; #Success = 9; #Failed = 0; #Dropped = 188
Target Time = 62.5; Load Intensity = 525.0; #Success = 2; #Failed = 2; #Dropped = 349
Target Time = 63.5; Load Intensity = 533.0; #Success = 3; #Failed = 2; #Dropped = 271
Target Time = 64.5; Load Intensity = 541.0; #Success = 1; #Failed = 1; #Dropped = 184
Target Time = 65.5; Load Intensity = 550.0; #Success = 0; #Failed = 0; #Dropped = 0
Target Time = 66.5; Load Intensity = 558.0; #Success = 1; #Failed = 0; #Dropped = 607
Target Time = 67.5; Load Intensity = 566.0; #Success = 0; #Failed = 9; #Dropped = 274
Target Time = 68.5; Load Intensity = 575.0; #Success = 1; #Failed = 8; #Dropped = 364
Target Time = 69.5; Load Intensity = 583.0; #Success = 0; #Failed = 4; #Dropped = 287
Target Time = 70.5; Load Intensity = 591.0; #Success = 0; #Failed = 0; #Dropped = 0
Target Time = 71.5; Load Intensity = 600.0; #Success = 5; #Failed = 0; #Dropped = 811
Target Time = 72.5; Load Intensity = 608.0; #Success = 2; #Failed = 9; #Dropped = 281
Target Time = 73.5; Load Intensity = 616.0; #Success = 0; #Failed = 4; #Dropped = 277
Target Time = 74.5; Load Intensity = 625.0; #Success = 1; #Failed = 3; #Dropped = 427
Target Time = 75.5; Load Intensity = 633.0; #Success = 0; #Failed = 14; #Dropped = 499
Target Time = 76.5; Load Intensity = 641.0; #Success = 0; #Failed = 7; #Dropped = 370
Target Time = 77.5; Load Intensity = 650.0; #Success = 0; #Failed = 3; #Dropped = 382
Target Time = 78.5; Load Intensity = 658.0; #Success = 0; #Failed = 10; #Dropped = 407
Target Time = 79.5; Load Intensity = 666.0; #Success = 0; #Failed = 11; #Dropped = 423
Target Time = 80.5; Load Intensity = 675.0; #Success = 0; #Failed = 8; #Dropped = 409
Target Time = 81.5; Load Intensity = 683.0; #Success = 0; #Failed = 9; #Dropped = 401
Target Time = 82.5; Load Intensity = 691.0; #Success = 0; #Failed = 9; #Dropped = 468
Target Time = 83.5; Load Intensity = 700.0; #Success = 0; #Failed = 26; #Dropped = 424
Target Time = 84.5; Load Intensity = 708.0; #Success = 0; #Failed = 39; #Dropped = 370
Target Time = 85.5; Load Intensity = 716.0; #Success = 0; #Failed = 4; #Dropped = 409
Target Time = 86.5; Load Intensity = 725.0; #Success = 0; #Failed = 12; #Dropped = 324
Target Time = 87.5; Load Intensity = 733.0; #Success = 0; #Failed = 0; #Dropped = 0
Target Time = 88.5; Load Intensity = 741.0; #Success = 0; #Failed = 1; #Dropped = 963
Target Time = 89.5; Load Intensity = 750.0; #Success = 0; #Failed = 4; #Dropped = 516
Target Time = 90.5; Load Intensity = 758.0; #Success = 0; #Failed = 5; #Dropped = 584
Target Time = 91.5; Load Intensity = 766.0; #Success = 0; #Failed = 7; #Dropped = 514
Target Time = 92.5; Load Intensity = 775.0; #Success = 0; #Failed = 23; #Dropped = 469
Target Time = 93.5; Load Intensity = 783.0; #Success = 0; #Failed = 6; #Dropped = 543
Target Time = 94.5; Load Intensity = 791.0; #Success = 0; #Failed = 0; #Dropped = 0
Target Time = 95.5; Load Intensity = 800.0; #Success = 0; #Failed = 21; #Dropped = 1131
Target Time = 96.5; Load Intensity = 808.0; #Success = 0; #Failed = 15; #Dropped = 512
Target Time = 97.5; Load Intensity = 816.0; #Success = 0; #Failed = 0; #Dropped = 0
Target Time = 98.5; Load Intensity = 825.0; #Success = 0; #Failed = 15; #Dropped = 1129
Target Time = 99.5; Load Intensity = 833.0; #Success = 1; #Failed = 6; #Dropped = 577
Target Time = 100.5; Load Intensity = 841.0; #Success = 0; #Failed = 0; #Dropped = 0
Target Time = 101.5; Load Intensity = 850.0; #Success = 0; #Failed = 47; #Dropped = 1270
Target Time = 102.5; Load Intensity = 858.0; #Success = 2; #Failed = 0; #Dropped = 308
Target Time = 103.5; Load Intensity = 866.0; #Success = 0; #Failed = 0; #Dropped = 0
Target Time = 104.5; Load Intensity = 875.0; #Success = 1; #Failed = 0; #Dropped = 911
Target Time = 105.5; Load Intensity = 883.0; #Success = 0; #Failed = 4; #Dropped = 1235
Target Time = 106.5; Load Intensity = 891.0; #Success = 0; #Failed = 2; #Dropped = 619
Target Time = 107.5; Load Intensity = 900.0; #Success = 1; #Failed = 11; #Dropped = 668
Target Time = 108.5; Load Intensity = 908.0; #Success = 0; #Failed = 9; #Dropped = 632
Target Time = 109.5; Load Intensity = 916.0; #Success = 0; #Failed = 0; #Dropped = 0
Target Time = 110.5; Load Intensity = 925.0; #Success = 0; #Failed = 0; #Dropped = 0
Target Time = 111.5; Load Intensity = 933.0; #Success = 0; #Failed = 0; #Dropped = 0
Target Time = 112.5; Load Intensity = 941.0; #Success = 0; #Failed = 1; #Dropped = 2729
Target Time = 113.5; Load Intensity = 950.0; #Success = 1; #Failed = 4; #Dropped = 672
Target Time = 114.5; Load Intensity = 958.0; #Success = 0; #Failed = 5; #Dropped = 693
Target Time = 115.5; Load Intensity = 966.0; #Success = 5; #Failed = 7; #Dropped = 738
Target Time = 116.5; Load Intensity = 975.0; #Success = 2; #Failed = 11; #Dropped = 682
Target Time = 117.5; Load Intensity = 983.0; #Success = 1; #Failed = 9; #Dropped = 708
Target Time = 118.5; Load Intensity = 991.0; #Success = 3; #Failed = 5; #Dropped = 768
Target Time = 119.5; Load Intensity = 1000.0; #Success = 0; #Failed = 16; #Dropped = 763
Target Time = 120.5; Load Intensity = 0.0; #Success = 0; #Failed = 10; #Dropped = 722
Target Time = 121.5; Load Intensity = 0.0; #Success = 0; #Failed = 9; #Dropped = 775
Target Time = 122.5; Load Intensity = 0.0; #Success = 0; #Failed = 1; #Dropped = 746
Target Time = 123.5; Load Intensity = 0.0; #Success = 0; #Failed = 2; #Dropped = 774
Target Time = 124.5; Load Intensity = 0.0; #Success = 0; #Failed = 0; #Dropped = 0
Target Time = 125.5; Load Intensity = 0.0; #Success = 18; #Failed = 0; #Dropped = 1480
Target Time = 126.5; Load Intensity = 0.0; #Success = 12; #Failed = 0; #Dropped = 866
Target Time = 127.5; Load Intensity = 0.0; #Success = 11; #Failed = 0; #Dropped = 779
Target Time = 128.5; Load Intensity = 0.0; #Success = 8; #Failed = 0; #Dropped = 939
Target Time = 129.5; Load Intensity = 0.0; #Success = 15; #Failed = 0; #Dropped = 743
Target Time = 130.5; Load Intensity = 0.0; #Success = 1; #Failed = 0; #Dropped = 802
Target Time = 131.5; Load Intensity = 0.0; #Success = 3; #Failed = 0; #Dropped = 961
Target Time = 132.5; Load Intensity = 0.0; #Success = 3; #Failed = 0; #Dropped = 604
Target Time = 133.5; Load Intensity = 0.0; #Success = 1; #Failed = 0; #Dropped = 807
Target Time = 134.5; Load Intensity = 0.0; #Success = 3; #Failed = 2; #Dropped = 1088
Target Time = 135.5; Load Intensity = 0.0; #Success = 5; #Failed = 10; #Dropped = 918
Target Time = 136.5; Load Intensity = 0.0; #Success = 2; #Failed = 1; #Dropped = 727
Target Time = 137.5; Load Intensity = 0.0; #Success = 4; #Failed = 3; #Dropped = 1016
Target Time = 138.5; Load Intensity = 0.0; #Success = 5; #Failed = 0; #Dropped = 710
Target Time = 139.5; Load Intensity = 0.0; #Success = 7; #Failed = 0; #Dropped = 1141
Target Time = 140.5; Load Intensity = 0.0; #Success = 7; #Failed = 0; #Dropped = 913
Target Time = 141.5; Load Intensity = 0.0; #Success = 11; #Failed = 0; #Dropped = 766
Target Time = 142.5; Load Intensity = 0.0; #Success = 11; #Failed = 0; #Dropped = 1091
Target Time = 143.5; Load Intensity = 0.0; #Success = 6; #Failed = 0; #Dropped = 944
Target Time = 144.5; Load Intensity = 0.0; #Success = 2; #Failed = 0; #Dropped = 852
  └─ [nitro5:sd] end 03:17:13
Target Time = 145.5; Load Intensity = 0.0; #Success = 3; #Failed = 2; #Dropped = 1025
  └─ [nitro5:ram] end 03:17:13
  └─ [nitro5:nic] end 03:17:14
  └─ [nitro5:cpu] end 03:17:14
Target Time = 146.5; Load Intensity = 0.0; #Success = 4; #Failed = 2; #Dropped = 1002
Target Time = 147.5; Load Intensity = 0.0; #Success = 0; #Failed = 3; #Dropped = 893
Target Time = 148.5; Load Intensity = 0.0; #Success = 3; #Failed = 2; #Dropped = 989
Target Time = 149.5; Load Intensity = 0.0; #Success = 3; #Failed = 5; #Dropped = 1021
  └─ [leo:nic] end 03:17:18
Target Time = 150.5; Load Intensity = 0.0; #Success = 0; #Failed = 6; #Dropped = 61
Target Time = 151.5; Load Intensity = 0.0; #Success = 0; #Failed = 23; #Dropped = 0
Target Time = 152.5; Load Intensity = 0.0; #Success = 0; #Failed = 12; #Dropped = 0
Target Time = 153.5; Load Intensity = 0.0; #Success = 0; #Failed = 1; #Dropped = 0
Target Time = 154.5; Load Intensity = 0.0; #Success = 0; #Failed = 6; #Dropped = 0
Target Time = 155.5; Load Intensity = 0.0; #Success = 0; #Failed = 4; #Dropped = 0
Target Time = 156.5; Load Intensity = 0.0; #Success = 0; #Failed = 5; #Dropped = 0
Target Time = 157.5; Load Intensity = 0.0; #Success = 0; #Failed = 1; #Dropped = 0
Target Time = 158.5; Load Intensity = 0.0; #Success = 0; #Failed = 6; #Dropped = 0
  └─ [leo:cpu] end 03:17:28
  └─ [leo:sd] end 03:17:28
  └─ [leo:ram] end 03:17:28
  └─ [scorpius:cpu] end 03:17:31
Workload finished.
Log finished.
📄 LIMBO finalizado para scenario=medium
⏳ [03:17:31] Esperando que termine medición: fase3_carga_medium_iter9 (PID: 2172440)
  └─ [scorpius:nic] end 03:17:35
  └─ [aspire:nic] end 03:17:35
  └─ [scorpius:sd] end 03:17:35
  └─ [aspire:cpu] end 03:17:36
  └─ [aspire:ram] end 03:17:36
  └─ [aspire:sd] end 03:17:36
  └─ [scorpius:ram] end 03:17:36
=== Bloque 145s terminado - Fase: fase3_carga_medium_iter9 ===
[🧹] Limpiando CSVs internos de ecofloc en cada nodo (fase: fase3_carga_medium_iter9)...
  ✔ [nitro5:cpu] limpiado /home/luish/Documents/p3/ecofloc2/ecofloc/ecofloc-cpu/ECOFLOC_CPU_COMM_text.csv
  ✔ [nitro5:nic] limpiado /home/luish/Documents/p3/ecofloc2/ecofloc/ecofloc-nic/ECOFLOC_NIC_COMM_text.csv
  ✔ [nitro5:ram] limpiado /home/luish/Documents/p3/ecofloc2/ecofloc/ecofloc-ram/ECOFLOC_RAM_COMM_text.csv
  ✔ [nitro5:sd] limpiado /home/luish/Documents/p3/ecofloc2/ecofloc/ecofloc-sd/ECOFLOC_SD_COMM_text.csv
  ✔ [leo:cpu] limpiado /home/leo/ecofloc/ecofloc-cpu/ECOFLOC_CPU_COMM_text.csv
  ✔ [leo:nic] limpiado /home/leo/ecofloc/ecofloc-nic/ECOFLOC_NIC_COMM_text.csv
  ✔ [leo:ram] limpiado /home/leo/ecofloc/ecofloc-ram/ECOFLOC_RAM_COMM_text.csv
  ✔ [leo:sd] limpiado /home/leo/ecofloc/ecofloc-sd/ECOFLOC_SD_COMM_text.csv
  ✔ [aspire:cpu] limpiado /home/luish/Documents/p3/ecofloc2/ecofloc/ecofloc-cpu/ECOFLOC_CPU_COMM_text.csv
  ✔ [aspire:nic] limpiado /home/luish/Documents/p3/ecofloc2/ecofloc/ecofloc-nic/ECOFLOC_NIC_COMM_text.csv
  ✔ [aspire:ram] limpiado /home/luish/Documents/p3/ecofloc2/ecofloc/ecofloc-ram/ECOFLOC_RAM_COMM_text.csv
  ✔ [aspire:sd] limpiado /home/luish/Documents/p3/ecofloc2/ecofloc/ecofloc-sd/ECOFLOC_SD_COMM_text.csv
  ✔ [scorpius:cpu] limpiado /home/scorpius03/Documents/ecofloc/ecofloc-cpu/ECOFLOC_CPU_COMM_text.csv
  ✔ [scorpius:nic] limpiado /home/scorpius03/Documents/ecofloc/ecofloc-nic/ECOFLOC_NIC_COMM_text.csv
  ✔ [scorpius:ram] limpiado /home/scorpius03/Documents/ecofloc/ecofloc-ram/ECOFLOC_RAM_COMM_text.csv
  ✔ [scorpius:sd] limpiado /home/scorpius03/Documents/ecofloc/ecofloc-sd/ECOFLOC_SD_COMM_text.csv
========================================
🔋 MEASURE ENERGY FINALIZADO
   Fase: fase3_carga_medium_iter9
========================================
✔️ [03:17:41] Medición fase3_carga_medium_iter9 completada
[📦] Archivando resultados → ./historyexecutions/exp(03:17:46)_fase3_medium_iter9
[✔] Archivado: ./historyexecutions/exp(03:17:46)_fase3_medium_iter9
🧹 Limpiando TeaStore (iter 9)...
⏸ Esperando 15s para limpieza completa...
✅ Iteración 9 / 13 del escenario medium completada.

########################################################
🔄 ESCENARIO: medium | ITERACIÓN: 10 / 13
   Hora: 03:18:35
########################################################
========================================
🔋 FASE 1: Descarga de imágenes (medium, iter 10)
========================================
📋 Capturando PIDs (gepidstea.sh)...
📋 Capturando PIDs de contenedores (kpsnodos.sh)...
🔋 [03:19:02] Iniciando medición de energía: fase1_descarga_medium_iter10 (25s)
   PID de medición: 2513635
🚀 Desplegando TeaStore desde /home/luish/Documents/death/teastore/TeaStore/examples/kubernetes/teastore-energy-scheduler.yaml...
========================================
🔋 MEASURE ENERGY - Fase: fase1_descarga_medium_iter10
   Duración: 25s
   PID: 2513635
========================================
=== Medición bloque 25s - Fase: fase1_descarga_medium_iter10 ===
[⏱ 03:19:02] Iniciando ecofloc en nitro5 por 25s (fase: fase1_descarga_medium_iter10)
⏳ Esperando a que todos los pods de TeaStore estén Running y Ready...
  ├─ [nitro5:sd] start 03:19:02
  ├─ [nitro5:ram] start 03:19:03
  ├─ [nitro5:nic] start 03:19:03
[⏱ 03:19:04] Iniciando ecofloc en aspire por 25s (fase: fase1_descarga_medium_iter10)
  ├─ [nitro5:cpu] start 03:19:04
  ├─ [aspire:sd] start 03:19:04
  ├─ [aspire:ram] start 03:19:04
  ├─ [aspire:nic] start 03:19:04
[⏱ 03:19:04] Iniciando ecofloc en scorpius por 25s (fase: fase1_descarga_medium_iter10)
  ├─ [aspire:cpu] start 03:19:04
  ├─ [scorpius:sd] start 03:19:04
[⏱ 03:19:04] Iniciando ecofloc en leo por 25s (fase: fase1_descarga_medium_iter10)
  ├─ [scorpius:cpu] start 03:19:04
  ├─ [scorpius:nic] start 03:19:04
  ├─ [leo:sd] start 03:19:04
  ├─ [scorpius:ram] start 03:19:04
  ├─ [leo:ram] start 03:19:04
  ├─ [leo:nic] start 03:19:04
  ├─ [leo:cpu] start 03:19:04
✅ Pods listos.
⏳ [03:19:06] Esperando que termine medición: fase1_descarga_medium_iter10 (PID: 2513635)
  └─ [nitro5:sd] end 03:19:27
  └─ [nitro5:ram] end 03:19:28
  └─ [nitro5:nic] end 03:19:28
  └─ [nitro5:cpu] end 03:19:29
  └─ [aspire:sd] end 03:19:29
  └─ [leo:sd] end 03:19:30
  └─ [scorpius:sd] end 03:19:30
  └─ [aspire:cpu] end 03:19:30
  └─ [leo:cpu] end 03:19:30
  └─ [aspire:ram] end 03:19:30
  └─ [aspire:nic] end 03:19:30
  └─ [leo:ram] end 03:19:31
  └─ [leo:nic] end 03:19:31
  └─ [scorpius:nic] end 03:19:31
=== Bloque 25s terminado - Fase: fase1_descarga_medium_iter10 ===
[🧹] Limpiando CSVs internos de ecofloc en cada nodo (fase: fase1_descarga_medium_iter10)...
  ✔ [nitro5:cpu] limpiado /home/luish/Documents/p3/ecofloc2/ecofloc/ecofloc-cpu/ECOFLOC_CPU_COMM_text.csv
  ✔ [nitro5:nic] limpiado /home/luish/Documents/p3/ecofloc2/ecofloc/ecofloc-nic/ECOFLOC_NIC_COMM_text.csv
  ✔ [nitro5:ram] limpiado /home/luish/Documents/p3/ecofloc2/ecofloc/ecofloc-ram/ECOFLOC_RAM_COMM_text.csv
  ✔ [nitro5:sd] limpiado /home/luish/Documents/p3/ecofloc2/ecofloc/ecofloc-sd/ECOFLOC_SD_COMM_text.csv
  ✔ [leo:cpu] limpiado /home/leo/ecofloc/ecofloc-cpu/ECOFLOC_CPU_COMM_text.csv
  ✔ [leo:nic] limpiado /home/leo/ecofloc/ecofloc-nic/ECOFLOC_NIC_COMM_text.csv
  ✔ [leo:ram] limpiado /home/leo/ecofloc/ecofloc-ram/ECOFLOC_RAM_COMM_text.csv
  ✔ [leo:sd] limpiado /home/leo/ecofloc/ecofloc-sd/ECOFLOC_SD_COMM_text.csv
  ✔ [aspire:cpu] limpiado /home/luish/Documents/p3/ecofloc2/ecofloc/ecofloc-cpu/ECOFLOC_CPU_COMM_text.csv
  ✔ [aspire:nic] limpiado /home/luish/Documents/p3/ecofloc2/ecofloc/ecofloc-nic/ECOFLOC_NIC_COMM_text.csv
  ✔ [aspire:ram] limpiado /home/luish/Documents/p3/ecofloc2/ecofloc/ecofloc-ram/ECOFLOC_RAM_COMM_text.csv
  ✔ [aspire:sd] limpiado /home/luish/Documents/p3/ecofloc2/ecofloc/ecofloc-sd/ECOFLOC_SD_COMM_text.csv
  ✔ [scorpius:cpu] limpiado /home/scorpius03/Documents/ecofloc/ecofloc-cpu/ECOFLOC_CPU_COMM_text.csv
  ✔ [scorpius:nic] limpiado /home/scorpius03/Documents/ecofloc/ecofloc-nic/ECOFLOC_NIC_COMM_text.csv
  ✔ [scorpius:ram] limpiado /home/scorpius03/Documents/ecofloc/ecofloc-ram/ECOFLOC_RAM_COMM_text.csv
  ✔ [scorpius:sd] limpiado /home/scorpius03/Documents/ecofloc/ecofloc-sd/ECOFLOC_SD_COMM_text.csv
========================================
🔋 MEASURE ENERGY FINALIZADO
   Fase: fase1_descarga_medium_iter10
========================================
✔️ [03:19:37] Medición fase1_descarga_medium_iter10 completada
[📦] Archivando resultados → ./historyexecutions/exp(03:19:42)_fase1_medium_iter10
[✔] Archivado: ./historyexecutions/exp(03:19:42)_fase1_medium_iter10
========================================
🔋 FASE 2: Preparación de servicios (medium, iter 10)
========================================
📋 Capturando PIDs (gepidstea.sh)...
📋 Capturando PIDs de contenedores (kpsnodos.sh)...
🔋 [03:20:01] Iniciando medición de energía: fase2_preparacion_medium_iter10 (50s)
   PID de medición: 2579793
========================================
🔋 MEASURE ENERGY - Fase: fase2_preparacion_medium_iter10
   Duración: 50s
   PID: 2579793
========================================
=== Medición bloque 50s - Fase: fase2_preparacion_medium_iter10 ===
[⏱ 03:20:01] Iniciando ecofloc en nitro5 por 50s (fase: fase2_preparacion_medium_iter10)
⏳ Esperando 10s a que CoreDNS se estabilice...
  ├─ [nitro5:sd] start 03:20:02
  ├─ [nitro5:ram] start 03:20:02
  ├─ [nitro5:nic] start 03:20:02
[⏱ 03:20:03] Iniciando ecofloc en aspire por 50s (fase: fase2_preparacion_medium_iter10)
  ├─ [nitro5:cpu] start 03:20:03
  ├─ [aspire:sd] start 03:20:03
  ├─ [aspire:ram] start 03:20:03
  ├─ [aspire:nic] start 03:20:03
[⏱ 03:20:03] Iniciando ecofloc en scorpius por 50s (fase: fase2_preparacion_medium_iter10)
  ├─ [aspire:cpu] start 03:20:03
  ├─ [scorpius:sd] start 03:20:03
  ├─ [scorpius:ram] start 03:20:03
  ├─ [scorpius:nic] start 03:20:03
  ├─ [scorpius:cpu] start 03:20:03
[⏱ 03:20:03] Iniciando ecofloc en leo por 50s (fase: fase2_preparacion_medium_iter10)
  ├─ [leo:ram] start 03:20:03
  ├─ [leo:sd] start 03:20:03
  ├─ [leo:nic] start 03:20:03
  ├─ [leo:cpu] start 03:20:03
➡️ Pod WebUI: teastore-webui-ff7768544-bkfhm
➡️ Está en el nodo: leo02
🌐 IP del nodo WebUI: 192.168.18.36
⏳ Verificando estado del TeaStore en http://192.168.18.36:30080/tools.descartes.teastore.webui/status ...
   ➤ Estado actual: 5 / 5 servicios OK
✔ TODOS los servicios del TeaStore están OK. Continuando...
⏳ [03:20:17] Esperando que termine medición: fase2_preparacion_medium_iter10 (PID: 2579793)
  └─ [nitro5:sd] end 03:20:52
  └─ [nitro5:ram] end 03:20:52
  └─ [nitro5:nic] end 03:20:52
  └─ [nitro5:cpu] end 03:20:53
  └─ [scorpius:cpu] end 03:20:54
  └─ [scorpius:sd] end 03:20:54
  └─ [aspire:cpu] end 03:20:54
  └─ [aspire:sd] end 03:20:54
  └─ [leo:cpu] end 03:20:55
  └─ [aspire:nic] end 03:20:55
  └─ [scorpius:ram] end 03:20:56
  └─ [scorpius:nic] end 03:20:56
  └─ [leo:sd] end 03:20:56
  └─ [aspire:ram] end 03:20:56
  └─ [leo:ram] end 03:20:56
  └─ [leo:nic] end 03:20:56
=== Bloque 50s terminado - Fase: fase2_preparacion_medium_iter10 ===
[🧹] Limpiando CSVs internos de ecofloc en cada nodo (fase: fase2_preparacion_medium_iter10)...
  ✔ [nitro5:cpu] limpiado /home/luish/Documents/p3/ecofloc2/ecofloc/ecofloc-cpu/ECOFLOC_CPU_COMM_text.csv
  ✔ [nitro5:nic] limpiado /home/luish/Documents/p3/ecofloc2/ecofloc/ecofloc-nic/ECOFLOC_NIC_COMM_text.csv
  ✔ [nitro5:ram] limpiado /home/luish/Documents/p3/ecofloc2/ecofloc/ecofloc-ram/ECOFLOC_RAM_COMM_text.csv
  ✔ [nitro5:sd] limpiado /home/luish/Documents/p3/ecofloc2/ecofloc/ecofloc-sd/ECOFLOC_SD_COMM_text.csv
  ✔ [leo:cpu] limpiado /home/leo/ecofloc/ecofloc-cpu/ECOFLOC_CPU_COMM_text.csv
  ✔ [leo:nic] limpiado /home/leo/ecofloc/ecofloc-nic/ECOFLOC_NIC_COMM_text.csv
  ✔ [leo:ram] limpiado /home/leo/ecofloc/ecofloc-ram/ECOFLOC_RAM_COMM_text.csv
  ✔ [leo:sd] limpiado /home/leo/ecofloc/ecofloc-sd/ECOFLOC_SD_COMM_text.csv
  ✔ [aspire:cpu] limpiado /home/luish/Documents/p3/ecofloc2/ecofloc/ecofloc-cpu/ECOFLOC_CPU_COMM_text.csv
  ✔ [aspire:nic] limpiado /home/luish/Documents/p3/ecofloc2/ecofloc/ecofloc-nic/ECOFLOC_NIC_COMM_text.csv
  ✔ [aspire:ram] limpiado /home/luish/Documents/p3/ecofloc2/ecofloc/ecofloc-ram/ECOFLOC_RAM_COMM_text.csv
  ✔ [aspire:sd] limpiado /home/luish/Documents/p3/ecofloc2/ecofloc/ecofloc-sd/ECOFLOC_SD_COMM_text.csv
  ✔ [scorpius:cpu] limpiado /home/scorpius03/Documents/ecofloc/ecofloc-cpu/ECOFLOC_CPU_COMM_text.csv
  ✔ [scorpius:nic] limpiado /home/scorpius03/Documents/ecofloc/ecofloc-nic/ECOFLOC_NIC_COMM_text.csv
  ✔ [scorpius:ram] limpiado /home/scorpius03/Documents/ecofloc/ecofloc-ram/ECOFLOC_RAM_COMM_text.csv
  ✔ [scorpius:sd] limpiado /home/scorpius03/Documents/ecofloc/ecofloc-sd/ECOFLOC_SD_COMM_text.csv
========================================
🔋 MEASURE ENERGY FINALIZADO
   Fase: fase2_preparacion_medium_iter10
========================================
✔️ [03:21:00] Medición fase2_preparacion_medium_iter10 completada
[📦] Archivando resultados → ./historyexecutions/exp(03:21:05)_fase2_medium_iter10
[✔] Archivado: ./historyexecutions/exp(03:21:05)_fase2_medium_iter10
========================================
🔋 FASE 3: Ejecución de carga (medium, iter 10)
========================================
📋 Capturando PIDs (gepidstea.sh)...
📋 Capturando PIDs de contenedores (kpsnodos.sh)...
🔋 [03:21:22] Iniciando medición de energía: fase3_carga_medium_iter10 (145s)
   PID de medición: 2714830
=== Escenario medium (iter 10) ===
========================================
🔋 MEASURE ENERGY - Fase: fase3_carga_medium_iter10
   Duración: 145s
   PID: 2714830
========================================
=== Medición bloque 145s - Fase: fase3_carga_medium_iter10 ===
🚀 Iniciando LIMBO con profile=/home/luish/Documents/death/teastore/TeaStore/examples/httploadgenerator/increasingMedIntensity.csv y script=/home/luish/Documents/death/teastore/TeaStore/examples/httploadgenerator/teastore_buy.lua
[⏱ 03:21:22] Iniciando ecofloc en nitro5 por 145s (fase: fase3_carga_medium_iter10)
Feb 26, 2026 3:21:22 AM tools.descartes.dlim.httploadgenerator.runner.Director executeDirector
WARNING: No power measurements
Feb 26, 2026 3:21:22 AM tools.descartes.dlim.httploadgenerator.runner.Director executeDirector
INFO: Load Generator Thread Count set to 64
Feb 26, 2026 3:21:22 AM tools.descartes.dlim.httploadgenerator.runner.Director executeDirector
INFO: URL connection timout set to 30000 ms
Feb 26, 2026 3:21:22 AM tools.descartes.dlim.httploadgenerator.runner.Director executeDirector
INFO: Using Lua Script: /home/luish/Documents/death/teastore/TeaStore/examples/httploadgenerator/teastore_buy.lua
Feb 26, 2026 3:21:22 AM tools.descartes.dlim.httploadgenerator.runner.Director process
INFO: Read 120 Arrival Rate Tuples
Load Generator sent: ok
Feb 26, 2026 3:21:22 AM tools.descartes.dlim.httploadgenerator.runner.Director process
INFO: Arrival Rates sent to Load Generator(s).
Load Generator sent: ok
Feb 26, 2026 3:21:22 AM tools.descartes.dlim.httploadgenerator.runner.Director process
INFO: Thread Count sent to Load Generator(s): 64
Load Generator sent: ok
Feb 26, 2026 3:21:22 AM tools.descartes.dlim.httploadgenerator.runner.Director process
INFO: URL connection timeout sent to Load Generator(s): 30000
Load Generator sent: ok
Feb 26, 2026 3:21:22 AM tools.descartes.dlim.httploadgenerator.runner.Director process
INFO: Contents of script sent to Load Generator: /home/luish/Documents/death/teastore/TeaStore/examples/httploadgenerator/teastore_buy.lua
Feb 26, 2026 3:21:22 AM tools.descartes.dlim.httploadgenerator.runner.Director process
INFO: Starting Load Generation
Beginning Run @1772094082915(26.02.2026;03:21:22915)
  ├─ [nitro5:sd] start 03:21:23
  ├─ [nitro5:ram] start 03:21:23
Target Time = 0.5; Load Intensity = 8.0; #Success = 0; #Failed = 0; #Dropped = 0
  ├─ [nitro5:nic] start 03:21:23
[⏱ 03:21:24] Iniciando ecofloc en aspire por 145s (fase: fase3_carga_medium_iter10)
  ├─ [nitro5:cpu] start 03:21:24
  ├─ [aspire:sd] start 03:21:24
[⏱ 03:21:24] Iniciando ecofloc en scorpius por 145s (fase: fase3_carga_medium_iter10)
  ├─ [aspire:nic] start 03:21:24
  ├─ [aspire:cpu] start 03:21:24
  ├─ [aspire:ram] start 03:21:24
  ├─ [scorpius:ram] start 03:21:24
  ├─ [scorpius:sd] start 03:21:24
[⏱ 03:21:24] Iniciando ecofloc en leo por 145s (fase: fase3_carga_medium_iter10)
  ├─ [scorpius:cpu] start 03:21:24
  ├─ [scorpius:nic] start 03:21:24
  ├─ [leo:sd] start 03:21:24
  ├─ [leo:nic] start 03:21:24
  ├─ [leo:ram] start 03:21:24
  ├─ [leo:cpu] start 03:21:24
Target Time = 1.5; Load Intensity = 16.0; #Success = 1; #Failed = 0; #Dropped = 0
Target Time = 2.5; Load Intensity = 25.0; #Success = 2; #Failed = 0; #Dropped = 0
Target Time = 3.5; Load Intensity = 33.0; #Success = 16; #Failed = 0; #Dropped = 0
Target Time = 4.5; Load Intensity = 41.0; #Success = 0; #Failed = 0; #Dropped = 0
Target Time = 5.5; Load Intensity = 50.0; #Success = 1; #Failed = 0; #Dropped = 0
Target Time = 6.5; Load Intensity = 58.0; #Success = 0; #Failed = 0; #Dropped = 0
Target Time = 7.5; Load Intensity = 66.0; #Success = 2; #Failed = 0; #Dropped = 0
Target Time = 8.5; Load Intensity = 75.0; #Success = 8; #Failed = 0; #Dropped = 0
Target Time = 9.5; Load Intensity = 83.0; #Success = 8; #Failed = 6; #Dropped = 0
Target Time = 10.5; Load Intensity = 91.0; #Success = 10; #Failed = 0; #Dropped = 0
Target Time = 11.5; Load Intensity = 100.0; #Success = 9; #Failed = 0; #Dropped = 0
Target Time = 12.5; Load Intensity = 108.0; #Success = 7; #Failed = 0; #Dropped = 0
Target Time = 13.5; Load Intensity = 116.0; #Success = 8; #Failed = 0; #Dropped = 0
Target Time = 14.5; Load Intensity = 125.0; #Success = 7; #Failed = 0; #Dropped = 0
Target Time = 15.5; Load Intensity = 133.0; #Success = 11; #Failed = 0; #Dropped = 0
Target Time = 16.5; Load Intensity = 141.0; #Success = 11; #Failed = 0; #Dropped = 0
Target Time = 17.5; Load Intensity = 150.0; #Success = 18; #Failed = 0; #Dropped = 0
Target Time = 18.5; Load Intensity = 158.0; #Success = 7; #Failed = 0; #Dropped = 0
Target Time = 19.5; Load Intensity = 166.0; #Success = 11; #Failed = 3; #Dropped = 0
Target Time = 20.5; Load Intensity = 175.0; #Success = 5; #Failed = 0; #Dropped = 0
Target Time = 21.5; Load Intensity = 183.0; #Success = 4; #Failed = 0; #Dropped = 0
Target Time = 22.5; Load Intensity = 191.0; #Success = 4; #Failed = 0; #Dropped = 0
Target Time = 23.5; Load Intensity = 200.0; #Success = 15; #Failed = 0; #Dropped = 0
Target Time = 24.5; Load Intensity = 208.0; #Success = 1; #Failed = 0; #Dropped = 0
Target Time = 25.5; Load Intensity = 216.0; #Success = 3; #Failed = 0; #Dropped = 0
Target Time = 26.5; Load Intensity = 225.0; #Success = 4; #Failed = 0; #Dropped = 0
Target Time = 27.5; Load Intensity = 233.0; #Success = 3; #Failed = 0; #Dropped = 0
Target Time = 28.5; Load Intensity = 241.0; #Success = 1; #Failed = 0; #Dropped = 0
Target Time = 29.5; Load Intensity = 250.0; #Success = 2; #Failed = 0; #Dropped = 0
Target Time = 30.5; Load Intensity = 258.0; #Success = 2; #Failed = 0; #Dropped = 0
Target Time = 31.5; Load Intensity = 266.0; #Success = 2; #Failed = 0; #Dropped = 0
Target Time = 32.5; Load Intensity = 275.0; #Success = 2; #Failed = 3; #Dropped = 0
Target Time = 33.5; Load Intensity = 283.0; #Success = 2; #Failed = 1; #Dropped = 0
Target Time = 34.5; Load Intensity = 291.0; #Success = 1; #Failed = 5; #Dropped = 0
Target Time = 35.5; Load Intensity = 300.0; #Success = 1; #Failed = 2; #Dropped = 0
Target Time = 36.5; Load Intensity = 308.0; #Success = 1; #Failed = 1; #Dropped = 0
Target Time = 37.5; Load Intensity = 316.0; #Success = 0; #Failed = 1; #Dropped = 0
Target Time = 38.5; Load Intensity = 325.0; #Success = 1; #Failed = 0; #Dropped = 39
Target Time = 39.5; Load Intensity = 333.0; #Success = 0; #Failed = 0; #Dropped = 0
Target Time = 40.5; Load Intensity = 341.0; #Success = 0; #Failed = 0; #Dropped = 0
Target Time = 41.5; Load Intensity = 350.0; #Success = 0; #Failed = 0; #Dropped = 0
Target Time = 42.5; Load Intensity = 358.0; #Success = 0; #Failed = 1; #Dropped = 438
Target Time = 43.5; Load Intensity = 366.0; #Success = 0; #Failed = 1; #Dropped = 96
Target Time = 44.5; Load Intensity = 375.0; #Success = 0; #Failed = 1; #Dropped = 42
Target Time = 45.5; Load Intensity = 383.0; #Success = 0; #Failed = 6; #Dropped = 185
Target Time = 46.5; Load Intensity = 391.0; #Success = 2; #Failed = 4; #Dropped = 117
Target Time = 47.5; Load Intensity = 400.0; #Success = 5; #Failed = 0; #Dropped = 206
Target Time = 48.5; Load Intensity = 408.0; #Success = 3; #Failed = 0; #Dropped = 138
Target Time = 49.5; Load Intensity = 416.0; #Success = 3; #Failed = 2; #Dropped = 161
Target Time = 50.5; Load Intensity = 425.0; #Success = 2; #Failed = 0; #Dropped = 136
Target Time = 51.5; Load Intensity = 433.0; #Success = 1; #Failed = 0; #Dropped = 160
Target Time = 52.5; Load Intensity = 441.0; #Success = 2; #Failed = 0; #Dropped = 183
Target Time = 53.5; Load Intensity = 450.0; #Success = 6; #Failed = 0; #Dropped = 273
Target Time = 54.5; Load Intensity = 458.0; #Success = 1; #Failed = 1; #Dropped = 132
Target Time = 55.5; Load Intensity = 466.0; #Success = 2; #Failed = 0; #Dropped = 221
Target Time = 56.5; Load Intensity = 475.0; #Success = 2; #Failed = 3; #Dropped = 168
Target Time = 57.5; Load Intensity = 483.0; #Success = 3; #Failed = 0; #Dropped = 329
Target Time = 58.5; Load Intensity = 491.0; #Success = 0; #Failed = 3; #Dropped = 155
Target Time = 59.5; Load Intensity = 500.0; #Success = 0; #Failed = 0; #Dropped = 0
Target Time = 60.5; Load Intensity = 508.0; #Success = 2; #Failed = 1; #Dropped = 576
Target Time = 61.5; Load Intensity = 516.0; #Success = 1; #Failed = 0; #Dropped = 190
Target Time = 62.5; Load Intensity = 525.0; #Success = 2; #Failed = 4; #Dropped = 405
Target Time = 63.5; Load Intensity = 533.0; #Success = 1; #Failed = 5; #Dropped = 234
Target Time = 64.5; Load Intensity = 541.0; #Success = 2; #Failed = 2; #Dropped = 300
Target Time = 65.5; Load Intensity = 550.0; #Success = 0; #Failed = 2; #Dropped = 286
Target Time = 66.5; Load Intensity = 558.0; #Success = 0; #Failed = 5; #Dropped = 277
Target Time = 67.5; Load Intensity = 566.0; #Success = 1; #Failed = 3; #Dropped = 342
Target Time = 68.5; Load Intensity = 575.0; #Success = 1; #Failed = 2; #Dropped = 178
Target Time = 69.5; Load Intensity = 583.0; #Success = 0; #Failed = 4; #Dropped = 258
Target Time = 70.5; Load Intensity = 591.0; #Success = 0; #Failed = 4; #Dropped = 564
Target Time = 71.5; Load Intensity = 600.0; #Success = 0; #Failed = 0; #Dropped = 0
Target Time = 72.5; Load Intensity = 608.0; #Success = 0; #Failed = 0; #Dropped = 0
Target Time = 73.5; Load Intensity = 616.0; #Success = 1; #Failed = 0; #Dropped = 1012
Target Time = 74.5; Load Intensity = 625.0; #Success = 1; #Failed = 1; #Dropped = 178
Target Time = 75.5; Load Intensity = 633.0; #Success = 3; #Failed = 2; #Dropped = 627
Target Time = 76.5; Load Intensity = 641.0; #Success = 3; #Failed = 0; #Dropped = 25
Target Time = 77.5; Load Intensity = 650.0; #Success = 2; #Failed = 9; #Dropped = 728
Target Time = 78.5; Load Intensity = 658.0; #Success = 0; #Failed = 3; #Dropped = 272
Target Time = 79.5; Load Intensity = 666.0; #Success = 0; #Failed = 5; #Dropped = 595
Target Time = 80.5; Load Intensity = 675.0; #Success = 0; #Failed = 2; #Dropped = 389
Target Time = 81.5; Load Intensity = 683.0; #Success = 0; #Failed = 6; #Dropped = 381
Target Time = 82.5; Load Intensity = 691.0; #Success = 0; #Failed = 2; #Dropped = 292
Target Time = 83.5; Load Intensity = 700.0; #Success = 1; #Failed = 11; #Dropped = 615
Target Time = 84.5; Load Intensity = 708.0; #Success = 0; #Failed = 0; #Dropped = 0
Target Time = 85.5; Load Intensity = 716.0; #Success = 0; #Failed = 4; #Dropped = 911
Target Time = 86.5; Load Intensity = 725.0; #Success = 2; #Failed = 3; #Dropped = 497
Target Time = 87.5; Load Intensity = 733.0; #Success = 0; #Failed = 1; #Dropped = 233
Target Time = 88.5; Load Intensity = 741.0; #Success = 1; #Failed = 0; #Dropped = 547
Target Time = 89.5; Load Intensity = 750.0; #Success = 0; #Failed = 12; #Dropped = 612
Target Time = 90.5; Load Intensity = 758.0; #Success = 0; #Failed = 1; #Dropped = 72
Target Time = 91.5; Load Intensity = 766.0; #Success = 0; #Failed = 1; #Dropped = 539
Target Time = 92.5; Load Intensity = 775.0; #Success = 0; #Failed = 0; #Dropped = 0
Target Time = 93.5; Load Intensity = 783.0; #Success = 0; #Failed = 0; #Dropped = 0
Target Time = 94.5; Load Intensity = 791.0; #Success = 0; #Failed = 0; #Dropped = 0
Target Time = 95.5; Load Intensity = 800.0; #Success = 1; #Failed = 0; #Dropped = 2477
Target Time = 96.5; Load Intensity = 808.0; #Success = 2; #Failed = 0; #Dropped = 771
Target Time = 97.5; Load Intensity = 816.0; #Success = 0; #Failed = 0; #Dropped = 0
Target Time = 98.5; Load Intensity = 825.0; #Success = 1; #Failed = 0; #Dropped = 596
Target Time = 99.5; Load Intensity = 833.0; #Success = 0; #Failed = 0; #Dropped = 0
Target Time = 100.5; Load Intensity = 841.0; #Success = 3; #Failed = 0; #Dropped = 1641
Target Time = 101.5; Load Intensity = 850.0; #Success = 0; #Failed = 1; #Dropped = 171
Target Time = 102.5; Load Intensity = 858.0; #Success = 0; #Failed = 0; #Dropped = 0
Target Time = 103.5; Load Intensity = 866.0; #Success = 0; #Failed = 3; #Dropped = 1625
Target Time = 104.5; Load Intensity = 875.0; #Success = 1; #Failed = 0; #Dropped = 168
Target Time = 105.5; Load Intensity = 883.0; #Success = 0; #Failed = 1; #Dropped = 1122
Target Time = 106.5; Load Intensity = 891.0; #Success = 0; #Failed = 2; #Dropped = 350
Target Time = 107.5; Load Intensity = 900.0; #Success = 2; #Failed = 1; #Dropped = 888
Target Time = 108.5; Load Intensity = 908.0; #Success = 1; #Failed = 0; #Dropped = 433
Target Time = 109.5; Load Intensity = 916.0; #Success = 2; #Failed = 19; #Dropped = 846
Target Time = 110.5; Load Intensity = 925.0; #Success = 1; #Failed = 4; #Dropped = 645
Target Time = 111.5; Load Intensity = 933.0; #Success = 1; #Failed = 0; #Dropped = 459
Target Time = 112.5; Load Intensity = 941.0; #Success = 0; #Failed = 0; #Dropped = 0
Target Time = 113.5; Load Intensity = 950.0; #Success = 8; #Failed = 2; #Dropped = 1711
Target Time = 114.5; Load Intensity = 958.0; #Success = 0; #Failed = 2; #Dropped = 432
Target Time = 115.5; Load Intensity = 966.0; #Success = 3; #Failed = 0; #Dropped = 926
Target Time = 116.5; Load Intensity = 975.0; #Success = 2; #Failed = 0; #Dropped = 359
Target Time = 117.5; Load Intensity = 983.0; #Success = 1; #Failed = 0; #Dropped = 702
Target Time = 118.5; Load Intensity = 991.0; #Success = 1; #Failed = 2; #Dropped = 1085
Target Time = 119.5; Load Intensity = 1000.0; #Success = 4; #Failed = 3; #Dropped = 829
Target Time = 120.5; Load Intensity = 0.0; #Success = 0; #Failed = 0; #Dropped = 0
Target Time = 121.5; Load Intensity = 0.0; #Success = 0; #Failed = 0; #Dropped = 0
Target Time = 122.5; Load Intensity = 0.0; #Success = 0; #Failed = 0; #Dropped = 0
Target Time = 123.5; Load Intensity = 0.0; #Success = 0; #Failed = 2; #Dropped = 2629
Target Time = 124.5; Load Intensity = 0.0; #Success = 0; #Failed = 6; #Dropped = 874
Target Time = 125.5; Load Intensity = 0.0; #Success = 0; #Failed = 9; #Dropped = 1147
Target Time = 126.5; Load Intensity = 0.0; #Success = 0; #Failed = 8; #Dropped = 798
Target Time = 127.5; Load Intensity = 0.0; #Success = 1; #Failed = 7; #Dropped = 670
Target Time = 128.5; Load Intensity = 0.0; #Success = 0; #Failed = 7; #Dropped = 966
Target Time = 129.5; Load Intensity = 0.0; #Success = 0; #Failed = 4; #Dropped = 889
Target Time = 130.5; Load Intensity = 0.0; #Success = 0; #Failed = 3; #Dropped = 771
Target Time = 131.5; Load Intensity = 0.0; #Success = 0; #Failed = 3; #Dropped = 874
Target Time = 132.5; Load Intensity = 0.0; #Success = 0; #Failed = 3; #Dropped = 855
Target Time = 133.5; Load Intensity = 0.0; #Success = 0; #Failed = 1; #Dropped = 323
Target Time = 134.5; Load Intensity = 0.0; #Success = 0; #Failed = 0; #Dropped = 0
Target Time = 135.5; Load Intensity = 0.0; #Success = 0; #Failed = 0; #Dropped = 0
Target Time = 136.5; Load Intensity = 0.0; #Success = 0; #Failed = 0; #Dropped = 0
Target Time = 137.5; Load Intensity = 0.0; #Success = 2; #Failed = 0; #Dropped = 3949
Target Time = 138.5; Load Intensity = 0.0; #Success = 0; #Failed = 0; #Dropped = 0
Target Time = 139.5; Load Intensity = 0.0; #Success = 1; #Failed = 5; #Dropped = 1947
Target Time = 140.5; Load Intensity = 0.0; #Success = 2; #Failed = 3; #Dropped = 856
Target Time = 141.5; Load Intensity = 0.0; #Success = 0; #Failed = 0; #Dropped = 0
Target Time = 142.5; Load Intensity = 0.0; #Success = 0; #Failed = 0; #Dropped = 0
Target Time = 143.5; Load Intensity = 0.0; #Success = 2; #Failed = 1; #Dropped = 2896
Target Time = 144.5; Load Intensity = 0.0; #Success = 1; #Failed = 0; #Dropped = 297
  └─ [nitro5:sd] end 03:23:48
Target Time = 145.5; Load Intensity = 0.0; #Success = 0; #Failed = 9; #Dropped = 1608
  └─ [nitro5:ram] end 03:23:48
  └─ [nitro5:nic] end 03:23:48
  └─ [nitro5:cpu] end 03:23:49
Target Time = 146.5; Load Intensity = 0.0; #Success = 0; #Failed = 20; #Dropped = 973
Target Time = 147.5; Load Intensity = 0.0; #Success = 0; #Failed = 7; #Dropped = 918
Target Time = 148.5; Load Intensity = 0.0; #Success = 0; #Failed = 0; #Dropped = 0
Target Time = 149.5; Load Intensity = 0.0; #Success = 2; #Failed = 0; #Dropped = 1889
Target Time = 150.5; Load Intensity = 0.0; #Success = 0; #Failed = 0; #Dropped = 0
Target Time = 151.5; Load Intensity = 0.0; #Success = 0; #Failed = 0; #Dropped = 0
Target Time = 152.5; Load Intensity = 0.0; #Success = 0; #Failed = 3; #Dropped = 148
Target Time = 153.5; Load Intensity = 0.0; #Success = 1; #Failed = 2; #Dropped = 0
Target Time = 154.5; Load Intensity = 0.0; #Success = 2; #Failed = 8; #Dropped = 0
Target Time = 155.5; Load Intensity = 0.0; #Success = 2; #Failed = 18; #Dropped = 0
Target Time = 156.5; Load Intensity = 0.0; #Success = 2; #Failed = 6; #Dropped = 0
Target Time = 157.5; Load Intensity = 0.0; #Success = 0; #Failed = 4; #Dropped = 0
Target Time = 158.5; Load Intensity = 0.0; #Success = 0; #Failed = 0; #Dropped = 0
Target Time = 159.5; Load Intensity = 0.0; #Success = 0; #Failed = 0; #Dropped = 0
Target Time = 160.5; Load Intensity = 0.0; #Success = 0; #Failed = 3; #Dropped = 0
Target Time = 161.5; Load Intensity = 0.0; #Success = 0; #Failed = 3; #Dropped = 0
Target Time = 162.5; Load Intensity = 0.0; #Success = 0; #Failed = 1; #Dropped = 0
Target Time = 163.5; Load Intensity = 0.0; #Success = 1; #Failed = 0; #Dropped = 0
Target Time = 164.5; Load Intensity = 0.0; #Success = 0; #Failed = 0; #Dropped = 0
Target Time = 165.5; Load Intensity = 0.0; #Success = 0; #Failed = 0; #Dropped = 0
  └─ [leo:cpu] end 03:24:08
  └─ [aspire:nic] end 03:24:08
  └─ [leo:ram] end 03:24:09
  └─ [scorpius:cpu] end 03:24:09
Target Time = 166.5; Load Intensity = 0.0; #Success = 0; #Failed = 0; #Dropped = 0
  └─ [leo:nic] end 03:24:10
Target Time = 167.5; Load Intensity = 0.0; #Success = 0; #Failed = 0; #Dropped = 0
  └─ [scorpius:nic] end 03:24:10
  └─ [scorpius:sd] end 03:24:10
  └─ [leo:sd] end 03:24:11
Target Time = 168.5; Load Intensity = 0.0; #Success = 0; #Failed = 0; #Dropped = 0
Target Time = 169.5; Load Intensity = 0.0; #Success = 1; #Failed = 0; #Dropped = 0
Target Time = 170.5; Load Intensity = 0.0; #Success = 0; #Failed = 0; #Dropped = 0
Target Time = 171.5; Load Intensity = 0.0; #Success = 0; #Failed = 0; #Dropped = 0
  └─ [scorpius:ram] end 03:24:15
Target Time = 172.5; Load Intensity = 0.0; #Success = 0; #Failed = 0; #Dropped = 0
Target Time = 173.5; Load Intensity = 0.0; #Success = 0; #Failed = 0; #Dropped = 0
  └─ [aspire:cpu] end 03:24:17
Target Time = 174.5; Load Intensity = 0.0; #Success = 0; #Failed = 0; #Dropped = 0
Target Time = 175.5; Load Intensity = 0.0; #Success = 1; #Failed = 0; #Dropped = 0
  └─ [aspire:ram] end 03:24:18
  └─ [aspire:sd] end 03:24:19
=== Bloque 145s terminado - Fase: fase3_carga_medium_iter10 ===
[🧹] Limpiando CSVs internos de ecofloc en cada nodo (fase: fase3_carga_medium_iter10)...
  ✔ [nitro5:cpu] limpiado /home/luish/Documents/p3/ecofloc2/ecofloc/ecofloc-cpu/ECOFLOC_CPU_COMM_text.csv
  ✔ [nitro5:nic] limpiado /home/luish/Documents/p3/ecofloc2/ecofloc/ecofloc-nic/ECOFLOC_NIC_COMM_text.csv
  ✔ [nitro5:ram] limpiado /home/luish/Documents/p3/ecofloc2/ecofloc/ecofloc-ram/ECOFLOC_RAM_COMM_text.csv
  ✔ [nitro5:sd] limpiado /home/luish/Documents/p3/ecofloc2/ecofloc/ecofloc-sd/ECOFLOC_SD_COMM_text.csv
Target Time = 176.5; Load Intensity = 0.0; #Success = 4; #Failed = 0; #Dropped = 0
Target Time = 177.5; Load Intensity = 0.0; #Success = 1; #Failed = 0; #Dropped = 0
Target Time = 178.5; Load Intensity = 0.0; #Success = 0; #Failed = 0; #Dropped = 0
Target Time = 179.5; Load Intensity = 0.0; #Success = 1; #Failed = 0; #Dropped = 0
  ✔ [leo:cpu] limpiado /home/leo/ecofloc/ecofloc-cpu/ECOFLOC_CPU_COMM_text.csv
  ✔ [leo:nic] limpiado /home/leo/ecofloc/ecofloc-nic/ECOFLOC_NIC_COMM_text.csv
  ✔ [leo:ram] limpiado /home/leo/ecofloc/ecofloc-ram/ECOFLOC_RAM_COMM_text.csv
  ✔ [leo:sd] limpiado /home/leo/ecofloc/ecofloc-sd/ECOFLOC_SD_COMM_text.csv
  ✔ [aspire:cpu] limpiado /home/luish/Documents/p3/ecofloc2/ecofloc/ecofloc-cpu/ECOFLOC_CPU_COMM_text.csv
  ✔ [aspire:nic] limpiado /home/luish/Documents/p3/ecofloc2/ecofloc/ecofloc-nic/ECOFLOC_NIC_COMM_text.csv
  ✔ [aspire:ram] limpiado /home/luish/Documents/p3/ecofloc2/ecofloc/ecofloc-ram/ECOFLOC_RAM_COMM_text.csv
  ✔ [aspire:sd] limpiado /home/luish/Documents/p3/ecofloc2/ecofloc/ecofloc-sd/ECOFLOC_SD_COMM_text.csv
  ✔ [scorpius:cpu] limpiado /home/scorpius03/Documents/ecofloc/ecofloc-cpu/ECOFLOC_CPU_COMM_text.csv
  ✔ [scorpius:nic] limpiado /home/scorpius03/Documents/ecofloc/ecofloc-nic/ECOFLOC_NIC_COMM_text.csv
  ✔ [scorpius:ram] limpiado /home/scorpius03/Documents/ecofloc/ecofloc-ram/ECOFLOC_RAM_COMM_text.csv
  ✔ [scorpius:sd] limpiado /home/scorpius03/Documents/ecofloc/ecofloc-sd/ECOFLOC_SD_COMM_text.csv
========================================
🔋 MEASURE ENERGY FINALIZADO
   Fase: fase3_carga_medium_iter10
========================================
Workload finished.
Log finished.
📄 LIMBO finalizado para scenario=medium
⏳ [03:24:27] Esperando que termine medición: fase3_carga_medium_iter10 (PID: 2714830)
✔️ [03:24:27] Medición fase3_carga_medium_iter10 completada
[📦] Archivando resultados → ./historyexecutions/exp(03:24:32)_fase3_medium_iter10
[✔] Archivado: ./historyexecutions/exp(03:24:32)_fase3_medium_iter10
🧹 Limpiando TeaStore (iter 10)...
⏸ Esperando 15s para limpieza completa...
✅ Iteración 10 / 13 del escenario medium completada.

########################################################
🔄 ESCENARIO: medium | ITERACIÓN: 11 / 13
   Hora: 03:25:22
########################################################
========================================
🔋 FASE 1: Descarga de imágenes (medium, iter 11)
========================================
📋 Capturando PIDs (gepidstea.sh)...
📋 Capturando PIDs de contenedores (kpsnodos.sh)...
🔋 [03:25:40] Iniciando medición de energía: fase1_descarga_medium_iter11 (25s)
   PID de medición: 3032615
🚀 Desplegando TeaStore desde /home/luish/Documents/death/teastore/TeaStore/examples/kubernetes/teastore-energy-scheduler.yaml...
========================================
🔋 MEASURE ENERGY - Fase: fase1_descarga_medium_iter11
   Duración: 25s
   PID: 3032615
========================================
=== Medición bloque 25s - Fase: fase1_descarga_medium_iter11 ===
[⏱ 03:25:40] Iniciando ecofloc en nitro5 por 25s (fase: fase1_descarga_medium_iter11)
⏳ Esperando a que todos los pods de TeaStore estén Running y Ready...
  ├─ [nitro5:sd] start 03:25:40
  ├─ [nitro5:ram] start 03:25:41
  ├─ [nitro5:nic] start 03:25:41
[⏱ 03:25:42] Iniciando ecofloc en aspire por 25s (fase: fase1_descarga_medium_iter11)
  ├─ [nitro5:cpu] start 03:25:42
  ├─ [aspire:sd] start 03:25:42
  ├─ [aspire:nic] start 03:25:42
  ├─ [aspire:ram] start 03:25:42
[⏱ 03:25:42] Iniciando ecofloc en scorpius por 25s (fase: fase1_descarga_medium_iter11)
  ├─ [aspire:cpu] start 03:25:42
  ├─ [scorpius:sd] start 03:25:42
  ├─ [scorpius:ram] start 03:25:42
  ├─ [scorpius:nic] start 03:25:42
[⏱ 03:25:42] Iniciando ecofloc en leo por 25s (fase: fase1_descarga_medium_iter11)
  ├─ [scorpius:cpu] start 03:25:42
  ├─ [leo:sd] start 03:25:42
  ├─ [leo:ram] start 03:25:42
  ├─ [leo:nic] start 03:25:42
  ├─ [leo:cpu] start 03:25:42
✅ Pods listos.
⏳ [03:25:43] Esperando que termine medición: fase1_descarga_medium_iter11 (PID: 3032615)
  └─ [nitro5:sd] end 03:26:05
  └─ [nitro5:ram] end 03:26:06
  └─ [nitro5:nic] end 03:26:06
  └─ [nitro5:cpu] end 03:26:07
  └─ [aspire:cpu] end 03:26:07
  └─ [aspire:sd] end 03:26:07
  └─ [scorpius:sd] end 03:26:08
  └─ [leo:cpu] end 03:26:08
  └─ [aspire:nic] end 03:26:08
  └─ [leo:nic] end 03:26:08
  └─ [leo:sd] end 03:26:08
  └─ [scorpius:cpu] end 03:26:08
  └─ [aspire:ram] end 03:26:08
  └─ [scorpius:nic] end 03:26:08
  └─ [leo:ram] end 03:26:09
  └─ [scorpius:ram] end 03:26:09
=== Bloque 25s terminado - Fase: fase1_descarga_medium_iter11 ===
[🧹] Limpiando CSVs internos de ecofloc en cada nodo (fase: fase1_descarga_medium_iter11)...
  ✔ [nitro5:cpu] limpiado /home/luish/Documents/p3/ecofloc2/ecofloc/ecofloc-cpu/ECOFLOC_CPU_COMM_text.csv
  ✔ [nitro5:nic] limpiado /home/luish/Documents/p3/ecofloc2/ecofloc/ecofloc-nic/ECOFLOC_NIC_COMM_text.csv
  ✔ [nitro5:ram] limpiado /home/luish/Documents/p3/ecofloc2/ecofloc/ecofloc-ram/ECOFLOC_RAM_COMM_text.csv
  ✔ [nitro5:sd] limpiado /home/luish/Documents/p3/ecofloc2/ecofloc/ecofloc-sd/ECOFLOC_SD_COMM_text.csv
  ✔ [leo:cpu] limpiado /home/leo/ecofloc/ecofloc-cpu/ECOFLOC_CPU_COMM_text.csv
  ✔ [leo:nic] limpiado /home/leo/ecofloc/ecofloc-nic/ECOFLOC_NIC_COMM_text.csv
  ✔ [leo:ram] limpiado /home/leo/ecofloc/ecofloc-ram/ECOFLOC_RAM_COMM_text.csv
  ✔ [leo:sd] limpiado /home/leo/ecofloc/ecofloc-sd/ECOFLOC_SD_COMM_text.csv
  ✔ [aspire:cpu] limpiado /home/luish/Documents/p3/ecofloc2/ecofloc/ecofloc-cpu/ECOFLOC_CPU_COMM_text.csv
  ✔ [aspire:nic] limpiado /home/luish/Documents/p3/ecofloc2/ecofloc/ecofloc-nic/ECOFLOC_NIC_COMM_text.csv
  ✔ [aspire:ram] limpiado /home/luish/Documents/p3/ecofloc2/ecofloc/ecofloc-ram/ECOFLOC_RAM_COMM_text.csv
  ✔ [aspire:sd] limpiado /home/luish/Documents/p3/ecofloc2/ecofloc/ecofloc-sd/ECOFLOC_SD_COMM_text.csv
  ✔ [scorpius:cpu] limpiado /home/scorpius03/Documents/ecofloc/ecofloc-cpu/ECOFLOC_CPU_COMM_text.csv
  ✔ [scorpius:nic] limpiado /home/scorpius03/Documents/ecofloc/ecofloc-nic/ECOFLOC_NIC_COMM_text.csv
  ✔ [scorpius:ram] limpiado /home/scorpius03/Documents/ecofloc/ecofloc-ram/ECOFLOC_RAM_COMM_text.csv
  ✔ [scorpius:sd] limpiado /home/scorpius03/Documents/ecofloc/ecofloc-sd/ECOFLOC_SD_COMM_text.csv
========================================
🔋 MEASURE ENERGY FINALIZADO
   Fase: fase1_descarga_medium_iter11
========================================
✔️ [03:26:14] Medición fase1_descarga_medium_iter11 completada
[📦] Archivando resultados → ./historyexecutions/exp(03:26:19)_fase1_medium_iter11
[✔] Archivado: ./historyexecutions/exp(03:26:19)_fase1_medium_iter11
========================================
🔋 FASE 2: Preparación de servicios (medium, iter 11)
========================================
📋 Capturando PIDs (gepidstea.sh)...
📋 Capturando PIDs de contenedores (kpsnodos.sh)...
🔋 [03:26:36] Iniciando medición de energía: fase2_preparacion_medium_iter11 (50s)
   PID de medición: 3096093
========================================
🔋 MEASURE ENERGY - Fase: fase2_preparacion_medium_iter11
   Duración: 50s
   PID: 3096093
========================================
=== Medición bloque 50s - Fase: fase2_preparacion_medium_iter11 ===
[⏱ 03:26:36] Iniciando ecofloc en nitro5 por 50s (fase: fase2_preparacion_medium_iter11)
⏳ Esperando 10s a que CoreDNS se estabilice...
  ├─ [nitro5:sd] start 03:26:36
  ├─ [nitro5:ram] start 03:26:36
  ├─ [nitro5:nic] start 03:26:37
[⏱ 03:26:37] Iniciando ecofloc en aspire por 50s (fase: fase2_preparacion_medium_iter11)
  ├─ [nitro5:cpu] start 03:26:37
  ├─ [aspire:sd] start 03:26:37
  ├─ [aspire:ram] start 03:26:37
  ├─ [aspire:nic] start 03:26:37
[⏱ 03:26:37] Iniciando ecofloc en scorpius por 50s (fase: fase2_preparacion_medium_iter11)
  ├─ [aspire:cpu] start 03:26:37
  ├─ [scorpius:nic] start 03:26:37
  ├─ [scorpius:ram] start 03:26:37
  ├─ [scorpius:cpu] start 03:26:37
  ├─ [scorpius:sd] start 03:26:37
[⏱ 03:26:37] Iniciando ecofloc en leo por 50s (fase: fase2_preparacion_medium_iter11)
  ├─ [leo:ram] start 03:26:37
  ├─ [leo:nic] start 03:26:37
  ├─ [leo:cpu] start 03:26:37
  ├─ [leo:sd] start 03:26:37
➡️ Pod WebUI: teastore-webui-ff7768544-7bplk
➡️ Está en el nodo: luish-nitro-an515-57
🌐 IP del nodo WebUI: 192.168.18.27
⏳ Verificando estado del TeaStore en http://192.168.18.27:30080/tools.descartes.teastore.webui/status ...
   ➤ Estado actual: 5 / 5 servicios OK
✔ TODOS los servicios del TeaStore están OK. Continuando...
⏳ [03:26:49] Esperando que termine medición: fase2_preparacion_medium_iter11 (PID: 3096093)
  └─ [nitro5:sd] end 03:27:26
  └─ [nitro5:ram] end 03:27:26
  └─ [nitro5:nic] end 03:27:27
  └─ [nitro5:cpu] end 03:27:27
  └─ [aspire:sd] end 03:27:28
  └─ [aspire:cpu] end 03:27:28
  └─ [leo:sd] end 03:27:29
  └─ [leo:cpu] end 03:27:30
  └─ [scorpius:sd] end 03:27:30
  └─ [scorpius:cpu] end 03:27:30
  └─ [aspire:nic] end 03:27:30
  └─ [scorpius:nic] end 03:27:31
  └─ [leo:nic] end 03:27:31
  └─ [scorpius:ram] end 03:27:31
  └─ [leo:ram] end 03:27:31
=== Bloque 50s terminado - Fase: fase2_preparacion_medium_iter11 ===
[🧹] Limpiando CSVs internos de ecofloc en cada nodo (fase: fase2_preparacion_medium_iter11)...
  ✔ [nitro5:cpu] limpiado /home/luish/Documents/p3/ecofloc2/ecofloc/ecofloc-cpu/ECOFLOC_CPU_COMM_text.csv
  ✔ [nitro5:nic] limpiado /home/luish/Documents/p3/ecofloc2/ecofloc/ecofloc-nic/ECOFLOC_NIC_COMM_text.csv
  ✔ [nitro5:ram] limpiado /home/luish/Documents/p3/ecofloc2/ecofloc/ecofloc-ram/ECOFLOC_RAM_COMM_text.csv
  ✔ [nitro5:sd] limpiado /home/luish/Documents/p3/ecofloc2/ecofloc/ecofloc-sd/ECOFLOC_SD_COMM_text.csv
  ✔ [leo:cpu] limpiado /home/leo/ecofloc/ecofloc-cpu/ECOFLOC_CPU_COMM_text.csv
  ✔ [leo:nic] limpiado /home/leo/ecofloc/ecofloc-nic/ECOFLOC_NIC_COMM_text.csv
  ✔ [leo:ram] limpiado /home/leo/ecofloc/ecofloc-ram/ECOFLOC_RAM_COMM_text.csv
  ✔ [leo:sd] limpiado /home/leo/ecofloc/ecofloc-sd/ECOFLOC_SD_COMM_text.csv
  ✔ [aspire:cpu] limpiado /home/luish/Documents/p3/ecofloc2/ecofloc/ecofloc-cpu/ECOFLOC_CPU_COMM_text.csv
  ✔ [aspire:nic] limpiado /home/luish/Documents/p3/ecofloc2/ecofloc/ecofloc-nic/ECOFLOC_NIC_COMM_text.csv
  ✔ [aspire:ram] limpiado /home/luish/Documents/p3/ecofloc2/ecofloc/ecofloc-ram/ECOFLOC_RAM_COMM_text.csv
  ✔ [aspire:sd] limpiado /home/luish/Documents/p3/ecofloc2/ecofloc/ecofloc-sd/ECOFLOC_SD_COMM_text.csv
  ✔ [scorpius:cpu] limpiado /home/scorpius03/Documents/ecofloc/ecofloc-cpu/ECOFLOC_CPU_COMM_text.csv
  ✔ [scorpius:nic] limpiado /home/scorpius03/Documents/ecofloc/ecofloc-nic/ECOFLOC_NIC_COMM_text.csv
  ✔ [scorpius:ram] limpiado /home/scorpius03/Documents/ecofloc/ecofloc-ram/ECOFLOC_RAM_COMM_text.csv
  ✔ [scorpius:sd] limpiado /home/scorpius03/Documents/ecofloc/ecofloc-sd/ECOFLOC_SD_COMM_text.csv
========================================
🔋 MEASURE ENERGY FINALIZADO
   Fase: fase2_preparacion_medium_iter11
========================================
✔️ [03:27:34] Medición fase2_preparacion_medium_iter11 completada
[📦] Archivando resultados → ./historyexecutions/exp(03:27:39)_fase2_medium_iter11
