========================================
🔬 EXPERIMENTO: HIGH=15, LOW=0, MED=0
   Escenarios: 3
   Total ejecuciones: 15
   Inicio: 2026-02-26 23:46:19
========================================
⏭ Saltando escenario low (0 iteraciones configuradas)
⏭ Saltando escenario medium (0 iteraciones configuradas)

########################################################
🔄 ESCENARIO: high | ITERACIÓN: 1 / 15
   Hora: 23:46:19
########################################################
========================================
🔋 FASE 1: Descarga de imágenes (high, iter 1)
========================================
📋 Capturando PIDs (gepidstea.sh)...
📋 Capturando PIDs de contenedores (kpsnodos.sh)...
🔋 [23:46:39] Iniciando medición de energía: fase1_descarga_high_iter1 (25s)
   PID de medición: 446844
🚀 Desplegando TeaStore desde /home/luish/Documents/death/teastore/TeaStore/examples/kubernetes/teastore-energy-scheduler.yaml...
========================================
🔋 MEASURE ENERGY - Fase: fase1_descarga_high_iter1
   Duración: 25s
   PID: 446844
========================================
=== Medición bloque 25s - Fase: fase1_descarga_high_iter1 ===
[⏱ 23:46:39] Iniciando ecofloc en nitro5 por 25s (fase: fase1_descarga_high_iter1)
⏳ Esperando a que todos los pods de TeaStore estén Running y Ready...
  ├─ [nitro5:sd] start 23:46:40
  ├─ [nitro5:ram] start 23:46:40
  ├─ [nitro5:nic] start 23:46:41
[⏱ 23:46:41] Iniciando ecofloc en aspire por 25s (fase: fase1_descarga_high_iter1)
  ├─ [nitro5:cpu] start 23:46:41
  ├─ [aspire:sd] start 23:46:41
  ├─ [aspire:ram] start 23:46:41
[⏱ 23:46:41] Iniciando ecofloc en scorpius por 25s (fase: fase1_descarga_high_iter1)
  ├─ [aspire:nic] start 23:46:41
  ├─ [aspire:cpu] start 23:46:41
  ├─ [scorpius:sd] start 23:46:41
  ├─ [scorpius:ram] start 23:46:41
[⏱ 23:46:41] Iniciando ecofloc en leo por 25s (fase: fase1_descarga_high_iter1)
  ├─ [scorpius:nic] start 23:46:41
  ├─ [scorpius:cpu] start 23:46:41
  ├─ [leo:sd] start 23:46:41
  ├─ [leo:ram] start 23:46:41
  ├─ [leo:nic] start 23:46:41
  ├─ [leo:cpu] start 23:46:41
✅ Pods listos.
⏳ [23:46:43] Esperando que termine medición: fase1_descarga_high_iter1 (PID: 446844)
  └─ [nitro5:sd] end 23:47:05
  └─ [nitro5:ram] end 23:47:05
  └─ [nitro5:nic] end 23:47:06
  └─ [nitro5:cpu] end 23:47:06
  └─ [aspire:sd] end 23:47:07
  └─ [aspire:cpu] end 23:47:07
  └─ [leo:cpu] end 23:47:07
  └─ [leo:sd] end 23:47:07
  └─ [scorpius:cpu] end 23:47:07
  └─ [aspire:nic] end 23:47:08
  └─ [scorpius:sd] end 23:47:08
  └─ [leo:nic] end 23:47:08
  └─ [aspire:ram] end 23:47:08
  └─ [scorpius:nic] end 23:47:09
  └─ [scorpius:ram] end 23:47:09
  └─ [leo:ram] end 23:47:09
=== Bloque 25s terminado - Fase: fase1_descarga_high_iter1 ===
[🧹] Limpiando CSVs internos de ecofloc en cada nodo (fase: fase1_descarga_high_iter1)...
  ✔ [nitro5:cpu] limpiado /home/luish/Documents/p3/ecofloc2/ecofloc/ecofloc-cpu/ECOFLOC_CPU_COMM_text.csv
  ✔ [nitro5:nic] limpiado /home/luish/Documents/p3/ecofloc2/ecofloc/ecofloc-nic/ECOFLOC_NIC_COMM_text.csv
  ✔ [nitro5:ram] limpiado /home/luish/Documents/p3/ecofloc2/ecofloc/ecofloc-ram/ECOFLOC_RAM_COMM_text.csv
  ✔ [nitro5:sd] limpiado /home/luish/Documents/p3/ecofloc2/ecofloc/ecofloc-sd/ECOFLOC_SD_COMM_text.csv
  ✔ [leo:cpu] limpiado /home/leo/ecofloc/ecofloc-cpu/ECOFLOC_CPU_COMM_text.csv
  ✔ [leo:nic] limpiado /home/leo/ecofloc/ecofloc-nic/ECOFLOC_NIC_COMM_text.csv
  ✔ [leo:ram] limpiado /home/leo/ecofloc/ecofloc-ram/ECOFLOC_RAM_COMM_text.csv
  ✔ [leo:sd] limpiado /home/leo/ecofloc/ecofloc-sd/ECOFLOC_SD_COMM_text.csv
  ✔ [aspire:cpu] limpiado /home/luish/Documents/p3/ecofloc2/ecofloc/ecofloc-cpu/ECOFLOC_CPU_COMM_text.csv
  ✔ [aspire:nic] limpiado /home/luish/Documents/p3/ecofloc2/ecofloc/ecofloc-nic/ECOFLOC_NIC_COMM_text.csv
  ✔ [aspire:ram] limpiado /home/luish/Documents/p3/ecofloc2/ecofloc/ecofloc-ram/ECOFLOC_RAM_COMM_text.csv
  ✔ [aspire:sd] limpiado /home/luish/Documents/p3/ecofloc2/ecofloc/ecofloc-sd/ECOFLOC_SD_COMM_text.csv
  ✔ [scorpius:cpu] limpiado /home/scorpius03/Documents/ecofloc/ecofloc-cpu/ECOFLOC_CPU_COMM_text.csv
  ✔ [scorpius:nic] limpiado /home/scorpius03/Documents/ecofloc/ecofloc-nic/ECOFLOC_NIC_COMM_text.csv
  ✔ [scorpius:ram] limpiado /home/scorpius03/Documents/ecofloc/ecofloc-ram/ECOFLOC_RAM_COMM_text.csv
  ✔ [scorpius:sd] limpiado /home/scorpius03/Documents/ecofloc/ecofloc-sd/ECOFLOC_SD_COMM_text.csv
========================================
🔋 MEASURE ENERGY FINALIZADO
   Fase: fase1_descarga_high_iter1
========================================
✔️ [23:47:21] Medición fase1_descarga_high_iter1 completada
[📦] Archivando resultados → ./historyexecutions/exp(23:47:26)_fase1_high_iter1
[✔] Archivado: ./historyexecutions/exp(23:47:26)_fase1_high_iter1
========================================
🔋 FASE 2: Preparación de servicios (high, iter 1)
========================================
📋 Capturando PIDs (gepidstea.sh)...
📋 Capturando PIDs de contenedores (kpsnodos.sh)...
🔋 [23:47:43] Iniciando medición de energía: fase2_preparacion_high_iter1 (50s)
   PID de medición: 516672
========================================
🔋 MEASURE ENERGY - Fase: fase2_preparacion_high_iter1
   Duración: 50s
   PID: 516672
========================================
=== Medición bloque 50s - Fase: fase2_preparacion_high_iter1 ===
[⏱ 23:47:43] Iniciando ecofloc en nitro5 por 50s (fase: fase2_preparacion_high_iter1)
⏳ Esperando 10s a que CoreDNS se estabilice...
  ├─ [nitro5:sd] start 23:47:43
  ├─ [nitro5:ram] start 23:47:44
  ├─ [nitro5:nic] start 23:47:44
[⏱ 23:47:44] Iniciando ecofloc en aspire por 50s (fase: fase2_preparacion_high_iter1)
  ├─ [nitro5:cpu] start 23:47:44
  ├─ [aspire:sd] start 23:47:44
  ├─ [aspire:ram] start 23:47:44
  ├─ [aspire:nic] start 23:47:44
[⏱ 23:47:44] Iniciando ecofloc en scorpius por 50s (fase: fase2_preparacion_high_iter1)
  ├─ [aspire:cpu] start 23:47:44
  ├─ [scorpius:sd] start 23:47:44
  ├─ [scorpius:ram] start 23:47:44
  ├─ [scorpius:nic] start 23:47:44
[⏱ 23:47:44] Iniciando ecofloc en leo por 50s (fase: fase2_preparacion_high_iter1)
  ├─ [scorpius:cpu] start 23:47:44
  ├─ [leo:sd] start 23:47:44
  ├─ [leo:nic] start 23:47:44
  ├─ [leo:ram] start 23:47:44
  ├─ [leo:cpu] start 23:47:44
➡️ Pod WebUI: teastore-webui-ff7768544-qclc6
➡️ Está en el nodo: scorpius03
🌐 IP del nodo WebUI: 192.168.18.34
⏳ Verificando estado del TeaStore en http://192.168.18.34:30080/tools.descartes.teastore.webui/status ...
   ➤ Estado actual: 5 / 5 servicios OK
✔ TODOS los servicios del TeaStore están OK. Continuando...
⏳ [23:47:59] Esperando que termine medición: fase2_preparacion_high_iter1 (PID: 516672)
  └─ [nitro5:sd] end 23:48:33
  └─ [nitro5:ram] end 23:48:34
  └─ [nitro5:nic] end 23:48:34
  └─ [nitro5:cpu] end 23:48:34
  └─ [aspire:cpu] end 23:48:35
  └─ [leo:sd] end 23:48:36
  └─ [leo:cpu] end 23:48:36
  └─ [aspire:sd] end 23:48:36
  └─ [aspire:nic] end 23:48:36
  └─ [scorpius:cpu] end 23:48:36
  └─ [scorpius:sd] end 23:48:36
  └─ [aspire:ram] end 23:48:37
  └─ [leo:nic] end 23:48:37
  └─ [leo:ram] end 23:48:37
  └─ [scorpius:nic] end 23:48:37
  └─ [scorpius:ram] end 23:48:38
=== Bloque 50s terminado - Fase: fase2_preparacion_high_iter1 ===
[🧹] Limpiando CSVs internos de ecofloc en cada nodo (fase: fase2_preparacion_high_iter1)...
  ✔ [nitro5:cpu] limpiado /home/luish/Documents/p3/ecofloc2/ecofloc/ecofloc-cpu/ECOFLOC_CPU_COMM_text.csv
  ✔ [nitro5:nic] limpiado /home/luish/Documents/p3/ecofloc2/ecofloc/ecofloc-nic/ECOFLOC_NIC_COMM_text.csv
  ✔ [nitro5:ram] limpiado /home/luish/Documents/p3/ecofloc2/ecofloc/ecofloc-ram/ECOFLOC_RAM_COMM_text.csv
  ✔ [nitro5:sd] limpiado /home/luish/Documents/p3/ecofloc2/ecofloc/ecofloc-sd/ECOFLOC_SD_COMM_text.csv
  ✔ [leo:cpu] limpiado /home/leo/ecofloc/ecofloc-cpu/ECOFLOC_CPU_COMM_text.csv
  ✔ [leo:nic] limpiado /home/leo/ecofloc/ecofloc-nic/ECOFLOC_NIC_COMM_text.csv
  ✔ [leo:ram] limpiado /home/leo/ecofloc/ecofloc-ram/ECOFLOC_RAM_COMM_text.csv
  ✔ [leo:sd] limpiado /home/leo/ecofloc/ecofloc-sd/ECOFLOC_SD_COMM_text.csv
  ✔ [aspire:cpu] limpiado /home/luish/Documents/p3/ecofloc2/ecofloc/ecofloc-cpu/ECOFLOC_CPU_COMM_text.csv
  ✔ [aspire:nic] limpiado /home/luish/Documents/p3/ecofloc2/ecofloc/ecofloc-nic/ECOFLOC_NIC_COMM_text.csv
  ✔ [aspire:ram] limpiado /home/luish/Documents/p3/ecofloc2/ecofloc/ecofloc-ram/ECOFLOC_RAM_COMM_text.csv
  ✔ [aspire:sd] limpiado /home/luish/Documents/p3/ecofloc2/ecofloc/ecofloc-sd/ECOFLOC_SD_COMM_text.csv
  ✔ [scorpius:cpu] limpiado /home/scorpius03/Documents/ecofloc/ecofloc-cpu/ECOFLOC_CPU_COMM_text.csv
  ✔ [scorpius:nic] limpiado /home/scorpius03/Documents/ecofloc/ecofloc-nic/ECOFLOC_NIC_COMM_text.csv
  ✔ [scorpius:ram] limpiado /home/scorpius03/Documents/ecofloc/ecofloc-ram/ECOFLOC_RAM_COMM_text.csv
  ✔ [scorpius:sd] limpiado /home/scorpius03/Documents/ecofloc/ecofloc-sd/ECOFLOC_SD_COMM_text.csv
========================================
🔋 MEASURE ENERGY FINALIZADO
   Fase: fase2_preparacion_high_iter1
========================================
✔️ [23:48:42] Medición fase2_preparacion_high_iter1 completada
[📦] Archivando resultados → ./historyexecutions/exp(23:48:47)_fase2_high_iter1
[✔] Archivado: ./historyexecutions/exp(23:48:47)_fase2_high_iter1
========================================
🔋 FASE 3: Ejecución de carga (high, iter 1)
========================================
📋 Capturando PIDs (gepidstea.sh)...
📋 Capturando PIDs de contenedores (kpsnodos.sh)...
🔋 [23:49:05] Iniciando medición de energía: fase3_carga_high_iter1 (145s)
   PID de medición: 648968
=== Escenario high (iter 1) ===
========================================
🔋 MEASURE ENERGY - Fase: fase3_carga_high_iter1
   Duración: 145s
   PID: 648968
========================================
=== Medición bloque 145s - Fase: fase3_carga_high_iter1 ===
🚀 Iniciando LIMBO con profile=/home/luish/Documents/death/teastore/TeaStore/examples/httploadgenerator/increasingHighIntensity.csv y script=/home/luish/Documents/death/teastore/TeaStore/examples/httploadgenerator/teastore_buy.lua
[⏱ 23:49:05] Iniciando ecofloc en nitro5 por 145s (fase: fase3_carga_high_iter1)
Feb 26, 2026 11:49:05 PM tools.descartes.dlim.httploadgenerator.runner.Director executeDirector
WARNING: No power measurements
Feb 26, 2026 11:49:05 PM tools.descartes.dlim.httploadgenerator.runner.Director executeDirector
INFO: Load Generator Thread Count set to 64
Feb 26, 2026 11:49:05 PM tools.descartes.dlim.httploadgenerator.runner.Director executeDirector
INFO: URL connection timout set to 30000 ms
Feb 26, 2026 11:49:05 PM tools.descartes.dlim.httploadgenerator.runner.Director executeDirector
INFO: Using Lua Script: /home/luish/Documents/death/teastore/TeaStore/examples/httploadgenerator/teastore_buy.lua
Feb 26, 2026 11:49:05 PM tools.descartes.dlim.httploadgenerator.runner.Director process
INFO: Read 120 Arrival Rate Tuples
Load Generator sent: ok
Feb 26, 2026 11:49:05 PM tools.descartes.dlim.httploadgenerator.runner.Director process
INFO: Arrival Rates sent to Load Generator(s).
Load Generator sent: ok
Feb 26, 2026 11:49:05 PM tools.descartes.dlim.httploadgenerator.runner.Director process
INFO: Thread Count sent to Load Generator(s): 64
Load Generator sent: ok
Feb 26, 2026 11:49:05 PM tools.descartes.dlim.httploadgenerator.runner.Director process
INFO: URL connection timeout sent to Load Generator(s): 30000
Load Generator sent: ok
Feb 26, 2026 11:49:05 PM tools.descartes.dlim.httploadgenerator.runner.Director process
INFO: Contents of script sent to Load Generator: /home/luish/Documents/death/teastore/TeaStore/examples/httploadgenerator/teastore_buy.lua
Feb 26, 2026 11:49:05 PM tools.descartes.dlim.httploadgenerator.runner.Director process
INFO: Starting Load Generation
Beginning Run @1772167745499(26.02.2026;23:49:05499)
  ├─ [nitro5:sd] start 23:49:05
  ├─ [nitro5:ram] start 23:49:06
Target Time = 0.5; Load Intensity = 16.0; #Success = 0; #Failed = 0; #Dropped = 0
  ├─ [nitro5:nic] start 23:49:06
[⏱ 23:49:06] Iniciando ecofloc en aspire por 145s (fase: fase3_carga_high_iter1)
  ├─ [nitro5:cpu] start 23:49:06
  ├─ [aspire:sd] start 23:49:06
  ├─ [aspire:ram] start 23:49:06
[⏱ 23:49:06] Iniciando ecofloc en scorpius por 145s (fase: fase3_carga_high_iter1)
  ├─ [aspire:nic] start 23:49:06
  ├─ [aspire:cpu] start 23:49:06
  ├─ [scorpius:sd] start 23:49:06
  ├─ [scorpius:ram] start 23:49:06
  ├─ [scorpius:nic] start 23:49:06
[⏱ 23:49:06] Iniciando ecofloc en leo por 145s (fase: fase3_carga_high_iter1)
  ├─ [scorpius:cpu] start 23:49:06
  ├─ [leo:sd] start 23:49:06
  ├─ [leo:nic] start 23:49:06
  ├─ [leo:cpu] start 23:49:06
  ├─ [leo:ram] start 23:49:06
Target Time = 1.5; Load Intensity = 33.0; #Success = 0; #Failed = 0; #Dropped = 0
Target Time = 2.5; Load Intensity = 50.0; #Success = 1; #Failed = 5; #Dropped = 0
Target Time = 3.5; Load Intensity = 66.0; #Success = 40; #Failed = 0; #Dropped = 0
Target Time = 4.5; Load Intensity = 83.0; #Success = 2; #Failed = 0; #Dropped = 0
Target Time = 5.5; Load Intensity = 100.0; #Success = 21; #Failed = 0; #Dropped = 0
Target Time = 6.5; Load Intensity = 116.0; #Success = 0; #Failed = 0; #Dropped = 0
Target Time = 7.5; Load Intensity = 133.0; #Success = 24; #Failed = 0; #Dropped = 0
Target Time = 8.5; Load Intensity = 150.0; #Success = 11; #Failed = 0; #Dropped = 0
Target Time = 9.5; Load Intensity = 166.0; #Success = 27; #Failed = 0; #Dropped = 0
Target Time = 10.5; Load Intensity = 183.0; #Success = 2; #Failed = 0; #Dropped = 0
Target Time = 11.5; Load Intensity = 200.0; #Success = 1; #Failed = 0; #Dropped = 0
Target Time = 12.5; Load Intensity = 216.0; #Success = 42; #Failed = 0; #Dropped = 0
Target Time = 13.5; Load Intensity = 233.0; #Success = 20; #Failed = 0; #Dropped = 0
Target Time = 14.5; Load Intensity = 250.0; #Success = 0; #Failed = 0; #Dropped = 0
Target Time = 15.5; Load Intensity = 266.0; #Success = 0; #Failed = 0; #Dropped = 0
Target Time = 16.5; Load Intensity = 283.0; #Success = 1; #Failed = 0; #Dropped = 0
Target Time = 17.5; Load Intensity = 300.0; #Success = 0; #Failed = 0; #Dropped = 0
Target Time = 18.5; Load Intensity = 316.0; #Success = 0; #Failed = 0; #Dropped = 0
Target Time = 19.5; Load Intensity = 333.0; #Success = 0; #Failed = 0; #Dropped = 0
Target Time = 20.5; Load Intensity = 350.0; #Success = 0; #Failed = 0; #Dropped = 0
Target Time = 21.5; Load Intensity = 366.0; #Success = 0; #Failed = 0; #Dropped = 0
Target Time = 22.5; Load Intensity = 383.0; #Success = 0; #Failed = 0; #Dropped = 0
Target Time = 23.5; Load Intensity = 400.0; #Success = 0; #Failed = 0; #Dropped = 0
Target Time = 24.5; Load Intensity = 416.0; #Success = 0; #Failed = 0; #Dropped = 0
Target Time = 25.5; Load Intensity = 433.0; #Success = 0; #Failed = 0; #Dropped = 0
Target Time = 26.5; Load Intensity = 450.0; #Success = 0; #Failed = 0; #Dropped = 0
Target Time = 27.5; Load Intensity = 466.0; #Success = 0; #Failed = 0; #Dropped = 0
Target Time = 28.5; Load Intensity = 483.0; #Success = 0; #Failed = 0; #Dropped = 0
Target Time = 29.5; Load Intensity = 500.0; #Success = 0; #Failed = 0; #Dropped = 0
Target Time = 30.5; Load Intensity = 516.0; #Success = 0; #Failed = 0; #Dropped = 0
Target Time = 31.5; Load Intensity = 533.0; #Success = 0; #Failed = 0; #Dropped = 0
Target Time = 32.5; Load Intensity = 550.0; #Success = 1; #Failed = 0; #Dropped = 0
Target Time = 33.5; Load Intensity = 566.0; #Success = 1; #Failed = 0; #Dropped = 0
Target Time = 34.5; Load Intensity = 583.0; #Success = 1; #Failed = 0; #Dropped = 0
Target Time = 35.5; Load Intensity = 600.0; #Success = 0; #Failed = 0; #Dropped = 0
Target Time = 36.5; Load Intensity = 616.0; #Success = 0; #Failed = 0; #Dropped = 0
Target Time = 37.5; Load Intensity = 633.0; #Success = 0; #Failed = 0; #Dropped = 0
Target Time = 38.5; Load Intensity = 650.0; #Success = 0; #Failed = 0; #Dropped = 0
Target Time = 39.5; Load Intensity = 666.0; #Success = 0; #Failed = 0; #Dropped = 0
Target Time = 40.5; Load Intensity = 683.0; #Success = 0; #Failed = 0; #Dropped = 0
Target Time = 41.5; Load Intensity = 700.0; #Success = 3; #Failed = 0; #Dropped = 1029
Target Time = 42.5; Load Intensity = 716.0; #Success = 39; #Failed = 0; #Dropped = 191
Target Time = 43.5; Load Intensity = 733.0; #Success = 19; #Failed = 0; #Dropped = 167
Target Time = 44.5; Load Intensity = 750.0; #Success = 0; #Failed = 0; #Dropped = 0
Target Time = 45.5; Load Intensity = 766.0; #Success = 0; #Failed = 1; #Dropped = 586
Target Time = 46.5; Load Intensity = 783.0; #Success = 0; #Failed = 0; #Dropped = 0
Target Time = 47.5; Load Intensity = 800.0; #Success = 0; #Failed = 0; #Dropped = 0
Target Time = 48.5; Load Intensity = 816.0; #Success = 0; #Failed = 2; #Dropped = 739
Target Time = 49.5; Load Intensity = 833.0; #Success = 0; #Failed = 3; #Dropped = 152
Target Time = 50.5; Load Intensity = 850.0; #Success = 0; #Failed = 0; #Dropped = 0
Target Time = 51.5; Load Intensity = 866.0; #Success = 0; #Failed = 0; #Dropped = 0
Target Time = 52.5; Load Intensity = 883.0; #Success = 0; #Failed = 0; #Dropped = 0
Target Time = 53.5; Load Intensity = 900.0; #Success = 0; #Failed = 0; #Dropped = 0
Target Time = 54.5; Load Intensity = 916.0; #Success = 0; #Failed = 0; #Dropped = 0
Target Time = 55.5; Load Intensity = 933.0; #Success = 0; #Failed = 0; #Dropped = 0
Target Time = 56.5; Load Intensity = 950.0; #Success = 0; #Failed = 0; #Dropped = 0
Target Time = 57.5; Load Intensity = 966.0; #Success = 0; #Failed = 0; #Dropped = 0
Target Time = 58.5; Load Intensity = 983.0; #Success = 0; #Failed = 0; #Dropped = 0
Target Time = 59.5; Load Intensity = 1000.0; #Success = 0; #Failed = 3; #Dropped = 4116
Target Time = 60.5; Load Intensity = 1016.0; #Success = 0; #Failed = 0; #Dropped = 0
Target Time = 61.5; Load Intensity = 1033.0; #Success = 0; #Failed = 0; #Dropped = 0
Target Time = 62.5; Load Intensity = 1050.0; #Success = 0; #Failed = 0; #Dropped = 0
Target Time = 63.5; Load Intensity = 1066.0; #Success = 0; #Failed = 0; #Dropped = 0
Target Time = 64.5; Load Intensity = 1083.0; #Success = 2; #Failed = 0; #Dropped = 3163
Target Time = 65.5; Load Intensity = 1100.0; #Success = 0; #Failed = 0; #Dropped = 0
Target Time = 66.5; Load Intensity = 1116.0; #Success = 0; #Failed = 0; #Dropped = 0
Target Time = 67.5; Load Intensity = 1133.0; #Success = 0; #Failed = 0; #Dropped = 0
Target Time = 68.5; Load Intensity = 1150.0; #Success = 0; #Failed = 0; #Dropped = 0
Target Time = 69.5; Load Intensity = 1166.0; #Success = 0; #Failed = 0; #Dropped = 0
Target Time = 70.5; Load Intensity = 1183.0; #Success = 1; #Failed = 0; #Dropped = 3690
Target Time = 71.5; Load Intensity = 1200.0; #Success = 2; #Failed = 0; #Dropped = 771
Target Time = 72.5; Load Intensity = 1216.0; #Success = 36; #Failed = 0; #Dropped = 757
Target Time = 73.5; Load Intensity = 1233.0; #Success = 18; #Failed = 0; #Dropped = 462
Target Time = 74.5; Load Intensity = 1250.0; #Success = 0; #Failed = 1; #Dropped = 753
Target Time = 75.5; Load Intensity = 1266.0; #Success = 0; #Failed = 0; #Dropped = 0
Target Time = 76.5; Load Intensity = 1283.0; #Success = 0; #Failed = 1; #Dropped = 1423
Target Time = 77.5; Load Intensity = 1300.0; #Success = 0; #Failed = 0; #Dropped = 0
Target Time = 78.5; Load Intensity = 1316.0; #Success = 2; #Failed = 5; #Dropped = 1940
Target Time = 79.5; Load Intensity = 1333.0; #Success = 0; #Failed = 0; #Dropped = 0
Target Time = 80.5; Load Intensity = 1350.0; #Success = 0; #Failed = 0; #Dropped = 0
Target Time = 81.5; Load Intensity = 1366.0; #Success = 0; #Failed = 0; #Dropped = 0
Target Time = 82.5; Load Intensity = 1383.0; #Success = 0; #Failed = 0; #Dropped = 0
Target Time = 83.5; Load Intensity = 1400.0; #Success = 1; #Failed = 0; #Dropped = 4216
Target Time = 84.5; Load Intensity = 1416.0; #Success = 0; #Failed = 0; #Dropped = 0
Target Time = 85.5; Load Intensity = 1433.0; #Success = 0; #Failed = 0; #Dropped = 0
Target Time = 86.5; Load Intensity = 1450.0; #Success = 0; #Failed = 0; #Dropped = 0
Target Time = 87.5; Load Intensity = 1466.0; #Success = 3; #Failed = 0; #Dropped = 4109
Target Time = 88.5; Load Intensity = 1483.0; #Success = 0; #Failed = 0; #Dropped = 0
Target Time = 89.5; Load Intensity = 1500.0; #Success = 3; #Failed = 0; #Dropped = 1306
Target Time = 90.5; Load Intensity = 1516.0; #Success = 0; #Failed = 0; #Dropped = 0
Target Time = 91.5; Load Intensity = 1533.0; #Success = 3; #Failed = 0; #Dropped = 2204
Target Time = 92.5; Load Intensity = 1550.0; #Success = 2; #Failed = 3; #Dropped = 1389
Target Time = 93.5; Load Intensity = 1566.0; #Success = 0; #Failed = 0; #Dropped = 0
Target Time = 94.5; Load Intensity = 1583.0; #Success = 2; #Failed = 10; #Dropped = 2142
Target Time = 95.5; Load Intensity = 1600.0; #Success = 1; #Failed = 0; #Dropped = 824
Target Time = 96.5; Load Intensity = 1616.0; #Success = 1; #Failed = 0; #Dropped = 937
Target Time = 97.5; Load Intensity = 1633.0; #Success = 0; #Failed = 0; #Dropped = 0
Target Time = 98.5; Load Intensity = 1650.0; #Success = 0; #Failed = 0; #Dropped = 0
Target Time = 99.5; Load Intensity = 1666.0; #Success = 0; #Failed = 0; #Dropped = 0
Target Time = 100.5; Load Intensity = 1683.0; #Success = 0; #Failed = 0; #Dropped = 0
Target Time = 101.5; Load Intensity = 1700.0; #Success = 1; #Failed = 0; #Dropped = 6048
Target Time = 102.5; Load Intensity = 1716.0; #Success = 24; #Failed = 0; #Dropped = 1484
Target Time = 103.5; Load Intensity = 1733.0; #Success = 9; #Failed = 0; #Dropped = 863
Target Time = 104.5; Load Intensity = 1750.0; #Success = 2; #Failed = 1; #Dropped = 1528
Target Time = 105.5; Load Intensity = 1766.0; #Success = 0; #Failed = 0; #Dropped = 0
Target Time = 106.5; Load Intensity = 1783.0; #Success = 0; #Failed = 0; #Dropped = 0
Target Time = 107.5; Load Intensity = 1800.0; #Success = 0; #Failed = 0; #Dropped = 0
Target Time = 108.5; Load Intensity = 1816.0; #Success = 2; #Failed = 0; #Dropped = 5113
Target Time = 109.5; Load Intensity = 1833.0; #Success = 0; #Failed = 1; #Dropped = 748
Target Time = 110.5; Load Intensity = 1850.0; #Success = 0; #Failed = 0; #Dropped = 0
Target Time = 111.5; Load Intensity = 1866.0; #Success = 0; #Failed = 0; #Dropped = 0
Target Time = 112.5; Load Intensity = 1883.0; #Success = 0; #Failed = 1; #Dropped = 3761
Target Time = 113.5; Load Intensity = 1900.0; #Success = 0; #Failed = 0; #Dropped = 0
Target Time = 114.5; Load Intensity = 1916.0; #Success = 0; #Failed = 1; #Dropped = 3002
Target Time = 115.5; Load Intensity = 1933.0; #Success = 0; #Failed = 0; #Dropped = 0
Target Time = 116.5; Load Intensity = 1950.0; #Success = 0; #Failed = 0; #Dropped = 0
Target Time = 117.5; Load Intensity = 1966.0; #Success = 2; #Failed = 0; #Dropped = 4028
Target Time = 118.5; Load Intensity = 1983.0; #Success = 0; #Failed = 0; #Dropped = 0
Target Time = 119.5; Load Intensity = 2000.0; #Success = 2; #Failed = 0; #Dropped = 3545
Target Time = 120.5; Load Intensity = 0.0; #Success = 0; #Failed = 0; #Dropped = 0
Target Time = 121.5; Load Intensity = 0.0; #Success = 3; #Failed = 1; #Dropped = 3387
Target Time = 122.5; Load Intensity = 0.0; #Success = 6; #Failed = 0; #Dropped = 1760
Target Time = 123.5; Load Intensity = 0.0; #Success = 1; #Failed = 0; #Dropped = 77
Target Time = 124.5; Load Intensity = 0.0; #Success = 10; #Failed = 1; #Dropped = 3065
Target Time = 125.5; Load Intensity = 0.0; #Success = 1; #Failed = 0; #Dropped = 1247
Target Time = 126.5; Load Intensity = 0.0; #Success = 1; #Failed = 1; #Dropped = 1496
Target Time = 127.5; Load Intensity = 0.0; #Success = 1; #Failed = 1; #Dropped = 1993
Target Time = 128.5; Load Intensity = 0.0; #Success = 1; #Failed = 4; #Dropped = 1336
Target Time = 129.5; Load Intensity = 0.0; #Success = 2; #Failed = 2; #Dropped = 1839
Target Time = 130.5; Load Intensity = 0.0; #Success = 7; #Failed = 3; #Dropped = 1469
Target Time = 131.5; Load Intensity = 0.0; #Success = 4; #Failed = 1; #Dropped = 2042
Target Time = 132.5; Load Intensity = 0.0; #Success = 10; #Failed = 0; #Dropped = 1799
Target Time = 133.5; Load Intensity = 0.0; #Success = 5; #Failed = 0; #Dropped = 1213
Target Time = 134.5; Load Intensity = 0.0; #Success = 0; #Failed = 4; #Dropped = 1294
Target Time = 135.5; Load Intensity = 0.0; #Success = 0; #Failed = 41; #Dropped = 1762
Target Time = 136.5; Load Intensity = 0.0; #Success = 0; #Failed = 0; #Dropped = 0
Target Time = 137.5; Load Intensity = 0.0; #Success = 0; #Failed = 0; #Dropped = 0
Target Time = 138.5; Load Intensity = 0.0; #Success = 0; #Failed = 0; #Dropped = 0
Target Time = 139.5; Load Intensity = 0.0; #Success = 0; #Failed = 0; #Dropped = 0
Target Time = 140.5; Load Intensity = 0.0; #Success = 0; #Failed = 0; #Dropped = 0
Target Time = 141.5; Load Intensity = 0.0; #Success = 0; #Failed = 1; #Dropped = 11790
Target Time = 142.5; Load Intensity = 0.0; #Success = 0; #Failed = 0; #Dropped = 0
Target Time = 143.5; Load Intensity = 0.0; #Success = 0; #Failed = 0; #Dropped = 0
Target Time = 144.5; Load Intensity = 0.0; #Success = 2; #Failed = 1; #Dropped = 4850
  └─ [nitro5:sd] end 23:51:30
  └─ [nitro5:ram] end 23:51:31
Target Time = 145.5; Load Intensity = 0.0; #Success = 0; #Failed = 0; #Dropped = 0
  └─ [nitro5:nic] end 23:51:31
  └─ [nitro5:cpu] end 23:51:31
Target Time = 146.5; Load Intensity = 0.0; #Success = 0; #Failed = 0; #Dropped = 0
Target Time = 147.5; Load Intensity = 0.0; #Success = 0; #Failed = 0; #Dropped = 0
Target Time = 148.5; Load Intensity = 0.0; #Success = 0; #Failed = 0; #Dropped = 0
Target Time = 149.5; Load Intensity = 0.0; #Success = 1; #Failed = 6; #Dropped = 10631
Target Time = 150.5; Load Intensity = 0.0; #Success = 2; #Failed = 0; #Dropped = 125
Target Time = 151.5; Load Intensity = 0.0; #Success = 0; #Failed = 0; #Dropped = 0
Target Time = 152.5; Load Intensity = 0.0; #Success = 2; #Failed = 0; #Dropped = 0
Target Time = 153.5; Load Intensity = 0.0; #Success = 0; #Failed = 0; #Dropped = 0
Target Time = 154.5; Load Intensity = 0.0; #Success = 1; #Failed = 0; #Dropped = 0
Target Time = 155.5; Load Intensity = 0.0; #Success = 2; #Failed = 0; #Dropped = 0
Target Time = 156.5; Load Intensity = 0.0; #Success = 0; #Failed = 0; #Dropped = 0
Target Time = 157.5; Load Intensity = 0.0; #Success = 1; #Failed = 0; #Dropped = 0
Target Time = 158.5; Load Intensity = 0.0; #Success = 1; #Failed = 0; #Dropped = 0
Target Time = 159.5; Load Intensity = 0.0; #Success = 0; #Failed = 0; #Dropped = 0
Target Time = 160.5; Load Intensity = 0.0; #Success = 3; #Failed = 1; #Dropped = 0
Target Time = 161.5; Load Intensity = 0.0; #Success = 2; #Failed = 0; #Dropped = 0
Target Time = 162.5; Load Intensity = 0.0; #Success = 8; #Failed = 0; #Dropped = 0
Target Time = 163.5; Load Intensity = 0.0; #Success = 4; #Failed = 3; #Dropped = 0
Target Time = 164.5; Load Intensity = 0.0; #Success = 4; #Failed = 6; #Dropped = 0
Target Time = 165.5; Load Intensity = 0.0; #Success = 22; #Failed = 0; #Dropped = 0
Target Time = 166.5; Load Intensity = 0.0; #Success = 0; #Failed = 0; #Dropped = 0
Target Time = 167.5; Load Intensity = 0.0; #Success = 0; #Failed = 0; #Dropped = 0
  └─ [scorpius:nic] end 23:51:54
Target Time = 168.5; Load Intensity = 0.0; #Success = 0; #Failed = 0; #Dropped = 0
  └─ [aspire:nic] end 23:51:54
  └─ [leo:nic] end 23:51:55
Connection timed out during banner exchange
Connection to 192.168.18.37 port 22 timed out
Target Time = 169.5; Load Intensity = 0.0; #Success = 0; #Failed = 0; #Dropped = 0
Target Time = 170.5; Load Intensity = 0.0; #Success = 0; #Failed = 0; #Dropped = 0
  └─ [leo:cpu] end 23:51:56
  └─ [scorpius:cpu] end 23:51:56
  └─ [scorpius:ram] end 23:51:57
  └─ [aspire:cpu] end 23:51:57
  └─ [aspire:ram] end 23:51:57
Target Time = 171.5; Load Intensity = 0.0; #Success = 1; #Failed = 0; #Dropped = 0
  └─ [scorpius:sd] end 23:51:58
Target Time = 172.5; Load Intensity = 0.0; #Success = 0; #Failed = 0; #Dropped = 0
  └─ [leo:sd] end 23:51:58
  └─ [leo:ram] end 23:51:58
=== Bloque 145s terminado - Fase: fase3_carga_high_iter1 ===
[🧹] Limpiando CSVs internos de ecofloc en cada nodo (fase: fase3_carga_high_iter1)...
  ✔ [nitro5:cpu] limpiado /home/luish/Documents/p3/ecofloc2/ecofloc/ecofloc-cpu/ECOFLOC_CPU_COMM_text.csv
  ✔ [nitro5:nic] limpiado /home/luish/Documents/p3/ecofloc2/ecofloc/ecofloc-nic/ECOFLOC_NIC_COMM_text.csv
  ✔ [nitro5:ram] limpiado /home/luish/Documents/p3/ecofloc2/ecofloc/ecofloc-ram/ECOFLOC_RAM_COMM_text.csv
  ✔ [nitro5:sd] limpiado /home/luish/Documents/p3/ecofloc2/ecofloc/ecofloc-sd/ECOFLOC_SD_COMM_text.csv
  ✔ [leo:cpu] limpiado /home/leo/ecofloc/ecofloc-cpu/ECOFLOC_CPU_COMM_text.csv
Target Time = 173.5; Load Intensity = 0.0; #Success = 0; #Failed = 1; #Dropped = 0
  ✔ [leo:nic] limpiado /home/leo/ecofloc/ecofloc-nic/ECOFLOC_NIC_COMM_text.csv
  ✔ [leo:ram] limpiado /home/leo/ecofloc/ecofloc-ram/ECOFLOC_RAM_COMM_text.csv
  ✔ [leo:sd] limpiado /home/leo/ecofloc/ecofloc-sd/ECOFLOC_SD_COMM_text.csv
  ✔ [aspire:cpu] limpiado /home/luish/Documents/p3/ecofloc2/ecofloc/ecofloc-cpu/ECOFLOC_CPU_COMM_text.csv
  ✔ [aspire:nic] limpiado /home/luish/Documents/p3/ecofloc2/ecofloc/ecofloc-nic/ECOFLOC_NIC_COMM_text.csv
  ✔ [aspire:ram] limpiado /home/luish/Documents/p3/ecofloc2/ecofloc/ecofloc-ram/ECOFLOC_RAM_COMM_text.csv
  ✔ [aspire:sd] limpiado /home/luish/Documents/p3/ecofloc2/ecofloc/ecofloc-sd/ECOFLOC_SD_COMM_text.csv
  ✔ [scorpius:cpu] limpiado /home/scorpius03/Documents/ecofloc/ecofloc-cpu/ECOFLOC_CPU_COMM_text.csv
  ✔ [scorpius:nic] limpiado /home/scorpius03/Documents/ecofloc/ecofloc-nic/ECOFLOC_NIC_COMM_text.csv
  ✔ [scorpius:ram] limpiado /home/scorpius03/Documents/ecofloc/ecofloc-ram/ECOFLOC_RAM_COMM_text.csv
  ✔ [scorpius:sd] limpiado /home/scorpius03/Documents/ecofloc/ecofloc-sd/ECOFLOC_SD_COMM_text.csv
========================================
🔋 MEASURE ENERGY FINALIZADO
   Fase: fase3_carga_high_iter1
========================================
Workload finished.
Log finished.
📄 LIMBO finalizado para scenario=high
⏳ [23:52:04] Esperando que termine medición: fase3_carga_high_iter1 (PID: 648968)
✔️ [23:52:04] Medición fase3_carga_high_iter1 completada
[📦] Archivando resultados → ./historyexecutions/exp(23:52:09)_fase3_high_iter1
[✔] Archivado: ./historyexecutions/exp(23:52:09)_fase3_high_iter1
🧹 Limpiando TeaStore (iter 1)...
⏸ Esperando 15s para limpieza completa...
✅ Iteración 1 / 15 del escenario high completada.

########################################################
🔄 ESCENARIO: high | ITERACIÓN: 2 / 15
   Hora: 23:52:57
########################################################
========================================
🔋 FASE 1: Descarga de imágenes (high, iter 2)
========================================
📋 Capturando PIDs (gepidstea.sh)...
📋 Capturando PIDs de contenedores (kpsnodos.sh)...
🔋 [23:53:15] Iniciando medición de energía: fase1_descarga_high_iter2 (25s)
   PID de medición: 1010771
🚀 Desplegando TeaStore desde /home/luish/Documents/death/teastore/TeaStore/examples/kubernetes/teastore-energy-scheduler.yaml...
========================================
🔋 MEASURE ENERGY - Fase: fase1_descarga_high_iter2
   Duración: 25s
   PID: 1010771
========================================
=== Medición bloque 25s - Fase: fase1_descarga_high_iter2 ===
[⏱ 23:53:15] Iniciando ecofloc en nitro5 por 25s (fase: fase1_descarga_high_iter2)
⏳ Esperando a que todos los pods de TeaStore estén Running y Ready...
  ├─ [nitro5:sd] start 23:53:15
  ├─ [nitro5:ram] start 23:53:15
  ├─ [nitro5:nic] start 23:53:16
[⏱ 23:53:16] Iniciando ecofloc en aspire por 25s (fase: fase1_descarga_high_iter2)
  ├─ [nitro5:cpu] start 23:53:16
  ├─ [aspire:sd] start 23:53:16
  ├─ [aspire:ram] start 23:53:16
  ├─ [aspire:nic] start 23:53:16
[⏱ 23:53:16] Iniciando ecofloc en scorpius por 25s (fase: fase1_descarga_high_iter2)
  ├─ [aspire:cpu] start 23:53:16
  ├─ [scorpius:sd] start 23:53:16
  ├─ [scorpius:ram] start 23:53:16
  ├─ [scorpius:nic] start 23:53:16
[⏱ 23:53:16] Iniciando ecofloc en leo por 25s (fase: fase1_descarga_high_iter2)
  ├─ [scorpius:cpu] start 23:53:16
  ├─ [leo:sd] start 23:53:16
  ├─ [leo:ram] start 23:53:16
  ├─ [leo:nic] start 23:53:16
  ├─ [leo:cpu] start 23:53:16
  └─ [nitro5:sd] end 23:53:40
  └─ [nitro5:ram] end 23:53:40
  └─ [nitro5:nic] end 23:53:41
  └─ [nitro5:cpu] end 23:53:41
  └─ [aspire:sd] end 23:53:52
  └─ [aspire:nic] end 23:53:52
  └─ [leo:cpu] end 23:53:52
  └─ [aspire:cpu] end 23:53:52
  └─ [scorpius:cpu] end 23:53:53
  └─ [aspire:ram] end 23:53:53
  └─ [leo:nic] end 23:53:53
  └─ [leo:ram] end 23:53:54
  └─ [leo:sd] end 23:53:54
  └─ [scorpius:nic] end 23:53:54
  └─ [scorpius:sd] end 23:53:56
  └─ [scorpius:ram] end 23:53:57
=== Bloque 25s terminado - Fase: fase1_descarga_high_iter2 ===
[🧹] Limpiando CSVs internos de ecofloc en cada nodo (fase: fase1_descarga_high_iter2)...
  ✔ [nitro5:cpu] limpiado /home/luish/Documents/p3/ecofloc2/ecofloc/ecofloc-cpu/ECOFLOC_CPU_COMM_text.csv
  ✔ [nitro5:nic] limpiado /home/luish/Documents/p3/ecofloc2/ecofloc/ecofloc-nic/ECOFLOC_NIC_COMM_text.csv
  ✔ [nitro5:ram] limpiado /home/luish/Documents/p3/ecofloc2/ecofloc/ecofloc-ram/ECOFLOC_RAM_COMM_text.csv
  ✔ [nitro5:sd] limpiado /home/luish/Documents/p3/ecofloc2/ecofloc/ecofloc-sd/ECOFLOC_SD_COMM_text.csv
  ✔ [leo:cpu] limpiado /home/leo/ecofloc/ecofloc-cpu/ECOFLOC_CPU_COMM_text.csv
  ✔ [leo:nic] limpiado /home/leo/ecofloc/ecofloc-nic/ECOFLOC_NIC_COMM_text.csv
  ✔ [leo:ram] limpiado /home/leo/ecofloc/ecofloc-ram/ECOFLOC_RAM_COMM_text.csv
  ✔ [leo:sd] limpiado /home/leo/ecofloc/ecofloc-sd/ECOFLOC_SD_COMM_text.csv
  ✔ [aspire:cpu] limpiado /home/luish/Documents/p3/ecofloc2/ecofloc/ecofloc-cpu/ECOFLOC_CPU_COMM_text.csv
  ✔ [aspire:nic] limpiado /home/luish/Documents/p3/ecofloc2/ecofloc/ecofloc-nic/ECOFLOC_NIC_COMM_text.csv
  ✔ [aspire:ram] limpiado /home/luish/Documents/p3/ecofloc2/ecofloc/ecofloc-ram/ECOFLOC_RAM_COMM_text.csv
  ✔ [aspire:sd] limpiado /home/luish/Documents/p3/ecofloc2/ecofloc/ecofloc-sd/ECOFLOC_SD_COMM_text.csv
  ✔ [scorpius:cpu] limpiado /home/scorpius03/Documents/ecofloc/ecofloc-cpu/ECOFLOC_CPU_COMM_text.csv
  ✔ [scorpius:nic] limpiado /home/scorpius03/Documents/ecofloc/ecofloc-nic/ECOFLOC_NIC_COMM_text.csv
  ✔ [scorpius:ram] limpiado /home/scorpius03/Documents/ecofloc/ecofloc-ram/ECOFLOC_RAM_COMM_text.csv
  ✔ [scorpius:sd] limpiado /home/scorpius03/Documents/ecofloc/ecofloc-sd/ECOFLOC_SD_COMM_text.csv
========================================
🔋 MEASURE ENERGY FINALIZADO
   Fase: fase1_descarga_high_iter2
========================================
⚠️ Algunos pods aún no están listos. Estado actual:
NAME                                    READY   STATUS              RESTARTS   AGE   IP               NODE                    NOMINATED NODE   READINESS GATES
teastore-auth-9db4fff68-k9rqj           1/1     Running             0          2m    172.16.91.9      scorpius03              <none>           <none>
teastore-db-6f845f696c-d5s5c            1/1     Running             0          2m    172.16.91.6      scorpius03              <none>           <none>
teastore-image-68d79b6fc5-nq5s9         1/1     Running             0          2m    172.16.139.196   luish-aspire-a315-55g   <none>           <none>
teastore-persistence-857fd5fb9b-cd2wt   1/1     Running             0          2m    172.16.91.8      scorpius03              <none>           <none>
teastore-recommender-75969f9dbc-pv8g8   0/1     ContainerCreating   0          2m    <none>           luish-nitro-an515-57    <none>           <none>
teastore-registry-8d49d9749-vxvfl       1/1     Running             0          2m    172.16.91.7      scorpius03              <none>           <none>
teastore-webui-ff7768544-r97j4          1/1     Running             0          2m    172.16.91.10     scorpius03              <none>           <none>
🔁 Reintentando espera...
✅ Pods listos.
⏳ [23:55:21] Esperando que termine medición: fase1_descarga_high_iter2 (PID: 1010771)
✔️ [23:55:21] Medición fase1_descarga_high_iter2 completada
[📦] Archivando resultados → ./historyexecutions/exp(23:55:26)_fase1_high_iter2
[✔] Archivado: ./historyexecutions/exp(23:55:26)_fase1_high_iter2
========================================
🔋 FASE 2: Preparación de servicios (high, iter 2)
========================================
📋 Capturando PIDs (gepidstea.sh)...
📋 Capturando PIDs de contenedores (kpsnodos.sh)...
🔋 [23:55:41] Iniciando medición de energía: fase2_preparacion_high_iter2 (50s)
   PID de medición: 1077582
========================================
🔋 MEASURE ENERGY - Fase: fase2_preparacion_high_iter2
   Duración: 50s
   PID: 1077582
========================================
=== Medición bloque 50s - Fase: fase2_preparacion_high_iter2 ===
[⏱ 23:55:41] Iniciando ecofloc en nitro5 por 50s (fase: fase2_preparacion_high_iter2)
⏳ Esperando 10s a que CoreDNS se estabilice...
  ├─ [nitro5:sd] start 23:55:42
  ├─ [nitro5:ram] start 23:55:42
  ├─ [nitro5:nic] start 23:55:43
[⏱ 23:55:43] Iniciando ecofloc en aspire por 50s (fase: fase2_preparacion_high_iter2)
  ├─ [nitro5:cpu] start 23:55:43
  ├─ [aspire:sd] start 23:55:43
  ├─ [aspire:ram] start 23:55:43
  ├─ [aspire:nic] start 23:55:43
[⏱ 23:55:43] Iniciando ecofloc en scorpius por 50s (fase: fase2_preparacion_high_iter2)
  ├─ [aspire:cpu] start 23:55:43
  ├─ [scorpius:sd] start 23:55:43
  ├─ [scorpius:ram] start 23:55:43
  ├─ [scorpius:nic] start 23:55:43
[⏱ 23:55:43] Iniciando ecofloc en leo por 50s (fase: fase2_preparacion_high_iter2)
  ├─ [scorpius:cpu] start 23:55:43
  ├─ [leo:sd] start 23:55:43
  ├─ [leo:nic] start 23:55:43
  ├─ [leo:cpu] start 23:55:43
  ├─ [leo:ram] start 23:55:43
➡️ Pod WebUI: teastore-webui-ff7768544-r97j4
➡️ Está en el nodo: scorpius03
🌐 IP del nodo WebUI: 192.168.18.34
⏳ Verificando estado del TeaStore en http://192.168.18.34:30080/tools.descartes.teastore.webui/status ...
   ➤ Estado actual: 5 / 5 servicios OK
✔ TODOS los servicios del TeaStore están OK. Continuando...
⏳ [23:55:58] Esperando que termine medición: fase2_preparacion_high_iter2 (PID: 1077582)
  └─ [nitro5:sd] end 23:56:32
  └─ [nitro5:ram] end 23:56:32
  └─ [nitro5:nic] end 23:56:33
  └─ [nitro5:cpu] end 23:56:33
  └─ [scorpius:sd] end 23:56:34
  └─ [aspire:cpu] end 23:56:34
  └─ [aspire:sd] end 23:56:34
  └─ [leo:cpu] end 23:56:35
  └─ [leo:sd] end 23:56:35
  └─ [scorpius:cpu] end 23:56:36
  └─ [leo:nic] end 23:56:36
  └─ [aspire:ram] end 23:56:36
  └─ [leo:ram] end 23:56:36
  └─ [aspire:nic] end 23:56:36
  └─ [scorpius:ram] end 23:56:36
  └─ [scorpius:nic] end 23:56:37
=== Bloque 50s terminado - Fase: fase2_preparacion_high_iter2 ===
[🧹] Limpiando CSVs internos de ecofloc en cada nodo (fase: fase2_preparacion_high_iter2)...
  ✔ [nitro5:cpu] limpiado /home/luish/Documents/p3/ecofloc2/ecofloc/ecofloc-cpu/ECOFLOC_CPU_COMM_text.csv
  ✔ [nitro5:nic] limpiado /home/luish/Documents/p3/ecofloc2/ecofloc/ecofloc-nic/ECOFLOC_NIC_COMM_text.csv
  ✔ [nitro5:ram] limpiado /home/luish/Documents/p3/ecofloc2/ecofloc/ecofloc-ram/ECOFLOC_RAM_COMM_text.csv
  ✔ [nitro5:sd] limpiado /home/luish/Documents/p3/ecofloc2/ecofloc/ecofloc-sd/ECOFLOC_SD_COMM_text.csv
  ✔ [leo:cpu] limpiado /home/leo/ecofloc/ecofloc-cpu/ECOFLOC_CPU_COMM_text.csv
  ✔ [leo:nic] limpiado /home/leo/ecofloc/ecofloc-nic/ECOFLOC_NIC_COMM_text.csv
  ✔ [leo:ram] limpiado /home/leo/ecofloc/ecofloc-ram/ECOFLOC_RAM_COMM_text.csv
  ✔ [leo:sd] limpiado /home/leo/ecofloc/ecofloc-sd/ECOFLOC_SD_COMM_text.csv
  ✔ [aspire:cpu] limpiado /home/luish/Documents/p3/ecofloc2/ecofloc/ecofloc-cpu/ECOFLOC_CPU_COMM_text.csv
  ✔ [aspire:nic] limpiado /home/luish/Documents/p3/ecofloc2/ecofloc/ecofloc-nic/ECOFLOC_NIC_COMM_text.csv
  ✔ [aspire:ram] limpiado /home/luish/Documents/p3/ecofloc2/ecofloc/ecofloc-ram/ECOFLOC_RAM_COMM_text.csv
  ✔ [aspire:sd] limpiado /home/luish/Documents/p3/ecofloc2/ecofloc/ecofloc-sd/ECOFLOC_SD_COMM_text.csv
  ✔ [scorpius:cpu] limpiado /home/scorpius03/Documents/ecofloc/ecofloc-cpu/ECOFLOC_CPU_COMM_text.csv
  ✔ [scorpius:nic] limpiado /home/scorpius03/Documents/ecofloc/ecofloc-nic/ECOFLOC_NIC_COMM_text.csv
  ✔ [scorpius:ram] limpiado /home/scorpius03/Documents/ecofloc/ecofloc-ram/ECOFLOC_RAM_COMM_text.csv
  ✔ [scorpius:sd] limpiado /home/scorpius03/Documents/ecofloc/ecofloc-sd/ECOFLOC_SD_COMM_text.csv
========================================
🔋 MEASURE ENERGY FINALIZADO
   Fase: fase2_preparacion_high_iter2
========================================
✔️ [23:56:40] Medición fase2_preparacion_high_iter2 completada
[📦] Archivando resultados → ./historyexecutions/exp(23:56:45)_fase2_high_iter2
[✔] Archivado: ./historyexecutions/exp(23:56:45)_fase2_high_iter2
========================================
🔋 FASE 3: Ejecución de carga (high, iter 2)
========================================
📋 Capturando PIDs (gepidstea.sh)...
📋 Capturando PIDs de contenedores (kpsnodos.sh)...
🔋 [23:57:02] Iniciando medición de energía: fase3_carga_high_iter2 (145s)
   PID de medición: 1218271
=== Escenario high (iter 2) ===
========================================
🔋 MEASURE ENERGY - Fase: fase3_carga_high_iter2
   Duración: 145s
   PID: 1218271
========================================
=== Medición bloque 145s - Fase: fase3_carga_high_iter2 ===
🚀 Iniciando LIMBO con profile=/home/luish/Documents/death/teastore/TeaStore/examples/httploadgenerator/increasingHighIntensity.csv y script=/home/luish/Documents/death/teastore/TeaStore/examples/httploadgenerator/teastore_buy.lua
[⏱ 23:57:03] Iniciando ecofloc en nitro5 por 145s (fase: fase3_carga_high_iter2)
Feb 26, 2026 11:57:03 PM tools.descartes.dlim.httploadgenerator.runner.Director executeDirector
WARNING: No power measurements
Feb 26, 2026 11:57:03 PM tools.descartes.dlim.httploadgenerator.runner.Director executeDirector
INFO: Load Generator Thread Count set to 64
Feb 26, 2026 11:57:03 PM tools.descartes.dlim.httploadgenerator.runner.Director executeDirector
INFO: URL connection timout set to 30000 ms
Feb 26, 2026 11:57:03 PM tools.descartes.dlim.httploadgenerator.runner.Director executeDirector
INFO: Using Lua Script: /home/luish/Documents/death/teastore/TeaStore/examples/httploadgenerator/teastore_buy.lua
Feb 26, 2026 11:57:03 PM tools.descartes.dlim.httploadgenerator.runner.Director process
INFO: Read 120 Arrival Rate Tuples
Load Generator sent: ok
Feb 26, 2026 11:57:03 PM tools.descartes.dlim.httploadgenerator.runner.Director process
INFO: Arrival Rates sent to Load Generator(s).
Load Generator sent: ok
Feb 26, 2026 11:57:03 PM tools.descartes.dlim.httploadgenerator.runner.Director process
INFO: Thread Count sent to Load Generator(s): 64
Load Generator sent: ok
Feb 26, 2026 11:57:03 PM tools.descartes.dlim.httploadgenerator.runner.Director process
INFO: URL connection timeout sent to Load Generator(s): 30000
Load Generator sent: ok
Feb 26, 2026 11:57:03 PM tools.descartes.dlim.httploadgenerator.runner.Director process
INFO: Contents of script sent to Load Generator: /home/luish/Documents/death/teastore/TeaStore/examples/httploadgenerator/teastore_buy.lua
Feb 26, 2026 11:57:03 PM tools.descartes.dlim.httploadgenerator.runner.Director process
INFO: Starting Load Generation
Beginning Run @1772168223278(26.02.2026;23:57:03278)
  ├─ [nitro5:sd] start 23:57:03
  ├─ [nitro5:ram] start 23:57:03
Target Time = 0.5; Load Intensity = 16.0; #Success = 0; #Failed = 0; #Dropped = 0
  ├─ [nitro5:nic] start 23:57:04
[⏱ 23:57:04] Iniciando ecofloc en aspire por 145s (fase: fase3_carga_high_iter2)
  ├─ [nitro5:cpu] start 23:57:04
  ├─ [aspire:sd] start 23:57:04
  ├─ [aspire:ram] start 23:57:04
[⏱ 23:57:04] Iniciando ecofloc en scorpius por 145s (fase: fase3_carga_high_iter2)
  ├─ [aspire:nic] start 23:57:04
  ├─ [aspire:cpu] start 23:57:04
  ├─ [scorpius:sd] start 23:57:04
  ├─ [scorpius:ram] start 23:57:04
[⏱ 23:57:04] Iniciando ecofloc en leo por 145s (fase: fase3_carga_high_iter2)
  ├─ [scorpius:nic] start 23:57:04
  ├─ [scorpius:cpu] start 23:57:04
  ├─ [leo:sd] start 23:57:04
  ├─ [leo:ram] start 23:57:04
  ├─ [leo:nic] start 23:57:04
  ├─ [leo:cpu] start 23:57:04
Target Time = 1.5; Load Intensity = 33.0; #Success = 0; #Failed = 0; #Dropped = 0
Target Time = 2.5; Load Intensity = 50.0; #Success = 0; #Failed = 5; #Dropped = 0
Target Time = 3.5; Load Intensity = 66.0; #Success = 24; #Failed = 0; #Dropped = 0
Target Time = 4.5; Load Intensity = 83.0; #Success = 15; #Failed = 0; #Dropped = 0
Target Time = 5.5; Load Intensity = 100.0; #Success = 22; #Failed = 0; #Dropped = 0
Target Time = 6.5; Load Intensity = 116.0; #Success = 9; #Failed = 0; #Dropped = 0
Target Time = 7.5; Load Intensity = 133.0; #Success = 57; #Failed = 0; #Dropped = 0
Target Time = 8.5; Load Intensity = 150.0; #Success = 23; #Failed = 2; #Dropped = 0
Target Time = 9.5; Load Intensity = 166.0; #Success = 1; #Failed = 0; #Dropped = 0
Target Time = 10.5; Load Intensity = 183.0; #Success = 0; #Failed = 0; #Dropped = 0
Target Time = 11.5; Load Intensity = 200.0; #Success = 0; #Failed = 0; #Dropped = 0
Target Time = 12.5; Load Intensity = 216.0; #Success = 0; #Failed = 0; #Dropped = 0
Target Time = 13.5; Load Intensity = 233.0; #Success = 21; #Failed = 0; #Dropped = 0
Target Time = 14.5; Load Intensity = 250.0; #Success = 8; #Failed = 0; #Dropped = 0
Target Time = 15.5; Load Intensity = 266.0; #Success = 6; #Failed = 0; #Dropped = 0
Target Time = 16.5; Load Intensity = 283.0; #Success = 6; #Failed = 0; #Dropped = 0
Target Time = 17.5; Load Intensity = 300.0; #Success = 0; #Failed = 0; #Dropped = 0
Target Time = 18.5; Load Intensity = 316.0; #Success = 0; #Failed = 0; #Dropped = 0
Target Time = 19.5; Load Intensity = 333.0; #Success = 0; #Failed = 0; #Dropped = 0
Target Time = 20.5; Load Intensity = 350.0; #Success = 0; #Failed = 0; #Dropped = 0
Target Time = 21.5; Load Intensity = 366.0; #Success = 0; #Failed = 0; #Dropped = 0
Target Time = 22.5; Load Intensity = 383.0; #Success = 0; #Failed = 0; #Dropped = 0
Target Time = 23.5; Load Intensity = 400.0; #Success = 1; #Failed = 1; #Dropped = 0
Target Time = 24.5; Load Intensity = 416.0; #Success = 0; #Failed = 2; #Dropped = 0
Target Time = 25.5; Load Intensity = 433.0; #Success = 0; #Failed = 0; #Dropped = 0
Target Time = 26.5; Load Intensity = 450.0; #Success = 3; #Failed = 7; #Dropped = 0
Target Time = 27.5; Load Intensity = 466.0; #Success = 2; #Failed = 26; #Dropped = 0
Target Time = 28.5; Load Intensity = 483.0; #Success = 2; #Failed = 8; #Dropped = 0
Target Time = 29.5; Load Intensity = 500.0; #Success = 3; #Failed = 2; #Dropped = 0
Target Time = 30.5; Load Intensity = 516.0; #Success = 1; #Failed = 1; #Dropped = 0
Target Time = 31.5; Load Intensity = 533.0; #Success = 1; #Failed = 1; #Dropped = 0
Target Time = 32.5; Load Intensity = 550.0; #Success = 0; #Failed = 11; #Dropped = 0
Target Time = 33.5; Load Intensity = 566.0; #Success = 0; #Failed = 0; #Dropped = 0
Target Time = 34.5; Load Intensity = 583.0; #Success = 0; #Failed = 31; #Dropped = 0
Target Time = 35.5; Load Intensity = 600.0; #Success = 1; #Failed = 13; #Dropped = 0
Target Time = 36.5; Load Intensity = 616.0; #Success = 1; #Failed = 9; #Dropped = 66
Target Time = 37.5; Load Intensity = 633.0; #Success = 0; #Failed = 0; #Dropped = 0
Target Time = 38.5; Load Intensity = 650.0; #Success = 0; #Failed = 0; #Dropped = 0
Target Time = 39.5; Load Intensity = 666.0; #Success = 1; #Failed = 0; #Dropped = 434
Target Time = 40.5; Load Intensity = 683.0; #Success = 0; #Failed = 0; #Dropped = 0
Target Time = 41.5; Load Intensity = 700.0; #Success = 0; #Failed = 0; #Dropped = 0
Target Time = 42.5; Load Intensity = 716.0; #Success = 0; #Failed = 0; #Dropped = 0
Target Time = 43.5; Load Intensity = 733.0; #Success = 1; #Failed = 0; #Dropped = 756
Target Time = 44.5; Load Intensity = 750.0; #Success = 1; #Failed = 0; #Dropped = 97
Target Time = 45.5; Load Intensity = 766.0; #Success = 0; #Failed = 0; #Dropped = 0
Target Time = 46.5; Load Intensity = 783.0; #Success = 0; #Failed = 0; #Dropped = 0
Target Time = 47.5; Load Intensity = 800.0; #Success = 0; #Failed = 3; #Dropped = 1078
Target Time = 48.5; Load Intensity = 816.0; #Success = 1; #Failed = 0; #Dropped = 198
Target Time = 49.5; Load Intensity = 833.0; #Success = 1; #Failed = 0; #Dropped = 134
Target Time = 50.5; Load Intensity = 850.0; #Success = 0; #Failed = 3; #Dropped = 678
Target Time = 51.5; Load Intensity = 866.0; #Success = 0; #Failed = 4; #Dropped = 273
Target Time = 52.5; Load Intensity = 883.0; #Success = 1; #Failed = 1; #Dropped = 307
Target Time = 53.5; Load Intensity = 900.0; #Success = 2; #Failed = 2; #Dropped = 541
Target Time = 54.5; Load Intensity = 916.0; #Success = 1; #Failed = 0; #Dropped = 162
Target Time = 55.5; Load Intensity = 933.0; #Success = 0; #Failed = 1; #Dropped = 584
Target Time = 56.5; Load Intensity = 950.0; #Success = 1; #Failed = 0; #Dropped = 445
Target Time = 57.5; Load Intensity = 966.0; #Success = 0; #Failed = 8; #Dropped = 651
Target Time = 58.5; Load Intensity = 983.0; #Success = 0; #Failed = 2; #Dropped = 38
Target Time = 59.5; Load Intensity = 1000.0; #Success = 0; #Failed = 0; #Dropped = 0
Target Time = 60.5; Load Intensity = 1016.0; #Success = 1; #Failed = 0; #Dropped = 1223
Target Time = 61.5; Load Intensity = 1033.0; #Success = 0; #Failed = 4; #Dropped = 636
Target Time = 62.5; Load Intensity = 1050.0; #Success = 0; #Failed = 0; #Dropped = 0
Target Time = 63.5; Load Intensity = 1066.0; #Success = 0; #Failed = 0; #Dropped = 0
Target Time = 64.5; Load Intensity = 1083.0; #Success = 16; #Failed = 0; #Dropped = 1771
Target Time = 65.5; Load Intensity = 1100.0; #Success = 6; #Failed = 0; #Dropped = 516
Target Time = 66.5; Load Intensity = 1116.0; #Success = 7; #Failed = 3; #Dropped = 562
Target Time = 67.5; Load Intensity = 1133.0; #Success = 0; #Failed = 2; #Dropped = 393
Target Time = 68.5; Load Intensity = 1150.0; #Success = 0; #Failed = 1; #Dropped = 590
Target Time = 69.5; Load Intensity = 1166.0; #Success = 3; #Failed = 1; #Dropped = 973
Target Time = 70.5; Load Intensity = 1183.0; #Success = 3; #Failed = 0; #Dropped = 150
Target Time = 71.5; Load Intensity = 1200.0; #Success = 12; #Failed = 0; #Dropped = 953
Target Time = 72.5; Load Intensity = 1216.0; #Success = 1; #Failed = 0; #Dropped = 808
Target Time = 73.5; Load Intensity = 1233.0; #Success = 1; #Failed = 0; #Dropped = 660
Target Time = 74.5; Load Intensity = 1250.0; #Success = 0; #Failed = 0; #Dropped = 0
Target Time = 75.5; Load Intensity = 1266.0; #Success = 0; #Failed = 0; #Dropped = 0
Target Time = 76.5; Load Intensity = 1283.0; #Success = 0; #Failed = 0; #Dropped = 0
Target Time = 77.5; Load Intensity = 1300.0; #Success = 5; #Failed = 0; #Dropped = 3373
Target Time = 78.5; Load Intensity = 1316.0; #Success = 5; #Failed = 0; #Dropped = 807
Target Time = 79.5; Load Intensity = 1333.0; #Success = 0; #Failed = 0; #Dropped = 0
Target Time = 80.5; Load Intensity = 1350.0; #Success = 3; #Failed = 6; #Dropped = 1723
Target Time = 81.5; Load Intensity = 1366.0; #Success = 3; #Failed = 5; #Dropped = 604
Target Time = 82.5; Load Intensity = 1383.0; #Success = 0; #Failed = 8; #Dropped = 1048
Target Time = 83.5; Load Intensity = 1400.0; #Success = 0; #Failed = 3; #Dropped = 447
Target Time = 84.5; Load Intensity = 1416.0; #Success = 1; #Failed = 4; #Dropped = 1168
Target Time = 85.5; Load Intensity = 1433.0; #Success = 0; #Failed = 7; #Dropped = 1289
Target Time = 86.5; Load Intensity = 1450.0; #Success = 2; #Failed = 24; #Dropped = 675
Target Time = 87.5; Load Intensity = 1466.0; #Success = 3; #Failed = 1; #Dropped = 1124
Target Time = 88.5; Load Intensity = 1483.0; #Success = 1; #Failed = 1; #Dropped = 770
Target Time = 89.5; Load Intensity = 1500.0; #Success = 2; #Failed = 15; #Dropped = 1029
Target Time = 90.5; Load Intensity = 1516.0; #Success = 0; #Failed = 9; #Dropped = 872
Target Time = 91.5; Load Intensity = 1533.0; #Success = 0; #Failed = 11; #Dropped = 1073
Target Time = 92.5; Load Intensity = 1550.0; #Success = 1; #Failed = 10; #Dropped = 1220
Target Time = 93.5; Load Intensity = 1566.0; #Success = 0; #Failed = 2; #Dropped = 1088
Target Time = 94.5; Load Intensity = 1583.0; #Success = 1; #Failed = 3; #Dropped = 409
Target Time = 95.5; Load Intensity = 1600.0; #Success = 0; #Failed = 25; #Dropped = 1746
Target Time = 96.5; Load Intensity = 1616.0; #Success = 1; #Failed = 5; #Dropped = 1086
Target Time = 97.5; Load Intensity = 1633.0; #Success = 1; #Failed = 2; #Dropped = 962
Target Time = 98.5; Load Intensity = 1650.0; #Success = 1; #Failed = 1; #Dropped = 1123
Target Time = 99.5; Load Intensity = 1666.0; #Success = 0; #Failed = 16; #Dropped = 1517
Target Time = 100.5; Load Intensity = 1683.0; #Success = 0; #Failed = 0; #Dropped = 0
Target Time = 101.5; Load Intensity = 1700.0; #Success = 0; #Failed = 6; #Dropped = 1416
Target Time = 102.5; Load Intensity = 1716.0; #Success = 1; #Failed = 17; #Dropped = 1782
Target Time = 103.5; Load Intensity = 1733.0; #Success = 0; #Failed = 0; #Dropped = 0
Target Time = 104.5; Load Intensity = 1750.0; #Success = 0; #Failed = 2; #Dropped = 3021
Target Time = 105.5; Load Intensity = 1766.0; #Success = 0; #Failed = 4; #Dropped = 485
Target Time = 106.5; Load Intensity = 1783.0; #Success = 1; #Failed = 33; #Dropped = 1692
Target Time = 107.5; Load Intensity = 1800.0; #Success = 0; #Failed = 1; #Dropped = 317
Target Time = 108.5; Load Intensity = 1816.0; #Success = 0; #Failed = 3; #Dropped = 2339
Target Time = 109.5; Load Intensity = 1833.0; #Success = 0; #Failed = 3; #Dropped = 1274
Target Time = 110.5; Load Intensity = 1850.0; #Success = 0; #Failed = 4; #Dropped = 1407
Target Time = 111.5; Load Intensity = 1866.0; #Success = 0; #Failed = 4; #Dropped = 992
Target Time = 112.5; Load Intensity = 1883.0; #Success = 0; #Failed = 4; #Dropped = 1762
Target Time = 113.5; Load Intensity = 1900.0; #Success = 0; #Failed = 10; #Dropped = 1460
Target Time = 114.5; Load Intensity = 1916.0; #Success = 0; #Failed = 5; #Dropped = 1284
Target Time = 115.5; Load Intensity = 1933.0; #Success = 0; #Failed = 5; #Dropped = 1269
Target Time = 116.5; Load Intensity = 1950.0; #Success = 1; #Failed = 6; #Dropped = 1573
Target Time = 117.5; Load Intensity = 1966.0; #Success = 0; #Failed = 0; #Dropped = 0
Target Time = 118.5; Load Intensity = 1983.0; #Success = 0; #Failed = 0; #Dropped = 0
Target Time = 119.5; Load Intensity = 2000.0; #Success = 1; #Failed = 22; #Dropped = 4408
Target Time = 120.5; Load Intensity = 0.0; #Success = 0; #Failed = 9; #Dropped = 1079
Target Time = 121.5; Load Intensity = 0.0; #Success = 1; #Failed = 0; #Dropped = 1981
Target Time = 122.5; Load Intensity = 0.0; #Success = 0; #Failed = 0; #Dropped = 0
Target Time = 123.5; Load Intensity = 0.0; #Success = 3; #Failed = 12; #Dropped = 3334
Target Time = 124.5; Load Intensity = 0.0; #Success = 0; #Failed = 17; #Dropped = 1170
Target Time = 125.5; Load Intensity = 0.0; #Success = 1; #Failed = 1; #Dropped = 1630
Target Time = 126.5; Load Intensity = 0.0; #Success = 0; #Failed = 0; #Dropped = 0
Target Time = 127.5; Load Intensity = 0.0; #Success = 1; #Failed = 2; #Dropped = 3444
Target Time = 128.5; Load Intensity = 0.0; #Success = 0; #Failed = 17; #Dropped = 1441
Target Time = 129.5; Load Intensity = 0.0; #Success = 4; #Failed = 14; #Dropped = 1709
Target Time = 130.5; Load Intensity = 0.0; #Success = 0; #Failed = 1; #Dropped = 1708
Target Time = 131.5; Load Intensity = 0.0; #Success = 0; #Failed = 1; #Dropped = 1770
Target Time = 132.5; Load Intensity = 0.0; #Success = 0; #Failed = 0; #Dropped = 0
Target Time = 133.5; Load Intensity = 0.0; #Success = 0; #Failed = 10; #Dropped = 3076
Target Time = 134.5; Load Intensity = 0.0; #Success = 1; #Failed = 19; #Dropped = 1858
Target Time = 135.5; Load Intensity = 0.0; #Success = 1; #Failed = 0; #Dropped = 1906
Target Time = 136.5; Load Intensity = 0.0; #Success = 0; #Failed = 2; #Dropped = 1710
Target Time = 137.5; Load Intensity = 0.0; #Success = 0; #Failed = 1; #Dropped = 1955
Target Time = 138.5; Load Intensity = 0.0; #Success = 0; #Failed = 5; #Dropped = 1957
Target Time = 139.5; Load Intensity = 0.0; #Success = 0; #Failed = 16; #Dropped = 1703
Target Time = 140.5; Load Intensity = 0.0; #Success = 0; #Failed = 6; #Dropped = 1494
Target Time = 141.5; Load Intensity = 0.0; #Success = 0; #Failed = 0; #Dropped = 0
Target Time = 142.5; Load Intensity = 0.0; #Success = 1; #Failed = 0; #Dropped = 2712
Target Time = 143.5; Load Intensity = 0.0; #Success = 0; #Failed = 0; #Dropped = 0
Target Time = 144.5; Load Intensity = 0.0; #Success = 0; #Failed = 3; #Dropped = 3500
  └─ [nitro5:sd] end 23:59:28
Target Time = 145.5; Load Intensity = 0.0; #Success = 0; #Failed = 9; #Dropped = 3286
  └─ [nitro5:ram] end 23:59:28
  └─ [nitro5:nic] end 23:59:29
  └─ [nitro5:cpu] end 23:59:29
Target Time = 146.5; Load Intensity = 0.0; #Success = 0; #Failed = 10; #Dropped = 2208
Target Time = 147.5; Load Intensity = 0.0; #Success = 2; #Failed = 6; #Dropped = 1324
Target Time = 148.5; Load Intensity = 0.0; #Success = 1; #Failed = 0; #Dropped = 1874
Target Time = 149.5; Load Intensity = 0.0; #Success = 2; #Failed = 1; #Dropped = 2473
Target Time = 150.5; Load Intensity = 0.0; #Success = 0; #Failed = 3; #Dropped = 361
Target Time = 151.5; Load Intensity = 0.0; #Success = 0; #Failed = 16; #Dropped = 0
  └─ [leo:nic] end 23:59:35
  └─ [leo:cpu] end 23:59:35
Target Time = 152.5; Load Intensity = 0.0; #Success = 1; #Failed = 18; #Dropped = 0
  └─ [leo:sd] end 23:59:35
  └─ [leo:ram] end 23:59:36
Target Time = 153.5; Load Intensity = 0.0; #Success = 0; #Failed = 5; #Dropped = 0
  └─ [scorpius:nic] end 23:59:37
Target Time = 154.5; Load Intensity = 0.0; #Success = 0; #Failed = 1; #Dropped = 0
  └─ [scorpius:cpu] end 23:59:38
Target Time = 155.5; Load Intensity = 0.0; #Success = 0; #Failed = 4; #Dropped = 0
  └─ [scorpius:sd] end 23:59:39
Target Time = 156.5; Load Intensity = 0.0; #Success = 0; #Failed = 5; #Dropped = 0
  └─ [scorpius:ram] end 23:59:40
Target Time = 157.5; Load Intensity = 0.0; #Success = 0; #Failed = 7; #Dropped = 0
Target Time = 158.5; Load Intensity = 0.0; #Success = 0; #Failed = 0; #Dropped = 0
Target Time = 159.5; Load Intensity = 0.0; #Success = 1; #Failed = 0; #Dropped = 0
Target Time = 160.5; Load Intensity = 0.0; #Success = 2; #Failed = 0; #Dropped = 0
  └─ [aspire:nic] end 23:59:43
  └─ [aspire:sd] end 23:59:44
  └─ [aspire:cpu] end 23:59:44
  └─ [aspire:ram] end 23:59:44
=== Bloque 145s terminado - Fase: fase3_carga_high_iter2 ===
[🧹] Limpiando CSVs internos de ecofloc en cada nodo (fase: fase3_carga_high_iter2)...
  ✔ [nitro5:cpu] limpiado /home/luish/Documents/p3/ecofloc2/ecofloc/ecofloc-cpu/ECOFLOC_CPU_COMM_text.csv
  ✔ [nitro5:nic] limpiado /home/luish/Documents/p3/ecofloc2/ecofloc/ecofloc-nic/ECOFLOC_NIC_COMM_text.csv
  ✔ [nitro5:ram] limpiado /home/luish/Documents/p3/ecofloc2/ecofloc/ecofloc-ram/ECOFLOC_RAM_COMM_text.csv
  ✔ [nitro5:sd] limpiado /home/luish/Documents/p3/ecofloc2/ecofloc/ecofloc-sd/ECOFLOC_SD_COMM_text.csv
Target Time = 161.5; Load Intensity = 0.0; #Success = 1; #Failed = 0; #Dropped = 0
  ✔ [leo:cpu] limpiado /home/leo/ecofloc/ecofloc-cpu/ECOFLOC_CPU_COMM_text.csv
  ✔ [leo:nic] limpiado /home/leo/ecofloc/ecofloc-nic/ECOFLOC_NIC_COMM_text.csv
  ✔ [leo:ram] limpiado /home/leo/ecofloc/ecofloc-ram/ECOFLOC_RAM_COMM_text.csv
  ✔ [leo:sd] limpiado /home/leo/ecofloc/ecofloc-sd/ECOFLOC_SD_COMM_text.csv
  ✔ [aspire:cpu] limpiado /home/luish/Documents/p3/ecofloc2/ecofloc/ecofloc-cpu/ECOFLOC_CPU_COMM_text.csv
  ✔ [aspire:nic] limpiado /home/luish/Documents/p3/ecofloc2/ecofloc/ecofloc-nic/ECOFLOC_NIC_COMM_text.csv
  ✔ [aspire:ram] limpiado /home/luish/Documents/p3/ecofloc2/ecofloc/ecofloc-ram/ECOFLOC_RAM_COMM_text.csv
  ✔ [aspire:sd] limpiado /home/luish/Documents/p3/ecofloc2/ecofloc/ecofloc-sd/ECOFLOC_SD_COMM_text.csv
  ✔ [scorpius:cpu] limpiado /home/scorpius03/Documents/ecofloc/ecofloc-cpu/ECOFLOC_CPU_COMM_text.csv
  ✔ [scorpius:nic] limpiado /home/scorpius03/Documents/ecofloc/ecofloc-nic/ECOFLOC_NIC_COMM_text.csv
  ✔ [scorpius:ram] limpiado /home/scorpius03/Documents/ecofloc/ecofloc-ram/ECOFLOC_RAM_COMM_text.csv
  ✔ [scorpius:sd] limpiado /home/scorpius03/Documents/ecofloc/ecofloc-sd/ECOFLOC_SD_COMM_text.csv
========================================
🔋 MEASURE ENERGY FINALIZADO
   Fase: fase3_carga_high_iter2
========================================
Workload finished.
Log finished.
📄 LIMBO finalizado para scenario=high
⏳ [23:59:49] Esperando que termine medición: fase3_carga_high_iter2 (PID: 1218271)
✔️ [23:59:49] Medición fase3_carga_high_iter2 completada
[📦] Archivando resultados → ./historyexecutions/exp(23:59:54)_fase3_high_iter2
[✔] Archivado: ./historyexecutions/exp(23:59:54)_fase3_high_iter2
🧹 Limpiando TeaStore (iter 2)...
⏸ Esperando 15s para limpieza completa...
✅ Iteración 2 / 15 del escenario high completada.

########################################################
🔄 ESCENARIO: high | ITERACIÓN: 3 / 15
   Hora: 00:00:42
########################################################
========================================
🔋 FASE 1: Descarga de imágenes (high, iter 3)
========================================
📋 Capturando PIDs (gepidstea.sh)...
📋 Capturando PIDs de contenedores (kpsnodos.sh)...
🔋 [00:01:02] Iniciando medición de energía: fase1_descarga_high_iter3 (25s)
   PID de medición: 1611639
🚀 Desplegando TeaStore desde /home/luish/Documents/death/teastore/TeaStore/examples/kubernetes/teastore-energy-scheduler.yaml...
========================================
🔋 MEASURE ENERGY - Fase: fase1_descarga_high_iter3
   Duración: 25s
   PID: 1611639
========================================
=== Medición bloque 25s - Fase: fase1_descarga_high_iter3 ===
[⏱ 00:01:02] Iniciando ecofloc en nitro5 por 25s (fase: fase1_descarga_high_iter3)
⏳ Esperando a que todos los pods de TeaStore estén Running y Ready...
  ├─ [nitro5:sd] start 00:01:03
  ├─ [nitro5:ram] start 00:01:03
  ├─ [nitro5:nic] start 00:01:04
[⏱ 00:01:04] Iniciando ecofloc en aspire por 25s (fase: fase1_descarga_high_iter3)
  ├─ [nitro5:cpu] start 00:01:04
  ├─ [aspire:sd] start 00:01:04
  ├─ [aspire:ram] start 00:01:04
[⏱ 00:01:04] Iniciando ecofloc en scorpius por 25s (fase: fase1_descarga_high_iter3)
  ├─ [aspire:nic] start 00:01:04
  ├─ [aspire:cpu] start 00:01:04
  ├─ [scorpius:sd] start 00:01:04
  ├─ [scorpius:ram] start 00:01:04
  ├─ [scorpius:nic] start 00:01:04
[⏱ 00:01:04] Iniciando ecofloc en leo por 25s (fase: fase1_descarga_high_iter3)
  ├─ [scorpius:cpu] start 00:01:04
  ├─ [leo:sd] start 00:01:04
  ├─ [leo:ram] start 00:01:04
  ├─ [leo:nic] start 00:01:04
  ├─ [leo:cpu] start 00:01:04
✅ Pods listos.
⏳ [00:01:06] Esperando que termine medición: fase1_descarga_high_iter3 (PID: 1611639)
  └─ [nitro5:sd] end 00:01:28
  └─ [nitro5:ram] end 00:01:28
  └─ [nitro5:nic] end 00:01:29
  └─ [nitro5:cpu] end 00:01:29
  └─ [leo:cpu] end 00:01:30
  └─ [leo:ram] end 00:01:30
  └─ [leo:sd] end 00:01:30
  └─ [aspire:cpu] end 00:01:30
  └─ [aspire:sd] end 00:01:30
  └─ [scorpius:sd] end 00:01:30
  └─ [scorpius:cpu] end 00:01:30
  └─ [leo:nic] end 00:01:31
  └─ [aspire:nic] end 00:01:31
  └─ [aspire:ram] end 00:01:31
  └─ [scorpius:nic] end 00:01:31
  └─ [scorpius:ram] end 00:01:31
=== Bloque 25s terminado - Fase: fase1_descarga_high_iter3 ===
[🧹] Limpiando CSVs internos de ecofloc en cada nodo (fase: fase1_descarga_high_iter3)...
  ✔ [nitro5:cpu] limpiado /home/luish/Documents/p3/ecofloc2/ecofloc/ecofloc-cpu/ECOFLOC_CPU_COMM_text.csv
  ✔ [nitro5:nic] limpiado /home/luish/Documents/p3/ecofloc2/ecofloc/ecofloc-nic/ECOFLOC_NIC_COMM_text.csv
  ✔ [nitro5:ram] limpiado /home/luish/Documents/p3/ecofloc2/ecofloc/ecofloc-ram/ECOFLOC_RAM_COMM_text.csv
  ✔ [nitro5:sd] limpiado /home/luish/Documents/p3/ecofloc2/ecofloc/ecofloc-sd/ECOFLOC_SD_COMM_text.csv
  ✔ [leo:cpu] limpiado /home/leo/ecofloc/ecofloc-cpu/ECOFLOC_CPU_COMM_text.csv
  ✔ [leo:nic] limpiado /home/leo/ecofloc/ecofloc-nic/ECOFLOC_NIC_COMM_text.csv
  ✔ [leo:ram] limpiado /home/leo/ecofloc/ecofloc-ram/ECOFLOC_RAM_COMM_text.csv
  ✔ [leo:sd] limpiado /home/leo/ecofloc/ecofloc-sd/ECOFLOC_SD_COMM_text.csv
  ✔ [aspire:cpu] limpiado /home/luish/Documents/p3/ecofloc2/ecofloc/ecofloc-cpu/ECOFLOC_CPU_COMM_text.csv
  ✔ [aspire:nic] limpiado /home/luish/Documents/p3/ecofloc2/ecofloc/ecofloc-nic/ECOFLOC_NIC_COMM_text.csv
  ✔ [aspire:ram] limpiado /home/luish/Documents/p3/ecofloc2/ecofloc/ecofloc-ram/ECOFLOC_RAM_COMM_text.csv
  ✔ [aspire:sd] limpiado /home/luish/Documents/p3/ecofloc2/ecofloc/ecofloc-sd/ECOFLOC_SD_COMM_text.csv
  ✔ [scorpius:cpu] limpiado /home/scorpius03/Documents/ecofloc/ecofloc-cpu/ECOFLOC_CPU_COMM_text.csv
  ✔ [scorpius:nic] limpiado /home/scorpius03/Documents/ecofloc/ecofloc-nic/ECOFLOC_NIC_COMM_text.csv
  ✔ [scorpius:ram] limpiado /home/scorpius03/Documents/ecofloc/ecofloc-ram/ECOFLOC_RAM_COMM_text.csv
  ✔ [scorpius:sd] limpiado /home/scorpius03/Documents/ecofloc/ecofloc-sd/ECOFLOC_SD_COMM_text.csv
========================================
🔋 MEASURE ENERGY FINALIZADO
   Fase: fase1_descarga_high_iter3
========================================
✔️ [00:01:35] Medición fase1_descarga_high_iter3 completada
[📦] Archivando resultados → ./historyexecutions/exp(00:01:40)_fase1_high_iter3
[✔] Archivado: ./historyexecutions/exp(00:01:40)_fase1_high_iter3
========================================
🔋 FASE 2: Preparación de servicios (high, iter 3)
========================================
📋 Capturando PIDs (gepidstea.sh)...
📋 Capturando PIDs de contenedores (kpsnodos.sh)...
🔋 [00:01:58] Iniciando medición de energía: fase2_preparacion_high_iter3 (50s)
   PID de medición: 1678444
========================================
🔋 MEASURE ENERGY - Fase: fase2_preparacion_high_iter3
   Duración: 50s
   PID: 1678444
========================================
=== Medición bloque 50s - Fase: fase2_preparacion_high_iter3 ===
[⏱ 00:01:58] Iniciando ecofloc en nitro5 por 50s (fase: fase2_preparacion_high_iter3)
⏳ Esperando 10s a que CoreDNS se estabilice...
  ├─ [nitro5:sd] start 00:01:58
  ├─ [nitro5:ram] start 00:01:59
  ├─ [nitro5:nic] start 00:01:59
[⏱ 00:01:59] Iniciando ecofloc en aspire por 50s (fase: fase2_preparacion_high_iter3)
  ├─ [nitro5:cpu] start 00:01:59
  ├─ [aspire:sd] start 00:01:59
  ├─ [aspire:ram] start 00:01:59
  ├─ [aspire:nic] start 00:01:59
[⏱ 00:01:59] Iniciando ecofloc en scorpius por 50s (fase: fase2_preparacion_high_iter3)
  ├─ [aspire:cpu] start 00:01:59
  ├─ [scorpius:sd] start 00:01:59
  ├─ [scorpius:ram] start 00:01:59
  ├─ [scorpius:nic] start 00:01:59
[⏱ 00:01:59] Iniciando ecofloc en leo por 50s (fase: fase2_preparacion_high_iter3)
  ├─ [scorpius:cpu] start 00:01:59
  ├─ [leo:sd] start 00:01:59
  ├─ [leo:nic] start 00:01:59
  ├─ [leo:ram] start 00:01:59
  ├─ [leo:cpu] start 00:01:59
➡️ Pod WebUI: teastore-webui-ff7768544-r68f9
➡️ Está en el nodo: luish-aspire-a315-55g
🌐 IP del nodo WebUI: 192.168.18.37
⏳ Verificando estado del TeaStore en http://192.168.18.37:30080/tools.descartes.teastore.webui/status ...
   ➤ Estado actual: 5 / 5 servicios OK
✔ TODOS los servicios del TeaStore están OK. Continuando...
⏳ [00:02:12] Esperando que termine medición: fase2_preparacion_high_iter3 (PID: 1678444)
  └─ [nitro5:sd] end 00:02:48
  └─ [nitro5:ram] end 00:02:49
  └─ [nitro5:nic] end 00:02:49
  └─ [nitro5:cpu] end 00:02:49
  └─ [aspire:cpu] end 00:02:51
  └─ [scorpius:cpu] end 00:02:52
  └─ [leo:cpu] end 00:02:52
  └─ [leo:sd] end 00:02:52
  └─ [aspire:sd] end 00:02:52
  └─ [scorpius:sd] end 00:02:52
  └─ [leo:nic] end 00:02:53
  └─ [leo:ram] end 00:02:53
  └─ [aspire:ram] end 00:02:53
  └─ [scorpius:nic] end 00:02:53
  └─ [scorpius:ram] end 00:02:53
  └─ [aspire:nic] end 00:02:53
=== Bloque 50s terminado - Fase: fase2_preparacion_high_iter3 ===
[🧹] Limpiando CSVs internos de ecofloc en cada nodo (fase: fase2_preparacion_high_iter3)...
  ✔ [nitro5:cpu] limpiado /home/luish/Documents/p3/ecofloc2/ecofloc/ecofloc-cpu/ECOFLOC_CPU_COMM_text.csv
  ✔ [nitro5:nic] limpiado /home/luish/Documents/p3/ecofloc2/ecofloc/ecofloc-nic/ECOFLOC_NIC_COMM_text.csv
  ✔ [nitro5:ram] limpiado /home/luish/Documents/p3/ecofloc2/ecofloc/ecofloc-ram/ECOFLOC_RAM_COMM_text.csv
  ✔ [nitro5:sd] limpiado /home/luish/Documents/p3/ecofloc2/ecofloc/ecofloc-sd/ECOFLOC_SD_COMM_text.csv
  ✔ [leo:cpu] limpiado /home/leo/ecofloc/ecofloc-cpu/ECOFLOC_CPU_COMM_text.csv
  ✔ [leo:nic] limpiado /home/leo/ecofloc/ecofloc-nic/ECOFLOC_NIC_COMM_text.csv
  ✔ [leo:ram] limpiado /home/leo/ecofloc/ecofloc-ram/ECOFLOC_RAM_COMM_text.csv
  ✔ [leo:sd] limpiado /home/leo/ecofloc/ecofloc-sd/ECOFLOC_SD_COMM_text.csv
  ✔ [aspire:cpu] limpiado /home/luish/Documents/p3/ecofloc2/ecofloc/ecofloc-cpu/ECOFLOC_CPU_COMM_text.csv
  ✔ [aspire:nic] limpiado /home/luish/Documents/p3/ecofloc2/ecofloc/ecofloc-nic/ECOFLOC_NIC_COMM_text.csv
  ✔ [aspire:ram] limpiado /home/luish/Documents/p3/ecofloc2/ecofloc/ecofloc-ram/ECOFLOC_RAM_COMM_text.csv
  ✔ [aspire:sd] limpiado /home/luish/Documents/p3/ecofloc2/ecofloc/ecofloc-sd/ECOFLOC_SD_COMM_text.csv
  ✔ [scorpius:cpu] limpiado /home/scorpius03/Documents/ecofloc/ecofloc-cpu/ECOFLOC_CPU_COMM_text.csv
  ✔ [scorpius:nic] limpiado /home/scorpius03/Documents/ecofloc/ecofloc-nic/ECOFLOC_NIC_COMM_text.csv
  ✔ [scorpius:ram] limpiado /home/scorpius03/Documents/ecofloc/ecofloc-ram/ECOFLOC_RAM_COMM_text.csv
  ✔ [scorpius:sd] limpiado /home/scorpius03/Documents/ecofloc/ecofloc-sd/ECOFLOC_SD_COMM_text.csv
========================================
🔋 MEASURE ENERGY FINALIZADO
   Fase: fase2_preparacion_high_iter3
========================================
✔️ [00:02:57] Medición fase2_preparacion_high_iter3 completada
[📦] Archivando resultados → ./historyexecutions/exp(00:03:02)_fase2_high_iter3
[✔] Archivado: ./historyexecutions/exp(00:03:02)_fase2_high_iter3
========================================
🔋 FASE 3: Ejecución de carga (high, iter 3)
========================================
📋 Capturando PIDs (gepidstea.sh)...
📋 Capturando PIDs de contenedores (kpsnodos.sh)...
🔋 [00:03:19] Iniciando medición de energía: fase3_carga_high_iter3 (145s)
   PID de medición: 1809392
=== Escenario high (iter 3) ===
========================================
🔋 MEASURE ENERGY - Fase: fase3_carga_high_iter3
   Duración: 145s
   PID: 1809392
========================================
=== Medición bloque 145s - Fase: fase3_carga_high_iter3 ===
🚀 Iniciando LIMBO con profile=/home/luish/Documents/death/teastore/TeaStore/examples/httploadgenerator/increasingHighIntensity.csv y script=/home/luish/Documents/death/teastore/TeaStore/examples/httploadgenerator/teastore_buy.lua
[⏱ 00:03:19] Iniciando ecofloc en nitro5 por 145s (fase: fase3_carga_high_iter3)
Feb 27, 2026 12:03:19 AM tools.descartes.dlim.httploadgenerator.runner.Director executeDirector
WARNING: No power measurements
Feb 27, 2026 12:03:19 AM tools.descartes.dlim.httploadgenerator.runner.Director executeDirector
INFO: Load Generator Thread Count set to 64
Feb 27, 2026 12:03:19 AM tools.descartes.dlim.httploadgenerator.runner.Director executeDirector
INFO: URL connection timout set to 30000 ms
Feb 27, 2026 12:03:19 AM tools.descartes.dlim.httploadgenerator.runner.Director executeDirector
INFO: Using Lua Script: /home/luish/Documents/death/teastore/TeaStore/examples/httploadgenerator/teastore_buy.lua
Feb 27, 2026 12:03:19 AM tools.descartes.dlim.httploadgenerator.runner.Director process
INFO: Read 120 Arrival Rate Tuples
Load Generator sent: ok
Feb 27, 2026 12:03:19 AM tools.descartes.dlim.httploadgenerator.runner.Director process
INFO: Arrival Rates sent to Load Generator(s).
Load Generator sent: ok
Feb 27, 2026 12:03:19 AM tools.descartes.dlim.httploadgenerator.runner.Director process
INFO: Thread Count sent to Load Generator(s): 64
Load Generator sent: ok
Feb 27, 2026 12:03:19 AM tools.descartes.dlim.httploadgenerator.runner.Director process
INFO: URL connection timeout sent to Load Generator(s): 30000
Load Generator sent: ok
Feb 27, 2026 12:03:19 AM tools.descartes.dlim.httploadgenerator.runner.Director process
INFO: Contents of script sent to Load Generator: /home/luish/Documents/death/teastore/TeaStore/examples/httploadgenerator/teastore_buy.lua
Feb 27, 2026 12:03:19 AM tools.descartes.dlim.httploadgenerator.runner.Director process
INFO: Starting Load Generation
Beginning Run @1772168599820(27.02.2026;00:03:19820)
  ├─ [nitro5:sd] start 00:03:20
Target Time = 0.5; Load Intensity = 16.0; #Success = 0; #Failed = 0; #Dropped = 0
  ├─ [nitro5:ram] start 00:03:20
  ├─ [nitro5:nic] start 00:03:20
[⏱ 00:03:21] Iniciando ecofloc en aspire por 145s (fase: fase3_carga_high_iter3)
  ├─ [nitro5:cpu] start 00:03:21
  ├─ [aspire:sd] start 00:03:21
  ├─ [aspire:ram] start 00:03:21
[⏱ 00:03:21] Iniciando ecofloc en scorpius por 145s (fase: fase3_carga_high_iter3)
  ├─ [aspire:nic] start 00:03:21
  ├─ [aspire:cpu] start 00:03:21
  ├─ [scorpius:sd] start 00:03:21
[⏱ 00:03:21] Iniciando ecofloc en leo por 145s (fase: fase3_carga_high_iter3)
  ├─ [scorpius:ram] start 00:03:21
  ├─ [scorpius:nic] start 00:03:21
  ├─ [leo:sd] start 00:03:21
  ├─ [leo:ram] start 00:03:21
  ├─ [scorpius:cpu] start 00:03:21
  ├─ [leo:cpu] start 00:03:21
  ├─ [leo:nic] start 00:03:21
Target Time = 1.5; Load Intensity = 33.0; #Success = 5; #Failed = 5; #Dropped = 0
Target Time = 2.5; Load Intensity = 50.0; #Success = 34; #Failed = 0; #Dropped = 0
Target Time = 3.5; Load Intensity = 66.0; #Success = 17; #Failed = 0; #Dropped = 0
Target Time = 4.5; Load Intensity = 83.0; #Success = 36; #Failed = 0; #Dropped = 0
Target Time = 5.5; Load Intensity = 100.0; #Success = 5; #Failed = 0; #Dropped = 0
Target Time = 6.5; Load Intensity = 116.0; #Success = 30; #Failed = 0; #Dropped = 0
Target Time = 7.5; Load Intensity = 133.0; #Success = 4; #Failed = 0; #Dropped = 0
Target Time = 8.5; Load Intensity = 150.0; #Success = 13; #Failed = 0; #Dropped = 0
Target Time = 9.5; Load Intensity = 166.0; #Success = 33; #Failed = 0; #Dropped = 0
Target Time = 10.5; Load Intensity = 183.0; #Success = 15; #Failed = 0; #Dropped = 0
Target Time = 11.5; Load Intensity = 200.0; #Success = 0; #Failed = 0; #Dropped = 0
Target Time = 12.5; Load Intensity = 216.0; #Success = 0; #Failed = 0; #Dropped = 0
Target Time = 13.5; Load Intensity = 233.0; #Success = 0; #Failed = 0; #Dropped = 0
Target Time = 14.5; Load Intensity = 250.0; #Success = 0; #Failed = 0; #Dropped = 0
Target Time = 15.5; Load Intensity = 266.0; #Success = 0; #Failed = 0; #Dropped = 0
Target Time = 16.5; Load Intensity = 283.0; #Success = 0; #Failed = 0; #Dropped = 0
Target Time = 17.5; Load Intensity = 300.0; #Success = 0; #Failed = 0; #Dropped = 0
Target Time = 18.5; Load Intensity = 316.0; #Success = 0; #Failed = 0; #Dropped = 0
Target Time = 19.5; Load Intensity = 333.0; #Success = 0; #Failed = 0; #Dropped = 0
Target Time = 20.5; Load Intensity = 350.0; #Success = 0; #Failed = 0; #Dropped = 0
Target Time = 21.5; Load Intensity = 366.0; #Success = 0; #Failed = 0; #Dropped = 0
Target Time = 22.5; Load Intensity = 383.0; #Success = 0; #Failed = 0; #Dropped = 0
Target Time = 23.5; Load Intensity = 400.0; #Success = 0; #Failed = 0; #Dropped = 0
Target Time = 24.5; Load Intensity = 416.0; #Success = 0; #Failed = 0; #Dropped = 0
Target Time = 25.5; Load Intensity = 433.0; #Success = 0; #Failed = 6; #Dropped = 0
Target Time = 26.5; Load Intensity = 450.0; #Success = 0; #Failed = 0; #Dropped = 0
Target Time = 27.5; Load Intensity = 466.0; #Success = 0; #Failed = 0; #Dropped = 0
Target Time = 28.5; Load Intensity = 483.0; #Success = 0; #Failed = 2; #Dropped = 0
Target Time = 29.5; Load Intensity = 500.0; #Success = 0; #Failed = 0; #Dropped = 0
Target Time = 30.5; Load Intensity = 516.0; #Success = 0; #Failed = 6; #Dropped = 0
Target Time = 31.5; Load Intensity = 533.0; #Success = 0; #Failed = 5; #Dropped = 0
Target Time = 32.5; Load Intensity = 550.0; #Success = 0; #Failed = 11; #Dropped = 0
Target Time = 33.5; Load Intensity = 566.0; #Success = 0; #Failed = 12; #Dropped = 0
Target Time = 34.5; Load Intensity = 583.0; #Success = 0; #Failed = 1; #Dropped = 0
Target Time = 35.5; Load Intensity = 600.0; #Success = 0; #Failed = 0; #Dropped = 0
Target Time = 36.5; Load Intensity = 616.0; #Success = 0; #Failed = 1; #Dropped = 152
Target Time = 37.5; Load Intensity = 633.0; #Success = 1; #Failed = 0; #Dropped = 138
Target Time = 38.5; Load Intensity = 650.0; #Success = 2; #Failed = 0; #Dropped = 122
Target Time = 39.5; Load Intensity = 666.0; #Success = 11; #Failed = 6; #Dropped = 201
Target Time = 40.5; Load Intensity = 683.0; #Success = 0; #Failed = 0; #Dropped = 0
Target Time = 41.5; Load Intensity = 700.0; #Success = 0; #Failed = 0; #Dropped = 0
Target Time = 42.5; Load Intensity = 716.0; #Success = 0; #Failed = 0; #Dropped = 0
Target Time = 43.5; Load Intensity = 733.0; #Success = 0; #Failed = 0; #Dropped = 0
Target Time = 44.5; Load Intensity = 750.0; #Success = 0; #Failed = 0; #Dropped = 0
Target Time = 45.5; Load Intensity = 766.0; #Success = 0; #Failed = 0; #Dropped = 0
Target Time = 46.5; Load Intensity = 783.0; #Success = 0; #Failed = 0; #Dropped = 0
Target Time = 47.5; Load Intensity = 800.0; #Success = 0; #Failed = 1; #Dropped = 1906
Target Time = 48.5; Load Intensity = 816.0; #Success = 0; #Failed = 1; #Dropped = 86
Target Time = 49.5; Load Intensity = 833.0; #Success = 0; #Failed = 0; #Dropped = 0
Target Time = 50.5; Load Intensity = 850.0; #Success = 0; #Failed = 0; #Dropped = 0
Target Time = 51.5; Load Intensity = 866.0; #Success = 0; #Failed = 0; #Dropped = 0
Target Time = 52.5; Load Intensity = 883.0; #Success = 0; #Failed = 1; #Dropped = 1577
Target Time = 53.5; Load Intensity = 900.0; #Success = 0; #Failed = 8; #Dropped = 475
Target Time = 54.5; Load Intensity = 916.0; #Success = 0; #Failed = 14; #Dropped = 273
Target Time = 55.5; Load Intensity = 933.0; #Success = 4; #Failed = 0; #Dropped = 401
Target Time = 56.5; Load Intensity = 950.0; #Success = 0; #Failed = 1; #Dropped = 518
Target Time = 57.5; Load Intensity = 966.0; #Success = 0; #Failed = 1; #Dropped = 303
Target Time = 58.5; Load Intensity = 983.0; #Success = 2; #Failed = 0; #Dropped = 525
Target Time = 59.5; Load Intensity = 1000.0; #Success = 0; #Failed = 1; #Dropped = 586
Target Time = 60.5; Load Intensity = 1016.0; #Success = 4; #Failed = 1; #Dropped = 617
Target Time = 61.5; Load Intensity = 1033.0; #Success = 2; #Failed = 0; #Dropped = 495
Target Time = 62.5; Load Intensity = 1050.0; #Success = 4; #Failed = 0; #Dropped = 583
Target Time = 63.5; Load Intensity = 1066.0; #Success = 3; #Failed = 0; #Dropped = 96
Target Time = 64.5; Load Intensity = 1083.0; #Success = 0; #Failed = 0; #Dropped = 0
Target Time = 65.5; Load Intensity = 1100.0; #Success = 0; #Failed = 0; #Dropped = 0
Target Time = 66.5; Load Intensity = 1116.0; #Success = 1; #Failed = 0; #Dropped = 2184
Target Time = 67.5; Load Intensity = 1133.0; #Success = 0; #Failed = 0; #Dropped = 0
Target Time = 68.5; Load Intensity = 1150.0; #Success = 0; #Failed = 0; #Dropped = 0
Target Time = 69.5; Load Intensity = 1166.0; #Success = 15; #Failed = 0; #Dropped = 2027
Target Time = 70.5; Load Intensity = 1183.0; #Success = 0; #Failed = 31; #Dropped = 589
Target Time = 71.5; Load Intensity = 1200.0; #Success = 0; #Failed = 0; #Dropped = 0
Target Time = 72.5; Load Intensity = 1216.0; #Success = 0; #Failed = 0; #Dropped = 0
Target Time = 73.5; Load Intensity = 1233.0; #Success = 0; #Failed = 0; #Dropped = 0
Target Time = 74.5; Load Intensity = 1250.0; #Success = 0; #Failed = 0; #Dropped = 0
Target Time = 75.5; Load Intensity = 1266.0; #Success = 0; #Failed = 0; #Dropped = 0
Target Time = 76.5; Load Intensity = 1283.0; #Success = 0; #Failed = 0; #Dropped = 0
Target Time = 77.5; Load Intensity = 1300.0; #Success = 0; #Failed = 2; #Dropped = 5049
Target Time = 78.5; Load Intensity = 1316.0; #Success = 1; #Failed = 0; #Dropped = 415
Target Time = 79.5; Load Intensity = 1333.0; #Success = 0; #Failed = 1; #Dropped = 659
Target Time = 80.5; Load Intensity = 1350.0; #Success = 0; #Failed = 0; #Dropped = 0
Target Time = 81.5; Load Intensity = 1366.0; #Success = 0; #Failed = 0; #Dropped = 0
Target Time = 82.5; Load Intensity = 1383.0; #Success = 0; #Failed = 0; #Dropped = 0
Target Time = 83.5; Load Intensity = 1400.0; #Success = 1; #Failed = 0; #Dropped = 4251
Target Time = 84.5; Load Intensity = 1416.0; #Success = 1; #Failed = 0; #Dropped = 268
Target Time = 85.5; Load Intensity = 1433.0; #Success = 0; #Failed = 0; #Dropped = 0
Target Time = 86.5; Load Intensity = 1450.0; #Success = 0; #Failed = 0; #Dropped = 0
Target Time = 87.5; Load Intensity = 1466.0; #Success = 0; #Failed = 0; #Dropped = 0
Target Time = 88.5; Load Intensity = 1483.0; #Success = 0; #Failed = 0; #Dropped = 0
Target Time = 89.5; Load Intensity = 1500.0; #Success = 0; #Failed = 0; #Dropped = 0
Target Time = 90.5; Load Intensity = 1516.0; #Success = 2; #Failed = 0; #Dropped = 6560
Target Time = 91.5; Load Intensity = 1533.0; #Success = 2; #Failed = 0; #Dropped = 888
Target Time = 92.5; Load Intensity = 1550.0; #Success = 5; #Failed = 0; #Dropped = 1254
Target Time = 93.5; Load Intensity = 1566.0; #Success = 2; #Failed = 0; #Dropped = 359
Target Time = 94.5; Load Intensity = 1583.0; #Success = 0; #Failed = 0; #Dropped = 0
Target Time = 95.5; Load Intensity = 1600.0; #Success = 0; #Failed = 0; #Dropped = 0
Target Time = 96.5; Load Intensity = 1616.0; #Success = 1; #Failed = 7; #Dropped = 3814
Target Time = 97.5; Load Intensity = 1633.0; #Success = 0; #Failed = 1; #Dropped = 685
Target Time = 98.5; Load Intensity = 1650.0; #Success = 0; #Failed = 2; #Dropped = 859
Target Time = 99.5; Load Intensity = 1666.0; #Success = 12; #Failed = 0; #Dropped = 1999
Target Time = 100.5; Load Intensity = 1683.0; #Success = 24; #Failed = 0; #Dropped = 1105
Target Time = 101.5; Load Intensity = 1700.0; #Success = 0; #Failed = 0; #Dropped = 0
Target Time = 102.5; Load Intensity = 1716.0; #Success = 0; #Failed = 0; #Dropped = 0
Target Time = 103.5; Load Intensity = 1733.0; #Success = 0; #Failed = 0; #Dropped = 0
Target Time = 104.5; Load Intensity = 1750.0; #Success = 0; #Failed = 0; #Dropped = 0
Target Time = 105.5; Load Intensity = 1766.0; #Success = 0; #Failed = 0; #Dropped = 0
Target Time = 106.5; Load Intensity = 1783.0; #Success = 0; #Failed = 0; #Dropped = 0
Target Time = 107.5; Load Intensity = 1800.0; #Success = 2; #Failed = 0; #Dropped = 8422
Target Time = 108.5; Load Intensity = 1816.0; #Success = 1; #Failed = 0; #Dropped = 813
Target Time = 109.5; Load Intensity = 1833.0; #Success = 1; #Failed = 0; #Dropped = 1085
Target Time = 110.5; Load Intensity = 1850.0; #Success = 0; #Failed = 0; #Dropped = 0
Target Time = 111.5; Load Intensity = 1866.0; #Success = 0; #Failed = 0; #Dropped = 0
Target Time = 112.5; Load Intensity = 1883.0; #Success = 0; #Failed = 0; #Dropped = 0
Target Time = 113.5; Load Intensity = 1900.0; #Success = 1; #Failed = 0; #Dropped = 6436
Target Time = 114.5; Load Intensity = 1916.0; #Success = 1; #Failed = 0; #Dropped = 674
Target Time = 115.5; Load Intensity = 1933.0; #Success = 0; #Failed = 0; #Dropped = 0
Target Time = 116.5; Load Intensity = 1950.0; #Success = 0; #Failed = 18; #Dropped = 3639
Target Time = 117.5; Load Intensity = 1966.0; #Success = 0; #Failed = 0; #Dropped = 0
Target Time = 118.5; Load Intensity = 1983.0; #Success = 0; #Failed = 0; #Dropped = 0
Target Time = 119.5; Load Intensity = 2000.0; #Success = 0; #Failed = 0; #Dropped = 0
Target Time = 120.5; Load Intensity = 0.0; #Success = 2; #Failed = 0; #Dropped = 6093
Target Time = 121.5; Load Intensity = 0.0; #Success = 0; #Failed = 0; #Dropped = 0
Target Time = 122.5; Load Intensity = 0.0; #Success = 2; #Failed = 0; #Dropped = 2546
Target Time = 123.5; Load Intensity = 0.0; #Success = 0; #Failed = 0; #Dropped = 0
Target Time = 124.5; Load Intensity = 0.0; #Success = 0; #Failed = 0; #Dropped = 0
Target Time = 125.5; Load Intensity = 0.0; #Success = 0; #Failed = 0; #Dropped = 0
Target Time = 126.5; Load Intensity = 0.0; #Success = 1; #Failed = 0; #Dropped = 6765
Target Time = 127.5; Load Intensity = 0.0; #Success = 1; #Failed = 0; #Dropped = 1072
Target Time = 128.5; Load Intensity = 0.0; #Success = 2; #Failed = 1; #Dropped = 1478
Target Time = 129.5; Load Intensity = 0.0; #Success = 12; #Failed = 1; #Dropped = 2562
Target Time = 130.5; Load Intensity = 0.0; #Success = 22; #Failed = 0; #Dropped = 1606
Target Time = 131.5; Load Intensity = 0.0; #Success = 0; #Failed = 0; #Dropped = 0
Target Time = 132.5; Load Intensity = 0.0; #Success = 0; #Failed = 0; #Dropped = 0
Target Time = 133.5; Load Intensity = 0.0; #Success = 0; #Failed = 0; #Dropped = 0
Target Time = 134.5; Load Intensity = 0.0; #Success = 0; #Failed = 0; #Dropped = 0
Target Time = 135.5; Load Intensity = 0.0; #Success = 0; #Failed = 0; #Dropped = 0
Target Time = 136.5; Load Intensity = 0.0; #Success = 0; #Failed = 18; #Dropped = 9394
Target Time = 137.5; Load Intensity = 0.0; #Success = 0; #Failed = 2; #Dropped = 1952
Target Time = 138.5; Load Intensity = 0.0; #Success = 0; #Failed = 0; #Dropped = 0
Target Time = 139.5; Load Intensity = 0.0; #Success = 0; #Failed = 0; #Dropped = 0
Target Time = 140.5; Load Intensity = 0.0; #Success = 0; #Failed = 2; #Dropped = 6359
Target Time = 141.5; Load Intensity = 0.0; #Success = 0; #Failed = 2; #Dropped = 440
Target Time = 142.5; Load Intensity = 0.0; #Success = 0; #Failed = 0; #Dropped = 0
Target Time = 143.5; Load Intensity = 0.0; #Success = 0; #Failed = 0; #Dropped = 0
Target Time = 144.5; Load Intensity = 0.0; #Success = 0; #Failed = 1; #Dropped = 6792
/home/luish/Documents/death/teastore/TeaStore/examples/httploadgenerator/measure_energy.sh: line 104: 1810144 Segmentation fault      timeout $((real_duration+5)) sudo "$path/ecofloc-$comp/ecofloc-$comp.out" -n text -i $ECO_INTERVAL -t $real_duration -f "$path/ecofloc-$comp/" > "$tmpfile" 2> /dev/null
Target Time = 145.5; Load Intensity = 0.0; #Success = 0; #Failed = 0; #Dropped = 0
  └─ [nitro5:ram] end 00:05:45
  └─ [nitro5:nic] end 00:05:45
  └─ [nitro5:cpu] end 00:05:46
Target Time = 146.5; Load Intensity = 0.0; #Success = 0; #Failed = 0; #Dropped = 0
Target Time = 147.5; Load Intensity = 0.0; #Success = 0; #Failed = 0; #Dropped = 0
Target Time = 148.5; Load Intensity = 0.0; #Success = 0; #Failed = 0; #Dropped = 0
Target Time = 149.5; Load Intensity = 0.0; #Success = 0; #Failed = 0; #Dropped = 0
  └─ [leo:nic] end 00:05:50
  └─ [leo:cpu] end 00:05:50
Target Time = 150.5; Load Intensity = 0.0; #Success = 0; #Failed = 0; #Dropped = 0
  └─ [leo:sd] end 00:05:50
Target Time = 151.5; Load Intensity = 0.0; #Success = 0; #Failed = 0; #Dropped = 0
  └─ [leo:ram] end 00:05:51
  └─ [scorpius:sd] end 00:05:51
  └─ [scorpius:cpu] end 00:05:51
Target Time = 152.5; Load Intensity = 0.0; #Success = 0; #Failed = 0; #Dropped = 0
  └─ [scorpius:ram] end 00:05:52
Target Time = 153.5; Load Intensity = 0.0; #Success = 0; #Failed = 4; #Dropped = 10236
Target Time = 154.5; Load Intensity = 0.0; #Success = 0; #Failed = 19; #Dropped = 0
Target Time = 155.5; Load Intensity = 0.0; #Success = 0; #Failed = 24; #Dropped = 0
Target Time = 156.5; Load Intensity = 0.0; #Success = 0; #Failed = 0; #Dropped = 0
Target Time = 157.5; Load Intensity = 0.0; #Success = 0; #Failed = 0; #Dropped = 0
Target Time = 158.5; Load Intensity = 0.0; #Success = 0; #Failed = 0; #Dropped = 0
Target Time = 159.5; Load Intensity = 0.0; #Success = 0; #Failed = 0; #Dropped = 0
Target Time = 160.5; Load Intensity = 0.0; #Success = 1; #Failed = 0; #Dropped = 0
Target Time = 161.5; Load Intensity = 0.0; #Success = 0; #Failed = 0; #Dropped = 0
Target Time = 162.5; Load Intensity = 0.0; #Success = 0; #Failed = 0; #Dropped = 0
Target Time = 163.5; Load Intensity = 0.0; #Success = 0; #Failed = 0; #Dropped = 0
Target Time = 164.5; Load Intensity = 0.0; #Success = 0; #Failed = 0; #Dropped = 0
Target Time = 165.5; Load Intensity = 0.0; #Success = 0; #Failed = 0; #Dropped = 0
Target Time = 166.5; Load Intensity = 0.0; #Success = 9; #Failed = 0; #Dropped = 0
  └─ [aspire:nic] end 00:06:06
Target Time = 167.5; Load Intensity = 0.0; #Success = 2; #Failed = 0; #Dropped = 0
  └─ [aspire:cpu] end 00:06:07
  └─ [aspire:sd] end 00:06:08
  └─ [aspire:ram] end 00:06:08
=== Bloque 145s terminado - Fase: fase3_carga_high_iter3 ===
[🧹] Limpiando CSVs internos de ecofloc en cada nodo (fase: fase3_carga_high_iter3)...
  ✔ [nitro5:cpu] limpiado /home/luish/Documents/p3/ecofloc2/ecofloc/ecofloc-cpu/ECOFLOC_CPU_COMM_text.csv
  ✔ [nitro5:nic] limpiado /home/luish/Documents/p3/ecofloc2/ecofloc/ecofloc-nic/ECOFLOC_NIC_COMM_text.csv
  ✔ [nitro5:ram] limpiado /home/luish/Documents/p3/ecofloc2/ecofloc/ecofloc-ram/ECOFLOC_RAM_COMM_text.csv
  ✔ [nitro5:sd] limpiado /home/luish/Documents/p3/ecofloc2/ecofloc/ecofloc-sd/ECOFLOC_SD_COMM_text.csv
Target Time = 168.5; Load Intensity = 0.0; #Success = 5; #Failed = 0; #Dropped = 0
  ✔ [leo:cpu] limpiado /home/leo/ecofloc/ecofloc-cpu/ECOFLOC_CPU_COMM_text.csv
  ✔ [leo:nic] limpiado /home/leo/ecofloc/ecofloc-nic/ECOFLOC_NIC_COMM_text.csv
  ✔ [leo:ram] limpiado /home/leo/ecofloc/ecofloc-ram/ECOFLOC_RAM_COMM_text.csv
  ✔ [leo:sd] limpiado /home/leo/ecofloc/ecofloc-sd/ECOFLOC_SD_COMM_text.csv
  ✔ [aspire:cpu] limpiado /home/luish/Documents/p3/ecofloc2/ecofloc/ecofloc-cpu/ECOFLOC_CPU_COMM_text.csv
  ✔ [aspire:nic] limpiado /home/luish/Documents/p3/ecofloc2/ecofloc/ecofloc-nic/ECOFLOC_NIC_COMM_text.csv
  ✔ [aspire:ram] limpiado /home/luish/Documents/p3/ecofloc2/ecofloc/ecofloc-ram/ECOFLOC_RAM_COMM_text.csv
  ✔ [aspire:sd] limpiado /home/luish/Documents/p3/ecofloc2/ecofloc/ecofloc-sd/ECOFLOC_SD_COMM_text.csv
  ✔ [scorpius:cpu] limpiado /home/scorpius03/Documents/ecofloc/ecofloc-cpu/ECOFLOC_CPU_COMM_text.csv
  ✔ [scorpius:nic] limpiado /home/scorpius03/Documents/ecofloc/ecofloc-nic/ECOFLOC_NIC_COMM_text.csv
  ✔ [scorpius:ram] limpiado /home/scorpius03/Documents/ecofloc/ecofloc-ram/ECOFLOC_RAM_COMM_text.csv
  ✔ [scorpius:sd] limpiado /home/scorpius03/Documents/ecofloc/ecofloc-sd/ECOFLOC_SD_COMM_text.csv
========================================
🔋 MEASURE ENERGY FINALIZADO
   Fase: fase3_carga_high_iter3
========================================
Workload finished.
Log finished.
📄 LIMBO finalizado para scenario=high
⏳ [00:06:13] Esperando que termine medición: fase3_carga_high_iter3 (PID: 1809392)
✔️ [00:06:13] Medición fase3_carga_high_iter3 completada
[📦] Archivando resultados → ./historyexecutions/exp(00:06:18)_fase3_high_iter3
[✔] Archivado: ./historyexecutions/exp(00:06:18)_fase3_high_iter3
🧹 Limpiando TeaStore (iter 3)...
⏸ Esperando 15s para limpieza completa...
✅ Iteración 3 / 15 del escenario high completada.

########################################################
🔄 ESCENARIO: high | ITERACIÓN: 4 / 15
   Hora: 00:07:06
########################################################
========================================
🔋 FASE 1: Descarga de imágenes (high, iter 4)
========================================
📋 Capturando PIDs (gepidstea.sh)...
📋 Capturando PIDs de contenedores (kpsnodos.sh)...
🔋 [00:07:23] Iniciando medición de energía: fase1_descarga_high_iter4 (25s)
   PID de medición: 2170487
🚀 Desplegando TeaStore desde /home/luish/Documents/death/teastore/TeaStore/examples/kubernetes/teastore-energy-scheduler.yaml...
========================================
🔋 MEASURE ENERGY - Fase: fase1_descarga_high_iter4
   Duración: 25s
   PID: 2170487
========================================
=== Medición bloque 25s - Fase: fase1_descarga_high_iter4 ===
[⏱ 00:07:23] Iniciando ecofloc en nitro5 por 25s (fase: fase1_descarga_high_iter4)
⏳ Esperando a que todos los pods de TeaStore estén Running y Ready...
  ├─ [nitro5:sd] start 00:07:24
  ├─ [nitro5:ram] start 00:07:24
  ├─ [nitro5:nic] start 00:07:24
[⏱ 00:07:25] Iniciando ecofloc en aspire por 25s (fase: fase1_descarga_high_iter4)
  ├─ [nitro5:cpu] start 00:07:25
  ├─ [aspire:sd] start 00:07:25
  ├─ [aspire:ram] start 00:07:25
  ├─ [aspire:nic] start 00:07:25
[⏱ 00:07:25] Iniciando ecofloc en scorpius por 25s (fase: fase1_descarga_high_iter4)
  ├─ [aspire:cpu] start 00:07:25
  ├─ [scorpius:ram] start 00:07:25
[⏱ 00:07:25] Iniciando ecofloc en leo por 25s (fase: fase1_descarga_high_iter4)
  ├─ [scorpius:nic] start 00:07:25
  ├─ [scorpius:sd] start 00:07:25
  ├─ [scorpius:cpu] start 00:07:25
  ├─ [leo:sd] start 00:07:25
  ├─ [leo:ram] start 00:07:25
  ├─ [leo:nic] start 00:07:25
  ├─ [leo:cpu] start 00:07:25
✅ Pods listos.
⏳ [00:07:26] Esperando que termine medición: fase1_descarga_high_iter4 (PID: 2170487)
  └─ [nitro5:sd] end 00:07:49
  └─ [nitro5:ram] end 00:07:49
  └─ [nitro5:nic] end 00:07:49
  └─ [nitro5:cpu] end 00:07:50
  └─ [aspire:cpu] end 00:07:50
  └─ [aspire:sd] end 00:07:50
  └─ [leo:cpu] end 00:07:51
  └─ [scorpius:sd] end 00:07:51
  └─ [scorpius:cpu] end 00:07:51
  └─ [aspire:nic] end 00:07:51
  └─ [aspire:ram] end 00:07:51
  └─ [leo:ram] end 00:07:51
  └─ [scorpius:nic] end 00:07:52
  └─ [scorpius:ram] end 00:07:52
=== Bloque 25s terminado - Fase: fase1_descarga_high_iter4 ===
[🧹] Limpiando CSVs internos de ecofloc en cada nodo (fase: fase1_descarga_high_iter4)...
  ✔ [nitro5:cpu] limpiado /home/luish/Documents/p3/ecofloc2/ecofloc/ecofloc-cpu/ECOFLOC_CPU_COMM_text.csv
  ✔ [nitro5:nic] limpiado /home/luish/Documents/p3/ecofloc2/ecofloc/ecofloc-nic/ECOFLOC_NIC_COMM_text.csv
  ✔ [nitro5:ram] limpiado /home/luish/Documents/p3/ecofloc2/ecofloc/ecofloc-ram/ECOFLOC_RAM_COMM_text.csv
  ✔ [nitro5:sd] limpiado /home/luish/Documents/p3/ecofloc2/ecofloc/ecofloc-sd/ECOFLOC_SD_COMM_text.csv
  ✔ [leo:cpu] limpiado /home/leo/ecofloc/ecofloc-cpu/ECOFLOC_CPU_COMM_text.csv
  ✔ [leo:nic] limpiado /home/leo/ecofloc/ecofloc-nic/ECOFLOC_NIC_COMM_text.csv
  ✔ [leo:ram] limpiado /home/leo/ecofloc/ecofloc-ram/ECOFLOC_RAM_COMM_text.csv
  ✔ [leo:sd] limpiado /home/leo/ecofloc/ecofloc-sd/ECOFLOC_SD_COMM_text.csv
  ✔ [aspire:cpu] limpiado /home/luish/Documents/p3/ecofloc2/ecofloc/ecofloc-cpu/ECOFLOC_CPU_COMM_text.csv
  ✔ [aspire:nic] limpiado /home/luish/Documents/p3/ecofloc2/ecofloc/ecofloc-nic/ECOFLOC_NIC_COMM_text.csv
  ✔ [aspire:ram] limpiado /home/luish/Documents/p3/ecofloc2/ecofloc/ecofloc-ram/ECOFLOC_RAM_COMM_text.csv
  ✔ [aspire:sd] limpiado /home/luish/Documents/p3/ecofloc2/ecofloc/ecofloc-sd/ECOFLOC_SD_COMM_text.csv
  ✔ [scorpius:cpu] limpiado /home/scorpius03/Documents/ecofloc/ecofloc-cpu/ECOFLOC_CPU_COMM_text.csv
  ✔ [scorpius:nic] limpiado /home/scorpius03/Documents/ecofloc/ecofloc-nic/ECOFLOC_NIC_COMM_text.csv
  ✔ [scorpius:ram] limpiado /home/scorpius03/Documents/ecofloc/ecofloc-ram/ECOFLOC_RAM_COMM_text.csv
  ✔ [scorpius:sd] limpiado /home/scorpius03/Documents/ecofloc/ecofloc-sd/ECOFLOC_SD_COMM_text.csv
========================================
🔋 MEASURE ENERGY FINALIZADO
   Fase: fase1_descarga_high_iter4
========================================
✔️ [00:07:56] Medición fase1_descarga_high_iter4 completada
[📦] Archivando resultados → ./historyexecutions/exp(00:08:01)_fase1_high_iter4
[✔] Archivado: ./historyexecutions/exp(00:08:01)_fase1_high_iter4
========================================
🔋 FASE 2: Preparación de servicios (high, iter 4)
========================================
📋 Capturando PIDs (gepidstea.sh)...
📋 Capturando PIDs de contenedores (kpsnodos.sh)...
🔋 [00:08:19] Iniciando medición de energía: fase2_preparacion_high_iter4 (50s)
   PID de medición: 2236751
========================================
🔋 MEASURE ENERGY - Fase: fase2_preparacion_high_iter4
   Duración: 50s
   PID: 2236751
========================================
=== Medición bloque 50s - Fase: fase2_preparacion_high_iter4 ===
[⏱ 00:08:19] Iniciando ecofloc en nitro5 por 50s (fase: fase2_preparacion_high_iter4)
⏳ Esperando 10s a que CoreDNS se estabilice...
  ├─ [nitro5:sd] start 00:08:19
  ├─ [nitro5:ram] start 00:08:20
  ├─ [nitro5:nic] start 00:08:20
[⏱ 00:08:20] Iniciando ecofloc en aspire por 50s (fase: fase2_preparacion_high_iter4)
  ├─ [nitro5:cpu] start 00:08:20
  ├─ [aspire:sd] start 00:08:20
  ├─ [aspire:ram] start 00:08:20
[⏱ 00:08:20] Iniciando ecofloc en scorpius por 50s (fase: fase2_preparacion_high_iter4)
  ├─ [aspire:nic] start 00:08:20
  ├─ [aspire:cpu] start 00:08:20
  ├─ [scorpius:sd] start 00:08:20
  ├─ [scorpius:ram] start 00:08:20
  ├─ [scorpius:nic] start 00:08:20
[⏱ 00:08:20] Iniciando ecofloc en leo por 50s (fase: fase2_preparacion_high_iter4)
  ├─ [scorpius:cpu] start 00:08:20
  ├─ [leo:sd] start 00:08:20
  ├─ [leo:ram] start 00:08:20
  ├─ [leo:nic] start 00:08:20
  ├─ [leo:cpu] start 00:08:20
➡️ Pod WebUI: teastore-webui-ff7768544-qlcfb
➡️ Está en el nodo: scorpius03
🌐 IP del nodo WebUI: 192.168.18.34
⏳ Verificando estado del TeaStore en http://192.168.18.34:30080/tools.descartes.teastore.webui/status ...
   ➤ Estado actual: 5 / 5 servicios OK
✔ TODOS los servicios del TeaStore están OK. Continuando...
⏳ [00:08:34] Esperando que termine medición: fase2_preparacion_high_iter4 (PID: 2236751)
  └─ [nitro5:sd] end 00:09:09
  └─ [nitro5:ram] end 00:09:10
  └─ [nitro5:nic] end 00:09:10
  └─ [nitro5:cpu] end 00:09:10
  └─ [aspire:sd] end 00:09:11
  └─ [aspire:cpu] end 00:09:11
  └─ [leo:sd] end 00:09:11
  └─ [leo:cpu] end 00:09:11
  └─ [aspire:nic] end 00:09:11
  └─ [leo:nic] end 00:09:11
  └─ [scorpius:cpu] end 00:09:12
  └─ [scorpius:sd] end 00:09:12
  └─ [leo:ram] end 00:09:12
  └─ [aspire:ram] end 00:09:12
  └─ [scorpius:nic] end 00:09:12
  └─ [scorpius:ram] end 00:09:13
=== Bloque 50s terminado - Fase: fase2_preparacion_high_iter4 ===
[🧹] Limpiando CSVs internos de ecofloc en cada nodo (fase: fase2_preparacion_high_iter4)...
  ✔ [nitro5:cpu] limpiado /home/luish/Documents/p3/ecofloc2/ecofloc/ecofloc-cpu/ECOFLOC_CPU_COMM_text.csv
  ✔ [nitro5:nic] limpiado /home/luish/Documents/p3/ecofloc2/ecofloc/ecofloc-nic/ECOFLOC_NIC_COMM_text.csv
  ✔ [nitro5:ram] limpiado /home/luish/Documents/p3/ecofloc2/ecofloc/ecofloc-ram/ECOFLOC_RAM_COMM_text.csv
  ✔ [nitro5:sd] limpiado /home/luish/Documents/p3/ecofloc2/ecofloc/ecofloc-sd/ECOFLOC_SD_COMM_text.csv
  ✔ [leo:cpu] limpiado /home/leo/ecofloc/ecofloc-cpu/ECOFLOC_CPU_COMM_text.csv
  ✔ [leo:nic] limpiado /home/leo/ecofloc/ecofloc-nic/ECOFLOC_NIC_COMM_text.csv
  ✔ [leo:ram] limpiado /home/leo/ecofloc/ecofloc-ram/ECOFLOC_RAM_COMM_text.csv
  ✔ [leo:sd] limpiado /home/leo/ecofloc/ecofloc-sd/ECOFLOC_SD_COMM_text.csv
  ✔ [aspire:cpu] limpiado /home/luish/Documents/p3/ecofloc2/ecofloc/ecofloc-cpu/ECOFLOC_CPU_COMM_text.csv
  ✔ [aspire:nic] limpiado /home/luish/Documents/p3/ecofloc2/ecofloc/ecofloc-nic/ECOFLOC_NIC_COMM_text.csv
  ✔ [aspire:ram] limpiado /home/luish/Documents/p3/ecofloc2/ecofloc/ecofloc-ram/ECOFLOC_RAM_COMM_text.csv
  ✔ [aspire:sd] limpiado /home/luish/Documents/p3/ecofloc2/ecofloc/ecofloc-sd/ECOFLOC_SD_COMM_text.csv
  ✔ [scorpius:cpu] limpiado /home/scorpius03/Documents/ecofloc/ecofloc-cpu/ECOFLOC_CPU_COMM_text.csv
  ✔ [scorpius:nic] limpiado /home/scorpius03/Documents/ecofloc/ecofloc-nic/ECOFLOC_NIC_COMM_text.csv
  ✔ [scorpius:ram] limpiado /home/scorpius03/Documents/ecofloc/ecofloc-ram/ECOFLOC_RAM_COMM_text.csv
  ✔ [scorpius:sd] limpiado /home/scorpius03/Documents/ecofloc/ecofloc-sd/ECOFLOC_SD_COMM_text.csv
========================================
🔋 MEASURE ENERGY FINALIZADO
   Fase: fase2_preparacion_high_iter4
========================================
✔️ [00:09:17] Medición fase2_preparacion_high_iter4 completada
[📦] Archivando resultados → ./historyexecutions/exp(00:09:22)_fase2_high_iter4
[✔] Archivado: ./historyexecutions/exp(00:09:22)_fase2_high_iter4
========================================
🔋 FASE 3: Ejecución de carga (high, iter 4)
========================================
📋 Capturando PIDs (gepidstea.sh)...
📋 Capturando PIDs de contenedores (kpsnodos.sh)...
🔋 [00:09:39] Iniciando medición de energía: fase3_carga_high_iter4 (145s)
   PID de medición: 2376110
=== Escenario high (iter 4) ===
========================================
🔋 MEASURE ENERGY - Fase: fase3_carga_high_iter4
   Duración: 145s
   PID: 2376110
========================================
=== Medición bloque 145s - Fase: fase3_carga_high_iter4 ===
🚀 Iniciando LIMBO con profile=/home/luish/Documents/death/teastore/TeaStore/examples/httploadgenerator/increasingHighIntensity.csv y script=/home/luish/Documents/death/teastore/TeaStore/examples/httploadgenerator/teastore_buy.lua
[⏱ 00:09:39] Iniciando ecofloc en nitro5 por 145s (fase: fase3_carga_high_iter4)
Feb 27, 2026 12:09:39 AM tools.descartes.dlim.httploadgenerator.runner.Director executeDirector
WARNING: No power measurements
Feb 27, 2026 12:09:39 AM tools.descartes.dlim.httploadgenerator.runner.Director executeDirector
INFO: Load Generator Thread Count set to 64
Feb 27, 2026 12:09:39 AM tools.descartes.dlim.httploadgenerator.runner.Director executeDirector
INFO: URL connection timout set to 30000 ms
Feb 27, 2026 12:09:39 AM tools.descartes.dlim.httploadgenerator.runner.Director executeDirector
INFO: Using Lua Script: /home/luish/Documents/death/teastore/TeaStore/examples/httploadgenerator/teastore_buy.lua
Feb 27, 2026 12:09:39 AM tools.descartes.dlim.httploadgenerator.runner.Director process
INFO: Read 120 Arrival Rate Tuples
Load Generator sent: ok
Feb 27, 2026 12:09:39 AM tools.descartes.dlim.httploadgenerator.runner.Director process
INFO: Arrival Rates sent to Load Generator(s).
Load Generator sent: ok
Feb 27, 2026 12:09:39 AM tools.descartes.dlim.httploadgenerator.runner.Director process
INFO: Thread Count sent to Load Generator(s): 64
Load Generator sent: ok
Feb 27, 2026 12:09:39 AM tools.descartes.dlim.httploadgenerator.runner.Director process
INFO: URL connection timeout sent to Load Generator(s): 30000
Load Generator sent: ok
Feb 27, 2026 12:09:39 AM tools.descartes.dlim.httploadgenerator.runner.Director process
INFO: Contents of script sent to Load Generator: /home/luish/Documents/death/teastore/TeaStore/examples/httploadgenerator/teastore_buy.lua
Feb 27, 2026 12:09:39 AM tools.descartes.dlim.httploadgenerator.runner.Director process
INFO: Starting Load Generation
Beginning Run @1772168979405(27.02.2026;00:09:39405)
  ├─ [nitro5:sd] start 00:09:39
Target Time = 0.5; Load Intensity = 16.0; #Success = 0; #Failed = 0; #Dropped = 0
  ├─ [nitro5:ram] start 00:09:40
  ├─ [nitro5:nic] start 00:09:40
[⏱ 00:09:40] Iniciando ecofloc en aspire por 145s (fase: fase3_carga_high_iter4)
  ├─ [nitro5:cpu] start 00:09:40
  ├─ [aspire:sd] start 00:09:40
  ├─ [aspire:ram] start 00:09:40
  ├─ [aspire:nic] start 00:09:40
[⏱ 00:09:40] Iniciando ecofloc en scorpius por 145s (fase: fase3_carga_high_iter4)
  ├─ [aspire:cpu] start 00:09:40
  ├─ [scorpius:sd] start 00:09:40
  ├─ [scorpius:nic] start 00:09:40
  ├─ [scorpius:ram] start 00:09:40
[⏱ 00:09:40] Iniciando ecofloc en leo por 145s (fase: fase3_carga_high_iter4)
  ├─ [scorpius:cpu] start 00:09:40
  ├─ [leo:sd] start 00:09:40
  ├─ [leo:ram] start 00:09:40
  ├─ [leo:nic] start 00:09:40
  ├─ [leo:cpu] start 00:09:40
Target Time = 1.5; Load Intensity = 33.0; #Success = 0; #Failed = 0; #Dropped = 0
Target Time = 2.5; Load Intensity = 50.0; #Success = 3; #Failed = 3; #Dropped = 0
Target Time = 3.5; Load Intensity = 66.0; #Success = 27; #Failed = 0; #Dropped = 0
Target Time = 4.5; Load Intensity = 83.0; #Success = 11; #Failed = 0; #Dropped = 0
Target Time = 5.5; Load Intensity = 100.0; #Success = 23; #Failed = 0; #Dropped = 0
Target Time = 6.5; Load Intensity = 116.0; #Success = 34; #Failed = 0; #Dropped = 0
Target Time = 7.5; Load Intensity = 133.0; #Success = 30; #Failed = 0; #Dropped = 0
Target Time = 8.5; Load Intensity = 150.0; #Success = 18; #Failed = 0; #Dropped = 0
Target Time = 9.5; Load Intensity = 166.0; #Success = 0; #Failed = 0; #Dropped = 0
Target Time = 10.5; Load Intensity = 183.0; #Success = 0; #Failed = 0; #Dropped = 0
Target Time = 11.5; Load Intensity = 200.0; #Success = 0; #Failed = 0; #Dropped = 0
Target Time = 12.5; Load Intensity = 216.0; #Success = 3; #Failed = 0; #Dropped = 0
Target Time = 13.5; Load Intensity = 233.0; #Success = 6; #Failed = 0; #Dropped = 0
Target Time = 14.5; Load Intensity = 250.0; #Success = 9; #Failed = 0; #Dropped = 0
Target Time = 15.5; Load Intensity = 266.0; #Success = 0; #Failed = 0; #Dropped = 0
Target Time = 16.5; Load Intensity = 283.0; #Success = 2; #Failed = 0; #Dropped = 0
Target Time = 17.5; Load Intensity = 300.0; #Success = 4; #Failed = 0; #Dropped = 0
Target Time = 18.5; Load Intensity = 316.0; #Success = 9; #Failed = 0; #Dropped = 0
Target Time = 19.5; Load Intensity = 333.0; #Success = 11; #Failed = 0; #Dropped = 0
Target Time = 20.5; Load Intensity = 350.0; #Success = 2; #Failed = 0; #Dropped = 0
Target Time = 21.5; Load Intensity = 366.0; #Success = 2; #Failed = 0; #Dropped = 0
Target Time = 22.5; Load Intensity = 383.0; #Success = 5; #Failed = 1; #Dropped = 0
Target Time = 23.5; Load Intensity = 400.0; #Success = 9; #Failed = 0; #Dropped = 0
Target Time = 24.5; Load Intensity = 416.0; #Success = 1; #Failed = 2; #Dropped = 0
Target Time = 25.5; Load Intensity = 433.0; #Success = 0; #Failed = 7; #Dropped = 0
Target Time = 26.5; Load Intensity = 450.0; #Success = 0; #Failed = 4; #Dropped = 0
Target Time = 27.5; Load Intensity = 466.0; #Success = 0; #Failed = 7; #Dropped = 0
Target Time = 28.5; Load Intensity = 483.0; #Success = 0; #Failed = 6; #Dropped = 0
Target Time = 29.5; Load Intensity = 500.0; #Success = 0; #Failed = 6; #Dropped = 0
Target Time = 30.5; Load Intensity = 516.0; #Success = 0; #Failed = 0; #Dropped = 0
Target Time = 31.5; Load Intensity = 533.0; #Success = 0; #Failed = 1; #Dropped = 0
Target Time = 32.5; Load Intensity = 550.0; #Success = 0; #Failed = 0; #Dropped = 0
Target Time = 33.5; Load Intensity = 566.0; #Success = 0; #Failed = 10; #Dropped = 0
Target Time = 34.5; Load Intensity = 583.0; #Success = 1; #Failed = 7; #Dropped = 0
Target Time = 35.5; Load Intensity = 600.0; #Success = 2; #Failed = 2; #Dropped = 0
Target Time = 36.5; Load Intensity = 616.0; #Success = 2; #Failed = 0; #Dropped = 72
Target Time = 37.5; Load Intensity = 633.0; #Success = 1; #Failed = 4; #Dropped = 124
Target Time = 38.5; Load Intensity = 650.0; #Success = 4; #Failed = 8; #Dropped = 188
Target Time = 39.5; Load Intensity = 666.0; #Success = 0; #Failed = 4; #Dropped = 148
Target Time = 40.5; Load Intensity = 683.0; #Success = 3; #Failed = 1; #Dropped = 150
Target Time = 41.5; Load Intensity = 700.0; #Success = 0; #Failed = 2; #Dropped = 174
Target Time = 42.5; Load Intensity = 716.0; #Success = 0; #Failed = 0; #Dropped = 0
Target Time = 43.5; Load Intensity = 733.0; #Success = 1; #Failed = 22; #Dropped = 506
Target Time = 44.5; Load Intensity = 750.0; #Success = 0; #Failed = 0; #Dropped = 0
Target Time = 45.5; Load Intensity = 766.0; #Success = 1; #Failed = 0; #Dropped = 290
Target Time = 46.5; Load Intensity = 783.0; #Success = 0; #Failed = 0; #Dropped = 0
Target Time = 47.5; Load Intensity = 800.0; #Success = 1; #Failed = 0; #Dropped = 755
Target Time = 48.5; Load Intensity = 816.0; #Success = 2; #Failed = 4; #Dropped = 295
Target Time = 49.5; Load Intensity = 833.0; #Success = 1; #Failed = 2; #Dropped = 263
Target Time = 50.5; Load Intensity = 850.0; #Success = 1; #Failed = 9; #Dropped = 452
Target Time = 51.5; Load Intensity = 866.0; #Success = 1; #Failed = 0; #Dropped = 134
Target Time = 52.5; Load Intensity = 883.0; #Success = 2; #Failed = 1; #Dropped = 574
Target Time = 53.5; Load Intensity = 900.0; #Success = 1; #Failed = 15; #Dropped = 499
Target Time = 54.5; Load Intensity = 916.0; #Success = 0; #Failed = 5; #Dropped = 348
Target Time = 55.5; Load Intensity = 933.0; #Success = 1; #Failed = 14; #Dropped = 258
Target Time = 56.5; Load Intensity = 950.0; #Success = 0; #Failed = 12; #Dropped = 527
Target Time = 57.5; Load Intensity = 966.0; #Success = 0; #Failed = 15; #Dropped = 513
Target Time = 58.5; Load Intensity = 983.0; #Success = 0; #Failed = 13; #Dropped = 382
Target Time = 59.5; Load Intensity = 1000.0; #Success = 0; #Failed = 3; #Dropped = 476
Target Time = 60.5; Load Intensity = 1016.0; #Success = 0; #Failed = 0; #Dropped = 0
Target Time = 61.5; Load Intensity = 1033.0; #Success = 0; #Failed = 0; #Dropped = 0
Target Time = 62.5; Load Intensity = 1050.0; #Success = 0; #Failed = 0; #Dropped = 0
Target Time = 63.5; Load Intensity = 1066.0; #Success = 4; #Failed = 0; #Dropped = 2063
Target Time = 64.5; Load Intensity = 1083.0; #Success = 1; #Failed = 0; #Dropped = 610
Target Time = 65.5; Load Intensity = 1100.0; #Success = 0; #Failed = 0; #Dropped = 0
Target Time = 66.5; Load Intensity = 1116.0; #Success = 1; #Failed = 1; #Dropped = 1070
Target Time = 67.5; Load Intensity = 1133.0; #Success = 1; #Failed = 0; #Dropped = 711
Target Time = 68.5; Load Intensity = 1150.0; #Success = 0; #Failed = 0; #Dropped = 0
Target Time = 69.5; Load Intensity = 1166.0; #Success = 0; #Failed = 0; #Dropped = 0
Target Time = 70.5; Load Intensity = 1183.0; #Success = 0; #Failed = 0; #Dropped = 0
Target Time = 71.5; Load Intensity = 1200.0; #Success = 1; #Failed = 0; #Dropped = 2803
Target Time = 72.5; Load Intensity = 1216.0; #Success = 0; #Failed = 0; #Dropped = 0
Target Time = 73.5; Load Intensity = 1233.0; #Success = 1; #Failed = 0; #Dropped = 1497
Target Time = 74.5; Load Intensity = 1250.0; #Success = 4; #Failed = 1; #Dropped = 825
Target Time = 75.5; Load Intensity = 1266.0; #Success = 0; #Failed = 2; #Dropped = 212
Target Time = 76.5; Load Intensity = 1283.0; #Success = 0; #Failed = 0; #Dropped = 0
Target Time = 77.5; Load Intensity = 1300.0; #Success = 0; #Failed = 6; #Dropped = 1926
Target Time = 78.5; Load Intensity = 1316.0; #Success = 0; #Failed = 9; #Dropped = 858
Target Time = 79.5; Load Intensity = 1333.0; #Success = 2; #Failed = 2; #Dropped = 703
Target Time = 80.5; Load Intensity = 1350.0; #Success = 4; #Failed = 0; #Dropped = 1104
Target Time = 81.5; Load Intensity = 1366.0; #Success = 0; #Failed = 7; #Dropped = 327
Target Time = 82.5; Load Intensity = 1383.0; #Success = 4; #Failed = 0; #Dropped = 1457
Target Time = 83.5; Load Intensity = 1400.0; #Success = 1; #Failed = 0; #Dropped = 875
Target Time = 84.5; Load Intensity = 1416.0; #Success = 1; #Failed = 10; #Dropped = 931
Target Time = 85.5; Load Intensity = 1433.0; #Success = 8; #Failed = 0; #Dropped = 968
Target Time = 86.5; Load Intensity = 1450.0; #Success = 3; #Failed = 0; #Dropped = 686
Target Time = 87.5; Load Intensity = 1466.0; #Success = 5; #Failed = 4; #Dropped = 1157
Target Time = 88.5; Load Intensity = 1483.0; #Success = 1; #Failed = 4; #Dropped = 530
Target Time = 89.5; Load Intensity = 1500.0; #Success = 9; #Failed = 0; #Dropped = 1370
Target Time = 90.5; Load Intensity = 1516.0; #Success = 2; #Failed = 0; #Dropped = 787
Target Time = 91.5; Load Intensity = 1533.0; #Success = 5; #Failed = 0; #Dropped = 1441
Target Time = 92.5; Load Intensity = 1550.0; #Success = 1; #Failed = 0; #Dropped = 457
Target Time = 93.5; Load Intensity = 1566.0; #Success = 9; #Failed = 0; #Dropped = 1432
Target Time = 94.5; Load Intensity = 1583.0; #Success = 9; #Failed = 0; #Dropped = 1077
Target Time = 95.5; Load Intensity = 1600.0; #Success = 5; #Failed = 0; #Dropped = 834
Target Time = 96.5; Load Intensity = 1616.0; #Success = 7; #Failed = 0; #Dropped = 1054
Target Time = 97.5; Load Intensity = 1633.0; #Success = 1; #Failed = 0; #Dropped = 1498
Target Time = 98.5; Load Intensity = 1650.0; #Success = 1; #Failed = 0; #Dropped = 812
Target Time = 99.5; Load Intensity = 1666.0; #Success = 7; #Failed = 1; #Dropped = 1500
Target Time = 100.5; Load Intensity = 1683.0; #Success = 0; #Failed = 0; #Dropped = 0
Target Time = 101.5; Load Intensity = 1700.0; #Success = 6; #Failed = 0; #Dropped = 2264
Target Time = 102.5; Load Intensity = 1716.0; #Success = 7; #Failed = 0; #Dropped = 1150
Target Time = 103.5; Load Intensity = 1733.0; #Success = 7; #Failed = 0; #Dropped = 1336
Target Time = 104.5; Load Intensity = 1750.0; #Success = 4; #Failed = 0; #Dropped = 1228
Target Time = 105.5; Load Intensity = 1766.0; #Success = 0; #Failed = 0; #Dropped = 0
Target Time = 106.5; Load Intensity = 1783.0; #Success = 1; #Failed = 0; #Dropped = 2121
Target Time = 107.5; Load Intensity = 1800.0; #Success = 0; #Failed = 2; #Dropped = 1840
Target Time = 108.5; Load Intensity = 1816.0; #Success = 1; #Failed = 0; #Dropped = 323
Target Time = 109.5; Load Intensity = 1833.0; #Success = 7; #Failed = 3; #Dropped = 2463
Target Time = 110.5; Load Intensity = 1850.0; #Success = 0; #Failed = 9; #Dropped = 535
Target Time = 111.5; Load Intensity = 1866.0; #Success = 1; #Failed = 6; #Dropped = 1582
Target Time = 112.5; Load Intensity = 1883.0; #Success = 0; #Failed = 0; #Dropped = 0
Target Time = 113.5; Load Intensity = 1900.0; #Success = 4; #Failed = 19; #Dropped = 3042
Target Time = 114.5; Load Intensity = 1916.0; #Success = 2; #Failed = 3; #Dropped = 1074
Target Time = 115.5; Load Intensity = 1933.0; #Success = 3; #Failed = 0; #Dropped = 1867
Target Time = 116.5; Load Intensity = 1950.0; #Success = 2; #Failed = 6; #Dropped = 1460
Target Time = 117.5; Load Intensity = 1966.0; #Success = 0; #Failed = 7; #Dropped = 1466
Target Time = 118.5; Load Intensity = 1983.0; #Success = 0; #Failed = 9; #Dropped = 1502
Target Time = 119.5; Load Intensity = 2000.0; #Success = 2; #Failed = 5; #Dropped = 1499
Target Time = 120.5; Load Intensity = 0.0; #Success = 0; #Failed = 1; #Dropped = 1247
Target Time = 121.5; Load Intensity = 0.0; #Success = 1; #Failed = 2; #Dropped = 1782
Target Time = 122.5; Load Intensity = 0.0; #Success = 0; #Failed = 2; #Dropped = 965
Target Time = 123.5; Load Intensity = 0.0; #Success = 0; #Failed = 25; #Dropped = 2157
Target Time = 124.5; Load Intensity = 0.0; #Success = 4; #Failed = 0; #Dropped = 1520
Target Time = 125.5; Load Intensity = 0.0; #Success = 1; #Failed = 0; #Dropped = 1478
Target Time = 126.5; Load Intensity = 0.0; #Success = 2; #Failed = 1; #Dropped = 1750
Target Time = 127.5; Load Intensity = 0.0; #Success = 1; #Failed = 17; #Dropped = 1649
Target Time = 128.5; Load Intensity = 0.0; #Success = 1; #Failed = 6; #Dropped = 1027
Target Time = 129.5; Load Intensity = 0.0; #Success = 0; #Failed = 0; #Dropped = 0
Target Time = 130.5; Load Intensity = 0.0; #Success = 0; #Failed = 0; #Dropped = 0
Target Time = 131.5; Load Intensity = 0.0; #Success = 0; #Failed = 2; #Dropped = 5128
Target Time = 132.5; Load Intensity = 0.0; #Success = 1; #Failed = 26; #Dropped = 1335
Target Time = 133.5; Load Intensity = 0.0; #Success = 2; #Failed = 3; #Dropped = 2021
Target Time = 134.5; Load Intensity = 0.0; #Success = 2; #Failed = 2; #Dropped = 2063
Target Time = 135.5; Load Intensity = 0.0; #Success = 0; #Failed = 1; #Dropped = 2053
Target Time = 136.5; Load Intensity = 0.0; #Success = 2; #Failed = 31; #Dropped = 1751
Target Time = 137.5; Load Intensity = 0.0; #Success = 1; #Failed = 11; #Dropped = 1788
Target Time = 138.5; Load Intensity = 0.0; #Success = 0; #Failed = 10; #Dropped = 1729
Target Time = 139.5; Load Intensity = 0.0; #Success = 0; #Failed = 5; #Dropped = 1904
Target Time = 140.5; Load Intensity = 0.0; #Success = 0; #Failed = 5; #Dropped = 1775
Target Time = 141.5; Load Intensity = 0.0; #Success = 0; #Failed = 24; #Dropped = 2001
Target Time = 142.5; Load Intensity = 0.0; #Success = 1; #Failed = 4; #Dropped = 1879
Target Time = 143.5; Load Intensity = 0.0; #Success = 0; #Failed = 13; #Dropped = 1797
Target Time = 144.5; Load Intensity = 0.0; #Success = 0; #Failed = 11; #Dropped = 1905
  └─ [nitro5:sd] end 00:12:04
Target Time = 145.5; Load Intensity = 0.0; #Success = 0; #Failed = 10; #Dropped = 1857
  └─ [nitro5:ram] end 00:12:05
  └─ [nitro5:nic] end 00:12:05
  └─ [nitro5:cpu] end 00:12:05
Target Time = 146.5; Load Intensity = 0.0; #Success = 0; #Failed = 3; #Dropped = 1749
Target Time = 147.5; Load Intensity = 0.0; #Success = 0; #Failed = 34; #Dropped = 2170
Target Time = 148.5; Load Intensity = 0.0; #Success = 0; #Failed = 5; #Dropped = 1135
Target Time = 149.5; Load Intensity = 0.0; #Success = 0; #Failed = 3; #Dropped = 2579
Target Time = 150.5; Load Intensity = 0.0; #Success = 1; #Failed = 4; #Dropped = 286
  └─ [leo:nic] end 00:12:10
Target Time = 151.5; Load Intensity = 0.0; #Success = 1; #Failed = 14; #Dropped = 0
  └─ [scorpius:sd] end 00:12:11
Target Time = 152.5; Load Intensity = 0.0; #Success = 0; #Failed = 24; #Dropped = 0
  └─ [leo:cpu] end 00:12:12
Target Time = 153.5; Load Intensity = 0.0; #Success = 0; #Failed = 5; #Dropped = 0
  └─ [scorpius:nic] end 00:12:13
  └─ [leo:sd] end 00:12:13
  └─ [scorpius:cpu] end 00:12:13
Target Time = 154.5; Load Intensity = 0.0; #Success = 0; #Failed = 4; #Dropped = 0
  └─ [leo:ram] end 00:12:13
Target Time = 155.5; Load Intensity = 0.0; #Success = 0; #Failed = 1; #Dropped = 0
  └─ [scorpius:ram] end 00:12:14
Target Time = 156.5; Load Intensity = 0.0; #Success = 0; #Failed = 0; #Dropped = 0
Target Time = 157.5; Load Intensity = 0.0; #Success = 0; #Failed = 0; #Dropped = 0
Target Time = 158.5; Load Intensity = 0.0; #Success = 0; #Failed = 0; #Dropped = 0
Target Time = 159.5; Load Intensity = 0.0; #Success = 0; #Failed = 0; #Dropped = 0
Target Time = 160.5; Load Intensity = 0.0; #Success = 1; #Failed = 0; #Dropped = 0
Target Time = 161.5; Load Intensity = 0.0; #Success = 1; #Failed = 0; #Dropped = 0
Target Time = 162.5; Load Intensity = 0.0; #Success = 3; #Failed = 0; #Dropped = 0
  └─ [aspire:nic] end 00:12:22
Target Time = 163.5; Load Intensity = 0.0; #Success = 1; #Failed = 0; #Dropped = 0
Target Time = 164.5; Load Intensity = 0.0; #Success = 0; #Failed = 0; #Dropped = 0
  └─ [aspire:ram] end 00:12:24
  └─ [aspire:cpu] end 00:12:24
Target Time = 165.5; Load Intensity = 0.0; #Success = 0; #Failed = 0; #Dropped = 0
Target Time = 166.5; Load Intensity = 0.0; #Success = 1; #Failed = 0; #Dropped = 0
  └─ [aspire:sd] end 00:12:26
=== Bloque 145s terminado - Fase: fase3_carga_high_iter4 ===
[🧹] Limpiando CSVs internos de ecofloc en cada nodo (fase: fase3_carga_high_iter4)...
  ✔ [nitro5:cpu] limpiado /home/luish/Documents/p3/ecofloc2/ecofloc/ecofloc-cpu/ECOFLOC_CPU_COMM_text.csv
  ✔ [nitro5:nic] limpiado /home/luish/Documents/p3/ecofloc2/ecofloc/ecofloc-nic/ECOFLOC_NIC_COMM_text.csv
  ✔ [nitro5:ram] limpiado /home/luish/Documents/p3/ecofloc2/ecofloc/ecofloc-ram/ECOFLOC_RAM_COMM_text.csv
  ✔ [nitro5:sd] limpiado /home/luish/Documents/p3/ecofloc2/ecofloc/ecofloc-sd/ECOFLOC_SD_COMM_text.csv
Target Time = 167.5; Load Intensity = 0.0; #Success = 3; #Failed = 0; #Dropped = 0
  ✔ [leo:cpu] limpiado /home/leo/ecofloc/ecofloc-cpu/ECOFLOC_CPU_COMM_text.csv
  ✔ [leo:nic] limpiado /home/leo/ecofloc/ecofloc-nic/ECOFLOC_NIC_COMM_text.csv
  ✔ [leo:ram] limpiado /home/leo/ecofloc/ecofloc-ram/ECOFLOC_RAM_COMM_text.csv
  ✔ [leo:sd] limpiado /home/leo/ecofloc/ecofloc-sd/ECOFLOC_SD_COMM_text.csv
  ✔ [aspire:cpu] limpiado /home/luish/Documents/p3/ecofloc2/ecofloc/ecofloc-cpu/ECOFLOC_CPU_COMM_text.csv
  ✔ [aspire:nic] limpiado /home/luish/Documents/p3/ecofloc2/ecofloc/ecofloc-nic/ECOFLOC_NIC_COMM_text.csv
  ✔ [aspire:ram] limpiado /home/luish/Documents/p3/ecofloc2/ecofloc/ecofloc-ram/ECOFLOC_RAM_COMM_text.csv
  ✔ [aspire:sd] limpiado /home/luish/Documents/p3/ecofloc2/ecofloc/ecofloc-sd/ECOFLOC_SD_COMM_text.csv
  ✔ [scorpius:cpu] limpiado /home/scorpius03/Documents/ecofloc/ecofloc-cpu/ECOFLOC_CPU_COMM_text.csv
  ✔ [scorpius:nic] limpiado /home/scorpius03/Documents/ecofloc/ecofloc-nic/ECOFLOC_NIC_COMM_text.csv
  ✔ [scorpius:ram] limpiado /home/scorpius03/Documents/ecofloc/ecofloc-ram/ECOFLOC_RAM_COMM_text.csv
  ✔ [scorpius:sd] limpiado /home/scorpius03/Documents/ecofloc/ecofloc-sd/ECOFLOC_SD_COMM_text.csv
========================================
🔋 MEASURE ENERGY FINALIZADO
   Fase: fase3_carga_high_iter4
========================================
Workload finished.
Log finished.
📄 LIMBO finalizado para scenario=high
⏳ [00:12:31] Esperando que termine medición: fase3_carga_high_iter4 (PID: 2376110)
✔️ [00:12:31] Medición fase3_carga_high_iter4 completada
[📦] Archivando resultados → ./historyexecutions/exp(00:12:36)_fase3_high_iter4
[✔] Archivado: ./historyexecutions/exp(00:12:36)_fase3_high_iter4
🧹 Limpiando TeaStore (iter 4)...
⏸ Esperando 15s para limpieza completa...
✅ Iteración 4 / 15 del escenario high completada.

########################################################
🔄 ESCENARIO: high | ITERACIÓN: 5 / 15
   Hora: 00:13:24
########################################################
========================================
🔋 FASE 1: Descarga de imágenes (high, iter 5)
========================================
📋 Capturando PIDs (gepidstea.sh)...
📋 Capturando PIDs de contenedores (kpsnodos.sh)...
🔋 [00:13:42] Iniciando medición de energía: fase1_descarga_high_iter5 (25s)
   PID de medición: 2765022
🚀 Desplegando TeaStore desde /home/luish/Documents/death/teastore/TeaStore/examples/kubernetes/teastore-energy-scheduler.yaml...
========================================
🔋 MEASURE ENERGY - Fase: fase1_descarga_high_iter5
   Duración: 25s
   PID: 2765022
========================================
=== Medición bloque 25s - Fase: fase1_descarga_high_iter5 ===
[⏱ 00:13:42] Iniciando ecofloc en nitro5 por 25s (fase: fase1_descarga_high_iter5)
⏳ Esperando a que todos los pods de TeaStore estén Running y Ready...
  ├─ [nitro5:sd] start 00:13:42
  ├─ [nitro5:ram] start 00:13:43
  ├─ [nitro5:nic] start 00:13:43
[⏱ 00:13:43] Iniciando ecofloc en aspire por 25s (fase: fase1_descarga_high_iter5)
  ├─ [nitro5:cpu] start 00:13:43
  ├─ [aspire:sd] start 00:13:43
  ├─ [aspire:ram] start 00:13:43
  ├─ [aspire:nic] start 00:13:43
[⏱ 00:13:43] Iniciando ecofloc en scorpius por 25s (fase: fase1_descarga_high_iter5)
  ├─ [aspire:cpu] start 00:13:43
  ├─ [scorpius:sd] start 00:13:43
  ├─ [scorpius:ram] start 00:13:43
  ├─ [scorpius:nic] start 00:13:43
[⏱ 00:13:43] Iniciando ecofloc en leo por 25s (fase: fase1_descarga_high_iter5)
  ├─ [scorpius:cpu] start 00:13:43
  ├─ [leo:sd] start 00:13:43
  ├─ [leo:ram] start 00:13:43
  ├─ [leo:nic] start 00:13:43
  ├─ [leo:cpu] start 00:13:43
✅ Pods listos.
⏳ [00:13:45] Esperando que termine medición: fase1_descarga_high_iter5 (PID: 2765022)
  └─ [nitro5:sd] end 00:14:07
  └─ [nitro5:ram] end 00:14:08
  └─ [nitro5:nic] end 00:14:08
  └─ [nitro5:cpu] end 00:14:08
  └─ [aspire:cpu] end 00:14:09
  └─ [aspire:sd] end 00:14:09
  └─ [leo:sd] end 00:14:09
  └─ [leo:cpu] end 00:14:09
  └─ [scorpius:sd] end 00:14:09
  └─ [scorpius:cpu] end 00:14:10
  └─ [leo:nic] end 00:14:10
  └─ [aspire:nic] end 00:14:10
  └─ [aspire:ram] end 00:14:10
  └─ [scorpius:nic] end 00:14:10
  └─ [leo:ram] end 00:14:10
  └─ [scorpius:ram] end 00:14:11
=== Bloque 25s terminado - Fase: fase1_descarga_high_iter5 ===
[🧹] Limpiando CSVs internos de ecofloc en cada nodo (fase: fase1_descarga_high_iter5)...
  ✔ [nitro5:cpu] limpiado /home/luish/Documents/p3/ecofloc2/ecofloc/ecofloc-cpu/ECOFLOC_CPU_COMM_text.csv
  ✔ [nitro5:nic] limpiado /home/luish/Documents/p3/ecofloc2/ecofloc/ecofloc-nic/ECOFLOC_NIC_COMM_text.csv
  ✔ [nitro5:ram] limpiado /home/luish/Documents/p3/ecofloc2/ecofloc/ecofloc-ram/ECOFLOC_RAM_COMM_text.csv
  ✔ [nitro5:sd] limpiado /home/luish/Documents/p3/ecofloc2/ecofloc/ecofloc-sd/ECOFLOC_SD_COMM_text.csv
  ✔ [leo:cpu] limpiado /home/leo/ecofloc/ecofloc-cpu/ECOFLOC_CPU_COMM_text.csv
  ✔ [leo:nic] limpiado /home/leo/ecofloc/ecofloc-nic/ECOFLOC_NIC_COMM_text.csv
  ✔ [leo:ram] limpiado /home/leo/ecofloc/ecofloc-ram/ECOFLOC_RAM_COMM_text.csv
  ✔ [leo:sd] limpiado /home/leo/ecofloc/ecofloc-sd/ECOFLOC_SD_COMM_text.csv
  ✔ [aspire:cpu] limpiado /home/luish/Documents/p3/ecofloc2/ecofloc/ecofloc-cpu/ECOFLOC_CPU_COMM_text.csv
  ✔ [aspire:nic] limpiado /home/luish/Documents/p3/ecofloc2/ecofloc/ecofloc-nic/ECOFLOC_NIC_COMM_text.csv
  ✔ [aspire:ram] limpiado /home/luish/Documents/p3/ecofloc2/ecofloc/ecofloc-ram/ECOFLOC_RAM_COMM_text.csv
  ✔ [aspire:sd] limpiado /home/luish/Documents/p3/ecofloc2/ecofloc/ecofloc-sd/ECOFLOC_SD_COMM_text.csv
  ✔ [scorpius:cpu] limpiado /home/scorpius03/Documents/ecofloc/ecofloc-cpu/ECOFLOC_CPU_COMM_text.csv
  ✔ [scorpius:nic] limpiado /home/scorpius03/Documents/ecofloc/ecofloc-nic/ECOFLOC_NIC_COMM_text.csv
  ✔ [scorpius:ram] limpiado /home/scorpius03/Documents/ecofloc/ecofloc-ram/ECOFLOC_RAM_COMM_text.csv
  ✔ [scorpius:sd] limpiado /home/scorpius03/Documents/ecofloc/ecofloc-sd/ECOFLOC_SD_COMM_text.csv
========================================
🔋 MEASURE ENERGY FINALIZADO
   Fase: fase1_descarga_high_iter5
========================================
✔️ [00:14:15] Medición fase1_descarga_high_iter5 completada
[📦] Archivando resultados → ./historyexecutions/exp(00:14:20)_fase1_high_iter5
[✔] Archivado: ./historyexecutions/exp(00:14:20)_fase1_high_iter5
========================================
🔋 FASE 2: Preparación de servicios (high, iter 5)
========================================
📋 Capturando PIDs (gepidstea.sh)...
📋 Capturando PIDs de contenedores (kpsnodos.sh)...
🔋 [00:14:37] Iniciando medición de energía: fase2_preparacion_high_iter5 (50s)
   PID de medición: 2832323
========================================
🔋 MEASURE ENERGY - Fase: fase2_preparacion_high_iter5
   Duración: 50s
   PID: 2832323
========================================
=== Medición bloque 50s - Fase: fase2_preparacion_high_iter5 ===
[⏱ 00:14:37] Iniciando ecofloc en nitro5 por 50s (fase: fase2_preparacion_high_iter5)
⏳ Esperando 10s a que CoreDNS se estabilice...
  ├─ [nitro5:sd] start 00:14:37
  ├─ [nitro5:ram] start 00:14:38
  ├─ [nitro5:nic] start 00:14:38
[⏱ 00:14:39] Iniciando ecofloc en aspire por 50s (fase: fase2_preparacion_high_iter5)
  ├─ [nitro5:cpu] start 00:14:39
  ├─ [aspire:sd] start 00:14:39
  ├─ [aspire:ram] start 00:14:39
  ├─ [aspire:nic] start 00:14:39
[⏱ 00:14:39] Iniciando ecofloc en scorpius por 50s (fase: fase2_preparacion_high_iter5)
  ├─ [aspire:cpu] start 00:14:39
  ├─ [scorpius:sd] start 00:14:39
  ├─ [scorpius:ram] start 00:14:39
  ├─ [scorpius:nic] start 00:14:39
[⏱ 00:14:39] Iniciando ecofloc en leo por 50s (fase: fase2_preparacion_high_iter5)
  ├─ [scorpius:cpu] start 00:14:39
  ├─ [leo:sd] start 00:14:39
  ├─ [leo:ram] start 00:14:39
  ├─ [leo:cpu] start 00:14:39
  ├─ [leo:nic] start 00:14:39
➡️ Pod WebUI: teastore-webui-ff7768544-6vvd8
➡️ Está en el nodo: luish-aspire-a315-55g
🌐 IP del nodo WebUI: 192.168.18.37
⏳ Verificando estado del TeaStore en http://192.168.18.37:30080/tools.descartes.teastore.webui/status ...
   ➤ Estado actual: 5 / 5 servicios OK
✔ TODOS los servicios del TeaStore están OK. Continuando...
⏳ [00:14:52] Esperando que termine medición: fase2_preparacion_high_iter5 (PID: 2832323)
  └─ [nitro5:sd] end 00:15:27
  └─ [nitro5:ram] end 00:15:28
  └─ [nitro5:nic] end 00:15:28
  └─ [nitro5:cpu] end 00:15:29
  └─ [aspire:sd] end 00:15:29
  └─ [aspire:cpu] end 00:15:30
  └─ [leo:sd] end 00:15:30
  └─ [leo:cpu] end 00:15:30
  └─ [scorpius:sd] end 00:15:30
  └─ [leo:nic] end 00:15:30
  └─ [aspire:nic] end 00:15:30
  └─ [scorpius:cpu] end 00:15:31
  └─ [scorpius:ram] end 00:15:31
  └─ [aspire:ram] end 00:15:31
  └─ [leo:ram] end 00:15:31
  └─ [scorpius:nic] end 00:15:31
=== Bloque 50s terminado - Fase: fase2_preparacion_high_iter5 ===
[🧹] Limpiando CSVs internos de ecofloc en cada nodo (fase: fase2_preparacion_high_iter5)...
  ✔ [nitro5:cpu] limpiado /home/luish/Documents/p3/ecofloc2/ecofloc/ecofloc-cpu/ECOFLOC_CPU_COMM_text.csv
  ✔ [nitro5:nic] limpiado /home/luish/Documents/p3/ecofloc2/ecofloc/ecofloc-nic/ECOFLOC_NIC_COMM_text.csv
  ✔ [nitro5:ram] limpiado /home/luish/Documents/p3/ecofloc2/ecofloc/ecofloc-ram/ECOFLOC_RAM_COMM_text.csv
  ✔ [nitro5:sd] limpiado /home/luish/Documents/p3/ecofloc2/ecofloc/ecofloc-sd/ECOFLOC_SD_COMM_text.csv
  ✔ [leo:cpu] limpiado /home/leo/ecofloc/ecofloc-cpu/ECOFLOC_CPU_COMM_text.csv
  ✔ [leo:nic] limpiado /home/leo/ecofloc/ecofloc-nic/ECOFLOC_NIC_COMM_text.csv
  ✔ [leo:ram] limpiado /home/leo/ecofloc/ecofloc-ram/ECOFLOC_RAM_COMM_text.csv
  ✔ [leo:sd] limpiado /home/leo/ecofloc/ecofloc-sd/ECOFLOC_SD_COMM_text.csv
  ✔ [aspire:cpu] limpiado /home/luish/Documents/p3/ecofloc2/ecofloc/ecofloc-cpu/ECOFLOC_CPU_COMM_text.csv
  ✔ [aspire:nic] limpiado /home/luish/Documents/p3/ecofloc2/ecofloc/ecofloc-nic/ECOFLOC_NIC_COMM_text.csv
  ✔ [aspire:ram] limpiado /home/luish/Documents/p3/ecofloc2/ecofloc/ecofloc-ram/ECOFLOC_RAM_COMM_text.csv
  ✔ [aspire:sd] limpiado /home/luish/Documents/p3/ecofloc2/ecofloc/ecofloc-sd/ECOFLOC_SD_COMM_text.csv
  ✔ [scorpius:cpu] limpiado /home/scorpius03/Documents/ecofloc/ecofloc-cpu/ECOFLOC_CPU_COMM_text.csv
  ✔ [scorpius:nic] limpiado /home/scorpius03/Documents/ecofloc/ecofloc-nic/ECOFLOC_NIC_COMM_text.csv
  ✔ [scorpius:ram] limpiado /home/scorpius03/Documents/ecofloc/ecofloc-ram/ECOFLOC_RAM_COMM_text.csv
  ✔ [scorpius:sd] limpiado /home/scorpius03/Documents/ecofloc/ecofloc-sd/ECOFLOC_SD_COMM_text.csv
========================================
🔋 MEASURE ENERGY FINALIZADO
   Fase: fase2_preparacion_high_iter5
========================================
✔️ [00:15:35] Medición fase2_preparacion_high_iter5 completada
[📦] Archivando resultados → ./historyexecutions/exp(00:15:40)_fase2_high_iter5
[✔] Archivado: ./historyexecutions/exp(00:15:40)_fase2_high_iter5
========================================
🔋 FASE 3: Ejecución de carga (high, iter 5)
========================================
📋 Capturando PIDs (gepidstea.sh)...
📋 Capturando PIDs de contenedores (kpsnodos.sh)...
🔋 [00:15:56] Iniciando medición de energía: fase3_carga_high_iter5 (145s)
   PID de medición: 2965058
=== Escenario high (iter 5) ===
========================================
🔋 MEASURE ENERGY - Fase: fase3_carga_high_iter5
   Duración: 145s
   PID: 2965058
========================================
=== Medición bloque 145s - Fase: fase3_carga_high_iter5 ===
🚀 Iniciando LIMBO con profile=/home/luish/Documents/death/teastore/TeaStore/examples/httploadgenerator/increasingHighIntensity.csv y script=/home/luish/Documents/death/teastore/TeaStore/examples/httploadgenerator/teastore_buy.lua
[⏱ 00:15:56] Iniciando ecofloc en nitro5 por 145s (fase: fase3_carga_high_iter5)
Feb 27, 2026 12:15:57 AM tools.descartes.dlim.httploadgenerator.runner.Director executeDirector
WARNING: No power measurements
Feb 27, 2026 12:15:57 AM tools.descartes.dlim.httploadgenerator.runner.Director executeDirector
INFO: Load Generator Thread Count set to 64
Feb 27, 2026 12:15:57 AM tools.descartes.dlim.httploadgenerator.runner.Director executeDirector
INFO: URL connection timout set to 30000 ms
Feb 27, 2026 12:15:57 AM tools.descartes.dlim.httploadgenerator.runner.Director executeDirector
INFO: Using Lua Script: /home/luish/Documents/death/teastore/TeaStore/examples/httploadgenerator/teastore_buy.lua
Feb 27, 2026 12:15:57 AM tools.descartes.dlim.httploadgenerator.runner.Director process
INFO: Read 120 Arrival Rate Tuples
Load Generator sent: ok
Feb 27, 2026 12:15:57 AM tools.descartes.dlim.httploadgenerator.runner.Director process
INFO: Arrival Rates sent to Load Generator(s).
Load Generator sent: ok
Feb 27, 2026 12:15:57 AM tools.descartes.dlim.httploadgenerator.runner.Director process
INFO: Thread Count sent to Load Generator(s): 64
Load Generator sent: ok
Feb 27, 2026 12:15:57 AM tools.descartes.dlim.httploadgenerator.runner.Director process
INFO: URL connection timeout sent to Load Generator(s): 30000
Load Generator sent: ok
Feb 27, 2026 12:15:57 AM tools.descartes.dlim.httploadgenerator.runner.Director process
INFO: Contents of script sent to Load Generator: /home/luish/Documents/death/teastore/TeaStore/examples/httploadgenerator/teastore_buy.lua
Feb 27, 2026 12:15:57 AM tools.descartes.dlim.httploadgenerator.runner.Director process
INFO: Starting Load Generation
Beginning Run @1772169357158(27.02.2026;00:15:57158)
  ├─ [nitro5:sd] start 00:15:57
Target Time = 0.5; Load Intensity = 16.0; #Success = 0; #Failed = 0; #Dropped = 0
  ├─ [nitro5:ram] start 00:15:57
  ├─ [nitro5:nic] start 00:15:58
[⏱ 00:15:58] Iniciando ecofloc en aspire por 145s (fase: fase3_carga_high_iter5)
  ├─ [nitro5:cpu] start 00:15:58
  ├─ [aspire:sd] start 00:15:58
  ├─ [aspire:ram] start 00:15:58
[⏱ 00:15:58] Iniciando ecofloc en scorpius por 145s (fase: fase3_carga_high_iter5)
  ├─ [aspire:nic] start 00:15:58
  ├─ [aspire:cpu] start 00:15:58
  ├─ [scorpius:sd] start 00:15:58
  ├─ [scorpius:ram] start 00:15:58
[⏱ 00:15:58] Iniciando ecofloc en leo por 145s (fase: fase3_carga_high_iter5)
  ├─ [scorpius:nic] start 00:15:58
  ├─ [scorpius:cpu] start 00:15:58
  ├─ [leo:sd] start 00:15:58
  ├─ [leo:nic] start 00:15:58
  ├─ [leo:ram] start 00:15:58
  ├─ [leo:cpu] start 00:15:58
Target Time = 1.5; Load Intensity = 33.0; #Success = 11; #Failed = 0; #Dropped = 0
Target Time = 2.5; Load Intensity = 50.0; #Success = 17; #Failed = 0; #Dropped = 0
Target Time = 3.5; Load Intensity = 66.0; #Success = 14; #Failed = 0; #Dropped = 0
Target Time = 4.5; Load Intensity = 83.0; #Success = 1; #Failed = 0; #Dropped = 0
Target Time = 5.5; Load Intensity = 100.0; #Success = 8; #Failed = 0; #Dropped = 0
Target Time = 6.5; Load Intensity = 116.0; #Success = 13; #Failed = 0; #Dropped = 0
Target Time = 7.5; Load Intensity = 133.0; #Success = 29; #Failed = 0; #Dropped = 0
Target Time = 8.5; Load Intensity = 150.0; #Success = 23; #Failed = 0; #Dropped = 0
Target Time = 9.5; Load Intensity = 166.0; #Success = 12; #Failed = 0; #Dropped = 0
Target Time = 10.5; Load Intensity = 183.0; #Success = 24; #Failed = 0; #Dropped = 0
Target Time = 11.5; Load Intensity = 200.0; #Success = 38; #Failed = 0; #Dropped = 0
Target Time = 12.5; Load Intensity = 216.0; #Success = 0; #Failed = 0; #Dropped = 0
Target Time = 13.5; Load Intensity = 233.0; #Success = 0; #Failed = 0; #Dropped = 0
Target Time = 14.5; Load Intensity = 250.0; #Success = 0; #Failed = 0; #Dropped = 0
Target Time = 15.5; Load Intensity = 266.0; #Success = 0; #Failed = 0; #Dropped = 0
Target Time = 16.5; Load Intensity = 283.0; #Success = 0; #Failed = 0; #Dropped = 0
Target Time = 17.5; Load Intensity = 300.0; #Success = 0; #Failed = 0; #Dropped = 0
Target Time = 18.5; Load Intensity = 316.0; #Success = 0; #Failed = 0; #Dropped = 0
Target Time = 19.5; Load Intensity = 333.0; #Success = 0; #Failed = 0; #Dropped = 0
Target Time = 20.5; Load Intensity = 350.0; #Success = 0; #Failed = 0; #Dropped = 0
Target Time = 21.5; Load Intensity = 366.0; #Success = 0; #Failed = 0; #Dropped = 0
Target Time = 22.5; Load Intensity = 383.0; #Success = 0; #Failed = 0; #Dropped = 0
Target Time = 23.5; Load Intensity = 400.0; #Success = 0; #Failed = 0; #Dropped = 0
Target Time = 24.5; Load Intensity = 416.0; #Success = 0; #Failed = 18; #Dropped = 0
Target Time = 25.5; Load Intensity = 433.0; #Success = 0; #Failed = 0; #Dropped = 0
Target Time = 26.5; Load Intensity = 450.0; #Success = 0; #Failed = 0; #Dropped = 0
Target Time = 27.5; Load Intensity = 466.0; #Success = 0; #Failed = 0; #Dropped = 0
Target Time = 28.5; Load Intensity = 483.0; #Success = 0; #Failed = 0; #Dropped = 0
Target Time = 29.5; Load Intensity = 500.0; #Success = 0; #Failed = 0; #Dropped = 0
Target Time = 30.5; Load Intensity = 516.0; #Success = 0; #Failed = 1; #Dropped = 0
Target Time = 31.5; Load Intensity = 533.0; #Success = 0; #Failed = 3; #Dropped = 0
Target Time = 32.5; Load Intensity = 550.0; #Success = 0; #Failed = 6; #Dropped = 0
Target Time = 33.5; Load Intensity = 566.0; #Success = 0; #Failed = 0; #Dropped = 0
Target Time = 34.5; Load Intensity = 583.0; #Success = 0; #Failed = 0; #Dropped = 0
Target Time = 35.5; Load Intensity = 600.0; #Success = 0; #Failed = 0; #Dropped = 0
Target Time = 36.5; Load Intensity = 616.0; #Success = 0; #Failed = 0; #Dropped = 0
Target Time = 37.5; Load Intensity = 633.0; #Success = 0; #Failed = 0; #Dropped = 0
Target Time = 38.5; Load Intensity = 650.0; #Success = 1; #Failed = 0; #Dropped = 329
Target Time = 39.5; Load Intensity = 666.0; #Success = 3; #Failed = 0; #Dropped = 323
Target Time = 40.5; Load Intensity = 683.0; #Success = 13; #Failed = 1; #Dropped = 144
Target Time = 41.5; Load Intensity = 700.0; #Success = 17; #Failed = 2; #Dropped = 110
Target Time = 42.5; Load Intensity = 716.0; #Success = 0; #Failed = 0; #Dropped = 0
Target Time = 43.5; Load Intensity = 733.0; #Success = 0; #Failed = 0; #Dropped = 0
Target Time = 44.5; Load Intensity = 750.0; #Success = 0; #Failed = 0; #Dropped = 0
Target Time = 45.5; Load Intensity = 766.0; #Success = 0; #Failed = 0; #Dropped = 0
Target Time = 46.5; Load Intensity = 783.0; #Success = 0; #Failed = 0; #Dropped = 0
Target Time = 47.5; Load Intensity = 800.0; #Success = 0; #Failed = 0; #Dropped = 0
Target Time = 48.5; Load Intensity = 816.0; #Success = 0; #Failed = 0; #Dropped = 0
Target Time = 49.5; Load Intensity = 833.0; #Success = 0; #Failed = 0; #Dropped = 0
Target Time = 50.5; Load Intensity = 850.0; #Success = 0; #Failed = 0; #Dropped = 0
Target Time = 51.5; Load Intensity = 866.0; #Success = 0; #Failed = 0; #Dropped = 0
Target Time = 52.5; Load Intensity = 883.0; #Success = 0; #Failed = 10; #Dropped = 3396
Target Time = 53.5; Load Intensity = 900.0; #Success = 0; #Failed = 22; #Dropped = 327
Target Time = 54.5; Load Intensity = 916.0; #Success = 2; #Failed = 0; #Dropped = 386
Target Time = 55.5; Load Intensity = 933.0; #Success = 0; #Failed = 5; #Dropped = 397
Target Time = 56.5; Load Intensity = 950.0; #Success = 0; #Failed = 0; #Dropped = 0
Target Time = 57.5; Load Intensity = 966.0; #Success = 0; #Failed = 0; #Dropped = 0
Target Time = 58.5; Load Intensity = 983.0; #Success = 0; #Failed = 0; #Dropped = 0
Target Time = 59.5; Load Intensity = 1000.0; #Success = 0; #Failed = 0; #Dropped = 0
Target Time = 60.5; Load Intensity = 1016.0; #Success = 1; #Failed = 0; #Dropped = 2435
Target Time = 61.5; Load Intensity = 1033.0; #Success = 0; #Failed = 1; #Dropped = 76
Target Time = 62.5; Load Intensity = 1050.0; #Success = 0; #Failed = 0; #Dropped = 0
Target Time = 63.5; Load Intensity = 1066.0; #Success = 0; #Failed = 2; #Dropped = 1238
Target Time = 64.5; Load Intensity = 1083.0; #Success = 0; #Failed = 1; #Dropped = 937
Target Time = 65.5; Load Intensity = 1100.0; #Success = 0; #Failed = 0; #Dropped = 0
Target Time = 66.5; Load Intensity = 1116.0; #Success = 0; #Failed = 7; #Dropped = 926
Target Time = 67.5; Load Intensity = 1133.0; #Success = 0; #Failed = 0; #Dropped = 0
Target Time = 68.5; Load Intensity = 1150.0; #Success = 0; #Failed = 1; #Dropped = 1364
Target Time = 69.5; Load Intensity = 1166.0; #Success = 1; #Failed = 0; #Dropped = 894
Target Time = 70.5; Load Intensity = 1183.0; #Success = 6; #Failed = 0; #Dropped = 712
Target Time = 71.5; Load Intensity = 1200.0; #Success = 13; #Failed = 0; #Dropped = 271
Target Time = 72.5; Load Intensity = 1216.0; #Success = 0; #Failed = 0; #Dropped = 0
Target Time = 73.5; Load Intensity = 1233.0; #Success = 0; #Failed = 7; #Dropped = 1764
Target Time = 74.5; Load Intensity = 1250.0; #Success = 0; #Failed = 11; #Dropped = 443
Target Time = 75.5; Load Intensity = 1266.0; #Success = 0; #Failed = 0; #Dropped = 0
Target Time = 76.5; Load Intensity = 1283.0; #Success = 0; #Failed = 0; #Dropped = 0
Target Time = 77.5; Load Intensity = 1300.0; #Success = 0; #Failed = 0; #Dropped = 0
Target Time = 78.5; Load Intensity = 1316.0; #Success = 0; #Failed = 0; #Dropped = 0
Target Time = 79.5; Load Intensity = 1333.0; #Success = 0; #Failed = 0; #Dropped = 0
Target Time = 80.5; Load Intensity = 1350.0; #Success = 0; #Failed = 0; #Dropped = 0
Target Time = 81.5; Load Intensity = 1366.0; #Success = 0; #Failed = 0; #Dropped = 0
Target Time = 82.5; Load Intensity = 1383.0; #Success = 5; #Failed = 0; #Dropped = 6919
Target Time = 83.5; Load Intensity = 1400.0; #Success = 1; #Failed = 0; #Dropped = 27
Target Time = 84.5; Load Intensity = 1416.0; #Success = 2; #Failed = 0; #Dropped = 1755
Target Time = 85.5; Load Intensity = 1433.0; #Success = 5; #Failed = 0; #Dropped = 882
Target Time = 86.5; Load Intensity = 1450.0; #Success = 0; #Failed = 5; #Dropped = 1033
Target Time = 87.5; Load Intensity = 1466.0; #Success = 0; #Failed = 8; #Dropped = 573
Target Time = 88.5; Load Intensity = 1483.0; #Success = 0; #Failed = 2; #Dropped = 906
Target Time = 89.5; Load Intensity = 1500.0; #Success = 0; #Failed = 0; #Dropped = 0
Target Time = 90.5; Load Intensity = 1516.0; #Success = 1; #Failed = 5; #Dropped = 2488
Target Time = 91.5; Load Intensity = 1533.0; #Success = 1; #Failed = 1; #Dropped = 938
Target Time = 92.5; Load Intensity = 1550.0; #Success = 0; #Failed = 1; #Dropped = 141
Target Time = 93.5; Load Intensity = 1566.0; #Success = 2; #Failed = 0; #Dropped = 1545
Target Time = 94.5; Load Intensity = 1583.0; #Success = 1; #Failed = 0; #Dropped = 1547
Target Time = 95.5; Load Intensity = 1600.0; #Success = 0; #Failed = 0; #Dropped = 0
Target Time = 96.5; Load Intensity = 1616.0; #Success = 6; #Failed = 0; #Dropped = 1634
Target Time = 97.5; Load Intensity = 1633.0; #Success = 0; #Failed = 1; #Dropped = 685
Target Time = 98.5; Load Intensity = 1650.0; #Success = 1; #Failed = 0; #Dropped = 1843
Target Time = 99.5; Load Intensity = 1666.0; #Success = 1; #Failed = 0; #Dropped = 1548
Target Time = 100.5; Load Intensity = 1683.0; #Success = 0; #Failed = 0; #Dropped = 0
Target Time = 101.5; Load Intensity = 1700.0; #Success = 4; #Failed = 0; #Dropped = 1539
Target Time = 102.5; Load Intensity = 1716.0; #Success = 0; #Failed = 4; #Dropped = 1513
Target Time = 103.5; Load Intensity = 1733.0; #Success = 1; #Failed = 0; #Dropped = 1266
Target Time = 104.5; Load Intensity = 1750.0; #Success = 6; #Failed = 0; #Dropped = 1091
Target Time = 105.5; Load Intensity = 1766.0; #Success = 0; #Failed = 0; #Dropped = 0
Target Time = 106.5; Load Intensity = 1783.0; #Success = 0; #Failed = 0; #Dropped = 0
Target Time = 107.5; Load Intensity = 1800.0; #Success = 0; #Failed = 0; #Dropped = 0
Target Time = 108.5; Load Intensity = 1816.0; #Success = 0; #Failed = 0; #Dropped = 0
Target Time = 109.5; Load Intensity = 1833.0; #Success = 0; #Failed = 0; #Dropped = 0
Target Time = 110.5; Load Intensity = 1850.0; #Success = 0; #Failed = 0; #Dropped = 0
Target Time = 111.5; Load Intensity = 1866.0; #Success = 0; #Failed = 0; #Dropped = 0
Target Time = 112.5; Load Intensity = 1883.0; #Success = 5; #Failed = 0; #Dropped = 11237
Target Time = 113.5; Load Intensity = 1900.0; #Success = 1; #Failed = 0; #Dropped = 264
Target Time = 114.5; Load Intensity = 1916.0; #Success = 2; #Failed = 0; #Dropped = 2475
Target Time = 115.5; Load Intensity = 1933.0; #Success = 5; #Failed = 0; #Dropped = 1190
Target Time = 116.5; Load Intensity = 1950.0; #Success = 3; #Failed = 21; #Dropped = 1820
Target Time = 117.5; Load Intensity = 1966.0; #Success = 5; #Failed = 6; #Dropped = 402
Target Time = 118.5; Load Intensity = 1983.0; #Success = 0; #Failed = 12; #Dropped = 2437
Target Time = 119.5; Load Intensity = 2000.0; #Success = 0; #Failed = 0; #Dropped = 0
Target Time = 120.5; Load Intensity = 0.0; #Success = 0; #Failed = 0; #Dropped = 0
Target Time = 121.5; Load Intensity = 0.0; #Success = 0; #Failed = 0; #Dropped = 0
Target Time = 122.5; Load Intensity = 0.0; #Success = 0; #Failed = 0; #Dropped = 0
Target Time = 123.5; Load Intensity = 0.0; #Success = 1; #Failed = 0; #Dropped = 6814
Target Time = 124.5; Load Intensity = 0.0; #Success = 0; #Failed = 0; #Dropped = 0
Target Time = 125.5; Load Intensity = 0.0; #Success = 0; #Failed = 0; #Dropped = 0
Target Time = 126.5; Load Intensity = 0.0; #Success = 0; #Failed = 24; #Dropped = 4656
Target Time = 127.5; Load Intensity = 0.0; #Success = 2; #Failed = 0; #Dropped = 1220
Target Time = 128.5; Load Intensity = 0.0; #Success = 0; #Failed = 5; #Dropped = 2461
Target Time = 129.5; Load Intensity = 0.0; #Success = 0; #Failed = 0; #Dropped = 0
Target Time = 130.5; Load Intensity = 0.0; #Success = 1; #Failed = 0; #Dropped = 4010
Target Time = 131.5; Load Intensity = 0.0; #Success = 0; #Failed = 0; #Dropped = 0
Target Time = 132.5; Load Intensity = 0.0; #Success = 0; #Failed = 11; #Dropped = 2524
Target Time = 133.5; Load Intensity = 0.0; #Success = 0; #Failed = 0; #Dropped = 0
Target Time = 134.5; Load Intensity = 0.0; #Success = 2; #Failed = 0; #Dropped = 3678
Target Time = 135.5; Load Intensity = 0.0; #Success = 0; #Failed = 0; #Dropped = 0
Target Time = 136.5; Load Intensity = 0.0; #Success = 5; #Failed = 13; #Dropped = 3678
Target Time = 137.5; Load Intensity = 0.0; #Success = 1; #Failed = 2; #Dropped = 1974
Target Time = 138.5; Load Intensity = 0.0; #Success = 4; #Failed = 0; #Dropped = 2092
Target Time = 139.5; Load Intensity = 0.0; #Success = 2; #Failed = 0; #Dropped = 1762
Target Time = 140.5; Load Intensity = 0.0; #Success = 1; #Failed = 0; #Dropped = 1020
Target Time = 141.5; Load Intensity = 0.0; #Success = 0; #Failed = 0; #Dropped = 0
Target Time = 142.5; Load Intensity = 0.0; #Success = 3; #Failed = 0; #Dropped = 4622
Target Time = 143.5; Load Intensity = 0.0; #Success = 1; #Failed = 0; #Dropped = 969
Target Time = 144.5; Load Intensity = 0.0; #Success = 0; #Failed = 1; #Dropped = 2867
  └─ [nitro5:sd] end 00:18:22
Target Time = 145.5; Load Intensity = 0.0; #Success = 0; #Failed = 0; #Dropped = 0
  └─ [nitro5:ram] end 00:18:22
  └─ [nitro5:nic] end 00:18:23
  └─ [nitro5:cpu] end 00:18:23
Target Time = 146.5; Load Intensity = 0.0; #Success = 0; #Failed = 1; #Dropped = 3072
Target Time = 147.5; Load Intensity = 0.0; #Success = 1; #Failed = 0; #Dropped = 2493
Target Time = 148.5; Load Intensity = 0.0; #Success = 0; #Failed = 0; #Dropped = 0
Target Time = 149.5; Load Intensity = 0.0; #Success = 1; #Failed = 0; #Dropped = 3712
Target Time = 150.5; Load Intensity = 0.0; #Success = 2; #Failed = 0; #Dropped = 551
Target Time = 151.5; Load Intensity = 0.0; #Success = 1; #Failed = 0; #Dropped = 0
  └─ [scorpius:sd] end 00:18:29
  └─ [scorpius:cpu] end 00:18:29
Target Time = 152.5; Load Intensity = 0.0; #Success = 0; #Failed = 0; #Dropped = 0
  └─ [scorpius:ram] end 00:18:29
  └─ [leo:nic] end 00:18:30
Target Time = 153.5; Load Intensity = 0.0; #Success = 1; #Failed = 0; #Dropped = 0
Target Time = 154.5; Load Intensity = 0.0; #Success = 0; #Failed = 0; #Dropped = 0
Target Time = 155.5; Load Intensity = 0.0; #Success = 0; #Failed = 0; #Dropped = 0
Target Time = 156.5; Load Intensity = 0.0; #Success = 4; #Failed = 0; #Dropped = 0
Target Time = 157.5; Load Intensity = 0.0; #Success = 1; #Failed = 2; #Dropped = 0
Target Time = 158.5; Load Intensity = 0.0; #Success = 5; #Failed = 2; #Dropped = 0
Target Time = 159.5; Load Intensity = 0.0; #Success = 0; #Failed = 3; #Dropped = 0
  └─ [leo:cpu] end 00:18:37
  └─ [leo:ram] end 00:18:37
Target Time = 160.5; Load Intensity = 0.0; #Success = 1; #Failed = 0; #Dropped = 0
  └─ [leo:sd] end 00:18:38
Target Time = 161.5; Load Intensity = 0.0; #Success = 0; #Failed = 0; #Dropped = 0
Target Time = 162.5; Load Intensity = 0.0; #Success = 8; #Failed = 12; #Dropped = 0
Target Time = 163.5; Load Intensity = 0.0; #Success = 0; #Failed = 13; #Dropped = 0
Target Time = 164.5; Load Intensity = 0.0; #Success = 0; #Failed = 0; #Dropped = 0
  └─ [aspire:nic] end 00:18:42
Target Time = 165.5; Load Intensity = 0.0; #Success = 2; #Failed = 0; #Dropped = 0
Target Time = 166.5; Load Intensity = 0.0; #Success = 5; #Failed = 0; #Dropped = 0
  └─ [aspire:cpu] end 00:18:43
  └─ [aspire:ram] end 00:18:43
  └─ [aspire:sd] end 00:18:43
=== Bloque 145s terminado - Fase: fase3_carga_high_iter5 ===
[🧹] Limpiando CSVs internos de ecofloc en cada nodo (fase: fase3_carga_high_iter5)...
  ✔ [nitro5:cpu] limpiado /home/luish/Documents/p3/ecofloc2/ecofloc/ecofloc-cpu/ECOFLOC_CPU_COMM_text.csv
  ✔ [nitro5:nic] limpiado /home/luish/Documents/p3/ecofloc2/ecofloc/ecofloc-nic/ECOFLOC_NIC_COMM_text.csv
  ✔ [nitro5:ram] limpiado /home/luish/Documents/p3/ecofloc2/ecofloc/ecofloc-ram/ECOFLOC_RAM_COMM_text.csv
  ✔ [nitro5:sd] limpiado /home/luish/Documents/p3/ecofloc2/ecofloc/ecofloc-sd/ECOFLOC_SD_COMM_text.csv
  ✔ [leo:cpu] limpiado /home/leo/ecofloc/ecofloc-cpu/ECOFLOC_CPU_COMM_text.csv
Target Time = 167.5; Load Intensity = 0.0; #Success = 1; #Failed = 0; #Dropped = 0
  ✔ [leo:nic] limpiado /home/leo/ecofloc/ecofloc-nic/ECOFLOC_NIC_COMM_text.csv
  ✔ [leo:ram] limpiado /home/leo/ecofloc/ecofloc-ram/ECOFLOC_RAM_COMM_text.csv
  ✔ [leo:sd] limpiado /home/leo/ecofloc/ecofloc-sd/ECOFLOC_SD_COMM_text.csv
Target Time = 168.5; Load Intensity = 0.0; #Success = 1; #Failed = 0; #Dropped = 0
  ✔ [aspire:cpu] limpiado /home/luish/Documents/p3/ecofloc2/ecofloc/ecofloc-cpu/ECOFLOC_CPU_COMM_text.csv
  ✔ [aspire:nic] limpiado /home/luish/Documents/p3/ecofloc2/ecofloc/ecofloc-nic/ECOFLOC_NIC_COMM_text.csv
  ✔ [aspire:ram] limpiado /home/luish/Documents/p3/ecofloc2/ecofloc/ecofloc-ram/ECOFLOC_RAM_COMM_text.csv
  ✔ [aspire:sd] limpiado /home/luish/Documents/p3/ecofloc2/ecofloc/ecofloc-sd/ECOFLOC_SD_COMM_text.csv
  ✔ [scorpius:cpu] limpiado /home/scorpius03/Documents/ecofloc/ecofloc-cpu/ECOFLOC_CPU_COMM_text.csv
  ✔ [scorpius:nic] limpiado /home/scorpius03/Documents/ecofloc/ecofloc-nic/ECOFLOC_NIC_COMM_text.csv
  ✔ [scorpius:ram] limpiado /home/scorpius03/Documents/ecofloc/ecofloc-ram/ECOFLOC_RAM_COMM_text.csv
  ✔ [scorpius:sd] limpiado /home/scorpius03/Documents/ecofloc/ecofloc-sd/ECOFLOC_SD_COMM_text.csv
========================================
🔋 MEASURE ENERGY FINALIZADO
   Fase: fase3_carga_high_iter5
========================================
Workload finished.
Log finished.
📄 LIMBO finalizado para scenario=high
⏳ [00:18:50] Esperando que termine medición: fase3_carga_high_iter5 (PID: 2965058)
✔️ [00:18:50] Medición fase3_carga_high_iter5 completada
[📦] Archivando resultados → ./historyexecutions/exp(00:18:55)_fase3_high_iter5
[✔] Archivado: ./historyexecutions/exp(00:18:55)_fase3_high_iter5
🧹 Limpiando TeaStore (iter 5)...
⏸ Esperando 15s para limpieza completa...
✅ Iteración 5 / 15 del escenario high completada.

########################################################
🔄 ESCENARIO: high | ITERACIÓN: 6 / 15
   Hora: 00:19:43
########################################################
========================================
🔋 FASE 1: Descarga de imágenes (high, iter 6)
========================================
📋 Capturando PIDs (gepidstea.sh)...
📋 Capturando PIDs de contenedores (kpsnodos.sh)...
🔋 [00:20:00] Iniciando medición de energía: fase1_descarga_high_iter6 (25s)
   PID de medición: 3318647
🚀 Desplegando TeaStore desde /home/luish/Documents/death/teastore/TeaStore/examples/kubernetes/teastore-energy-scheduler.yaml...
========================================
🔋 MEASURE ENERGY - Fase: fase1_descarga_high_iter6
   Duración: 25s
   PID: 3318647
========================================
=== Medición bloque 25s - Fase: fase1_descarga_high_iter6 ===
[⏱ 00:20:00] Iniciando ecofloc en nitro5 por 25s (fase: fase1_descarga_high_iter6)
⏳ Esperando a que todos los pods de TeaStore estén Running y Ready...
  ├─ [nitro5:sd] start 00:20:00
  ├─ [nitro5:ram] start 00:20:00
  ├─ [nitro5:nic] start 00:20:01
[⏱ 00:20:01] Iniciando ecofloc en aspire por 25s (fase: fase1_descarga_high_iter6)
  ├─ [nitro5:cpu] start 00:20:01
  ├─ [aspire:sd] start 00:20:01
  ├─ [aspire:ram] start 00:20:01
  ├─ [aspire:nic] start 00:20:01
[⏱ 00:20:01] Iniciando ecofloc en scorpius por 25s (fase: fase1_descarga_high_iter6)
  ├─ [aspire:cpu] start 00:20:01
  ├─ [scorpius:sd] start 00:20:01
  ├─ [scorpius:ram] start 00:20:01
  ├─ [scorpius:nic] start 00:20:01
[⏱ 00:20:01] Iniciando ecofloc en leo por 25s (fase: fase1_descarga_high_iter6)
  ├─ [scorpius:cpu] start 00:20:01
  ├─ [leo:sd] start 00:20:01
  ├─ [leo:ram] start 00:20:01
  ├─ [leo:nic] start 00:20:01
  ├─ [leo:cpu] start 00:20:01
✅ Pods listos.
⏳ [00:20:02] Esperando que termine medición: fase1_descarga_high_iter6 (PID: 3318647)
  └─ [nitro5:sd] end 00:20:25
  └─ [nitro5:ram] end 00:20:25
  └─ [nitro5:nic] end 00:20:26
  └─ [nitro5:cpu] end 00:20:26
  └─ [aspire:sd] end 00:20:27
  └─ [aspire:cpu] end 00:20:27
  └─ [scorpius:sd] end 00:20:27
  └─ [leo:cpu] end 00:20:27
  └─ [leo:sd] end 00:20:27
  └─ [scorpius:cpu] end 00:20:28
  └─ [aspire:nic] end 00:20:28
  └─ [leo:nic] end 00:20:28
  └─ [aspire:ram] end 00:20:28
  └─ [leo:ram] end 00:20:28
  └─ [scorpius:nic] end 00:20:29
=== Bloque 25s terminado - Fase: fase1_descarga_high_iter6 ===
[🧹] Limpiando CSVs internos de ecofloc en cada nodo (fase: fase1_descarga_high_iter6)...
  ✔ [nitro5:cpu] limpiado /home/luish/Documents/p3/ecofloc2/ecofloc/ecofloc-cpu/ECOFLOC_CPU_COMM_text.csv
  ✔ [nitro5:nic] limpiado /home/luish/Documents/p3/ecofloc2/ecofloc/ecofloc-nic/ECOFLOC_NIC_COMM_text.csv
  ✔ [nitro5:ram] limpiado /home/luish/Documents/p3/ecofloc2/ecofloc/ecofloc-ram/ECOFLOC_RAM_COMM_text.csv
  ✔ [nitro5:sd] limpiado /home/luish/Documents/p3/ecofloc2/ecofloc/ecofloc-sd/ECOFLOC_SD_COMM_text.csv
  ✔ [leo:cpu] limpiado /home/leo/ecofloc/ecofloc-cpu/ECOFLOC_CPU_COMM_text.csv
  ✔ [leo:nic] limpiado /home/leo/ecofloc/ecofloc-nic/ECOFLOC_NIC_COMM_text.csv
  ✔ [leo:ram] limpiado /home/leo/ecofloc/ecofloc-ram/ECOFLOC_RAM_COMM_text.csv
  ✔ [leo:sd] limpiado /home/leo/ecofloc/ecofloc-sd/ECOFLOC_SD_COMM_text.csv
  ✔ [aspire:cpu] limpiado /home/luish/Documents/p3/ecofloc2/ecofloc/ecofloc-cpu/ECOFLOC_CPU_COMM_text.csv
  ✔ [aspire:nic] limpiado /home/luish/Documents/p3/ecofloc2/ecofloc/ecofloc-nic/ECOFLOC_NIC_COMM_text.csv
  ✔ [aspire:ram] limpiado /home/luish/Documents/p3/ecofloc2/ecofloc/ecofloc-ram/ECOFLOC_RAM_COMM_text.csv
  ✔ [aspire:sd] limpiado /home/luish/Documents/p3/ecofloc2/ecofloc/ecofloc-sd/ECOFLOC_SD_COMM_text.csv
  ✔ [scorpius:cpu] limpiado /home/scorpius03/Documents/ecofloc/ecofloc-cpu/ECOFLOC_CPU_COMM_text.csv
  ✔ [scorpius:nic] limpiado /home/scorpius03/Documents/ecofloc/ecofloc-nic/ECOFLOC_NIC_COMM_text.csv
  ✔ [scorpius:ram] limpiado /home/scorpius03/Documents/ecofloc/ecofloc-ram/ECOFLOC_RAM_COMM_text.csv
  ✔ [scorpius:sd] limpiado /home/scorpius03/Documents/ecofloc/ecofloc-sd/ECOFLOC_SD_COMM_text.csv
========================================
🔋 MEASURE ENERGY FINALIZADO
   Fase: fase1_descarga_high_iter6
========================================
✔️ [00:20:33] Medición fase1_descarga_high_iter6 completada
[📦] Archivando resultados → ./historyexecutions/exp(00:20:38)_fase1_high_iter6
[✔] Archivado: ./historyexecutions/exp(00:20:38)_fase1_high_iter6
========================================
🔋 FASE 2: Preparación de servicios (high, iter 6)
========================================
📋 Capturando PIDs (gepidstea.sh)...
📋 Capturando PIDs de contenedores (kpsnodos.sh)...
🔋 [00:20:55] Iniciando medición de energía: fase2_preparacion_high_iter6 (50s)
   PID de medición: 3382494
========================================
🔋 MEASURE ENERGY - Fase: fase2_preparacion_high_iter6
   Duración: 50s
   PID: 3382494
========================================
=== Medición bloque 50s - Fase: fase2_preparacion_high_iter6 ===
[⏱ 00:20:55] Iniciando ecofloc en nitro5 por 50s (fase: fase2_preparacion_high_iter6)
⏳ Esperando 10s a que CoreDNS se estabilice...
  ├─ [nitro5:sd] start 00:20:55
  ├─ [nitro5:ram] start 00:20:55
  ├─ [nitro5:nic] start 00:20:56
[⏱ 00:20:56] Iniciando ecofloc en aspire por 50s (fase: fase2_preparacion_high_iter6)
  ├─ [nitro5:cpu] start 00:20:56
  ├─ [aspire:sd] start 00:20:56
  ├─ [aspire:ram] start 00:20:56
[⏱ 00:20:56] Iniciando ecofloc en scorpius por 50s (fase: fase2_preparacion_high_iter6)
  ├─ [aspire:nic] start 00:20:56
  ├─ [aspire:cpu] start 00:20:56
  ├─ [scorpius:sd] start 00:20:56
  ├─ [scorpius:nic] start 00:20:56
[⏱ 00:20:56] Iniciando ecofloc en leo por 50s (fase: fase2_preparacion_high_iter6)
  ├─ [scorpius:ram] start 00:20:56
  ├─ [scorpius:cpu] start 00:20:56
  ├─ [leo:sd] start 00:20:56
  ├─ [leo:ram] start 00:20:56
  ├─ [leo:cpu] start 00:20:56
  ├─ [leo:nic] start 00:20:56
➡️ Pod WebUI: teastore-webui-ff7768544-zwmfl
➡️ Está en el nodo: leo02
🌐 IP del nodo WebUI: 192.168.18.36
⏳ Verificando estado del TeaStore en http://192.168.18.36:30080/tools.descartes.teastore.webui/status ...
   ➤ Estado actual: 5 / 5 servicios OK
✔ TODOS los servicios del TeaStore están OK. Continuando...
⏳ [00:21:10] Esperando que termine medición: fase2_preparacion_high_iter6 (PID: 3382494)
  └─ [nitro5:ram] end 00:21:45
  └─ [nitro5:sd] end 00:21:45
  └─ [nitro5:nic] end 00:21:46
  └─ [nitro5:cpu] end 00:21:46
  └─ [aspire:cpu] end 00:21:47
  └─ [scorpius:cpu] end 00:21:47
  └─ [scorpius:sd] end 00:21:47
  └─ [aspire:nic] end 00:21:47
  └─ [leo:sd] end 00:21:47
  └─ [leo:cpu] end 00:21:47
  └─ [aspire:ram] end 00:21:48
  └─ [leo:nic] end 00:21:48
  └─ [leo:ram] end 00:21:49
  └─ [scorpius:ram] end 00:21:50
  └─ [scorpius:nic] end 00:21:50
=== Bloque 50s terminado - Fase: fase2_preparacion_high_iter6 ===
[🧹] Limpiando CSVs internos de ecofloc en cada nodo (fase: fase2_preparacion_high_iter6)...
  ✔ [nitro5:cpu] limpiado /home/luish/Documents/p3/ecofloc2/ecofloc/ecofloc-cpu/ECOFLOC_CPU_COMM_text.csv
  ✔ [nitro5:nic] limpiado /home/luish/Documents/p3/ecofloc2/ecofloc/ecofloc-nic/ECOFLOC_NIC_COMM_text.csv
  ✔ [nitro5:ram] limpiado /home/luish/Documents/p3/ecofloc2/ecofloc/ecofloc-ram/ECOFLOC_RAM_COMM_text.csv
  ✔ [nitro5:sd] limpiado /home/luish/Documents/p3/ecofloc2/ecofloc/ecofloc-sd/ECOFLOC_SD_COMM_text.csv
  ✔ [leo:cpu] limpiado /home/leo/ecofloc/ecofloc-cpu/ECOFLOC_CPU_COMM_text.csv
  ✔ [leo:nic] limpiado /home/leo/ecofloc/ecofloc-nic/ECOFLOC_NIC_COMM_text.csv
  ✔ [leo:ram] limpiado /home/leo/ecofloc/ecofloc-ram/ECOFLOC_RAM_COMM_text.csv
  ✔ [leo:sd] limpiado /home/leo/ecofloc/ecofloc-sd/ECOFLOC_SD_COMM_text.csv
  ✔ [aspire:cpu] limpiado /home/luish/Documents/p3/ecofloc2/ecofloc/ecofloc-cpu/ECOFLOC_CPU_COMM_text.csv
  ✔ [aspire:nic] limpiado /home/luish/Documents/p3/ecofloc2/ecofloc/ecofloc-nic/ECOFLOC_NIC_COMM_text.csv
  ✔ [aspire:ram] limpiado /home/luish/Documents/p3/ecofloc2/ecofloc/ecofloc-ram/ECOFLOC_RAM_COMM_text.csv
  ✔ [aspire:sd] limpiado /home/luish/Documents/p3/ecofloc2/ecofloc/ecofloc-sd/ECOFLOC_SD_COMM_text.csv
  ✔ [scorpius:cpu] limpiado /home/scorpius03/Documents/ecofloc/ecofloc-cpu/ECOFLOC_CPU_COMM_text.csv
  ✔ [scorpius:nic] limpiado /home/scorpius03/Documents/ecofloc/ecofloc-nic/ECOFLOC_NIC_COMM_text.csv
  ✔ [scorpius:ram] limpiado /home/scorpius03/Documents/ecofloc/ecofloc-ram/ECOFLOC_RAM_COMM_text.csv
  ✔ [scorpius:sd] limpiado /home/scorpius03/Documents/ecofloc/ecofloc-sd/ECOFLOC_SD_COMM_text.csv
========================================
🔋 MEASURE ENERGY FINALIZADO
   Fase: fase2_preparacion_high_iter6
========================================
✔️ [00:21:53] Medición fase2_preparacion_high_iter6 completada
[📦] Archivando resultados → ./historyexecutions/exp(00:21:58)_fase2_high_iter6
[✔] Archivado: ./historyexecutions/exp(00:21:58)_fase2_high_iter6
========================================
🔋 FASE 3: Ejecución de carga (high, iter 6)
========================================
📋 Capturando PIDs (gepidstea.sh)...
📋 Capturando PIDs de contenedores (kpsnodos.sh)...
🔋 [00:22:15] Iniciando medición de energía: fase3_carga_high_iter6 (145s)
   PID de medición: 3522820
=== Escenario high (iter 6) ===
========================================
🔋 MEASURE ENERGY - Fase: fase3_carga_high_iter6
   Duración: 145s
   PID: 3522820
========================================
=== Medición bloque 145s - Fase: fase3_carga_high_iter6 ===
🚀 Iniciando LIMBO con profile=/home/luish/Documents/death/teastore/TeaStore/examples/httploadgenerator/increasingHighIntensity.csv y script=/home/luish/Documents/death/teastore/TeaStore/examples/httploadgenerator/teastore_buy.lua
[⏱ 00:22:15] Iniciando ecofloc en nitro5 por 145s (fase: fase3_carga_high_iter6)
Feb 27, 2026 12:22:15 AM tools.descartes.dlim.httploadgenerator.runner.Director executeDirector
WARNING: No power measurements
Feb 27, 2026 12:22:15 AM tools.descartes.dlim.httploadgenerator.runner.Director executeDirector
INFO: Load Generator Thread Count set to 64
Feb 27, 2026 12:22:15 AM tools.descartes.dlim.httploadgenerator.runner.Director executeDirector
INFO: URL connection timout set to 30000 ms
Feb 27, 2026 12:22:15 AM tools.descartes.dlim.httploadgenerator.runner.Director executeDirector
INFO: Using Lua Script: /home/luish/Documents/death/teastore/TeaStore/examples/httploadgenerator/teastore_buy.lua
Feb 27, 2026 12:22:15 AM tools.descartes.dlim.httploadgenerator.runner.Director process
INFO: Read 120 Arrival Rate Tuples
Load Generator sent: ok
Feb 27, 2026 12:22:15 AM tools.descartes.dlim.httploadgenerator.runner.Director process
INFO: Arrival Rates sent to Load Generator(s).
Load Generator sent: ok
Feb 27, 2026 12:22:15 AM tools.descartes.dlim.httploadgenerator.runner.Director process
INFO: Thread Count sent to Load Generator(s): 64
Load Generator sent: ok
Feb 27, 2026 12:22:15 AM tools.descartes.dlim.httploadgenerator.runner.Director process
INFO: URL connection timeout sent to Load Generator(s): 30000
Load Generator sent: ok
Feb 27, 2026 12:22:15 AM tools.descartes.dlim.httploadgenerator.runner.Director process
INFO: Contents of script sent to Load Generator: /home/luish/Documents/death/teastore/TeaStore/examples/httploadgenerator/teastore_buy.lua
Feb 27, 2026 12:22:15 AM tools.descartes.dlim.httploadgenerator.runner.Director process
INFO: Starting Load Generation
Beginning Run @1772169735872(27.02.2026;00:22:15872)
  ├─ [nitro5:sd] start 00:22:16
Target Time = 0.5; Load Intensity = 16.0; #Success = 0; #Failed = 0; #Dropped = 0
  ├─ [nitro5:ram] start 00:22:16
  ├─ [nitro5:nic] start 00:22:16
[⏱ 00:22:17] Iniciando ecofloc en aspire por 145s (fase: fase3_carga_high_iter6)
  ├─ [nitro5:cpu] start 00:22:17
  ├─ [aspire:sd] start 00:22:17
  ├─ [aspire:nic] start 00:22:17
  ├─ [aspire:ram] start 00:22:17
[⏱ 00:22:17] Iniciando ecofloc en scorpius por 145s (fase: fase3_carga_high_iter6)
  ├─ [aspire:cpu] start 00:22:17
  ├─ [scorpius:sd] start 00:22:17
  ├─ [scorpius:ram] start 00:22:17
[⏱ 00:22:17] Iniciando ecofloc en leo por 145s (fase: fase3_carga_high_iter6)
  ├─ [scorpius:nic] start 00:22:17
  ├─ [scorpius:cpu] start 00:22:17
  ├─ [leo:sd] start 00:22:17
  ├─ [leo:ram] start 00:22:17
  ├─ [leo:nic] start 00:22:17
  ├─ [leo:cpu] start 00:22:17
Target Time = 1.5; Load Intensity = 33.0; #Success = 0; #Failed = 3; #Dropped = 0
Target Time = 2.5; Load Intensity = 50.0; #Success = 18; #Failed = 2; #Dropped = 0
Target Time = 3.5; Load Intensity = 66.0; #Success = 13; #Failed = 0; #Dropped = 0
Target Time = 4.5; Load Intensity = 83.0; #Success = 5; #Failed = 0; #Dropped = 0
Target Time = 5.5; Load Intensity = 100.0; #Success = 4; #Failed = 0; #Dropped = 0
Target Time = 6.5; Load Intensity = 116.0; #Success = 11; #Failed = 0; #Dropped = 0
Target Time = 7.5; Load Intensity = 133.0; #Success = 14; #Failed = 0; #Dropped = 0
Target Time = 8.5; Load Intensity = 150.0; #Success = 0; #Failed = 0; #Dropped = 0
Target Time = 9.5; Load Intensity = 166.0; #Success = 0; #Failed = 0; #Dropped = 0
Target Time = 10.5; Load Intensity = 183.0; #Success = 0; #Failed = 0; #Dropped = 0
Target Time = 11.5; Load Intensity = 200.0; #Success = 0; #Failed = 0; #Dropped = 0
Target Time = 12.5; Load Intensity = 216.0; #Success = 5; #Failed = 0; #Dropped = 0
Target Time = 13.5; Load Intensity = 233.0; #Success = 11; #Failed = 0; #Dropped = 0
Target Time = 14.5; Load Intensity = 250.0; #Success = 3; #Failed = 0; #Dropped = 0
Target Time = 15.5; Load Intensity = 266.0; #Success = 8; #Failed = 0; #Dropped = 0
Target Time = 16.5; Load Intensity = 283.0; #Success = 2; #Failed = 0; #Dropped = 0
Target Time = 17.5; Load Intensity = 300.0; #Success = 1; #Failed = 0; #Dropped = 0
Target Time = 18.5; Load Intensity = 316.0; #Success = 0; #Failed = 0; #Dropped = 0
Target Time = 19.5; Load Intensity = 333.0; #Success = 1; #Failed = 0; #Dropped = 0
Target Time = 20.5; Load Intensity = 350.0; #Success = 3; #Failed = 0; #Dropped = 0
Target Time = 21.5; Load Intensity = 366.0; #Success = 5; #Failed = 0; #Dropped = 0
Target Time = 22.5; Load Intensity = 383.0; #Success = 4; #Failed = 0; #Dropped = 0
Target Time = 23.5; Load Intensity = 400.0; #Success = 1; #Failed = 0; #Dropped = 0
Target Time = 24.5; Load Intensity = 416.0; #Success = 1; #Failed = 0; #Dropped = 0
Target Time = 25.5; Load Intensity = 433.0; #Success = 0; #Failed = 0; #Dropped = 0
Target Time = 26.5; Load Intensity = 450.0; #Success = 3; #Failed = 0; #Dropped = 0
Target Time = 27.5; Load Intensity = 466.0; #Success = 5; #Failed = 0; #Dropped = 0
Target Time = 28.5; Load Intensity = 483.0; #Success = 2; #Failed = 0; #Dropped = 0
Target Time = 29.5; Load Intensity = 500.0; #Success = 2; #Failed = 0; #Dropped = 0
Target Time = 30.5; Load Intensity = 516.0; #Success = 1; #Failed = 0; #Dropped = 0
Target Time = 31.5; Load Intensity = 533.0; #Success = 3; #Failed = 0; #Dropped = 0
Target Time = 32.5; Load Intensity = 550.0; #Success = 0; #Failed = 0; #Dropped = 0
Target Time = 33.5; Load Intensity = 566.0; #Success = 0; #Failed = 0; #Dropped = 0
Target Time = 34.5; Load Intensity = 583.0; #Success = 0; #Failed = 0; #Dropped = 0
Target Time = 35.5; Load Intensity = 600.0; #Success = 0; #Failed = 0; #Dropped = 0
Target Time = 36.5; Load Intensity = 616.0; #Success = 3; #Failed = 0; #Dropped = 265
Target Time = 37.5; Load Intensity = 633.0; #Success = 13; #Failed = 2; #Dropped = 100
Target Time = 38.5; Load Intensity = 650.0; #Success = 0; #Failed = 3; #Dropped = 181
Target Time = 39.5; Load Intensity = 666.0; #Success = 10; #Failed = 2; #Dropped = 132
Target Time = 40.5; Load Intensity = 683.0; #Success = 3; #Failed = 0; #Dropped = 160
Target Time = 41.5; Load Intensity = 700.0; #Success = 3; #Failed = 0; #Dropped = 253
Target Time = 42.5; Load Intensity = 716.0; #Success = 1; #Failed = 2; #Dropped = 197
Target Time = 43.5; Load Intensity = 733.0; #Success = 9; #Failed = 0; #Dropped = 188
Target Time = 44.5; Load Intensity = 750.0; #Success = 2; #Failed = 0; #Dropped = 47
Target Time = 45.5; Load Intensity = 766.0; #Success = 1; #Failed = 0; #Dropped = 489
Target Time = 46.5; Load Intensity = 783.0; #Success = 0; #Failed = 0; #Dropped = 0
Target Time = 47.5; Load Intensity = 800.0; #Success = 12; #Failed = 0; #Dropped = 536
Target Time = 48.5; Load Intensity = 816.0; #Success = 15; #Failed = 0; #Dropped = 326
Target Time = 49.5; Load Intensity = 833.0; #Success = 3; #Failed = 0; #Dropped = 302
Target Time = 50.5; Load Intensity = 850.0; #Success = 2; #Failed = 0; #Dropped = 376
Target Time = 51.5; Load Intensity = 866.0; #Success = 0; #Failed = 0; #Dropped = 0
Target Time = 52.5; Load Intensity = 883.0; #Success = 0; #Failed = 8; #Dropped = 503
Target Time = 53.5; Load Intensity = 900.0; #Success = 0; #Failed = 0; #Dropped = 0
Target Time = 54.5; Load Intensity = 916.0; #Success = 0; #Failed = 4; #Dropped = 1040
Target Time = 55.5; Load Intensity = 933.0; #Success = 0; #Failed = 4; #Dropped = 394
Target Time = 56.5; Load Intensity = 950.0; #Success = 0; #Failed = 2; #Dropped = 378
Target Time = 57.5; Load Intensity = 966.0; #Success = 0; #Failed = 24; #Dropped = 383
Target Time = 58.5; Load Intensity = 983.0; #Success = 0; #Failed = 0; #Dropped = 0
Target Time = 59.5; Load Intensity = 1000.0; #Success = 0; #Failed = 1; #Dropped = 1027
Target Time = 60.5; Load Intensity = 1016.0; #Success = 0; #Failed = 0; #Dropped = 0
Target Time = 61.5; Load Intensity = 1033.0; #Success = 1; #Failed = 2; #Dropped = 1103
Target Time = 62.5; Load Intensity = 1050.0; #Success = 0; #Failed = 0; #Dropped = 0
Target Time = 63.5; Load Intensity = 1066.0; #Success = 0; #Failed = 0; #Dropped = 0
Target Time = 64.5; Load Intensity = 1083.0; #Success = 0; #Failed = 4; #Dropped = 1594
Target Time = 65.5; Load Intensity = 1100.0; #Success = 0; #Failed = 11; #Dropped = 771
Target Time = 66.5; Load Intensity = 1116.0; #Success = 2; #Failed = 6; #Dropped = 541
Target Time = 67.5; Load Intensity = 1133.0; #Success = 0; #Failed = 13; #Dropped = 676
Target Time = 68.5; Load Intensity = 1150.0; #Success = 0; #Failed = 4; #Dropped = 71
Target Time = 69.5; Load Intensity = 1166.0; #Success = 1; #Failed = 3; #Dropped = 1105
Target Time = 70.5; Load Intensity = 1183.0; #Success = 0; #Failed = 6; #Dropped = 645
Target Time = 71.5; Load Intensity = 1200.0; #Success = 0; #Failed = 1; #Dropped = 836
Target Time = 72.5; Load Intensity = 1216.0; #Success = 0; #Failed = 0; #Dropped = 0
Target Time = 73.5; Load Intensity = 1233.0; #Success = 0; #Failed = 4; #Dropped = 1167
Target Time = 74.5; Load Intensity = 1250.0; #Success = 0; #Failed = 4; #Dropped = 687
Target Time = 75.5; Load Intensity = 1266.0; #Success = 1; #Failed = 0; #Dropped = 768
Target Time = 76.5; Load Intensity = 1283.0; #Success = 0; #Failed = 0; #Dropped = 0
Target Time = 77.5; Load Intensity = 1300.0; #Success = 2; #Failed = 0; #Dropped = 1742
Target Time = 78.5; Load Intensity = 1316.0; #Success = 2; #Failed = 0; #Dropped = 609
Target Time = 79.5; Load Intensity = 1333.0; #Success = 0; #Failed = 0; #Dropped = 0
Target Time = 80.5; Load Intensity = 1350.0; #Success = 1; #Failed = 1; #Dropped = 2141
Target Time = 81.5; Load Intensity = 1366.0; #Success = 1; #Failed = 13; #Dropped = 608
Target Time = 82.5; Load Intensity = 1383.0; #Success = 0; #Failed = 0; #Dropped = 0
Target Time = 83.5; Load Intensity = 1400.0; #Success = 0; #Failed = 11; #Dropped = 1974
Target Time = 84.5; Load Intensity = 1416.0; #Success = 0; #Failed = 14; #Dropped = 902
Target Time = 85.5; Load Intensity = 1433.0; #Success = 0; #Failed = 6; #Dropped = 745
Target Time = 86.5; Load Intensity = 1450.0; #Success = 0; #Failed = 2; #Dropped = 1030
Target Time = 87.5; Load Intensity = 1466.0; #Success = 0; #Failed = 0; #Dropped = 0
Target Time = 88.5; Load Intensity = 1483.0; #Success = 0; #Failed = 2; #Dropped = 1836
Target Time = 89.5; Load Intensity = 1500.0; #Success = 0; #Failed = 2; #Dropped = 1131
Target Time = 90.5; Load Intensity = 1516.0; #Success = 0; #Failed = 0; #Dropped = 0
Target Time = 91.5; Load Intensity = 1533.0; #Success = 0; #Failed = 6; #Dropped = 2121
Target Time = 92.5; Load Intensity = 1550.0; #Success = 0; #Failed = 5; #Dropped = 994
Target Time = 93.5; Load Intensity = 1566.0; #Success = 0; #Failed = 1; #Dropped = 906
Target Time = 94.5; Load Intensity = 1583.0; #Success = 0; #Failed = 0; #Dropped = 0
Target Time = 95.5; Load Intensity = 1600.0; #Success = 0; #Failed = 0; #Dropped = 0
Target Time = 96.5; Load Intensity = 1616.0; #Success = 0; #Failed = 2; #Dropped = 538
Target Time = 97.5; Load Intensity = 1633.0; #Success = 0; #Failed = 7; #Dropped = 3282
Target Time = 98.5; Load Intensity = 1650.0; #Success = 0; #Failed = 6; #Dropped = 2015
Target Time = 99.5; Load Intensity = 1666.0; #Success = 0; #Failed = 3; #Dropped = 994
Target Time = 100.5; Load Intensity = 1683.0; #Success = 0; #Failed = 4; #Dropped = 1212
Target Time = 101.5; Load Intensity = 1700.0; #Success = 0; #Failed = 3; #Dropped = 1025
Target Time = 102.5; Load Intensity = 1716.0; #Success = 0; #Failed = 5; #Dropped = 1073
Target Time = 103.5; Load Intensity = 1733.0; #Success = 0; #Failed = 3; #Dropped = 1592
Target Time = 104.5; Load Intensity = 1750.0; #Success = 0; #Failed = 3; #Dropped = 1444
Target Time = 105.5; Load Intensity = 1766.0; #Success = 0; #Failed = 9; #Dropped = 974
Target Time = 106.5; Load Intensity = 1783.0; #Success = 0; #Failed = 15; #Dropped = 1258
Target Time = 107.5; Load Intensity = 1800.0; #Success = 0; #Failed = 2; #Dropped = 1420
Target Time = 108.5; Load Intensity = 1816.0; #Success = 0; #Failed = 1; #Dropped = 297
Target Time = 109.5; Load Intensity = 1833.0; #Success = 0; #Failed = 1; #Dropped = 1930
Target Time = 110.5; Load Intensity = 1850.0; #Success = 0; #Failed = 0; #Dropped = 0
Target Time = 111.5; Load Intensity = 1866.0; #Success = 1; #Failed = 2; #Dropped = 2755
Target Time = 112.5; Load Intensity = 1883.0; #Success = 1; #Failed = 0; #Dropped = 1068
Target Time = 113.5; Load Intensity = 1900.0; #Success = 5; #Failed = 0; #Dropped = 2036
Target Time = 114.5; Load Intensity = 1916.0; #Success = 2; #Failed = 0; #Dropped = 1377
Target Time = 115.5; Load Intensity = 1933.0; #Success = 1; #Failed = 0; #Dropped = 505
Target Time = 116.5; Load Intensity = 1950.0; #Success = 1; #Failed = 0; #Dropped = 2430
Target Time = 117.5; Load Intensity = 1966.0; #Success = 3; #Failed = 0; #Dropped = 1410
Target Time = 118.5; Load Intensity = 1983.0; #Success = 0; #Failed = 0; #Dropped = 0
Target Time = 119.5; Load Intensity = 2000.0; #Success = 0; #Failed = 0; #Dropped = 0
Target Time = 120.5; Load Intensity = 0.0; #Success = 0; #Failed = 0; #Dropped = 0
Target Time = 121.5; Load Intensity = 0.0; #Success = 0; #Failed = 6; #Dropped = 6037
Target Time = 122.5; Load Intensity = 0.0; #Success = 7; #Failed = 2; #Dropped = 1246
Target Time = 123.5; Load Intensity = 0.0; #Success = 0; #Failed = 0; #Dropped = 0
Target Time = 124.5; Load Intensity = 0.0; #Success = 0; #Failed = 0; #Dropped = 0
Target Time = 125.5; Load Intensity = 0.0; #Success = 1; #Failed = 0; #Dropped = 4883
Target Time = 126.5; Load Intensity = 0.0; #Success = 2; #Failed = 0; #Dropped = 1779
Target Time = 127.5; Load Intensity = 0.0; #Success = 10; #Failed = 0; #Dropped = 1669
Target Time = 128.5; Load Intensity = 0.0; #Success = 10; #Failed = 1; #Dropped = 1401
Target Time = 129.5; Load Intensity = 0.0; #Success = 7; #Failed = 0; #Dropped = 1119
Target Time = 130.5; Load Intensity = 0.0; #Success = 0; #Failed = 0; #Dropped = 0
Target Time = 131.5; Load Intensity = 0.0; #Success = 5; #Failed = 0; #Dropped = 4092
Target Time = 132.5; Load Intensity = 0.0; #Success = 1; #Failed = 0; #Dropped = 1775
Target Time = 133.5; Load Intensity = 0.0; #Success = 6; #Failed = 1; #Dropped = 1452
Target Time = 134.5; Load Intensity = 0.0; #Success = 2; #Failed = 0; #Dropped = 1859
Target Time = 135.5; Load Intensity = 0.0; #Success = 1; #Failed = 0; #Dropped = 1673
Target Time = 136.5; Load Intensity = 0.0; #Success = 0; #Failed = 0; #Dropped = 0
Target Time = 137.5; Load Intensity = 0.0; #Success = 4; #Failed = 4; #Dropped = 3859
Target Time = 138.5; Load Intensity = 0.0; #Success = 0; #Failed = 0; #Dropped = 0
Target Time = 139.5; Load Intensity = 0.0; #Success = 0; #Failed = 0; #Dropped = 0
Target Time = 140.5; Load Intensity = 0.0; #Success = 0; #Failed = 0; #Dropped = 0
Target Time = 141.5; Load Intensity = 0.0; #Success = 0; #Failed = 0; #Dropped = 0
Target Time = 142.5; Load Intensity = 0.0; #Success = 0; #Failed = 0; #Dropped = 0
Target Time = 143.5; Load Intensity = 0.0; #Success = 1; #Failed = 0; #Dropped = 10490
Target Time = 144.5; Load Intensity = 0.0; #Success = 0; #Failed = 0; #Dropped = 0
  └─ [nitro5:sd] end 00:24:41
Target Time = 145.5; Load Intensity = 0.0; #Success = 3; #Failed = 0; #Dropped = 4278
  └─ [nitro5:ram] end 00:24:41
  └─ [nitro5:nic] end 00:24:41
Target Time = 146.5; Load Intensity = 0.0; #Success = 1; #Failed = 0; #Dropped = 2174
  └─ [nitro5:cpu] end 00:24:42
Target Time = 147.5; Load Intensity = 0.0; #Success = 3; #Failed = 0; #Dropped = 1910
Target Time = 148.5; Load Intensity = 0.0; #Success = 0; #Failed = 1; #Dropped = 754
Target Time = 149.5; Load Intensity = 0.0; #Success = 0; #Failed = 3; #Dropped = 2724
Target Time = 150.5; Load Intensity = 0.0; #Success = 0; #Failed = 0; #Dropped = 0
Target Time = 151.5; Load Intensity = 0.0; #Success = 0; #Failed = 14; #Dropped = 553
Target Time = 152.5; Load Intensity = 0.0; #Success = 3; #Failed = 20; #Dropped = 0
Target Time = 153.5; Load Intensity = 0.0; #Success = 0; #Failed = 11; #Dropped = 0
Target Time = 154.5; Load Intensity = 0.0; #Success = 0; #Failed = 0; #Dropped = 0
Target Time = 155.5; Load Intensity = 0.0; #Success = 0; #Failed = 1; #Dropped = 0
  └─ [scorpius:cpu] end 00:24:51
Target Time = 156.5; Load Intensity = 0.0; #Success = 0; #Failed = 6; #Dropped = 0
  └─ [scorpius:sd] end 00:24:53
  └─ [scorpius:nic] end 00:24:53
Target Time = 157.5; Load Intensity = 0.0; #Success = 0; #Failed = 2; #Dropped = 0
Target Time = 158.5; Load Intensity = 0.0; #Success = 0; #Failed = 0; #Dropped = 0
  └─ [scorpius:ram] end 00:24:54
  └─ [leo:cpu] end 00:24:55
Target Time = 159.5; Load Intensity = 0.0; #Success = 0; #Failed = 0; #Dropped = 0
  └─ [leo:sd] end 00:24:55
Target Time = 160.5; Load Intensity = 0.0; #Success = 2; #Failed = 0; #Dropped = 0
  └─ [leo:nic] end 00:24:56
  └─ [aspire:nic] end 00:24:57
Target Time = 161.5; Load Intensity = 0.0; #Success = 5; #Failed = 0; #Dropped = 0
  └─ [aspire:sd] end 00:24:57
  └─ [aspire:ram] end 00:24:57
  └─ [aspire:cpu] end 00:24:57
  └─ [leo:ram] end 00:24:58
=== Bloque 145s terminado - Fase: fase3_carga_high_iter6 ===
[🧹] Limpiando CSVs internos de ecofloc en cada nodo (fase: fase3_carga_high_iter6)...
  ✔ [nitro5:cpu] limpiado /home/luish/Documents/p3/ecofloc2/ecofloc/ecofloc-cpu/ECOFLOC_CPU_COMM_text.csv
  ✔ [nitro5:nic] limpiado /home/luish/Documents/p3/ecofloc2/ecofloc/ecofloc-nic/ECOFLOC_NIC_COMM_text.csv
  ✔ [nitro5:ram] limpiado /home/luish/Documents/p3/ecofloc2/ecofloc/ecofloc-ram/ECOFLOC_RAM_COMM_text.csv
  ✔ [nitro5:sd] limpiado /home/luish/Documents/p3/ecofloc2/ecofloc/ecofloc-sd/ECOFLOC_SD_COMM_text.csv
  ✔ [leo:cpu] limpiado /home/leo/ecofloc/ecofloc-cpu/ECOFLOC_CPU_COMM_text.csv
  ✔ [leo:nic] limpiado /home/leo/ecofloc/ecofloc-nic/ECOFLOC_NIC_COMM_text.csv
  ✔ [leo:ram] limpiado /home/leo/ecofloc/ecofloc-ram/ECOFLOC_RAM_COMM_text.csv
  ✔ [leo:sd] limpiado /home/leo/ecofloc/ecofloc-sd/ECOFLOC_SD_COMM_text.csv
  ✔ [aspire:cpu] limpiado /home/luish/Documents/p3/ecofloc2/ecofloc/ecofloc-cpu/ECOFLOC_CPU_COMM_text.csv
  ✔ [aspire:nic] limpiado /home/luish/Documents/p3/ecofloc2/ecofloc/ecofloc-nic/ECOFLOC_NIC_COMM_text.csv
  ✔ [aspire:ram] limpiado /home/luish/Documents/p3/ecofloc2/ecofloc/ecofloc-ram/ECOFLOC_RAM_COMM_text.csv
  ✔ [aspire:sd] limpiado /home/luish/Documents/p3/ecofloc2/ecofloc/ecofloc-sd/ECOFLOC_SD_COMM_text.csv
  ✔ [scorpius:cpu] limpiado /home/scorpius03/Documents/ecofloc/ecofloc-cpu/ECOFLOC_CPU_COMM_text.csv
  ✔ [scorpius:nic] limpiado /home/scorpius03/Documents/ecofloc/ecofloc-nic/ECOFLOC_NIC_COMM_text.csv
Workload finished.
Log finished.
📄 LIMBO finalizado para scenario=high
⏳ [00:25:02] Esperando que termine medición: fase3_carga_high_iter6 (PID: 3522820)
  ✔ [scorpius:ram] limpiado /home/scorpius03/Documents/ecofloc/ecofloc-ram/ECOFLOC_RAM_COMM_text.csv
  ✔ [scorpius:sd] limpiado /home/scorpius03/Documents/ecofloc/ecofloc-sd/ECOFLOC_SD_COMM_text.csv
========================================
🔋 MEASURE ENERGY FINALIZADO
   Fase: fase3_carga_high_iter6
========================================
✔️ [00:25:03] Medición fase3_carga_high_iter6 completada
[📦] Archivando resultados → ./historyexecutions/exp(00:25:08)_fase3_high_iter6
[✔] Archivado: ./historyexecutions/exp(00:25:08)_fase3_high_iter6
🧹 Limpiando TeaStore (iter 6)...
⏸ Esperando 15s para limpieza completa...
✅ Iteración 6 / 15 del escenario high completada.

########################################################
🔄 ESCENARIO: high | ITERACIÓN: 7 / 15
   Hora: 00:25:55
########################################################
========================================
🔋 FASE 1: Descarga de imágenes (high, iter 7)
========================================
📋 Capturando PIDs (gepidstea.sh)...
📋 Capturando PIDs de contenedores (kpsnodos.sh)...
🔋 [00:26:19] Iniciando medición de energía: fase1_descarga_high_iter7 (25s)
   PID de medición: 3909501
🚀 Desplegando TeaStore desde /home/luish/Documents/death/teastore/TeaStore/examples/kubernetes/teastore-energy-scheduler.yaml...
========================================
🔋 MEASURE ENERGY - Fase: fase1_descarga_high_iter7
   Duración: 25s
   PID: 3909501
========================================
=== Medición bloque 25s - Fase: fase1_descarga_high_iter7 ===
[⏱ 00:26:19] Iniciando ecofloc en nitro5 por 25s (fase: fase1_descarga_high_iter7)
⏳ Esperando a que todos los pods de TeaStore estén Running y Ready...
  ├─ [nitro5:sd] start 00:26:19
  ├─ [nitro5:ram] start 00:26:20
  ├─ [nitro5:nic] start 00:26:20
[⏱ 00:26:20] Iniciando ecofloc en aspire por 25s (fase: fase1_descarga_high_iter7)
  ├─ [nitro5:cpu] start 00:26:20
  ├─ [aspire:sd] start 00:26:20
  ├─ [aspire:ram] start 00:26:20
  ├─ [aspire:nic] start 00:26:20
[⏱ 00:26:20] Iniciando ecofloc en scorpius por 25s (fase: fase1_descarga_high_iter7)
  ├─ [aspire:cpu] start 00:26:20
  ├─ [scorpius:sd] start 00:26:20
  ├─ [scorpius:ram] start 00:26:20
  ├─ [scorpius:nic] start 00:26:20
[⏱ 00:26:20] Iniciando ecofloc en leo por 25s (fase: fase1_descarga_high_iter7)
  ├─ [scorpius:cpu] start 00:26:20
  ├─ [leo:sd] start 00:26:20
  ├─ [leo:ram] start 00:26:20
  ├─ [leo:nic] start 00:26:20
  ├─ [leo:cpu] start 00:26:20
✅ Pods listos.
⏳ [00:26:25] Esperando que termine medición: fase1_descarga_high_iter7 (PID: 3909501)
  └─ [nitro5:sd] end 00:26:44
  └─ [nitro5:ram] end 00:26:45
  └─ [nitro5:nic] end 00:26:45
  └─ [nitro5:cpu] end 00:26:45
  └─ [leo:sd] end 00:26:49
  └─ [leo:cpu] end 00:26:49
  └─ [aspire:sd] end 00:26:49
  └─ [aspire:cpu] end 00:26:49
  └─ [scorpius:sd] end 00:26:49
  └─ [leo:nic] end 00:26:49
  └─ [aspire:nic] end 00:26:49
  └─ [scorpius:cpu] end 00:26:49
  └─ [aspire:ram] end 00:26:49
  └─ [scorpius:nic] end 00:26:50
  └─ [scorpius:ram] end 00:26:50
  └─ [leo:ram] end 00:26:53
=== Bloque 25s terminado - Fase: fase1_descarga_high_iter7 ===
[🧹] Limpiando CSVs internos de ecofloc en cada nodo (fase: fase1_descarga_high_iter7)...
  ✔ [nitro5:cpu] limpiado /home/luish/Documents/p3/ecofloc2/ecofloc/ecofloc-cpu/ECOFLOC_CPU_COMM_text.csv
  ✔ [nitro5:nic] limpiado /home/luish/Documents/p3/ecofloc2/ecofloc/ecofloc-nic/ECOFLOC_NIC_COMM_text.csv
  ✔ [nitro5:ram] limpiado /home/luish/Documents/p3/ecofloc2/ecofloc/ecofloc-ram/ECOFLOC_RAM_COMM_text.csv
  ✔ [nitro5:sd] limpiado /home/luish/Documents/p3/ecofloc2/ecofloc/ecofloc-sd/ECOFLOC_SD_COMM_text.csv
  ✔ [leo:cpu] limpiado /home/leo/ecofloc/ecofloc-cpu/ECOFLOC_CPU_COMM_text.csv
  ✔ [leo:nic] limpiado /home/leo/ecofloc/ecofloc-nic/ECOFLOC_NIC_COMM_text.csv
  ✔ [leo:ram] limpiado /home/leo/ecofloc/ecofloc-ram/ECOFLOC_RAM_COMM_text.csv
  ✔ [leo:sd] limpiado /home/leo/ecofloc/ecofloc-sd/ECOFLOC_SD_COMM_text.csv
  ✔ [aspire:cpu] limpiado /home/luish/Documents/p3/ecofloc2/ecofloc/ecofloc-cpu/ECOFLOC_CPU_COMM_text.csv
  ✔ [aspire:nic] limpiado /home/luish/Documents/p3/ecofloc2/ecofloc/ecofloc-nic/ECOFLOC_NIC_COMM_text.csv
  ✔ [aspire:ram] limpiado /home/luish/Documents/p3/ecofloc2/ecofloc/ecofloc-ram/ECOFLOC_RAM_COMM_text.csv
  ✔ [aspire:sd] limpiado /home/luish/Documents/p3/ecofloc2/ecofloc/ecofloc-sd/ECOFLOC_SD_COMM_text.csv
  ✔ [scorpius:cpu] limpiado /home/scorpius03/Documents/ecofloc/ecofloc-cpu/ECOFLOC_CPU_COMM_text.csv
  ✔ [scorpius:nic] limpiado /home/scorpius03/Documents/ecofloc/ecofloc-nic/ECOFLOC_NIC_COMM_text.csv
  ✔ [scorpius:ram] limpiado /home/scorpius03/Documents/ecofloc/ecofloc-ram/ECOFLOC_RAM_COMM_text.csv
  ✔ [scorpius:sd] limpiado /home/scorpius03/Documents/ecofloc/ecofloc-sd/ECOFLOC_SD_COMM_text.csv
========================================
🔋 MEASURE ENERGY FINALIZADO
   Fase: fase1_descarga_high_iter7
========================================
✔️ [00:26:57] Medición fase1_descarga_high_iter7 completada
[📦] Archivando resultados → ./historyexecutions/exp(00:27:02)_fase1_high_iter7
[✔] Archivado: ./historyexecutions/exp(00:27:02)_fase1_high_iter7
========================================
🔋 FASE 2: Preparación de servicios (high, iter 7)
========================================
📋 Capturando PIDs (gepidstea.sh)...
📋 Capturando PIDs de contenedores (kpsnodos.sh)...
🔋 [00:27:19] Iniciando medición de energía: fase2_preparacion_high_iter7 (50s)
   PID de medición: 3977578
========================================
🔋 MEASURE ENERGY - Fase: fase2_preparacion_high_iter7
   Duración: 50s
   PID: 3977578
========================================
=== Medición bloque 50s - Fase: fase2_preparacion_high_iter7 ===
[⏱ 00:27:19] Iniciando ecofloc en nitro5 por 50s (fase: fase2_preparacion_high_iter7)
⏳ Esperando 10s a que CoreDNS se estabilice...
  ├─ [nitro5:sd] start 00:27:20
  ├─ [nitro5:ram] start 00:27:20
  ├─ [nitro5:nic] start 00:27:20
[⏱ 00:27:21] Iniciando ecofloc en aspire por 50s (fase: fase2_preparacion_high_iter7)
  ├─ [nitro5:cpu] start 00:27:21
  ├─ [aspire:sd] start 00:27:21
  ├─ [aspire:ram] start 00:27:21
  ├─ [aspire:nic] start 00:27:21
[⏱ 00:27:21] Iniciando ecofloc en scorpius por 50s (fase: fase2_preparacion_high_iter7)
  ├─ [aspire:cpu] start 00:27:21
  ├─ [scorpius:sd] start 00:27:21
  ├─ [scorpius:ram] start 00:27:21
  ├─ [scorpius:nic] start 00:27:21
[⏱ 00:27:21] Iniciando ecofloc en leo por 50s (fase: fase2_preparacion_high_iter7)
  ├─ [scorpius:cpu] start 00:27:21
  ├─ [leo:sd] start 00:27:21
  ├─ [leo:ram] start 00:27:21
  ├─ [leo:nic] start 00:27:21
  ├─ [leo:cpu] start 00:27:21
➡️ Pod WebUI: teastore-webui-ff7768544-msw7m
➡️ Está en el nodo: luish-aspire-a315-55g
🌐 IP del nodo WebUI: 192.168.18.37
⏳ Verificando estado del TeaStore en http://192.168.18.37:30080/tools.descartes.teastore.webui/status ...
   ➤ Estado actual: 5 / 5 servicios OK
✔ TODOS los servicios del TeaStore están OK. Continuando...
⏳ [00:27:33] Esperando que termine medición: fase2_preparacion_high_iter7 (PID: 3977578)
/home/luish/Documents/death/teastore/TeaStore/examples/httploadgenerator/measure_energy.sh: line 104: 3977648 Segmentation fault      timeout $((real_duration+5)) sudo "$path/ecofloc-$comp/ecofloc-$comp.out" -n text -i $ECO_INTERVAL -t $real_duration -f "$path/ecofloc-$comp/" > "$tmpfile" 2> /dev/null
  └─ [nitro5:ram] end 00:28:10
  └─ [nitro5:nic] end 00:28:10
  └─ [nitro5:cpu] end 00:28:11
  └─ [aspire:sd] end 00:28:12
  └─ [aspire:nic] end 00:28:12
  └─ [leo:cpu] end 00:28:13
  └─ [scorpius:sd] end 00:28:13
  └─ [scorpius:cpu] end 00:28:13
  └─ [aspire:cpu] end 00:28:13
  └─ [leo:nic] end 00:28:13
  └─ [leo:sd] end 00:28:14
  └─ [scorpius:nic] end 00:28:14
  └─ [leo:ram] end 00:28:14
  └─ [aspire:ram] end 00:28:14
=== Bloque 50s terminado - Fase: fase2_preparacion_high_iter7 ===
[🧹] Limpiando CSVs internos de ecofloc en cada nodo (fase: fase2_preparacion_high_iter7)...
  ✔ [nitro5:cpu] limpiado /home/luish/Documents/p3/ecofloc2/ecofloc/ecofloc-cpu/ECOFLOC_CPU_COMM_text.csv
  ✔ [nitro5:nic] limpiado /home/luish/Documents/p3/ecofloc2/ecofloc/ecofloc-nic/ECOFLOC_NIC_COMM_text.csv
  ✔ [nitro5:ram] limpiado /home/luish/Documents/p3/ecofloc2/ecofloc/ecofloc-ram/ECOFLOC_RAM_COMM_text.csv
  ✔ [nitro5:sd] limpiado /home/luish/Documents/p3/ecofloc2/ecofloc/ecofloc-sd/ECOFLOC_SD_COMM_text.csv
  ✔ [leo:cpu] limpiado /home/leo/ecofloc/ecofloc-cpu/ECOFLOC_CPU_COMM_text.csv
  ✔ [leo:nic] limpiado /home/leo/ecofloc/ecofloc-nic/ECOFLOC_NIC_COMM_text.csv
  ✔ [leo:ram] limpiado /home/leo/ecofloc/ecofloc-ram/ECOFLOC_RAM_COMM_text.csv
  ✔ [leo:sd] limpiado /home/leo/ecofloc/ecofloc-sd/ECOFLOC_SD_COMM_text.csv
  ✔ [aspire:cpu] limpiado /home/luish/Documents/p3/ecofloc2/ecofloc/ecofloc-cpu/ECOFLOC_CPU_COMM_text.csv
  ✔ [aspire:nic] limpiado /home/luish/Documents/p3/ecofloc2/ecofloc/ecofloc-nic/ECOFLOC_NIC_COMM_text.csv
  ✔ [aspire:ram] limpiado /home/luish/Documents/p3/ecofloc2/ecofloc/ecofloc-ram/ECOFLOC_RAM_COMM_text.csv
  ✔ [aspire:sd] limpiado /home/luish/Documents/p3/ecofloc2/ecofloc/ecofloc-sd/ECOFLOC_SD_COMM_text.csv
  ✔ [scorpius:cpu] limpiado /home/scorpius03/Documents/ecofloc/ecofloc-cpu/ECOFLOC_CPU_COMM_text.csv
  ✔ [scorpius:nic] limpiado /home/scorpius03/Documents/ecofloc/ecofloc-nic/ECOFLOC_NIC_COMM_text.csv
  ✔ [scorpius:ram] limpiado /home/scorpius03/Documents/ecofloc/ecofloc-ram/ECOFLOC_RAM_COMM_text.csv
  ✔ [scorpius:sd] limpiado /home/scorpius03/Documents/ecofloc/ecofloc-sd/ECOFLOC_SD_COMM_text.csv
========================================
🔋 MEASURE ENERGY FINALIZADO
   Fase: fase2_preparacion_high_iter7
========================================
✔️ [00:28:17] Medición fase2_preparacion_high_iter7 completada
[📦] Archivando resultados → ./historyexecutions/exp(00:28:22)_fase2_high_iter7
[✔] Archivado: ./historyexecutions/exp(00:28:22)_fase2_high_iter7
========================================
🔋 FASE 3: Ejecución de carga (high, iter 7)
========================================
📋 Capturando PIDs (gepidstea.sh)...
📋 Capturando PIDs de contenedores (kpsnodos.sh)...
🔋 [00:28:46] Iniciando medición de energía: fase3_carga_high_iter7 (145s)
   PID de medición: 4109353
=== Escenario high (iter 7) ===
========================================
🔋 MEASURE ENERGY - Fase: fase3_carga_high_iter7
   Duración: 145s
   PID: 4109353
========================================
=== Medición bloque 145s - Fase: fase3_carga_high_iter7 ===
🚀 Iniciando LIMBO con profile=/home/luish/Documents/death/teastore/TeaStore/examples/httploadgenerator/increasingHighIntensity.csv y script=/home/luish/Documents/death/teastore/TeaStore/examples/httploadgenerator/teastore_buy.lua
[⏱ 00:28:46] Iniciando ecofloc en nitro5 por 145s (fase: fase3_carga_high_iter7)
Feb 27, 2026 12:28:46 AM tools.descartes.dlim.httploadgenerator.runner.Director executeDirector
WARNING: No power measurements
Feb 27, 2026 12:28:46 AM tools.descartes.dlim.httploadgenerator.runner.Director executeDirector
INFO: Load Generator Thread Count set to 64
Feb 27, 2026 12:28:46 AM tools.descartes.dlim.httploadgenerator.runner.Director executeDirector
INFO: URL connection timout set to 30000 ms
Feb 27, 2026 12:28:46 AM tools.descartes.dlim.httploadgenerator.runner.Director executeDirector
INFO: Using Lua Script: /home/luish/Documents/death/teastore/TeaStore/examples/httploadgenerator/teastore_buy.lua
Feb 27, 2026 12:28:46 AM tools.descartes.dlim.httploadgenerator.runner.Director process
INFO: Read 120 Arrival Rate Tuples
Load Generator sent: ok
Feb 27, 2026 12:28:46 AM tools.descartes.dlim.httploadgenerator.runner.Director process
INFO: Arrival Rates sent to Load Generator(s).
Load Generator sent: ok
Feb 27, 2026 12:28:46 AM tools.descartes.dlim.httploadgenerator.runner.Director process
INFO: Thread Count sent to Load Generator(s): 64
Load Generator sent: ok
Feb 27, 2026 12:28:46 AM tools.descartes.dlim.httploadgenerator.runner.Director process
INFO: URL connection timeout sent to Load Generator(s): 30000
Load Generator sent: ok
Feb 27, 2026 12:28:46 AM tools.descartes.dlim.httploadgenerator.runner.Director process
INFO: Contents of script sent to Load Generator: /home/luish/Documents/death/teastore/TeaStore/examples/httploadgenerator/teastore_buy.lua
Feb 27, 2026 12:28:46 AM tools.descartes.dlim.httploadgenerator.runner.Director process
INFO: Starting Load Generation
Beginning Run @1772170126366(27.02.2026;00:28:46366)
  ├─ [nitro5:sd] start 00:28:46
Target Time = 0.5; Load Intensity = 16.0; #Success = 0; #Failed = 0; #Dropped = 0
  ├─ [nitro5:ram] start 00:28:47
  ├─ [nitro5:nic] start 00:28:47
[⏱ 00:28:47] Iniciando ecofloc en aspire por 145s (fase: fase3_carga_high_iter7)
  ├─ [nitro5:cpu] start 00:28:47
  ├─ [aspire:sd] start 00:28:47
  ├─ [aspire:ram] start 00:28:47
[⏱ 00:28:47] Iniciando ecofloc en scorpius por 145s (fase: fase3_carga_high_iter7)
  ├─ [aspire:nic] start 00:28:47
  ├─ [aspire:cpu] start 00:28:47
  ├─ [scorpius:sd] start 00:28:47
  ├─ [scorpius:ram] start 00:28:47
[⏱ 00:28:47] Iniciando ecofloc en leo por 145s (fase: fase3_carga_high_iter7)
  ├─ [scorpius:nic] start 00:28:47
  ├─ [scorpius:cpu] start 00:28:47
  ├─ [leo:sd] start 00:28:47
  ├─ [leo:nic] start 00:28:47
  ├─ [leo:cpu] start 00:28:47
  ├─ [leo:ram] start 00:28:47
Target Time = 1.5; Load Intensity = 33.0; #Success = 5; #Failed = 0; #Dropped = 0
Target Time = 2.5; Load Intensity = 50.0; #Success = 38; #Failed = 0; #Dropped = 0
Target Time = 3.5; Load Intensity = 66.0; #Success = 2; #Failed = 0; #Dropped = 0
Target Time = 4.5; Load Intensity = 83.0; #Success = 35; #Failed = 0; #Dropped = 0
Target Time = 5.5; Load Intensity = 100.0; #Success = 32; #Failed = 0; #Dropped = 0
Target Time = 6.5; Load Intensity = 116.0; #Success = 30; #Failed = 0; #Dropped = 0
Target Time = 7.5; Load Intensity = 133.0; #Success = 42; #Failed = 0; #Dropped = 0
Target Time = 8.5; Load Intensity = 150.0; #Success = 6; #Failed = 0; #Dropped = 0
Target Time = 9.5; Load Intensity = 166.0; #Success = 2; #Failed = 0; #Dropped = 0
Target Time = 10.5; Load Intensity = 183.0; #Success = 0; #Failed = 0; #Dropped = 0
Target Time = 11.5; Load Intensity = 200.0; #Success = 0; #Failed = 0; #Dropped = 0
Target Time = 12.5; Load Intensity = 216.0; #Success = 0; #Failed = 0; #Dropped = 0
Target Time = 13.5; Load Intensity = 233.0; #Success = 0; #Failed = 0; #Dropped = 0
Target Time = 14.5; Load Intensity = 250.0; #Success = 0; #Failed = 0; #Dropped = 0
Target Time = 15.5; Load Intensity = 266.0; #Success = 0; #Failed = 0; #Dropped = 0
Target Time = 16.5; Load Intensity = 283.0; #Success = 0; #Failed = 0; #Dropped = 0
Target Time = 17.5; Load Intensity = 300.0; #Success = 0; #Failed = 0; #Dropped = 0
Target Time = 18.5; Load Intensity = 316.0; #Success = 0; #Failed = 0; #Dropped = 0
Target Time = 19.5; Load Intensity = 333.0; #Success = 0; #Failed = 0; #Dropped = 0
Target Time = 20.5; Load Intensity = 350.0; #Success = 0; #Failed = 0; #Dropped = 0
Target Time = 21.5; Load Intensity = 366.0; #Success = 0; #Failed = 0; #Dropped = 0
Target Time = 22.5; Load Intensity = 383.0; #Success = 0; #Failed = 0; #Dropped = 0
Target Time = 23.5; Load Intensity = 400.0; #Success = 0; #Failed = 0; #Dropped = 0
Target Time = 24.5; Load Intensity = 416.0; #Success = 0; #Failed = 0; #Dropped = 0
Target Time = 25.5; Load Intensity = 433.0; #Success = 0; #Failed = 0; #Dropped = 0
Target Time = 26.5; Load Intensity = 450.0; #Success = 0; #Failed = 0; #Dropped = 0
Target Time = 27.5; Load Intensity = 466.0; #Success = 0; #Failed = 0; #Dropped = 0
Target Time = 28.5; Load Intensity = 483.0; #Success = 0; #Failed = 0; #Dropped = 0
Target Time = 29.5; Load Intensity = 500.0; #Success = 0; #Failed = 0; #Dropped = 0
Target Time = 30.5; Load Intensity = 516.0; #Success = 0; #Failed = 0; #Dropped = 0
Target Time = 31.5; Load Intensity = 533.0; #Success = 0; #Failed = 0; #Dropped = 0
Target Time = 32.5; Load Intensity = 550.0; #Success = 0; #Failed = 0; #Dropped = 0
Target Time = 33.5; Load Intensity = 566.0; #Success = 0; #Failed = 0; #Dropped = 0
Target Time = 34.5; Load Intensity = 583.0; #Success = 0; #Failed = 0; #Dropped = 0
Target Time = 35.5; Load Intensity = 600.0; #Success = 0; #Failed = 0; #Dropped = 0
Target Time = 36.5; Load Intensity = 616.0; #Success = 14; #Failed = 0; #Dropped = 192
Target Time = 37.5; Load Intensity = 633.0; #Success = 41; #Failed = 0; #Dropped = 99
Target Time = 38.5; Load Intensity = 650.0; #Success = 7; #Failed = 0; #Dropped = 66
Target Time = 39.5; Load Intensity = 666.0; #Success = 2; #Failed = 0; #Dropped = 115
Target Time = 40.5; Load Intensity = 683.0; #Success = 0; #Failed = 0; #Dropped = 0
Target Time = 41.5; Load Intensity = 700.0; #Success = 0; #Failed = 0; #Dropped = 0
Target Time = 42.5; Load Intensity = 716.0; #Success = 0; #Failed = 0; #Dropped = 0
Target Time = 43.5; Load Intensity = 733.0; #Success = 0; #Failed = 0; #Dropped = 0
Target Time = 44.5; Load Intensity = 750.0; #Success = 0; #Failed = 0; #Dropped = 0
Target Time = 45.5; Load Intensity = 766.0; #Success = 0; #Failed = 0; #Dropped = 0
Target Time = 46.5; Load Intensity = 783.0; #Success = 0; #Failed = 0; #Dropped = 0
Target Time = 47.5; Load Intensity = 800.0; #Success = 0; #Failed = 0; #Dropped = 0
Target Time = 48.5; Load Intensity = 816.0; #Success = 0; #Failed = 0; #Dropped = 0
Target Time = 49.5; Load Intensity = 833.0; #Success = 0; #Failed = 0; #Dropped = 0
Target Time = 50.5; Load Intensity = 850.0; #Success = 0; #Failed = 0; #Dropped = 0
Target Time = 51.5; Load Intensity = 866.0; #Success = 0; #Failed = 0; #Dropped = 0
Target Time = 52.5; Load Intensity = 883.0; #Success = 0; #Failed = 0; #Dropped = 0
Target Time = 53.5; Load Intensity = 900.0; #Success = 0; #Failed = 0; #Dropped = 0
Target Time = 54.5; Load Intensity = 916.0; #Success = 0; #Failed = 0; #Dropped = 0
Target Time = 55.5; Load Intensity = 933.0; #Success = 0; #Failed = 0; #Dropped = 0
Target Time = 56.5; Load Intensity = 950.0; #Success = 0; #Failed = 0; #Dropped = 0
Target Time = 57.5; Load Intensity = 966.0; #Success = 0; #Failed = 0; #Dropped = 0
Target Time = 58.5; Load Intensity = 983.0; #Success = 0; #Failed = 2; #Dropped = 6193
Target Time = 59.5; Load Intensity = 1000.0; #Success = 0; #Failed = 0; #Dropped = 0
Target Time = 60.5; Load Intensity = 1016.0; #Success = 0; #Failed = 0; #Dropped = 0
Target Time = 61.5; Load Intensity = 1033.0; #Success = 0; #Failed = 0; #Dropped = 0
Target Time = 62.5; Load Intensity = 1050.0; #Success = 0; #Failed = 0; #Dropped = 0
Target Time = 63.5; Load Intensity = 1066.0; #Success = 0; #Failed = 0; #Dropped = 0
Target Time = 64.5; Load Intensity = 1083.0; #Success = 0; #Failed = 0; #Dropped = 0
Target Time = 65.5; Load Intensity = 1100.0; #Success = 0; #Failed = 2; #Dropped = 3561
Target Time = 66.5; Load Intensity = 1116.0; #Success = 14; #Failed = 0; #Dropped = 1126
Target Time = 67.5; Load Intensity = 1133.0; #Success = 39; #Failed = 0; #Dropped = 668
Target Time = 68.5; Load Intensity = 1150.0; #Success = 5; #Failed = 0; #Dropped = 410
Target Time = 69.5; Load Intensity = 1166.0; #Success = 2; #Failed = 0; #Dropped = 245
Target Time = 70.5; Load Intensity = 1183.0; #Success = 0; #Failed = 0; #Dropped = 0
Target Time = 71.5; Load Intensity = 1200.0; #Success = 0; #Failed = 0; #Dropped = 0
Target Time = 72.5; Load Intensity = 1216.0; #Success = 0; #Failed = 0; #Dropped = 0
Target Time = 73.5; Load Intensity = 1233.0; #Success = 0; #Failed = 0; #Dropped = 0
Target Time = 74.5; Load Intensity = 1250.0; #Success = 0; #Failed = 0; #Dropped = 0
Target Time = 75.5; Load Intensity = 1266.0; #Success = 0; #Failed = 0; #Dropped = 0
Target Time = 76.5; Load Intensity = 1283.0; #Success = 0; #Failed = 0; #Dropped = 0
Target Time = 77.5; Load Intensity = 1300.0; #Success = 0; #Failed = 0; #Dropped = 0
Target Time = 78.5; Load Intensity = 1316.0; #Success = 0; #Failed = 0; #Dropped = 0
Target Time = 79.5; Load Intensity = 1333.0; #Success = 0; #Failed = 0; #Dropped = 0
Target Time = 80.5; Load Intensity = 1350.0; #Success = 0; #Failed = 0; #Dropped = 0
Target Time = 81.5; Load Intensity = 1366.0; #Success = 0; #Failed = 2; #Dropped = 9819
Target Time = 82.5; Load Intensity = 1383.0; #Success = 0; #Failed = 0; #Dropped = 0
Target Time = 83.5; Load Intensity = 1400.0; #Success = 0; #Failed = 39; #Dropped = 1749
Target Time = 84.5; Load Intensity = 1416.0; #Success = 0; #Failed = 0; #Dropped = 0
Target Time = 85.5; Load Intensity = 1433.0; #Success = 0; #Failed = 2; #Dropped = 1552
Target Time = 86.5; Load Intensity = 1450.0; #Success = 0; #Failed = 0; #Dropped = 0
Target Time = 87.5; Load Intensity = 1466.0; #Success = 0; #Failed = 4; #Dropped = 2100
Target Time = 88.5; Load Intensity = 1483.0; #Success = 0; #Failed = 0; #Dropped = 0
Target Time = 89.5; Load Intensity = 1500.0; #Success = 0; #Failed = 0; #Dropped = 0
Target Time = 90.5; Load Intensity = 1516.0; #Success = 0; #Failed = 0; #Dropped = 0
Target Time = 91.5; Load Intensity = 1533.0; #Success = 0; #Failed = 1; #Dropped = 3722
Target Time = 92.5; Load Intensity = 1550.0; #Success = 0; #Failed = 0; #Dropped = 0
Target Time = 93.5; Load Intensity = 1566.0; #Success = 0; #Failed = 0; #Dropped = 0
Target Time = 94.5; Load Intensity = 1583.0; #Success = 0; #Failed = 2; #Dropped = 3782
Target Time = 95.5; Load Intensity = 1600.0; #Success = 0; #Failed = 1; #Dropped = 0
Target Time = 96.5; Load Intensity = 1616.0; #Success = 1; #Failed = 0; #Dropped = 2099
Target Time = 97.5; Load Intensity = 1633.0; #Success = 10; #Failed = 0; #Dropped = 1135
Target Time = 98.5; Load Intensity = 1650.0; #Success = 3; #Failed = 0; #Dropped = 794
Target Time = 99.5; Load Intensity = 1666.0; #Success = 0; #Failed = 0; #Dropped = 0
Target Time = 100.5; Load Intensity = 1683.0; #Success = 0; #Failed = 0; #Dropped = 0
Target Time = 101.5; Load Intensity = 1700.0; #Success = 0; #Failed = 0; #Dropped = 0
Target Time = 102.5; Load Intensity = 1716.0; #Success = 0; #Failed = 0; #Dropped = 0
Target Time = 103.5; Load Intensity = 1733.0; #Success = 0; #Failed = 0; #Dropped = 0
Target Time = 104.5; Load Intensity = 1750.0; #Success = 0; #Failed = 0; #Dropped = 0
Target Time = 105.5; Load Intensity = 1766.0; #Success = 0; #Failed = 0; #Dropped = 0
Target Time = 106.5; Load Intensity = 1783.0; #Success = 0; #Failed = 0; #Dropped = 0
Target Time = 107.5; Load Intensity = 1800.0; #Success = 0; #Failed = 0; #Dropped = 0
Target Time = 108.5; Load Intensity = 1816.0; #Success = 0; #Failed = 0; #Dropped = 0
Target Time = 109.5; Load Intensity = 1833.0; #Success = 0; #Failed = 5; #Dropped = 14040
Target Time = 110.5; Load Intensity = 1850.0; #Success = 0; #Failed = 18; #Dropped = 1373
Target Time = 111.5; Load Intensity = 1866.0; #Success = 0; #Failed = 2; #Dropped = 10
Target Time = 112.5; Load Intensity = 1883.0; #Success = 0; #Failed = 14; #Dropped = 2635
Target Time = 113.5; Load Intensity = 1900.0; #Success = 11; #Failed = 0; #Dropped = 1345
Target Time = 114.5; Load Intensity = 1916.0; #Success = 0; #Failed = 0; #Dropped = 0
Target Time = 115.5; Load Intensity = 1933.0; #Success = 0; #Failed = 0; #Dropped = 0
Target Time = 116.5; Load Intensity = 1950.0; #Success = 0; #Failed = 0; #Dropped = 0
Target Time = 117.5; Load Intensity = 1966.0; #Success = 0; #Failed = 0; #Dropped = 0
Target Time = 118.5; Load Intensity = 1983.0; #Success = 0; #Failed = 0; #Dropped = 0
Target Time = 119.5; Load Intensity = 2000.0; #Success = 0; #Failed = 0; #Dropped = 0
Target Time = 120.5; Load Intensity = 0.0; #Success = 0; #Failed = 6; #Dropped = 10610
Target Time = 121.5; Load Intensity = 0.0; #Success = 0; #Failed = 10; #Dropped = 829
Target Time = 122.5; Load Intensity = 0.0; #Success = 0; #Failed = 0; #Dropped = 0
Target Time = 123.5; Load Intensity = 0.0; #Success = 0; #Failed = 0; #Dropped = 0
Target Time = 124.5; Load Intensity = 0.0; #Success = 0; #Failed = 1; #Dropped = 4626
Target Time = 125.5; Load Intensity = 0.0; #Success = 0; #Failed = 13; #Dropped = 2295
Target Time = 126.5; Load Intensity = 0.0; #Success = 1; #Failed = 0; #Dropped = 1465
Target Time = 127.5; Load Intensity = 0.0; #Success = 10; #Failed = 0; #Dropped = 1585
Target Time = 128.5; Load Intensity = 0.0; #Success = 3; #Failed = 0; #Dropped = 1140
Target Time = 129.5; Load Intensity = 0.0; #Success = 0; #Failed = 0; #Dropped = 0
Target Time = 130.5; Load Intensity = 0.0; #Success = 0; #Failed = 0; #Dropped = 0
Target Time = 131.5; Load Intensity = 0.0; #Success = 0; #Failed = 2; #Dropped = 5333
Target Time = 132.5; Load Intensity = 0.0; #Success = 0; #Failed = 2; #Dropped = 1221
Target Time = 133.5; Load Intensity = 0.0; #Success = 0; #Failed = 0; #Dropped = 0
Target Time = 134.5; Load Intensity = 0.0; #Success = 0; #Failed = 0; #Dropped = 0
Target Time = 135.5; Load Intensity = 0.0; #Success = 0; #Failed = 0; #Dropped = 0
Target Time = 136.5; Load Intensity = 0.0; #Success = 0; #Failed = 0; #Dropped = 0
Target Time = 137.5; Load Intensity = 0.0; #Success = 0; #Failed = 0; #Dropped = 0
Target Time = 138.5; Load Intensity = 0.0; #Success = 0; #Failed = 0; #Dropped = 0
Target Time = 139.5; Load Intensity = 0.0; #Success = 0; #Failed = 0; #Dropped = 0
Target Time = 140.5; Load Intensity = 0.0; #Success = 1; #Failed = 0; #Dropped = 14782
Target Time = 141.5; Load Intensity = 0.0; #Success = 0; #Failed = 0; #Dropped = 0
Target Time = 142.5; Load Intensity = 0.0; #Success = 4; #Failed = 0; #Dropped = 3937
Target Time = 143.5; Load Intensity = 0.0; #Success = 11; #Failed = 6; #Dropped = 1746
Target Time = 144.5; Load Intensity = 0.0; #Success = 0; #Failed = 0; #Dropped = 0
  └─ [nitro5:sd] end 00:31:11
Target Time = 145.5; Load Intensity = 0.0; #Success = 0; #Failed = 3; #Dropped = 2790
  └─ [nitro5:ram] end 00:31:12
  └─ [nitro5:nic] end 00:31:12
  └─ [nitro5:cpu] end 00:31:12
Target Time = 146.5; Load Intensity = 0.0; #Success = 0; #Failed = 0; #Dropped = 0
Target Time = 147.5; Load Intensity = 0.0; #Success = 0; #Failed = 0; #Dropped = 0
Target Time = 148.5; Load Intensity = 0.0; #Success = 0; #Failed = 1; #Dropped = 6926
Target Time = 149.5; Load Intensity = 0.0; #Success = 0; #Failed = 1; #Dropped = 629
Target Time = 150.5; Load Intensity = 0.0; #Success = 4; #Failed = 0; #Dropped = 1642
Target Time = 151.5; Load Intensity = 0.0; #Success = 9; #Failed = 0; #Dropped = 0
Target Time = 152.5; Load Intensity = 0.0; #Success = 0; #Failed = 1; #Dropped = 0
Target Time = 153.5; Load Intensity = 0.0; #Success = 0; #Failed = 0; #Dropped = 0
  └─ [scorpius:nic] end 00:31:20
Target Time = 154.5; Load Intensity = 0.0; #Success = 1; #Failed = 0; #Dropped = 0
Target Time = 155.5; Load Intensity = 0.0; #Success = 9; #Failed = 0; #Dropped = 0
Target Time = 156.5; Load Intensity = 0.0; #Success = 1; #Failed = 0; #Dropped = 0
  └─ [scorpius:sd] end 00:31:23
  └─ [scorpius:cpu] end 00:31:23
  └─ [scorpius:ram] end 00:31:23
  └─ [leo:nic] end 00:31:23
Target Time = 157.5; Load Intensity = 0.0; #Success = 5; #Failed = 0; #Dropped = 0
  └─ [leo:ram] end 00:31:24
  └─ [leo:cpu] end 00:31:24
Target Time = 158.5; Load Intensity = 0.0; #Success = 3; #Failed = 3; #Dropped = 0
Target Time = 159.5; Load Intensity = 0.0; #Success = 0; #Failed = 0; #Dropped = 0
Target Time = 160.5; Load Intensity = 0.0; #Success = 0; #Failed = 1; #Dropped = 0
Target Time = 161.5; Load Intensity = 0.0; #Success = 0; #Failed = 0; #Dropped = 0
Target Time = 162.5; Load Intensity = 0.0; #Success = 0; #Failed = 0; #Dropped = 0
Target Time = 163.5; Load Intensity = 0.0; #Success = 0; #Failed = 0; #Dropped = 0
Target Time = 164.5; Load Intensity = 0.0; #Success = 0; #Failed = 0; #Dropped = 0
Target Time = 165.5; Load Intensity = 0.0; #Success = 0; #Failed = 0; #Dropped = 0
Target Time = 166.5; Load Intensity = 0.0; #Success = 0; #Failed = 0; #Dropped = 0
  └─ [leo:sd] end 00:31:33
Target Time = 167.5; Load Intensity = 0.0; #Success = 0; #Failed = 0; #Dropped = 0
Target Time = 168.5; Load Intensity = 0.0; #Success = 0; #Failed = 0; #Dropped = 0
Target Time = 169.5; Load Intensity = 0.0; #Success = 0; #Failed = 0; #Dropped = 0
Target Time = 170.5; Load Intensity = 0.0; #Success = 1; #Failed = 0; #Dropped = 0
Target Time = 171.5; Load Intensity = 0.0; #Success = 0; #Failed = 0; #Dropped = 0
Target Time = 172.5; Load Intensity = 0.0; #Success = 4; #Failed = 0; #Dropped = 0
Target Time = 173.5; Load Intensity = 0.0; #Success = 17; #Failed = 0; #Dropped = 0
Target Time = 174.5; Load Intensity = 0.0; #Success = 0; #Failed = 0; #Dropped = 0
Target Time = 175.5; Load Intensity = 0.0; #Success = 3; #Failed = 0; #Dropped = 0
Target Time = 176.5; Load Intensity = 0.0; #Success = 0; #Failed = 0; #Dropped = 0
Target Time = 177.5; Load Intensity = 0.0; #Success = 0; #Failed = 0; #Dropped = 0
  └─ [aspire:nic] end 00:31:44
Target Time = 178.5; Load Intensity = 0.0; #Success = 1; #Failed = 0; #Dropped = 0
  └─ [aspire:cpu] end 00:31:45
  └─ [aspire:ram] end 00:31:45
  └─ [aspire:sd] end 00:31:45
=== Bloque 145s terminado - Fase: fase3_carga_high_iter7 ===
[🧹] Limpiando CSVs internos de ecofloc en cada nodo (fase: fase3_carga_high_iter7)...
  ✔ [nitro5:cpu] limpiado /home/luish/Documents/p3/ecofloc2/ecofloc/ecofloc-cpu/ECOFLOC_CPU_COMM_text.csv
  ✔ [nitro5:nic] limpiado /home/luish/Documents/p3/ecofloc2/ecofloc/ecofloc-nic/ECOFLOC_NIC_COMM_text.csv
  ✔ [nitro5:ram] limpiado /home/luish/Documents/p3/ecofloc2/ecofloc/ecofloc-ram/ECOFLOC_RAM_COMM_text.csv
  ✔ [nitro5:sd] limpiado /home/luish/Documents/p3/ecofloc2/ecofloc/ecofloc-sd/ECOFLOC_SD_COMM_text.csv
  ✔ [leo:cpu] limpiado /home/leo/ecofloc/ecofloc-cpu/ECOFLOC_CPU_COMM_text.csv
Target Time = 179.5; Load Intensity = 0.0; #Success = 1; #Failed = 0; #Dropped = 0
  ✔ [leo:nic] limpiado /home/leo/ecofloc/ecofloc-nic/ECOFLOC_NIC_COMM_text.csv
  ✔ [leo:ram] limpiado /home/leo/ecofloc/ecofloc-ram/ECOFLOC_RAM_COMM_text.csv
  ✔ [leo:sd] limpiado /home/leo/ecofloc/ecofloc-sd/ECOFLOC_SD_COMM_text.csv
  ✔ [aspire:cpu] limpiado /home/luish/Documents/p3/ecofloc2/ecofloc/ecofloc-cpu/ECOFLOC_CPU_COMM_text.csv
  ✔ [aspire:nic] limpiado /home/luish/Documents/p3/ecofloc2/ecofloc/ecofloc-nic/ECOFLOC_NIC_COMM_text.csv
  ✔ [aspire:ram] limpiado /home/luish/Documents/p3/ecofloc2/ecofloc/ecofloc-ram/ECOFLOC_RAM_COMM_text.csv
  ✔ [aspire:sd] limpiado /home/luish/Documents/p3/ecofloc2/ecofloc/ecofloc-sd/ECOFLOC_SD_COMM_text.csv
  ✔ [scorpius:cpu] limpiado /home/scorpius03/Documents/ecofloc/ecofloc-cpu/ECOFLOC_CPU_COMM_text.csv
  ✔ [scorpius:nic] limpiado /home/scorpius03/Documents/ecofloc/ecofloc-nic/ECOFLOC_NIC_COMM_text.csv
  ✔ [scorpius:ram] limpiado /home/scorpius03/Documents/ecofloc/ecofloc-ram/ECOFLOC_RAM_COMM_text.csv
  ✔ [scorpius:sd] limpiado /home/scorpius03/Documents/ecofloc/ecofloc-sd/ECOFLOC_SD_COMM_text.csv
========================================
🔋 MEASURE ENERGY FINALIZADO
   Fase: fase3_carga_high_iter7
========================================
Workload finished.
Log finished.
📄 LIMBO finalizado para scenario=high
⏳ [00:31:50] Esperando que termine medición: fase3_carga_high_iter7 (PID: 4109353)
✔️ [00:31:50] Medición fase3_carga_high_iter7 completada
[📦] Archivando resultados → ./historyexecutions/exp(00:31:55)_fase3_high_iter7
[✔] Archivado: ./historyexecutions/exp(00:31:55)_fase3_high_iter7
🧹 Limpiando TeaStore (iter 7)...
⏸ Esperando 15s para limpieza completa...
✅ Iteración 7 / 15 del escenario high completada.

########################################################
🔄 ESCENARIO: high | ITERACIÓN: 8 / 15
   Hora: 00:32:43
########################################################
========================================
🔋 FASE 1: Descarga de imágenes (high, iter 8)
========================================
📋 Capturando PIDs (gepidstea.sh)...
📋 Capturando PIDs de contenedores (kpsnodos.sh)...
🔋 [00:32:59] Iniciando medición de energía: fase1_descarga_high_iter8 (25s)
   PID de medición: 277672
🚀 Desplegando TeaStore desde /home/luish/Documents/death/teastore/TeaStore/examples/kubernetes/teastore-energy-scheduler.yaml...
========================================
🔋 MEASURE ENERGY - Fase: fase1_descarga_high_iter8
   Duración: 25s
   PID: 277672
========================================
=== Medición bloque 25s - Fase: fase1_descarga_high_iter8 ===
[⏱ 00:32:59] Iniciando ecofloc en nitro5 por 25s (fase: fase1_descarga_high_iter8)
⏳ Esperando a que todos los pods de TeaStore estén Running y Ready...
  ├─ [nitro5:sd] start 00:32:59
  ├─ [nitro5:ram] start 00:33:00
  ├─ [nitro5:nic] start 00:33:00
[⏱ 00:33:00] Iniciando ecofloc en aspire por 25s (fase: fase1_descarga_high_iter8)
  ├─ [nitro5:cpu] start 00:33:00
  ├─ [aspire:sd] start 00:33:00
  ├─ [aspire:ram] start 00:33:00
  ├─ [aspire:nic] start 00:33:00
[⏱ 00:33:00] Iniciando ecofloc en scorpius por 25s (fase: fase1_descarga_high_iter8)
  ├─ [aspire:cpu] start 00:33:00
  ├─ [scorpius:sd] start 00:33:00
  ├─ [scorpius:ram] start 00:33:00
[⏱ 00:33:00] Iniciando ecofloc en leo por 25s (fase: fase1_descarga_high_iter8)
  ├─ [scorpius:nic] start 00:33:00
  ├─ [scorpius:cpu] start 00:33:00
  ├─ [leo:sd] start 00:33:00
  ├─ [leo:nic] start 00:33:00
  ├─ [leo:cpu] start 00:33:00
  ├─ [leo:ram] start 00:33:00
✅ Pods listos.
⏳ [00:33:02] Esperando que termine medición: fase1_descarga_high_iter8 (PID: 277672)
  └─ [nitro5:sd] end 00:33:24
  └─ [nitro5:ram] end 00:33:25
  └─ [nitro5:nic] end 00:33:25
  └─ [nitro5:cpu] end 00:33:25
  └─ [aspire:cpu] end 00:33:26
  └─ [aspire:sd] end 00:33:26
  └─ [leo:sd] end 00:33:26
  └─ [leo:cpu] end 00:33:26
  └─ [scorpius:cpu] end 00:33:27
  └─ [scorpius:sd] end 00:33:27
  └─ [aspire:nic] end 00:33:27
  └─ [leo:nic] end 00:33:27
  └─ [aspire:ram] end 00:33:27
  └─ [scorpius:ram] end 00:33:28
  └─ [scorpius:nic] end 00:33:28
  └─ [leo:ram] end 00:33:28
=== Bloque 25s terminado - Fase: fase1_descarga_high_iter8 ===
[🧹] Limpiando CSVs internos de ecofloc en cada nodo (fase: fase1_descarga_high_iter8)...
  ✔ [nitro5:cpu] limpiado /home/luish/Documents/p3/ecofloc2/ecofloc/ecofloc-cpu/ECOFLOC_CPU_COMM_text.csv
  ✔ [nitro5:nic] limpiado /home/luish/Documents/p3/ecofloc2/ecofloc/ecofloc-nic/ECOFLOC_NIC_COMM_text.csv
  ✔ [nitro5:ram] limpiado /home/luish/Documents/p3/ecofloc2/ecofloc/ecofloc-ram/ECOFLOC_RAM_COMM_text.csv
  ✔ [nitro5:sd] limpiado /home/luish/Documents/p3/ecofloc2/ecofloc/ecofloc-sd/ECOFLOC_SD_COMM_text.csv
  ✔ [leo:cpu] limpiado /home/leo/ecofloc/ecofloc-cpu/ECOFLOC_CPU_COMM_text.csv
  ✔ [leo:nic] limpiado /home/leo/ecofloc/ecofloc-nic/ECOFLOC_NIC_COMM_text.csv
  ✔ [leo:ram] limpiado /home/leo/ecofloc/ecofloc-ram/ECOFLOC_RAM_COMM_text.csv
  ✔ [leo:sd] limpiado /home/leo/ecofloc/ecofloc-sd/ECOFLOC_SD_COMM_text.csv
  ✔ [aspire:cpu] limpiado /home/luish/Documents/p3/ecofloc2/ecofloc/ecofloc-cpu/ECOFLOC_CPU_COMM_text.csv
  ✔ [aspire:nic] limpiado /home/luish/Documents/p3/ecofloc2/ecofloc/ecofloc-nic/ECOFLOC_NIC_COMM_text.csv
  ✔ [aspire:ram] limpiado /home/luish/Documents/p3/ecofloc2/ecofloc/ecofloc-ram/ECOFLOC_RAM_COMM_text.csv
  ✔ [aspire:sd] limpiado /home/luish/Documents/p3/ecofloc2/ecofloc/ecofloc-sd/ECOFLOC_SD_COMM_text.csv
  ✔ [scorpius:cpu] limpiado /home/scorpius03/Documents/ecofloc/ecofloc-cpu/ECOFLOC_CPU_COMM_text.csv
  ✔ [scorpius:nic] limpiado /home/scorpius03/Documents/ecofloc/ecofloc-nic/ECOFLOC_NIC_COMM_text.csv
  ✔ [scorpius:ram] limpiado /home/scorpius03/Documents/ecofloc/ecofloc-ram/ECOFLOC_RAM_COMM_text.csv
  ✔ [scorpius:sd] limpiado /home/scorpius03/Documents/ecofloc/ecofloc-sd/ECOFLOC_SD_COMM_text.csv
========================================
🔋 MEASURE ENERGY FINALIZADO
   Fase: fase1_descarga_high_iter8
========================================
✔️ [00:33:31] Medición fase1_descarga_high_iter8 completada
[📦] Archivando resultados → ./historyexecutions/exp(00:33:36)_fase1_high_iter8
[✔] Archivado: ./historyexecutions/exp(00:33:36)_fase1_high_iter8
========================================
🔋 FASE 2: Preparación de servicios (high, iter 8)
========================================
📋 Capturando PIDs (gepidstea.sh)...
📋 Capturando PIDs de contenedores (kpsnodos.sh)...
🔋 [00:33:52] Iniciando medición de energía: fase2_preparacion_high_iter8 (50s)
   PID de medición: 342927
========================================
🔋 MEASURE ENERGY - Fase: fase2_preparacion_high_iter8
   Duración: 50s
   PID: 342927
========================================
=== Medición bloque 50s - Fase: fase2_preparacion_high_iter8 ===
[⏱ 00:33:52] Iniciando ecofloc en nitro5 por 50s (fase: fase2_preparacion_high_iter8)
⏳ Esperando 10s a que CoreDNS se estabilice...
  ├─ [nitro5:sd] start 00:33:53
  ├─ [nitro5:ram] start 00:33:53
  ├─ [nitro5:nic] start 00:33:54
[⏱ 00:33:54] Iniciando ecofloc en aspire por 50s (fase: fase2_preparacion_high_iter8)
  ├─ [nitro5:cpu] start 00:33:54
  ├─ [aspire:sd] start 00:33:54
  ├─ [aspire:ram] start 00:33:54
  ├─ [aspire:nic] start 00:33:54
[⏱ 00:33:54] Iniciando ecofloc en scorpius por 50s (fase: fase2_preparacion_high_iter8)
  ├─ [aspire:cpu] start 00:33:54
  ├─ [scorpius:sd] start 00:33:54
  ├─ [scorpius:ram] start 00:33:54
[⏱ 00:33:54] Iniciando ecofloc en leo por 50s (fase: fase2_preparacion_high_iter8)
  ├─ [scorpius:nic] start 00:33:54
  ├─ [scorpius:cpu] start 00:33:54
  ├─ [leo:sd] start 00:33:54
  ├─ [leo:ram] start 00:33:54
  ├─ [leo:nic] start 00:33:54
  ├─ [leo:cpu] start 00:33:54
➡️ Pod WebUI: teastore-webui-ff7768544-624jm
➡️ Está en el nodo: leo02
🌐 IP del nodo WebUI: 192.168.18.36
⏳ Verificando estado del TeaStore en http://192.168.18.36:30080/tools.descartes.teastore.webui/status ...
   ➤ Estado actual: 5 / 5 servicios OK
✔ TODOS los servicios del TeaStore están OK. Continuando...
⏳ [00:34:08] Esperando que termine medición: fase2_preparacion_high_iter8 (PID: 342927)
  └─ [nitro5:sd] end 00:34:43
  └─ [nitro5:ram] end 00:34:43
  └─ [nitro5:nic] end 00:34:44
  └─ [leo:cpu] end 00:34:44
  └─ [nitro5:cpu] end 00:34:44
  └─ [aspire:cpu] end 00:34:45
  └─ [aspire:sd] end 00:34:45
  └─ [scorpius:cpu] end 00:34:45
  └─ [leo:sd] end 00:34:45
  └─ [aspire:nic] end 00:34:45
  └─ [scorpius:sd] end 00:34:45
  └─ [scorpius:nic] end 00:34:46
  └─ [scorpius:ram] end 00:34:46
  └─ [aspire:ram] end 00:34:46
  └─ [leo:nic] end 00:34:46
  └─ [leo:ram] end 00:34:46
=== Bloque 50s terminado - Fase: fase2_preparacion_high_iter8 ===
[🧹] Limpiando CSVs internos de ecofloc en cada nodo (fase: fase2_preparacion_high_iter8)...
  ✔ [nitro5:cpu] limpiado /home/luish/Documents/p3/ecofloc2/ecofloc/ecofloc-cpu/ECOFLOC_CPU_COMM_text.csv
  ✔ [nitro5:nic] limpiado /home/luish/Documents/p3/ecofloc2/ecofloc/ecofloc-nic/ECOFLOC_NIC_COMM_text.csv
  ✔ [nitro5:ram] limpiado /home/luish/Documents/p3/ecofloc2/ecofloc/ecofloc-ram/ECOFLOC_RAM_COMM_text.csv
  ✔ [nitro5:sd] limpiado /home/luish/Documents/p3/ecofloc2/ecofloc/ecofloc-sd/ECOFLOC_SD_COMM_text.csv
  ✔ [leo:cpu] limpiado /home/leo/ecofloc/ecofloc-cpu/ECOFLOC_CPU_COMM_text.csv
  ✔ [leo:nic] limpiado /home/leo/ecofloc/ecofloc-nic/ECOFLOC_NIC_COMM_text.csv
  ✔ [leo:ram] limpiado /home/leo/ecofloc/ecofloc-ram/ECOFLOC_RAM_COMM_text.csv
  ✔ [leo:sd] limpiado /home/leo/ecofloc/ecofloc-sd/ECOFLOC_SD_COMM_text.csv
  ✔ [aspire:cpu] limpiado /home/luish/Documents/p3/ecofloc2/ecofloc/ecofloc-cpu/ECOFLOC_CPU_COMM_text.csv
  ✔ [aspire:nic] limpiado /home/luish/Documents/p3/ecofloc2/ecofloc/ecofloc-nic/ECOFLOC_NIC_COMM_text.csv
  ✔ [aspire:ram] limpiado /home/luish/Documents/p3/ecofloc2/ecofloc/ecofloc-ram/ECOFLOC_RAM_COMM_text.csv
  ✔ [aspire:sd] limpiado /home/luish/Documents/p3/ecofloc2/ecofloc/ecofloc-sd/ECOFLOC_SD_COMM_text.csv
  ✔ [scorpius:cpu] limpiado /home/scorpius03/Documents/ecofloc/ecofloc-cpu/ECOFLOC_CPU_COMM_text.csv
  ✔ [scorpius:nic] limpiado /home/scorpius03/Documents/ecofloc/ecofloc-nic/ECOFLOC_NIC_COMM_text.csv
  ✔ [scorpius:ram] limpiado /home/scorpius03/Documents/ecofloc/ecofloc-ram/ECOFLOC_RAM_COMM_text.csv
  ✔ [scorpius:sd] limpiado /home/scorpius03/Documents/ecofloc/ecofloc-sd/ECOFLOC_SD_COMM_text.csv
========================================
🔋 MEASURE ENERGY FINALIZADO
   Fase: fase2_preparacion_high_iter8
========================================
✔️ [00:34:49] Medición fase2_preparacion_high_iter8 completada
[📦] Archivando resultados → ./historyexecutions/exp(00:34:54)_fase2_high_iter8
[✔] Archivado: ./historyexecutions/exp(00:34:54)_fase2_high_iter8
========================================
🔋 FASE 3: Ejecución de carga (high, iter 8)
========================================
📋 Capturando PIDs (gepidstea.sh)...
📋 Capturando PIDs de contenedores (kpsnodos.sh)...
🔋 [00:35:10] Iniciando medición de energía: fase3_carga_high_iter8 (145s)
   PID de medición: 473789
=== Escenario high (iter 8) ===
========================================
🔋 MEASURE ENERGY - Fase: fase3_carga_high_iter8
   Duración: 145s
   PID: 473789
========================================
=== Medición bloque 145s - Fase: fase3_carga_high_iter8 ===
🚀 Iniciando LIMBO con profile=/home/luish/Documents/death/teastore/TeaStore/examples/httploadgenerator/increasingHighIntensity.csv y script=/home/luish/Documents/death/teastore/TeaStore/examples/httploadgenerator/teastore_buy.lua
[⏱ 00:35:10] Iniciando ecofloc en nitro5 por 145s (fase: fase3_carga_high_iter8)
Feb 27, 2026 12:35:10 AM tools.descartes.dlim.httploadgenerator.runner.Director executeDirector
WARNING: No power measurements
Feb 27, 2026 12:35:10 AM tools.descartes.dlim.httploadgenerator.runner.Director executeDirector
INFO: Load Generator Thread Count set to 64
Feb 27, 2026 12:35:10 AM tools.descartes.dlim.httploadgenerator.runner.Director executeDirector
INFO: URL connection timout set to 30000 ms
Feb 27, 2026 12:35:10 AM tools.descartes.dlim.httploadgenerator.runner.Director executeDirector
INFO: Using Lua Script: /home/luish/Documents/death/teastore/TeaStore/examples/httploadgenerator/teastore_buy.lua
Feb 27, 2026 12:35:10 AM tools.descartes.dlim.httploadgenerator.runner.Director process
INFO: Read 120 Arrival Rate Tuples
Load Generator sent: ok
Feb 27, 2026 12:35:10 AM tools.descartes.dlim.httploadgenerator.runner.Director process
INFO: Arrival Rates sent to Load Generator(s).
Load Generator sent: ok
Feb 27, 2026 12:35:10 AM tools.descartes.dlim.httploadgenerator.runner.Director process
INFO: Thread Count sent to Load Generator(s): 64
Load Generator sent: ok
Feb 27, 2026 12:35:10 AM tools.descartes.dlim.httploadgenerator.runner.Director process
INFO: URL connection timeout sent to Load Generator(s): 30000
Load Generator sent: ok
Feb 27, 2026 12:35:10 AM tools.descartes.dlim.httploadgenerator.runner.Director process
INFO: Contents of script sent to Load Generator: /home/luish/Documents/death/teastore/TeaStore/examples/httploadgenerator/teastore_buy.lua
Feb 27, 2026 12:35:10 AM tools.descartes.dlim.httploadgenerator.runner.Director process
INFO: Starting Load Generation
Beginning Run @1772170510273(27.02.2026;00:35:10273)
  ├─ [nitro5:sd] start 00:35:10
Target Time = 0.5; Load Intensity = 16.0; #Success = 0; #Failed = 0; #Dropped = 0
  ├─ [nitro5:ram] start 00:35:10
  ├─ [nitro5:nic] start 00:35:11
[⏱ 00:35:11] Iniciando ecofloc en aspire por 145s (fase: fase3_carga_high_iter8)
  ├─ [nitro5:cpu] start 00:35:11
  ├─ [aspire:sd] start 00:35:11
  ├─ [aspire:ram] start 00:35:11
  ├─ [aspire:nic] start 00:35:11
[⏱ 00:35:11] Iniciando ecofloc en scorpius por 145s (fase: fase3_carga_high_iter8)
  ├─ [aspire:cpu] start 00:35:11
  ├─ [scorpius:sd] start 00:35:11
  ├─ [scorpius:ram] start 00:35:11
  ├─ [scorpius:nic] start 00:35:11
[⏱ 00:35:11] Iniciando ecofloc en leo por 145s (fase: fase3_carga_high_iter8)
  ├─ [scorpius:cpu] start 00:35:11
  ├─ [leo:sd] start 00:35:11
  ├─ [leo:ram] start 00:35:11
  ├─ [leo:cpu] start 00:35:11
  ├─ [leo:nic] start 00:35:11
Target Time = 1.5; Load Intensity = 33.0; #Success = 0; #Failed = 3; #Dropped = 0
Target Time = 2.5; Load Intensity = 50.0; #Success = 14; #Failed = 2; #Dropped = 0
Target Time = 3.5; Load Intensity = 66.0; #Success = 19; #Failed = 0; #Dropped = 0
Target Time = 4.5; Load Intensity = 83.0; #Success = 5; #Failed = 0; #Dropped = 0
Target Time = 5.5; Load Intensity = 100.0; #Success = 2; #Failed = 0; #Dropped = 0
Target Time = 6.5; Load Intensity = 116.0; #Success = 10; #Failed = 0; #Dropped = 0
Target Time = 7.5; Load Intensity = 133.0; #Success = 3; #Failed = 0; #Dropped = 0
Target Time = 8.5; Load Intensity = 150.0; #Success = 2; #Failed = 0; #Dropped = 0
Target Time = 9.5; Load Intensity = 166.0; #Success = 15; #Failed = 0; #Dropped = 0
Target Time = 10.5; Load Intensity = 183.0; #Success = 9; #Failed = 0; #Dropped = 0
Target Time = 11.5; Load Intensity = 200.0; #Success = 1; #Failed = 0; #Dropped = 0
Target Time = 12.5; Load Intensity = 216.0; #Success = 0; #Failed = 0; #Dropped = 0
Target Time = 13.5; Load Intensity = 233.0; #Success = 1; #Failed = 0; #Dropped = 0
Target Time = 14.5; Load Intensity = 250.0; #Success = 17; #Failed = 16; #Dropped = 0
Target Time = 15.5; Load Intensity = 266.0; #Success = 11; #Failed = 0; #Dropped = 0
Target Time = 16.5; Load Intensity = 283.0; #Success = 5; #Failed = 0; #Dropped = 0
Target Time = 17.5; Load Intensity = 300.0; #Success = 1; #Failed = 0; #Dropped = 0
Target Time = 18.5; Load Intensity = 316.0; #Success = 11; #Failed = 0; #Dropped = 0
Target Time = 19.5; Load Intensity = 333.0; #Success = 18; #Failed = 0; #Dropped = 0
Target Time = 20.5; Load Intensity = 350.0; #Success = 7; #Failed = 0; #Dropped = 0
Target Time = 21.5; Load Intensity = 366.0; #Success = 0; #Failed = 0; #Dropped = 0
Target Time = 22.5; Load Intensity = 383.0; #Success = 5; #Failed = 0; #Dropped = 0
Target Time = 23.5; Load Intensity = 400.0; #Success = 3; #Failed = 0; #Dropped = 0
Target Time = 24.5; Load Intensity = 416.0; #Success = 17; #Failed = 0; #Dropped = 0
Target Time = 25.5; Load Intensity = 433.0; #Success = 6; #Failed = 3; #Dropped = 0
Target Time = 26.5; Load Intensity = 450.0; #Success = 5; #Failed = 0; #Dropped = 0
Target Time = 27.5; Load Intensity = 466.0; #Success = 2; #Failed = 0; #Dropped = 0
Target Time = 28.5; Load Intensity = 483.0; #Success = 0; #Failed = 0; #Dropped = 0
Target Time = 29.5; Load Intensity = 500.0; #Success = 0; #Failed = 0; #Dropped = 0
Target Time = 30.5; Load Intensity = 516.0; #Success = 1; #Failed = 0; #Dropped = 0
Target Time = 31.5; Load Intensity = 533.0; #Success = 1; #Failed = 0; #Dropped = 0
Target Time = 32.5; Load Intensity = 550.0; #Success = 0; #Failed = 19; #Dropped = 0
Target Time = 33.5; Load Intensity = 566.0; #Success = 0; #Failed = 2; #Dropped = 0
Target Time = 34.5; Load Intensity = 583.0; #Success = 0; #Failed = 4; #Dropped = 0
Target Time = 35.5; Load Intensity = 600.0; #Success = 0; #Failed = 1; #Dropped = 0
Target Time = 36.5; Load Intensity = 616.0; #Success = 0; #Failed = 6; #Dropped = 152
Target Time = 37.5; Load Intensity = 633.0; #Success = 0; #Failed = 3; #Dropped = 116
Target Time = 38.5; Load Intensity = 650.0; #Success = 0; #Failed = 15; #Dropped = 153
Target Time = 39.5; Load Intensity = 666.0; #Success = 0; #Failed = 2; #Dropped = 54
Target Time = 40.5; Load Intensity = 683.0; #Success = 0; #Failed = 0; #Dropped = 0
Target Time = 41.5; Load Intensity = 700.0; #Success = 0; #Failed = 0; #Dropped = 0
Target Time = 42.5; Load Intensity = 716.0; #Success = 0; #Failed = 3; #Dropped = 700
Target Time = 43.5; Load Intensity = 733.0; #Success = 0; #Failed = 6; #Dropped = 206
Target Time = 44.5; Load Intensity = 750.0; #Success = 0; #Failed = 16; #Dropped = 218
Target Time = 45.5; Load Intensity = 766.0; #Success = 0; #Failed = 3; #Dropped = 300
Target Time = 46.5; Load Intensity = 783.0; #Success = 0; #Failed = 4; #Dropped = 283
Target Time = 47.5; Load Intensity = 800.0; #Success = 0; #Failed = 2; #Dropped = 74
Target Time = 48.5; Load Intensity = 816.0; #Success = 3; #Failed = 3; #Dropped = 534
Target Time = 49.5; Load Intensity = 833.0; #Success = 3; #Failed = 0; #Dropped = 323
Target Time = 50.5; Load Intensity = 850.0; #Success = 1; #Failed = 0; #Dropped = 170
Target Time = 51.5; Load Intensity = 866.0; #Success = 0; #Failed = 0; #Dropped = 0
Target Time = 52.5; Load Intensity = 883.0; #Success = 2; #Failed = 2; #Dropped = 920
Target Time = 53.5; Load Intensity = 900.0; #Success = 2; #Failed = 3; #Dropped = 446
Target Time = 54.5; Load Intensity = 916.0; #Success = 0; #Failed = 3; #Dropped = 322
Target Time = 55.5; Load Intensity = 933.0; #Success = 1; #Failed = 5; #Dropped = 364
Target Time = 56.5; Load Intensity = 950.0; #Success = 0; #Failed = 16; #Dropped = 462
Target Time = 57.5; Load Intensity = 966.0; #Success = 0; #Failed = 13; #Dropped = 415
Target Time = 58.5; Load Intensity = 983.0; #Success = 0; #Failed = 10; #Dropped = 416
Target Time = 59.5; Load Intensity = 1000.0; #Success = 0; #Failed = 5; #Dropped = 676
Target Time = 60.5; Load Intensity = 1016.0; #Success = 0; #Failed = 12; #Dropped = 480
Target Time = 61.5; Load Intensity = 1033.0; #Success = 0; #Failed = 15; #Dropped = 511
Target Time = 62.5; Load Intensity = 1050.0; #Success = 0; #Failed = 23; #Dropped = 546
Target Time = 63.5; Load Intensity = 1066.0; #Success = 0; #Failed = 0; #Dropped = 0
Target Time = 64.5; Load Intensity = 1083.0; #Success = 1; #Failed = 0; #Dropped = 886
Target Time = 65.5; Load Intensity = 1100.0; #Success = 0; #Failed = 0; #Dropped = 0
Target Time = 66.5; Load Intensity = 1116.0; #Success = 1; #Failed = 3; #Dropped = 1324
Target Time = 67.5; Load Intensity = 1133.0; #Success = 0; #Failed = 0; #Dropped = 0
Target Time = 68.5; Load Intensity = 1150.0; #Success = 0; #Failed = 0; #Dropped = 0
Target Time = 69.5; Load Intensity = 1166.0; #Success = 0; #Failed = 0; #Dropped = 0
Target Time = 70.5; Load Intensity = 1183.0; #Success = 0; #Failed = 0; #Dropped = 0
Target Time = 71.5; Load Intensity = 1200.0; #Success = 2; #Failed = 3; #Dropped = 3420
Target Time = 72.5; Load Intensity = 1216.0; #Success = 5; #Failed = 4; #Dropped = 618
Target Time = 73.5; Load Intensity = 1233.0; #Success = 0; #Failed = 0; #Dropped = 0
Target Time = 74.5; Load Intensity = 1250.0; #Success = 0; #Failed = 0; #Dropped = 0
Target Time = 75.5; Load Intensity = 1266.0; #Success = 1; #Failed = 0; #Dropped = 2334
Target Time = 76.5; Load Intensity = 1283.0; #Success = 0; #Failed = 1; #Dropped = 460
Target Time = 77.5; Load Intensity = 1300.0; #Success = 2; #Failed = 3; #Dropped = 894
Target Time = 78.5; Load Intensity = 1316.0; #Success = 3; #Failed = 0; #Dropped = 1089
Target Time = 79.5; Load Intensity = 1333.0; #Success = 0; #Failed = 4; #Dropped = 140
Target Time = 80.5; Load Intensity = 1350.0; #Success = 1; #Failed = 4; #Dropped = 1638
Target Time = 81.5; Load Intensity = 1366.0; #Success = 0; #Failed = 2; #Dropped = 448
Target Time = 82.5; Load Intensity = 1383.0; #Success = 3; #Failed = 6; #Dropped = 1006
Target Time = 83.5; Load Intensity = 1400.0; #Success = 1; #Failed = 3; #Dropped = 990
Target Time = 84.5; Load Intensity = 1416.0; #Success = 1; #Failed = 0; #Dropped = 1064
Target Time = 85.5; Load Intensity = 1433.0; #Success = 4; #Failed = 6; #Dropped = 566
Target Time = 86.5; Load Intensity = 1450.0; #Success = 0; #Failed = 9; #Dropped = 640
Target Time = 87.5; Load Intensity = 1466.0; #Success = 2; #Failed = 1; #Dropped = 1556
Target Time = 88.5; Load Intensity = 1483.0; #Success = 1; #Failed = 0; #Dropped = 835
Target Time = 89.5; Load Intensity = 1500.0; #Success = 2; #Failed = 0; #Dropped = 702
Target Time = 90.5; Load Intensity = 1516.0; #Success = 2; #Failed = 0; #Dropped = 1456
Target Time = 91.5; Load Intensity = 1533.0; #Success = 2; #Failed = 0; #Dropped = 783
Target Time = 92.5; Load Intensity = 1550.0; #Success = 3; #Failed = 0; #Dropped = 1249
Target Time = 93.5; Load Intensity = 1566.0; #Success = 10; #Failed = 0; #Dropped = 1047
Target Time = 94.5; Load Intensity = 1583.0; #Success = 2; #Failed = 0; #Dropped = 1106
Target Time = 95.5; Load Intensity = 1600.0; #Success = 4; #Failed = 0; #Dropped = 1029
Target Time = 96.5; Load Intensity = 1616.0; #Success = 4; #Failed = 0; #Dropped = 1231
Target Time = 97.5; Load Intensity = 1633.0; #Success = 14; #Failed = 0; #Dropped = 784
Target Time = 98.5; Load Intensity = 1650.0; #Success = 4; #Failed = 0; #Dropped = 779
Target Time = 99.5; Load Intensity = 1666.0; #Success = 3; #Failed = 0; #Dropped = 1756
Target Time = 100.5; Load Intensity = 1683.0; #Success = 0; #Failed = 0; #Dropped = 0
Target Time = 101.5; Load Intensity = 1700.0; #Success = 1; #Failed = 0; #Dropped = 2356
Target Time = 102.5; Load Intensity = 1716.0; #Success = 1; #Failed = 2; #Dropped = 1117
Target Time = 103.5; Load Intensity = 1733.0; #Success = 0; #Failed = 3; #Dropped = 1461
Target Time = 104.5; Load Intensity = 1750.0; #Success = 0; #Failed = 1; #Dropped = 364
Target Time = 105.5; Load Intensity = 1766.0; #Success = 0; #Failed = 0; #Dropped = 0
Target Time = 106.5; Load Intensity = 1783.0; #Success = 0; #Failed = 0; #Dropped = 0
Target Time = 107.5; Load Intensity = 1800.0; #Success = 0; #Failed = 0; #Dropped = 0
Target Time = 108.5; Load Intensity = 1816.0; #Success = 1; #Failed = 0; #Dropped = 5974
Target Time = 109.5; Load Intensity = 1833.0; #Success = 1; #Failed = 0; #Dropped = 807
Target Time = 110.5; Load Intensity = 1850.0; #Success = 0; #Failed = 0; #Dropped = 0
Target Time = 111.5; Load Intensity = 1866.0; #Success = 0; #Failed = 0; #Dropped = 0
Target Time = 112.5; Load Intensity = 1883.0; #Success = 2; #Failed = 6; #Dropped = 4529
Target Time = 113.5; Load Intensity = 1900.0; #Success = 0; #Failed = 7; #Dropped = 1032
Target Time = 114.5; Load Intensity = 1916.0; #Success = 2; #Failed = 6; #Dropped = 1931
Target Time = 115.5; Load Intensity = 1933.0; #Success = 2; #Failed = 1; #Dropped = 556
Target Time = 116.5; Load Intensity = 1950.0; #Success = 0; #Failed = 0; #Dropped = 0
Target Time = 117.5; Load Intensity = 1966.0; #Success = 0; #Failed = 3; #Dropped = 3637
Target Time = 118.5; Load Intensity = 1983.0; #Success = 1; #Failed = 6; #Dropped = 1594
Target Time = 119.5; Load Intensity = 2000.0; #Success = 3; #Failed = 18; #Dropped = 1511
Target Time = 120.5; Load Intensity = 0.0; #Success = 0; #Failed = 1; #Dropped = 1475
Target Time = 121.5; Load Intensity = 0.0; #Success = 0; #Failed = 0; #Dropped = 0
Target Time = 122.5; Load Intensity = 0.0; #Success = 0; #Failed = 3; #Dropped = 3108
Target Time = 123.5; Load Intensity = 0.0; #Success = 2; #Failed = 3; #Dropped = 1511
Target Time = 124.5; Load Intensity = 0.0; #Success = 0; #Failed = 0; #Dropped = 0
Target Time = 125.5; Load Intensity = 0.0; #Success = 0; #Failed = 1; #Dropped = 2897
Target Time = 126.5; Load Intensity = 0.0; #Success = 0; #Failed = 0; #Dropped = 0
Target Time = 127.5; Load Intensity = 0.0; #Success = 0; #Failed = 0; #Dropped = 0
Target Time = 128.5; Load Intensity = 0.0; #Success = 1; #Failed = 0; #Dropped = 5019
Target Time = 129.5; Load Intensity = 0.0; #Success = 0; #Failed = 0; #Dropped = 0
Target Time = 130.5; Load Intensity = 0.0; #Success = 1; #Failed = 0; #Dropped = 2138
Target Time = 131.5; Load Intensity = 0.0; #Success = 1; #Failed = 0; #Dropped = 2785
Target Time = 132.5; Load Intensity = 0.0; #Success = 0; #Failed = 0; #Dropped = 0
Target Time = 133.5; Load Intensity = 0.0; #Success = 2; #Failed = 0; #Dropped = 3198
Target Time = 134.5; Load Intensity = 0.0; #Success = 1; #Failed = 0; #Dropped = 1302
Target Time = 135.5; Load Intensity = 0.0; #Success = 1; #Failed = 0; #Dropped = 2194
Target Time = 136.5; Load Intensity = 0.0; #Success = 0; #Failed = 0; #Dropped = 0
Target Time = 137.5; Load Intensity = 0.0; #Success = 0; #Failed = 0; #Dropped = 0
Target Time = 138.5; Load Intensity = 0.0; #Success = 4; #Failed = 2; #Dropped = 6010
Target Time = 139.5; Load Intensity = 0.0; #Success = 2; #Failed = 1; #Dropped = 1731
Target Time = 140.5; Load Intensity = 0.0; #Success = 3; #Failed = 0; #Dropped = 1381
Target Time = 141.5; Load Intensity = 0.0; #Success = 0; #Failed = 0; #Dropped = 0
Target Time = 142.5; Load Intensity = 0.0; #Success = 4; #Failed = 0; #Dropped = 4185
Target Time = 143.5; Load Intensity = 0.0; #Success = 4; #Failed = 0; #Dropped = 1299
Target Time = 144.5; Load Intensity = 0.0; #Success = 6; #Failed = 0; #Dropped = 1835
  └─ [nitro5:sd] end 00:37:35
Target Time = 145.5; Load Intensity = 0.0; #Success = 4; #Failed = 0; #Dropped = 1690
  └─ [nitro5:ram] end 00:37:35
  └─ [nitro5:nic] end 00:37:36
  └─ [nitro5:cpu] end 00:37:36
Target Time = 146.5; Load Intensity = 0.0; #Success = 3; #Failed = 0; #Dropped = 2864
Target Time = 147.5; Load Intensity = 0.0; #Success = 3; #Failed = 1; #Dropped = 1946
Target Time = 148.5; Load Intensity = 0.0; #Success = 7; #Failed = 0; #Dropped = 2002
Target Time = 149.5; Load Intensity = 0.0; #Success = 11; #Failed = 1; #Dropped = 1757
Target Time = 150.5; Load Intensity = 0.0; #Success = 2; #Failed = 1; #Dropped = 339
Target Time = 151.5; Load Intensity = 0.0; #Success = 0; #Failed = 0; #Dropped = 0
Target Time = 152.5; Load Intensity = 0.0; #Success = 2; #Failed = 0; #Dropped = 0
Target Time = 153.5; Load Intensity = 0.0; #Success = 2; #Failed = 3; #Dropped = 0
Target Time = 154.5; Load Intensity = 0.0; #Success = 1; #Failed = 5; #Dropped = 0
  └─ [scorpius:nic] end 00:37:45
Target Time = 155.5; Load Intensity = 0.0; #Success = 0; #Failed = 0; #Dropped = 0
Target Time = 156.5; Load Intensity = 0.0; #Success = 0; #Failed = 0; #Dropped = 0
  └─ [scorpius:sd] end 00:37:46
  └─ [scorpius:cpu] end 00:37:47
Target Time = 157.5; Load Intensity = 0.0; #Success = 0; #Failed = 0; #Dropped = 0
  └─ [leo:nic] end 00:37:47
Target Time = 158.5; Load Intensity = 0.0; #Success = 1; #Failed = 0; #Dropped = 0
  └─ [scorpius:ram] end 00:37:49
Target Time = 159.5; Load Intensity = 0.0; #Success = 0; #Failed = 0; #Dropped = 0
Target Time = 160.5; Load Intensity = 0.0; #Success = 0; #Failed = 0; #Dropped = 0
Target Time = 161.5; Load Intensity = 0.0; #Success = 0; #Failed = 0; #Dropped = 0
Target Time = 162.5; Load Intensity = 0.0; #Success = 0; #Failed = 4; #Dropped = 0
Target Time = 163.5; Load Intensity = 0.0; #Success = 0; #Failed = 1; #Dropped = 0
Target Time = 164.5; Load Intensity = 0.0; #Success = 0; #Failed = 4; #Dropped = 0
Target Time = 165.5; Load Intensity = 0.0; #Success = 0; #Failed = 4; #Dropped = 0
Target Time = 166.5; Load Intensity = 0.0; #Success = 0; #Failed = 18; #Dropped = 0
  └─ [leo:cpu] end 00:37:56
  └─ [leo:sd] end 00:37:56
  └─ [leo:ram] end 00:37:57
Target Time = 167.5; Load Intensity = 0.0; #Success = 0; #Failed = 1; #Dropped = 0
  └─ [aspire:nic] end 00:37:58
Target Time = 168.5; Load Intensity = 0.0; #Success = 2; #Failed = 1; #Dropped = 0
Target Time = 169.5; Load Intensity = 0.0; #Success = 1; #Failed = 0; #Dropped = 0
Target Time = 170.5; Load Intensity = 0.0; #Success = 0; #Failed = 0; #Dropped = 0
Target Time = 171.5; Load Intensity = 0.0; #Success = 4; #Failed = 0; #Dropped = 0
Target Time = 172.5; Load Intensity = 0.0; #Success = 2; #Failed = 0; #Dropped = 0
Target Time = 173.5; Load Intensity = 0.0; #Success = 1; #Failed = 0; #Dropped = 0
Target Time = 174.5; Load Intensity = 0.0; #Success = 0; #Failed = 0; #Dropped = 0
Target Time = 175.5; Load Intensity = 0.0; #Success = 3; #Failed = 0; #Dropped = 0
  └─ [aspire:sd] end 00:38:06
  └─ [aspire:ram] end 00:38:06
  └─ [aspire:cpu] end 00:38:06
=== Bloque 145s terminado - Fase: fase3_carga_high_iter8 ===
[🧹] Limpiando CSVs internos de ecofloc en cada nodo (fase: fase3_carga_high_iter8)...
  ✔ [nitro5:cpu] limpiado /home/luish/Documents/p3/ecofloc2/ecofloc/ecofloc-cpu/ECOFLOC_CPU_COMM_text.csv
  ✔ [nitro5:nic] limpiado /home/luish/Documents/p3/ecofloc2/ecofloc/ecofloc-nic/ECOFLOC_NIC_COMM_text.csv
  ✔ [nitro5:ram] limpiado /home/luish/Documents/p3/ecofloc2/ecofloc/ecofloc-ram/ECOFLOC_RAM_COMM_text.csv
  ✔ [nitro5:sd] limpiado /home/luish/Documents/p3/ecofloc2/ecofloc/ecofloc-sd/ECOFLOC_SD_COMM_text.csv
Target Time = 176.5; Load Intensity = 0.0; #Success = 1; #Failed = 0; #Dropped = 0
  ✔ [leo:cpu] limpiado /home/leo/ecofloc/ecofloc-cpu/ECOFLOC_CPU_COMM_text.csv
  ✔ [leo:nic] limpiado /home/leo/ecofloc/ecofloc-nic/ECOFLOC_NIC_COMM_text.csv
  ✔ [leo:ram] limpiado /home/leo/ecofloc/ecofloc-ram/ECOFLOC_RAM_COMM_text.csv
  ✔ [leo:sd] limpiado /home/leo/ecofloc/ecofloc-sd/ECOFLOC_SD_COMM_text.csv
  ✔ [aspire:cpu] limpiado /home/luish/Documents/p3/ecofloc2/ecofloc/ecofloc-cpu/ECOFLOC_CPU_COMM_text.csv
  ✔ [aspire:nic] limpiado /home/luish/Documents/p3/ecofloc2/ecofloc/ecofloc-nic/ECOFLOC_NIC_COMM_text.csv
  ✔ [aspire:ram] limpiado /home/luish/Documents/p3/ecofloc2/ecofloc/ecofloc-ram/ECOFLOC_RAM_COMM_text.csv
  ✔ [aspire:sd] limpiado /home/luish/Documents/p3/ecofloc2/ecofloc/ecofloc-sd/ECOFLOC_SD_COMM_text.csv
  ✔ [scorpius:cpu] limpiado /home/scorpius03/Documents/ecofloc/ecofloc-cpu/ECOFLOC_CPU_COMM_text.csv
  ✔ [scorpius:nic] limpiado /home/scorpius03/Documents/ecofloc/ecofloc-nic/ECOFLOC_NIC_COMM_text.csv
  ✔ [scorpius:ram] limpiado /home/scorpius03/Documents/ecofloc/ecofloc-ram/ECOFLOC_RAM_COMM_text.csv
  ✔ [scorpius:sd] limpiado /home/scorpius03/Documents/ecofloc/ecofloc-sd/ECOFLOC_SD_COMM_text.csv
========================================
🔋 MEASURE ENERGY FINALIZADO
   Fase: fase3_carga_high_iter8
========================================
Workload finished.
Log finished.
📄 LIMBO finalizado para scenario=high
⏳ [00:38:11] Esperando que termine medición: fase3_carga_high_iter8 (PID: 473789)
✔️ [00:38:11] Medición fase3_carga_high_iter8 completada
[📦] Archivando resultados → ./historyexecutions/exp(00:38:16)_fase3_high_iter8
[✔] Archivado: ./historyexecutions/exp(00:38:16)_fase3_high_iter8
🧹 Limpiando TeaStore (iter 8)...
⏸ Esperando 15s para limpieza completa...
✅ Iteración 8 / 15 del escenario high completada.

########################################################
🔄 ESCENARIO: high | ITERACIÓN: 9 / 15
   Hora: 00:39:04
########################################################
========================================
🔋 FASE 1: Descarga de imágenes (high, iter 9)
========================================
📋 Capturando PIDs (gepidstea.sh)...
📋 Capturando PIDs de contenedores (kpsnodos.sh)...
🔋 [00:39:23] Iniciando medición de energía: fase1_descarga_high_iter9 (25s)
   PID de medición: 846863
🚀 Desplegando TeaStore desde /home/luish/Documents/death/teastore/TeaStore/examples/kubernetes/teastore-energy-scheduler.yaml...
========================================
🔋 MEASURE ENERGY - Fase: fase1_descarga_high_iter9
   Duración: 25s
   PID: 846863
========================================
=== Medición bloque 25s - Fase: fase1_descarga_high_iter9 ===
[⏱ 00:39:23] Iniciando ecofloc en nitro5 por 25s (fase: fase1_descarga_high_iter9)
⏳ Esperando a que todos los pods de TeaStore estén Running y Ready...
  ├─ [nitro5:sd] start 00:39:23
  ├─ [nitro5:ram] start 00:39:24
  ├─ [nitro5:nic] start 00:39:24
[⏱ 00:39:24] Iniciando ecofloc en aspire por 25s (fase: fase1_descarga_high_iter9)
  ├─ [nitro5:cpu] start 00:39:24
  ├─ [aspire:sd] start 00:39:24
  ├─ [aspire:ram] start 00:39:24
[⏱ 00:39:24] Iniciando ecofloc en scorpius por 25s (fase: fase1_descarga_high_iter9)
  ├─ [aspire:nic] start 00:39:24
  ├─ [aspire:cpu] start 00:39:24
  ├─ [scorpius:sd] start 00:39:24
  ├─ [scorpius:ram] start 00:39:24
  ├─ [scorpius:nic] start 00:39:24
[⏱ 00:39:24] Iniciando ecofloc en leo por 25s (fase: fase1_descarga_high_iter9)
  ├─ [scorpius:cpu] start 00:39:24
  ├─ [leo:sd] start 00:39:24
  ├─ [leo:ram] start 00:39:24
  ├─ [leo:nic] start 00:39:24
  ├─ [leo:cpu] start 00:39:24
✅ Pods listos.
⏳ [00:39:25] Esperando que termine medición: fase1_descarga_high_iter9 (PID: 846863)
/home/luish/Documents/death/teastore/TeaStore/examples/httploadgenerator/measure_energy.sh: line 104: 846947 Segmentation fault      timeout $((real_duration+5)) sudo "$path/ecofloc-$comp/ecofloc-$comp.out" -n text -i $ECO_INTERVAL -t $real_duration -f "$path/ecofloc-$comp/" > "$tmpfile" 2> /dev/null
  └─ [nitro5:ram] end 00:39:49
  └─ [nitro5:nic] end 00:39:49
  └─ [nitro5:cpu] end 00:39:49
  └─ [aspire:sd] end 00:39:50
  └─ [aspire:cpu] end 00:39:50
  └─ [leo:sd] end 00:39:51
  └─ [aspire:nic] end 00:39:51
  └─ [leo:cpu] end 00:39:51
  └─ [aspire:ram] end 00:39:51
  └─ [scorpius:sd] end 00:39:51
  └─ [scorpius:cpu] end 00:39:51
  └─ [leo:nic] end 00:39:51
  └─ [leo:ram] end 00:39:51
  └─ [scorpius:ram] end 00:39:52
  └─ [scorpius:nic] end 00:39:53
=== Bloque 25s terminado - Fase: fase1_descarga_high_iter9 ===
[🧹] Limpiando CSVs internos de ecofloc en cada nodo (fase: fase1_descarga_high_iter9)...
  ✔ [nitro5:cpu] limpiado /home/luish/Documents/p3/ecofloc2/ecofloc/ecofloc-cpu/ECOFLOC_CPU_COMM_text.csv
  ✔ [nitro5:nic] limpiado /home/luish/Documents/p3/ecofloc2/ecofloc/ecofloc-nic/ECOFLOC_NIC_COMM_text.csv
  ✔ [nitro5:ram] limpiado /home/luish/Documents/p3/ecofloc2/ecofloc/ecofloc-ram/ECOFLOC_RAM_COMM_text.csv
  ✔ [nitro5:sd] limpiado /home/luish/Documents/p3/ecofloc2/ecofloc/ecofloc-sd/ECOFLOC_SD_COMM_text.csv
  ✔ [leo:cpu] limpiado /home/leo/ecofloc/ecofloc-cpu/ECOFLOC_CPU_COMM_text.csv
  ✔ [leo:nic] limpiado /home/leo/ecofloc/ecofloc-nic/ECOFLOC_NIC_COMM_text.csv
  ✔ [leo:ram] limpiado /home/leo/ecofloc/ecofloc-ram/ECOFLOC_RAM_COMM_text.csv
  ✔ [leo:sd] limpiado /home/leo/ecofloc/ecofloc-sd/ECOFLOC_SD_COMM_text.csv
  ✔ [aspire:cpu] limpiado /home/luish/Documents/p3/ecofloc2/ecofloc/ecofloc-cpu/ECOFLOC_CPU_COMM_text.csv
  ✔ [aspire:nic] limpiado /home/luish/Documents/p3/ecofloc2/ecofloc/ecofloc-nic/ECOFLOC_NIC_COMM_text.csv
  ✔ [aspire:ram] limpiado /home/luish/Documents/p3/ecofloc2/ecofloc/ecofloc-ram/ECOFLOC_RAM_COMM_text.csv
  ✔ [aspire:sd] limpiado /home/luish/Documents/p3/ecofloc2/ecofloc/ecofloc-sd/ECOFLOC_SD_COMM_text.csv
  ✔ [scorpius:cpu] limpiado /home/scorpius03/Documents/ecofloc/ecofloc-cpu/ECOFLOC_CPU_COMM_text.csv
  ✔ [scorpius:nic] limpiado /home/scorpius03/Documents/ecofloc/ecofloc-nic/ECOFLOC_NIC_COMM_text.csv
  ✔ [scorpius:ram] limpiado /home/scorpius03/Documents/ecofloc/ecofloc-ram/ECOFLOC_RAM_COMM_text.csv
  ✔ [scorpius:sd] limpiado /home/scorpius03/Documents/ecofloc/ecofloc-sd/ECOFLOC_SD_COMM_text.csv
========================================
🔋 MEASURE ENERGY FINALIZADO
   Fase: fase1_descarga_high_iter9
========================================
✔️ [00:39:56] Medición fase1_descarga_high_iter9 completada
[📦] Archivando resultados → ./historyexecutions/exp(00:40:01)_fase1_high_iter9
[✔] Archivado: ./historyexecutions/exp(00:40:01)_fase1_high_iter9
========================================
🔋 FASE 2: Preparación de servicios (high, iter 9)
========================================
📋 Capturando PIDs (gepidstea.sh)...
📋 Capturando PIDs de contenedores (kpsnodos.sh)...
🔋 [00:40:18] Iniciando medición de energía: fase2_preparacion_high_iter9 (50s)
   PID de medición: 914838
========================================
🔋 MEASURE ENERGY - Fase: fase2_preparacion_high_iter9
   Duración: 50s
   PID: 914838
========================================
=== Medición bloque 50s - Fase: fase2_preparacion_high_iter9 ===
[⏱ 00:40:18] Iniciando ecofloc en nitro5 por 50s (fase: fase2_preparacion_high_iter9)
⏳ Esperando 10s a que CoreDNS se estabilice...
  ├─ [nitro5:sd] start 00:40:18
  ├─ [nitro5:ram] start 00:40:18
  ├─ [nitro5:nic] start 00:40:19
[⏱ 00:40:19] Iniciando ecofloc en aspire por 50s (fase: fase2_preparacion_high_iter9)
  ├─ [nitro5:cpu] start 00:40:19
  ├─ [aspire:sd] start 00:40:19
  ├─ [aspire:ram] start 00:40:19
  ├─ [aspire:nic] start 00:40:19
[⏱ 00:40:19] Iniciando ecofloc en scorpius por 50s (fase: fase2_preparacion_high_iter9)
  ├─ [aspire:cpu] start 00:40:19
  ├─ [scorpius:sd] start 00:40:19
  ├─ [scorpius:ram] start 00:40:19
[⏱ 00:40:19] Iniciando ecofloc en leo por 50s (fase: fase2_preparacion_high_iter9)
  ├─ [scorpius:nic] start 00:40:19
  ├─ [scorpius:cpu] start 00:40:19
  ├─ [leo:ram] start 00:40:19
  ├─ [leo:nic] start 00:40:19
  ├─ [leo:cpu] start 00:40:19
  ├─ [leo:sd] start 00:40:19
➡️ Pod WebUI: teastore-webui-ff7768544-fdwcd
➡️ Está en el nodo: luish-aspire-a315-55g
🌐 IP del nodo WebUI: 192.168.18.37
⏳ Verificando estado del TeaStore en http://192.168.18.37:30080/tools.descartes.teastore.webui/status ...
   ➤ Estado actual: 5 / 5 servicios OK
✔ TODOS los servicios del TeaStore están OK. Continuando...
⏳ [00:40:34] Esperando que termine medición: fase2_preparacion_high_iter9 (PID: 914838)
  └─ [nitro5:sd] end 00:41:08
  └─ [nitro5:ram] end 00:41:08
  └─ [nitro5:nic] end 00:41:09
  └─ [nitro5:cpu] end 00:41:09
  └─ [aspire:cpu] end 00:41:10
  └─ [leo:cpu] end 00:41:10
  └─ [aspire:sd] end 00:41:10
  └─ [leo:sd] end 00:41:10
  └─ [aspire:nic] end 00:41:11
  └─ [leo:nic] end 00:41:11
  └─ [scorpius:ram] end 00:41:11
  └─ [leo:ram] end 00:41:11
  └─ [aspire:ram] end 00:41:12
=== Bloque 50s terminado - Fase: fase2_preparacion_high_iter9 ===
[🧹] Limpiando CSVs internos de ecofloc en cada nodo (fase: fase2_preparacion_high_iter9)...
  ✔ [nitro5:cpu] limpiado /home/luish/Documents/p3/ecofloc2/ecofloc/ecofloc-cpu/ECOFLOC_CPU_COMM_text.csv
  ✔ [nitro5:nic] limpiado /home/luish/Documents/p3/ecofloc2/ecofloc/ecofloc-nic/ECOFLOC_NIC_COMM_text.csv
  ✔ [nitro5:ram] limpiado /home/luish/Documents/p3/ecofloc2/ecofloc/ecofloc-ram/ECOFLOC_RAM_COMM_text.csv
  ✔ [nitro5:sd] limpiado /home/luish/Documents/p3/ecofloc2/ecofloc/ecofloc-sd/ECOFLOC_SD_COMM_text.csv
  ✔ [leo:cpu] limpiado /home/leo/ecofloc/ecofloc-cpu/ECOFLOC_CPU_COMM_text.csv
  ✔ [leo:nic] limpiado /home/leo/ecofloc/ecofloc-nic/ECOFLOC_NIC_COMM_text.csv
  ✔ [leo:ram] limpiado /home/leo/ecofloc/ecofloc-ram/ECOFLOC_RAM_COMM_text.csv
  ✔ [leo:sd] limpiado /home/leo/ecofloc/ecofloc-sd/ECOFLOC_SD_COMM_text.csv
  ✔ [aspire:cpu] limpiado /home/luish/Documents/p3/ecofloc2/ecofloc/ecofloc-cpu/ECOFLOC_CPU_COMM_text.csv
  ✔ [aspire:nic] limpiado /home/luish/Documents/p3/ecofloc2/ecofloc/ecofloc-nic/ECOFLOC_NIC_COMM_text.csv
  ✔ [aspire:ram] limpiado /home/luish/Documents/p3/ecofloc2/ecofloc/ecofloc-ram/ECOFLOC_RAM_COMM_text.csv
  ✔ [aspire:sd] limpiado /home/luish/Documents/p3/ecofloc2/ecofloc/ecofloc-sd/ECOFLOC_SD_COMM_text.csv
  ✔ [scorpius:cpu] limpiado /home/scorpius03/Documents/ecofloc/ecofloc-cpu/ECOFLOC_CPU_COMM_text.csv
  ✔ [scorpius:nic] limpiado /home/scorpius03/Documents/ecofloc/ecofloc-nic/ECOFLOC_NIC_COMM_text.csv
  ✔ [scorpius:ram] limpiado /home/scorpius03/Documents/ecofloc/ecofloc-ram/ECOFLOC_RAM_COMM_text.csv
  ✔ [scorpius:sd] limpiado /home/scorpius03/Documents/ecofloc/ecofloc-sd/ECOFLOC_SD_COMM_text.csv
========================================
🔋 MEASURE ENERGY FINALIZADO
   Fase: fase2_preparacion_high_iter9
========================================
✔️ [00:41:16] Medición fase2_preparacion_high_iter9 completada
[📦] Archivando resultados → ./historyexecutions/exp(00:41:21)_fase2_high_iter9
[✔] Archivado: ./historyexecutions/exp(00:41:21)_fase2_high_iter9
========================================
🔋 FASE 3: Ejecución de carga (high, iter 9)
========================================
📋 Capturando PIDs (gepidstea.sh)...
📋 Capturando PIDs de contenedores (kpsnodos.sh)...
🔋 [00:41:36] Iniciando medición de energía: fase3_carga_high_iter9 (145s)
   PID de medición: 1047573
=== Escenario high (iter 9) ===
========================================
🔋 MEASURE ENERGY - Fase: fase3_carga_high_iter9
   Duración: 145s
   PID: 1047573
========================================
=== Medición bloque 145s - Fase: fase3_carga_high_iter9 ===
🚀 Iniciando LIMBO con profile=/home/luish/Documents/death/teastore/TeaStore/examples/httploadgenerator/increasingHighIntensity.csv y script=/home/luish/Documents/death/teastore/TeaStore/examples/httploadgenerator/teastore_buy.lua
[⏱ 00:41:36] Iniciando ecofloc en nitro5 por 145s (fase: fase3_carga_high_iter9)
Feb 27, 2026 12:41:36 AM tools.descartes.dlim.httploadgenerator.runner.Director executeDirector
WARNING: No power measurements
Feb 27, 2026 12:41:36 AM tools.descartes.dlim.httploadgenerator.runner.Director executeDirector
INFO: Load Generator Thread Count set to 64
Feb 27, 2026 12:41:36 AM tools.descartes.dlim.httploadgenerator.runner.Director executeDirector
INFO: URL connection timout set to 30000 ms
Feb 27, 2026 12:41:36 AM tools.descartes.dlim.httploadgenerator.runner.Director executeDirector
INFO: Using Lua Script: /home/luish/Documents/death/teastore/TeaStore/examples/httploadgenerator/teastore_buy.lua
Feb 27, 2026 12:41:36 AM tools.descartes.dlim.httploadgenerator.runner.Director process
INFO: Read 120 Arrival Rate Tuples
Load Generator sent: ok
Feb 27, 2026 12:41:36 AM tools.descartes.dlim.httploadgenerator.runner.Director process
INFO: Arrival Rates sent to Load Generator(s).
Load Generator sent: ok
Feb 27, 2026 12:41:36 AM tools.descartes.dlim.httploadgenerator.runner.Director process
INFO: Thread Count sent to Load Generator(s): 64
Load Generator sent: ok
Feb 27, 2026 12:41:36 AM tools.descartes.dlim.httploadgenerator.runner.Director process
INFO: URL connection timeout sent to Load Generator(s): 30000
Load Generator sent: ok
Feb 27, 2026 12:41:36 AM tools.descartes.dlim.httploadgenerator.runner.Director process
INFO: Contents of script sent to Load Generator: /home/luish/Documents/death/teastore/TeaStore/examples/httploadgenerator/teastore_buy.lua
Feb 27, 2026 12:41:36 AM tools.descartes.dlim.httploadgenerator.runner.Director process
INFO: Starting Load Generation
Beginning Run @1772170896809(27.02.2026;00:41:36809)
  ├─ [nitro5:sd] start 00:41:37
Target Time = 0.5; Load Intensity = 16.0; #Success = 0; #Failed = 0; #Dropped = 0
  ├─ [nitro5:ram] start 00:41:37
  ├─ [nitro5:nic] start 00:41:37
  ├─ [nitro5:cpu] start 00:41:38
[⏱ 00:41:38] Iniciando ecofloc en aspire por 145s (fase: fase3_carga_high_iter9)
  ├─ [aspire:sd] start 00:41:38
  ├─ [aspire:ram] start 00:41:38
[⏱ 00:41:38] Iniciando ecofloc en scorpius por 145s (fase: fase3_carga_high_iter9)
  ├─ [aspire:nic] start 00:41:38
  ├─ [scorpius:sd] start 00:41:38
  ├─ [aspire:cpu] start 00:41:38
  ├─ [scorpius:ram] start 00:41:38
  ├─ [scorpius:cpu] start 00:41:38
[⏱ 00:41:38] Iniciando ecofloc en leo por 145s (fase: fase3_carga_high_iter9)
  ├─ [scorpius:nic] start 00:41:38
  ├─ [leo:ram] start 00:41:38
  ├─ [leo:sd] start 00:41:38
  ├─ [leo:nic] start 00:41:38
  ├─ [leo:cpu] start 00:41:38
Target Time = 1.5; Load Intensity = 33.0; #Success = 0; #Failed = 0; #Dropped = 0
Target Time = 2.5; Load Intensity = 50.0; #Success = 45; #Failed = 0; #Dropped = 0
Target Time = 3.5; Load Intensity = 66.0; #Success = 8; #Failed = 0; #Dropped = 0
Target Time = 4.5; Load Intensity = 83.0; #Success = 47; #Failed = 0; #Dropped = 0
Target Time = 5.5; Load Intensity = 100.0; #Success = 27; #Failed = 0; #Dropped = 0
Target Time = 6.5; Load Intensity = 116.0; #Success = 13; #Failed = 0; #Dropped = 0
Target Time = 7.5; Load Intensity = 133.0; #Success = 41; #Failed = 0; #Dropped = 0
Target Time = 8.5; Load Intensity = 150.0; #Success = 9; #Failed = 0; #Dropped = 0
Target Time = 9.5; Load Intensity = 166.0; #Success = 2; #Failed = 0; #Dropped = 0
Target Time = 10.5; Load Intensity = 183.0; #Success = 0; #Failed = 0; #Dropped = 0
Target Time = 11.5; Load Intensity = 200.0; #Success = 0; #Failed = 0; #Dropped = 0
Target Time = 12.5; Load Intensity = 216.0; #Success = 0; #Failed = 0; #Dropped = 0
Target Time = 13.5; Load Intensity = 233.0; #Success = 0; #Failed = 0; #Dropped = 0
Target Time = 14.5; Load Intensity = 250.0; #Success = 0; #Failed = 0; #Dropped = 0
Target Time = 15.5; Load Intensity = 266.0; #Success = 0; #Failed = 0; #Dropped = 0
Target Time = 16.5; Load Intensity = 283.0; #Success = 0; #Failed = 0; #Dropped = 0
Target Time = 17.5; Load Intensity = 300.0; #Success = 0; #Failed = 0; #Dropped = 0
Target Time = 18.5; Load Intensity = 316.0; #Success = 0; #Failed = 0; #Dropped = 0
Target Time = 19.5; Load Intensity = 333.0; #Success = 0; #Failed = 0; #Dropped = 0
Target Time = 20.5; Load Intensity = 350.0; #Success = 0; #Failed = 0; #Dropped = 0
Target Time = 21.5; Load Intensity = 366.0; #Success = 0; #Failed = 0; #Dropped = 0
Target Time = 22.5; Load Intensity = 383.0; #Success = 0; #Failed = 0; #Dropped = 0
Target Time = 23.5; Load Intensity = 400.0; #Success = 0; #Failed = 0; #Dropped = 0
Target Time = 24.5; Load Intensity = 416.0; #Success = 0; #Failed = 0; #Dropped = 0
Target Time = 25.5; Load Intensity = 433.0; #Success = 0; #Failed = 0; #Dropped = 0
Target Time = 26.5; Load Intensity = 450.0; #Success = 0; #Failed = 0; #Dropped = 0
Target Time = 27.5; Load Intensity = 466.0; #Success = 0; #Failed = 0; #Dropped = 0
Target Time = 28.5; Load Intensity = 483.0; #Success = 0; #Failed = 0; #Dropped = 0
Target Time = 29.5; Load Intensity = 500.0; #Success = 0; #Failed = 0; #Dropped = 0
Target Time = 30.5; Load Intensity = 516.0; #Success = 0; #Failed = 0; #Dropped = 0
Target Time = 31.5; Load Intensity = 533.0; #Success = 0; #Failed = 0; #Dropped = 0
Target Time = 32.5; Load Intensity = 550.0; #Success = 0; #Failed = 0; #Dropped = 0
Target Time = 33.5; Load Intensity = 566.0; #Success = 0; #Failed = 0; #Dropped = 0
Target Time = 34.5; Load Intensity = 583.0; #Success = 0; #Failed = 0; #Dropped = 0
Target Time = 35.5; Load Intensity = 600.0; #Success = 0; #Failed = 0; #Dropped = 0
Target Time = 36.5; Load Intensity = 616.0; #Success = 12; #Failed = 13; #Dropped = 187
Target Time = 37.5; Load Intensity = 633.0; #Success = 13; #Failed = 25; #Dropped = 61
Target Time = 38.5; Load Intensity = 650.0; #Success = 0; #Failed = 0; #Dropped = 0
Target Time = 39.5; Load Intensity = 666.0; #Success = 1; #Failed = 0; #Dropped = 251
Target Time = 40.5; Load Intensity = 683.0; #Success = 0; #Failed = 0; #Dropped = 0
Target Time = 41.5; Load Intensity = 700.0; #Success = 0; #Failed = 0; #Dropped = 0
Target Time = 42.5; Load Intensity = 716.0; #Success = 0; #Failed = 0; #Dropped = 0
Target Time = 43.5; Load Intensity = 733.0; #Success = 0; #Failed = 0; #Dropped = 0
Target Time = 44.5; Load Intensity = 750.0; #Success = 0; #Failed = 0; #Dropped = 0
Target Time = 45.5; Load Intensity = 766.0; #Success = 0; #Failed = 0; #Dropped = 0
Target Time = 46.5; Load Intensity = 783.0; #Success = 0; #Failed = 0; #Dropped = 0
Target Time = 47.5; Load Intensity = 800.0; #Success = 0; #Failed = 0; #Dropped = 0
Target Time = 48.5; Load Intensity = 816.0; #Success = 0; #Failed = 0; #Dropped = 0
Target Time = 49.5; Load Intensity = 833.0; #Success = 0; #Failed = 0; #Dropped = 0
Target Time = 50.5; Load Intensity = 850.0; #Success = 0; #Failed = 0; #Dropped = 0
Target Time = 51.5; Load Intensity = 866.0; #Success = 0; #Failed = 0; #Dropped = 0
Target Time = 52.5; Load Intensity = 883.0; #Success = 0; #Failed = 3; #Dropped = 3760
Target Time = 53.5; Load Intensity = 900.0; #Success = 0; #Failed = 0; #Dropped = 0
Target Time = 54.5; Load Intensity = 916.0; #Success = 0; #Failed = 9; #Dropped = 805
Target Time = 55.5; Load Intensity = 933.0; #Success = 0; #Failed = 14; #Dropped = 228
Target Time = 56.5; Load Intensity = 950.0; #Success = 0; #Failed = 0; #Dropped = 0
Target Time = 57.5; Load Intensity = 966.0; #Success = 0; #Failed = 0; #Dropped = 0
Target Time = 58.5; Load Intensity = 983.0; #Success = 0; #Failed = 0; #Dropped = 0
Target Time = 59.5; Load Intensity = 1000.0; #Success = 0; #Failed = 0; #Dropped = 0
Target Time = 60.5; Load Intensity = 1016.0; #Success = 0; #Failed = 0; #Dropped = 0
Target Time = 61.5; Load Intensity = 1033.0; #Success = 0; #Failed = 0; #Dropped = 0
Target Time = 62.5; Load Intensity = 1050.0; #Success = 0; #Failed = 0; #Dropped = 0
Target Time = 63.5; Load Intensity = 1066.0; #Success = 0; #Failed = 0; #Dropped = 0
Target Time = 64.5; Load Intensity = 1083.0; #Success = 0; #Failed = 0; #Dropped = 0
Target Time = 65.5; Load Intensity = 1100.0; #Success = 0; #Failed = 0; #Dropped = 0
Target Time = 66.5; Load Intensity = 1116.0; #Success = 13; #Failed = 0; #Dropped = 5901
Target Time = 67.5; Load Intensity = 1133.0; #Success = 24; #Failed = 0; #Dropped = 526
Target Time = 68.5; Load Intensity = 1150.0; #Success = 0; #Failed = 0; #Dropped = 0
Target Time = 69.5; Load Intensity = 1166.0; #Success = 1; #Failed = 0; #Dropped = 1083
Target Time = 70.5; Load Intensity = 1183.0; #Success = 0; #Failed = 0; #Dropped = 0
Target Time = 71.5; Load Intensity = 1200.0; #Success = 0; #Failed = 0; #Dropped = 0
Target Time = 72.5; Load Intensity = 1216.0; #Success = 0; #Failed = 0; #Dropped = 0
Target Time = 73.5; Load Intensity = 1233.0; #Success = 0; #Failed = 0; #Dropped = 0
Target Time = 74.5; Load Intensity = 1250.0; #Success = 0; #Failed = 0; #Dropped = 0
Target Time = 75.5; Load Intensity = 1266.0; #Success = 0; #Failed = 0; #Dropped = 0
Target Time = 76.5; Load Intensity = 1283.0; #Success = 0; #Failed = 0; #Dropped = 0
Target Time = 77.5; Load Intensity = 1300.0; #Success = 0; #Failed = 0; #Dropped = 0
Target Time = 78.5; Load Intensity = 1316.0; #Success = 0; #Failed = 0; #Dropped = 0
Target Time = 79.5; Load Intensity = 1333.0; #Success = 0; #Failed = 0; #Dropped = 0
Target Time = 80.5; Load Intensity = 1350.0; #Success = 0; #Failed = 0; #Dropped = 0
Target Time = 81.5; Load Intensity = 1366.0; #Success = 0; #Failed = 0; #Dropped = 0
Target Time = 82.5; Load Intensity = 1383.0; #Success = 2; #Failed = 0; #Dropped = 10618
Target Time = 83.5; Load Intensity = 1400.0; #Success = 1; #Failed = 0; #Dropped = 26
Target Time = 84.5; Load Intensity = 1416.0; #Success = 9; #Failed = 0; #Dropped = 1769
Target Time = 85.5; Load Intensity = 1433.0; #Success = 14; #Failed = 2; #Dropped = 1085
Target Time = 86.5; Load Intensity = 1450.0; #Success = 0; #Failed = 6; #Dropped = 544
Target Time = 87.5; Load Intensity = 1466.0; #Success = 0; #Failed = 1; #Dropped = 548
Target Time = 88.5; Load Intensity = 1483.0; #Success = 0; #Failed = 0; #Dropped = 0
Target Time = 89.5; Load Intensity = 1500.0; #Success = 0; #Failed = 0; #Dropped = 0
Target Time = 90.5; Load Intensity = 1516.0; #Success = 0; #Failed = 5; #Dropped = 2824
Target Time = 91.5; Load Intensity = 1533.0; #Success = 0; #Failed = 0; #Dropped = 0
Target Time = 92.5; Load Intensity = 1550.0; #Success = 0; #Failed = 0; #Dropped = 0
Target Time = 93.5; Load Intensity = 1566.0; #Success = 0; #Failed = 0; #Dropped = 0
Target Time = 94.5; Load Intensity = 1583.0; #Success = 0; #Failed = 0; #Dropped = 0
Target Time = 95.5; Load Intensity = 1600.0; #Success = 0; #Failed = 0; #Dropped = 0
Target Time = 96.5; Load Intensity = 1616.0; #Success = 8; #Failed = 0; #Dropped = 6851
Target Time = 97.5; Load Intensity = 1633.0; #Success = 16; #Failed = 0; #Dropped = 1174
Target Time = 98.5; Load Intensity = 1650.0; #Success = 0; #Failed = 0; #Dropped = 0
Target Time = 99.5; Load Intensity = 1666.0; #Success = 0; #Failed = 0; #Dropped = 0
Target Time = 100.5; Load Intensity = 1683.0; #Success = 0; #Failed = 0; #Dropped = 0
Target Time = 101.5; Load Intensity = 1700.0; #Success = 0; #Failed = 0; #Dropped = 0
Target Time = 102.5; Load Intensity = 1716.0; #Success = 0; #Failed = 17; #Dropped = 6409
Target Time = 103.5; Load Intensity = 1733.0; #Success = 0; #Failed = 21; #Dropped = 216
Target Time = 104.5; Load Intensity = 1750.0; #Success = 0; #Failed = 0; #Dropped = 0
Target Time = 105.5; Load Intensity = 1766.0; #Success = 0; #Failed = 0; #Dropped = 0
Target Time = 106.5; Load Intensity = 1783.0; #Success = 0; #Failed = 0; #Dropped = 0
Target Time = 107.5; Load Intensity = 1800.0; #Success = 0; #Failed = 0; #Dropped = 0
Target Time = 108.5; Load Intensity = 1816.0; #Success = 0; #Failed = 0; #Dropped = 0
Target Time = 109.5; Load Intensity = 1833.0; #Success = 0; #Failed = 0; #Dropped = 0
Target Time = 110.5; Load Intensity = 1850.0; #Success = 0; #Failed = 0; #Dropped = 0
Target Time = 111.5; Load Intensity = 1866.0; #Success = 0; #Failed = 0; #Dropped = 0
Target Time = 112.5; Load Intensity = 1883.0; #Success = 0; #Failed = 6; #Dropped = 12076
Target Time = 113.5; Load Intensity = 1900.0; #Success = 0; #Failed = 0; #Dropped = 0
Target Time = 114.5; Load Intensity = 1916.0; #Success = 0; #Failed = 1; #Dropped = 3354
Target Time = 115.5; Load Intensity = 1933.0; #Success = 1; #Failed = 0; #Dropped = 524
Target Time = 116.5; Load Intensity = 1950.0; #Success = 0; #Failed = 0; #Dropped = 0
Target Time = 117.5; Load Intensity = 1966.0; #Success = 0; #Failed = 0; #Dropped = 0
Target Time = 118.5; Load Intensity = 1983.0; #Success = 0; #Failed = 0; #Dropped = 0
Target Time = 119.5; Load Intensity = 2000.0; #Success = 0; #Failed = 0; #Dropped = 0
Target Time = 120.5; Load Intensity = 0.0; #Success = 1; #Failed = 21; #Dropped = 8402
Target Time = 121.5; Load Intensity = 0.0; #Success = 0; #Failed = 2; #Dropped = 1223
Target Time = 122.5; Load Intensity = 0.0; #Success = 0; #Failed = 0; #Dropped = 0
Target Time = 123.5; Load Intensity = 0.0; #Success = 0; #Failed = 1; #Dropped = 2471
Target Time = 124.5; Load Intensity = 0.0; #Success = 0; #Failed = 0; #Dropped = 0
Target Time = 125.5; Load Intensity = 0.0; #Success = 0; #Failed = 1; #Dropped = 3099
Target Time = 126.5; Load Intensity = 0.0; #Success = 4; #Failed = 0; #Dropped = 2135
Target Time = 127.5; Load Intensity = 0.0; #Success = 10; #Failed = 1; #Dropped = 2078
Target Time = 128.5; Load Intensity = 0.0; #Success = 0; #Failed = 0; #Dropped = 0
Target Time = 129.5; Load Intensity = 0.0; #Success = 0; #Failed = 0; #Dropped = 0
Target Time = 130.5; Load Intensity = 0.0; #Success = 0; #Failed = 0; #Dropped = 0
Target Time = 131.5; Load Intensity = 0.0; #Success = 0; #Failed = 0; #Dropped = 0
Target Time = 132.5; Load Intensity = 0.0; #Success = 2; #Failed = 0; #Dropped = 8257
Target Time = 133.5; Load Intensity = 0.0; #Success = 14; #Failed = 0; #Dropped = 730
Target Time = 134.5; Load Intensity = 0.0; #Success = 0; #Failed = 0; #Dropped = 0
Target Time = 135.5; Load Intensity = 0.0; #Success = 0; #Failed = 0; #Dropped = 0
Target Time = 136.5; Load Intensity = 0.0; #Success = 0; #Failed = 0; #Dropped = 0
Target Time = 137.5; Load Intensity = 0.0; #Success = 0; #Failed = 0; #Dropped = 0
Target Time = 138.5; Load Intensity = 0.0; #Success = 0; #Failed = 0; #Dropped = 0
Target Time = 139.5; Load Intensity = 0.0; #Success = 0; #Failed = 29; #Dropped = 11392
Target Time = 140.5; Load Intensity = 0.0; #Success = 0; #Failed = 1; #Dropped = 1918
Target Time = 141.5; Load Intensity = 0.0; #Success = 0; #Failed = 0; #Dropped = 0
Target Time = 142.5; Load Intensity = 0.0; #Success = 4; #Failed = 1; #Dropped = 3326
Target Time = 143.5; Load Intensity = 0.0; #Success = 0; #Failed = 0; #Dropped = 0
Target Time = 144.5; Load Intensity = 0.0; #Success = 0; #Failed = 0; #Dropped = 0
  └─ [nitro5:sd] end 00:44:02
Target Time = 145.5; Load Intensity = 0.0; #Success = 1; #Failed = 0; #Dropped = 5351
  └─ [nitro5:ram] end 00:44:02
  └─ [nitro5:nic] end 00:44:02
  └─ [nitro5:cpu] end 00:44:03
Target Time = 146.5; Load Intensity = 0.0; #Success = 0; #Failed = 0; #Dropped = 0
Target Time = 147.5; Load Intensity = 0.0; #Success = 0; #Failed = 0; #Dropped = 0
Target Time = 148.5; Load Intensity = 0.0; #Success = 0; #Failed = 0; #Dropped = 0
Target Time = 149.5; Load Intensity = 0.0; #Success = 1; #Failed = 0; #Dropped = 7731
Target Time = 150.5; Load Intensity = 0.0; #Success = 4; #Failed = 0; #Dropped = 1439
Target Time = 151.5; Load Intensity = 0.0; #Success = 1; #Failed = 0; #Dropped = 0
Target Time = 152.5; Load Intensity = 0.0; #Success = 0; #Failed = 0; #Dropped = 0
Target Time = 153.5; Load Intensity = 0.0; #Success = 1; #Failed = 0; #Dropped = 0
  └─ [leo:nic] end 00:44:10
  └─ [leo:cpu] end 00:44:11
  └─ [leo:sd] end 00:44:11
  └─ [leo:ram] end 00:44:11
Target Time = 154.5; Load Intensity = 0.0; #Success = 0; #Failed = 0; #Dropped = 0
Target Time = 155.5; Load Intensity = 0.0; #Success = 1; #Failed = 1; #Dropped = 0
  └─ [scorpius:nic] end 00:44:12
Target Time = 156.5; Load Intensity = 0.0; #Success = 1; #Failed = 0; #Dropped = 0
Target Time = 157.5; Load Intensity = 0.0; #Success = 3; #Failed = 0; #Dropped = 0
Target Time = 158.5; Load Intensity = 0.0; #Success = 0; #Failed = 1; #Dropped = 0
  └─ [scorpius:cpu] end 00:44:15
Target Time = 159.5; Load Intensity = 0.0; #Success = 0; #Failed = 0; #Dropped = 0
  └─ [scorpius:sd] end 00:44:16
  └─ [scorpius:ram] end 00:44:16
Target Time = 160.5; Load Intensity = 0.0; #Success = 0; #Failed = 0; #Dropped = 0
Target Time = 161.5; Load Intensity = 0.0; #Success = 0; #Failed = 0; #Dropped = 0
Target Time = 162.5; Load Intensity = 0.0; #Success = 1; #Failed = 0; #Dropped = 0
Target Time = 163.5; Load Intensity = 0.0; #Success = 13; #Failed = 0; #Dropped = 0
Target Time = 164.5; Load Intensity = 0.0; #Success = 0; #Failed = 32; #Dropped = 0
Target Time = 165.5; Load Intensity = 0.0; #Success = 0; #Failed = 2; #Dropped = 0
  └─ [aspire:nic] end 00:44:22
Target Time = 166.5; Load Intensity = 0.0; #Success = 0; #Failed = 0; #Dropped = 0
  └─ [aspire:cpu] end 00:44:23
  └─ [aspire:sd] end 00:44:23
  └─ [aspire:ram] end 00:44:23
=== Bloque 145s terminado - Fase: fase3_carga_high_iter9 ===
[🧹] Limpiando CSVs internos de ecofloc en cada nodo (fase: fase3_carga_high_iter9)...
  ✔ [nitro5:cpu] limpiado /home/luish/Documents/p3/ecofloc2/ecofloc/ecofloc-cpu/ECOFLOC_CPU_COMM_text.csv
  ✔ [nitro5:nic] limpiado /home/luish/Documents/p3/ecofloc2/ecofloc/ecofloc-nic/ECOFLOC_NIC_COMM_text.csv
  ✔ [nitro5:ram] limpiado /home/luish/Documents/p3/ecofloc2/ecofloc/ecofloc-ram/ECOFLOC_RAM_COMM_text.csv
  ✔ [nitro5:sd] limpiado /home/luish/Documents/p3/ecofloc2/ecofloc/ecofloc-sd/ECOFLOC_SD_COMM_text.csv
  ✔ [leo:cpu] limpiado /home/leo/ecofloc/ecofloc-cpu/ECOFLOC_CPU_COMM_text.csv
Target Time = 167.5; Load Intensity = 0.0; #Success = 1; #Failed = 0; #Dropped = 0
  ✔ [leo:nic] limpiado /home/leo/ecofloc/ecofloc-nic/ECOFLOC_NIC_COMM_text.csv
Target Time = 168.5; Load Intensity = 0.0; #Success = 0; #Failed = 0; #Dropped = 0
  ✔ [leo:ram] limpiado /home/leo/ecofloc/ecofloc-ram/ECOFLOC_RAM_COMM_text.csv
  ✔ [leo:sd] limpiado /home/leo/ecofloc/ecofloc-sd/ECOFLOC_SD_COMM_text.csv
Target Time = 169.5; Load Intensity = 0.0; #Success = 2; #Failed = 0; #Dropped = 0
  ✔ [aspire:cpu] limpiado /home/luish/Documents/p3/ecofloc2/ecofloc/ecofloc-cpu/ECOFLOC_CPU_COMM_text.csv
  ✔ [aspire:nic] limpiado /home/luish/Documents/p3/ecofloc2/ecofloc/ecofloc-nic/ECOFLOC_NIC_COMM_text.csv
  ✔ [aspire:ram] limpiado /home/luish/Documents/p3/ecofloc2/ecofloc/ecofloc-ram/ECOFLOC_RAM_COMM_text.csv
  ✔ [aspire:sd] limpiado /home/luish/Documents/p3/ecofloc2/ecofloc/ecofloc-sd/ECOFLOC_SD_COMM_text.csv
  ✔ [scorpius:cpu] limpiado /home/scorpius03/Documents/ecofloc/ecofloc-cpu/ECOFLOC_CPU_COMM_text.csv
  ✔ [scorpius:nic] limpiado /home/scorpius03/Documents/ecofloc/ecofloc-nic/ECOFLOC_NIC_COMM_text.csv
  ✔ [scorpius:ram] limpiado /home/scorpius03/Documents/ecofloc/ecofloc-ram/ECOFLOC_RAM_COMM_text.csv
  ✔ [scorpius:sd] limpiado /home/scorpius03/Documents/ecofloc/ecofloc-sd/ECOFLOC_SD_COMM_text.csv
========================================
🔋 MEASURE ENERGY FINALIZADO
   Fase: fase3_carga_high_iter9
========================================
Workload finished.
Log finished.
📄 LIMBO finalizado para scenario=high
⏳ [00:44:31] Esperando que termine medición: fase3_carga_high_iter9 (PID: 1047573)
✔️ [00:44:31] Medición fase3_carga_high_iter9 completada
[📦] Archivando resultados → ./historyexecutions/exp(00:44:36)_fase3_high_iter9
[✔] Archivado: ./historyexecutions/exp(00:44:36)_fase3_high_iter9
🧹 Limpiando TeaStore (iter 9)...
⏸ Esperando 15s para limpieza completa...
✅ Iteración 9 / 15 del escenario high completada.

########################################################
🔄 ESCENARIO: high | ITERACIÓN: 10 / 15
   Hora: 00:45:24
########################################################
========================================
🔋 FASE 1: Descarga de imágenes (high, iter 10)
========================================
📋 Capturando PIDs (gepidstea.sh)...
📋 Capturando PIDs de contenedores (kpsnodos.sh)...
🔋 [00:45:47] Iniciando medición de energía: fase1_descarga_high_iter10 (25s)
   PID de medición: 1398059
🚀 Desplegando TeaStore desde /home/luish/Documents/death/teastore/TeaStore/examples/kubernetes/teastore-energy-scheduler.yaml...
========================================
🔋 MEASURE ENERGY - Fase: fase1_descarga_high_iter10
   Duración: 25s
   PID: 1398059
========================================
=== Medición bloque 25s - Fase: fase1_descarga_high_iter10 ===
[⏱ 00:45:47] Iniciando ecofloc en nitro5 por 25s (fase: fase1_descarga_high_iter10)
⏳ Esperando a que todos los pods de TeaStore estén Running y Ready...
  ├─ [nitro5:sd] start 00:45:47
  ├─ [nitro5:ram] start 00:45:47
  ├─ [nitro5:nic] start 00:45:48
[⏱ 00:45:48] Iniciando ecofloc en aspire por 25s (fase: fase1_descarga_high_iter10)
  ├─ [nitro5:cpu] start 00:45:48
  ├─ [aspire:sd] start 00:45:48
  ├─ [aspire:ram] start 00:45:48
[⏱ 00:45:48] Iniciando ecofloc en scorpius por 25s (fase: fase1_descarga_high_iter10)
  ├─ [aspire:nic] start 00:45:48
  ├─ [aspire:cpu] start 00:45:48
  ├─ [scorpius:sd] start 00:45:48
  ├─ [scorpius:ram] start 00:45:48
[⏱ 00:45:48] Iniciando ecofloc en leo por 25s (fase: fase1_descarga_high_iter10)
  ├─ [scorpius:nic] start 00:45:48
  ├─ [scorpius:cpu] start 00:45:48
  ├─ [leo:sd] start 00:45:48
  ├─ [leo:ram] start 00:45:48
  ├─ [leo:nic] start 00:45:48
  ├─ [leo:cpu] start 00:45:48
✅ Pods listos.
⏳ [00:45:59] Esperando que termine medición: fase1_descarga_high_iter10 (PID: 1398059)
/home/luish/Documents/death/teastore/TeaStore/examples/httploadgenerator/measure_energy.sh: line 104: 1398145 Segmentation fault      timeout $((real_duration+5)) sudo "$path/ecofloc-$comp/ecofloc-$comp.out" -n text -i $ECO_INTERVAL -t $real_duration -f "$path/ecofloc-$comp/" > "$tmpfile" 2> /dev/null
  └─ [nitro5:ram] end 00:46:12
  └─ [nitro5:nic] end 00:46:13
  └─ [nitro5:cpu] end 00:46:13
  └─ [aspire:cpu] end 00:46:14
  └─ [aspire:sd] end 00:46:14
  └─ [leo:cpu] end 00:46:14
  └─ [scorpius:sd] end 00:46:14
  └─ [leo:sd] end 00:46:14
  └─ [scorpius:cpu] end 00:46:14
  └─ [aspire:nic] end 00:46:15
  └─ [leo:nic] end 00:46:15
  └─ [aspire:ram] end 00:46:15
  └─ [scorpius:nic] end 00:46:15
  └─ [leo:ram] end 00:46:15
=== Bloque 25s terminado - Fase: fase1_descarga_high_iter10 ===
[🧹] Limpiando CSVs internos de ecofloc en cada nodo (fase: fase1_descarga_high_iter10)...
  ✔ [nitro5:cpu] limpiado /home/luish/Documents/p3/ecofloc2/ecofloc/ecofloc-cpu/ECOFLOC_CPU_COMM_text.csv
  ✔ [nitro5:nic] limpiado /home/luish/Documents/p3/ecofloc2/ecofloc/ecofloc-nic/ECOFLOC_NIC_COMM_text.csv
  ✔ [nitro5:ram] limpiado /home/luish/Documents/p3/ecofloc2/ecofloc/ecofloc-ram/ECOFLOC_RAM_COMM_text.csv
  ✔ [nitro5:sd] limpiado /home/luish/Documents/p3/ecofloc2/ecofloc/ecofloc-sd/ECOFLOC_SD_COMM_text.csv
  ✔ [leo:cpu] limpiado /home/leo/ecofloc/ecofloc-cpu/ECOFLOC_CPU_COMM_text.csv
  ✔ [leo:nic] limpiado /home/leo/ecofloc/ecofloc-nic/ECOFLOC_NIC_COMM_text.csv
  ✔ [leo:ram] limpiado /home/leo/ecofloc/ecofloc-ram/ECOFLOC_RAM_COMM_text.csv
  ✔ [leo:sd] limpiado /home/leo/ecofloc/ecofloc-sd/ECOFLOC_SD_COMM_text.csv
  ✔ [aspire:cpu] limpiado /home/luish/Documents/p3/ecofloc2/ecofloc/ecofloc-cpu/ECOFLOC_CPU_COMM_text.csv
  ✔ [aspire:nic] limpiado /home/luish/Documents/p3/ecofloc2/ecofloc/ecofloc-nic/ECOFLOC_NIC_COMM_text.csv
  ✔ [aspire:ram] limpiado /home/luish/Documents/p3/ecofloc2/ecofloc/ecofloc-ram/ECOFLOC_RAM_COMM_text.csv
  ✔ [aspire:sd] limpiado /home/luish/Documents/p3/ecofloc2/ecofloc/ecofloc-sd/ECOFLOC_SD_COMM_text.csv
  ✔ [scorpius:cpu] limpiado /home/scorpius03/Documents/ecofloc/ecofloc-cpu/ECOFLOC_CPU_COMM_text.csv
  ✔ [scorpius:nic] limpiado /home/scorpius03/Documents/ecofloc/ecofloc-nic/ECOFLOC_NIC_COMM_text.csv
  ✔ [scorpius:ram] limpiado /home/scorpius03/Documents/ecofloc/ecofloc-ram/ECOFLOC_RAM_COMM_text.csv
  ✔ [scorpius:sd] limpiado /home/scorpius03/Documents/ecofloc/ecofloc-sd/ECOFLOC_SD_COMM_text.csv
========================================
🔋 MEASURE ENERGY FINALIZADO
   Fase: fase1_descarga_high_iter10
========================================
✔️ [00:46:19] Medición fase1_descarga_high_iter10 completada
[📦] Archivando resultados → ./historyexecutions/exp(00:46:24)_fase1_high_iter10
[✔] Archivado: ./historyexecutions/exp(00:46:24)_fase1_high_iter10
========================================
🔋 FASE 2: Preparación de servicios (high, iter 10)
========================================
📋 Capturando PIDs (gepidstea.sh)...
📋 Capturando PIDs de contenedores (kpsnodos.sh)...
🔋 [00:46:42] Iniciando medición de energía: fase2_preparacion_high_iter10 (50s)
   PID de medición: 1460778
========================================
🔋 MEASURE ENERGY - Fase: fase2_preparacion_high_iter10
   Duración: 50s
   PID: 1460778
========================================
=== Medición bloque 50s - Fase: fase2_preparacion_high_iter10 ===
[⏱ 00:46:42] Iniciando ecofloc en nitro5 por 50s (fase: fase2_preparacion_high_iter10)
⏳ Esperando 10s a que CoreDNS se estabilice...
  ├─ [nitro5:sd] start 00:46:43
  ├─ [nitro5:ram] start 00:46:43
  ├─ [nitro5:nic] start 00:46:43
[⏱ 00:46:44] Iniciando ecofloc en aspire por 50s (fase: fase2_preparacion_high_iter10)
  ├─ [nitro5:cpu] start 00:46:44
  ├─ [aspire:sd] start 00:46:44
  ├─ [aspire:ram] start 00:46:44
[⏱ 00:46:44] Iniciando ecofloc en scorpius por 50s (fase: fase2_preparacion_high_iter10)
  ├─ [aspire:nic] start 00:46:44
  ├─ [aspire:cpu] start 00:46:44
  ├─ [scorpius:sd] start 00:46:44
  ├─ [scorpius:ram] start 00:46:44
  ├─ [scorpius:nic] start 00:46:44
[⏱ 00:46:44] Iniciando ecofloc en leo por 50s (fase: fase2_preparacion_high_iter10)
  ├─ [scorpius:cpu] start 00:46:44
  ├─ [leo:sd] start 00:46:44
  ├─ [leo:ram] start 00:46:44
  ├─ [leo:cpu] start 00:46:44
  ├─ [leo:nic] start 00:46:44
➡️ Pod WebUI: teastore-webui-ff7768544-4wcxj
➡️ Está en el nodo: luish-nitro-an515-57
🌐 IP del nodo WebUI: 192.168.18.27
⏳ Verificando estado del TeaStore en http://192.168.18.27:30080/tools.descartes.teastore.webui/status ...
   ➤ Estado actual: 5 / 5 servicios OK
✔ TODOS los servicios del TeaStore están OK. Continuando...
⏳ [00:46:55] Esperando que termine medición: fase2_preparacion_high_iter10 (PID: 1460778)
  └─ [nitro5:sd] end 00:47:33
  └─ [nitro5:ram] end 00:47:33
  └─ [nitro5:nic] end 00:47:33
  └─ [nitro5:cpu] end 00:47:34
  └─ [aspire:cpu] end 00:47:35
  └─ [aspire:sd] end 00:47:35
  └─ [scorpius:cpu] end 00:47:35
  └─ [scorpius:sd] end 00:47:35
  └─ [leo:cpu] end 00:47:35
  └─ [leo:sd] end 00:47:35
  └─ [aspire:nic] end 00:47:35
  └─ [leo:nic] end 00:47:36
  └─ [scorpius:nic] end 00:47:36
  └─ [aspire:ram] end 00:47:36
  └─ [leo:ram] end 00:47:36
  └─ [scorpius:ram] end 00:47:36
=== Bloque 50s terminado - Fase: fase2_preparacion_high_iter10 ===
[🧹] Limpiando CSVs internos de ecofloc en cada nodo (fase: fase2_preparacion_high_iter10)...
  ✔ [nitro5:cpu] limpiado /home/luish/Documents/p3/ecofloc2/ecofloc/ecofloc-cpu/ECOFLOC_CPU_COMM_text.csv
  ✔ [nitro5:nic] limpiado /home/luish/Documents/p3/ecofloc2/ecofloc/ecofloc-nic/ECOFLOC_NIC_COMM_text.csv
  ✔ [nitro5:ram] limpiado /home/luish/Documents/p3/ecofloc2/ecofloc/ecofloc-ram/ECOFLOC_RAM_COMM_text.csv
  ✔ [nitro5:sd] limpiado /home/luish/Documents/p3/ecofloc2/ecofloc/ecofloc-sd/ECOFLOC_SD_COMM_text.csv
  ✔ [leo:cpu] limpiado /home/leo/ecofloc/ecofloc-cpu/ECOFLOC_CPU_COMM_text.csv
  ✔ [leo:nic] limpiado /home/leo/ecofloc/ecofloc-nic/ECOFLOC_NIC_COMM_text.csv
  ✔ [leo:ram] limpiado /home/leo/ecofloc/ecofloc-ram/ECOFLOC_RAM_COMM_text.csv
  ✔ [leo:sd] limpiado /home/leo/ecofloc/ecofloc-sd/ECOFLOC_SD_COMM_text.csv
  ✔ [aspire:cpu] limpiado /home/luish/Documents/p3/ecofloc2/ecofloc/ecofloc-cpu/ECOFLOC_CPU_COMM_text.csv
  ✔ [aspire:nic] limpiado /home/luish/Documents/p3/ecofloc2/ecofloc/ecofloc-nic/ECOFLOC_NIC_COMM_text.csv
  ✔ [aspire:ram] limpiado /home/luish/Documents/p3/ecofloc2/ecofloc/ecofloc-ram/ECOFLOC_RAM_COMM_text.csv
  ✔ [aspire:sd] limpiado /home/luish/Documents/p3/ecofloc2/ecofloc/ecofloc-sd/ECOFLOC_SD_COMM_text.csv
  ✔ [scorpius:cpu] limpiado /home/scorpius03/Documents/ecofloc/ecofloc-cpu/ECOFLOC_CPU_COMM_text.csv
  ✔ [scorpius:nic] limpiado /home/scorpius03/Documents/ecofloc/ecofloc-nic/ECOFLOC_NIC_COMM_text.csv
  ✔ [scorpius:ram] limpiado /home/scorpius03/Documents/ecofloc/ecofloc-ram/ECOFLOC_RAM_COMM_text.csv
  ✔ [scorpius:sd] limpiado /home/scorpius03/Documents/ecofloc/ecofloc-sd/ECOFLOC_SD_COMM_text.csv
========================================
🔋 MEASURE ENERGY FINALIZADO
   Fase: fase2_preparacion_high_iter10
========================================
✔️ [00:47:40] Medición fase2_preparacion_high_iter10 completada
[📦] Archivando resultados → ./historyexecutions/exp(00:47:45)_fase2_high_iter10
[✔] Archivado: ./historyexecutions/exp(00:47:45)_fase2_high_iter10
========================================
🔋 FASE 3: Ejecución de carga (high, iter 10)
========================================
📋 Capturando PIDs (gepidstea.sh)...
📋 Capturando PIDs de contenedores (kpsnodos.sh)...
🔋 [00:48:03] Iniciando medición de energía: fase3_carga_high_iter10 (145s)
   PID de medición: 1598490
=== Escenario high (iter 10) ===
🚀 Iniciando LIMBO con profile=/home/luish/Documents/death/teastore/TeaStore/examples/httploadgenerator/increasingHighIntensity.csv y script=/home/luish/Documents/death/teastore/TeaStore/examples/httploadgenerator/teastore_buy.lua
========================================
🔋 MEASURE ENERGY - Fase: fase3_carga_high_iter10
   Duración: 145s
   PID: 1598490
========================================
=== Medición bloque 145s - Fase: fase3_carga_high_iter10 ===
[⏱ 00:48:03] Iniciando ecofloc en nitro5 por 145s (fase: fase3_carga_high_iter10)
Feb 27, 2026 12:48:04 AM tools.descartes.dlim.httploadgenerator.runner.Director executeDirector
WARNING: No power measurements
Feb 27, 2026 12:48:04 AM tools.descartes.dlim.httploadgenerator.runner.Director executeDirector
INFO: Load Generator Thread Count set to 64
Feb 27, 2026 12:48:04 AM tools.descartes.dlim.httploadgenerator.runner.Director executeDirector
INFO: URL connection timout set to 30000 ms
Feb 27, 2026 12:48:04 AM tools.descartes.dlim.httploadgenerator.runner.Director executeDirector
INFO: Using Lua Script: /home/luish/Documents/death/teastore/TeaStore/examples/httploadgenerator/teastore_buy.lua
Feb 27, 2026 12:48:04 AM tools.descartes.dlim.httploadgenerator.runner.Director process
INFO: Read 120 Arrival Rate Tuples
Load Generator sent: ok
Feb 27, 2026 12:48:04 AM tools.descartes.dlim.httploadgenerator.runner.Director process
INFO: Arrival Rates sent to Load Generator(s).
Load Generator sent: ok
Feb 27, 2026 12:48:04 AM tools.descartes.dlim.httploadgenerator.runner.Director process
INFO: Thread Count sent to Load Generator(s): 64
Load Generator sent: ok
Feb 27, 2026 12:48:04 AM tools.descartes.dlim.httploadgenerator.runner.Director process
INFO: URL connection timeout sent to Load Generator(s): 30000
Load Generator sent: ok
Feb 27, 2026 12:48:04 AM tools.descartes.dlim.httploadgenerator.runner.Director process
INFO: Contents of script sent to Load Generator: /home/luish/Documents/death/teastore/TeaStore/examples/httploadgenerator/teastore_buy.lua
Feb 27, 2026 12:48:04 AM tools.descartes.dlim.httploadgenerator.runner.Director process
INFO: Starting Load Generation
Beginning Run @1772171284251(27.02.2026;00:48:04251)
  ├─ [nitro5:sd] start 00:48:04
  ├─ [nitro5:ram] start 00:48:04
Target Time = 0.5; Load Intensity = 16.0; #Success = 0; #Failed = 0; #Dropped = 0
  ├─ [nitro5:nic] start 00:48:05
[⏱ 00:48:05] Iniciando ecofloc en aspire por 145s (fase: fase3_carga_high_iter10)
  ├─ [nitro5:cpu] start 00:48:05
  ├─ [aspire:sd] start 00:48:05
  ├─ [aspire:ram] start 00:48:05
  ├─ [aspire:nic] start 00:48:05
[⏱ 00:48:05] Iniciando ecofloc en scorpius por 145s (fase: fase3_carga_high_iter10)
  ├─ [aspire:cpu] start 00:48:05
  ├─ [scorpius:sd] start 00:48:05
[⏱ 00:48:05] Iniciando ecofloc en leo por 145s (fase: fase3_carga_high_iter10)
  ├─ [scorpius:cpu] start 00:48:05
  ├─ [scorpius:ram] start 00:48:05
  ├─ [scorpius:nic] start 00:48:05
  ├─ [leo:sd] start 00:48:05
  ├─ [leo:nic] start 00:48:05
  ├─ [leo:ram] start 00:48:05
  ├─ [leo:cpu] start 00:48:05
Target Time = 1.5; Load Intensity = 33.0; #Success = 43; #Failed = 0; #Dropped = 0
Target Time = 2.5; Load Intensity = 50.0; #Success = 56; #Failed = 0; #Dropped = 0
Target Time = 3.5; Load Intensity = 66.0; #Success = 38; #Failed = 0; #Dropped = 0
Target Time = 4.5; Load Intensity = 83.0; #Success = 7; #Failed = 0; #Dropped = 0
Target Time = 5.5; Load Intensity = 100.0; #Success = 0; #Failed = 0; #Dropped = 0
Target Time = 6.5; Load Intensity = 116.0; #Success = 0; #Failed = 0; #Dropped = 0
Target Time = 7.5; Load Intensity = 133.0; #Success = 0; #Failed = 0; #Dropped = 0
Target Time = 8.5; Load Intensity = 150.0; #Success = 3; #Failed = 0; #Dropped = 0
Target Time = 9.5; Load Intensity = 166.0; #Success = 26; #Failed = 1; #Dropped = 0
Target Time = 10.5; Load Intensity = 183.0; #Success = 31; #Failed = 0; #Dropped = 0
Target Time = 11.5; Load Intensity = 200.0; #Success = 4; #Failed = 0; #Dropped = 0
Target Time = 12.5; Load Intensity = 216.0; #Success = 0; #Failed = 0; #Dropped = 0
Target Time = 13.5; Load Intensity = 233.0; #Success = 0; #Failed = 0; #Dropped = 0
Target Time = 14.5; Load Intensity = 250.0; #Success = 0; #Failed = 4; #Dropped = 0
Target Time = 15.5; Load Intensity = 266.0; #Success = 0; #Failed = 1; #Dropped = 0
Target Time = 16.5; Load Intensity = 283.0; #Success = 0; #Failed = 0; #Dropped = 0
Target Time = 17.5; Load Intensity = 300.0; #Success = 0; #Failed = 0; #Dropped = 0
Target Time = 18.5; Load Intensity = 316.0; #Success = 5; #Failed = 0; #Dropped = 0
Target Time = 19.5; Load Intensity = 333.0; #Success = 3; #Failed = 0; #Dropped = 0
Target Time = 20.5; Load Intensity = 350.0; #Success = 5; #Failed = 0; #Dropped = 0
Target Time = 21.5; Load Intensity = 366.0; #Success = 5; #Failed = 0; #Dropped = 0
Target Time = 22.5; Load Intensity = 383.0; #Success = 5; #Failed = 0; #Dropped = 0
Target Time = 23.5; Load Intensity = 400.0; #Success = 3; #Failed = 0; #Dropped = 0
Target Time = 24.5; Load Intensity = 416.0; #Success = 12; #Failed = 0; #Dropped = 0
Target Time = 25.5; Load Intensity = 433.0; #Success = 5; #Failed = 0; #Dropped = 0
Target Time = 26.5; Load Intensity = 450.0; #Success = 9; #Failed = 0; #Dropped = 0
Target Time = 27.5; Load Intensity = 466.0; #Success = 5; #Failed = 0; #Dropped = 0
Target Time = 28.5; Load Intensity = 483.0; #Success = 7; #Failed = 0; #Dropped = 0
Target Time = 29.5; Load Intensity = 500.0; #Success = 3; #Failed = 0; #Dropped = 0
Target Time = 30.5; Load Intensity = 516.0; #Success = 5; #Failed = 0; #Dropped = 0
Target Time = 31.5; Load Intensity = 533.0; #Success = 10; #Failed = 0; #Dropped = 0
Target Time = 32.5; Load Intensity = 550.0; #Success = 6; #Failed = 0; #Dropped = 0
Target Time = 33.5; Load Intensity = 566.0; #Success = 6; #Failed = 0; #Dropped = 0
Target Time = 34.5; Load Intensity = 583.0; #Success = 12; #Failed = 0; #Dropped = 0
Target Time = 35.5; Load Intensity = 600.0; #Success = 6; #Failed = 0; #Dropped = 0
Target Time = 36.5; Load Intensity = 616.0; #Success = 7; #Failed = 0; #Dropped = 66
Target Time = 37.5; Load Intensity = 633.0; #Success = 8; #Failed = 0; #Dropped = 91
Target Time = 38.5; Load Intensity = 650.0; #Success = 4; #Failed = 0; #Dropped = 162
Target Time = 39.5; Load Intensity = 666.0; #Success = 8; #Failed = 0; #Dropped = 195
Target Time = 40.5; Load Intensity = 683.0; #Success = 2; #Failed = 0; #Dropped = 164
Target Time = 41.5; Load Intensity = 700.0; #Success = 11; #Failed = 0; #Dropped = 218
Target Time = 42.5; Load Intensity = 716.0; #Success = 6; #Failed = 0; #Dropped = 182
Target Time = 43.5; Load Intensity = 733.0; #Success = 9; #Failed = 0; #Dropped = 223
Target Time = 44.5; Load Intensity = 750.0; #Success = 6; #Failed = 0; #Dropped = 236
Target Time = 45.5; Load Intensity = 766.0; #Success = 10; #Failed = 0; #Dropped = 233
Target Time = 46.5; Load Intensity = 783.0; #Success = 4; #Failed = 0; #Dropped = 267
Target Time = 47.5; Load Intensity = 800.0; #Success = 4; #Failed = 0; #Dropped = 321
Target Time = 48.5; Load Intensity = 816.0; #Success = 1; #Failed = 0; #Dropped = 206
Target Time = 49.5; Load Intensity = 833.0; #Success = 6; #Failed = 0; #Dropped = 451
Target Time = 50.5; Load Intensity = 850.0; #Success = 2; #Failed = 0; #Dropped = 325
Target Time = 51.5; Load Intensity = 866.0; #Success = 3; #Failed = 0; #Dropped = 455
Target Time = 52.5; Load Intensity = 883.0; #Success = 11; #Failed = 0; #Dropped = 294
Target Time = 53.5; Load Intensity = 900.0; #Success = 3; #Failed = 0; #Dropped = 396
Target Time = 54.5; Load Intensity = 916.0; #Success = 2; #Failed = 0; #Dropped = 166
Target Time = 55.5; Load Intensity = 933.0; #Success = 6; #Failed = 0; #Dropped = 671
Target Time = 56.5; Load Intensity = 950.0; #Success = 5; #Failed = 16; #Dropped = 468
Target Time = 57.5; Load Intensity = 966.0; #Success = 6; #Failed = 20; #Dropped = 462
Target Time = 58.5; Load Intensity = 983.0; #Success = 6; #Failed = 27; #Dropped = 430
Target Time = 59.5; Load Intensity = 1000.0; #Success = 5; #Failed = 41; #Dropped = 361
Target Time = 60.5; Load Intensity = 1016.0; #Success = 5; #Failed = 23; #Dropped = 544
Target Time = 61.5; Load Intensity = 1033.0; #Success = 3; #Failed = 47; #Dropped = 489
Target Time = 62.5; Load Intensity = 1050.0; #Success = 2; #Failed = 45; #Dropped = 538
Target Time = 63.5; Load Intensity = 1066.0; #Success = 6; #Failed = 73; #Dropped = 490
Target Time = 64.5; Load Intensity = 1083.0; #Success = 7; #Failed = 86; #Dropped = 519
Target Time = 65.5; Load Intensity = 1100.0; #Success = 4; #Failed = 64; #Dropped = 475
Target Time = 66.5; Load Intensity = 1116.0; #Success = 7; #Failed = 68; #Dropped = 517
Target Time = 67.5; Load Intensity = 1133.0; #Success = 20; #Failed = 61; #Dropped = 605
Target Time = 68.5; Load Intensity = 1150.0; #Success = 14; #Failed = 85; #Dropped = 552
Target Time = 69.5; Load Intensity = 1166.0; #Success = 0; #Failed = 23; #Dropped = 468
Target Time = 70.5; Load Intensity = 1183.0; #Success = 14; #Failed = 41; #Dropped = 752
Target Time = 71.5; Load Intensity = 1200.0; #Success = 11; #Failed = 70; #Dropped = 624
Target Time = 72.5; Load Intensity = 1216.0; #Success = 4; #Failed = 107; #Dropped = 619
Target Time = 73.5; Load Intensity = 1233.0; #Success = 5; #Failed = 83; #Dropped = 608
Target Time = 74.5; Load Intensity = 1250.0; #Success = 6; #Failed = 113; #Dropped = 648
Target Time = 75.5; Load Intensity = 1266.0; #Success = 12; #Failed = 99; #Dropped = 671
Target Time = 76.5; Load Intensity = 1283.0; #Success = 7; #Failed = 64; #Dropped = 671
Target Time = 77.5; Load Intensity = 1300.0; #Success = 7; #Failed = 59; #Dropped = 526
Target Time = 78.5; Load Intensity = 1316.0; #Success = 4; #Failed = 138; #Dropped = 938
Target Time = 79.5; Load Intensity = 1333.0; #Success = 20; #Failed = 111; #Dropped = 676
Target Time = 80.5; Load Intensity = 1350.0; #Success = 9; #Failed = 95; #Dropped = 696
Target Time = 81.5; Load Intensity = 1366.0; #Success = 20; #Failed = 149; #Dropped = 812
Target Time = 82.5; Load Intensity = 1383.0; #Success = 18; #Failed = 58; #Dropped = 723
Target Time = 83.5; Load Intensity = 1400.0; #Success = 15; #Failed = 125; #Dropped = 847
Target Time = 84.5; Load Intensity = 1416.0; #Success = 18; #Failed = 134; #Dropped = 730
Target Time = 85.5; Load Intensity = 1433.0; #Success = 13; #Failed = 78; #Dropped = 800
Target Time = 86.5; Load Intensity = 1450.0; #Success = 19; #Failed = 145; #Dropped = 810
Target Time = 87.5; Load Intensity = 1466.0; #Success = 20; #Failed = 98; #Dropped = 948
Target Time = 88.5; Load Intensity = 1483.0; #Success = 23; #Failed = 62; #Dropped = 784
Target Time = 89.5; Load Intensity = 1500.0; #Success = 8; #Failed = 87; #Dropped = 891
Target Time = 90.5; Load Intensity = 1516.0; #Success = 12; #Failed = 64; #Dropped = 889
Target Time = 91.5; Load Intensity = 1533.0; #Success = 13; #Failed = 117; #Dropped = 987
Target Time = 92.5; Load Intensity = 1550.0; #Success = 5; #Failed = 47; #Dropped = 927
Target Time = 93.5; Load Intensity = 1566.0; #Success = 5; #Failed = 24; #Dropped = 1105
Target Time = 94.5; Load Intensity = 1583.0; #Success = 3; #Failed = 33; #Dropped = 969
Target Time = 95.5; Load Intensity = 1600.0; #Success = 12; #Failed = 79; #Dropped = 1152
Target Time = 96.5; Load Intensity = 1616.0; #Success = 15; #Failed = 58; #Dropped = 1186
Target Time = 97.5; Load Intensity = 1633.0; #Success = 8; #Failed = 73; #Dropped = 822
Target Time = 98.5; Load Intensity = 1650.0; #Success = 3; #Failed = 33; #Dropped = 950
Target Time = 99.5; Load Intensity = 1666.0; #Success = 4; #Failed = 29; #Dropped = 1426
Target Time = 100.5; Load Intensity = 1683.0; #Success = 4; #Failed = 75; #Dropped = 952
Target Time = 101.5; Load Intensity = 1700.0; #Success = 6; #Failed = 88; #Dropped = 1156
Target Time = 102.5; Load Intensity = 1716.0; #Success = 7; #Failed = 99; #Dropped = 1062
Target Time = 103.5; Load Intensity = 1733.0; #Success = 5; #Failed = 132; #Dropped = 1104
Target Time = 104.5; Load Intensity = 1750.0; #Success = 3; #Failed = 76; #Dropped = 1134
Target Time = 105.5; Load Intensity = 1766.0; #Success = 3; #Failed = 53; #Dropped = 1183
Target Time = 106.5; Load Intensity = 1783.0; #Success = 6; #Failed = 178; #Dropped = 1168
Target Time = 107.5; Load Intensity = 1800.0; #Success = 3; #Failed = 114; #Dropped = 1280
Target Time = 108.5; Load Intensity = 1816.0; #Success = 6; #Failed = 129; #Dropped = 1116
Target Time = 109.5; Load Intensity = 1833.0; #Success = 7; #Failed = 195; #Dropped = 1315
Target Time = 110.5; Load Intensity = 1850.0; #Success = 0; #Failed = 107; #Dropped = 1019
Target Time = 111.5; Load Intensity = 1866.0; #Success = 0; #Failed = 141; #Dropped = 1275
Target Time = 112.5; Load Intensity = 1883.0; #Success = 0; #Failed = 67; #Dropped = 991
Target Time = 113.5; Load Intensity = 1900.0; #Success = 0; #Failed = 96; #Dropped = 1628
Target Time = 114.5; Load Intensity = 1916.0; #Success = 0; #Failed = 32; #Dropped = 1337
Target Time = 115.5; Load Intensity = 1933.0; #Success = 0; #Failed = 139; #Dropped = 1295
Target Time = 116.5; Load Intensity = 1950.0; #Success = 0; #Failed = 78; #Dropped = 1409
Target Time = 117.5; Load Intensity = 1966.0; #Success = 0; #Failed = 96; #Dropped = 1325
Target Time = 118.5; Load Intensity = 1983.0; #Success = 0; #Failed = 127; #Dropped = 1470
Target Time = 119.5; Load Intensity = 2000.0; #Success = 0; #Failed = 61; #Dropped = 1379
Target Time = 120.5; Load Intensity = 0.0; #Success = 1; #Failed = 102; #Dropped = 1547
Target Time = 121.5; Load Intensity = 0.0; #Success = 0; #Failed = 113; #Dropped = 1268
Target Time = 122.5; Load Intensity = 0.0; #Success = 0; #Failed = 117; #Dropped = 1429
Target Time = 123.5; Load Intensity = 0.0; #Success = 0; #Failed = 125; #Dropped = 1056
Target Time = 124.5; Load Intensity = 0.0; #Success = 0; #Failed = 139; #Dropped = 1930
Target Time = 125.5; Load Intensity = 0.0; #Success = 4; #Failed = 230; #Dropped = 1304
Target Time = 126.5; Load Intensity = 0.0; #Success = 8; #Failed = 178; #Dropped = 1358
Target Time = 127.5; Load Intensity = 0.0; #Success = 3; #Failed = 92; #Dropped = 1521
Target Time = 128.5; Load Intensity = 0.0; #Success = 1; #Failed = 96; #Dropped = 1625
Target Time = 129.5; Load Intensity = 0.0; #Success = 3; #Failed = 152; #Dropped = 1499
Target Time = 130.5; Load Intensity = 0.0; #Success = 1; #Failed = 91; #Dropped = 1906
Target Time = 131.5; Load Intensity = 0.0; #Success = 1; #Failed = 86; #Dropped = 990
Target Time = 132.5; Load Intensity = 0.0; #Success = 0; #Failed = 16; #Dropped = 1691
Target Time = 133.5; Load Intensity = 0.0; #Success = 0; #Failed = 24; #Dropped = 1846
Target Time = 134.5; Load Intensity = 0.0; #Success = 1; #Failed = 37; #Dropped = 1859
Target Time = 135.5; Load Intensity = 0.0; #Success = 1; #Failed = 111; #Dropped = 1650
Target Time = 136.5; Load Intensity = 0.0; #Success = 0; #Failed = 221; #Dropped = 1469
Target Time = 137.5; Load Intensity = 0.0; #Success = 0; #Failed = 136; #Dropped = 1775
Target Time = 138.5; Load Intensity = 0.0; #Success = 0; #Failed = 242; #Dropped = 1681
Target Time = 139.5; Load Intensity = 0.0; #Success = 0; #Failed = 99; #Dropped = 1655
Target Time = 140.5; Load Intensity = 0.0; #Success = 0; #Failed = 27; #Dropped = 1709
Target Time = 141.5; Load Intensity = 0.0; #Success = 1; #Failed = 90; #Dropped = 1890
Target Time = 142.5; Load Intensity = 0.0; #Success = 0; #Failed = 222; #Dropped = 1839
Target Time = 143.5; Load Intensity = 0.0; #Success = 0; #Failed = 163; #Dropped = 1442
Target Time = 144.5; Load Intensity = 0.0; #Success = 2; #Failed = 121; #Dropped = 1896
  └─ [nitro5:sd] end 00:50:29
Target Time = 145.5; Load Intensity = 0.0; #Success = 3; #Failed = 154; #Dropped = 2052
  └─ [nitro5:ram] end 00:50:29
  └─ [nitro5:nic] end 00:50:30
  └─ [nitro5:cpu] end 00:50:30
Target Time = 146.5; Load Intensity = 0.0; #Success = 1; #Failed = 134; #Dropped = 1522
Target Time = 147.5; Load Intensity = 0.0; #Success = 1; #Failed = 27; #Dropped = 1938
Target Time = 148.5; Load Intensity = 0.0; #Success = 0; #Failed = 51; #Dropped = 1066
Target Time = 149.5; Load Intensity = 0.0; #Success = 1; #Failed = 66; #Dropped = 2668
  └─ [leo:cpu] end 00:50:34
  └─ [leo:nic] end 00:50:34
Target Time = 150.5; Load Intensity = 0.0; #Success = 0; #Failed = 16; #Dropped = 148
  └─ [scorpius:cpu] end 00:50:35
Target Time = 151.5; Load Intensity = 0.0; #Success = 1; #Failed = 4; #Dropped = 0
  └─ [scorpius:sd] end 00:50:36
Target Time = 152.5; Load Intensity = 0.0; #Success = 0; #Failed = 8; #Dropped = 0
  └─ [leo:ram] end 00:50:37
Target Time = 153.5; Load Intensity = 0.0; #Success = 5; #Failed = 4; #Dropped = 0
  └─ [scorpius:nic] end 00:50:38
  └─ [scorpius:ram] end 00:50:38
Target Time = 154.5; Load Intensity = 0.0; #Success = 1; #Failed = 1; #Dropped = 0
  └─ [leo:sd] end 00:50:38
Target Time = 155.5; Load Intensity = 0.0; #Success = 1; #Failed = 0; #Dropped = 0
Target Time = 156.5; Load Intensity = 0.0; #Success = 22; #Failed = 0; #Dropped = 0
  └─ [aspire:nic] end 00:50:41
  └─ [aspire:sd] end 00:50:41
  └─ [aspire:ram] end 00:50:41
  └─ [aspire:cpu] end 00:50:41
=== Bloque 145s terminado - Fase: fase3_carga_high_iter10 ===
[🧹] Limpiando CSVs internos de ecofloc en cada nodo (fase: fase3_carga_high_iter10)...
  ✔ [nitro5:cpu] limpiado /home/luish/Documents/p3/ecofloc2/ecofloc/ecofloc-cpu/ECOFLOC_CPU_COMM_text.csv
  ✔ [nitro5:nic] limpiado /home/luish/Documents/p3/ecofloc2/ecofloc/ecofloc-nic/ECOFLOC_NIC_COMM_text.csv
  ✔ [nitro5:ram] limpiado /home/luish/Documents/p3/ecofloc2/ecofloc/ecofloc-ram/ECOFLOC_RAM_COMM_text.csv
  ✔ [nitro5:sd] limpiado /home/luish/Documents/p3/ecofloc2/ecofloc/ecofloc-sd/ECOFLOC_SD_COMM_text.csv
Target Time = 157.5; Load Intensity = 0.0; #Success = 1; #Failed = 0; #Dropped = 0
  ✔ [leo:cpu] limpiado /home/leo/ecofloc/ecofloc-cpu/ECOFLOC_CPU_COMM_text.csv
  ✔ [leo:nic] limpiado /home/leo/ecofloc/ecofloc-nic/ECOFLOC_NIC_COMM_text.csv
  ✔ [leo:ram] limpiado /home/leo/ecofloc/ecofloc-ram/ECOFLOC_RAM_COMM_text.csv
  ✔ [leo:sd] limpiado /home/leo/ecofloc/ecofloc-sd/ECOFLOC_SD_COMM_text.csv
  ✔ [aspire:cpu] limpiado /home/luish/Documents/p3/ecofloc2/ecofloc/ecofloc-cpu/ECOFLOC_CPU_COMM_text.csv
  ✔ [aspire:nic] limpiado /home/luish/Documents/p3/ecofloc2/ecofloc/ecofloc-nic/ECOFLOC_NIC_COMM_text.csv
  ✔ [aspire:ram] limpiado /home/luish/Documents/p3/ecofloc2/ecofloc/ecofloc-ram/ECOFLOC_RAM_COMM_text.csv
  ✔ [aspire:sd] limpiado /home/luish/Documents/p3/ecofloc2/ecofloc/ecofloc-sd/ECOFLOC_SD_COMM_text.csv
  ✔ [scorpius:cpu] limpiado /home/scorpius03/Documents/ecofloc/ecofloc-cpu/ECOFLOC_CPU_COMM_text.csv
  ✔ [scorpius:nic] limpiado /home/scorpius03/Documents/ecofloc/ecofloc-nic/ECOFLOC_NIC_COMM_text.csv
Workload finished.
Log finished.
📄 LIMBO finalizado para scenario=high
⏳ [00:50:46] Esperando que termine medición: fase3_carga_high_iter10 (PID: 1598490)
  ✔ [scorpius:ram] limpiado /home/scorpius03/Documents/ecofloc/ecofloc-ram/ECOFLOC_RAM_COMM_text.csv
  ✔ [scorpius:sd] limpiado /home/scorpius03/Documents/ecofloc/ecofloc-sd/ECOFLOC_SD_COMM_text.csv
========================================
🔋 MEASURE ENERGY FINALIZADO
   Fase: fase3_carga_high_iter10
========================================
✔️ [00:50:47] Medición fase3_carga_high_iter10 completada
[📦] Archivando resultados → ./historyexecutions/exp(00:50:52)_fase3_high_iter10
[✔] Archivado: ./historyexecutions/exp(00:50:52)_fase3_high_iter10
🧹 Limpiando TeaStore (iter 10)...
⏸ Esperando 15s para limpieza completa...
✅ Iteración 10 / 15 del escenario high completada.

########################################################
🔄 ESCENARIO: high | ITERACIÓN: 11 / 15
   Hora: 00:51:40
########################################################
========================================
🔋 FASE 1: Descarga de imágenes (high, iter 11)
========================================
📋 Capturando PIDs (gepidstea.sh)...
📋 Capturando PIDs de contenedores (kpsnodos.sh)...
🔋 [00:51:57] Iniciando medición de energía: fase1_descarga_high_iter11 (25s)
   PID de medición: 1999707
🚀 Desplegando TeaStore desde /home/luish/Documents/death/teastore/TeaStore/examples/kubernetes/teastore-energy-scheduler.yaml...
========================================
🔋 MEASURE ENERGY - Fase: fase1_descarga_high_iter11
   Duración: 25s
   PID: 1999707
========================================
=== Medición bloque 25s - Fase: fase1_descarga_high_iter11 ===
[⏱ 00:51:57] Iniciando ecofloc en nitro5 por 25s (fase: fase1_descarga_high_iter11)
⏳ Esperando a que todos los pods de TeaStore estén Running y Ready...
  ├─ [nitro5:sd] start 00:51:57
  ├─ [nitro5:ram] start 00:51:57
  ├─ [nitro5:nic] start 00:51:58
[⏱ 00:51:58] Iniciando ecofloc en aspire por 25s (fase: fase1_descarga_high_iter11)
  ├─ [nitro5:cpu] start 00:51:58
  ├─ [aspire:sd] start 00:51:58
  ├─ [aspire:ram] start 00:51:58
[⏱ 00:51:58] Iniciando ecofloc en scorpius por 25s (fase: fase1_descarga_high_iter11)
  ├─ [aspire:nic] start 00:51:58
  ├─ [aspire:cpu] start 00:51:58
  ├─ [scorpius:sd] start 00:51:58
  ├─ [scorpius:ram] start 00:51:58
  ├─ [scorpius:nic] start 00:51:58
[⏱ 00:51:58] Iniciando ecofloc en leo por 25s (fase: fase1_descarga_high_iter11)
  ├─ [scorpius:cpu] start 00:51:58
  ├─ [leo:sd] start 00:51:58
  ├─ [leo:nic] start 00:51:58
  ├─ [leo:ram] start 00:51:58
  ├─ [leo:cpu] start 00:51:58
✅ Pods listos.
⏳ [00:51:59] Esperando que termine medición: fase1_descarga_high_iter11 (PID: 1999707)
  └─ [nitro5:sd] end 00:52:22
  └─ [nitro5:ram] end 00:52:22
  └─ [nitro5:nic] end 00:52:23
  └─ [nitro5:cpu] end 00:52:23
  └─ [leo:sd] end 00:52:24
  └─ [aspire:sd] end 00:52:24
  └─ [aspire:cpu] end 00:52:24
  └─ [leo:cpu] end 00:52:24
  └─ [scorpius:sd] end 00:52:24
  └─ [scorpius:cpu] end 00:52:24
  └─ [aspire:ram] end 00:52:24
  └─ [leo:nic] end 00:52:24
  └─ [aspire:nic] end 00:52:25
  └─ [leo:ram] end 00:52:25
  └─ [scorpius:nic] end 00:52:25
  └─ [scorpius:ram] end 00:52:25
=== Bloque 25s terminado - Fase: fase1_descarga_high_iter11 ===
[🧹] Limpiando CSVs internos de ecofloc en cada nodo (fase: fase1_descarga_high_iter11)...
  ✔ [nitro5:cpu] limpiado /home/luish/Documents/p3/ecofloc2/ecofloc/ecofloc-cpu/ECOFLOC_CPU_COMM_text.csv
  ✔ [nitro5:nic] limpiado /home/luish/Documents/p3/ecofloc2/ecofloc/ecofloc-nic/ECOFLOC_NIC_COMM_text.csv
  ✔ [nitro5:ram] limpiado /home/luish/Documents/p3/ecofloc2/ecofloc/ecofloc-ram/ECOFLOC_RAM_COMM_text.csv
  ✔ [nitro5:sd] limpiado /home/luish/Documents/p3/ecofloc2/ecofloc/ecofloc-sd/ECOFLOC_SD_COMM_text.csv
  ✔ [leo:cpu] limpiado /home/leo/ecofloc/ecofloc-cpu/ECOFLOC_CPU_COMM_text.csv
  ✔ [leo:nic] limpiado /home/leo/ecofloc/ecofloc-nic/ECOFLOC_NIC_COMM_text.csv
  ✔ [leo:ram] limpiado /home/leo/ecofloc/ecofloc-ram/ECOFLOC_RAM_COMM_text.csv
  ✔ [leo:sd] limpiado /home/leo/ecofloc/ecofloc-sd/ECOFLOC_SD_COMM_text.csv
  ✔ [aspire:cpu] limpiado /home/luish/Documents/p3/ecofloc2/ecofloc/ecofloc-cpu/ECOFLOC_CPU_COMM_text.csv
  ✔ [aspire:nic] limpiado /home/luish/Documents/p3/ecofloc2/ecofloc/ecofloc-nic/ECOFLOC_NIC_COMM_text.csv
  ✔ [aspire:ram] limpiado /home/luish/Documents/p3/ecofloc2/ecofloc/ecofloc-ram/ECOFLOC_RAM_COMM_text.csv
  ✔ [aspire:sd] limpiado /home/luish/Documents/p3/ecofloc2/ecofloc/ecofloc-sd/ECOFLOC_SD_COMM_text.csv
  ✔ [scorpius:cpu] limpiado /home/scorpius03/Documents/ecofloc/ecofloc-cpu/ECOFLOC_CPU_COMM_text.csv
  ✔ [scorpius:nic] limpiado /home/scorpius03/Documents/ecofloc/ecofloc-nic/ECOFLOC_NIC_COMM_text.csv
  ✔ [scorpius:ram] limpiado /home/scorpius03/Documents/ecofloc/ecofloc-ram/ECOFLOC_RAM_COMM_text.csv
  ✔ [scorpius:sd] limpiado /home/scorpius03/Documents/ecofloc/ecofloc-sd/ECOFLOC_SD_COMM_text.csv
========================================
🔋 MEASURE ENERGY FINALIZADO
   Fase: fase1_descarga_high_iter11
========================================
✔️ [00:52:29] Medición fase1_descarga_high_iter11 completada
[📦] Archivando resultados → ./historyexecutions/exp(00:52:34)_fase1_high_iter11
[✔] Archivado: ./historyexecutions/exp(00:52:34)_fase1_high_iter11
========================================
🔋 FASE 2: Preparación de servicios (high, iter 11)
========================================
📋 Capturando PIDs (gepidstea.sh)...
📋 Capturando PIDs de contenedores (kpsnodos.sh)...
🔋 [00:52:51] Iniciando medición de energía: fase2_preparacion_high_iter11 (50s)
   PID de medición: 2067237
========================================
🔋 MEASURE ENERGY - Fase: fase2_preparacion_high_iter11
   Duración: 50s
   PID: 2067237
========================================
=== Medición bloque 50s - Fase: fase2_preparacion_high_iter11 ===
[⏱ 00:52:51] Iniciando ecofloc en nitro5 por 50s (fase: fase2_preparacion_high_iter11)
⏳ Esperando 10s a que CoreDNS se estabilice...
  ├─ [nitro5:sd] start 00:52:52
  ├─ [nitro5:ram] start 00:52:52
  ├─ [nitro5:nic] start 00:52:53
[⏱ 00:52:53] Iniciando ecofloc en aspire por 50s (fase: fase2_preparacion_high_iter11)
  ├─ [nitro5:cpu] start 00:52:53
  ├─ [aspire:sd] start 00:52:53
  ├─ [aspire:ram] start 00:52:53
[⏱ 00:52:53] Iniciando ecofloc en scorpius por 50s (fase: fase2_preparacion_high_iter11)
  ├─ [aspire:nic] start 00:52:53
  ├─ [aspire:cpu] start 00:52:53
  ├─ [scorpius:sd] start 00:52:53
  ├─ [scorpius:ram] start 00:52:53
[⏱ 00:52:53] Iniciando ecofloc en leo por 50s (fase: fase2_preparacion_high_iter11)
  ├─ [scorpius:nic] start 00:52:53
  ├─ [scorpius:cpu] start 00:52:53
  ├─ [leo:sd] start 00:52:53
  ├─ [leo:ram] start 00:52:53
  ├─ [leo:nic] start 00:52:53
  ├─ [leo:cpu] start 00:52:53
➡️ Pod WebUI: teastore-webui-ff7768544-jbb82
➡️ Está en el nodo: luish-aspire-a315-55g
🌐 IP del nodo WebUI: 192.168.18.37
⏳ Verificando estado del TeaStore en http://192.168.18.37:30080/tools.descartes.teastore.webui/status ...
   ➤ Estado actual: 5 / 5 servicios OK
✔ TODOS los servicios del TeaStore están OK. Continuando...
⏳ [00:53:07] Esperando que termine medición: fase2_preparacion_high_iter11 (PID: 2067237)
  └─ [nitro5:sd] end 00:53:42
  └─ [nitro5:ram] end 00:53:42
  └─ [nitro5:nic] end 00:53:43
  └─ [aspire:cpu] end 00:53:43
  └─ [nitro5:cpu] end 00:53:43
  └─ [aspire:sd] end 00:53:43
  └─ [scorpius:sd] end 00:53:44
  └─ [scorpius:cpu] end 00:53:44
  └─ [leo:sd] end 00:53:44
  └─ [leo:cpu] end 00:53:44
  └─ [aspire:nic] end 00:53:45
  └─ [leo:ram] end 00:53:45
  └─ [leo:nic] end 00:53:45
  └─ [scorpius:nic] end 00:53:45
  └─ [scorpius:ram] end 00:53:45
  └─ [aspire:ram] end 00:53:45
=== Bloque 50s terminado - Fase: fase2_preparacion_high_iter11 ===
[🧹] Limpiando CSVs internos de ecofloc en cada nodo (fase: fase2_preparacion_high_iter11)...
  ✔ [nitro5:cpu] limpiado /home/luish/Documents/p3/ecofloc2/ecofloc/ecofloc-cpu/ECOFLOC_CPU_COMM_text.csv
  ✔ [nitro5:nic] limpiado /home/luish/Documents/p3/ecofloc2/ecofloc/ecofloc-nic/ECOFLOC_NIC_COMM_text.csv
  ✔ [nitro5:ram] limpiado /home/luish/Documents/p3/ecofloc2/ecofloc/ecofloc-ram/ECOFLOC_RAM_COMM_text.csv
  ✔ [nitro5:sd] limpiado /home/luish/Documents/p3/ecofloc2/ecofloc/ecofloc-sd/ECOFLOC_SD_COMM_text.csv
  ✔ [leo:cpu] limpiado /home/leo/ecofloc/ecofloc-cpu/ECOFLOC_CPU_COMM_text.csv
  ✔ [leo:nic] limpiado /home/leo/ecofloc/ecofloc-nic/ECOFLOC_NIC_COMM_text.csv
  ✔ [leo:ram] limpiado /home/leo/ecofloc/ecofloc-ram/ECOFLOC_RAM_COMM_text.csv
  ✔ [leo:sd] limpiado /home/leo/ecofloc/ecofloc-sd/ECOFLOC_SD_COMM_text.csv
  ✔ [aspire:cpu] limpiado /home/luish/Documents/p3/ecofloc2/ecofloc/ecofloc-cpu/ECOFLOC_CPU_COMM_text.csv
  ✔ [aspire:nic] limpiado /home/luish/Documents/p3/ecofloc2/ecofloc/ecofloc-nic/ECOFLOC_NIC_COMM_text.csv
  ✔ [aspire:ram] limpiado /home/luish/Documents/p3/ecofloc2/ecofloc/ecofloc-ram/ECOFLOC_RAM_COMM_text.csv
  ✔ [aspire:sd] limpiado /home/luish/Documents/p3/ecofloc2/ecofloc/ecofloc-sd/ECOFLOC_SD_COMM_text.csv
  ✔ [scorpius:cpu] limpiado /home/scorpius03/Documents/ecofloc/ecofloc-cpu/ECOFLOC_CPU_COMM_text.csv
  ✔ [scorpius:nic] limpiado /home/scorpius03/Documents/ecofloc/ecofloc-nic/ECOFLOC_NIC_COMM_text.csv
  ✔ [scorpius:ram] limpiado /home/scorpius03/Documents/ecofloc/ecofloc-ram/ECOFLOC_RAM_COMM_text.csv
  ✔ [scorpius:sd] limpiado /home/scorpius03/Documents/ecofloc/ecofloc-sd/ECOFLOC_SD_COMM_text.csv
========================================
🔋 MEASURE ENERGY FINALIZADO
   Fase: fase2_preparacion_high_iter11
========================================
✔️ [00:53:50] Medición fase2_preparacion_high_iter11 completada
[📦] Archivando resultados → ./historyexecutions/exp(00:53:55)_fase2_high_iter11
[✔] Archivado: ./historyexecutions/exp(00:53:55)_fase2_high_iter11
========================================
🔋 FASE 3: Ejecución de carga (high, iter 11)
========================================
📋 Capturando PIDs (gepidstea.sh)...
📋 Capturando PIDs de contenedores (kpsnodos.sh)...
🔋 [00:54:13] Iniciando medición de energía: fase3_carga_high_iter11 (145s)
   PID de medición: 2199115
=== Escenario high (iter 11) ===
========================================
🔋 MEASURE ENERGY - Fase: fase3_carga_high_iter11
   Duración: 145s
   PID: 2199115
========================================
=== Medición bloque 145s - Fase: fase3_carga_high_iter11 ===
🚀 Iniciando LIMBO con profile=/home/luish/Documents/death/teastore/TeaStore/examples/httploadgenerator/increasingHighIntensity.csv y script=/home/luish/Documents/death/teastore/TeaStore/examples/httploadgenerator/teastore_buy.lua
[⏱ 00:54:13] Iniciando ecofloc en nitro5 por 145s (fase: fase3_carga_high_iter11)
Feb 27, 2026 12:54:13 AM tools.descartes.dlim.httploadgenerator.runner.Director executeDirector
WARNING: No power measurements
Feb 27, 2026 12:54:13 AM tools.descartes.dlim.httploadgenerator.runner.Director executeDirector
INFO: Load Generator Thread Count set to 64
Feb 27, 2026 12:54:13 AM tools.descartes.dlim.httploadgenerator.runner.Director executeDirector
INFO: URL connection timout set to 30000 ms
Feb 27, 2026 12:54:13 AM tools.descartes.dlim.httploadgenerator.runner.Director executeDirector
INFO: Using Lua Script: /home/luish/Documents/death/teastore/TeaStore/examples/httploadgenerator/teastore_buy.lua
Feb 27, 2026 12:54:13 AM tools.descartes.dlim.httploadgenerator.runner.Director process
INFO: Read 120 Arrival Rate Tuples
Load Generator sent: ok
Feb 27, 2026 12:54:13 AM tools.descartes.dlim.httploadgenerator.runner.Director process
INFO: Arrival Rates sent to Load Generator(s).
Load Generator sent: ok
Feb 27, 2026 12:54:13 AM tools.descartes.dlim.httploadgenerator.runner.Director process
INFO: Thread Count sent to Load Generator(s): 64
Load Generator sent: ok
Feb 27, 2026 12:54:13 AM tools.descartes.dlim.httploadgenerator.runner.Director process
INFO: URL connection timeout sent to Load Generator(s): 30000
Load Generator sent: ok
Feb 27, 2026 12:54:13 AM tools.descartes.dlim.httploadgenerator.runner.Director process
INFO: Contents of script sent to Load Generator: /home/luish/Documents/death/teastore/TeaStore/examples/httploadgenerator/teastore_buy.lua
Feb 27, 2026 12:54:13 AM tools.descartes.dlim.httploadgenerator.runner.Director process
INFO: Starting Load Generation
Beginning Run @1772171653259(27.02.2026;00:54:13259)
  ├─ [nitro5:sd] start 00:54:13
  ├─ [nitro5:ram] start 00:54:13
Target Time = 0.5; Load Intensity = 16.0; #Success = 0; #Failed = 0; #Dropped = 0
  ├─ [nitro5:nic] start 00:54:14
[⏱ 00:54:14] Iniciando ecofloc en aspire por 145s (fase: fase3_carga_high_iter11)
  ├─ [nitro5:cpu] start 00:54:14
  ├─ [aspire:sd] start 00:54:14
  ├─ [aspire:ram] start 00:54:14
  ├─ [aspire:nic] start 00:54:14
[⏱ 00:54:14] Iniciando ecofloc en scorpius por 145s (fase: fase3_carga_high_iter11)
  ├─ [aspire:cpu] start 00:54:14
  ├─ [scorpius:sd] start 00:54:14
  ├─ [scorpius:ram] start 00:54:14
[⏱ 00:54:14] Iniciando ecofloc en leo por 145s (fase: fase3_carga_high_iter11)
  ├─ [scorpius:cpu] start 00:54:14
  ├─ [scorpius:nic] start 00:54:14
  ├─ [leo:sd] start 00:54:14
  ├─ [leo:ram] start 00:54:14
  ├─ [leo:cpu] start 00:54:14
  ├─ [leo:nic] start 00:54:14
Target Time = 1.5; Load Intensity = 33.0; #Success = 0; #Failed = 1; #Dropped = 0
Target Time = 2.5; Load Intensity = 50.0; #Success = 20; #Failed = 0; #Dropped = 0
Target Time = 3.5; Load Intensity = 66.0; #Success = 32; #Failed = 0; #Dropped = 0
Target Time = 4.5; Load Intensity = 83.0; #Success = 11; #Failed = 0; #Dropped = 0
Target Time = 5.5; Load Intensity = 100.0; #Success = 23; #Failed = 0; #Dropped = 0
Target Time = 6.5; Load Intensity = 116.0; #Success = 42; #Failed = 0; #Dropped = 0
Target Time = 7.5; Load Intensity = 133.0; #Success = 5; #Failed = 0; #Dropped = 0
Target Time = 8.5; Load Intensity = 150.0; #Success = 45; #Failed = 1; #Dropped = 0
Target Time = 9.5; Load Intensity = 166.0; #Success = 14; #Failed = 0; #Dropped = 0
Target Time = 10.5; Load Intensity = 183.0; #Success = 0; #Failed = 0; #Dropped = 0
Target Time = 11.5; Load Intensity = 200.0; #Success = 0; #Failed = 0; #Dropped = 0
Target Time = 12.5; Load Intensity = 216.0; #Success = 0; #Failed = 0; #Dropped = 0
Target Time = 13.5; Load Intensity = 233.0; #Success = 0; #Failed = 0; #Dropped = 0
Target Time = 14.5; Load Intensity = 250.0; #Success = 0; #Failed = 0; #Dropped = 0
Target Time = 15.5; Load Intensity = 266.0; #Success = 0; #Failed = 0; #Dropped = 0
Target Time = 16.5; Load Intensity = 283.0; #Success = 0; #Failed = 1; #Dropped = 0
Target Time = 17.5; Load Intensity = 300.0; #Success = 0; #Failed = 3; #Dropped = 0
Target Time = 18.5; Load Intensity = 316.0; #Success = 0; #Failed = 0; #Dropped = 0
Target Time = 19.5; Load Intensity = 333.0; #Success = 0; #Failed = 0; #Dropped = 0
Target Time = 20.5; Load Intensity = 350.0; #Success = 0; #Failed = 0; #Dropped = 0
Target Time = 21.5; Load Intensity = 366.0; #Success = 0; #Failed = 0; #Dropped = 0
Target Time = 22.5; Load Intensity = 383.0; #Success = 0; #Failed = 0; #Dropped = 0
Target Time = 23.5; Load Intensity = 400.0; #Success = 0; #Failed = 0; #Dropped = 0
Target Time = 24.5; Load Intensity = 416.0; #Success = 0; #Failed = 1; #Dropped = 0
Target Time = 25.5; Load Intensity = 433.0; #Success = 0; #Failed = 2; #Dropped = 0
Target Time = 26.5; Load Intensity = 450.0; #Success = 0; #Failed = 0; #Dropped = 0
Target Time = 27.5; Load Intensity = 466.0; #Success = 0; #Failed = 1; #Dropped = 0
Target Time = 28.5; Load Intensity = 483.0; #Success = 0; #Failed = 0; #Dropped = 0
Target Time = 29.5; Load Intensity = 500.0; #Success = 0; #Failed = 0; #Dropped = 0
Target Time = 30.5; Load Intensity = 516.0; #Success = 0; #Failed = 0; #Dropped = 0
Target Time = 31.5; Load Intensity = 533.0; #Success = 0; #Failed = 5; #Dropped = 0
Target Time = 32.5; Load Intensity = 550.0; #Success = 0; #Failed = 12; #Dropped = 0
Target Time = 33.5; Load Intensity = 566.0; #Success = 0; #Failed = 0; #Dropped = 0
Target Time = 34.5; Load Intensity = 583.0; #Success = 0; #Failed = 0; #Dropped = 0
Target Time = 35.5; Load Intensity = 600.0; #Success = 0; #Failed = 15; #Dropped = 49
Target Time = 36.5; Load Intensity = 616.0; #Success = 0; #Failed = 18; #Dropped = 101
Target Time = 37.5; Load Intensity = 633.0; #Success = 1; #Failed = 0; #Dropped = 123
Target Time = 38.5; Load Intensity = 650.0; #Success = 2; #Failed = 3; #Dropped = 182
Target Time = 39.5; Load Intensity = 666.0; #Success = 0; #Failed = 0; #Dropped = 0
Target Time = 40.5; Load Intensity = 683.0; #Success = 0; #Failed = 0; #Dropped = 0
Target Time = 41.5; Load Intensity = 700.0; #Success = 0; #Failed = 0; #Dropped = 0
Target Time = 42.5; Load Intensity = 716.0; #Success = 0; #Failed = 4; #Dropped = 638
Target Time = 43.5; Load Intensity = 733.0; #Success = 0; #Failed = 7; #Dropped = 294
Target Time = 44.5; Load Intensity = 750.0; #Success = 0; #Failed = 0; #Dropped = 0
Target Time = 45.5; Load Intensity = 766.0; #Success = 0; #Failed = 0; #Dropped = 0
Target Time = 46.5; Load Intensity = 783.0; #Success = 1; #Failed = 0; #Dropped = 820
Target Time = 47.5; Load Intensity = 800.0; #Success = 3; #Failed = 0; #Dropped = 244
Target Time = 48.5; Load Intensity = 816.0; #Success = 0; #Failed = 0; #Dropped = 0
Target Time = 49.5; Load Intensity = 833.0; #Success = 0; #Failed = 0; #Dropped = 0
Target Time = 50.5; Load Intensity = 850.0; #Success = 0; #Failed = 0; #Dropped = 0
Target Time = 51.5; Load Intensity = 866.0; #Success = 0; #Failed = 0; #Dropped = 0
Target Time = 52.5; Load Intensity = 883.0; #Success = 0; #Failed = 0; #Dropped = 0
Target Time = 53.5; Load Intensity = 900.0; #Success = 0; #Failed = 0; #Dropped = 0
Target Time = 54.5; Load Intensity = 916.0; #Success = 1; #Failed = 5; #Dropped = 2572
Target Time = 55.5; Load Intensity = 933.0; #Success = 1; #Failed = 0; #Dropped = 252
Target Time = 56.5; Load Intensity = 950.0; #Success = 0; #Failed = 0; #Dropped = 0
Target Time = 57.5; Load Intensity = 966.0; #Success = 1; #Failed = 0; #Dropped = 875
Target Time = 58.5; Load Intensity = 983.0; #Success = 0; #Failed = 0; #Dropped = 0
Target Time = 59.5; Load Intensity = 1000.0; #Success = 0; #Failed = 0; #Dropped = 0
Target Time = 60.5; Load Intensity = 1016.0; #Success = 0; #Failed = 0; #Dropped = 0
Target Time = 61.5; Load Intensity = 1033.0; #Success = 5; #Failed = 10; #Dropped = 2259
Target Time = 62.5; Load Intensity = 1050.0; #Success = 10; #Failed = 11; #Dropped = 461
Target Time = 63.5; Load Intensity = 1066.0; #Success = 0; #Failed = 2; #Dropped = 593
Target Time = 64.5; Load Intensity = 1083.0; #Success = 0; #Failed = 0; #Dropped = 0
Target Time = 65.5; Load Intensity = 1100.0; #Success = 3; #Failed = 0; #Dropped = 998
Target Time = 66.5; Load Intensity = 1116.0; #Success = 0; #Failed = 0; #Dropped = 0
Target Time = 67.5; Load Intensity = 1133.0; #Success = 0; #Failed = 0; #Dropped = 0
Target Time = 68.5; Load Intensity = 1150.0; #Success = 0; #Failed = 0; #Dropped = 0
Target Time = 69.5; Load Intensity = 1166.0; #Success = 0; #Failed = 0; #Dropped = 0
Target Time = 70.5; Load Intensity = 1183.0; #Success = 0; #Failed = 0; #Dropped = 0
Target Time = 71.5; Load Intensity = 1200.0; #Success = 0; #Failed = 0; #Dropped = 0
Target Time = 72.5; Load Intensity = 1216.0; #Success = 4; #Failed = 0; #Dropped = 4607
Target Time = 73.5; Load Intensity = 1233.0; #Success = 7; #Failed = 0; #Dropped = 853
Target Time = 74.5; Load Intensity = 1250.0; #Success = 0; #Failed = 0; #Dropped = 0
Target Time = 75.5; Load Intensity = 1266.0; #Success = 0; #Failed = 0; #Dropped = 0
Target Time = 76.5; Load Intensity = 1283.0; #Success = 1; #Failed = 0; #Dropped = 2439
Target Time = 77.5; Load Intensity = 1300.0; #Success = 3; #Failed = 0; #Dropped = 671
Target Time = 78.5; Load Intensity = 1316.0; #Success = 0; #Failed = 4; #Dropped = 756
Target Time = 79.5; Load Intensity = 1333.0; #Success = 0; #Failed = 0; #Dropped = 0
Target Time = 80.5; Load Intensity = 1350.0; #Success = 0; #Failed = 0; #Dropped = 0
Target Time = 81.5; Load Intensity = 1366.0; #Success = 0; #Failed = 0; #Dropped = 0
Target Time = 82.5; Load Intensity = 1383.0; #Success = 0; #Failed = 0; #Dropped = 0
Target Time = 83.5; Load Intensity = 1400.0; #Success = 0; #Failed = 0; #Dropped = 0
Target Time = 84.5; Load Intensity = 1416.0; #Success = 6; #Failed = 0; #Dropped = 5352
Target Time = 85.5; Load Intensity = 1433.0; #Success = 1; #Failed = 0; #Dropped = 417
Target Time = 86.5; Load Intensity = 1450.0; #Success = 0; #Failed = 0; #Dropped = 0
Target Time = 87.5; Load Intensity = 1466.0; #Success = 1; #Failed = 0; #Dropped = 2130
Target Time = 88.5; Load Intensity = 1483.0; #Success = 0; #Failed = 0; #Dropped = 0
Target Time = 89.5; Load Intensity = 1500.0; #Success = 0; #Failed = 0; #Dropped = 0
Target Time = 90.5; Load Intensity = 1516.0; #Success = 0; #Failed = 0; #Dropped = 0
Target Time = 91.5; Load Intensity = 1533.0; #Success = 15; #Failed = 0; #Dropped = 4376
Target Time = 92.5; Load Intensity = 1550.0; #Success = 19; #Failed = 0; #Dropped = 912
Target Time = 93.5; Load Intensity = 1566.0; #Success = 0; #Failed = 2; #Dropped = 1073
Target Time = 94.5; Load Intensity = 1583.0; #Success = 0; #Failed = 1; #Dropped = 1048
Target Time = 95.5; Load Intensity = 1600.0; #Success = 0; #Failed = 0; #Dropped = 0
Target Time = 96.5; Load Intensity = 1616.0; #Success = 0; #Failed = 0; #Dropped = 0
Target Time = 97.5; Load Intensity = 1633.0; #Success = 0; #Failed = 0; #Dropped = 0
Target Time = 98.5; Load Intensity = 1650.0; #Success = 0; #Failed = 0; #Dropped = 0
Target Time = 99.5; Load Intensity = 1666.0; #Success = 0; #Failed = 0; #Dropped = 0
Target Time = 100.5; Load Intensity = 1683.0; #Success = 0; #Failed = 0; #Dropped = 0
Target Time = 101.5; Load Intensity = 1700.0; #Success = 0; #Failed = 0; #Dropped = 0
Target Time = 102.5; Load Intensity = 1716.0; #Success = 4; #Failed = 0; #Dropped = 8830
Target Time = 103.5; Load Intensity = 1733.0; #Success = 7; #Failed = 0; #Dropped = 1630
Target Time = 104.5; Load Intensity = 1750.0; #Success = 0; #Failed = 19; #Dropped = 1428
Target Time = 105.5; Load Intensity = 1766.0; #Success = 0; #Failed = 10; #Dropped = 873
Target Time = 106.5; Load Intensity = 1783.0; #Success = 1; #Failed = 0; #Dropped = 1662
Target Time = 107.5; Load Intensity = 1800.0; #Success = 2; #Failed = 1; #Dropped = 1007
Target Time = 108.5; Load Intensity = 1816.0; #Success = 1; #Failed = 1; #Dropped = 1312
Target Time = 109.5; Load Intensity = 1833.0; #Success = 0; #Failed = 0; #Dropped = 0
Target Time = 110.5; Load Intensity = 1850.0; #Success = 0; #Failed = 0; #Dropped = 0
Target Time = 111.5; Load Intensity = 1866.0; #Success = 0; #Failed = 0; #Dropped = 0
Target Time = 112.5; Load Intensity = 1883.0; #Success = 0; #Failed = 0; #Dropped = 0
Target Time = 113.5; Load Intensity = 1900.0; #Success = 0; #Failed = 0; #Dropped = 0
Target Time = 114.5; Load Intensity = 1916.0; #Success = 1; #Failed = 0; #Dropped = 8495
Target Time = 115.5; Load Intensity = 1933.0; #Success = 1; #Failed = 0; #Dropped = 484
Target Time = 116.5; Load Intensity = 1950.0; #Success = 0; #Failed = 0; #Dropped = 0
Target Time = 117.5; Load Intensity = 1966.0; #Success = 1; #Failed = 0; #Dropped = 3073
Target Time = 118.5; Load Intensity = 1983.0; #Success = 0; #Failed = 0; #Dropped = 0
Target Time = 119.5; Load Intensity = 2000.0; #Success = 0; #Failed = 0; #Dropped = 0
Target Time = 120.5; Load Intensity = 0.0; #Success = 0; #Failed = 0; #Dropped = 0
Target Time = 121.5; Load Intensity = 0.0; #Success = 7; #Failed = 0; #Dropped = 6834
Target Time = 122.5; Load Intensity = 0.0; #Success = 7; #Failed = 0; #Dropped = 1458
Target Time = 123.5; Load Intensity = 0.0; #Success = 0; #Failed = 12; #Dropped = 835
Target Time = 124.5; Load Intensity = 0.0; #Success = 1; #Failed = 12; #Dropped = 2491
Target Time = 125.5; Load Intensity = 0.0; #Success = 0; #Failed = 9; #Dropped = 156
Target Time = 126.5; Load Intensity = 0.0; #Success = 0; #Failed = 0; #Dropped = 0
Target Time = 127.5; Load Intensity = 0.0; #Success = 0; #Failed = 4; #Dropped = 4577
Target Time = 128.5; Load Intensity = 0.0; #Success = 0; #Failed = 2; #Dropped = 204
Target Time = 129.5; Load Intensity = 0.0; #Success = 0; #Failed = 0; #Dropped = 0
Target Time = 130.5; Load Intensity = 0.0; #Success = 0; #Failed = 0; #Dropped = 0
Target Time = 131.5; Load Intensity = 0.0; #Success = 0; #Failed = 0; #Dropped = 0
Target Time = 132.5; Load Intensity = 0.0; #Success = 0; #Failed = 0; #Dropped = 0
Target Time = 133.5; Load Intensity = 0.0; #Success = 0; #Failed = 0; #Dropped = 0
Target Time = 134.5; Load Intensity = 0.0; #Success = 1; #Failed = 0; #Dropped = 11592
Target Time = 135.5; Load Intensity = 0.0; #Success = 0; #Failed = 14; #Dropped = 1461
Target Time = 136.5; Load Intensity = 0.0; #Success = 1; #Failed = 0; #Dropped = 2073
Target Time = 137.5; Load Intensity = 0.0; #Success = 3; #Failed = 0; #Dropped = 1673
Target Time = 138.5; Load Intensity = 0.0; #Success = 2; #Failed = 16; #Dropped = 1374
Target Time = 139.5; Load Intensity = 0.0; #Success = 0; #Failed = 0; #Dropped = 0
Target Time = 140.5; Load Intensity = 0.0; #Success = 0; #Failed = 0; #Dropped = 0
Target Time = 141.5; Load Intensity = 0.0; #Success = 0; #Failed = 4; #Dropped = 5813
Target Time = 142.5; Load Intensity = 0.0; #Success = 0; #Failed = 7; #Dropped = 2282
Target Time = 143.5; Load Intensity = 0.0; #Success = 0; #Failed = 3; #Dropped = 1790
Target Time = 144.5; Load Intensity = 0.0; #Success = 1; #Failed = 0; #Dropped = 1929
  └─ [nitro5:sd] end 00:56:38
Target Time = 145.5; Load Intensity = 0.0; #Success = 1; #Failed = 1; #Dropped = 1004
  └─ [nitro5:ram] end 00:56:38
  └─ [nitro5:nic] end 00:56:39
  └─ [nitro5:cpu] end 00:56:39
Target Time = 146.5; Load Intensity = 0.0; #Success = 0; #Failed = 0; #Dropped = 0
Target Time = 147.5; Load Intensity = 0.0; #Success = 0; #Failed = 0; #Dropped = 0
Target Time = 148.5; Load Intensity = 0.0; #Success = 0; #Failed = 0; #Dropped = 0
  └─ [leo:cpu] end 00:56:42
Target Time = 149.5; Load Intensity = 0.0; #Success = 0; #Failed = 0; #Dropped = 0
  └─ [scorpius:sd] end 00:56:43
Target Time = 150.5; Load Intensity = 0.0; #Success = 0; #Failed = 0; #Dropped = 0
  └─ [leo:nic] end 00:56:44
  └─ [leo:sd] end 00:56:44
Target Time = 151.5; Load Intensity = 0.0; #Success = 0; #Failed = 0; #Dropped = 0
Target Time = 152.5; Load Intensity = 0.0; #Success = 1; #Failed = 0; #Dropped = 8918
Target Time = 153.5; Load Intensity = 0.0; #Success = 4; #Failed = 0; #Dropped = 0
  └─ [leo:ram] end 00:56:47
  └─ [scorpius:nic] end 00:56:47
Target Time = 154.5; Load Intensity = 0.0; #Success = 0; #Failed = 0; #Dropped = 0
  └─ [scorpius:cpu] end 00:56:48
  └─ [scorpius:ram] end 00:56:48
Target Time = 155.5; Load Intensity = 0.0; #Success = 1; #Failed = 0; #Dropped = 0
Target Time = 156.5; Load Intensity = 0.0; #Success = 0; #Failed = 0; #Dropped = 0
Target Time = 157.5; Load Intensity = 0.0; #Success = 2; #Failed = 6; #Dropped = 0
Target Time = 158.5; Load Intensity = 0.0; #Success = 2; #Failed = 1; #Dropped = 0
Target Time = 159.5; Load Intensity = 0.0; #Success = 0; #Failed = 2; #Dropped = 0
Target Time = 160.5; Load Intensity = 0.0; #Success = 0; #Failed = 0; #Dropped = 0
Target Time = 161.5; Load Intensity = 0.0; #Success = 0; #Failed = 4; #Dropped = 0
Target Time = 162.5; Load Intensity = 0.0; #Success = 0; #Failed = 9; #Dropped = 0
Target Time = 163.5; Load Intensity = 0.0; #Success = 0; #Failed = 4; #Dropped = 0
Target Time = 164.5; Load Intensity = 0.0; #Success = 1; #Failed = 0; #Dropped = 0
Target Time = 165.5; Load Intensity = 0.0; #Success = 4; #Failed = 0; #Dropped = 0
Target Time = 166.5; Load Intensity = 0.0; #Success = 1; #Failed = 0; #Dropped = 0
Target Time = 167.5; Load Intensity = 0.0; #Success = 1; #Failed = 0; #Dropped = 0
Target Time = 168.5; Load Intensity = 0.0; #Success = 10; #Failed = 0; #Dropped = 0
Target Time = 169.5; Load Intensity = 0.0; #Success = 0; #Failed = 0; #Dropped = 0
Target Time = 170.5; Load Intensity = 0.0; #Success = 0; #Failed = 0; #Dropped = 0
Target Time = 171.5; Load Intensity = 0.0; #Success = 4; #Failed = 0; #Dropped = 0
Target Time = 172.5; Load Intensity = 0.0; #Success = 4; #Failed = 0; #Dropped = 0
Target Time = 173.5; Load Intensity = 0.0; #Success = 2; #Failed = 0; #Dropped = 0
Target Time = 174.5; Load Intensity = 0.0; #Success = 0; #Failed = 0; #Dropped = 0
Target Time = 175.5; Load Intensity = 0.0; #Success = 1; #Failed = 0; #Dropped = 0
Workload finished.
Log finished.
📄 LIMBO finalizado para scenario=high
⏳ [00:57:13] Esperando que termine medición: fase3_carga_high_iter11 (PID: 2199115)
  └─ [aspire:nic] end 00:57:22
  └─ [aspire:cpu] end 00:57:23
  └─ [aspire:ram] end 00:57:23
  └─ [aspire:sd] end 00:57:23
=== Bloque 145s terminado - Fase: fase3_carga_high_iter11 ===
[🧹] Limpiando CSVs internos de ecofloc en cada nodo (fase: fase3_carga_high_iter11)...
  ✔ [nitro5:cpu] limpiado /home/luish/Documents/p3/ecofloc2/ecofloc/ecofloc-cpu/ECOFLOC_CPU_COMM_text.csv
  ✔ [nitro5:nic] limpiado /home/luish/Documents/p3/ecofloc2/ecofloc/ecofloc-nic/ECOFLOC_NIC_COMM_text.csv
  ✔ [nitro5:ram] limpiado /home/luish/Documents/p3/ecofloc2/ecofloc/ecofloc-ram/ECOFLOC_RAM_COMM_text.csv
  ✔ [nitro5:sd] limpiado /home/luish/Documents/p3/ecofloc2/ecofloc/ecofloc-sd/ECOFLOC_SD_COMM_text.csv
  ✔ [leo:cpu] limpiado /home/leo/ecofloc/ecofloc-cpu/ECOFLOC_CPU_COMM_text.csv
  ✔ [leo:nic] limpiado /home/leo/ecofloc/ecofloc-nic/ECOFLOC_NIC_COMM_text.csv
  ✔ [leo:ram] limpiado /home/leo/ecofloc/ecofloc-ram/ECOFLOC_RAM_COMM_text.csv
  ✔ [leo:sd] limpiado /home/leo/ecofloc/ecofloc-sd/ECOFLOC_SD_COMM_text.csv
  ✔ [aspire:cpu] limpiado /home/luish/Documents/p3/ecofloc2/ecofloc/ecofloc-cpu/ECOFLOC_CPU_COMM_text.csv
  ✔ [aspire:nic] limpiado /home/luish/Documents/p3/ecofloc2/ecofloc/ecofloc-nic/ECOFLOC_NIC_COMM_text.csv
  ✔ [aspire:ram] limpiado /home/luish/Documents/p3/ecofloc2/ecofloc/ecofloc-ram/ECOFLOC_RAM_COMM_text.csv
  ✔ [aspire:sd] limpiado /home/luish/Documents/p3/ecofloc2/ecofloc/ecofloc-sd/ECOFLOC_SD_COMM_text.csv
  ✔ [scorpius:cpu] limpiado /home/scorpius03/Documents/ecofloc/ecofloc-cpu/ECOFLOC_CPU_COMM_text.csv
  ✔ [scorpius:nic] limpiado /home/scorpius03/Documents/ecofloc/ecofloc-nic/ECOFLOC_NIC_COMM_text.csv
  ✔ [scorpius:ram] limpiado /home/scorpius03/Documents/ecofloc/ecofloc-ram/ECOFLOC_RAM_COMM_text.csv
  ✔ [scorpius:sd] limpiado /home/scorpius03/Documents/ecofloc/ecofloc-sd/ECOFLOC_SD_COMM_text.csv
========================================
🔋 MEASURE ENERGY FINALIZADO
   Fase: fase3_carga_high_iter11
========================================
✔️ [00:57:27] Medición fase3_carga_high_iter11 completada
[📦] Archivando resultados → ./historyexecutions/exp(00:57:32)_fase3_high_iter11
[✔] Archivado: ./historyexecutions/exp(00:57:32)_fase3_high_iter11
🧹 Limpiando TeaStore (iter 11)...
⏸ Esperando 15s para limpieza completa...
✅ Iteración 11 / 15 del escenario high completada.

########################################################
🔄 ESCENARIO: high | ITERACIÓN: 12 / 15
   Hora: 00:58:20
########################################################
========================================
🔋 FASE 1: Descarga de imágenes (high, iter 12)
========================================
📋 Capturando PIDs (gepidstea.sh)...
📋 Capturando PIDs de contenedores (kpsnodos.sh)...
🔋 [00:58:37] Iniciando medición de energía: fase1_descarga_high_iter12 (25s)
   PID de medición: 2552891
🚀 Desplegando TeaStore desde /home/luish/Documents/death/teastore/TeaStore/examples/kubernetes/teastore-energy-scheduler.yaml...
========================================
🔋 MEASURE ENERGY - Fase: fase1_descarga_high_iter12
   Duración: 25s
   PID: 2552891
========================================
=== Medición bloque 25s - Fase: fase1_descarga_high_iter12 ===
[⏱ 00:58:37] Iniciando ecofloc en nitro5 por 25s (fase: fase1_descarga_high_iter12)
⏳ Esperando a que todos los pods de TeaStore estén Running y Ready...
  ├─ [nitro5:sd] start 00:58:38
  ├─ [nitro5:ram] start 00:58:38
  ├─ [nitro5:nic] start 00:58:39
[⏱ 00:58:39] Iniciando ecofloc en aspire por 25s (fase: fase1_descarga_high_iter12)
  ├─ [nitro5:cpu] start 00:58:39
  ├─ [aspire:ram] start 00:58:39
[⏱ 00:58:39] Iniciando ecofloc en scorpius por 25s (fase: fase1_descarga_high_iter12)
  ├─ [aspire:cpu] start 00:58:39
  ├─ [aspire:nic] start 00:58:39
  ├─ [aspire:sd] start 00:58:39
  ├─ [scorpius:sd] start 00:58:39
  ├─ [scorpius:nic] start 00:58:39
[⏱ 00:58:39] Iniciando ecofloc en leo por 25s (fase: fase1_descarga_high_iter12)
  ├─ [scorpius:cpu] start 00:58:39
  ├─ [scorpius:ram] start 00:58:39
  ├─ [leo:sd] start 00:58:39
  ├─ [leo:ram] start 00:58:39
  ├─ [leo:nic] start 00:58:39
  ├─ [leo:cpu] start 00:58:39
✅ Pods listos.
⏳ [00:58:40] Esperando que termine medición: fase1_descarga_high_iter12 (PID: 2552891)
  └─ [nitro5:sd] end 00:59:03
  └─ [nitro5:ram] end 00:59:03
  └─ [nitro5:nic] end 00:59:04
  └─ [aspire:sd] end 00:59:04
  └─ [nitro5:cpu] end 00:59:04
  └─ [aspire:cpu] end 00:59:05
  └─ [leo:sd] end 00:59:05
  └─ [leo:cpu] end 00:59:05
  └─ [scorpius:sd] end 00:59:05
  └─ [aspire:nic] end 00:59:06
  └─ [aspire:ram] end 00:59:06
  └─ [leo:ram] end 00:59:06
  └─ [scorpius:nic] end 00:59:06
  └─ [scorpius:ram] end 00:59:06
=== Bloque 25s terminado - Fase: fase1_descarga_high_iter12 ===
[🧹] Limpiando CSVs internos de ecofloc en cada nodo (fase: fase1_descarga_high_iter12)...
  ✔ [nitro5:cpu] limpiado /home/luish/Documents/p3/ecofloc2/ecofloc/ecofloc-cpu/ECOFLOC_CPU_COMM_text.csv
  ✔ [nitro5:nic] limpiado /home/luish/Documents/p3/ecofloc2/ecofloc/ecofloc-nic/ECOFLOC_NIC_COMM_text.csv
  ✔ [nitro5:ram] limpiado /home/luish/Documents/p3/ecofloc2/ecofloc/ecofloc-ram/ECOFLOC_RAM_COMM_text.csv
  ✔ [nitro5:sd] limpiado /home/luish/Documents/p3/ecofloc2/ecofloc/ecofloc-sd/ECOFLOC_SD_COMM_text.csv
  ✔ [leo:cpu] limpiado /home/leo/ecofloc/ecofloc-cpu/ECOFLOC_CPU_COMM_text.csv
  ✔ [leo:nic] limpiado /home/leo/ecofloc/ecofloc-nic/ECOFLOC_NIC_COMM_text.csv
  ✔ [leo:ram] limpiado /home/leo/ecofloc/ecofloc-ram/ECOFLOC_RAM_COMM_text.csv
  ✔ [leo:sd] limpiado /home/leo/ecofloc/ecofloc-sd/ECOFLOC_SD_COMM_text.csv
  ✔ [aspire:cpu] limpiado /home/luish/Documents/p3/ecofloc2/ecofloc/ecofloc-cpu/ECOFLOC_CPU_COMM_text.csv
  ✔ [aspire:nic] limpiado /home/luish/Documents/p3/ecofloc2/ecofloc/ecofloc-nic/ECOFLOC_NIC_COMM_text.csv
  ✔ [aspire:ram] limpiado /home/luish/Documents/p3/ecofloc2/ecofloc/ecofloc-ram/ECOFLOC_RAM_COMM_text.csv
  ✔ [aspire:sd] limpiado /home/luish/Documents/p3/ecofloc2/ecofloc/ecofloc-sd/ECOFLOC_SD_COMM_text.csv
  ✔ [scorpius:cpu] limpiado /home/scorpius03/Documents/ecofloc/ecofloc-cpu/ECOFLOC_CPU_COMM_text.csv
  ✔ [scorpius:nic] limpiado /home/scorpius03/Documents/ecofloc/ecofloc-nic/ECOFLOC_NIC_COMM_text.csv
  ✔ [scorpius:ram] limpiado /home/scorpius03/Documents/ecofloc/ecofloc-ram/ECOFLOC_RAM_COMM_text.csv
  ✔ [scorpius:sd] limpiado /home/scorpius03/Documents/ecofloc/ecofloc-sd/ECOFLOC_SD_COMM_text.csv
========================================
🔋 MEASURE ENERGY FINALIZADO
   Fase: fase1_descarga_high_iter12
========================================
✔️ [00:59:10] Medición fase1_descarga_high_iter12 completada
[📦] Archivando resultados → ./historyexecutions/exp(00:59:15)_fase1_high_iter12
[✔] Archivado: ./historyexecutions/exp(00:59:15)_fase1_high_iter12
========================================
🔋 FASE 2: Preparación de servicios (high, iter 12)
========================================
📋 Capturando PIDs (gepidstea.sh)...
📋 Capturando PIDs de contenedores (kpsnodos.sh)...
🔋 [00:59:33] Iniciando medición de energía: fase2_preparacion_high_iter12 (50s)
   PID de medición: 2618638
========================================
🔋 MEASURE ENERGY - Fase: fase2_preparacion_high_iter12
   Duración: 50s
   PID: 2618638
========================================
=== Medición bloque 50s - Fase: fase2_preparacion_high_iter12 ===
[⏱ 00:59:34] Iniciando ecofloc en nitro5 por 50s (fase: fase2_preparacion_high_iter12)
⏳ Esperando 10s a que CoreDNS se estabilice...
  ├─ [nitro5:sd] start 00:59:34
  ├─ [nitro5:ram] start 00:59:34
  ├─ [nitro5:nic] start 00:59:35
[⏱ 00:59:35] Iniciando ecofloc en aspire por 50s (fase: fase2_preparacion_high_iter12)
  ├─ [nitro5:cpu] start 00:59:35
  ├─ [aspire:sd] start 00:59:35
  ├─ [aspire:ram] start 00:59:35
[⏱ 00:59:35] Iniciando ecofloc en scorpius por 50s (fase: fase2_preparacion_high_iter12)
  ├─ [aspire:nic] start 00:59:35
  ├─ [aspire:cpu] start 00:59:35
  ├─ [scorpius:sd] start 00:59:35
  ├─ [scorpius:ram] start 00:59:35
[⏱ 00:59:35] Iniciando ecofloc en leo por 50s (fase: fase2_preparacion_high_iter12)
  ├─ [scorpius:nic] start 00:59:35
  ├─ [scorpius:cpu] start 00:59:35
  ├─ [leo:sd] start 00:59:35
  ├─ [leo:ram] start 00:59:35
  ├─ [leo:nic] start 00:59:35
  ├─ [leo:cpu] start 00:59:35
➡️ Pod WebUI: teastore-webui-ff7768544-zdtd8
➡️ Está en el nodo: scorpius03
🌐 IP del nodo WebUI: 192.168.18.34
⏳ Verificando estado del TeaStore en http://192.168.18.34:30080/tools.descartes.teastore.webui/status ...
   ➤ Estado actual: 5 / 5 servicios OK
✔ TODOS los servicios del TeaStore están OK. Continuando...
⏳ [00:59:50] Esperando que termine medición: fase2_preparacion_high_iter12 (PID: 2618638)
  └─ [nitro5:sd] end 01:00:24
  └─ [nitro5:ram] end 01:00:24
  └─ [nitro5:nic] end 01:00:25
  └─ [aspire:sd] end 01:00:25
  └─ [nitro5:cpu] end 01:00:25
  └─ [scorpius:cpu] end 01:00:25
  └─ [scorpius:sd] end 01:00:26
  └─ [aspire:cpu] end 01:00:26
  └─ [aspire:nic] end 01:00:27
  └─ [leo:nic] end 01:00:27
  └─ [leo:sd] end 01:00:27
  └─ [aspire:ram] end 01:00:27
  └─ [scorpius:nic] end 01:00:27
  └─ [leo:cpu] end 01:00:28
  └─ [scorpius:ram] end 01:00:28
  └─ [leo:ram] end 01:00:28
=== Bloque 50s terminado - Fase: fase2_preparacion_high_iter12 ===
[🧹] Limpiando CSVs internos de ecofloc en cada nodo (fase: fase2_preparacion_high_iter12)...
  ✔ [nitro5:cpu] limpiado /home/luish/Documents/p3/ecofloc2/ecofloc/ecofloc-cpu/ECOFLOC_CPU_COMM_text.csv
  ✔ [nitro5:nic] limpiado /home/luish/Documents/p3/ecofloc2/ecofloc/ecofloc-nic/ECOFLOC_NIC_COMM_text.csv
  ✔ [nitro5:ram] limpiado /home/luish/Documents/p3/ecofloc2/ecofloc/ecofloc-ram/ECOFLOC_RAM_COMM_text.csv
  ✔ [nitro5:sd] limpiado /home/luish/Documents/p3/ecofloc2/ecofloc/ecofloc-sd/ECOFLOC_SD_COMM_text.csv
  ✔ [leo:cpu] limpiado /home/leo/ecofloc/ecofloc-cpu/ECOFLOC_CPU_COMM_text.csv
  ✔ [leo:nic] limpiado /home/leo/ecofloc/ecofloc-nic/ECOFLOC_NIC_COMM_text.csv
  ✔ [leo:ram] limpiado /home/leo/ecofloc/ecofloc-ram/ECOFLOC_RAM_COMM_text.csv
  ✔ [leo:sd] limpiado /home/leo/ecofloc/ecofloc-sd/ECOFLOC_SD_COMM_text.csv
  ✔ [aspire:cpu] limpiado /home/luish/Documents/p3/ecofloc2/ecofloc/ecofloc-cpu/ECOFLOC_CPU_COMM_text.csv
  ✔ [aspire:nic] limpiado /home/luish/Documents/p3/ecofloc2/ecofloc/ecofloc-nic/ECOFLOC_NIC_COMM_text.csv
  ✔ [aspire:ram] limpiado /home/luish/Documents/p3/ecofloc2/ecofloc/ecofloc-ram/ECOFLOC_RAM_COMM_text.csv
  ✔ [aspire:sd] limpiado /home/luish/Documents/p3/ecofloc2/ecofloc/ecofloc-sd/ECOFLOC_SD_COMM_text.csv
  ✔ [scorpius:cpu] limpiado /home/scorpius03/Documents/ecofloc/ecofloc-cpu/ECOFLOC_CPU_COMM_text.csv
  ✔ [scorpius:nic] limpiado /home/scorpius03/Documents/ecofloc/ecofloc-nic/ECOFLOC_NIC_COMM_text.csv
  ✔ [scorpius:ram] limpiado /home/scorpius03/Documents/ecofloc/ecofloc-ram/ECOFLOC_RAM_COMM_text.csv
  ✔ [scorpius:sd] limpiado /home/scorpius03/Documents/ecofloc/ecofloc-sd/ECOFLOC_SD_COMM_text.csv
========================================
🔋 MEASURE ENERGY FINALIZADO
   Fase: fase2_preparacion_high_iter12
========================================
✔️ [01:00:32] Medición fase2_preparacion_high_iter12 completada
[📦] Archivando resultados → ./historyexecutions/exp(01:00:37)_fase2_high_iter12
[✔] Archivado: ./historyexecutions/exp(01:00:37)_fase2_high_iter12
========================================
🔋 FASE 3: Ejecución de carga (high, iter 12)
========================================
📋 Capturando PIDs (gepidstea.sh)...
📋 Capturando PIDs de contenedores (kpsnodos.sh)...
🔋 [01:00:56] Iniciando medición de energía: fase3_carga_high_iter12 (145s)
   PID de medición: 2761648
=== Escenario high (iter 12) ===
========================================
🔋 MEASURE ENERGY - Fase: fase3_carga_high_iter12
   Duración: 145s
   PID: 2761648
========================================
=== Medición bloque 145s - Fase: fase3_carga_high_iter12 ===
🚀 Iniciando LIMBO con profile=/home/luish/Documents/death/teastore/TeaStore/examples/httploadgenerator/increasingHighIntensity.csv y script=/home/luish/Documents/death/teastore/TeaStore/examples/httploadgenerator/teastore_buy.lua
[⏱ 01:00:56] Iniciando ecofloc en nitro5 por 145s (fase: fase3_carga_high_iter12)
Feb 27, 2026 1:00:56 AM tools.descartes.dlim.httploadgenerator.runner.Director executeDirector
WARNING: No power measurements
Feb 27, 2026 1:00:56 AM tools.descartes.dlim.httploadgenerator.runner.Director executeDirector
INFO: Load Generator Thread Count set to 64
Feb 27, 2026 1:00:56 AM tools.descartes.dlim.httploadgenerator.runner.Director executeDirector
INFO: URL connection timout set to 30000 ms
Feb 27, 2026 1:00:56 AM tools.descartes.dlim.httploadgenerator.runner.Director executeDirector
INFO: Using Lua Script: /home/luish/Documents/death/teastore/TeaStore/examples/httploadgenerator/teastore_buy.lua
Feb 27, 2026 1:00:56 AM tools.descartes.dlim.httploadgenerator.runner.Director process
INFO: Read 120 Arrival Rate Tuples
Load Generator sent: ok
Feb 27, 2026 1:00:56 AM tools.descartes.dlim.httploadgenerator.runner.Director process
INFO: Arrival Rates sent to Load Generator(s).
Load Generator sent: ok
Feb 27, 2026 1:00:56 AM tools.descartes.dlim.httploadgenerator.runner.Director process
INFO: Thread Count sent to Load Generator(s): 64
Load Generator sent: ok
Feb 27, 2026 1:00:56 AM tools.descartes.dlim.httploadgenerator.runner.Director process
INFO: URL connection timeout sent to Load Generator(s): 30000
Load Generator sent: ok
Feb 27, 2026 1:00:56 AM tools.descartes.dlim.httploadgenerator.runner.Director process
INFO: Contents of script sent to Load Generator: /home/luish/Documents/death/teastore/TeaStore/examples/httploadgenerator/teastore_buy.lua
Feb 27, 2026 1:00:56 AM tools.descartes.dlim.httploadgenerator.runner.Director process
INFO: Starting Load Generation
Beginning Run @1772172056355(27.02.2026;01:00:56355)
  ├─ [nitro5:sd] start 01:00:56
Target Time = 0.5; Load Intensity = 16.0; #Success = 0; #Failed = 0; #Dropped = 0
  ├─ [nitro5:ram] start 01:00:56
  ├─ [nitro5:nic] start 01:00:57
[⏱ 01:00:57] Iniciando ecofloc en aspire por 145s (fase: fase3_carga_high_iter12)
  ├─ [nitro5:cpu] start 01:00:57
  ├─ [aspire:sd] start 01:00:57
  ├─ [aspire:ram] start 01:00:57
  ├─ [aspire:nic] start 01:00:57
[⏱ 01:00:57] Iniciando ecofloc en scorpius por 145s (fase: fase3_carga_high_iter12)
  ├─ [aspire:cpu] start 01:00:57
  ├─ [scorpius:ram] start 01:00:57
  ├─ [scorpius:sd] start 01:00:57
[⏱ 01:00:57] Iniciando ecofloc en leo por 145s (fase: fase3_carga_high_iter12)
  ├─ [scorpius:nic] start 01:00:57
  ├─ [scorpius:cpu] start 01:00:57
  ├─ [leo:sd] start 01:00:57
  ├─ [leo:nic] start 01:00:57
  ├─ [leo:cpu] start 01:00:57
  ├─ [leo:ram] start 01:00:57
Target Time = 1.5; Load Intensity = 33.0; #Success = 0; #Failed = 0; #Dropped = 0
Target Time = 2.5; Load Intensity = 50.0; #Success = 0; #Failed = 1; #Dropped = 0
Target Time = 3.5; Load Intensity = 66.0; #Success = 10; #Failed = 0; #Dropped = 0
Target Time = 4.5; Load Intensity = 83.0; #Success = 53; #Failed = 0; #Dropped = 0
Target Time = 5.5; Load Intensity = 100.0; #Success = 1; #Failed = 0; #Dropped = 0
Target Time = 6.5; Load Intensity = 116.0; #Success = 17; #Failed = 0; #Dropped = 0
Target Time = 7.5; Load Intensity = 133.0; #Success = 44; #Failed = 0; #Dropped = 0
Target Time = 8.5; Load Intensity = 150.0; #Success = 17; #Failed = 0; #Dropped = 0
Target Time = 9.5; Load Intensity = 166.0; #Success = 4; #Failed = 0; #Dropped = 0
Target Time = 10.5; Load Intensity = 183.0; #Success = 1; #Failed = 0; #Dropped = 0
Target Time = 11.5; Load Intensity = 200.0; #Success = 0; #Failed = 0; #Dropped = 0
Target Time = 12.5; Load Intensity = 216.0; #Success = 13; #Failed = 0; #Dropped = 0
Target Time = 13.5; Load Intensity = 233.0; #Success = 14; #Failed = 0; #Dropped = 0
Target Time = 14.5; Load Intensity = 250.0; #Success = 11; #Failed = 0; #Dropped = 0
Target Time = 15.5; Load Intensity = 266.0; #Success = 4; #Failed = 0; #Dropped = 0
Target Time = 16.5; Load Intensity = 283.0; #Success = 3; #Failed = 0; #Dropped = 0
Target Time = 17.5; Load Intensity = 300.0; #Success = 0; #Failed = 0; #Dropped = 0
Target Time = 18.5; Load Intensity = 316.0; #Success = 2; #Failed = 1; #Dropped = 0
Target Time = 19.5; Load Intensity = 333.0; #Success = 0; #Failed = 0; #Dropped = 0
Target Time = 20.5; Load Intensity = 350.0; #Success = 0; #Failed = 0; #Dropped = 0
Target Time = 21.5; Load Intensity = 366.0; #Success = 1; #Failed = 2; #Dropped = 0
Target Time = 22.5; Load Intensity = 383.0; #Success = 0; #Failed = 3; #Dropped = 0
Target Time = 23.5; Load Intensity = 400.0; #Success = 0; #Failed = 7; #Dropped = 0
Target Time = 24.5; Load Intensity = 416.0; #Success = 1; #Failed = 3; #Dropped = 0
Target Time = 25.5; Load Intensity = 433.0; #Success = 0; #Failed = 2; #Dropped = 0
Target Time = 26.5; Load Intensity = 450.0; #Success = 0; #Failed = 2; #Dropped = 0
Target Time = 27.5; Load Intensity = 466.0; #Success = 0; #Failed = 1; #Dropped = 0
Target Time = 28.5; Load Intensity = 483.0; #Success = 1; #Failed = 1; #Dropped = 0
Target Time = 29.5; Load Intensity = 500.0; #Success = 1; #Failed = 1; #Dropped = 0
Target Time = 30.5; Load Intensity = 516.0; #Success = 1; #Failed = 2; #Dropped = 0
Target Time = 31.5; Load Intensity = 533.0; #Success = 1; #Failed = 2; #Dropped = 0
Target Time = 32.5; Load Intensity = 550.0; #Success = 0; #Failed = 0; #Dropped = 0
Target Time = 33.5; Load Intensity = 566.0; #Success = 0; #Failed = 0; #Dropped = 0
Target Time = 34.5; Load Intensity = 583.0; #Success = 0; #Failed = 2; #Dropped = 0
Target Time = 35.5; Load Intensity = 600.0; #Success = 1; #Failed = 3; #Dropped = 0
Target Time = 36.5; Load Intensity = 616.0; #Success = 2; #Failed = 3; #Dropped = 113
Target Time = 37.5; Load Intensity = 633.0; #Success = 2; #Failed = 2; #Dropped = 133
Target Time = 38.5; Load Intensity = 650.0; #Success = 2; #Failed = 18; #Dropped = 160
Target Time = 39.5; Load Intensity = 666.0; #Success = 0; #Failed = 13; #Dropped = 168
Target Time = 40.5; Load Intensity = 683.0; #Success = 0; #Failed = 14; #Dropped = 170
Target Time = 41.5; Load Intensity = 700.0; #Success = 0; #Failed = 3; #Dropped = 36
Target Time = 42.5; Load Intensity = 716.0; #Success = 3; #Failed = 2; #Dropped = 372
Target Time = 43.5; Load Intensity = 733.0; #Success = 0; #Failed = 0; #Dropped = 0
Target Time = 44.5; Load Intensity = 750.0; #Success = 0; #Failed = 1; #Dropped = 449
Target Time = 45.5; Load Intensity = 766.0; #Success = 1; #Failed = 4; #Dropped = 294
Target Time = 46.5; Load Intensity = 783.0; #Success = 0; #Failed = 0; #Dropped = 0
Target Time = 47.5; Load Intensity = 800.0; #Success = 0; #Failed = 0; #Dropped = 0
Target Time = 48.5; Load Intensity = 816.0; #Success = 0; #Failed = 0; #Dropped = 0
Target Time = 49.5; Load Intensity = 833.0; #Success = 0; #Failed = 0; #Dropped = 0
Target Time = 50.5; Load Intensity = 850.0; #Success = 1; #Failed = 2; #Dropped = 1577
Target Time = 51.5; Load Intensity = 866.0; #Success = 1; #Failed = 1; #Dropped = 338
Target Time = 52.5; Load Intensity = 883.0; #Success = 1; #Failed = 0; #Dropped = 325
Target Time = 53.5; Load Intensity = 900.0; #Success = 2; #Failed = 1; #Dropped = 418
Target Time = 54.5; Load Intensity = 916.0; #Success = 3; #Failed = 5; #Dropped = 426
Target Time = 55.5; Load Intensity = 933.0; #Success = 0; #Failed = 3; #Dropped = 211
Target Time = 56.5; Load Intensity = 950.0; #Success = 1; #Failed = 0; #Dropped = 348
Target Time = 57.5; Load Intensity = 966.0; #Success = 1; #Failed = 5; #Dropped = 891
Target Time = 58.5; Load Intensity = 983.0; #Success = 0; #Failed = 5; #Dropped = 119
Target Time = 59.5; Load Intensity = 1000.0; #Success = 0; #Failed = 1; #Dropped = 685
Target Time = 60.5; Load Intensity = 1016.0; #Success = 1; #Failed = 7; #Dropped = 491
Target Time = 61.5; Load Intensity = 1033.0; #Success = 2; #Failed = 4; #Dropped = 574
Target Time = 62.5; Load Intensity = 1050.0; #Success = 0; #Failed = 8; #Dropped = 609
Target Time = 63.5; Load Intensity = 1066.0; #Success = 0; #Failed = 1; #Dropped = 555
Target Time = 64.5; Load Intensity = 1083.0; #Success = 1; #Failed = 4; #Dropped = 494
Target Time = 65.5; Load Intensity = 1100.0; #Success = 0; #Failed = 15; #Dropped = 692
Target Time = 66.5; Load Intensity = 1116.0; #Success = 0; #Failed = 0; #Dropped = 0
Target Time = 67.5; Load Intensity = 1133.0; #Success = 0; #Failed = 0; #Dropped = 0
Target Time = 68.5; Load Intensity = 1150.0; #Success = 4; #Failed = 0; #Dropped = 1856
Target Time = 69.5; Load Intensity = 1166.0; #Success = 2; #Failed = 7; #Dropped = 679
Target Time = 70.5; Load Intensity = 1183.0; #Success = 4; #Failed = 0; #Dropped = 669
Target Time = 71.5; Load Intensity = 1200.0; #Success = 2; #Failed = 11; #Dropped = 333
Target Time = 72.5; Load Intensity = 1216.0; #Success = 2; #Failed = 1; #Dropped = 1001
Target Time = 73.5; Load Intensity = 1233.0; #Success = 0; #Failed = 2; #Dropped = 489
Target Time = 74.5; Load Intensity = 1250.0; #Success = 0; #Failed = 0; #Dropped = 0
Target Time = 75.5; Load Intensity = 1266.0; #Success = 3; #Failed = 0; #Dropped = 1816
Target Time = 76.5; Load Intensity = 1283.0; #Success = 0; #Failed = 7; #Dropped = 777
Target Time = 77.5; Load Intensity = 1300.0; #Success = 0; #Failed = 5; #Dropped = 597
Target Time = 78.5; Load Intensity = 1316.0; #Success = 0; #Failed = 7; #Dropped = 467
Target Time = 79.5; Load Intensity = 1333.0; #Success = 0; #Failed = 7; #Dropped = 647
Target Time = 80.5; Load Intensity = 1350.0; #Success = 2; #Failed = 0; #Dropped = 1557
Target Time = 81.5; Load Intensity = 1366.0; #Success = 0; #Failed = 1; #Dropped = 203
Target Time = 82.5; Load Intensity = 1383.0; #Success = 0; #Failed = 1; #Dropped = 903
Target Time = 83.5; Load Intensity = 1400.0; #Success = 2; #Failed = 25; #Dropped = 1306
Target Time = 84.5; Load Intensity = 1416.0; #Success = 1; #Failed = 1; #Dropped = 887
Target Time = 85.5; Load Intensity = 1433.0; #Success = 2; #Failed = 0; #Dropped = 1183
Target Time = 86.5; Load Intensity = 1450.0; #Success = 0; #Failed = 0; #Dropped = 0
Target Time = 87.5; Load Intensity = 1466.0; #Success = 0; #Failed = 0; #Dropped = 0
Target Time = 88.5; Load Intensity = 1483.0; #Success = 14; #Failed = 25; #Dropped = 2881
Target Time = 89.5; Load Intensity = 1500.0; #Success = 4; #Failed = 6; #Dropped = 190
Target Time = 90.5; Load Intensity = 1516.0; #Success = 1; #Failed = 1; #Dropped = 1542
Target Time = 91.5; Load Intensity = 1533.0; #Success = 3; #Failed = 0; #Dropped = 969
Target Time = 92.5; Load Intensity = 1550.0; #Success = 1; #Failed = 0; #Dropped = 659
Target Time = 93.5; Load Intensity = 1566.0; #Success = 2; #Failed = 1; #Dropped = 1312
Target Time = 94.5; Load Intensity = 1583.0; #Success = 0; #Failed = 0; #Dropped = 0
Target Time = 95.5; Load Intensity = 1600.0; #Success = 0; #Failed = 0; #Dropped = 0
Target Time = 96.5; Load Intensity = 1616.0; #Success = 1; #Failed = 3; #Dropped = 3730
Target Time = 97.5; Load Intensity = 1633.0; #Success = 0; #Failed = 1; #Dropped = 251
Target Time = 98.5; Load Intensity = 1650.0; #Success = 1; #Failed = 0; #Dropped = 1865
Target Time = 99.5; Load Intensity = 1666.0; #Success = 0; #Failed = 0; #Dropped = 0
Target Time = 100.5; Load Intensity = 1683.0; #Success = 1; #Failed = 0; #Dropped = 2497
Target Time = 101.5; Load Intensity = 1700.0; #Success = 1; #Failed = 3; #Dropped = 987
Target Time = 102.5; Load Intensity = 1716.0; #Success = 0; #Failed = 2; #Dropped = 998
Target Time = 103.5; Load Intensity = 1733.0; #Success = 1; #Failed = 3; #Dropped = 1339
Target Time = 104.5; Load Intensity = 1750.0; #Success = 1; #Failed = 3; #Dropped = 1317
Target Time = 105.5; Load Intensity = 1766.0; #Success = 1; #Failed = 2; #Dropped = 1051
Target Time = 106.5; Load Intensity = 1783.0; #Success = 1; #Failed = 8; #Dropped = 1502
Target Time = 107.5; Load Intensity = 1800.0; #Success = 0; #Failed = 3; #Dropped = 649
Target Time = 108.5; Load Intensity = 1816.0; #Success = 0; #Failed = 4; #Dropped = 2049
Target Time = 109.5; Load Intensity = 1833.0; #Success = 3; #Failed = 5; #Dropped = 1177
Target Time = 110.5; Load Intensity = 1850.0; #Success = 1; #Failed = 5; #Dropped = 1673
Target Time = 111.5; Load Intensity = 1866.0; #Success = 0; #Failed = 1; #Dropped = 445
Target Time = 112.5; Load Intensity = 1883.0; #Success = 0; #Failed = 6; #Dropped = 2246
Target Time = 113.5; Load Intensity = 1900.0; #Success = 1; #Failed = 10; #Dropped = 1429
Target Time = 114.5; Load Intensity = 1916.0; #Success = 0; #Failed = 1; #Dropped = 373
Target Time = 115.5; Load Intensity = 1933.0; #Success = 0; #Failed = 0; #Dropped = 0
Target Time = 116.5; Load Intensity = 1950.0; #Success = 0; #Failed = 0; #Dropped = 0
Target Time = 117.5; Load Intensity = 1966.0; #Success = 0; #Failed = 0; #Dropped = 0
Target Time = 118.5; Load Intensity = 1983.0; #Success = 11; #Failed = 5; #Dropped = 6813
Target Time = 119.5; Load Intensity = 2000.0; #Success = 1; #Failed = 0; #Dropped = 356
Target Time = 120.5; Load Intensity = 0.0; #Success = 1; #Failed = 0; #Dropped = 2407
Target Time = 121.5; Load Intensity = 0.0; #Success = 0; #Failed = 1; #Dropped = 1002
Target Time = 122.5; Load Intensity = 0.0; #Success = 1; #Failed = 2; #Dropped = 1382
Target Time = 123.5; Load Intensity = 0.0; #Success = 2; #Failed = 5; #Dropped = 2650
Target Time = 124.5; Load Intensity = 0.0; #Success = 0; #Failed = 6; #Dropped = 1142
Target Time = 125.5; Load Intensity = 0.0; #Success = 2; #Failed = 5; #Dropped = 1910
Target Time = 126.5; Load Intensity = 0.0; #Success = 0; #Failed = 3; #Dropped = 1611
Target Time = 127.5; Load Intensity = 0.0; #Success = 0; #Failed = 2; #Dropped = 1276
Target Time = 128.5; Load Intensity = 0.0; #Success = 0; #Failed = 7; #Dropped = 1800
Target Time = 129.5; Load Intensity = 0.0; #Success = 1; #Failed = 2; #Dropped = 582
Target Time = 130.5; Load Intensity = 0.0; #Success = 1; #Failed = 2; #Dropped = 2993
Target Time = 131.5; Load Intensity = 0.0; #Success = 0; #Failed = 2; #Dropped = 416
Target Time = 132.5; Load Intensity = 0.0; #Success = 1; #Failed = 8; #Dropped = 3000
Target Time = 133.5; Load Intensity = 0.0; #Success = 2; #Failed = 7; #Dropped = 1631
Target Time = 134.5; Load Intensity = 0.0; #Success = 1; #Failed = 0; #Dropped = 1685
Target Time = 135.5; Load Intensity = 0.0; #Success = 3; #Failed = 1; #Dropped = 1861
Target Time = 136.5; Load Intensity = 0.0; #Success = 0; #Failed = 6; #Dropped = 1489
Target Time = 137.5; Load Intensity = 0.0; #Success = 0; #Failed = 5; #Dropped = 2096
Target Time = 138.5; Load Intensity = 0.0; #Success = 1; #Failed = 12; #Dropped = 1456
Target Time = 139.5; Load Intensity = 0.0; #Success = 1; #Failed = 0; #Dropped = 564
Target Time = 140.5; Load Intensity = 0.0; #Success = 1; #Failed = 0; #Dropped = 2262
Target Time = 141.5; Load Intensity = 0.0; #Success = 1; #Failed = 3; #Dropped = 2514
Target Time = 142.5; Load Intensity = 0.0; #Success = 2; #Failed = 12; #Dropped = 1545
Target Time = 143.5; Load Intensity = 0.0; #Success = 0; #Failed = 5; #Dropped = 1860
Target Time = 144.5; Load Intensity = 0.0; #Success = 1; #Failed = 4; #Dropped = 2765
  └─ [nitro5:ram] end 01:03:21
  └─ [nitro5:sd] end 01:03:21
Target Time = 145.5; Load Intensity = 0.0; #Success = 0; #Failed = 1; #Dropped = 1972
  └─ [nitro5:nic] end 01:03:22
  └─ [nitro5:cpu] end 01:03:22
Target Time = 146.5; Load Intensity = 0.0; #Success = 0; #Failed = 9; #Dropped = 2427
Target Time = 147.5; Load Intensity = 0.0; #Success = 0; #Failed = 16; #Dropped = 1523
Target Time = 148.5; Load Intensity = 0.0; #Success = 2; #Failed = 3; #Dropped = 586
Target Time = 149.5; Load Intensity = 0.0; #Success = 0; #Failed = 0; #Dropped = 0
  └─ [leo:cpu] end 01:03:26
  └─ [leo:sd] end 01:03:26
  └─ [leo:nic] end 01:03:26
  └─ [scorpius:cpu] end 01:03:26
  └─ [scorpius:sd] end 01:03:26
Target Time = 150.5; Load Intensity = 0.0; #Success = 0; #Failed = 7; #Dropped = 3391
  └─ [leo:ram] end 01:03:27
Target Time = 151.5; Load Intensity = 0.0; #Success = 0; #Failed = 10; #Dropped = 0
Target Time = 152.5; Load Intensity = 0.0; #Success = 0; #Failed = 20; #Dropped = 0
  └─ [scorpius:nic] end 01:03:29
  └─ [scorpius:ram] end 01:03:29
Target Time = 153.5; Load Intensity = 0.0; #Success = 1; #Failed = 0; #Dropped = 0
Target Time = 154.5; Load Intensity = 0.0; #Success = 2; #Failed = 0; #Dropped = 0
Target Time = 155.5; Load Intensity = 0.0; #Success = 4; #Failed = 0; #Dropped = 0
Target Time = 156.5; Load Intensity = 0.0; #Success = 0; #Failed = 0; #Dropped = 0
Target Time = 157.5; Load Intensity = 0.0; #Success = 3; #Failed = 0; #Dropped = 0
Target Time = 158.5; Load Intensity = 0.0; #Success = 0; #Failed = 0; #Dropped = 0
Target Time = 159.5; Load Intensity = 0.0; #Success = 0; #Failed = 1; #Dropped = 0
Target Time = 160.5; Load Intensity = 0.0; #Success = 1; #Failed = 0; #Dropped = 0
Target Time = 161.5; Load Intensity = 0.0; #Success = 3; #Failed = 0; #Dropped = 0
Target Time = 162.5; Load Intensity = 0.0; #Success = 3; #Failed = 0; #Dropped = 0
Target Time = 163.5; Load Intensity = 0.0; #Success = 2; #Failed = 0; #Dropped = 0
Target Time = 164.5; Load Intensity = 0.0; #Success = 0; #Failed = 0; #Dropped = 0
Target Time = 165.5; Load Intensity = 0.0; #Success = 1; #Failed = 1; #Dropped = 0
Target Time = 166.5; Load Intensity = 0.0; #Success = 2; #Failed = 0; #Dropped = 0
  └─ [aspire:nic] end 01:03:43
Target Time = 167.5; Load Intensity = 0.0; #Success = 3; #Failed = 0; #Dropped = 0
  └─ [aspire:cpu] end 01:03:44
  └─ [aspire:sd] end 01:03:44
  └─ [aspire:ram] end 01:03:44
=== Bloque 145s terminado - Fase: fase3_carga_high_iter12 ===
[🧹] Limpiando CSVs internos de ecofloc en cada nodo (fase: fase3_carga_high_iter12)...
  ✔ [nitro5:cpu] limpiado /home/luish/Documents/p3/ecofloc2/ecofloc/ecofloc-cpu/ECOFLOC_CPU_COMM_text.csv
  ✔ [nitro5:nic] limpiado /home/luish/Documents/p3/ecofloc2/ecofloc/ecofloc-nic/ECOFLOC_NIC_COMM_text.csv
  ✔ [nitro5:ram] limpiado /home/luish/Documents/p3/ecofloc2/ecofloc/ecofloc-ram/ECOFLOC_RAM_COMM_text.csv
  ✔ [nitro5:sd] limpiado /home/luish/Documents/p3/ecofloc2/ecofloc/ecofloc-sd/ECOFLOC_SD_COMM_text.csv
  ✔ [leo:cpu] limpiado /home/leo/ecofloc/ecofloc-cpu/ECOFLOC_CPU_COMM_text.csv
  ✔ [leo:nic] limpiado /home/leo/ecofloc/ecofloc-nic/ECOFLOC_NIC_COMM_text.csv
  ✔ [leo:ram] limpiado /home/leo/ecofloc/ecofloc-ram/ECOFLOC_RAM_COMM_text.csv
  ✔ [leo:sd] limpiado /home/leo/ecofloc/ecofloc-sd/ECOFLOC_SD_COMM_text.csv
  ✔ [aspire:cpu] limpiado /home/luish/Documents/p3/ecofloc2/ecofloc/ecofloc-cpu/ECOFLOC_CPU_COMM_text.csv
  ✔ [aspire:nic] limpiado /home/luish/Documents/p3/ecofloc2/ecofloc/ecofloc-nic/ECOFLOC_NIC_COMM_text.csv
  ✔ [aspire:ram] limpiado /home/luish/Documents/p3/ecofloc2/ecofloc/ecofloc-ram/ECOFLOC_RAM_COMM_text.csv
  ✔ [aspire:sd] limpiado /home/luish/Documents/p3/ecofloc2/ecofloc/ecofloc-sd/ECOFLOC_SD_COMM_text.csv
  ✔ [scorpius:cpu] limpiado /home/scorpius03/Documents/ecofloc/ecofloc-cpu/ECOFLOC_CPU_COMM_text.csv
Workload finished.
Log finished.
📄 LIMBO finalizado para scenario=high
⏳ [01:03:48] Esperando que termine medición: fase3_carga_high_iter12 (PID: 2761648)
  ✔ [scorpius:nic] limpiado /home/scorpius03/Documents/ecofloc/ecofloc-nic/ECOFLOC_NIC_COMM_text.csv
  ✔ [scorpius:ram] limpiado /home/scorpius03/Documents/ecofloc/ecofloc-ram/ECOFLOC_RAM_COMM_text.csv
  ✔ [scorpius:sd] limpiado /home/scorpius03/Documents/ecofloc/ecofloc-sd/ECOFLOC_SD_COMM_text.csv
========================================
🔋 MEASURE ENERGY FINALIZADO
   Fase: fase3_carga_high_iter12
========================================
✔️ [01:03:49] Medición fase3_carga_high_iter12 completada
[📦] Archivando resultados → ./historyexecutions/exp(01:03:54)_fase3_high_iter12
[✔] Archivado: ./historyexecutions/exp(01:03:54)_fase3_high_iter12
🧹 Limpiando TeaStore (iter 12)...
⏸ Esperando 15s para limpieza completa...
✅ Iteración 12 / 15 del escenario high completada.

########################################################
🔄 ESCENARIO: high | ITERACIÓN: 13 / 15
   Hora: 01:04:43
########################################################
========================================
🔋 FASE 1: Descarga de imágenes (high, iter 13)
========================================
📋 Capturando PIDs (gepidstea.sh)...
📋 Capturando PIDs de contenedores (kpsnodos.sh)...
🔋 [01:05:05] Iniciando medición de energía: fase1_descarga_high_iter13 (25s)
   PID de medición: 3142832
🚀 Desplegando TeaStore desde /home/luish/Documents/death/teastore/TeaStore/examples/kubernetes/teastore-energy-scheduler.yaml...
========================================
🔋 MEASURE ENERGY - Fase: fase1_descarga_high_iter13
   Duración: 25s
   PID: 3142832
========================================
=== Medición bloque 25s - Fase: fase1_descarga_high_iter13 ===
[⏱ 01:05:05] Iniciando ecofloc en nitro5 por 25s (fase: fase1_descarga_high_iter13)
⏳ Esperando a que todos los pods de TeaStore estén Running y Ready...
  ├─ [nitro5:sd] start 01:05:05
  ├─ [nitro5:ram] start 01:05:06
  ├─ [nitro5:nic] start 01:05:06
[⏱ 01:05:07] Iniciando ecofloc en aspire por 25s (fase: fase1_descarga_high_iter13)
  ├─ [nitro5:cpu] start 01:05:07
  ├─ [aspire:sd] start 01:05:07
  ├─ [aspire:ram] start 01:05:07
  ├─ [aspire:nic] start 01:05:07
[⏱ 01:05:07] Iniciando ecofloc en scorpius por 25s (fase: fase1_descarga_high_iter13)
  ├─ [aspire:cpu] start 01:05:07
  ├─ [scorpius:sd] start 01:05:07
  ├─ [scorpius:ram] start 01:05:07
[⏱ 01:05:07] Iniciando ecofloc en leo por 25s (fase: fase1_descarga_high_iter13)
  ├─ [scorpius:cpu] start 01:05:07
  ├─ [scorpius:nic] start 01:05:07
  ├─ [leo:sd] start 01:05:07
  ├─ [leo:ram] start 01:05:07
  ├─ [leo:nic] start 01:05:07
  ├─ [leo:cpu] start 01:05:07
✅ Pods listos.
⏳ [01:05:08] Esperando que termine medición: fase1_descarga_high_iter13 (PID: 3142832)
  └─ [nitro5:sd] end 01:05:30
  └─ [nitro5:ram] end 01:05:31
  └─ [nitro5:nic] end 01:05:31
  └─ [nitro5:cpu] end 01:05:32
  └─ [aspire:sd] end 01:05:32
  └─ [aspire:cpu] end 01:05:33
  └─ [leo:cpu] end 01:05:33
  └─ [leo:sd] end 01:05:33
  └─ [leo:nic] end 01:05:33
  └─ [aspire:nic] end 01:05:33
  └─ [scorpius:cpu] end 01:05:33
  └─ [aspire:ram] end 01:05:33
  └─ [leo:ram] end 01:05:33
  └─ [scorpius:sd] end 01:05:34
  └─ [scorpius:nic] end 01:05:34
  └─ [scorpius:ram] end 01:05:34
=== Bloque 25s terminado - Fase: fase1_descarga_high_iter13 ===
[🧹] Limpiando CSVs internos de ecofloc en cada nodo (fase: fase1_descarga_high_iter13)...
  ✔ [nitro5:cpu] limpiado /home/luish/Documents/p3/ecofloc2/ecofloc/ecofloc-cpu/ECOFLOC_CPU_COMM_text.csv
  ✔ [nitro5:nic] limpiado /home/luish/Documents/p3/ecofloc2/ecofloc/ecofloc-nic/ECOFLOC_NIC_COMM_text.csv
  ✔ [nitro5:ram] limpiado /home/luish/Documents/p3/ecofloc2/ecofloc/ecofloc-ram/ECOFLOC_RAM_COMM_text.csv
  ✔ [nitro5:sd] limpiado /home/luish/Documents/p3/ecofloc2/ecofloc/ecofloc-sd/ECOFLOC_SD_COMM_text.csv
  ✔ [leo:cpu] limpiado /home/leo/ecofloc/ecofloc-cpu/ECOFLOC_CPU_COMM_text.csv
  ✔ [leo:nic] limpiado /home/leo/ecofloc/ecofloc-nic/ECOFLOC_NIC_COMM_text.csv
  ✔ [leo:ram] limpiado /home/leo/ecofloc/ecofloc-ram/ECOFLOC_RAM_COMM_text.csv
  ✔ [leo:sd] limpiado /home/leo/ecofloc/ecofloc-sd/ECOFLOC_SD_COMM_text.csv
  ✔ [aspire:cpu] limpiado /home/luish/Documents/p3/ecofloc2/ecofloc/ecofloc-cpu/ECOFLOC_CPU_COMM_text.csv
  ✔ [aspire:nic] limpiado /home/luish/Documents/p3/ecofloc2/ecofloc/ecofloc-nic/ECOFLOC_NIC_COMM_text.csv
  ✔ [aspire:ram] limpiado /home/luish/Documents/p3/ecofloc2/ecofloc/ecofloc-ram/ECOFLOC_RAM_COMM_text.csv
  ✔ [aspire:sd] limpiado /home/luish/Documents/p3/ecofloc2/ecofloc/ecofloc-sd/ECOFLOC_SD_COMM_text.csv
  ✔ [scorpius:cpu] limpiado /home/scorpius03/Documents/ecofloc/ecofloc-cpu/ECOFLOC_CPU_COMM_text.csv
  ✔ [scorpius:nic] limpiado /home/scorpius03/Documents/ecofloc/ecofloc-nic/ECOFLOC_NIC_COMM_text.csv
  ✔ [scorpius:ram] limpiado /home/scorpius03/Documents/ecofloc/ecofloc-ram/ECOFLOC_RAM_COMM_text.csv
  ✔ [scorpius:sd] limpiado /home/scorpius03/Documents/ecofloc/ecofloc-sd/ECOFLOC_SD_COMM_text.csv
========================================
🔋 MEASURE ENERGY FINALIZADO
   Fase: fase1_descarga_high_iter13
========================================
✔️ [01:05:38] Medición fase1_descarga_high_iter13 completada
[📦] Archivando resultados → ./historyexecutions/exp(01:05:43)_fase1_high_iter13
[✔] Archivado: ./historyexecutions/exp(01:05:43)_fase1_high_iter13
========================================
🔋 FASE 2: Preparación de servicios (high, iter 13)
========================================
📋 Capturando PIDs (gepidstea.sh)...
📋 Capturando PIDs de contenedores (kpsnodos.sh)...
🔋 [01:06:01] Iniciando medición de energía: fase2_preparacion_high_iter13 (50s)
   PID de medición: 3209631
========================================
🔋 MEASURE ENERGY - Fase: fase2_preparacion_high_iter13
   Duración: 50s
   PID: 3209631
========================================
=== Medición bloque 50s - Fase: fase2_preparacion_high_iter13 ===
[⏱ 01:06:01] Iniciando ecofloc en nitro5 por 50s (fase: fase2_preparacion_high_iter13)
⏳ Esperando 10s a que CoreDNS se estabilice...
  ├─ [nitro5:sd] start 01:06:02
  ├─ [nitro5:ram] start 01:06:02
  ├─ [nitro5:nic] start 01:06:02
[⏱ 01:06:03] Iniciando ecofloc en aspire por 50s (fase: fase2_preparacion_high_iter13)
  ├─ [nitro5:cpu] start 01:06:03
  ├─ [aspire:sd] start 01:06:03
  ├─ [aspire:ram] start 01:06:03
[⏱ 01:06:03] Iniciando ecofloc en scorpius por 50s (fase: fase2_preparacion_high_iter13)
  ├─ [aspire:nic] start 01:06:03
  ├─ [aspire:cpu] start 01:06:03
  ├─ [scorpius:sd] start 01:06:03
  ├─ [scorpius:nic] start 01:06:03
[⏱ 01:06:03] Iniciando ecofloc en leo por 50s (fase: fase2_preparacion_high_iter13)
  ├─ [scorpius:ram] start 01:06:03
  ├─ [scorpius:cpu] start 01:06:03
  ├─ [leo:sd] start 01:06:03
  ├─ [leo:nic] start 01:06:03
  ├─ [leo:ram] start 01:06:03
  ├─ [leo:cpu] start 01:06:03
➡️ Pod WebUI: teastore-webui-ff7768544-vk9bc
➡️ Está en el nodo: luish-aspire-a315-55g
🌐 IP del nodo WebUI: 192.168.18.37
⏳ Verificando estado del TeaStore en http://192.168.18.37:30080/tools.descartes.teastore.webui/status ...
   ➤ Estado actual: 5 / 5 servicios OK
✔ TODOS los servicios del TeaStore están OK. Continuando...
⏳ [01:06:15] Esperando que termine medición: fase2_preparacion_high_iter13 (PID: 3209631)
  └─ [nitro5:sd] end 01:06:52
  └─ [nitro5:ram] end 01:06:52
  └─ [nitro5:nic] end 01:06:52
  └─ [nitro5:cpu] end 01:06:53
  └─ [aspire:sd] end 01:06:54
  └─ [aspire:cpu] end 01:06:54
  └─ [leo:sd] end 01:06:54
  └─ [leo:cpu] end 01:06:54
  └─ [scorpius:sd] end 01:06:54
  └─ [scorpius:cpu] end 01:06:54
  └─ [aspire:nic] end 01:06:54
  └─ [leo:ram] end 01:06:54
  └─ [leo:nic] end 01:06:54
  └─ [aspire:ram] end 01:06:55
  └─ [scorpius:nic] end 01:06:55
  └─ [scorpius:ram] end 01:06:55
=== Bloque 50s terminado - Fase: fase2_preparacion_high_iter13 ===
[🧹] Limpiando CSVs internos de ecofloc en cada nodo (fase: fase2_preparacion_high_iter13)...
  ✔ [nitro5:cpu] limpiado /home/luish/Documents/p3/ecofloc2/ecofloc/ecofloc-cpu/ECOFLOC_CPU_COMM_text.csv
  ✔ [nitro5:nic] limpiado /home/luish/Documents/p3/ecofloc2/ecofloc/ecofloc-nic/ECOFLOC_NIC_COMM_text.csv
  ✔ [nitro5:ram] limpiado /home/luish/Documents/p3/ecofloc2/ecofloc/ecofloc-ram/ECOFLOC_RAM_COMM_text.csv
  ✔ [nitro5:sd] limpiado /home/luish/Documents/p3/ecofloc2/ecofloc/ecofloc-sd/ECOFLOC_SD_COMM_text.csv
  ✔ [leo:cpu] limpiado /home/leo/ecofloc/ecofloc-cpu/ECOFLOC_CPU_COMM_text.csv
  ✔ [leo:nic] limpiado /home/leo/ecofloc/ecofloc-nic/ECOFLOC_NIC_COMM_text.csv
  ✔ [leo:ram] limpiado /home/leo/ecofloc/ecofloc-ram/ECOFLOC_RAM_COMM_text.csv
  ✔ [leo:sd] limpiado /home/leo/ecofloc/ecofloc-sd/ECOFLOC_SD_COMM_text.csv
  ✔ [aspire:cpu] limpiado /home/luish/Documents/p3/ecofloc2/ecofloc/ecofloc-cpu/ECOFLOC_CPU_COMM_text.csv
  ✔ [aspire:nic] limpiado /home/luish/Documents/p3/ecofloc2/ecofloc/ecofloc-nic/ECOFLOC_NIC_COMM_text.csv
  ✔ [aspire:ram] limpiado /home/luish/Documents/p3/ecofloc2/ecofloc/ecofloc-ram/ECOFLOC_RAM_COMM_text.csv
  ✔ [aspire:sd] limpiado /home/luish/Documents/p3/ecofloc2/ecofloc/ecofloc-sd/ECOFLOC_SD_COMM_text.csv
  ✔ [scorpius:cpu] limpiado /home/scorpius03/Documents/ecofloc/ecofloc-cpu/ECOFLOC_CPU_COMM_text.csv
  ✔ [scorpius:nic] limpiado /home/scorpius03/Documents/ecofloc/ecofloc-nic/ECOFLOC_NIC_COMM_text.csv
  ✔ [scorpius:ram] limpiado /home/scorpius03/Documents/ecofloc/ecofloc-ram/ECOFLOC_RAM_COMM_text.csv
  ✔ [scorpius:sd] limpiado /home/scorpius03/Documents/ecofloc/ecofloc-sd/ECOFLOC_SD_COMM_text.csv
========================================
🔋 MEASURE ENERGY FINALIZADO
   Fase: fase2_preparacion_high_iter13
========================================
✔️ [01:06:58] Medición fase2_preparacion_high_iter13 completada
[📦] Archivando resultados → ./historyexecutions/exp(01:07:03)_fase2_high_iter13
[✔] Archivado: ./historyexecutions/exp(01:07:03)_fase2_high_iter13
========================================
🔋 FASE 3: Ejecución de carga (high, iter 13)
========================================
📋 Capturando PIDs (gepidstea.sh)...
📋 Capturando PIDs de contenedores (kpsnodos.sh)...
🔋 [01:07:22] Iniciando medición de energía: fase3_carga_high_iter13 (145s)
   PID de medición: 3343635
=== Escenario high (iter 13) ===
========================================
🔋 MEASURE ENERGY - Fase: fase3_carga_high_iter13
   Duración: 145s
   PID: 3343635
========================================
🚀 Iniciando LIMBO con profile=/home/luish/Documents/death/teastore/TeaStore/examples/httploadgenerator/increasingHighIntensity.csv y script=/home/luish/Documents/death/teastore/TeaStore/examples/httploadgenerator/teastore_buy.lua
=== Medición bloque 145s - Fase: fase3_carga_high_iter13 ===
[⏱ 01:07:22] Iniciando ecofloc en nitro5 por 145s (fase: fase3_carga_high_iter13)
Feb 27, 2026 1:07:22 AM tools.descartes.dlim.httploadgenerator.runner.Director executeDirector
WARNING: No power measurements
Feb 27, 2026 1:07:22 AM tools.descartes.dlim.httploadgenerator.runner.Director executeDirector
INFO: Load Generator Thread Count set to 64
Feb 27, 2026 1:07:22 AM tools.descartes.dlim.httploadgenerator.runner.Director executeDirector
INFO: URL connection timout set to 30000 ms
Feb 27, 2026 1:07:22 AM tools.descartes.dlim.httploadgenerator.runner.Director executeDirector
INFO: Using Lua Script: /home/luish/Documents/death/teastore/TeaStore/examples/httploadgenerator/teastore_buy.lua
Feb 27, 2026 1:07:22 AM tools.descartes.dlim.httploadgenerator.runner.Director process
INFO: Read 120 Arrival Rate Tuples
Load Generator sent: ok
Feb 27, 2026 1:07:22 AM tools.descartes.dlim.httploadgenerator.runner.Director process
INFO: Arrival Rates sent to Load Generator(s).
Load Generator sent: ok
Feb 27, 2026 1:07:22 AM tools.descartes.dlim.httploadgenerator.runner.Director process
INFO: Thread Count sent to Load Generator(s): 64
Load Generator sent: ok
Feb 27, 2026 1:07:22 AM tools.descartes.dlim.httploadgenerator.runner.Director process
INFO: URL connection timeout sent to Load Generator(s): 30000
Load Generator sent: ok
Feb 27, 2026 1:07:22 AM tools.descartes.dlim.httploadgenerator.runner.Director process
INFO: Contents of script sent to Load Generator: /home/luish/Documents/death/teastore/TeaStore/examples/httploadgenerator/teastore_buy.lua
Feb 27, 2026 1:07:22 AM tools.descartes.dlim.httploadgenerator.runner.Director process
INFO: Starting Load Generation
Beginning Run @1772172442837(27.02.2026;01:07:22837)
  ├─ [nitro5:sd] start 01:07:23
Target Time = 0.5; Load Intensity = 16.0; #Success = 0; #Failed = 0; #Dropped = 0
  ├─ [nitro5:ram] start 01:07:23
  ├─ [nitro5:nic] start 01:07:23
[⏱ 01:07:24] Iniciando ecofloc en aspire por 145s (fase: fase3_carga_high_iter13)
  ├─ [nitro5:cpu] start 01:07:24
  ├─ [aspire:sd] start 01:07:24
  ├─ [aspire:ram] start 01:07:24
[⏱ 01:07:24] Iniciando ecofloc en scorpius por 145s (fase: fase3_carga_high_iter13)
  ├─ [aspire:nic] start 01:07:24
  ├─ [aspire:cpu] start 01:07:24
  ├─ [scorpius:sd] start 01:07:24
  ├─ [scorpius:ram] start 01:07:24
  ├─ [scorpius:nic] start 01:07:24
[⏱ 01:07:24] Iniciando ecofloc en leo por 145s (fase: fase3_carga_high_iter13)
  ├─ [scorpius:cpu] start 01:07:24
  ├─ [leo:sd] start 01:07:24
  ├─ [leo:ram] start 01:07:24
  ├─ [leo:nic] start 01:07:24
  ├─ [leo:cpu] start 01:07:24
Target Time = 1.5; Load Intensity = 33.0; #Success = 0; #Failed = 3; #Dropped = 0
Target Time = 2.5; Load Intensity = 50.0; #Success = 52; #Failed = 0; #Dropped = 0
Target Time = 3.5; Load Intensity = 66.0; #Success = 3; #Failed = 0; #Dropped = 0
Target Time = 4.5; Load Intensity = 83.0; #Success = 31; #Failed = 0; #Dropped = 0
Target Time = 5.5; Load Intensity = 100.0; #Success = 38; #Failed = 0; #Dropped = 0
Target Time = 6.5; Load Intensity = 116.0; #Success = 10; #Failed = 1; #Dropped = 0
Target Time = 7.5; Load Intensity = 133.0; #Success = 1; #Failed = 0; #Dropped = 0
Target Time = 8.5; Load Intensity = 150.0; #Success = 6; #Failed = 0; #Dropped = 0
Target Time = 9.5; Load Intensity = 166.0; #Success = 10; #Failed = 0; #Dropped = 0
Target Time = 10.5; Load Intensity = 183.0; #Success = 25; #Failed = 0; #Dropped = 0
Target Time = 11.5; Load Intensity = 200.0; #Success = 16; #Failed = 0; #Dropped = 0
Target Time = 12.5; Load Intensity = 216.0; #Success = 0; #Failed = 0; #Dropped = 0
Target Time = 13.5; Load Intensity = 233.0; #Success = 0; #Failed = 0; #Dropped = 0
Target Time = 14.5; Load Intensity = 250.0; #Success = 0; #Failed = 0; #Dropped = 0
Target Time = 15.5; Load Intensity = 266.0; #Success = 0; #Failed = 0; #Dropped = 0
Target Time = 16.5; Load Intensity = 283.0; #Success = 0; #Failed = 0; #Dropped = 0
Target Time = 17.5; Load Intensity = 300.0; #Success = 0; #Failed = 0; #Dropped = 0
Target Time = 18.5; Load Intensity = 316.0; #Success = 0; #Failed = 0; #Dropped = 0
Target Time = 19.5; Load Intensity = 333.0; #Success = 0; #Failed = 0; #Dropped = 0
Target Time = 20.5; Load Intensity = 350.0; #Success = 0; #Failed = 0; #Dropped = 0
Target Time = 21.5; Load Intensity = 366.0; #Success = 0; #Failed = 19; #Dropped = 0
Target Time = 22.5; Load Intensity = 383.0; #Success = 0; #Failed = 0; #Dropped = 0
Target Time = 23.5; Load Intensity = 400.0; #Success = 0; #Failed = 0; #Dropped = 0
Target Time = 24.5; Load Intensity = 416.0; #Success = 0; #Failed = 0; #Dropped = 0
Target Time = 25.5; Load Intensity = 433.0; #Success = 0; #Failed = 0; #Dropped = 0
Target Time = 26.5; Load Intensity = 450.0; #Success = 0; #Failed = 0; #Dropped = 0
Target Time = 27.5; Load Intensity = 466.0; #Success = 0; #Failed = 0; #Dropped = 0
Target Time = 28.5; Load Intensity = 483.0; #Success = 0; #Failed = 0; #Dropped = 0
Target Time = 29.5; Load Intensity = 500.0; #Success = 0; #Failed = 0; #Dropped = 0
Target Time = 30.5; Load Intensity = 516.0; #Success = 0; #Failed = 0; #Dropped = 0
Target Time = 31.5; Load Intensity = 533.0; #Success = 0; #Failed = 0; #Dropped = 0
Target Time = 32.5; Load Intensity = 550.0; #Success = 0; #Failed = 0; #Dropped = 0
Target Time = 33.5; Load Intensity = 566.0; #Success = 0; #Failed = 0; #Dropped = 0
Target Time = 34.5; Load Intensity = 583.0; #Success = 0; #Failed = 0; #Dropped = 0
Target Time = 35.5; Load Intensity = 600.0; #Success = 0; #Failed = 0; #Dropped = 0
Target Time = 36.5; Load Intensity = 616.0; #Success = 6; #Failed = 2; #Dropped = 165
Target Time = 37.5; Load Intensity = 633.0; #Success = 1; #Failed = 20; #Dropped = 81
Target Time = 38.5; Load Intensity = 650.0; #Success = 2; #Failed = 15; #Dropped = 88
Target Time = 39.5; Load Intensity = 666.0; #Success = 8; #Failed = 0; #Dropped = 209
Target Time = 40.5; Load Intensity = 683.0; #Success = 6; #Failed = 0; #Dropped = 159
Target Time = 41.5; Load Intensity = 700.0; #Success = 1; #Failed = 0; #Dropped = 65
Target Time = 42.5; Load Intensity = 716.0; #Success = 0; #Failed = 0; #Dropped = 0
Target Time = 43.5; Load Intensity = 733.0; #Success = 0; #Failed = 0; #Dropped = 0
Target Time = 44.5; Load Intensity = 750.0; #Success = 0; #Failed = 0; #Dropped = 0
Target Time = 45.5; Load Intensity = 766.0; #Success = 0; #Failed = 0; #Dropped = 0
Target Time = 46.5; Load Intensity = 783.0; #Success = 0; #Failed = 0; #Dropped = 0
Target Time = 47.5; Load Intensity = 800.0; #Success = 0; #Failed = 0; #Dropped = 0
Target Time = 48.5; Load Intensity = 816.0; #Success = 0; #Failed = 0; #Dropped = 0
Target Time = 49.5; Load Intensity = 833.0; #Success = 0; #Failed = 9; #Dropped = 2206
Target Time = 50.5; Load Intensity = 850.0; #Success = 0; #Failed = 0; #Dropped = 0
Target Time = 51.5; Load Intensity = 866.0; #Success = 3; #Failed = 0; #Dropped = 757
Target Time = 52.5; Load Intensity = 883.0; #Success = 0; #Failed = 4; #Dropped = 544
Target Time = 53.5; Load Intensity = 900.0; #Success = 0; #Failed = 10; #Dropped = 305
Target Time = 54.5; Load Intensity = 916.0; #Success = 0; #Failed = 2; #Dropped = 105
Target Time = 55.5; Load Intensity = 933.0; #Success = 0; #Failed = 0; #Dropped = 0
Target Time = 56.5; Load Intensity = 950.0; #Success = 0; #Failed = 0; #Dropped = 0
Target Time = 57.5; Load Intensity = 966.0; #Success = 0; #Failed = 5; #Dropped = 1701
Target Time = 58.5; Load Intensity = 983.0; #Success = 0; #Failed = 2; #Dropped = 116
Target Time = 59.5; Load Intensity = 1000.0; #Success = 0; #Failed = 1; #Dropped = 732
Target Time = 60.5; Load Intensity = 1016.0; #Success = 0; #Failed = 0; #Dropped = 0
Target Time = 61.5; Load Intensity = 1033.0; #Success = 0; #Failed = 0; #Dropped = 0
Target Time = 62.5; Load Intensity = 1050.0; #Success = 0; #Failed = 2; #Dropped = 1306
Target Time = 63.5; Load Intensity = 1066.0; #Success = 0; #Failed = 8; #Dropped = 559
Target Time = 64.5; Load Intensity = 1083.0; #Success = 0; #Failed = 6; #Dropped = 884
Target Time = 65.5; Load Intensity = 1100.0; #Success = 0; #Failed = 2; #Dropped = 476
Target Time = 66.5; Load Intensity = 1116.0; #Success = 2; #Failed = 0; #Dropped = 707
Target Time = 67.5; Load Intensity = 1133.0; #Success = 4; #Failed = 0; #Dropped = 834
Target Time = 68.5; Load Intensity = 1150.0; #Success = 1; #Failed = 0; #Dropped = 56
Target Time = 69.5; Load Intensity = 1166.0; #Success = 0; #Failed = 0; #Dropped = 0
Target Time = 70.5; Load Intensity = 1183.0; #Success = 2; #Failed = 0; #Dropped = 1690
Target Time = 71.5; Load Intensity = 1200.0; #Success = 1; #Failed = 0; #Dropped = 287
Target Time = 72.5; Load Intensity = 1216.0; #Success = 0; #Failed = 0; #Dropped = 0
Target Time = 73.5; Load Intensity = 1233.0; #Success = 0; #Failed = 22; #Dropped = 2028
Target Time = 74.5; Load Intensity = 1250.0; #Success = 0; #Failed = 10; #Dropped = 33
Target Time = 75.5; Load Intensity = 1266.0; #Success = 0; #Failed = 0; #Dropped = 0
Target Time = 76.5; Load Intensity = 1283.0; #Success = 0; #Failed = 7; #Dropped = 1546
Target Time = 77.5; Load Intensity = 1300.0; #Success = 0; #Failed = 0; #Dropped = 0
Target Time = 78.5; Load Intensity = 1316.0; #Success = 0; #Failed = 0; #Dropped = 0
Target Time = 79.5; Load Intensity = 1333.0; #Success = 2; #Failed = 2; #Dropped = 3028
Target Time = 80.5; Load Intensity = 1350.0; #Success = 0; #Failed = 2; #Dropped = 303
Target Time = 81.5; Load Intensity = 1366.0; #Success = 3; #Failed = 0; #Dropped = 1257
Target Time = 82.5; Load Intensity = 1383.0; #Success = 2; #Failed = 0; #Dropped = 1120
Target Time = 83.5; Load Intensity = 1400.0; #Success = 3; #Failed = 0; #Dropped = 722
Target Time = 84.5; Load Intensity = 1416.0; #Success = 0; #Failed = 0; #Dropped = 0
Target Time = 85.5; Load Intensity = 1433.0; #Success = 0; #Failed = 1; #Dropped = 1476
Target Time = 86.5; Load Intensity = 1450.0; #Success = 0; #Failed = 0; #Dropped = 0
Target Time = 87.5; Load Intensity = 1466.0; #Success = 0; #Failed = 1; #Dropped = 2494
Target Time = 88.5; Load Intensity = 1483.0; #Success = 0; #Failed = 0; #Dropped = 0
Target Time = 89.5; Load Intensity = 1500.0; #Success = 0; #Failed = 0; #Dropped = 0
Target Time = 90.5; Load Intensity = 1516.0; #Success = 0; #Failed = 25; #Dropped = 2952
Target Time = 91.5; Load Intensity = 1533.0; #Success = 0; #Failed = 0; #Dropped = 0
Target Time = 92.5; Load Intensity = 1550.0; #Success = 1; #Failed = 1; #Dropped = 1203
Target Time = 93.5; Load Intensity = 1566.0; #Success = 0; #Failed = 0; #Dropped = 0
Target Time = 94.5; Load Intensity = 1583.0; #Success = 0; #Failed = 0; #Dropped = 0
Target Time = 95.5; Load Intensity = 1600.0; #Success = 0; #Failed = 0; #Dropped = 0
Target Time = 96.5; Load Intensity = 1616.0; #Success = 2; #Failed = 0; #Dropped = 5048
Target Time = 97.5; Load Intensity = 1633.0; #Success = 2; #Failed = 0; #Dropped = 328
Target Time = 98.5; Load Intensity = 1650.0; #Success = 1; #Failed = 2; #Dropped = 2055
Target Time = 99.5; Load Intensity = 1666.0; #Success = 0; #Failed = 2; #Dropped = 650
Target Time = 100.5; Load Intensity = 1683.0; #Success = 1; #Failed = 1; #Dropped = 1508
Target Time = 101.5; Load Intensity = 1700.0; #Success = 0; #Failed = 0; #Dropped = 0
Target Time = 102.5; Load Intensity = 1716.0; #Success = 0; #Failed = 7; #Dropped = 2153
Target Time = 103.5; Load Intensity = 1733.0; #Success = 4; #Failed = 0; #Dropped = 1728
Target Time = 104.5; Load Intensity = 1750.0; #Success = 3; #Failed = 0; #Dropped = 176
Target Time = 105.5; Load Intensity = 1766.0; #Success = 0; #Failed = 0; #Dropped = 0
Target Time = 106.5; Load Intensity = 1783.0; #Success = 6; #Failed = 0; #Dropped = 2574
Target Time = 107.5; Load Intensity = 1800.0; #Success = 0; #Failed = 3; #Dropped = 1410
Target Time = 108.5; Load Intensity = 1816.0; #Success = 0; #Failed = 1; #Dropped = 1234
Target Time = 109.5; Load Intensity = 1833.0; #Success = 1; #Failed = 0; #Dropped = 2307
Target Time = 110.5; Load Intensity = 1850.0; #Success = 2; #Failed = 0; #Dropped = 153
Target Time = 111.5; Load Intensity = 1866.0; #Success = 3; #Failed = 0; #Dropped = 2255
Target Time = 112.5; Load Intensity = 1883.0; #Success = 1; #Failed = 0; #Dropped = 1703
Target Time = 113.5; Load Intensity = 1900.0; #Success = 2; #Failed = 0; #Dropped = 1167
Target Time = 114.5; Load Intensity = 1916.0; #Success = 0; #Failed = 0; #Dropped = 0
Target Time = 115.5; Load Intensity = 1933.0; #Success = 1; #Failed = 0; #Dropped = 2320
Target Time = 116.5; Load Intensity = 1950.0; #Success = 0; #Failed = 0; #Dropped = 0
Target Time = 117.5; Load Intensity = 1966.0; #Success = 1; #Failed = 0; #Dropped = 3813
Target Time = 118.5; Load Intensity = 1983.0; #Success = 0; #Failed = 18; #Dropped = 849
Target Time = 119.5; Load Intensity = 2000.0; #Success = 0; #Failed = 1; #Dropped = 2045
Target Time = 120.5; Load Intensity = 0.0; #Success = 8; #Failed = 4; #Dropped = 1461
Target Time = 121.5; Load Intensity = 0.0; #Success = 0; #Failed = 0; #Dropped = 0
Target Time = 122.5; Load Intensity = 0.0; #Success = 0; #Failed = 0; #Dropped = 0
Target Time = 123.5; Load Intensity = 0.0; #Success = 0; #Failed = 13; #Dropped = 4577
Target Time = 124.5; Load Intensity = 0.0; #Success = 0; #Failed = 0; #Dropped = 0
Target Time = 125.5; Load Intensity = 0.0; #Success = 0; #Failed = 0; #Dropped = 0
Target Time = 126.5; Load Intensity = 0.0; #Success = 1; #Failed = 0; #Dropped = 4494
Target Time = 127.5; Load Intensity = 0.0; #Success = 2; #Failed = 0; #Dropped = 984
Target Time = 128.5; Load Intensity = 0.0; #Success = 2; #Failed = 0; #Dropped = 2436
Target Time = 129.5; Load Intensity = 0.0; #Success = 2; #Failed = 0; #Dropped = 917
Target Time = 130.5; Load Intensity = 0.0; #Success = 2; #Failed = 0; #Dropped = 2213
Target Time = 131.5; Load Intensity = 0.0; #Success = 0; #Failed = 0; #Dropped = 0
Target Time = 132.5; Load Intensity = 0.0; #Success = 0; #Failed = 0; #Dropped = 0
Target Time = 133.5; Load Intensity = 0.0; #Success = 0; #Failed = 0; #Dropped = 0
Target Time = 134.5; Load Intensity = 0.0; #Success = 0; #Failed = 0; #Dropped = 0
Target Time = 135.5; Load Intensity = 0.0; #Success = 0; #Failed = 1; #Dropped = 8773
Target Time = 136.5; Load Intensity = 0.0; #Success = 0; #Failed = 22; #Dropped = 1669
Target Time = 137.5; Load Intensity = 0.0; #Success = 0; #Failed = 3; #Dropped = 1322
Target Time = 138.5; Load Intensity = 0.0; #Success = 0; #Failed = 3; #Dropped = 2007
Target Time = 139.5; Load Intensity = 0.0; #Success = 0; #Failed = 0; #Dropped = 0
Target Time = 140.5; Load Intensity = 0.0; #Success = 0; #Failed = 3; #Dropped = 4405
Target Time = 141.5; Load Intensity = 0.0; #Success = 1; #Failed = 0; #Dropped = 916
Target Time = 142.5; Load Intensity = 0.0; #Success = 2; #Failed = 12; #Dropped = 2928
Target Time = 143.5; Load Intensity = 0.0; #Success = 0; #Failed = 1; #Dropped = 178
Target Time = 144.5; Load Intensity = 0.0; #Success = 0; #Failed = 0; #Dropped = 0
  └─ [nitro5:sd] end 01:09:48
Target Time = 145.5; Load Intensity = 0.0; #Success = 0; #Failed = 0; #Dropped = 0
  └─ [nitro5:ram] end 01:09:48
  └─ [nitro5:nic] end 01:09:48
  └─ [nitro5:cpu] end 01:09:49
Target Time = 146.5; Load Intensity = 0.0; #Success = 0; #Failed = 0; #Dropped = 0
Target Time = 147.5; Load Intensity = 0.0; #Success = 0; #Failed = 0; #Dropped = 0
Target Time = 148.5; Load Intensity = 0.0; #Success = 1; #Failed = 0; #Dropped = 10597
  └─ [scorpius:nic] end 01:09:52
Target Time = 149.5; Load Intensity = 0.0; #Success = 0; #Failed = 0; #Dropped = 0
Target Time = 150.5; Load Intensity = 0.0; #Success = 3; #Failed = 0; #Dropped = 2779
Target Time = 151.5; Load Intensity = 0.0; #Success = 0; #Failed = 0; #Dropped = 0
  └─ [scorpius:sd] end 01:09:55
  └─ [scorpius:cpu] end 01:09:55
Target Time = 152.5; Load Intensity = 0.0; #Success = 0; #Failed = 0; #Dropped = 0
  └─ [scorpius:ram] end 01:09:56
Target Time = 153.5; Load Intensity = 0.0; #Success = 3; #Failed = 0; #Dropped = 0
Target Time = 154.5; Load Intensity = 0.0; #Success = 0; #Failed = 16; #Dropped = 0
Target Time = 155.5; Load Intensity = 0.0; #Success = 0; #Failed = 0; #Dropped = 0
Target Time = 156.5; Load Intensity = 0.0; #Success = 1; #Failed = 0; #Dropped = 0
  └─ [leo:nic] end 01:09:59
Target Time = 157.5; Load Intensity = 0.0; #Success = 2; #Failed = 0; #Dropped = 0
Target Time = 158.5; Load Intensity = 0.0; #Success = 2; #Failed = 0; #Dropped = 0
Target Time = 159.5; Load Intensity = 0.0; #Success = 1; #Failed = 1; #Dropped = 0
  └─ [leo:cpu] end 01:10:02
  └─ [leo:ram] end 01:10:03
  └─ [leo:sd] end 01:10:03
Target Time = 160.5; Load Intensity = 0.0; #Success = 2; #Failed = 3; #Dropped = 0
Target Time = 161.5; Load Intensity = 0.0; #Success = 0; #Failed = 0; #Dropped = 0
Target Time = 162.5; Load Intensity = 0.0; #Success = 0; #Failed = 2; #Dropped = 0
Target Time = 163.5; Load Intensity = 0.0; #Success = 0; #Failed = 4; #Dropped = 0
Target Time = 164.5; Load Intensity = 0.0; #Success = 0; #Failed = 19; #Dropped = 0
  └─ [aspire:nic] end 01:10:07
  └─ [aspire:ram] end 01:10:07
  └─ [aspire:cpu] end 01:10:07
  └─ [aspire:sd] end 01:10:07
=== Bloque 145s terminado - Fase: fase3_carga_high_iter13 ===
[🧹] Limpiando CSVs internos de ecofloc en cada nodo (fase: fase3_carga_high_iter13)...
  ✔ [nitro5:cpu] limpiado /home/luish/Documents/p3/ecofloc2/ecofloc/ecofloc-cpu/ECOFLOC_CPU_COMM_text.csv
  ✔ [nitro5:nic] limpiado /home/luish/Documents/p3/ecofloc2/ecofloc/ecofloc-nic/ECOFLOC_NIC_COMM_text.csv
  ✔ [nitro5:ram] limpiado /home/luish/Documents/p3/ecofloc2/ecofloc/ecofloc-ram/ECOFLOC_RAM_COMM_text.csv
  ✔ [nitro5:sd] limpiado /home/luish/Documents/p3/ecofloc2/ecofloc/ecofloc-sd/ECOFLOC_SD_COMM_text.csv
Target Time = 165.5; Load Intensity = 0.0; #Success = 2; #Failed = 0; #Dropped = 0
  ✔ [leo:cpu] limpiado /home/leo/ecofloc/ecofloc-cpu/ECOFLOC_CPU_COMM_text.csv
  ✔ [leo:nic] limpiado /home/leo/ecofloc/ecofloc-nic/ECOFLOC_NIC_COMM_text.csv
  ✔ [leo:ram] limpiado /home/leo/ecofloc/ecofloc-ram/ECOFLOC_RAM_COMM_text.csv
Target Time = 166.5; Load Intensity = 0.0; #Success = 3; #Failed = 0; #Dropped = 0
  ✔ [leo:sd] limpiado /home/leo/ecofloc/ecofloc-sd/ECOFLOC_SD_COMM_text.csv
  ✔ [aspire:cpu] limpiado /home/luish/Documents/p3/ecofloc2/ecofloc/ecofloc-cpu/ECOFLOC_CPU_COMM_text.csv
  ✔ [aspire:nic] limpiado /home/luish/Documents/p3/ecofloc2/ecofloc/ecofloc-nic/ECOFLOC_NIC_COMM_text.csv
  ✔ [aspire:ram] limpiado /home/luish/Documents/p3/ecofloc2/ecofloc/ecofloc-ram/ECOFLOC_RAM_COMM_text.csv
  ✔ [aspire:sd] limpiado /home/luish/Documents/p3/ecofloc2/ecofloc/ecofloc-sd/ECOFLOC_SD_COMM_text.csv
  ✔ [scorpius:cpu] limpiado /home/scorpius03/Documents/ecofloc/ecofloc-cpu/ECOFLOC_CPU_COMM_text.csv
  ✔ [scorpius:nic] limpiado /home/scorpius03/Documents/ecofloc/ecofloc-nic/ECOFLOC_NIC_COMM_text.csv
  ✔ [scorpius:ram] limpiado /home/scorpius03/Documents/ecofloc/ecofloc-ram/ECOFLOC_RAM_COMM_text.csv
  ✔ [scorpius:sd] limpiado /home/scorpius03/Documents/ecofloc/ecofloc-sd/ECOFLOC_SD_COMM_text.csv
========================================
🔋 MEASURE ENERGY FINALIZADO
   Fase: fase3_carga_high_iter13
========================================
Workload finished.
Log finished.
📄 LIMBO finalizado para scenario=high
⏳ [01:10:14] Esperando que termine medición: fase3_carga_high_iter13 (PID: 3343635)
✔️ [01:10:14] Medición fase3_carga_high_iter13 completada
[📦] Archivando resultados → ./historyexecutions/exp(01:10:19)_fase3_high_iter13
[✔] Archivado: ./historyexecutions/exp(01:10:19)_fase3_high_iter13
🧹 Limpiando TeaStore (iter 13)...
⏸ Esperando 15s para limpieza completa...
✅ Iteración 13 / 15 del escenario high completada.

########################################################
🔄 ESCENARIO: high | ITERACIÓN: 14 / 15
   Hora: 01:11:07
########################################################
========================================
🔋 FASE 1: Descarga de imágenes (high, iter 14)
========================================
📋 Capturando PIDs (gepidstea.sh)...
📋 Capturando PIDs de contenedores (kpsnodos.sh)...
🔋 [01:11:26] Iniciando medición de energía: fase1_descarga_high_iter14 (25s)
   PID de medición: 3706454
🚀 Desplegando TeaStore desde /home/luish/Documents/death/teastore/TeaStore/examples/kubernetes/teastore-energy-scheduler.yaml...
========================================
🔋 MEASURE ENERGY - Fase: fase1_descarga_high_iter14
   Duración: 25s
   PID: 3706454
========================================
=== Medición bloque 25s - Fase: fase1_descarga_high_iter14 ===
[⏱ 01:11:26] Iniciando ecofloc en nitro5 por 25s (fase: fase1_descarga_high_iter14)
⏳ Esperando a que todos los pods de TeaStore estén Running y Ready...
  ├─ [nitro5:sd] start 01:11:27
  ├─ [nitro5:ram] start 01:11:27
  ├─ [nitro5:nic] start 01:11:27
[⏱ 01:11:28] Iniciando ecofloc en aspire por 25s (fase: fase1_descarga_high_iter14)
  ├─ [nitro5:cpu] start 01:11:28
  ├─ [aspire:sd] start 01:11:28
  ├─ [aspire:ram] start 01:11:28
[⏱ 01:11:28] Iniciando ecofloc en scorpius por 25s (fase: fase1_descarga_high_iter14)
  ├─ [aspire:nic] start 01:11:28
  ├─ [aspire:cpu] start 01:11:28
  ├─ [scorpius:sd] start 01:11:28
  ├─ [scorpius:nic] start 01:11:28
  ├─ [scorpius:cpu] start 01:11:28
  ├─ [scorpius:ram] start 01:11:28
[⏱ 01:11:28] Iniciando ecofloc en leo por 25s (fase: fase1_descarga_high_iter14)
  ├─ [leo:sd] start 01:11:28
  ├─ [leo:ram] start 01:11:28
  ├─ [leo:nic] start 01:11:28
  ├─ [leo:cpu] start 01:11:28
✅ Pods listos.
⏳ [01:11:29] Esperando que termine medición: fase1_descarga_high_iter14 (PID: 3706454)
  └─ [nitro5:sd] end 01:11:52
  └─ [nitro5:ram] end 01:11:52
  └─ [nitro5:nic] end 01:11:52
  └─ [nitro5:cpu] end 01:11:53
  └─ [aspire:sd] end 01:11:54
  └─ [leo:cpu] end 01:11:54
  └─ [leo:sd] end 01:11:54
  └─ [scorpius:sd] end 01:11:54
  └─ [leo:nic] end 01:11:54
  └─ [scorpius:cpu] end 01:11:54
  └─ [aspire:nic] end 01:11:54
  └─ [aspire:ram] end 01:11:55
  └─ [leo:ram] end 01:11:55
  └─ [scorpius:ram] end 01:11:55
  └─ [scorpius:nic] end 01:11:55
=== Bloque 25s terminado - Fase: fase1_descarga_high_iter14 ===
[🧹] Limpiando CSVs internos de ecofloc en cada nodo (fase: fase1_descarga_high_iter14)...
  ✔ [nitro5:cpu] limpiado /home/luish/Documents/p3/ecofloc2/ecofloc/ecofloc-cpu/ECOFLOC_CPU_COMM_text.csv
  ✔ [nitro5:nic] limpiado /home/luish/Documents/p3/ecofloc2/ecofloc/ecofloc-nic/ECOFLOC_NIC_COMM_text.csv
  ✔ [nitro5:ram] limpiado /home/luish/Documents/p3/ecofloc2/ecofloc/ecofloc-ram/ECOFLOC_RAM_COMM_text.csv
  ✔ [nitro5:sd] limpiado /home/luish/Documents/p3/ecofloc2/ecofloc/ecofloc-sd/ECOFLOC_SD_COMM_text.csv
  ✔ [leo:cpu] limpiado /home/leo/ecofloc/ecofloc-cpu/ECOFLOC_CPU_COMM_text.csv
  ✔ [leo:nic] limpiado /home/leo/ecofloc/ecofloc-nic/ECOFLOC_NIC_COMM_text.csv
  ✔ [leo:ram] limpiado /home/leo/ecofloc/ecofloc-ram/ECOFLOC_RAM_COMM_text.csv
  ✔ [leo:sd] limpiado /home/leo/ecofloc/ecofloc-sd/ECOFLOC_SD_COMM_text.csv
  ✔ [aspire:cpu] limpiado /home/luish/Documents/p3/ecofloc2/ecofloc/ecofloc-cpu/ECOFLOC_CPU_COMM_text.csv
  ✔ [aspire:nic] limpiado /home/luish/Documents/p3/ecofloc2/ecofloc/ecofloc-nic/ECOFLOC_NIC_COMM_text.csv
  ✔ [aspire:ram] limpiado /home/luish/Documents/p3/ecofloc2/ecofloc/ecofloc-ram/ECOFLOC_RAM_COMM_text.csv
  ✔ [aspire:sd] limpiado /home/luish/Documents/p3/ecofloc2/ecofloc/ecofloc-sd/ECOFLOC_SD_COMM_text.csv
  ✔ [scorpius:cpu] limpiado /home/scorpius03/Documents/ecofloc/ecofloc-cpu/ECOFLOC_CPU_COMM_text.csv
  ✔ [scorpius:nic] limpiado /home/scorpius03/Documents/ecofloc/ecofloc-nic/ECOFLOC_NIC_COMM_text.csv
  ✔ [scorpius:ram] limpiado /home/scorpius03/Documents/ecofloc/ecofloc-ram/ECOFLOC_RAM_COMM_text.csv
  ✔ [scorpius:sd] limpiado /home/scorpius03/Documents/ecofloc/ecofloc-sd/ECOFLOC_SD_COMM_text.csv
========================================
🔋 MEASURE ENERGY FINALIZADO
   Fase: fase1_descarga_high_iter14
========================================
✔️ [01:12:00] Medición fase1_descarga_high_iter14 completada
[📦] Archivando resultados → ./historyexecutions/exp(01:12:05)_fase1_high_iter14
[✔] Archivado: ./historyexecutions/exp(01:12:05)_fase1_high_iter14
========================================
🔋 FASE 2: Preparación de servicios (high, iter 14)
========================================
📋 Capturando PIDs (gepidstea.sh)...
📋 Capturando PIDs de contenedores (kpsnodos.sh)...
🔋 [01:12:25] Iniciando medición de energía: fase2_preparacion_high_iter14 (50s)
   PID de medición: 3771896
========================================
🔋 MEASURE ENERGY - Fase: fase2_preparacion_high_iter14
   Duración: 50s
   PID: 3771896
========================================
=== Medición bloque 50s - Fase: fase2_preparacion_high_iter14 ===
[⏱ 01:12:25] Iniciando ecofloc en nitro5 por 50s (fase: fase2_preparacion_high_iter14)
⏳ Esperando 10s a que CoreDNS se estabilice...
  ├─ [nitro5:sd] start 01:12:25
  ├─ [nitro5:ram] start 01:12:26
  ├─ [nitro5:nic] start 01:12:26
[⏱ 01:12:26] Iniciando ecofloc en aspire por 50s (fase: fase2_preparacion_high_iter14)
  ├─ [nitro5:cpu] start 01:12:26
  ├─ [aspire:sd] start 01:12:26
  ├─ [aspire:ram] start 01:12:26
[⏱ 01:12:26] Iniciando ecofloc en scorpius por 50s (fase: fase2_preparacion_high_iter14)
  ├─ [aspire:nic] start 01:12:26
  ├─ [aspire:cpu] start 01:12:26
  ├─ [scorpius:sd] start 01:12:26
[⏱ 01:12:26] Iniciando ecofloc en leo por 50s (fase: fase2_preparacion_high_iter14)
  ├─ [scorpius:nic] start 01:12:26
  ├─ [scorpius:cpu] start 01:12:26
  ├─ [scorpius:ram] start 01:12:26
  ├─ [leo:sd] start 01:12:26
  ├─ [leo:nic] start 01:12:26
  ├─ [leo:ram] start 01:12:26
  ├─ [leo:cpu] start 01:12:26
➡️ Pod WebUI: teastore-webui-ff7768544-spjrj
➡️ Está en el nodo: leo02
🌐 IP del nodo WebUI: 192.168.18.36
⏳ Verificando estado del TeaStore en http://192.168.18.36:30080/tools.descartes.teastore.webui/status ...
   ➤ Estado actual: 5 / 5 servicios OK
✔ TODOS los servicios del TeaStore están OK. Continuando...
⏳ [01:12:41] Esperando que termine medición: fase2_preparacion_high_iter14 (PID: 3771896)
  └─ [nitro5:sd] end 01:13:15
  └─ [nitro5:ram] end 01:13:16
  └─ [nitro5:nic] end 01:13:16
  └─ [nitro5:cpu] end 01:13:16
  └─ [aspire:sd] end 01:13:17
  └─ [leo:sd] end 01:13:17
  └─ [aspire:cpu] end 01:13:17
  └─ [leo:cpu] end 01:13:17
  └─ [aspire:nic] end 01:13:17
  └─ [scorpius:cpu] end 01:13:18
  └─ [scorpius:sd] end 01:13:19
  └─ [leo:ram] end 01:13:19
  └─ [aspire:ram] end 01:13:19
  └─ [scorpius:nic] end 01:13:19
  └─ [scorpius:ram] end 01:13:20
  └─ [leo:nic] end 01:13:20
=== Bloque 50s terminado - Fase: fase2_preparacion_high_iter14 ===
[🧹] Limpiando CSVs internos de ecofloc en cada nodo (fase: fase2_preparacion_high_iter14)...
  ✔ [nitro5:cpu] limpiado /home/luish/Documents/p3/ecofloc2/ecofloc/ecofloc-cpu/ECOFLOC_CPU_COMM_text.csv
  ✔ [nitro5:nic] limpiado /home/luish/Documents/p3/ecofloc2/ecofloc/ecofloc-nic/ECOFLOC_NIC_COMM_text.csv
  ✔ [nitro5:ram] limpiado /home/luish/Documents/p3/ecofloc2/ecofloc/ecofloc-ram/ECOFLOC_RAM_COMM_text.csv
  ✔ [nitro5:sd] limpiado /home/luish/Documents/p3/ecofloc2/ecofloc/ecofloc-sd/ECOFLOC_SD_COMM_text.csv
  ✔ [leo:cpu] limpiado /home/leo/ecofloc/ecofloc-cpu/ECOFLOC_CPU_COMM_text.csv
  ✔ [leo:nic] limpiado /home/leo/ecofloc/ecofloc-nic/ECOFLOC_NIC_COMM_text.csv
  ✔ [leo:ram] limpiado /home/leo/ecofloc/ecofloc-ram/ECOFLOC_RAM_COMM_text.csv
  ✔ [leo:sd] limpiado /home/leo/ecofloc/ecofloc-sd/ECOFLOC_SD_COMM_text.csv
  ✔ [aspire:cpu] limpiado /home/luish/Documents/p3/ecofloc2/ecofloc/ecofloc-cpu/ECOFLOC_CPU_COMM_text.csv
  ✔ [aspire:nic] limpiado /home/luish/Documents/p3/ecofloc2/ecofloc/ecofloc-nic/ECOFLOC_NIC_COMM_text.csv
  ✔ [aspire:ram] limpiado /home/luish/Documents/p3/ecofloc2/ecofloc/ecofloc-ram/ECOFLOC_RAM_COMM_text.csv
  ✔ [aspire:sd] limpiado /home/luish/Documents/p3/ecofloc2/ecofloc/ecofloc-sd/ECOFLOC_SD_COMM_text.csv
  ✔ [scorpius:cpu] limpiado /home/scorpius03/Documents/ecofloc/ecofloc-cpu/ECOFLOC_CPU_COMM_text.csv
  ✔ [scorpius:nic] limpiado /home/scorpius03/Documents/ecofloc/ecofloc-nic/ECOFLOC_NIC_COMM_text.csv
  ✔ [scorpius:ram] limpiado /home/scorpius03/Documents/ecofloc/ecofloc-ram/ECOFLOC_RAM_COMM_text.csv
  ✔ [scorpius:sd] limpiado /home/scorpius03/Documents/ecofloc/ecofloc-sd/ECOFLOC_SD_COMM_text.csv
========================================
🔋 MEASURE ENERGY FINALIZADO
   Fase: fase2_preparacion_high_iter14
========================================
✔️ [01:13:23] Medición fase2_preparacion_high_iter14 completada
[📦] Archivando resultados → ./historyexecutions/exp(01:13:28)_fase2_high_iter14
[✔] Archivado: ./historyexecutions/exp(01:13:28)_fase2_high_iter14
========================================
🔋 FASE 3: Ejecución de carga (high, iter 14)
========================================
📋 Capturando PIDs (gepidstea.sh)...
📋 Capturando PIDs de contenedores (kpsnodos.sh)...
🔋 [01:13:45] Iniciando medición de energía: fase3_carga_high_iter14 (145s)
   PID de medición: 3912487
=== Escenario high (iter 14) ===
========================================
🔋 MEASURE ENERGY - Fase: fase3_carga_high_iter14
   Duración: 145s
   PID: 3912487
========================================
=== Medición bloque 145s - Fase: fase3_carga_high_iter14 ===
🚀 Iniciando LIMBO con profile=/home/luish/Documents/death/teastore/TeaStore/examples/httploadgenerator/increasingHighIntensity.csv y script=/home/luish/Documents/death/teastore/TeaStore/examples/httploadgenerator/teastore_buy.lua
[⏱ 01:13:45] Iniciando ecofloc en nitro5 por 145s (fase: fase3_carga_high_iter14)
Feb 27, 2026 1:13:45 AM tools.descartes.dlim.httploadgenerator.runner.Director executeDirector
WARNING: No power measurements
Feb 27, 2026 1:13:45 AM tools.descartes.dlim.httploadgenerator.runner.Director executeDirector
INFO: Load Generator Thread Count set to 64
Feb 27, 2026 1:13:45 AM tools.descartes.dlim.httploadgenerator.runner.Director executeDirector
INFO: URL connection timout set to 30000 ms
Feb 27, 2026 1:13:45 AM tools.descartes.dlim.httploadgenerator.runner.Director executeDirector
INFO: Using Lua Script: /home/luish/Documents/death/teastore/TeaStore/examples/httploadgenerator/teastore_buy.lua
Feb 27, 2026 1:13:45 AM tools.descartes.dlim.httploadgenerator.runner.Director process
INFO: Read 120 Arrival Rate Tuples
Load Generator sent: ok
Feb 27, 2026 1:13:45 AM tools.descartes.dlim.httploadgenerator.runner.Director process
INFO: Arrival Rates sent to Load Generator(s).
Load Generator sent: ok
Feb 27, 2026 1:13:45 AM tools.descartes.dlim.httploadgenerator.runner.Director process
INFO: Thread Count sent to Load Generator(s): 64
Load Generator sent: ok
Feb 27, 2026 1:13:45 AM tools.descartes.dlim.httploadgenerator.runner.Director process
INFO: URL connection timeout sent to Load Generator(s): 30000
Load Generator sent: ok
Feb 27, 2026 1:13:45 AM tools.descartes.dlim.httploadgenerator.runner.Director process
INFO: Contents of script sent to Load Generator: /home/luish/Documents/death/teastore/TeaStore/examples/httploadgenerator/teastore_buy.lua
Feb 27, 2026 1:13:45 AM tools.descartes.dlim.httploadgenerator.runner.Director process
INFO: Starting Load Generation
Beginning Run @1772172825700(27.02.2026;01:13:45700)
  ├─ [nitro5:sd] start 01:13:45
Target Time = 0.5; Load Intensity = 16.0; #Success = 0; #Failed = 0; #Dropped = 0
  ├─ [nitro5:ram] start 01:13:46
  ├─ [nitro5:nic] start 01:13:46
[⏱ 01:13:47] Iniciando ecofloc en aspire por 145s (fase: fase3_carga_high_iter14)
  ├─ [nitro5:cpu] start 01:13:47
  ├─ [aspire:sd] start 01:13:47
  ├─ [aspire:ram] start 01:13:47
  ├─ [aspire:nic] start 01:13:47
[⏱ 01:13:47] Iniciando ecofloc en scorpius por 145s (fase: fase3_carga_high_iter14)
  ├─ [aspire:cpu] start 01:13:47
  ├─ [scorpius:sd] start 01:13:47
  ├─ [scorpius:nic] start 01:13:47
  ├─ [scorpius:ram] start 01:13:47
[⏱ 01:13:47] Iniciando ecofloc en leo por 145s (fase: fase3_carga_high_iter14)
  ├─ [scorpius:cpu] start 01:13:47
  ├─ [leo:sd] start 01:13:47
  ├─ [leo:ram] start 01:13:47
  ├─ [leo:cpu] start 01:13:47
  ├─ [leo:nic] start 01:13:47
Target Time = 1.5; Load Intensity = 33.0; #Success = 0; #Failed = 0; #Dropped = 0
Target Time = 2.5; Load Intensity = 50.0; #Success = 12; #Failed = 0; #Dropped = 0
Target Time = 3.5; Load Intensity = 66.0; #Success = 31; #Failed = 0; #Dropped = 0
Target Time = 4.5; Load Intensity = 83.0; #Success = 5; #Failed = 0; #Dropped = 0
Target Time = 5.5; Load Intensity = 100.0; #Success = 7; #Failed = 0; #Dropped = 0
Target Time = 6.5; Load Intensity = 116.0; #Success = 9; #Failed = 0; #Dropped = 0
Target Time = 7.5; Load Intensity = 133.0; #Success = 1; #Failed = 0; #Dropped = 0
Target Time = 8.5; Load Intensity = 150.0; #Success = 5; #Failed = 0; #Dropped = 0
Target Time = 9.5; Load Intensity = 166.0; #Success = 49; #Failed = 0; #Dropped = 0
Target Time = 10.5; Load Intensity = 183.0; #Success = 2; #Failed = 0; #Dropped = 0
Target Time = 11.5; Load Intensity = 200.0; #Success = 2; #Failed = 0; #Dropped = 0
Target Time = 12.5; Load Intensity = 216.0; #Success = 0; #Failed = 0; #Dropped = 0
Target Time = 13.5; Load Intensity = 233.0; #Success = 0; #Failed = 0; #Dropped = 0
Target Time = 14.5; Load Intensity = 250.0; #Success = 0; #Failed = 0; #Dropped = 0
Target Time = 15.5; Load Intensity = 266.0; #Success = 2; #Failed = 0; #Dropped = 0
Target Time = 16.5; Load Intensity = 283.0; #Success = 11; #Failed = 0; #Dropped = 0
Target Time = 17.5; Load Intensity = 300.0; #Success = 6; #Failed = 0; #Dropped = 0
Target Time = 18.5; Load Intensity = 316.0; #Success = 7; #Failed = 0; #Dropped = 0
Target Time = 19.5; Load Intensity = 333.0; #Success = 4; #Failed = 0; #Dropped = 0
Target Time = 20.5; Load Intensity = 350.0; #Success = 6; #Failed = 0; #Dropped = 0
Target Time = 21.5; Load Intensity = 366.0; #Success = 4; #Failed = 0; #Dropped = 0
Target Time = 22.5; Load Intensity = 383.0; #Success = 11; #Failed = 0; #Dropped = 0
Target Time = 23.5; Load Intensity = 400.0; #Success = 15; #Failed = 0; #Dropped = 0
Target Time = 24.5; Load Intensity = 416.0; #Success = 1; #Failed = 0; #Dropped = 0
Target Time = 25.5; Load Intensity = 433.0; #Success = 1; #Failed = 0; #Dropped = 0
Target Time = 26.5; Load Intensity = 450.0; #Success = 0; #Failed = 1; #Dropped = 0
Target Time = 27.5; Load Intensity = 466.0; #Success = 0; #Failed = 0; #Dropped = 0
Target Time = 28.5; Load Intensity = 483.0; #Success = 0; #Failed = 5; #Dropped = 0
Target Time = 29.5; Load Intensity = 500.0; #Success = 0; #Failed = 5; #Dropped = 0
Target Time = 30.5; Load Intensity = 516.0; #Success = 0; #Failed = 5; #Dropped = 0
Target Time = 31.5; Load Intensity = 533.0; #Success = 0; #Failed = 0; #Dropped = 0
Target Time = 32.5; Load Intensity = 550.0; #Success = 0; #Failed = 1; #Dropped = 0
Target Time = 33.5; Load Intensity = 566.0; #Success = 0; #Failed = 1; #Dropped = 0
Target Time = 34.5; Load Intensity = 583.0; #Success = 0; #Failed = 14; #Dropped = 0
Target Time = 35.5; Load Intensity = 600.0; #Success = 1; #Failed = 0; #Dropped = 53
Target Time = 36.5; Load Intensity = 616.0; #Success = 0; #Failed = 0; #Dropped = 0
Target Time = 37.5; Load Intensity = 633.0; #Success = 0; #Failed = 0; #Dropped = 0
Target Time = 38.5; Load Intensity = 650.0; #Success = 1; #Failed = 2; #Dropped = 334
Target Time = 39.5; Load Intensity = 666.0; #Success = 0; #Failed = 1; #Dropped = 233
Target Time = 40.5; Load Intensity = 683.0; #Success = 0; #Failed = 2; #Dropped = 165
Target Time = 41.5; Load Intensity = 700.0; #Success = 2; #Failed = 2; #Dropped = 120
Target Time = 42.5; Load Intensity = 716.0; #Success = 0; #Failed = 1; #Dropped = 220
Target Time = 43.5; Load Intensity = 733.0; #Success = 0; #Failed = 2; #Dropped = 320
Target Time = 44.5; Load Intensity = 750.0; #Success = 0; #Failed = 5; #Dropped = 211
Target Time = 45.5; Load Intensity = 766.0; #Success = 0; #Failed = 5; #Dropped = 309
Target Time = 46.5; Load Intensity = 783.0; #Success = 4; #Failed = 7; #Dropped = 273
Target Time = 47.5; Load Intensity = 800.0; #Success = 1; #Failed = 22; #Dropped = 262
Target Time = 48.5; Load Intensity = 816.0; #Success = 3; #Failed = 4; #Dropped = 297
Target Time = 49.5; Load Intensity = 833.0; #Success = 1; #Failed = 2; #Dropped = 216
Target Time = 50.5; Load Intensity = 850.0; #Success = 0; #Failed = 4; #Dropped = 389
Target Time = 51.5; Load Intensity = 866.0; #Success = 0; #Failed = 1; #Dropped = 180
Target Time = 52.5; Load Intensity = 883.0; #Success = 0; #Failed = 0; #Dropped = 0
Target Time = 53.5; Load Intensity = 900.0; #Success = 0; #Failed = 0; #Dropped = 0
Target Time = 54.5; Load Intensity = 916.0; #Success = 2; #Failed = 0; #Dropped = 1385
Target Time = 55.5; Load Intensity = 933.0; #Success = 0; #Failed = 0; #Dropped = 0
Target Time = 56.5; Load Intensity = 950.0; #Success = 0; #Failed = 0; #Dropped = 0
Target Time = 57.5; Load Intensity = 966.0; #Success = 5; #Failed = 0; #Dropped = 1121
Target Time = 58.5; Load Intensity = 983.0; #Success = 6; #Failed = 0; #Dropped = 584
Target Time = 59.5; Load Intensity = 1000.0; #Success = 9; #Failed = 3; #Dropped = 546
Target Time = 60.5; Load Intensity = 1016.0; #Success = 0; #Failed = 8; #Dropped = 593
Target Time = 61.5; Load Intensity = 1033.0; #Success = 6; #Failed = 1; #Dropped = 451
Target Time = 62.5; Load Intensity = 1050.0; #Success = 1; #Failed = 7; #Dropped = 520
Target Time = 63.5; Load Intensity = 1066.0; #Success = 0; #Failed = 6; #Dropped = 691
Target Time = 64.5; Load Intensity = 1083.0; #Success = 1; #Failed = 8; #Dropped = 385
Target Time = 65.5; Load Intensity = 1100.0; #Success = 0; #Failed = 1; #Dropped = 781
Target Time = 66.5; Load Intensity = 1116.0; #Success = 0; #Failed = 1; #Dropped = 322
Target Time = 67.5; Load Intensity = 1133.0; #Success = 0; #Failed = 1; #Dropped = 468
Target Time = 68.5; Load Intensity = 1150.0; #Success = 0; #Failed = 3; #Dropped = 995
Target Time = 69.5; Load Intensity = 1166.0; #Success = 0; #Failed = 4; #Dropped = 713
Target Time = 70.5; Load Intensity = 1183.0; #Success = 0; #Failed = 6; #Dropped = 744
Target Time = 71.5; Load Intensity = 1200.0; #Success = 0; #Failed = 39; #Dropped = 631
Target Time = 72.5; Load Intensity = 1216.0; #Success = 0; #Failed = 2; #Dropped = 738
Target Time = 73.5; Load Intensity = 1233.0; #Success = 0; #Failed = 1; #Dropped = 22
Target Time = 74.5; Load Intensity = 1250.0; #Success = 0; #Failed = 0; #Dropped = 0
Target Time = 75.5; Load Intensity = 1266.0; #Success = 0; #Failed = 0; #Dropped = 0
Target Time = 76.5; Load Intensity = 1283.0; #Success = 0; #Failed = 0; #Dropped = 0
Target Time = 77.5; Load Intensity = 1300.0; #Success = 1; #Failed = 0; #Dropped = 3386
Target Time = 78.5; Load Intensity = 1316.0; #Success = 0; #Failed = 0; #Dropped = 0
Target Time = 79.5; Load Intensity = 1333.0; #Success = 0; #Failed = 0; #Dropped = 0
Target Time = 80.5; Load Intensity = 1350.0; #Success = 0; #Failed = 5; #Dropped = 2891
Target Time = 81.5; Load Intensity = 1366.0; #Success = 0; #Failed = 1; #Dropped = 90
Target Time = 82.5; Load Intensity = 1383.0; #Success = 0; #Failed = 1; #Dropped = 910
Target Time = 83.5; Load Intensity = 1400.0; #Success = 0; #Failed = 1; #Dropped = 839
Target Time = 84.5; Load Intensity = 1416.0; #Success = 1; #Failed = 3; #Dropped = 1426
Target Time = 85.5; Load Intensity = 1433.0; #Success = 0; #Failed = 0; #Dropped = 0
Target Time = 86.5; Load Intensity = 1450.0; #Success = 0; #Failed = 0; #Dropped = 0
Target Time = 87.5; Load Intensity = 1466.0; #Success = 0; #Failed = 5; #Dropped = 2610
Target Time = 88.5; Load Intensity = 1483.0; #Success = 1; #Failed = 0; #Dropped = 1268
Target Time = 89.5; Load Intensity = 1500.0; #Success = 1; #Failed = 9; #Dropped = 1033
Target Time = 90.5; Load Intensity = 1516.0; #Success = 0; #Failed = 2; #Dropped = 765
Target Time = 91.5; Load Intensity = 1533.0; #Success = 0; #Failed = 3; #Dropped = 978
Target Time = 92.5; Load Intensity = 1550.0; #Success = 0; #Failed = 0; #Dropped = 0
Target Time = 93.5; Load Intensity = 1566.0; #Success = 0; #Failed = 0; #Dropped = 0
Target Time = 94.5; Load Intensity = 1583.0; #Success = 0; #Failed = 0; #Dropped = 0
Target Time = 95.5; Load Intensity = 1600.0; #Success = 0; #Failed = 1; #Dropped = 4245
Target Time = 96.5; Load Intensity = 1616.0; #Success = 0; #Failed = 0; #Dropped = 0
Target Time = 97.5; Load Intensity = 1633.0; #Success = 0; #Failed = 0; #Dropped = 0
Target Time = 98.5; Load Intensity = 1650.0; #Success = 0; #Failed = 1; #Dropped = 1369
Target Time = 99.5; Load Intensity = 1666.0; #Success = 4; #Failed = 1; #Dropped = 3670
Target Time = 100.5; Load Intensity = 1683.0; #Success = 3; #Failed = 0; #Dropped = 1273
Target Time = 101.5; Load Intensity = 1700.0; #Success = 18; #Failed = 1; #Dropped = 1003
Target Time = 102.5; Load Intensity = 1716.0; #Success = 2; #Failed = 0; #Dropped = 1383
Target Time = 103.5; Load Intensity = 1733.0; #Success = 0; #Failed = 3; #Dropped = 1117
Target Time = 104.5; Load Intensity = 1750.0; #Success = 0; #Failed = 2; #Dropped = 856
Target Time = 105.5; Load Intensity = 1766.0; #Success = 0; #Failed = 2; #Dropped = 1715
Target Time = 106.5; Load Intensity = 1783.0; #Success = 0; #Failed = 1; #Dropped = 539
Target Time = 107.5; Load Intensity = 1800.0; #Success = 0; #Failed = 7; #Dropped = 1567
Target Time = 108.5; Load Intensity = 1816.0; #Success = 0; #Failed = 0; #Dropped = 0
Target Time = 109.5; Load Intensity = 1833.0; #Success = 0; #Failed = 0; #Dropped = 0
Target Time = 110.5; Load Intensity = 1850.0; #Success = 2; #Failed = 2; #Dropped = 4306
Target Time = 111.5; Load Intensity = 1866.0; #Success = 1; #Failed = 2; #Dropped = 1335
Target Time = 112.5; Load Intensity = 1883.0; #Success = 1; #Failed = 4; #Dropped = 1608
Target Time = 113.5; Load Intensity = 1900.0; #Success = 1; #Failed = 4; #Dropped = 1441
Target Time = 114.5; Load Intensity = 1916.0; #Success = 2; #Failed = 4; #Dropped = 1377
Target Time = 115.5; Load Intensity = 1933.0; #Success = 0; #Failed = 5; #Dropped = 1435
Target Time = 116.5; Load Intensity = 1950.0; #Success = 0; #Failed = 2; #Dropped = 1256
Target Time = 117.5; Load Intensity = 1966.0; #Success = 2; #Failed = 3; #Dropped = 1547
Target Time = 118.5; Load Intensity = 1983.0; #Success = 1; #Failed = 21; #Dropped = 1583
Target Time = 119.5; Load Intensity = 2000.0; #Success = 0; #Failed = 5; #Dropped = 1281
Target Time = 120.5; Load Intensity = 0.0; #Success = 0; #Failed = 0; #Dropped = 0
Target Time = 121.5; Load Intensity = 0.0; #Success = 0; #Failed = 0; #Dropped = 0
Target Time = 122.5; Load Intensity = 0.0; #Success = 0; #Failed = 6; #Dropped = 4962
Target Time = 123.5; Load Intensity = 0.0; #Success = 0; #Failed = 4; #Dropped = 1374
Target Time = 124.5; Load Intensity = 0.0; #Success = 0; #Failed = 5; #Dropped = 1513
Target Time = 125.5; Load Intensity = 0.0; #Success = 0; #Failed = 4; #Dropped = 1088
Target Time = 126.5; Load Intensity = 0.0; #Success = 0; #Failed = 3; #Dropped = 1542
Target Time = 127.5; Load Intensity = 0.0; #Success = 1; #Failed = 7; #Dropped = 2268
Target Time = 128.5; Load Intensity = 0.0; #Success = 10; #Failed = 0; #Dropped = 1320
Target Time = 129.5; Load Intensity = 0.0; #Success = 0; #Failed = 0; #Dropped = 0
Target Time = 130.5; Load Intensity = 0.0; #Success = 2; #Failed = 0; #Dropped = 2717
Target Time = 131.5; Load Intensity = 0.0; #Success = 4; #Failed = 0; #Dropped = 2508
Target Time = 132.5; Load Intensity = 0.0; #Success = 2; #Failed = 0; #Dropped = 1701
Target Time = 133.5; Load Intensity = 0.0; #Success = 3; #Failed = 0; #Dropped = 1400
Target Time = 134.5; Load Intensity = 0.0; #Success = 8; #Failed = 2; #Dropped = 1963
Target Time = 135.5; Load Intensity = 0.0; #Success = 3; #Failed = 0; #Dropped = 2036
Target Time = 136.5; Load Intensity = 0.0; #Success = 2; #Failed = 0; #Dropped = 1642
Target Time = 137.5; Load Intensity = 0.0; #Success = 3; #Failed = 0; #Dropped = 1053
Target Time = 138.5; Load Intensity = 0.0; #Success = 1; #Failed = 0; #Dropped = 1933
Target Time = 139.5; Load Intensity = 0.0; #Success = 2; #Failed = 0; #Dropped = 1237
Target Time = 140.5; Load Intensity = 0.0; #Success = 0; #Failed = 0; #Dropped = 0
Target Time = 141.5; Load Intensity = 0.0; #Success = 3; #Failed = 0; #Dropped = 5021
Target Time = 142.5; Load Intensity = 0.0; #Success = 0; #Failed = 0; #Dropped = 0
Target Time = 143.5; Load Intensity = 0.0; #Success = 0; #Failed = 0; #Dropped = 0
Target Time = 144.5; Load Intensity = 0.0; #Success = 0; #Failed = 0; #Dropped = 0
  └─ [nitro5:sd] end 01:16:10
Target Time = 145.5; Load Intensity = 0.0; #Success = 5; #Failed = 0; #Dropped = 7707
  └─ [nitro5:ram] end 01:16:11
  └─ [nitro5:nic] end 01:16:11
  └─ [nitro5:cpu] end 01:16:12
Target Time = 146.5; Load Intensity = 0.0; #Success = 2; #Failed = 0; #Dropped = 1000
Target Time = 147.5; Load Intensity = 0.0; #Success = 0; #Failed = 0; #Dropped = 0
Target Time = 148.5; Load Intensity = 0.0; #Success = 2; #Failed = 0; #Dropped = 4655
Target Time = 149.5; Load Intensity = 0.0; #Success = 2; #Failed = 0; #Dropped = 2036
  └─ [leo:sd] end 01:16:15
Target Time = 150.5; Load Intensity = 0.0; #Success = 0; #Failed = 0; #Dropped = 0
Target Time = 151.5; Load Intensity = 0.0; #Success = 0; #Failed = 10; #Dropped = 201
Target Time = 152.5; Load Intensity = 0.0; #Success = 3; #Failed = 12; #Dropped = 0
Target Time = 153.5; Load Intensity = 0.0; #Success = 1; #Failed = 6; #Dropped = 0
Target Time = 154.5; Load Intensity = 0.0; #Success = 0; #Failed = 6; #Dropped = 0
Target Time = 155.5; Load Intensity = 0.0; #Success = 0; #Failed = 0; #Dropped = 0
Target Time = 156.5; Load Intensity = 0.0; #Success = 1; #Failed = 1; #Dropped = 0
Target Time = 157.5; Load Intensity = 0.0; #Success = 2; #Failed = 5; #Dropped = 0
  └─ [scorpius:cpu] end 01:16:23
  └─ [leo:cpu] end 01:16:23
Target Time = 158.5; Load Intensity = 0.0; #Success = 2; #Failed = 13; #Dropped = 0
Target Time = 159.5; Load Intensity = 0.0; #Success = 0; #Failed = 0; #Dropped = 0
Target Time = 160.5; Load Intensity = 0.0; #Success = 0; #Failed = 0; #Dropped = 0
  └─ [scorpius:sd] end 01:16:26
  └─ [scorpius:nic] end 01:16:26
  └─ [scorpius:ram] end 01:16:26
Target Time = 161.5; Load Intensity = 0.0; #Success = 0; #Failed = 0; #Dropped = 0
  └─ [leo:ram] end 01:16:27
  └─ [leo:nic] end 01:16:27
Target Time = 162.5; Load Intensity = 0.0; #Success = 2; #Failed = 0; #Dropped = 0
  └─ [aspire:nic] end 01:16:28
  └─ [aspire:cpu] end 01:16:28
  └─ [aspire:sd] end 01:16:28
  └─ [aspire:ram] end 01:16:28
=== Bloque 145s terminado - Fase: fase3_carga_high_iter14 ===
[🧹] Limpiando CSVs internos de ecofloc en cada nodo (fase: fase3_carga_high_iter14)...
  ✔ [nitro5:cpu] limpiado /home/luish/Documents/p3/ecofloc2/ecofloc/ecofloc-cpu/ECOFLOC_CPU_COMM_text.csv
  ✔ [nitro5:nic] limpiado /home/luish/Documents/p3/ecofloc2/ecofloc/ecofloc-nic/ECOFLOC_NIC_COMM_text.csv
  ✔ [nitro5:ram] limpiado /home/luish/Documents/p3/ecofloc2/ecofloc/ecofloc-ram/ECOFLOC_RAM_COMM_text.csv
  ✔ [nitro5:sd] limpiado /home/luish/Documents/p3/ecofloc2/ecofloc/ecofloc-sd/ECOFLOC_SD_COMM_text.csv
  ✔ [leo:cpu] limpiado /home/leo/ecofloc/ecofloc-cpu/ECOFLOC_CPU_COMM_text.csv
  ✔ [leo:nic] limpiado /home/leo/ecofloc/ecofloc-nic/ECOFLOC_NIC_COMM_text.csv
  ✔ [leo:ram] limpiado /home/leo/ecofloc/ecofloc-ram/ECOFLOC_RAM_COMM_text.csv
  ✔ [leo:sd] limpiado /home/leo/ecofloc/ecofloc-sd/ECOFLOC_SD_COMM_text.csv
  ✔ [aspire:cpu] limpiado /home/luish/Documents/p3/ecofloc2/ecofloc/ecofloc-cpu/ECOFLOC_CPU_COMM_text.csv
  ✔ [aspire:nic] limpiado /home/luish/Documents/p3/ecofloc2/ecofloc/ecofloc-nic/ECOFLOC_NIC_COMM_text.csv
  ✔ [aspire:ram] limpiado /home/luish/Documents/p3/ecofloc2/ecofloc/ecofloc-ram/ECOFLOC_RAM_COMM_text.csv
  ✔ [aspire:sd] limpiado /home/luish/Documents/p3/ecofloc2/ecofloc/ecofloc-sd/ECOFLOC_SD_COMM_text.csv
  ✔ [scorpius:cpu] limpiado /home/scorpius03/Documents/ecofloc/ecofloc-cpu/ECOFLOC_CPU_COMM_text.csv
  ✔ [scorpius:nic] limpiado /home/scorpius03/Documents/ecofloc/ecofloc-nic/ECOFLOC_NIC_COMM_text.csv
  ✔ [scorpius:ram] limpiado /home/scorpius03/Documents/ecofloc/ecofloc-ram/ECOFLOC_RAM_COMM_text.csv
Workload finished.
Log finished.
📄 LIMBO finalizado para scenario=high
⏳ [01:16:33] Esperando que termine medición: fase3_carga_high_iter14 (PID: 3912487)
  ✔ [scorpius:sd] limpiado /home/scorpius03/Documents/ecofloc/ecofloc-sd/ECOFLOC_SD_COMM_text.csv
========================================
🔋 MEASURE ENERGY FINALIZADO
   Fase: fase3_carga_high_iter14
========================================
✔️ [01:16:33] Medición fase3_carga_high_iter14 completada
[📦] Archivando resultados → ./historyexecutions/exp(01:16:38)_fase3_high_iter14
[✔] Archivado: ./historyexecutions/exp(01:16:38)_fase3_high_iter14
🧹 Limpiando TeaStore (iter 14)...
⏸ Esperando 15s para limpieza completa...
✅ Iteración 14 / 15 del escenario high completada.

########################################################
🔄 ESCENARIO: high | ITERACIÓN: 15 / 15
   Hora: 01:17:27
########################################################
========================================
🔋 FASE 1: Descarga de imágenes (high, iter 15)
========================================
📋 Capturando PIDs (gepidstea.sh)...
📋 Capturando PIDs de contenedores (kpsnodos.sh)...
🔋 [01:17:46] Iniciando medición de energía: fase1_descarga_high_iter15 (25s)
   PID de medición: 102412
🚀 Desplegando TeaStore desde /home/luish/Documents/death/teastore/TeaStore/examples/kubernetes/teastore-energy-scheduler.yaml...
========================================
🔋 MEASURE ENERGY - Fase: fase1_descarga_high_iter15
   Duración: 25s
   PID: 102412
========================================
=== Medición bloque 25s - Fase: fase1_descarga_high_iter15 ===
[⏱ 01:17:46] Iniciando ecofloc en nitro5 por 25s (fase: fase1_descarga_high_iter15)
⏳ Esperando a que todos los pods de TeaStore estén Running y Ready...
  ├─ [nitro5:sd] start 01:17:46
  ├─ [nitro5:ram] start 01:17:46
  ├─ [nitro5:nic] start 01:17:47
[⏱ 01:17:47] Iniciando ecofloc en aspire por 25s (fase: fase1_descarga_high_iter15)
  ├─ [nitro5:cpu] start 01:17:47
  ├─ [aspire:sd] start 01:17:47
  ├─ [aspire:ram] start 01:17:47
[⏱ 01:17:47] Iniciando ecofloc en scorpius por 25s (fase: fase1_descarga_high_iter15)
  ├─ [aspire:nic] start 01:17:47
  ├─ [aspire:cpu] start 01:17:47
  ├─ [scorpius:sd] start 01:17:47
  ├─ [scorpius:ram] start 01:17:47
[⏱ 01:17:47] Iniciando ecofloc en leo por 25s (fase: fase1_descarga_high_iter15)
  ├─ [scorpius:nic] start 01:17:47
  ├─ [scorpius:cpu] start 01:17:47
  ├─ [leo:sd] start 01:17:47
  ├─ [leo:nic] start 01:17:47
  ├─ [leo:ram] start 01:17:47
  ├─ [leo:cpu] start 01:17:47
✅ Pods listos.
⏳ [01:17:49] Esperando que termine medición: fase1_descarga_high_iter15 (PID: 102412)
  └─ [nitro5:sd] end 01:18:11
  └─ [nitro5:ram] end 01:18:11
  └─ [nitro5:nic] end 01:18:12
  └─ [nitro5:cpu] end 01:18:12
  └─ [aspire:sd] end 01:18:13
  └─ [leo:sd] end 01:18:13
  └─ [aspire:cpu] end 01:18:13
  └─ [leo:cpu] end 01:18:13
  └─ [aspire:ram] end 01:18:13
  └─ [scorpius:sd] end 01:18:13
  └─ [aspire:nic] end 01:18:14
  └─ [scorpius:cpu] end 01:18:14
  └─ [leo:nic] end 01:18:14
  └─ [leo:ram] end 01:18:14
  └─ [scorpius:nic] end 01:18:14
  └─ [scorpius:ram] end 01:18:14
=== Bloque 25s terminado - Fase: fase1_descarga_high_iter15 ===
[🧹] Limpiando CSVs internos de ecofloc en cada nodo (fase: fase1_descarga_high_iter15)...
  ✔ [nitro5:cpu] limpiado /home/luish/Documents/p3/ecofloc2/ecofloc/ecofloc-cpu/ECOFLOC_CPU_COMM_text.csv
  ✔ [nitro5:nic] limpiado /home/luish/Documents/p3/ecofloc2/ecofloc/ecofloc-nic/ECOFLOC_NIC_COMM_text.csv
  ✔ [nitro5:ram] limpiado /home/luish/Documents/p3/ecofloc2/ecofloc/ecofloc-ram/ECOFLOC_RAM_COMM_text.csv
  ✔ [nitro5:sd] limpiado /home/luish/Documents/p3/ecofloc2/ecofloc/ecofloc-sd/ECOFLOC_SD_COMM_text.csv
  ✔ [leo:cpu] limpiado /home/leo/ecofloc/ecofloc-cpu/ECOFLOC_CPU_COMM_text.csv
  ✔ [leo:nic] limpiado /home/leo/ecofloc/ecofloc-nic/ECOFLOC_NIC_COMM_text.csv
  ✔ [leo:ram] limpiado /home/leo/ecofloc/ecofloc-ram/ECOFLOC_RAM_COMM_text.csv
  ✔ [leo:sd] limpiado /home/leo/ecofloc/ecofloc-sd/ECOFLOC_SD_COMM_text.csv
  ✔ [aspire:cpu] limpiado /home/luish/Documents/p3/ecofloc2/ecofloc/ecofloc-cpu/ECOFLOC_CPU_COMM_text.csv
  ✔ [aspire:nic] limpiado /home/luish/Documents/p3/ecofloc2/ecofloc/ecofloc-nic/ECOFLOC_NIC_COMM_text.csv
  ✔ [aspire:ram] limpiado /home/luish/Documents/p3/ecofloc2/ecofloc/ecofloc-ram/ECOFLOC_RAM_COMM_text.csv
  ✔ [aspire:sd] limpiado /home/luish/Documents/p3/ecofloc2/ecofloc/ecofloc-sd/ECOFLOC_SD_COMM_text.csv
  ✔ [scorpius:cpu] limpiado /home/scorpius03/Documents/ecofloc/ecofloc-cpu/ECOFLOC_CPU_COMM_text.csv
  ✔ [scorpius:nic] limpiado /home/scorpius03/Documents/ecofloc/ecofloc-nic/ECOFLOC_NIC_COMM_text.csv
  ✔ [scorpius:ram] limpiado /home/scorpius03/Documents/ecofloc/ecofloc-ram/ECOFLOC_RAM_COMM_text.csv
  ✔ [scorpius:sd] limpiado /home/scorpius03/Documents/ecofloc/ecofloc-sd/ECOFLOC_SD_COMM_text.csv
========================================
🔋 MEASURE ENERGY FINALIZADO
   Fase: fase1_descarga_high_iter15
========================================
✔️ [01:18:18] Medición fase1_descarga_high_iter15 completada
[📦] Archivando resultados → ./historyexecutions/exp(01:18:23)_fase1_high_iter15
