========================================
🔬 EXPERIMENTO: HIGH=20, LOW=20, MED=20
   Escenarios: 3
   Total ejecuciones: 60
   Inicio: 2026-03-06 02:14:18
========================================

########################################################
🔄 ESCENARIO: low | ITERACIÓN: 1 / 20
   Hora: 02:14:18
########################################################
========================================
🔋 FASE 1: Descarga de imágenes (low, iter 1)
========================================
📋 Capturando PIDs (gepidstea.sh)...
📋 Capturando PIDs de contenedores (kpsnodos.sh)...
🔋 [02:14:36] Iniciando medición de energía: fase1_descarga_low_iter1 (25s)
   PID de medición: 1092964
🚀 Desplegando TeaStore desde /home/luish/Documents/death/teastore/TeaStore/examples/kubernetes/teastore-energy-scheduler.yaml...
========================================
🔋 MEASURE ENERGY - Fase: fase1_descarga_low_iter1
   Duración: 25s
   PID: 1092964
========================================
=== Medición bloque 25s - Fase: fase1_descarga_low_iter1 ===
[⏱ 02:14:36] Iniciando ecofloc en nitro5 por 25s (fase: fase1_descarga_low_iter1)
⏳ Esperando a que todos los pods de TeaStore estén Running y Ready...
  ├─ [nitro5:sd] start 02:14:36
  ├─ [nitro5:ram] start 02:14:37
  ├─ [nitro5:nic] start 02:14:37
[⏱ 02:14:37] Iniciando ecofloc en aspire por 25s (fase: fase1_descarga_low_iter1)
  ├─ [nitro5:cpu] start 02:14:37
  ├─ [aspire:sd] start 02:14:37
  ├─ [aspire:ram] start 02:14:37
  ├─ [aspire:nic] start 02:14:38
[⏱ 02:14:38] Iniciando ecofloc en scorpius por 25s (fase: fase1_descarga_low_iter1)
  ├─ [aspire:cpu] start 02:14:38
  ├─ [scorpius:sd] start 02:14:38
  ├─ [scorpius:ram] start 02:14:38
[⏱ 02:14:38] Iniciando ecofloc en leo por 25s (fase: fase1_descarga_low_iter1)
  ├─ [scorpius:nic] start 02:14:38
  ├─ [scorpius:cpu] start 02:14:38
  ├─ [leo:sd] start 02:14:38
  ├─ [leo:ram] start 02:14:38
  ├─ [leo:nic] start 02:14:38
  ├─ [leo:cpu] start 02:14:38
✅ Pods listos.
⏳ [02:14:39] Esperando que termine medición: fase1_descarga_low_iter1 (PID: 1092964)
  └─ [nitro5:sd] end 02:15:01
  └─ [nitro5:ram] end 02:15:02
  └─ [nitro5:nic] end 02:15:02
  └─ [nitro5:cpu] end 02:15:03
  └─ [aspire:sd] end 02:15:03
  └─ [scorpius:sd] end 02:15:04
  └─ [leo:cpu] end 02:15:04
  └─ [leo:sd] end 02:15:04
  └─ [aspire:cpu] end 02:15:05
  └─ [leo:nic] end 02:15:05
  └─ [aspire:nic] end 02:15:05
  └─ [aspire:ram] end 02:15:05
  └─ [leo:ram] end 02:15:05
  └─ [scorpius:cpu] end 02:15:05
  └─ [scorpius:nic] end 02:15:05
  └─ [scorpius:ram] end 02:15:05
=== Bloque 25s terminado - Fase: fase1_descarga_low_iter1 ===
[🧹] Limpiando CSVs internos de ecofloc en cada nodo (fase: fase1_descarga_low_iter1)...
  ✔ [nitro5:cpu] limpiado /home/luish/Documents/p3/ecofloc2/ecofloc/ecofloc-cpu/ECOFLOC_CPU_COMM_text.csv
  ✔ [nitro5:nic] limpiado /home/luish/Documents/p3/ecofloc2/ecofloc/ecofloc-nic/ECOFLOC_NIC_COMM_text.csv
  ✔ [nitro5:ram] limpiado /home/luish/Documents/p3/ecofloc2/ecofloc/ecofloc-ram/ECOFLOC_RAM_COMM_text.csv
  ✔ [nitro5:sd] limpiado /home/luish/Documents/p3/ecofloc2/ecofloc/ecofloc-sd/ECOFLOC_SD_COMM_text.csv
  ✔ [leo:cpu] limpiado /home/leo/ecofloc/ecofloc-cpu/ECOFLOC_CPU_COMM_text.csv
  ✔ [leo:nic] limpiado /home/leo/ecofloc/ecofloc-nic/ECOFLOC_NIC_COMM_text.csv
  ✔ [leo:ram] limpiado /home/leo/ecofloc/ecofloc-ram/ECOFLOC_RAM_COMM_text.csv
  ✔ [leo:sd] limpiado /home/leo/ecofloc/ecofloc-sd/ECOFLOC_SD_COMM_text.csv
  ✔ [aspire:cpu] limpiado /home/luish/Documents/p3/ecofloc2/ecofloc/ecofloc-cpu/ECOFLOC_CPU_COMM_text.csv
  ✔ [aspire:nic] limpiado /home/luish/Documents/p3/ecofloc2/ecofloc/ecofloc-nic/ECOFLOC_NIC_COMM_text.csv
  ✔ [aspire:ram] limpiado /home/luish/Documents/p3/ecofloc2/ecofloc/ecofloc-ram/ECOFLOC_RAM_COMM_text.csv
  ✔ [aspire:sd] limpiado /home/luish/Documents/p3/ecofloc2/ecofloc/ecofloc-sd/ECOFLOC_SD_COMM_text.csv
  ✔ [scorpius:cpu] limpiado /home/scorpius03/Documents/ecofloc/ecofloc-cpu/ECOFLOC_CPU_COMM_text.csv
  ✔ [scorpius:nic] limpiado /home/scorpius03/Documents/ecofloc/ecofloc-nic/ECOFLOC_NIC_COMM_text.csv
  ✔ [scorpius:ram] limpiado /home/scorpius03/Documents/ecofloc/ecofloc-ram/ECOFLOC_RAM_COMM_text.csv
  ✔ [scorpius:sd] limpiado /home/scorpius03/Documents/ecofloc/ecofloc-sd/ECOFLOC_SD_COMM_text.csv
========================================
🔋 MEASURE ENERGY FINALIZADO
   Fase: fase1_descarga_low_iter1
========================================
✔️ [02:15:09] Medición fase1_descarga_low_iter1 completada
[📦] Archivando resultados → ./historyexecutions/exp(02:15:14)_fase1_low_iter1
[✔] Archivado: ./historyexecutions/exp(02:15:14)_fase1_low_iter1
========================================
🔋 FASE 2: Preparación de servicios (low, iter 1)
========================================
📋 Capturando PIDs (gepidstea.sh)...
📋 Capturando PIDs de contenedores (kpsnodos.sh)...
🔋 [02:15:32] Iniciando medición de energía: fase2_preparacion_low_iter1 (50s)
   PID de medición: 1163035
========================================
🔋 MEASURE ENERGY - Fase: fase2_preparacion_low_iter1
   Duración: 50s
   PID: 1163035
========================================
=== Medición bloque 50s - Fase: fase2_preparacion_low_iter1 ===
[⏱ 02:15:32] Iniciando ecofloc en nitro5 por 50s (fase: fase2_preparacion_low_iter1)
⏳ Esperando 10s a que CoreDNS se estabilice...
  ├─ [nitro5:sd] start 02:15:32
  ├─ [nitro5:ram] start 02:15:33
  ├─ [nitro5:nic] start 02:15:33
[⏱ 02:15:34] Iniciando ecofloc en aspire por 50s (fase: fase2_preparacion_low_iter1)
  ├─ [nitro5:cpu] start 02:15:34
  ├─ [aspire:sd] start 02:15:34
  ├─ [aspire:ram] start 02:15:34
[⏱ 02:15:34] Iniciando ecofloc en scorpius por 50s (fase: fase2_preparacion_low_iter1)
  ├─ [aspire:nic] start 02:15:34
  ├─ [aspire:cpu] start 02:15:34
  ├─ [scorpius:sd] start 02:15:34
  ├─ [scorpius:ram] start 02:15:34
[⏱ 02:15:34] Iniciando ecofloc en leo por 50s (fase: fase2_preparacion_low_iter1)
  ├─ [scorpius:nic] start 02:15:34
  ├─ [scorpius:cpu] start 02:15:34
  ├─ [leo:sd] start 02:15:34
  ├─ [leo:ram] start 02:15:34
  ├─ [leo:nic] start 02:15:34
  ├─ [leo:cpu] start 02:15:34
➡️ Pod WebUI: teastore-webui-ff7768544-mqsw4
➡️ Está en el nodo: luish-aspire-a315-55g
🌐 IP del nodo WebUI: 192.168.18.37
⏳ Verificando estado del TeaStore en http://192.168.18.37:30080/tools.descartes.teastore.webui/status ...
   ➤ Estado actual: 5 / 5 servicios OK
✔ TODOS los servicios del TeaStore están OK. Continuando...
⏳ [02:15:47] Esperando que termine medición: fase2_preparacion_low_iter1 (PID: 1163035)
  └─ [nitro5:sd] end 02:16:22
  └─ [nitro5:ram] end 02:16:23
  └─ [nitro5:nic] end 02:16:23
  └─ [nitro5:cpu] end 02:16:24
  └─ [aspire:sd] end 02:16:24
  └─ [aspire:cpu] end 02:16:24
  └─ [scorpius:sd] end 02:16:24
  └─ [aspire:nic] end 02:16:25
  └─ [scorpius:cpu] end 02:16:25
  └─ [aspire:ram] end 02:16:27
  └─ [leo:sd] end 02:16:27
  └─ [leo:cpu] end 02:16:27
  └─ [scorpius:ram] end 02:16:27
  └─ [scorpius:nic] end 02:16:27
  └─ [leo:nic] end 02:16:27
  └─ [leo:ram] end 02:16:27
=== Bloque 50s terminado - Fase: fase2_preparacion_low_iter1 ===
[🧹] Limpiando CSVs internos de ecofloc en cada nodo (fase: fase2_preparacion_low_iter1)...
  ✔ [nitro5:cpu] limpiado /home/luish/Documents/p3/ecofloc2/ecofloc/ecofloc-cpu/ECOFLOC_CPU_COMM_text.csv
  ✔ [nitro5:nic] limpiado /home/luish/Documents/p3/ecofloc2/ecofloc/ecofloc-nic/ECOFLOC_NIC_COMM_text.csv
  ✔ [nitro5:ram] limpiado /home/luish/Documents/p3/ecofloc2/ecofloc/ecofloc-ram/ECOFLOC_RAM_COMM_text.csv
  ✔ [nitro5:sd] limpiado /home/luish/Documents/p3/ecofloc2/ecofloc/ecofloc-sd/ECOFLOC_SD_COMM_text.csv
  ✔ [leo:cpu] limpiado /home/leo/ecofloc/ecofloc-cpu/ECOFLOC_CPU_COMM_text.csv
  ✔ [leo:nic] limpiado /home/leo/ecofloc/ecofloc-nic/ECOFLOC_NIC_COMM_text.csv
  ✔ [leo:ram] limpiado /home/leo/ecofloc/ecofloc-ram/ECOFLOC_RAM_COMM_text.csv
  ✔ [leo:sd] limpiado /home/leo/ecofloc/ecofloc-sd/ECOFLOC_SD_COMM_text.csv
  ✔ [aspire:cpu] limpiado /home/luish/Documents/p3/ecofloc2/ecofloc/ecofloc-cpu/ECOFLOC_CPU_COMM_text.csv
  ✔ [aspire:nic] limpiado /home/luish/Documents/p3/ecofloc2/ecofloc/ecofloc-nic/ECOFLOC_NIC_COMM_text.csv
  ✔ [aspire:ram] limpiado /home/luish/Documents/p3/ecofloc2/ecofloc/ecofloc-ram/ECOFLOC_RAM_COMM_text.csv
  ✔ [aspire:sd] limpiado /home/luish/Documents/p3/ecofloc2/ecofloc/ecofloc-sd/ECOFLOC_SD_COMM_text.csv
  ✔ [scorpius:cpu] limpiado /home/scorpius03/Documents/ecofloc/ecofloc-cpu/ECOFLOC_CPU_COMM_text.csv
  ✔ [scorpius:nic] limpiado /home/scorpius03/Documents/ecofloc/ecofloc-nic/ECOFLOC_NIC_COMM_text.csv
  ✔ [scorpius:ram] limpiado /home/scorpius03/Documents/ecofloc/ecofloc-ram/ECOFLOC_RAM_COMM_text.csv
  ✔ [scorpius:sd] limpiado /home/scorpius03/Documents/ecofloc/ecofloc-sd/ECOFLOC_SD_COMM_text.csv
========================================
🔋 MEASURE ENERGY FINALIZADO
   Fase: fase2_preparacion_low_iter1
========================================
✔️ [02:16:33] Medición fase2_preparacion_low_iter1 completada
[📦] Archivando resultados → ./historyexecutions/exp(02:16:38)_fase2_low_iter1
[✔] Archivado: ./historyexecutions/exp(02:16:38)_fase2_low_iter1
========================================
🔋 FASE 3: Ejecución de carga (low, iter 1)
========================================
📋 Capturando PIDs (gepidstea.sh)...
📋 Capturando PIDs de contenedores (kpsnodos.sh)...
🔋 [02:16:57] Iniciando medición de energía: fase3_carga_low_iter1 (140s)
   PID de medición: 1296087
=== Escenario low (iter 1) ===
========================================
🔋 MEASURE ENERGY - Fase: fase3_carga_low_iter1
   Duración: 140s
   PID: 1296087
========================================
=== Medición bloque 140s - Fase: fase3_carga_low_iter1 ===
🚀 Iniciando LIMBO con profile=/home/luish/Documents/death/teastore/TeaStore/examples/httploadgenerator/increasingLowIntensity.csv y script=/home/luish/Documents/death/teastore/TeaStore/examples/httploadgenerator/teastore_buy.lua
[⏱ 02:16:57] Iniciando ecofloc en nitro5 por 140s (fase: fase3_carga_low_iter1)
Mar 06, 2026 2:16:57 AM tools.descartes.dlim.httploadgenerator.runner.Director executeDirector
WARNING: No power measurements
Mar 06, 2026 2:16:57 AM tools.descartes.dlim.httploadgenerator.runner.Director executeDirector
INFO: Load Generator Thread Count set to 64
Mar 06, 2026 2:16:57 AM tools.descartes.dlim.httploadgenerator.runner.Director executeDirector
INFO: URL connection timout set to 30000 ms
Mar 06, 2026 2:16:57 AM tools.descartes.dlim.httploadgenerator.runner.Director executeDirector
INFO: Using Lua Script: /home/luish/Documents/death/teastore/TeaStore/examples/httploadgenerator/teastore_buy.lua
Mar 06, 2026 2:16:57 AM tools.descartes.dlim.httploadgenerator.runner.Director process
INFO: Read 120 Arrival Rate Tuples
Load Generator sent: ok
Mar 06, 2026 2:16:57 AM tools.descartes.dlim.httploadgenerator.runner.Director process
INFO: Arrival Rates sent to Load Generator(s).
Load Generator sent: ok
Mar 06, 2026 2:16:57 AM tools.descartes.dlim.httploadgenerator.runner.Director process
INFO: Thread Count sent to Load Generator(s): 64
Load Generator sent: ok
Mar 06, 2026 2:16:57 AM tools.descartes.dlim.httploadgenerator.runner.Director process
INFO: URL connection timeout sent to Load Generator(s): 30000
Load Generator sent: ok
Mar 06, 2026 2:16:57 AM tools.descartes.dlim.httploadgenerator.runner.Director process
INFO: Contents of script sent to Load Generator: /home/luish/Documents/death/teastore/TeaStore/examples/httploadgenerator/teastore_buy.lua
Mar 06, 2026 2:16:57 AM tools.descartes.dlim.httploadgenerator.runner.Director process
INFO: Starting Load Generation
Beginning Run @1772781417599(06.03.2026;02:16:57599)
  ├─ [nitro5:sd] start 02:16:57
Target Time = 0.5; Load Intensity = 0.0; #Success = 0; #Failed = 0; #Dropped = 0
  ├─ [nitro5:ram] start 02:16:58
  ├─ [nitro5:nic] start 02:16:58
[⏱ 02:16:59] Iniciando ecofloc en aspire por 140s (fase: fase3_carga_low_iter1)
  ├─ [nitro5:cpu] start 02:16:59
  ├─ [aspire:sd] start 02:16:59
  ├─ [aspire:ram] start 02:16:59
  ├─ [aspire:nic] start 02:16:59
[⏱ 02:16:59] Iniciando ecofloc en scorpius por 140s (fase: fase3_carga_low_iter1)
  ├─ [aspire:cpu] start 02:16:59
  ├─ [scorpius:sd] start 02:16:59
  ├─ [scorpius:ram] start 02:16:59
  ├─ [scorpius:nic] start 02:16:59
[⏱ 02:16:59] Iniciando ecofloc en leo por 140s (fase: fase3_carga_low_iter1)
  ├─ [scorpius:cpu] start 02:16:59
  ├─ [leo:sd] start 02:16:59
  ├─ [leo:ram] start 02:16:59
  ├─ [leo:cpu] start 02:16:59
  ├─ [leo:nic] start 02:16:59
Target Time = 1.5; Load Intensity = 1.0; #Success = 0; #Failed = 0; #Dropped = 0
Target Time = 2.5; Load Intensity = 2.0; #Success = 0; #Failed = 0; #Dropped = 0
Target Time = 3.5; Load Intensity = 2.0; #Success = 0; #Failed = 0; #Dropped = 0
Target Time = 4.5; Load Intensity = 3.0; #Success = 8; #Failed = 0; #Dropped = 0
Target Time = 5.5; Load Intensity = 4.0; #Success = 4; #Failed = 0; #Dropped = 0
Target Time = 6.5; Load Intensity = 5.0; #Success = 4; #Failed = 0; #Dropped = 0
Target Time = 7.5; Load Intensity = 6.0; #Success = 7; #Failed = 0; #Dropped = 0
Target Time = 8.5; Load Intensity = 7.0; #Success = 7; #Failed = 0; #Dropped = 0
Target Time = 9.5; Load Intensity = 7.0; #Success = 7; #Failed = 0; #Dropped = 0
Target Time = 10.5; Load Intensity = 8.0; #Success = 7; #Failed = 0; #Dropped = 0
Target Time = 11.5; Load Intensity = 9.0; #Success = 10; #Failed = 0; #Dropped = 0
Target Time = 12.5; Load Intensity = 10.0; #Success = 10; #Failed = 0; #Dropped = 0
Target Time = 13.5; Load Intensity = 11.0; #Success = 0; #Failed = 0; #Dropped = 0
Target Time = 14.5; Load Intensity = 12.0; #Success = 19; #Failed = 0; #Dropped = 0
Target Time = 15.5; Load Intensity = 12.0; #Success = 13; #Failed = 0; #Dropped = 0
Target Time = 16.5; Load Intensity = 13.0; #Success = 16; #Failed = 0; #Dropped = 0
Target Time = 17.5; Load Intensity = 14.0; #Success = 14; #Failed = 0; #Dropped = 0
Target Time = 18.5; Load Intensity = 15.0; #Success = 2; #Failed = 0; #Dropped = 0
Target Time = 19.5; Load Intensity = 16.0; #Success = 0; #Failed = 0; #Dropped = 0
Target Time = 20.5; Load Intensity = 17.0; #Success = 2; #Failed = 0; #Dropped = 0
Target Time = 21.5; Load Intensity = 17.0; #Success = 25; #Failed = 0; #Dropped = 0
Target Time = 22.5; Load Intensity = 18.0; #Success = 19; #Failed = 0; #Dropped = 0
Target Time = 23.5; Load Intensity = 19.0; #Success = 17; #Failed = 0; #Dropped = 0
Target Time = 24.5; Load Intensity = 20.0; #Success = 1; #Failed = 0; #Dropped = 0
Target Time = 25.5; Load Intensity = 21.0; #Success = 0; #Failed = 0; #Dropped = 0
Target Time = 26.5; Load Intensity = 22.0; #Success = 0; #Failed = 0; #Dropped = 0
Target Time = 27.5; Load Intensity = 22.0; #Success = 0; #Failed = 0; #Dropped = 0
Target Time = 28.5; Load Intensity = 23.0; #Success = 0; #Failed = 0; #Dropped = 0
Target Time = 29.5; Load Intensity = 24.0; #Success = 0; #Failed = 0; #Dropped = 0
Target Time = 30.5; Load Intensity = 25.0; #Success = 0; #Failed = 0; #Dropped = 0
Target Time = 31.5; Load Intensity = 26.0; #Success = 0; #Failed = 0; #Dropped = 0
Target Time = 32.5; Load Intensity = 27.0; #Success = 0; #Failed = 0; #Dropped = 0
Target Time = 33.5; Load Intensity = 27.0; #Success = 0; #Failed = 0; #Dropped = 0
Target Time = 34.5; Load Intensity = 28.0; #Success = 0; #Failed = 0; #Dropped = 0
Target Time = 35.5; Load Intensity = 29.0; #Success = 0; #Failed = 0; #Dropped = 0
Target Time = 36.5; Load Intensity = 30.0; #Success = 0; #Failed = 0; #Dropped = 0
Target Time = 37.5; Load Intensity = 31.0; #Success = 6; #Failed = 0; #Dropped = 0
Target Time = 38.5; Load Intensity = 32.0; #Success = 15; #Failed = 0; #Dropped = 0
Target Time = 39.5; Load Intensity = 32.0; #Success = 1; #Failed = 0; #Dropped = 0
Target Time = 40.5; Load Intensity = 33.0; #Success = 4; #Failed = 0; #Dropped = 0
Target Time = 41.5; Load Intensity = 34.0; #Success = 1; #Failed = 0; #Dropped = 0
Target Time = 42.5; Load Intensity = 35.0; #Success = 2; #Failed = 0; #Dropped = 0
Target Time = 43.5; Load Intensity = 36.0; #Success = 7; #Failed = 0; #Dropped = 0
Target Time = 44.5; Load Intensity = 37.0; #Success = 5; #Failed = 0; #Dropped = 0
Target Time = 45.5; Load Intensity = 37.0; #Success = 18; #Failed = 0; #Dropped = 0
Target Time = 46.5; Load Intensity = 38.0; #Success = 5; #Failed = 0; #Dropped = 0
Target Time = 47.5; Load Intensity = 39.0; #Success = 0; #Failed = 0; #Dropped = 0
Target Time = 48.5; Load Intensity = 40.0; #Success = 0; #Failed = 0; #Dropped = 0
Target Time = 49.5; Load Intensity = 41.0; #Success = 0; #Failed = 5; #Dropped = 0
Target Time = 50.5; Load Intensity = 42.0; #Success = 0; #Failed = 0; #Dropped = 0
Target Time = 51.5; Load Intensity = 42.0; #Success = 0; #Failed = 0; #Dropped = 0
Target Time = 52.5; Load Intensity = 43.0; #Success = 2; #Failed = 0; #Dropped = 0
Target Time = 53.5; Load Intensity = 44.0; #Success = 0; #Failed = 0; #Dropped = 0
Target Time = 54.5; Load Intensity = 45.0; #Success = 2; #Failed = 0; #Dropped = 0
Target Time = 55.5; Load Intensity = 46.0; #Success = 8; #Failed = 0; #Dropped = 0
Target Time = 56.5; Load Intensity = 47.0; #Success = 14; #Failed = 2; #Dropped = 0
Target Time = 57.5; Load Intensity = 47.0; #Success = 28; #Failed = 0; #Dropped = 0
Target Time = 58.5; Load Intensity = 48.0; #Success = 9; #Failed = 1; #Dropped = 0
Target Time = 59.5; Load Intensity = 49.0; #Success = 0; #Failed = 0; #Dropped = 0
Target Time = 60.5; Load Intensity = 50.0; #Success = 0; #Failed = 0; #Dropped = 0
Target Time = 61.5; Load Intensity = 51.0; #Success = 1; #Failed = 0; #Dropped = 0
Target Time = 62.5; Load Intensity = 52.0; #Success = 0; #Failed = 0; #Dropped = 0
Target Time = 63.5; Load Intensity = 52.0; #Success = 0; #Failed = 0; #Dropped = 0
Target Time = 64.5; Load Intensity = 53.0; #Success = 4; #Failed = 0; #Dropped = 99
Target Time = 65.5; Load Intensity = 54.0; #Success = 38; #Failed = 0; #Dropped = 9
Target Time = 66.5; Load Intensity = 55.0; #Success = 22; #Failed = 0; #Dropped = 0
Target Time = 67.5; Load Intensity = 56.0; #Success = 0; #Failed = 0; #Dropped = 0
Target Time = 68.5; Load Intensity = 57.0; #Success = 0; #Failed = 0; #Dropped = 0
Target Time = 69.5; Load Intensity = 57.0; #Success = 0; #Failed = 0; #Dropped = 0
Target Time = 70.5; Load Intensity = 58.0; #Success = 0; #Failed = 0; #Dropped = 0
Target Time = 71.5; Load Intensity = 59.0; #Success = 0; #Failed = 0; #Dropped = 0
Target Time = 72.5; Load Intensity = 60.0; #Success = 0; #Failed = 0; #Dropped = 0
Target Time = 73.5; Load Intensity = 61.0; #Success = 0; #Failed = 0; #Dropped = 0
Target Time = 74.5; Load Intensity = 62.0; #Success = 0; #Failed = 0; #Dropped = 0
Target Time = 75.5; Load Intensity = 62.0; #Success = 0; #Failed = 0; #Dropped = 0
Target Time = 76.5; Load Intensity = 63.0; #Success = 2; #Failed = 0; #Dropped = 321
Target Time = 77.5; Load Intensity = 64.0; #Success = 0; #Failed = 0; #Dropped = 0
Target Time = 78.5; Load Intensity = 65.0; #Success = 0; #Failed = 0; #Dropped = 0
Target Time = 79.5; Load Intensity = 66.0; #Success = 5; #Failed = 0; #Dropped = 96
Target Time = 80.5; Load Intensity = 67.0; #Success = 0; #Failed = 0; #Dropped = 0
Target Time = 81.5; Load Intensity = 67.0; #Success = 0; #Failed = 0; #Dropped = 0
Target Time = 82.5; Load Intensity = 68.0; #Success = 0; #Failed = 0; #Dropped = 0
Target Time = 83.5; Load Intensity = 69.0; #Success = 1; #Failed = 0; #Dropped = 194
Target Time = 84.5; Load Intensity = 70.0; #Success = 1; #Failed = 0; #Dropped = 31
Target Time = 85.5; Load Intensity = 71.0; #Success = 4; #Failed = 0; #Dropped = 56
Target Time = 86.5; Load Intensity = 72.0; #Success = 6; #Failed = 0; #Dropped = 42
Target Time = 87.5; Load Intensity = 72.0; #Success = 8; #Failed = 0; #Dropped = 35
Target Time = 88.5; Load Intensity = 73.0; #Success = 6; #Failed = 0; #Dropped = 47
Target Time = 89.5; Load Intensity = 74.0; #Success = 5; #Failed = 0; #Dropped = 37
Target Time = 90.5; Load Intensity = 75.0; #Success = 4; #Failed = 0; #Dropped = 27
Target Time = 91.5; Load Intensity = 76.0; #Success = 2; #Failed = 0; #Dropped = 68
Target Time = 92.5; Load Intensity = 77.0; #Success = 7; #Failed = 0; #Dropped = 45
Target Time = 93.5; Load Intensity = 77.0; #Success = 10; #Failed = 0; #Dropped = 48
Target Time = 94.5; Load Intensity = 78.0; #Success = 8; #Failed = 0; #Dropped = 37
Target Time = 95.5; Load Intensity = 79.0; #Success = 3; #Failed = 2; #Dropped = 48
Target Time = 96.5; Load Intensity = 80.0; #Success = 0; #Failed = 0; #Dropped = 0
Target Time = 97.5; Load Intensity = 81.0; #Success = 2; #Failed = 0; #Dropped = 117
Target Time = 98.5; Load Intensity = 82.0; #Success = 8; #Failed = 0; #Dropped = 49
Target Time = 99.5; Load Intensity = 82.0; #Success = 5; #Failed = 0; #Dropped = 50
Target Time = 100.5; Load Intensity = 83.0; #Success = 3; #Failed = 0; #Dropped = 53
Target Time = 101.5; Load Intensity = 84.0; #Success = 4; #Failed = 0; #Dropped = 58
Target Time = 102.5; Load Intensity = 85.0; #Success = 5; #Failed = 0; #Dropped = 59
Target Time = 103.5; Load Intensity = 86.0; #Success = 8; #Failed = 0; #Dropped = 53
Target Time = 104.5; Load Intensity = 87.0; #Success = 10; #Failed = 0; #Dropped = 47
Target Time = 105.5; Load Intensity = 87.0; #Success = 8; #Failed = 1; #Dropped = 63
Target Time = 106.5; Load Intensity = 88.0; #Success = 3; #Failed = 0; #Dropped = 21
Target Time = 107.5; Load Intensity = 89.0; #Success = 2; #Failed = 0; #Dropped = 99
Target Time = 108.5; Load Intensity = 90.0; #Success = 6; #Failed = 0; #Dropped = 45
Target Time = 109.5; Load Intensity = 91.0; #Success = 6; #Failed = 0; #Dropped = 57
Target Time = 110.5; Load Intensity = 92.0; #Success = 5; #Failed = 0; #Dropped = 78
Target Time = 111.5; Load Intensity = 92.0; #Success = 3; #Failed = 0; #Dropped = 56
Target Time = 112.5; Load Intensity = 93.0; #Success = 27; #Failed = 0; #Dropped = 56
Target Time = 113.5; Load Intensity = 94.0; #Success = 25; #Failed = 0; #Dropped = 37
Target Time = 114.5; Load Intensity = 95.0; #Success = 28; #Failed = 0; #Dropped = 44
Target Time = 115.5; Load Intensity = 96.0; #Success = 34; #Failed = 0; #Dropped = 33
Target Time = 116.5; Load Intensity = 97.0; #Success = 21; #Failed = 0; #Dropped = 62
Target Time = 117.5; Load Intensity = 97.0; #Success = 8; #Failed = 0; #Dropped = 47
Target Time = 118.5; Load Intensity = 98.0; #Success = 3; #Failed = 0; #Dropped = 55
Target Time = 119.5; Load Intensity = 99.0; #Success = 30; #Failed = 0; #Dropped = 64
Target Time = 120.5; Load Intensity = 0.0; #Success = 32; #Failed = 0; #Dropped = 46
Target Time = 121.5; Load Intensity = 0.0; #Success = 42; #Failed = 0; #Dropped = 34
Target Time = 122.5; Load Intensity = 0.0; #Success = 59; #Failed = 0; #Dropped = 21
Target Time = 123.5; Load Intensity = 0.0; #Success = 59; #Failed = 0; #Dropped = 19
Target Time = 124.5; Load Intensity = 0.0; #Success = 49; #Failed = 0; #Dropped = 31
Target Time = 125.5; Load Intensity = 0.0; #Success = 27; #Failed = 0; #Dropped = 47
Target Time = 126.5; Load Intensity = 0.0; #Success = 13; #Failed = 0; #Dropped = 54
Target Time = 127.5; Load Intensity = 0.0; #Success = 3; #Failed = 0; #Dropped = 90
Target Time = 128.5; Load Intensity = 0.0; #Success = 4; #Failed = 0; #Dropped = 69
Target Time = 129.5; Load Intensity = 0.0; #Success = 2; #Failed = 0; #Dropped = 88
Target Time = 130.5; Load Intensity = 0.0; #Success = 3; #Failed = 0; #Dropped = 75
Target Time = 131.5; Load Intensity = 0.0; #Success = 0; #Failed = 0; #Dropped = 0
Target Time = 132.5; Load Intensity = 0.0; #Success = 1; #Failed = 0; #Dropped = 142
Target Time = 133.5; Load Intensity = 0.0; #Success = 1; #Failed = 0; #Dropped = 51
Target Time = 134.5; Load Intensity = 0.0; #Success = 2; #Failed = 0; #Dropped = 146
Target Time = 135.5; Load Intensity = 0.0; #Success = 0; #Failed = 0; #Dropped = 0
Target Time = 136.5; Load Intensity = 0.0; #Success = 2; #Failed = 0; #Dropped = 138
Target Time = 137.5; Load Intensity = 0.0; #Success = 3; #Failed = 0; #Dropped = 118
Target Time = 138.5; Load Intensity = 0.0; #Success = 3; #Failed = 0; #Dropped = 44
Target Time = 139.5; Load Intensity = 0.0; #Success = 2; #Failed = 0; #Dropped = 100
  └─ [nitro5:sd] end 02:19:17
  └─ [nitro5:ram] end 02:19:18
Target Time = 140.5; Load Intensity = 0.0; #Success = 5; #Failed = 0; #Dropped = 122
  └─ [nitro5:nic] end 02:19:18
  └─ [nitro5:cpu] end 02:19:19
Target Time = 141.5; Load Intensity = 0.0; #Success = 3; #Failed = 0; #Dropped = 49
Target Time = 142.5; Load Intensity = 0.0; #Success = 2; #Failed = 0; #Dropped = 130
Target Time = 143.5; Load Intensity = 0.0; #Success = 0; #Failed = 0; #Dropped = 0
Target Time = 144.5; Load Intensity = 0.0; #Success = 0; #Failed = 0; #Dropped = 0
Target Time = 145.5; Load Intensity = 0.0; #Success = 1; #Failed = 0; #Dropped = 223
  └─ [leo:cpu] end 02:19:24
  └─ [scorpius:sd] end 02:19:24
Target Time = 146.5; Load Intensity = 0.0; #Success = 0; #Failed = 0; #Dropped = 0
  └─ [leo:nic] end 02:19:25
Target Time = 147.5; Load Intensity = 0.0; #Success = 1; #Failed = 0; #Dropped = 201
  └─ [scorpius:cpu] end 02:19:26
Target Time = 148.5; Load Intensity = 0.0; #Success = 0; #Failed = 0; #Dropped = 0
Target Time = 149.5; Load Intensity = 0.0; #Success = 1; #Failed = 0; #Dropped = 235
Target Time = 150.5; Load Intensity = 0.0; #Success = 0; #Failed = 0; #Dropped = 0
  └─ [leo:ram] end 02:19:28
  └─ [scorpius:ram] end 02:19:28
  └─ [scorpius:nic] end 02:19:29
Target Time = 151.5; Load Intensity = 0.0; #Success = 5; #Failed = 0; #Dropped = 19
Target Time = 152.5; Load Intensity = 0.0; #Success = 2; #Failed = 2; #Dropped = 0
Target Time = 153.5; Load Intensity = 0.0; #Success = 2; #Failed = 0; #Dropped = 0
Target Time = 154.5; Load Intensity = 0.0; #Success = 7; #Failed = 18; #Dropped = 0
Target Time = 155.5; Load Intensity = 0.0; #Success = 10; #Failed = 0; #Dropped = 0
  └─ [aspire:nic] end 02:19:34
  └─ [aspire:cpu] end 02:19:34
  └─ [aspire:sd] end 02:19:34
  └─ [aspire:ram] end 02:19:34
=== Bloque 140s terminado - Fase: fase3_carga_low_iter1 ===
[🧹] Limpiando CSVs internos de ecofloc en cada nodo (fase: fase3_carga_low_iter1)...
  ✔ [nitro5:cpu] limpiado /home/luish/Documents/p3/ecofloc2/ecofloc/ecofloc-cpu/ECOFLOC_CPU_COMM_text.csv
  ✔ [nitro5:nic] limpiado /home/luish/Documents/p3/ecofloc2/ecofloc/ecofloc-nic/ECOFLOC_NIC_COMM_text.csv
  ✔ [nitro5:ram] limpiado /home/luish/Documents/p3/ecofloc2/ecofloc/ecofloc-ram/ECOFLOC_RAM_COMM_text.csv
  ✔ [nitro5:sd] limpiado /home/luish/Documents/p3/ecofloc2/ecofloc/ecofloc-sd/ECOFLOC_SD_COMM_text.csv
Target Time = 156.5; Load Intensity = 0.0; #Success = 5; #Failed = 0; #Dropped = 0
  ✔ [leo:cpu] limpiado /home/leo/ecofloc/ecofloc-cpu/ECOFLOC_CPU_COMM_text.csv
Target Time = 157.5; Load Intensity = 0.0; #Success = 2; #Failed = 0; #Dropped = 0
  ✔ [leo:nic] limpiado /home/leo/ecofloc/ecofloc-nic/ECOFLOC_NIC_COMM_text.csv
Target Time = 158.5; Load Intensity = 0.0; #Success = 3; #Failed = 0; #Dropped = 0
  ✔ [leo:ram] limpiado /home/leo/ecofloc/ecofloc-ram/ECOFLOC_RAM_COMM_text.csv
  ✔ [leo:sd] limpiado /home/leo/ecofloc/ecofloc-sd/ECOFLOC_SD_COMM_text.csv
Target Time = 159.5; Load Intensity = 0.0; #Success = 8; #Failed = 0; #Dropped = 0
  ✔ [aspire:cpu] limpiado /home/luish/Documents/p3/ecofloc2/ecofloc/ecofloc-cpu/ECOFLOC_CPU_COMM_text.csv
  ✔ [aspire:nic] limpiado /home/luish/Documents/p3/ecofloc2/ecofloc/ecofloc-nic/ECOFLOC_NIC_COMM_text.csv
  ✔ [aspire:ram] limpiado /home/luish/Documents/p3/ecofloc2/ecofloc/ecofloc-ram/ECOFLOC_RAM_COMM_text.csv
  ✔ [aspire:sd] limpiado /home/luish/Documents/p3/ecofloc2/ecofloc/ecofloc-sd/ECOFLOC_SD_COMM_text.csv
  ✔ [scorpius:cpu] limpiado /home/scorpius03/Documents/ecofloc/ecofloc-cpu/ECOFLOC_CPU_COMM_text.csv
  ✔ [scorpius:nic] limpiado /home/scorpius03/Documents/ecofloc/ecofloc-nic/ECOFLOC_NIC_COMM_text.csv
  ✔ [scorpius:ram] limpiado /home/scorpius03/Documents/ecofloc/ecofloc-ram/ECOFLOC_RAM_COMM_text.csv
  ✔ [scorpius:sd] limpiado /home/scorpius03/Documents/ecofloc/ecofloc-sd/ECOFLOC_SD_COMM_text.csv
========================================
🔋 MEASURE ENERGY FINALIZADO
   Fase: fase3_carga_low_iter1
========================================
Workload finished.
Log finished.
📄 LIMBO finalizado para scenario=low
⏳ [02:19:42] Esperando que termine medición: fase3_carga_low_iter1 (PID: 1296087)
✔️ [02:19:42] Medición fase3_carga_low_iter1 completada
[📦] Archivando resultados → ./historyexecutions/exp(02:19:47)_fase3_low_iter1
[✔] Archivado: ./historyexecutions/exp(02:19:47)_fase3_low_iter1
🧹 Limpiando TeaStore (iter 1)...
⏸ Esperando 15s para limpieza completa...
✅ Iteración 1 / 20 del escenario low completada.

########################################################
🔄 ESCENARIO: low | ITERACIÓN: 2 / 20
   Hora: 02:20:35
########################################################
========================================
🔋 FASE 1: Descarga de imágenes (low, iter 2)
========================================
📋 Capturando PIDs (gepidstea.sh)...
📋 Capturando PIDs de contenedores (kpsnodos.sh)...
🔋 [02:20:54] Iniciando medición de energía: fase1_descarga_low_iter2 (25s)
   PID de medición: 1662300
🚀 Desplegando TeaStore desde /home/luish/Documents/death/teastore/TeaStore/examples/kubernetes/teastore-energy-scheduler.yaml...
========================================
🔋 MEASURE ENERGY - Fase: fase1_descarga_low_iter2
   Duración: 25s
   PID: 1662300
========================================
=== Medición bloque 25s - Fase: fase1_descarga_low_iter2 ===
[⏱ 02:20:54] Iniciando ecofloc en nitro5 por 25s (fase: fase1_descarga_low_iter2)
⏳ Esperando a que todos los pods de TeaStore estén Running y Ready...
  ├─ [nitro5:sd] start 02:20:54
  ├─ [nitro5:ram] start 02:20:55
  ├─ [nitro5:nic] start 02:20:55
[⏱ 02:20:56] Iniciando ecofloc en aspire por 25s (fase: fase1_descarga_low_iter2)
  ├─ [nitro5:cpu] start 02:20:56
  ├─ [aspire:sd] start 02:20:56
  ├─ [aspire:ram] start 02:20:56
  ├─ [aspire:nic] start 02:20:56
[⏱ 02:20:56] Iniciando ecofloc en scorpius por 25s (fase: fase1_descarga_low_iter2)
  ├─ [aspire:cpu] start 02:20:56
  ├─ [scorpius:sd] start 02:20:56
  ├─ [scorpius:ram] start 02:20:56
[⏱ 02:20:56] Iniciando ecofloc en leo por 25s (fase: fase1_descarga_low_iter2)
  ├─ [scorpius:nic] start 02:20:56
  ├─ [scorpius:cpu] start 02:20:56
  ├─ [leo:sd] start 02:20:56
  ├─ [leo:ram] start 02:20:56
  ├─ [leo:nic] start 02:20:56
  ├─ [leo:cpu] start 02:20:56
✅ Pods listos.
⏳ [02:20:57] Esperando que termine medición: fase1_descarga_low_iter2 (PID: 1662300)
  └─ [nitro5:sd] end 02:21:19
  └─ [nitro5:ram] end 02:21:20
  └─ [nitro5:nic] end 02:21:20
  └─ [nitro5:cpu] end 02:21:21
  └─ [aspire:sd] end 02:21:22
  └─ [aspire:cpu] end 02:21:22
  └─ [leo:sd] end 02:21:22
  └─ [leo:cpu] end 02:21:22
  └─ [aspire:nic] end 02:21:22
  └─ [leo:nic] end 02:21:22
  └─ [scorpius:sd] end 02:21:23
  └─ [scorpius:cpu] end 02:21:23
  └─ [aspire:ram] end 02:21:23
  └─ [scorpius:nic] end 02:21:23
  └─ [scorpius:ram] end 02:21:23
=== Bloque 25s terminado - Fase: fase1_descarga_low_iter2 ===
[🧹] Limpiando CSVs internos de ecofloc en cada nodo (fase: fase1_descarga_low_iter2)...
  ✔ [nitro5:cpu] limpiado /home/luish/Documents/p3/ecofloc2/ecofloc/ecofloc-cpu/ECOFLOC_CPU_COMM_text.csv
  ✔ [nitro5:nic] limpiado /home/luish/Documents/p3/ecofloc2/ecofloc/ecofloc-nic/ECOFLOC_NIC_COMM_text.csv
  ✔ [nitro5:ram] limpiado /home/luish/Documents/p3/ecofloc2/ecofloc/ecofloc-ram/ECOFLOC_RAM_COMM_text.csv
  ✔ [nitro5:sd] limpiado /home/luish/Documents/p3/ecofloc2/ecofloc/ecofloc-sd/ECOFLOC_SD_COMM_text.csv
  ✔ [leo:cpu] limpiado /home/leo/ecofloc/ecofloc-cpu/ECOFLOC_CPU_COMM_text.csv
  ✔ [leo:nic] limpiado /home/leo/ecofloc/ecofloc-nic/ECOFLOC_NIC_COMM_text.csv
  ✔ [leo:ram] limpiado /home/leo/ecofloc/ecofloc-ram/ECOFLOC_RAM_COMM_text.csv
  ✔ [leo:sd] limpiado /home/leo/ecofloc/ecofloc-sd/ECOFLOC_SD_COMM_text.csv
  ✔ [aspire:cpu] limpiado /home/luish/Documents/p3/ecofloc2/ecofloc/ecofloc-cpu/ECOFLOC_CPU_COMM_text.csv
  ✔ [aspire:nic] limpiado /home/luish/Documents/p3/ecofloc2/ecofloc/ecofloc-nic/ECOFLOC_NIC_COMM_text.csv
  ✔ [aspire:ram] limpiado /home/luish/Documents/p3/ecofloc2/ecofloc/ecofloc-ram/ECOFLOC_RAM_COMM_text.csv
  ✔ [aspire:sd] limpiado /home/luish/Documents/p3/ecofloc2/ecofloc/ecofloc-sd/ECOFLOC_SD_COMM_text.csv
  ✔ [scorpius:cpu] limpiado /home/scorpius03/Documents/ecofloc/ecofloc-cpu/ECOFLOC_CPU_COMM_text.csv
  ✔ [scorpius:nic] limpiado /home/scorpius03/Documents/ecofloc/ecofloc-nic/ECOFLOC_NIC_COMM_text.csv
  ✔ [scorpius:ram] limpiado /home/scorpius03/Documents/ecofloc/ecofloc-ram/ECOFLOC_RAM_COMM_text.csv
  ✔ [scorpius:sd] limpiado /home/scorpius03/Documents/ecofloc/ecofloc-sd/ECOFLOC_SD_COMM_text.csv
========================================
🔋 MEASURE ENERGY FINALIZADO
   Fase: fase1_descarga_low_iter2
========================================
✔️ [02:21:27] Medición fase1_descarga_low_iter2 completada
[📦] Archivando resultados → ./historyexecutions/exp(02:21:32)_fase1_low_iter2
[✔] Archivado: ./historyexecutions/exp(02:21:32)_fase1_low_iter2
========================================
🔋 FASE 2: Preparación de servicios (low, iter 2)
========================================
📋 Capturando PIDs (gepidstea.sh)...
📋 Capturando PIDs de contenedores (kpsnodos.sh)...
🔋 [02:21:49] Iniciando medición de energía: fase2_preparacion_low_iter2 (50s)
   PID de medición: 1727787
========================================
🔋 MEASURE ENERGY - Fase: fase2_preparacion_low_iter2
   Duración: 50s
   PID: 1727787
========================================
=== Medición bloque 50s - Fase: fase2_preparacion_low_iter2 ===
[⏱ 02:21:49] Iniciando ecofloc en nitro5 por 50s (fase: fase2_preparacion_low_iter2)
⏳ Esperando 10s a que CoreDNS se estabilice...
  ├─ [nitro5:sd] start 02:21:50
  ├─ [nitro5:ram] start 02:21:50
  ├─ [nitro5:nic] start 02:21:50
[⏱ 02:21:51] Iniciando ecofloc en aspire por 50s (fase: fase2_preparacion_low_iter2)
  ├─ [nitro5:cpu] start 02:21:51
  ├─ [aspire:sd] start 02:21:51
  ├─ [aspire:ram] start 02:21:51
  ├─ [aspire:nic] start 02:21:51
[⏱ 02:21:51] Iniciando ecofloc en scorpius por 50s (fase: fase2_preparacion_low_iter2)
  ├─ [aspire:cpu] start 02:21:51
  ├─ [scorpius:sd] start 02:21:51
  ├─ [scorpius:ram] start 02:21:51
  ├─ [scorpius:nic] start 02:21:51
[⏱ 02:21:51] Iniciando ecofloc en leo por 50s (fase: fase2_preparacion_low_iter2)
  ├─ [scorpius:cpu] start 02:21:51
  ├─ [leo:sd] start 02:21:51
  ├─ [leo:ram] start 02:21:51
  ├─ [leo:nic] start 02:21:51
  ├─ [leo:cpu] start 02:21:51
➡️ Pod WebUI: teastore-webui-ff7768544-gnvjm
➡️ Está en el nodo: scorpius03
🌐 IP del nodo WebUI: 192.168.18.34
⏳ Verificando estado del TeaStore en http://192.168.18.34:30080/tools.descartes.teastore.webui/status ...
   ➤ Estado actual: 5 / 5 servicios OK
✔ TODOS los servicios del TeaStore están OK. Continuando...
⏳ [02:22:06] Esperando que termine medición: fase2_preparacion_low_iter2 (PID: 1727787)
  └─ [nitro5:sd] end 02:22:40
  └─ [nitro5:ram] end 02:22:40
  └─ [nitro5:nic] end 02:22:40
  └─ [nitro5:cpu] end 02:22:41
  └─ [aspire:sd] end 02:22:41
  └─ [aspire:cpu] end 02:22:41
  └─ [leo:sd] end 02:22:42
  └─ [leo:cpu] end 02:22:42
  └─ [aspire:nic] end 02:22:42
  └─ [scorpius:sd] end 02:22:42
  └─ [scorpius:cpu] end 02:22:42
  └─ [aspire:ram] end 02:22:43
  └─ [leo:nic] end 02:22:43
  └─ [leo:ram] end 02:22:43
  └─ [scorpius:ram] end 02:22:43
  └─ [scorpius:nic] end 02:22:43
=== Bloque 50s terminado - Fase: fase2_preparacion_low_iter2 ===
[🧹] Limpiando CSVs internos de ecofloc en cada nodo (fase: fase2_preparacion_low_iter2)...
  ✔ [nitro5:cpu] limpiado /home/luish/Documents/p3/ecofloc2/ecofloc/ecofloc-cpu/ECOFLOC_CPU_COMM_text.csv
  ✔ [nitro5:nic] limpiado /home/luish/Documents/p3/ecofloc2/ecofloc/ecofloc-nic/ECOFLOC_NIC_COMM_text.csv
  ✔ [nitro5:ram] limpiado /home/luish/Documents/p3/ecofloc2/ecofloc/ecofloc-ram/ECOFLOC_RAM_COMM_text.csv
  ✔ [nitro5:sd] limpiado /home/luish/Documents/p3/ecofloc2/ecofloc/ecofloc-sd/ECOFLOC_SD_COMM_text.csv
  ✔ [leo:cpu] limpiado /home/leo/ecofloc/ecofloc-cpu/ECOFLOC_CPU_COMM_text.csv
  ✔ [leo:nic] limpiado /home/leo/ecofloc/ecofloc-nic/ECOFLOC_NIC_COMM_text.csv
  ✔ [leo:ram] limpiado /home/leo/ecofloc/ecofloc-ram/ECOFLOC_RAM_COMM_text.csv
  ✔ [leo:sd] limpiado /home/leo/ecofloc/ecofloc-sd/ECOFLOC_SD_COMM_text.csv
  ✔ [aspire:cpu] limpiado /home/luish/Documents/p3/ecofloc2/ecofloc/ecofloc-cpu/ECOFLOC_CPU_COMM_text.csv
  ✔ [aspire:nic] limpiado /home/luish/Documents/p3/ecofloc2/ecofloc/ecofloc-nic/ECOFLOC_NIC_COMM_text.csv
  ✔ [aspire:ram] limpiado /home/luish/Documents/p3/ecofloc2/ecofloc/ecofloc-ram/ECOFLOC_RAM_COMM_text.csv
  ✔ [aspire:sd] limpiado /home/luish/Documents/p3/ecofloc2/ecofloc/ecofloc-sd/ECOFLOC_SD_COMM_text.csv
  ✔ [scorpius:cpu] limpiado /home/scorpius03/Documents/ecofloc/ecofloc-cpu/ECOFLOC_CPU_COMM_text.csv
  ✔ [scorpius:nic] limpiado /home/scorpius03/Documents/ecofloc/ecofloc-nic/ECOFLOC_NIC_COMM_text.csv
  ✔ [scorpius:ram] limpiado /home/scorpius03/Documents/ecofloc/ecofloc-ram/ECOFLOC_RAM_COMM_text.csv
  ✔ [scorpius:sd] limpiado /home/scorpius03/Documents/ecofloc/ecofloc-sd/ECOFLOC_SD_COMM_text.csv
========================================
🔋 MEASURE ENERGY FINALIZADO
   Fase: fase2_preparacion_low_iter2
========================================
✔️ [02:22:47] Medición fase2_preparacion_low_iter2 completada
[📦] Archivando resultados → ./historyexecutions/exp(02:22:52)_fase2_low_iter2
[✔] Archivado: ./historyexecutions/exp(02:22:52)_fase2_low_iter2
========================================
🔋 FASE 3: Ejecución de carga (low, iter 2)
========================================
📋 Capturando PIDs (gepidstea.sh)...
📋 Capturando PIDs de contenedores (kpsnodos.sh)...
🔋 [02:23:09] Iniciando medición de energía: fase3_carga_low_iter2 (140s)
   PID de medición: 1858902
=== Escenario low (iter 2) ===
========================================
🔋 MEASURE ENERGY - Fase: fase3_carga_low_iter2
   Duración: 140s
   PID: 1858902
========================================
=== Medición bloque 140s - Fase: fase3_carga_low_iter2 ===
🚀 Iniciando LIMBO con profile=/home/luish/Documents/death/teastore/TeaStore/examples/httploadgenerator/increasingLowIntensity.csv y script=/home/luish/Documents/death/teastore/TeaStore/examples/httploadgenerator/teastore_buy.lua
[⏱ 02:23:09] Iniciando ecofloc en nitro5 por 140s (fase: fase3_carga_low_iter2)
Mar 06, 2026 2:23:09 AM tools.descartes.dlim.httploadgenerator.runner.Director executeDirector
WARNING: No power measurements
Mar 06, 2026 2:23:09 AM tools.descartes.dlim.httploadgenerator.runner.Director executeDirector
INFO: Load Generator Thread Count set to 64
Mar 06, 2026 2:23:09 AM tools.descartes.dlim.httploadgenerator.runner.Director executeDirector
INFO: URL connection timout set to 30000 ms
Mar 06, 2026 2:23:09 AM tools.descartes.dlim.httploadgenerator.runner.Director executeDirector
INFO: Using Lua Script: /home/luish/Documents/death/teastore/TeaStore/examples/httploadgenerator/teastore_buy.lua
Mar 06, 2026 2:23:09 AM tools.descartes.dlim.httploadgenerator.runner.Director process
INFO: Read 120 Arrival Rate Tuples
Load Generator sent: ok
Mar 06, 2026 2:23:09 AM tools.descartes.dlim.httploadgenerator.runner.Director process
INFO: Arrival Rates sent to Load Generator(s).
Load Generator sent: ok
Mar 06, 2026 2:23:09 AM tools.descartes.dlim.httploadgenerator.runner.Director process
INFO: Thread Count sent to Load Generator(s): 64
Load Generator sent: ok
Mar 06, 2026 2:23:09 AM tools.descartes.dlim.httploadgenerator.runner.Director process
INFO: URL connection timeout sent to Load Generator(s): 30000
Load Generator sent: ok
Mar 06, 2026 2:23:09 AM tools.descartes.dlim.httploadgenerator.runner.Director process
INFO: Contents of script sent to Load Generator: /home/luish/Documents/death/teastore/TeaStore/examples/httploadgenerator/teastore_buy.lua
Mar 06, 2026 2:23:09 AM tools.descartes.dlim.httploadgenerator.runner.Director process
INFO: Starting Load Generation
Beginning Run @1772781789879(06.03.2026;02:23:09879)
Target Time = 0.5; Load Intensity = 0.0; #Success = 0; #Failed = 0; #Dropped = 0
  ├─ [nitro5:sd] start 02:23:10
  ├─ [nitro5:ram] start 02:23:10
  ├─ [nitro5:nic] start 02:23:10
[⏱ 02:23:11] Iniciando ecofloc en aspire por 140s (fase: fase3_carga_low_iter2)
  ├─ [nitro5:cpu] start 02:23:11
  ├─ [aspire:sd] start 02:23:11
  ├─ [aspire:ram] start 02:23:11
  ├─ [aspire:nic] start 02:23:11
[⏱ 02:23:11] Iniciando ecofloc en scorpius por 140s (fase: fase3_carga_low_iter2)
  ├─ [aspire:cpu] start 02:23:11
  ├─ [scorpius:sd] start 02:23:11
  ├─ [scorpius:ram] start 02:23:11
  ├─ [scorpius:nic] start 02:23:11
[⏱ 02:23:11] Iniciando ecofloc en leo por 140s (fase: fase3_carga_low_iter2)
  ├─ [scorpius:cpu] start 02:23:11
  ├─ [leo:sd] start 02:23:11
  ├─ [leo:ram] start 02:23:11
  ├─ [leo:nic] start 02:23:11
  ├─ [leo:cpu] start 02:23:11
Target Time = 1.5; Load Intensity = 1.0; #Success = 0; #Failed = 0; #Dropped = 0
Target Time = 2.5; Load Intensity = 2.0; #Success = 0; #Failed = 0; #Dropped = 0
Target Time = 3.5; Load Intensity = 2.0; #Success = 0; #Failed = 0; #Dropped = 0
Target Time = 4.5; Load Intensity = 3.0; #Success = 5; #Failed = 0; #Dropped = 0
Target Time = 5.5; Load Intensity = 4.0; #Success = 2; #Failed = 0; #Dropped = 0
Target Time = 6.5; Load Intensity = 5.0; #Success = 5; #Failed = 0; #Dropped = 0
Target Time = 7.5; Load Intensity = 6.0; #Success = 6; #Failed = 0; #Dropped = 0
Target Time = 8.5; Load Intensity = 7.0; #Success = 5; #Failed = 0; #Dropped = 0
Target Time = 9.5; Load Intensity = 7.0; #Success = 4; #Failed = 0; #Dropped = 0
Target Time = 10.5; Load Intensity = 8.0; #Success = 4; #Failed = 0; #Dropped = 0
Target Time = 11.5; Load Intensity = 9.0; #Success = 7; #Failed = 0; #Dropped = 0
Target Time = 12.5; Load Intensity = 10.0; #Success = 5; #Failed = 0; #Dropped = 0
Target Time = 13.5; Load Intensity = 11.0; #Success = 4; #Failed = 0; #Dropped = 0
Target Time = 14.5; Load Intensity = 12.0; #Success = 5; #Failed = 0; #Dropped = 0
Target Time = 15.5; Load Intensity = 12.0; #Success = 2; #Failed = 0; #Dropped = 0
Target Time = 16.5; Load Intensity = 13.0; #Success = 1; #Failed = 0; #Dropped = 0
Target Time = 17.5; Load Intensity = 14.0; #Success = 1; #Failed = 0; #Dropped = 0
Target Time = 18.5; Load Intensity = 15.0; #Success = 1; #Failed = 0; #Dropped = 0
Target Time = 19.5; Load Intensity = 16.0; #Success = 0; #Failed = 0; #Dropped = 0
Target Time = 20.5; Load Intensity = 17.0; #Success = 0; #Failed = 0; #Dropped = 0
Target Time = 21.5; Load Intensity = 17.0; #Success = 0; #Failed = 0; #Dropped = 0
Target Time = 22.5; Load Intensity = 18.0; #Success = 9; #Failed = 0; #Dropped = 0
Target Time = 23.5; Load Intensity = 19.0; #Success = 10; #Failed = 0; #Dropped = 0
Target Time = 24.5; Load Intensity = 20.0; #Success = 0; #Failed = 0; #Dropped = 0
Target Time = 25.5; Load Intensity = 21.0; #Success = 0; #Failed = 0; #Dropped = 0
Target Time = 26.5; Load Intensity = 22.0; #Success = 0; #Failed = 0; #Dropped = 0
Target Time = 27.5; Load Intensity = 22.0; #Success = 0; #Failed = 0; #Dropped = 0
Target Time = 28.5; Load Intensity = 23.0; #Success = 0; #Failed = 0; #Dropped = 0
Target Time = 29.5; Load Intensity = 24.0; #Success = 12; #Failed = 12; #Dropped = 0
Target Time = 30.5; Load Intensity = 25.0; #Success = 1; #Failed = 0; #Dropped = 0
Target Time = 31.5; Load Intensity = 26.0; #Success = 2; #Failed = 0; #Dropped = 0
Target Time = 32.5; Load Intensity = 27.0; #Success = 1; #Failed = 0; #Dropped = 0
Target Time = 33.5; Load Intensity = 27.0; #Success = 1; #Failed = 0; #Dropped = 0
Target Time = 34.5; Load Intensity = 28.0; #Success = 13; #Failed = 0; #Dropped = 0
Target Time = 35.5; Load Intensity = 29.0; #Success = 4; #Failed = 3; #Dropped = 0
Target Time = 36.5; Load Intensity = 30.0; #Success = 6; #Failed = 2; #Dropped = 0
Target Time = 37.5; Load Intensity = 31.0; #Success = 3; #Failed = 0; #Dropped = 0
Target Time = 38.5; Load Intensity = 32.0; #Success = 1; #Failed = 0; #Dropped = 0
Target Time = 39.5; Load Intensity = 32.0; #Success = 16; #Failed = 3; #Dropped = 0
Target Time = 40.5; Load Intensity = 33.0; #Success = 6; #Failed = 0; #Dropped = 0
Target Time = 41.5; Load Intensity = 34.0; #Success = 2; #Failed = 0; #Dropped = 0
Target Time = 42.5; Load Intensity = 35.0; #Success = 7; #Failed = 1; #Dropped = 0
Target Time = 43.5; Load Intensity = 36.0; #Success = 2; #Failed = 6; #Dropped = 0
Target Time = 44.5; Load Intensity = 37.0; #Success = 0; #Failed = 2; #Dropped = 0
Target Time = 45.5; Load Intensity = 37.0; #Success = 4; #Failed = 16; #Dropped = 0
Target Time = 46.5; Load Intensity = 38.0; #Success = 4; #Failed = 4; #Dropped = 0
Target Time = 47.5; Load Intensity = 39.0; #Success = 2; #Failed = 0; #Dropped = 0
Target Time = 48.5; Load Intensity = 40.0; #Success = 2; #Failed = 1; #Dropped = 0
Target Time = 49.5; Load Intensity = 41.0; #Success = 3; #Failed = 0; #Dropped = 0
Target Time = 50.5; Load Intensity = 42.0; #Success = 2; #Failed = 6; #Dropped = 0
Target Time = 51.5; Load Intensity = 42.0; #Success = 4; #Failed = 0; #Dropped = 0
Target Time = 52.5; Load Intensity = 43.0; #Success = 1; #Failed = 1; #Dropped = 0
Target Time = 53.5; Load Intensity = 44.0; #Success = 0; #Failed = 5; #Dropped = 0
Target Time = 54.5; Load Intensity = 45.0; #Success = 5; #Failed = 1; #Dropped = 0
Target Time = 55.5; Load Intensity = 46.0; #Success = 2; #Failed = 4; #Dropped = 0
Target Time = 56.5; Load Intensity = 47.0; #Success = 5; #Failed = 1; #Dropped = 0
Target Time = 57.5; Load Intensity = 47.0; #Success = 0; #Failed = 3; #Dropped = 0
Target Time = 58.5; Load Intensity = 48.0; #Success = 0; #Failed = 5; #Dropped = 6
Target Time = 59.5; Load Intensity = 49.0; #Success = 0; #Failed = 2; #Dropped = 9
Target Time = 60.5; Load Intensity = 50.0; #Success = 1; #Failed = 13; #Dropped = 17
Target Time = 61.5; Load Intensity = 51.0; #Success = 1; #Failed = 0; #Dropped = 32
Target Time = 62.5; Load Intensity = 52.0; #Success = 0; #Failed = 2; #Dropped = 28
Target Time = 63.5; Load Intensity = 52.0; #Success = 1; #Failed = 1; #Dropped = 24
Target Time = 64.5; Load Intensity = 53.0; #Success = 4; #Failed = 0; #Dropped = 17
Target Time = 65.5; Load Intensity = 54.0; #Success = 2; #Failed = 2; #Dropped = 27
Target Time = 66.5; Load Intensity = 55.0; #Success = 0; #Failed = 2; #Dropped = 12
Target Time = 67.5; Load Intensity = 56.0; #Success = 2; #Failed = 1; #Dropped = 40
Target Time = 68.5; Load Intensity = 57.0; #Success = 0; #Failed = 0; #Dropped = 0
Target Time = 69.5; Load Intensity = 57.0; #Success = 0; #Failed = 0; #Dropped = 0
Target Time = 70.5; Load Intensity = 58.0; #Success = 0; #Failed = 0; #Dropped = 0
Target Time = 71.5; Load Intensity = 59.0; #Success = 1; #Failed = 4; #Dropped = 136
Target Time = 72.5; Load Intensity = 60.0; #Success = 3; #Failed = 10; #Dropped = 19
Target Time = 73.5; Load Intensity = 61.0; #Success = 3; #Failed = 7; #Dropped = 25
Target Time = 74.5; Load Intensity = 62.0; #Success = 0; #Failed = 3; #Dropped = 5
Target Time = 75.5; Load Intensity = 62.0; #Success = 1; #Failed = 1; #Dropped = 42
Target Time = 76.5; Load Intensity = 63.0; #Success = 1; #Failed = 1; #Dropped = 44
Target Time = 77.5; Load Intensity = 64.0; #Success = 0; #Failed = 9; #Dropped = 20
Target Time = 78.5; Load Intensity = 65.0; #Success = 0; #Failed = 19; #Dropped = 39
Target Time = 79.5; Load Intensity = 66.0; #Success = 1; #Failed = 3; #Dropped = 16
Target Time = 80.5; Load Intensity = 67.0; #Success = 3; #Failed = 4; #Dropped = 54
Target Time = 81.5; Load Intensity = 67.0; #Success = 2; #Failed = 0; #Dropped = 47
Target Time = 82.5; Load Intensity = 68.0; #Success = 0; #Failed = 13; #Dropped = 9
Target Time = 83.5; Load Intensity = 69.0; #Success = 2; #Failed = 0; #Dropped = 44
Target Time = 84.5; Load Intensity = 70.0; #Success = 2; #Failed = 0; #Dropped = 28
Target Time = 85.5; Load Intensity = 71.0; #Success = 0; #Failed = 21; #Dropped = 58
Target Time = 86.5; Load Intensity = 72.0; #Success = 0; #Failed = 0; #Dropped = 0
Target Time = 87.5; Load Intensity = 72.0; #Success = 0; #Failed = 5; #Dropped = 54
Target Time = 88.5; Load Intensity = 73.0; #Success = 0; #Failed = 2; #Dropped = 84
Target Time = 89.5; Load Intensity = 74.0; #Success = 0; #Failed = 1; #Dropped = 9
Target Time = 90.5; Load Intensity = 75.0; #Success = 1; #Failed = 0; #Dropped = 48
Target Time = 91.5; Load Intensity = 76.0; #Success = 1; #Failed = 0; #Dropped = 57
Target Time = 92.5; Load Intensity = 77.0; #Success = 1; #Failed = 0; #Dropped = 48
Target Time = 93.5; Load Intensity = 77.0; #Success = 1; #Failed = 0; #Dropped = 90
Target Time = 94.5; Load Intensity = 78.0; #Success = 1; #Failed = 1; #Dropped = 38
Target Time = 95.5; Load Intensity = 79.0; #Success = 3; #Failed = 1; #Dropped = 58
Target Time = 96.5; Load Intensity = 80.0; #Success = 1; #Failed = 1; #Dropped = 59
Target Time = 97.5; Load Intensity = 81.0; #Success = 3; #Failed = 1; #Dropped = 52
Target Time = 98.5; Load Intensity = 82.0; #Success = 1; #Failed = 3; #Dropped = 50
Target Time = 99.5; Load Intensity = 82.0; #Success = 0; #Failed = 5; #Dropped = 57
Target Time = 100.5; Load Intensity = 83.0; #Success = 0; #Failed = 4; #Dropped = 54
Target Time = 101.5; Load Intensity = 84.0; #Success = 0; #Failed = 1; #Dropped = 0
Target Time = 102.5; Load Intensity = 85.0; #Success = 1; #Failed = 1; #Dropped = 94
Target Time = 103.5; Load Intensity = 86.0; #Success = 0; #Failed = 2; #Dropped = 77
Target Time = 104.5; Load Intensity = 87.0; #Success = 0; #Failed = 1; #Dropped = 9
Target Time = 105.5; Load Intensity = 87.0; #Success = 1; #Failed = 0; #Dropped = 59
Target Time = 106.5; Load Intensity = 88.0; #Success = 0; #Failed = 2; #Dropped = 86
Target Time = 107.5; Load Intensity = 89.0; #Success = 0; #Failed = 0; #Dropped = 0
Target Time = 108.5; Load Intensity = 90.0; #Success = 1; #Failed = 2; #Dropped = 155
Target Time = 109.5; Load Intensity = 91.0; #Success = 0; #Failed = 7; #Dropped = 54
Target Time = 110.5; Load Intensity = 92.0; #Success = 0; #Failed = 5; #Dropped = 68
Target Time = 111.5; Load Intensity = 92.0; #Success = 1; #Failed = 0; #Dropped = 57
Target Time = 112.5; Load Intensity = 93.0; #Success = 9; #Failed = 0; #Dropped = 21
Target Time = 113.5; Load Intensity = 94.0; #Success = 0; #Failed = 0; #Dropped = 0
Target Time = 114.5; Load Intensity = 95.0; #Success = 2; #Failed = 0; #Dropped = 135
Target Time = 115.5; Load Intensity = 96.0; #Success = 15; #Failed = 1; #Dropped = 102
Target Time = 116.5; Load Intensity = 97.0; #Success = 0; #Failed = 0; #Dropped = 0
Target Time = 117.5; Load Intensity = 97.0; #Success = 4; #Failed = 0; #Dropped = 87
Target Time = 118.5; Load Intensity = 98.0; #Success = 1; #Failed = 0; #Dropped = 64
Target Time = 119.5; Load Intensity = 99.0; #Success = 1; #Failed = 0; #Dropped = 84
Target Time = 120.5; Load Intensity = 0.0; #Success = 1; #Failed = 0; #Dropped = 61
Target Time = 121.5; Load Intensity = 0.0; #Success = 0; #Failed = 3; #Dropped = 137
Target Time = 122.5; Load Intensity = 0.0; #Success = 0; #Failed = 5; #Dropped = 72
Target Time = 123.5; Load Intensity = 0.0; #Success = 0; #Failed = 4; #Dropped = 78
Target Time = 124.5; Load Intensity = 0.0; #Success = 0; #Failed = 3; #Dropped = 63
Target Time = 125.5; Load Intensity = 0.0; #Success = 1; #Failed = 2; #Dropped = 85
Target Time = 126.5; Load Intensity = 0.0; #Success = 0; #Failed = 21; #Dropped = 62
Target Time = 127.5; Load Intensity = 0.0; #Success = 1; #Failed = 5; #Dropped = 38
Target Time = 128.5; Load Intensity = 0.0; #Success = 1; #Failed = 2; #Dropped = 107
Target Time = 129.5; Load Intensity = 0.0; #Success = 1; #Failed = 3; #Dropped = 83
Target Time = 130.5; Load Intensity = 0.0; #Success = 0; #Failed = 3; #Dropped = 44
Target Time = 131.5; Load Intensity = 0.0; #Success = 0; #Failed = 0; #Dropped = 0
Target Time = 132.5; Load Intensity = 0.0; #Success = 0; #Failed = 0; #Dropped = 0
Target Time = 133.5; Load Intensity = 0.0; #Success = 1; #Failed = 0; #Dropped = 209
Target Time = 134.5; Load Intensity = 0.0; #Success = 0; #Failed = 0; #Dropped = 0
Target Time = 135.5; Load Intensity = 0.0; #Success = 1; #Failed = 0; #Dropped = 176
Target Time = 136.5; Load Intensity = 0.0; #Success = 1; #Failed = 0; #Dropped = 134
Target Time = 137.5; Load Intensity = 0.0; #Success = 0; #Failed = 0; #Dropped = 0
Target Time = 138.5; Load Intensity = 0.0; #Success = 1; #Failed = 0; #Dropped = 202
Target Time = 139.5; Load Intensity = 0.0; #Success = 0; #Failed = 1; #Dropped = 98
  └─ [nitro5:sd] end 02:25:30
Target Time = 140.5; Load Intensity = 0.0; #Success = 1; #Failed = 1; #Dropped = 87
  └─ [nitro5:ram] end 02:25:30
  └─ [nitro5:nic] end 02:25:30
  └─ [nitro5:cpu] end 02:25:31
Target Time = 141.5; Load Intensity = 0.0; #Success = 0; #Failed = 2; #Dropped = 63
Target Time = 142.5; Load Intensity = 0.0; #Success = 1; #Failed = 0; #Dropped = 65
Target Time = 143.5; Load Intensity = 0.0; #Success = 0; #Failed = 0; #Dropped = 0
Target Time = 144.5; Load Intensity = 0.0; #Success = 0; #Failed = 0; #Dropped = 0
  └─ [leo:nic] end 02:25:35
Target Time = 145.5; Load Intensity = 0.0; #Success = 2; #Failed = 0; #Dropped = 312
  └─ [leo:sd] end 02:25:35
  └─ [leo:ram] end 02:25:35
  └─ [leo:cpu] end 02:25:36
Target Time = 146.5; Load Intensity = 0.0; #Success = 0; #Failed = 0; #Dropped = 0
Target Time = 147.5; Load Intensity = 0.0; #Success = 0; #Failed = 9; #Dropped = 208
Target Time = 148.5; Load Intensity = 0.0; #Success = 0; #Failed = 23; #Dropped = 73
  └─ [scorpius:nic] end 02:25:38
Target Time = 149.5; Load Intensity = 0.0; #Success = 0; #Failed = 0; #Dropped = 0
Target Time = 150.5; Load Intensity = 0.0; #Success = 0; #Failed = 1; #Dropped = 105
Target Time = 151.5; Load Intensity = 0.0; #Success = 2; #Failed = 0; #Dropped = 0
Target Time = 152.5; Load Intensity = 0.0; #Success = 4; #Failed = 1; #Dropped = 0
Target Time = 153.5; Load Intensity = 0.0; #Success = 1; #Failed = 2; #Dropped = 0
Target Time = 154.5; Load Intensity = 0.0; #Success = 2; #Failed = 3; #Dropped = 0
Target Time = 155.5; Load Intensity = 0.0; #Success = 2; #Failed = 3; #Dropped = 0
Target Time = 156.5; Load Intensity = 0.0; #Success = 5; #Failed = 2; #Dropped = 0
Target Time = 157.5; Load Intensity = 0.0; #Success = 1; #Failed = 0; #Dropped = 0
Target Time = 158.5; Load Intensity = 0.0; #Success = 0; #Failed = 0; #Dropped = 0
  └─ [aspire:nic] end 02:25:48
Target Time = 159.5; Load Intensity = 0.0; #Success = 1; #Failed = 1; #Dropped = 0
  └─ [scorpius:cpu] end 02:25:49
Target Time = 160.5; Load Intensity = 0.0; #Success = 0; #Failed = 4; #Dropped = 0
  └─ [scorpius:ram] end 02:25:51
Target Time = 161.5; Load Intensity = 0.0; #Success = 0; #Failed = 3; #Dropped = 0
Target Time = 162.5; Load Intensity = 0.0; #Success = 0; #Failed = 0; #Dropped = 0
Target Time = 163.5; Load Intensity = 0.0; #Success = 0; #Failed = 0; #Dropped = 0
Target Time = 164.5; Load Intensity = 0.0; #Success = 0; #Failed = 0; #Dropped = 0
Target Time = 165.5; Load Intensity = 0.0; #Success = 0; #Failed = 2; #Dropped = 0
Target Time = 166.5; Load Intensity = 0.0; #Success = 0; #Failed = 2; #Dropped = 0
Target Time = 167.5; Load Intensity = 0.0; #Success = 0; #Failed = 1; #Dropped = 0
Target Time = 168.5; Load Intensity = 0.0; #Success = 1; #Failed = 3; #Dropped = 0
  └─ [scorpius:sd] end 02:25:58
Target Time = 169.5; Load Intensity = 0.0; #Success = 0; #Failed = 0; #Dropped = 0
Target Time = 170.5; Load Intensity = 0.0; #Success = 1; #Failed = 0; #Dropped = 0
Target Time = 171.5; Load Intensity = 0.0; #Success = 1; #Failed = 0; #Dropped = 0
  └─ [aspire:cpu] end 02:26:02
Target Time = 172.5; Load Intensity = 0.0; #Success = 0; #Failed = 0; #Dropped = 0
  └─ [aspire:ram] end 02:26:02
  └─ [aspire:sd] end 02:26:02
=== Bloque 140s terminado - Fase: fase3_carga_low_iter2 ===
[🧹] Limpiando CSVs internos de ecofloc en cada nodo (fase: fase3_carga_low_iter2)...
  ✔ [nitro5:cpu] limpiado /home/luish/Documents/p3/ecofloc2/ecofloc/ecofloc-cpu/ECOFLOC_CPU_COMM_text.csv
  ✔ [nitro5:nic] limpiado /home/luish/Documents/p3/ecofloc2/ecofloc/ecofloc-nic/ECOFLOC_NIC_COMM_text.csv
  ✔ [nitro5:ram] limpiado /home/luish/Documents/p3/ecofloc2/ecofloc/ecofloc-ram/ECOFLOC_RAM_COMM_text.csv
  ✔ [nitro5:sd] limpiado /home/luish/Documents/p3/ecofloc2/ecofloc/ecofloc-sd/ECOFLOC_SD_COMM_text.csv
Target Time = 173.5; Load Intensity = 0.0; #Success = 0; #Failed = 0; #Dropped = 0
Target Time = 174.5; Load Intensity = 0.0; #Success = 0; #Failed = 0; #Dropped = 0
Target Time = 175.5; Load Intensity = 0.0; #Success = 1; #Failed = 0; #Dropped = 0
Target Time = 176.5; Load Intensity = 0.0; #Success = 1; #Failed = 0; #Dropped = 0
  ✔ [leo:cpu] limpiado /home/leo/ecofloc/ecofloc-cpu/ECOFLOC_CPU_COMM_text.csv
Target Time = 177.5; Load Intensity = 0.0; #Success = 4; #Failed = 0; #Dropped = 0
Target Time = 178.5; Load Intensity = 0.0; #Success = 9; #Failed = 0; #Dropped = 0
  ✔ [leo:nic] limpiado /home/leo/ecofloc/ecofloc-nic/ECOFLOC_NIC_COMM_text.csv
  ✔ [leo:ram] limpiado /home/leo/ecofloc/ecofloc-ram/ECOFLOC_RAM_COMM_text.csv
  ✔ [leo:sd] limpiado /home/leo/ecofloc/ecofloc-sd/ECOFLOC_SD_COMM_text.csv
  ✔ [aspire:cpu] limpiado /home/luish/Documents/p3/ecofloc2/ecofloc/ecofloc-cpu/ECOFLOC_CPU_COMM_text.csv
  ✔ [aspire:nic] limpiado /home/luish/Documents/p3/ecofloc2/ecofloc/ecofloc-nic/ECOFLOC_NIC_COMM_text.csv
Workload finished.
Log finished.
📄 LIMBO finalizado para scenario=low
⏳ [02:26:13] Esperando que termine medición: fase3_carga_low_iter2 (PID: 1858902)
  ✔ [aspire:ram] limpiado /home/luish/Documents/p3/ecofloc2/ecofloc/ecofloc-ram/ECOFLOC_RAM_COMM_text.csv
  ✔ [aspire:sd] limpiado /home/luish/Documents/p3/ecofloc2/ecofloc/ecofloc-sd/ECOFLOC_SD_COMM_text.csv
  ✔ [scorpius:cpu] limpiado /home/scorpius03/Documents/ecofloc/ecofloc-cpu/ECOFLOC_CPU_COMM_text.csv
  ✔ [scorpius:nic] limpiado /home/scorpius03/Documents/ecofloc/ecofloc-nic/ECOFLOC_NIC_COMM_text.csv
  ✔ [scorpius:ram] limpiado /home/scorpius03/Documents/ecofloc/ecofloc-ram/ECOFLOC_RAM_COMM_text.csv
  ✔ [scorpius:sd] limpiado /home/scorpius03/Documents/ecofloc/ecofloc-sd/ECOFLOC_SD_COMM_text.csv
========================================
🔋 MEASURE ENERGY FINALIZADO
   Fase: fase3_carga_low_iter2
========================================
✔️ [02:26:15] Medición fase3_carga_low_iter2 completada
[📦] Archivando resultados → ./historyexecutions/exp(02:26:20)_fase3_low_iter2
[✔] Archivado: ./historyexecutions/exp(02:26:20)_fase3_low_iter2
🧹 Limpiando TeaStore (iter 2)...
⏸ Esperando 15s para limpieza completa...
✅ Iteración 2 / 20 del escenario low completada.

########################################################
🔄 ESCENARIO: low | ITERACIÓN: 3 / 20
   Hora: 02:27:08
########################################################
========================================
🔋 FASE 1: Descarga de imágenes (low, iter 3)
========================================
📋 Capturando PIDs (gepidstea.sh)...
📋 Capturando PIDs de contenedores (kpsnodos.sh)...
🔋 [02:27:26] Iniciando medición de energía: fase1_descarga_low_iter3 (25s)
   PID de medición: 2241861
🚀 Desplegando TeaStore desde /home/luish/Documents/death/teastore/TeaStore/examples/kubernetes/teastore-energy-scheduler.yaml...
========================================
🔋 MEASURE ENERGY - Fase: fase1_descarga_low_iter3
   Duración: 25s
   PID: 2241861
========================================
=== Medición bloque 25s - Fase: fase1_descarga_low_iter3 ===
[⏱ 02:27:26] Iniciando ecofloc en nitro5 por 25s (fase: fase1_descarga_low_iter3)
⏳ Esperando a que todos los pods de TeaStore estén Running y Ready...
  ├─ [nitro5:sd] start 02:27:27
  ├─ [nitro5:ram] start 02:27:27
  ├─ [nitro5:nic] start 02:27:28
[⏱ 02:27:28] Iniciando ecofloc en aspire por 25s (fase: fase1_descarga_low_iter3)
  ├─ [nitro5:cpu] start 02:27:28
  ├─ [aspire:sd] start 02:27:28
  ├─ [aspire:ram] start 02:27:28
[⏱ 02:27:28] Iniciando ecofloc en scorpius por 25s (fase: fase1_descarga_low_iter3)
  ├─ [aspire:nic] start 02:27:28
  ├─ [aspire:cpu] start 02:27:28
  ├─ [scorpius:sd] start 02:27:28
  ├─ [scorpius:ram] start 02:27:28
  ├─ [scorpius:nic] start 02:27:28
[⏱ 02:27:28] Iniciando ecofloc en leo por 25s (fase: fase1_descarga_low_iter3)
  ├─ [scorpius:cpu] start 02:27:28
  ├─ [leo:sd] start 02:27:28
  ├─ [leo:ram] start 02:27:28
  ├─ [leo:cpu] start 02:27:28
  ├─ [leo:nic] start 02:27:28
✅ Pods listos.
⏳ [02:27:30] Esperando que termine medición: fase1_descarga_low_iter3 (PID: 2241861)
  └─ [nitro5:sd] end 02:27:52
  └─ [nitro5:ram] end 02:27:52
  └─ [nitro5:nic] end 02:27:53
  └─ [nitro5:cpu] end 02:27:53
  └─ [scorpius:sd] end 02:27:53
  └─ [aspire:cpu] end 02:27:54
  └─ [aspire:sd] end 02:27:54
  └─ [leo:cpu] end 02:27:54
  └─ [leo:sd] end 02:27:54
  └─ [scorpius:ram] end 02:27:54
  └─ [aspire:nic] end 02:27:55
  └─ [leo:nic] end 02:27:55
  └─ [aspire:ram] end 02:27:55
  └─ [scorpius:nic] end 02:27:55
  └─ [leo:ram] end 02:27:55
=== Bloque 25s terminado - Fase: fase1_descarga_low_iter3 ===
[🧹] Limpiando CSVs internos de ecofloc en cada nodo (fase: fase1_descarga_low_iter3)...
  ✔ [nitro5:cpu] limpiado /home/luish/Documents/p3/ecofloc2/ecofloc/ecofloc-cpu/ECOFLOC_CPU_COMM_text.csv
  ✔ [nitro5:nic] limpiado /home/luish/Documents/p3/ecofloc2/ecofloc/ecofloc-nic/ECOFLOC_NIC_COMM_text.csv
  ✔ [nitro5:ram] limpiado /home/luish/Documents/p3/ecofloc2/ecofloc/ecofloc-ram/ECOFLOC_RAM_COMM_text.csv
  ✔ [nitro5:sd] limpiado /home/luish/Documents/p3/ecofloc2/ecofloc/ecofloc-sd/ECOFLOC_SD_COMM_text.csv
  ✔ [leo:cpu] limpiado /home/leo/ecofloc/ecofloc-cpu/ECOFLOC_CPU_COMM_text.csv
  ✔ [leo:nic] limpiado /home/leo/ecofloc/ecofloc-nic/ECOFLOC_NIC_COMM_text.csv
  ✔ [leo:ram] limpiado /home/leo/ecofloc/ecofloc-ram/ECOFLOC_RAM_COMM_text.csv
  ✔ [leo:sd] limpiado /home/leo/ecofloc/ecofloc-sd/ECOFLOC_SD_COMM_text.csv
  ✔ [aspire:cpu] limpiado /home/luish/Documents/p3/ecofloc2/ecofloc/ecofloc-cpu/ECOFLOC_CPU_COMM_text.csv
  ✔ [aspire:nic] limpiado /home/luish/Documents/p3/ecofloc2/ecofloc/ecofloc-nic/ECOFLOC_NIC_COMM_text.csv
  ✔ [aspire:ram] limpiado /home/luish/Documents/p3/ecofloc2/ecofloc/ecofloc-ram/ECOFLOC_RAM_COMM_text.csv
  ✔ [aspire:sd] limpiado /home/luish/Documents/p3/ecofloc2/ecofloc/ecofloc-sd/ECOFLOC_SD_COMM_text.csv
  ✔ [scorpius:cpu] limpiado /home/scorpius03/Documents/ecofloc/ecofloc-cpu/ECOFLOC_CPU_COMM_text.csv
  ✔ [scorpius:nic] limpiado /home/scorpius03/Documents/ecofloc/ecofloc-nic/ECOFLOC_NIC_COMM_text.csv
  ✔ [scorpius:ram] limpiado /home/scorpius03/Documents/ecofloc/ecofloc-ram/ECOFLOC_RAM_COMM_text.csv
  ✔ [scorpius:sd] limpiado /home/scorpius03/Documents/ecofloc/ecofloc-sd/ECOFLOC_SD_COMM_text.csv
========================================
🔋 MEASURE ENERGY FINALIZADO
   Fase: fase1_descarga_low_iter3
========================================
✔️ [02:27:59] Medición fase1_descarga_low_iter3 completada
[📦] Archivando resultados → ./historyexecutions/exp(02:28:04)_fase1_low_iter3
[✔] Archivado: ./historyexecutions/exp(02:28:04)_fase1_low_iter3
========================================
🔋 FASE 2: Preparación de servicios (low, iter 3)
========================================
📋 Capturando PIDs (gepidstea.sh)...
📋 Capturando PIDs de contenedores (kpsnodos.sh)...
🔋 [02:28:22] Iniciando medición de energía: fase2_preparacion_low_iter3 (50s)
   PID de medición: 2309769
========================================
🔋 MEASURE ENERGY - Fase: fase2_preparacion_low_iter3
   Duración: 50s
   PID: 2309769
========================================
=== Medición bloque 50s - Fase: fase2_preparacion_low_iter3 ===
[⏱ 02:28:22] Iniciando ecofloc en nitro5 por 50s (fase: fase2_preparacion_low_iter3)
⏳ Esperando 10s a que CoreDNS se estabilice...
  ├─ [nitro5:sd] start 02:28:22
  ├─ [nitro5:ram] start 02:28:22
  ├─ [nitro5:nic] start 02:28:23
[⏱ 02:28:23] Iniciando ecofloc en aspire por 50s (fase: fase2_preparacion_low_iter3)
  ├─ [nitro5:cpu] start 02:28:23
  ├─ [aspire:sd] start 02:28:23
  ├─ [aspire:ram] start 02:28:23
  ├─ [aspire:nic] start 02:28:23
[⏱ 02:28:23] Iniciando ecofloc en scorpius por 50s (fase: fase2_preparacion_low_iter3)
  ├─ [aspire:cpu] start 02:28:23
  ├─ [scorpius:sd] start 02:28:23
  ├─ [scorpius:ram] start 02:28:23
[⏱ 02:28:23] Iniciando ecofloc en leo por 50s (fase: fase2_preparacion_low_iter3)
  ├─ [scorpius:nic] start 02:28:23
  ├─ [scorpius:cpu] start 02:28:23
  ├─ [leo:sd] start 02:28:23
  ├─ [leo:ram] start 02:28:23
  ├─ [leo:nic] start 02:28:23
  ├─ [leo:cpu] start 02:28:23
➡️ Pod WebUI: teastore-webui-ff7768544-qrdsm
➡️ Está en el nodo: luish-aspire-a315-55g
🌐 IP del nodo WebUI: 192.168.18.37
⏳ Verificando estado del TeaStore en http://192.168.18.37:30080/tools.descartes.teastore.webui/status ...
   ➤ Estado actual: 5 / 5 servicios OK
✔ TODOS los servicios del TeaStore están OK. Continuando...
⏳ [02:28:36] Esperando que termine medición: fase2_preparacion_low_iter3 (PID: 2309769)
  └─ [nitro5:sd] end 02:29:12
  └─ [nitro5:ram] end 02:29:12
  └─ [nitro5:nic] end 02:29:13
  └─ [nitro5:cpu] end 02:29:13
  └─ [aspire:cpu] end 02:29:14
  └─ [aspire:sd] end 02:29:14
  └─ [aspire:nic] end 02:29:15
  └─ [scorpius:cpu] end 02:29:15
  └─ [leo:sd] end 02:29:16
  └─ [leo:cpu] end 02:29:16
  └─ [aspire:ram] end 02:29:16
  └─ [leo:nic] end 02:29:16
  └─ [leo:ram] end 02:29:16
  └─ [scorpius:nic] end 02:29:16
  └─ [scorpius:ram] end 02:29:17
=== Bloque 50s terminado - Fase: fase2_preparacion_low_iter3 ===
[🧹] Limpiando CSVs internos de ecofloc en cada nodo (fase: fase2_preparacion_low_iter3)...
  ✔ [nitro5:cpu] limpiado /home/luish/Documents/p3/ecofloc2/ecofloc/ecofloc-cpu/ECOFLOC_CPU_COMM_text.csv
  ✔ [nitro5:nic] limpiado /home/luish/Documents/p3/ecofloc2/ecofloc/ecofloc-nic/ECOFLOC_NIC_COMM_text.csv
  ✔ [nitro5:ram] limpiado /home/luish/Documents/p3/ecofloc2/ecofloc/ecofloc-ram/ECOFLOC_RAM_COMM_text.csv
  ✔ [nitro5:sd] limpiado /home/luish/Documents/p3/ecofloc2/ecofloc/ecofloc-sd/ECOFLOC_SD_COMM_text.csv
  ✔ [leo:cpu] limpiado /home/leo/ecofloc/ecofloc-cpu/ECOFLOC_CPU_COMM_text.csv
  ✔ [leo:nic] limpiado /home/leo/ecofloc/ecofloc-nic/ECOFLOC_NIC_COMM_text.csv
  ✔ [leo:ram] limpiado /home/leo/ecofloc/ecofloc-ram/ECOFLOC_RAM_COMM_text.csv
  ✔ [leo:sd] limpiado /home/leo/ecofloc/ecofloc-sd/ECOFLOC_SD_COMM_text.csv
  ✔ [aspire:cpu] limpiado /home/luish/Documents/p3/ecofloc2/ecofloc/ecofloc-cpu/ECOFLOC_CPU_COMM_text.csv
  ✔ [aspire:nic] limpiado /home/luish/Documents/p3/ecofloc2/ecofloc/ecofloc-nic/ECOFLOC_NIC_COMM_text.csv
  ✔ [aspire:ram] limpiado /home/luish/Documents/p3/ecofloc2/ecofloc/ecofloc-ram/ECOFLOC_RAM_COMM_text.csv
  ✔ [aspire:sd] limpiado /home/luish/Documents/p3/ecofloc2/ecofloc/ecofloc-sd/ECOFLOC_SD_COMM_text.csv
  ✔ [scorpius:cpu] limpiado /home/scorpius03/Documents/ecofloc/ecofloc-cpu/ECOFLOC_CPU_COMM_text.csv
  ✔ [scorpius:nic] limpiado /home/scorpius03/Documents/ecofloc/ecofloc-nic/ECOFLOC_NIC_COMM_text.csv
  ✔ [scorpius:ram] limpiado /home/scorpius03/Documents/ecofloc/ecofloc-ram/ECOFLOC_RAM_COMM_text.csv
  ✔ [scorpius:sd] limpiado /home/scorpius03/Documents/ecofloc/ecofloc-sd/ECOFLOC_SD_COMM_text.csv
========================================
🔋 MEASURE ENERGY FINALIZADO
   Fase: fase2_preparacion_low_iter3
========================================
✔️ [02:29:20] Medición fase2_preparacion_low_iter3 completada
[📦] Archivando resultados → ./historyexecutions/exp(02:29:25)_fase2_low_iter3
[✔] Archivado: ./historyexecutions/exp(02:29:25)_fase2_low_iter3
========================================
🔋 FASE 3: Ejecución de carga (low, iter 3)
========================================
📋 Capturando PIDs (gepidstea.sh)...
📋 Capturando PIDs de contenedores (kpsnodos.sh)...
🔋 [02:29:45] Iniciando medición de energía: fase3_carga_low_iter3 (140s)
   PID de medición: 2441391
=== Escenario low (iter 3) ===
========================================
🔋 MEASURE ENERGY - Fase: fase3_carga_low_iter3
   Duración: 140s
   PID: 2441391
========================================
=== Medición bloque 140s - Fase: fase3_carga_low_iter3 ===
🚀 Iniciando LIMBO con profile=/home/luish/Documents/death/teastore/TeaStore/examples/httploadgenerator/increasingLowIntensity.csv y script=/home/luish/Documents/death/teastore/TeaStore/examples/httploadgenerator/teastore_buy.lua
[⏱ 02:29:45] Iniciando ecofloc en nitro5 por 140s (fase: fase3_carga_low_iter3)
Mar 06, 2026 2:29:45 AM tools.descartes.dlim.httploadgenerator.runner.Director executeDirector
WARNING: No power measurements
Mar 06, 2026 2:29:45 AM tools.descartes.dlim.httploadgenerator.runner.Director executeDirector
INFO: Load Generator Thread Count set to 64
Mar 06, 2026 2:29:45 AM tools.descartes.dlim.httploadgenerator.runner.Director executeDirector
INFO: URL connection timout set to 30000 ms
Mar 06, 2026 2:29:45 AM tools.descartes.dlim.httploadgenerator.runner.Director executeDirector
INFO: Using Lua Script: /home/luish/Documents/death/teastore/TeaStore/examples/httploadgenerator/teastore_buy.lua
Mar 06, 2026 2:29:45 AM tools.descartes.dlim.httploadgenerator.runner.Director process
INFO: Read 120 Arrival Rate Tuples
Load Generator sent: ok
Mar 06, 2026 2:29:45 AM tools.descartes.dlim.httploadgenerator.runner.Director process
INFO: Arrival Rates sent to Load Generator(s).
Load Generator sent: ok
Mar 06, 2026 2:29:45 AM tools.descartes.dlim.httploadgenerator.runner.Director process
INFO: Thread Count sent to Load Generator(s): 64
Load Generator sent: ok
Mar 06, 2026 2:29:45 AM tools.descartes.dlim.httploadgenerator.runner.Director process
INFO: URL connection timeout sent to Load Generator(s): 30000
Load Generator sent: ok
Mar 06, 2026 2:29:45 AM tools.descartes.dlim.httploadgenerator.runner.Director process
INFO: Contents of script sent to Load Generator: /home/luish/Documents/death/teastore/TeaStore/examples/httploadgenerator/teastore_buy.lua
Mar 06, 2026 2:29:45 AM tools.descartes.dlim.httploadgenerator.runner.Director process
INFO: Starting Load Generation
Beginning Run @1772782185887(06.03.2026;02:29:45887)
Target Time = 0.5; Load Intensity = 0.0; #Success = 0; #Failed = 0; #Dropped = 0
  ├─ [nitro5:sd] start 02:29:46
  ├─ [nitro5:ram] start 02:29:46
  ├─ [nitro5:nic] start 02:29:46
[⏱ 02:29:47] Iniciando ecofloc en aspire por 140s (fase: fase3_carga_low_iter3)
  ├─ [nitro5:cpu] start 02:29:47
  ├─ [aspire:sd] start 02:29:47
  ├─ [aspire:ram] start 02:29:47
[⏱ 02:29:47] Iniciando ecofloc en scorpius por 140s (fase: fase3_carga_low_iter3)
  ├─ [aspire:nic] start 02:29:47
  ├─ [aspire:cpu] start 02:29:47
  ├─ [scorpius:sd] start 02:29:47
  ├─ [scorpius:ram] start 02:29:47
  ├─ [scorpius:nic] start 02:29:47
  ├─ [scorpius:cpu] start 02:29:47
[⏱ 02:29:47] Iniciando ecofloc en leo por 140s (fase: fase3_carga_low_iter3)
  ├─ [leo:sd] start 02:29:47
  ├─ [leo:ram] start 02:29:47
  ├─ [leo:nic] start 02:29:47
  ├─ [leo:cpu] start 02:29:47
Target Time = 1.5; Load Intensity = 1.0; #Success = 0; #Failed = 0; #Dropped = 0
Target Time = 2.5; Load Intensity = 2.0; #Success = 0; #Failed = 0; #Dropped = 0
Target Time = 3.5; Load Intensity = 2.0; #Success = 0; #Failed = 0; #Dropped = 0
Target Time = 4.5; Load Intensity = 3.0; #Success = 8; #Failed = 0; #Dropped = 0
Target Time = 5.5; Load Intensity = 4.0; #Success = 4; #Failed = 0; #Dropped = 0
Target Time = 6.5; Load Intensity = 5.0; #Success = 4; #Failed = 0; #Dropped = 0
Target Time = 7.5; Load Intensity = 6.0; #Success = 6; #Failed = 0; #Dropped = 0
Target Time = 8.5; Load Intensity = 7.0; #Success = 7; #Failed = 0; #Dropped = 0
Target Time = 9.5; Load Intensity = 7.0; #Success = 8; #Failed = 0; #Dropped = 0
Target Time = 10.5; Load Intensity = 8.0; #Success = 6; #Failed = 0; #Dropped = 0
Target Time = 11.5; Load Intensity = 9.0; #Success = 10; #Failed = 0; #Dropped = 0
Target Time = 12.5; Load Intensity = 10.0; #Success = 11; #Failed = 0; #Dropped = 0
Target Time = 13.5; Load Intensity = 11.0; #Success = 0; #Failed = 0; #Dropped = 0
Target Time = 14.5; Load Intensity = 12.0; #Success = 21; #Failed = 0; #Dropped = 0
Target Time = 15.5; Load Intensity = 12.0; #Success = 12; #Failed = 0; #Dropped = 0
Target Time = 16.5; Load Intensity = 13.0; #Success = 15; #Failed = 0; #Dropped = 0
Target Time = 17.5; Load Intensity = 14.0; #Success = 14; #Failed = 0; #Dropped = 0
Target Time = 18.5; Load Intensity = 15.0; #Success = 2; #Failed = 0; #Dropped = 0
Target Time = 19.5; Load Intensity = 16.0; #Success = 0; #Failed = 0; #Dropped = 0
Target Time = 20.5; Load Intensity = 17.0; #Success = 0; #Failed = 0; #Dropped = 0
Target Time = 21.5; Load Intensity = 17.0; #Success = 11; #Failed = 0; #Dropped = 0
Target Time = 22.5; Load Intensity = 18.0; #Success = 4; #Failed = 0; #Dropped = 0
Target Time = 23.5; Load Intensity = 19.0; #Success = 7; #Failed = 0; #Dropped = 0
Target Time = 24.5; Load Intensity = 20.0; #Success = 7; #Failed = 0; #Dropped = 0
Target Time = 25.5; Load Intensity = 21.0; #Success = 23; #Failed = 0; #Dropped = 0
Target Time = 26.5; Load Intensity = 22.0; #Success = 12; #Failed = 0; #Dropped = 0
Target Time = 27.5; Load Intensity = 22.0; #Success = 0; #Failed = 0; #Dropped = 0
Target Time = 28.5; Load Intensity = 23.0; #Success = 0; #Failed = 0; #Dropped = 0
Target Time = 29.5; Load Intensity = 24.0; #Success = 0; #Failed = 0; #Dropped = 0
Target Time = 30.5; Load Intensity = 25.0; #Success = 0; #Failed = 0; #Dropped = 0
Target Time = 31.5; Load Intensity = 26.0; #Success = 0; #Failed = 0; #Dropped = 0
Target Time = 32.5; Load Intensity = 27.0; #Success = 0; #Failed = 0; #Dropped = 0
Target Time = 33.5; Load Intensity = 27.0; #Success = 0; #Failed = 0; #Dropped = 0
Target Time = 34.5; Load Intensity = 28.0; #Success = 0; #Failed = 0; #Dropped = 0
Target Time = 35.5; Load Intensity = 29.0; #Success = 0; #Failed = 0; #Dropped = 0
Target Time = 36.5; Load Intensity = 30.0; #Success = 0; #Failed = 0; #Dropped = 0
Target Time = 37.5; Load Intensity = 31.0; #Success = 0; #Failed = 13; #Dropped = 0
Target Time = 38.5; Load Intensity = 32.0; #Success = 0; #Failed = 19; #Dropped = 0
Target Time = 39.5; Load Intensity = 32.0; #Success = 0; #Failed = 4; #Dropped = 0
Target Time = 40.5; Load Intensity = 33.0; #Success = 0; #Failed = 4; #Dropped = 0
Target Time = 41.5; Load Intensity = 34.0; #Success = 0; #Failed = 1; #Dropped = 0
Target Time = 42.5; Load Intensity = 35.0; #Success = 0; #Failed = 18; #Dropped = 0
Target Time = 43.5; Load Intensity = 36.0; #Success = 0; #Failed = 0; #Dropped = 0
Target Time = 44.5; Load Intensity = 37.0; #Success = 0; #Failed = 3; #Dropped = 0
Target Time = 45.5; Load Intensity = 37.0; #Success = 0; #Failed = 1; #Dropped = 0
Target Time = 46.5; Load Intensity = 38.0; #Success = 0; #Failed = 0; #Dropped = 0
Target Time = 47.5; Load Intensity = 39.0; #Success = 0; #Failed = 0; #Dropped = 0
Target Time = 48.5; Load Intensity = 40.0; #Success = 0; #Failed = 0; #Dropped = 0
Target Time = 49.5; Load Intensity = 41.0; #Success = 0; #Failed = 0; #Dropped = 0
Target Time = 50.5; Load Intensity = 42.0; #Success = 0; #Failed = 0; #Dropped = 0
Target Time = 51.5; Load Intensity = 42.0; #Success = 0; #Failed = 3; #Dropped = 0
Target Time = 52.5; Load Intensity = 43.0; #Success = 0; #Failed = 5; #Dropped = 0
Target Time = 53.5; Load Intensity = 44.0; #Success = 0; #Failed = 3; #Dropped = 0
Target Time = 54.5; Load Intensity = 45.0; #Success = 0; #Failed = 1; #Dropped = 0
Target Time = 55.5; Load Intensity = 46.0; #Success = 0; #Failed = 3; #Dropped = 0
Target Time = 56.5; Load Intensity = 47.0; #Success = 0; #Failed = 13; #Dropped = 0
Target Time = 57.5; Load Intensity = 47.0; #Success = 0; #Failed = 9; #Dropped = 0
Target Time = 58.5; Load Intensity = 48.0; #Success = 0; #Failed = 0; #Dropped = 0
Target Time = 59.5; Load Intensity = 49.0; #Success = 0; #Failed = 0; #Dropped = 0
Target Time = 60.5; Load Intensity = 50.0; #Success = 0; #Failed = 7; #Dropped = 14
Target Time = 61.5; Load Intensity = 51.0; #Success = 0; #Failed = 0; #Dropped = 0
Target Time = 62.5; Load Intensity = 52.0; #Success = 0; #Failed = 0; #Dropped = 0
Target Time = 63.5; Load Intensity = 52.0; #Success = 0; #Failed = 0; #Dropped = 0
Target Time = 64.5; Load Intensity = 53.0; #Success = 0; #Failed = 1; #Dropped = 89
Target Time = 65.5; Load Intensity = 54.0; #Success = 0; #Failed = 0; #Dropped = 0
Target Time = 66.5; Load Intensity = 55.0; #Success = 0; #Failed = 1; #Dropped = 55
Target Time = 67.5; Load Intensity = 56.0; #Success = 8; #Failed = 0; #Dropped = 54
Target Time = 68.5; Load Intensity = 57.0; #Success = 6; #Failed = 0; #Dropped = 18
Target Time = 69.5; Load Intensity = 57.0; #Success = 0; #Failed = 0; #Dropped = 0
Target Time = 70.5; Load Intensity = 58.0; #Success = 1; #Failed = 0; #Dropped = 60
Target Time = 71.5; Load Intensity = 59.0; #Success = 0; #Failed = 0; #Dropped = 0
Target Time = 72.5; Load Intensity = 60.0; #Success = 1; #Failed = 0; #Dropped = 70
Target Time = 73.5; Load Intensity = 61.0; #Success = 0; #Failed = 8; #Dropped = 32
Target Time = 74.5; Load Intensity = 62.0; #Success = 2; #Failed = 2; #Dropped = 33
Target Time = 75.5; Load Intensity = 62.0; #Success = 0; #Failed = 0; #Dropped = 0
Target Time = 76.5; Load Intensity = 63.0; #Success = 0; #Failed = 1; #Dropped = 65
Target Time = 77.5; Load Intensity = 64.0; #Success = 0; #Failed = 9; #Dropped = 35
Target Time = 78.5; Load Intensity = 65.0; #Success = 0; #Failed = 16; #Dropped = 9
Target Time = 79.5; Load Intensity = 66.0; #Success = 0; #Failed = 0; #Dropped = 0
Target Time = 80.5; Load Intensity = 67.0; #Success = 0; #Failed = 0; #Dropped = 0
Target Time = 81.5; Load Intensity = 67.0; #Success = 3; #Failed = 0; #Dropped = 121
Target Time = 82.5; Load Intensity = 68.0; #Success = 0; #Failed = 0; #Dropped = 0
Target Time = 83.5; Load Intensity = 69.0; #Success = 0; #Failed = 0; #Dropped = 0
Target Time = 84.5; Load Intensity = 70.0; #Success = 0; #Failed = 0; #Dropped = 0
Target Time = 85.5; Load Intensity = 71.0; #Success = 2; #Failed = 0; #Dropped = 196
Target Time = 86.5; Load Intensity = 72.0; #Success = 0; #Failed = 0; #Dropped = 0
Target Time = 87.5; Load Intensity = 72.0; #Success = 0; #Failed = 2; #Dropped = 98
Target Time = 88.5; Load Intensity = 73.0; #Success = 0; #Failed = 5; #Dropped = 29
Target Time = 89.5; Load Intensity = 74.0; #Success = 0; #Failed = 0; #Dropped = 0
Target Time = 90.5; Load Intensity = 75.0; #Success = 2; #Failed = 1; #Dropped = 101
Target Time = 91.5; Load Intensity = 76.0; #Success = 0; #Failed = 10; #Dropped = 46
Target Time = 92.5; Load Intensity = 77.0; #Success = 0; #Failed = 0; #Dropped = 0
Target Time = 93.5; Load Intensity = 77.0; #Success = 0; #Failed = 0; #Dropped = 0
Target Time = 94.5; Load Intensity = 78.0; #Success = 1; #Failed = 0; #Dropped = 108
Target Time = 95.5; Load Intensity = 79.0; #Success = 1; #Failed = 0; #Dropped = 106
Target Time = 96.5; Load Intensity = 80.0; #Success = 0; #Failed = 0; #Dropped = 0
Target Time = 97.5; Load Intensity = 81.0; #Success = 4; #Failed = 1; #Dropped = 103
Target Time = 98.5; Load Intensity = 82.0; #Success = 5; #Failed = 0; #Dropped = 41
Target Time = 99.5; Load Intensity = 82.0; #Success = 0; #Failed = 0; #Dropped = 0
Target Time = 100.5; Load Intensity = 83.0; #Success = 0; #Failed = 0; #Dropped = 0
Target Time = 101.5; Load Intensity = 84.0; #Success = 0; #Failed = 0; #Dropped = 0
Target Time = 102.5; Load Intensity = 85.0; #Success = 1; #Failed = 2; #Dropped = 234
Target Time = 103.5; Load Intensity = 86.0; #Success = 3; #Failed = 2; #Dropped = 63
Target Time = 104.5; Load Intensity = 87.0; #Success = 4; #Failed = 1; #Dropped = 56
Target Time = 105.5; Load Intensity = 87.0; #Success = 0; #Failed = 0; #Dropped = 0
Target Time = 106.5; Load Intensity = 88.0; #Success = 1; #Failed = 0; #Dropped = 103
Target Time = 107.5; Load Intensity = 89.0; #Success = 9; #Failed = 0; #Dropped = 66
Target Time = 108.5; Load Intensity = 90.0; #Success = 5; #Failed = 0; #Dropped = 18
Target Time = 109.5; Load Intensity = 91.0; #Success = 0; #Failed = 17; #Dropped = 94
Target Time = 110.5; Load Intensity = 92.0; #Success = 0; #Failed = 13; #Dropped = 60
Target Time = 111.5; Load Intensity = 92.0; #Success = 0; #Failed = 6; #Dropped = 45
Target Time = 112.5; Load Intensity = 93.0; #Success = 0; #Failed = 0; #Dropped = 0
Target Time = 113.5; Load Intensity = 94.0; #Success = 0; #Failed = 0; #Dropped = 0
Target Time = 114.5; Load Intensity = 95.0; #Success = 0; #Failed = 0; #Dropped = 0
Target Time = 115.5; Load Intensity = 96.0; #Success = 0; #Failed = 3; #Dropped = 239
Target Time = 116.5; Load Intensity = 97.0; #Success = 0; #Failed = 0; #Dropped = 0
Target Time = 117.5; Load Intensity = 97.0; #Success = 0; #Failed = 5; #Dropped = 198
Target Time = 118.5; Load Intensity = 98.0; #Success = 0; #Failed = 3; #Dropped = 21
Target Time = 119.5; Load Intensity = 99.0; #Success = 0; #Failed = 0; #Dropped = 0
Target Time = 120.5; Load Intensity = 0.0; #Success = 0; #Failed = 0; #Dropped = 0
Target Time = 121.5; Load Intensity = 0.0; #Success = 3; #Failed = 0; #Dropped = 266
Target Time = 122.5; Load Intensity = 0.0; #Success = 0; #Failed = 0; #Dropped = 0
Target Time = 123.5; Load Intensity = 0.0; #Success = 0; #Failed = 0; #Dropped = 0
Target Time = 124.5; Load Intensity = 0.0; #Success = 0; #Failed = 0; #Dropped = 0
Target Time = 125.5; Load Intensity = 0.0; #Success = 0; #Failed = 0; #Dropped = 0
Target Time = 126.5; Load Intensity = 0.0; #Success = 0; #Failed = 0; #Dropped = 0
Target Time = 127.5; Load Intensity = 0.0; #Success = 0; #Failed = 13; #Dropped = 461
Target Time = 128.5; Load Intensity = 0.0; #Success = 0; #Failed = 21; #Dropped = 67
Target Time = 129.5; Load Intensity = 0.0; #Success = 0; #Failed = 7; #Dropped = 72
Target Time = 130.5; Load Intensity = 0.0; #Success = 0; #Failed = 2; #Dropped = 54
Target Time = 131.5; Load Intensity = 0.0; #Success = 0; #Failed = 2; #Dropped = 53
Target Time = 132.5; Load Intensity = 0.0; #Success = 0; #Failed = 0; #Dropped = 0
Target Time = 133.5; Load Intensity = 0.0; #Success = 0; #Failed = 0; #Dropped = 0
Target Time = 134.5; Load Intensity = 0.0; #Success = 0; #Failed = 0; #Dropped = 0
Target Time = 135.5; Load Intensity = 0.0; #Success = 0; #Failed = 3; #Dropped = 397
Target Time = 136.5; Load Intensity = 0.0; #Success = 0; #Failed = 3; #Dropped = 1
Target Time = 137.5; Load Intensity = 0.0; #Success = 0; #Failed = 3; #Dropped = 169
Target Time = 138.5; Load Intensity = 0.0; #Success = 0; #Failed = 0; #Dropped = 0
Target Time = 139.5; Load Intensity = 0.0; #Success = 3; #Failed = 1; #Dropped = 167
  └─ [nitro5:sd] end 02:32:06
Target Time = 140.5; Load Intensity = 0.0; #Success = 1; #Failed = 0; #Dropped = 74
  └─ [nitro5:ram] end 02:32:06
  └─ [nitro5:nic] end 02:32:06
  └─ [nitro5:cpu] end 02:32:07
Target Time = 141.5; Load Intensity = 0.0; #Success = 0; #Failed = 3; #Dropped = 71
Target Time = 142.5; Load Intensity = 0.0; #Success = 0; #Failed = 0; #Dropped = 0
Target Time = 143.5; Load Intensity = 0.0; #Success = 0; #Failed = 0; #Dropped = 0
Target Time = 144.5; Load Intensity = 0.0; #Success = 0; #Failed = 14; #Dropped = 294
Target Time = 145.5; Load Intensity = 0.0; #Success = 0; #Failed = 6; #Dropped = 54
  └─ [leo:nic] end 02:32:12
Target Time = 146.5; Load Intensity = 0.0; #Success = 0; #Failed = 16; #Dropped = 109
Target Time = 147.5; Load Intensity = 0.0; #Success = 1; #Failed = 0; #Dropped = 53
Target Time = 148.5; Load Intensity = 0.0; #Success = 0; #Failed = 0; #Dropped = 0
Target Time = 149.5; Load Intensity = 0.0; #Success = 0; #Failed = 0; #Dropped = 0
Target Time = 150.5; Load Intensity = 0.0; #Success = 0; #Failed = 0; #Dropped = 0
  └─ [leo:cpu] end 02:32:16
Target Time = 151.5; Load Intensity = 0.0; #Success = 0; #Failed = 0; #Dropped = 0
Target Time = 152.5; Load Intensity = 0.0; #Success = 0; #Failed = 0; #Dropped = 0
Target Time = 153.5; Load Intensity = 0.0; #Success = 0; #Failed = 0; #Dropped = 0
Target Time = 154.5; Load Intensity = 0.0; #Success = 0; #Failed = 0; #Dropped = 0
  └─ [leo:ram] end 02:32:20
  └─ [leo:sd] end 02:32:20
  └─ [scorpius:cpu] end 02:32:21
  └─ [scorpius:sd] end 02:32:21
  └─ [scorpius:nic] end 02:32:21
Target Time = 155.5; Load Intensity = 0.0; #Success = 0; #Failed = 0; #Dropped = 0
Target Time = 156.5; Load Intensity = 0.0; #Success = 0; #Failed = 4; #Dropped = 265
Target Time = 157.5; Load Intensity = 0.0; #Success = 2; #Failed = 7; #Dropped = 0
Target Time = 158.5; Load Intensity = 0.0; #Success = 2; #Failed = 0; #Dropped = 0
Target Time = 159.5; Load Intensity = 0.0; #Success = 0; #Failed = 0; #Dropped = 0
Target Time = 160.5; Load Intensity = 0.0; #Success = 0; #Failed = 0; #Dropped = 0
Target Time = 161.5; Load Intensity = 0.0; #Success = 0; #Failed = 0; #Dropped = 0
Target Time = 162.5; Load Intensity = 0.0; #Success = 0; #Failed = 0; #Dropped = 0
Target Time = 163.5; Load Intensity = 0.0; #Success = 0; #Failed = 0; #Dropped = 0
Target Time = 164.5; Load Intensity = 0.0; #Success = 0; #Failed = 0; #Dropped = 0
  └─ [scorpius:ram] end 02:32:30
Target Time = 165.5; Load Intensity = 0.0; #Success = 2; #Failed = 0; #Dropped = 0
Target Time = 166.5; Load Intensity = 0.0; #Success = 4; #Failed = 0; #Dropped = 0
Target Time = 167.5; Load Intensity = 0.0; #Success = 1; #Failed = 0; #Dropped = 0
Target Time = 168.5; Load Intensity = 0.0; #Success = 2; #Failed = 3; #Dropped = 0
Target Time = 169.5; Load Intensity = 0.0; #Success = 0; #Failed = 2; #Dropped = 0
Target Time = 170.5; Load Intensity = 0.0; #Success = 0; #Failed = 3; #Dropped = 0
Target Time = 171.5; Load Intensity = 0.0; #Success = 3; #Failed = 8; #Dropped = 0
Target Time = 172.5; Load Intensity = 0.0; #Success = 0; #Failed = 0; #Dropped = 0
Target Time = 173.5; Load Intensity = 0.0; #Success = 0; #Failed = 0; #Dropped = 0
Target Time = 174.5; Load Intensity = 0.0; #Success = 13; #Failed = 3; #Dropped = 0
Target Time = 175.5; Load Intensity = 0.0; #Success = 3; #Failed = 0; #Dropped = 0
Target Time = 176.5; Load Intensity = 0.0; #Success = 2; #Failed = 0; #Dropped = 0
  └─ [aspire:nic] end 02:32:47
Workload finished.
Log finished.
📄 LIMBO finalizado para scenario=low
⏳ [02:32:47] Esperando que termine medición: fase3_carga_low_iter3 (PID: 2441391)
  └─ [aspire:cpu] end 02:32:47
  └─ [aspire:sd] end 02:32:47
  └─ [aspire:ram] end 02:32:47
=== Bloque 140s terminado - Fase: fase3_carga_low_iter3 ===
[🧹] Limpiando CSVs internos de ecofloc en cada nodo (fase: fase3_carga_low_iter3)...
  ✔ [nitro5:cpu] limpiado /home/luish/Documents/p3/ecofloc2/ecofloc/ecofloc-cpu/ECOFLOC_CPU_COMM_text.csv
  ✔ [nitro5:nic] limpiado /home/luish/Documents/p3/ecofloc2/ecofloc/ecofloc-nic/ECOFLOC_NIC_COMM_text.csv
  ✔ [nitro5:ram] limpiado /home/luish/Documents/p3/ecofloc2/ecofloc/ecofloc-ram/ECOFLOC_RAM_COMM_text.csv
  ✔ [nitro5:sd] limpiado /home/luish/Documents/p3/ecofloc2/ecofloc/ecofloc-sd/ECOFLOC_SD_COMM_text.csv
  ✔ [leo:cpu] limpiado /home/leo/ecofloc/ecofloc-cpu/ECOFLOC_CPU_COMM_text.csv
  ✔ [leo:nic] limpiado /home/leo/ecofloc/ecofloc-nic/ECOFLOC_NIC_COMM_text.csv
  ✔ [leo:ram] limpiado /home/leo/ecofloc/ecofloc-ram/ECOFLOC_RAM_COMM_text.csv
  ✔ [leo:sd] limpiado /home/leo/ecofloc/ecofloc-sd/ECOFLOC_SD_COMM_text.csv
  ✔ [aspire:cpu] limpiado /home/luish/Documents/p3/ecofloc2/ecofloc/ecofloc-cpu/ECOFLOC_CPU_COMM_text.csv
  ✔ [aspire:nic] limpiado /home/luish/Documents/p3/ecofloc2/ecofloc/ecofloc-nic/ECOFLOC_NIC_COMM_text.csv
  ✔ [aspire:ram] limpiado /home/luish/Documents/p3/ecofloc2/ecofloc/ecofloc-ram/ECOFLOC_RAM_COMM_text.csv
  ✔ [aspire:sd] limpiado /home/luish/Documents/p3/ecofloc2/ecofloc/ecofloc-sd/ECOFLOC_SD_COMM_text.csv
  ✔ [scorpius:cpu] limpiado /home/scorpius03/Documents/ecofloc/ecofloc-cpu/ECOFLOC_CPU_COMM_text.csv
  ✔ [scorpius:nic] limpiado /home/scorpius03/Documents/ecofloc/ecofloc-nic/ECOFLOC_NIC_COMM_text.csv
  ✔ [scorpius:ram] limpiado /home/scorpius03/Documents/ecofloc/ecofloc-ram/ECOFLOC_RAM_COMM_text.csv
  ✔ [scorpius:sd] limpiado /home/scorpius03/Documents/ecofloc/ecofloc-sd/ECOFLOC_SD_COMM_text.csv
========================================
🔋 MEASURE ENERGY FINALIZADO
   Fase: fase3_carga_low_iter3
========================================
✔️ [02:32:51] Medición fase3_carga_low_iter3 completada
[📦] Archivando resultados → ./historyexecutions/exp(02:32:56)_fase3_low_iter3
[✔] Archivado: ./historyexecutions/exp(02:32:56)_fase3_low_iter3
🧹 Limpiando TeaStore (iter 3)...
⏸ Esperando 15s para limpieza completa...
✅ Iteración 3 / 20 del escenario low completada.

########################################################
🔄 ESCENARIO: low | ITERACIÓN: 4 / 20
   Hora: 02:33:44
########################################################
========================================
🔋 FASE 1: Descarga de imágenes (low, iter 4)
========================================
📋 Capturando PIDs (gepidstea.sh)...
📋 Capturando PIDs de contenedores (kpsnodos.sh)...
🔋 [02:34:05] Iniciando medición de energía: fase1_descarga_low_iter4 (25s)
   PID de medición: 2811129
🚀 Desplegando TeaStore desde /home/luish/Documents/death/teastore/TeaStore/examples/kubernetes/teastore-energy-scheduler.yaml...
========================================
🔋 MEASURE ENERGY - Fase: fase1_descarga_low_iter4
   Duración: 25s
   PID: 2811129
========================================
=== Medición bloque 25s - Fase: fase1_descarga_low_iter4 ===
[⏱ 02:34:05] Iniciando ecofloc en nitro5 por 25s (fase: fase1_descarga_low_iter4)
⏳ Esperando a que todos los pods de TeaStore estén Running y Ready...
  ├─ [nitro5:sd] start 02:34:06
  ├─ [nitro5:ram] start 02:34:06
  ├─ [nitro5:nic] start 02:34:06
[⏱ 02:34:07] Iniciando ecofloc en aspire por 25s (fase: fase1_descarga_low_iter4)
  ├─ [nitro5:cpu] start 02:34:07
  ├─ [aspire:sd] start 02:34:07
  ├─ [aspire:ram] start 02:34:07
  ├─ [aspire:nic] start 02:34:07
[⏱ 02:34:07] Iniciando ecofloc en scorpius por 25s (fase: fase1_descarga_low_iter4)
  ├─ [aspire:cpu] start 02:34:07
  ├─ [scorpius:sd] start 02:34:07
  ├─ [scorpius:ram] start 02:34:07
[⏱ 02:34:07] Iniciando ecofloc en leo por 25s (fase: fase1_descarga_low_iter4)
  ├─ [scorpius:nic] start 02:34:07
  ├─ [scorpius:cpu] start 02:34:07
  ├─ [leo:sd] start 02:34:07
  ├─ [leo:ram] start 02:34:07
  ├─ [leo:nic] start 02:34:07
  ├─ [leo:cpu] start 02:34:07
✅ Pods listos.
⏳ [02:34:15] Esperando que termine medición: fase1_descarga_low_iter4 (PID: 2811129)
  └─ [nitro5:sd] end 02:34:31
  └─ [nitro5:ram] end 02:34:31
  └─ [nitro5:nic] end 02:34:31
  └─ [nitro5:cpu] end 02:34:32
  └─ [aspire:sd] end 02:34:36
  └─ [aspire:cpu] end 02:34:36
  └─ [aspire:nic] end 02:34:36
  └─ [scorpius:sd] end 02:34:37
  └─ [leo:cpu] end 02:34:37
  └─ [leo:sd] end 02:34:37
  └─ [aspire:ram] end 02:34:38
  └─ [leo:nic] end 02:34:38
  └─ [leo:ram] end 02:34:38
  └─ [scorpius:nic] end 02:34:38
  └─ [scorpius:cpu] end 02:34:38
  └─ [scorpius:ram] end 02:34:39
=== Bloque 25s terminado - Fase: fase1_descarga_low_iter4 ===
[🧹] Limpiando CSVs internos de ecofloc en cada nodo (fase: fase1_descarga_low_iter4)...
  ✔ [nitro5:cpu] limpiado /home/luish/Documents/p3/ecofloc2/ecofloc/ecofloc-cpu/ECOFLOC_CPU_COMM_text.csv
  ✔ [nitro5:nic] limpiado /home/luish/Documents/p3/ecofloc2/ecofloc/ecofloc-nic/ECOFLOC_NIC_COMM_text.csv
  ✔ [nitro5:ram] limpiado /home/luish/Documents/p3/ecofloc2/ecofloc/ecofloc-ram/ECOFLOC_RAM_COMM_text.csv
  ✔ [nitro5:sd] limpiado /home/luish/Documents/p3/ecofloc2/ecofloc/ecofloc-sd/ECOFLOC_SD_COMM_text.csv
  ✔ [leo:cpu] limpiado /home/leo/ecofloc/ecofloc-cpu/ECOFLOC_CPU_COMM_text.csv
  ✔ [leo:nic] limpiado /home/leo/ecofloc/ecofloc-nic/ECOFLOC_NIC_COMM_text.csv
  ✔ [leo:ram] limpiado /home/leo/ecofloc/ecofloc-ram/ECOFLOC_RAM_COMM_text.csv
  ✔ [leo:sd] limpiado /home/leo/ecofloc/ecofloc-sd/ECOFLOC_SD_COMM_text.csv
  ✔ [aspire:cpu] limpiado /home/luish/Documents/p3/ecofloc2/ecofloc/ecofloc-cpu/ECOFLOC_CPU_COMM_text.csv
  ✔ [aspire:nic] limpiado /home/luish/Documents/p3/ecofloc2/ecofloc/ecofloc-nic/ECOFLOC_NIC_COMM_text.csv
  ✔ [aspire:ram] limpiado /home/luish/Documents/p3/ecofloc2/ecofloc/ecofloc-ram/ECOFLOC_RAM_COMM_text.csv
  ✔ [aspire:sd] limpiado /home/luish/Documents/p3/ecofloc2/ecofloc/ecofloc-sd/ECOFLOC_SD_COMM_text.csv
  ✔ [scorpius:cpu] limpiado /home/scorpius03/Documents/ecofloc/ecofloc-cpu/ECOFLOC_CPU_COMM_text.csv
  ✔ [scorpius:nic] limpiado /home/scorpius03/Documents/ecofloc/ecofloc-nic/ECOFLOC_NIC_COMM_text.csv
  ✔ [scorpius:ram] limpiado /home/scorpius03/Documents/ecofloc/ecofloc-ram/ECOFLOC_RAM_COMM_text.csv
  ✔ [scorpius:sd] limpiado /home/scorpius03/Documents/ecofloc/ecofloc-sd/ECOFLOC_SD_COMM_text.csv
========================================
🔋 MEASURE ENERGY FINALIZADO
   Fase: fase1_descarga_low_iter4
========================================
✔️ [02:34:47] Medición fase1_descarga_low_iter4 completada
[📦] Archivando resultados → ./historyexecutions/exp(02:34:52)_fase1_low_iter4
[✔] Archivado: ./historyexecutions/exp(02:34:52)_fase1_low_iter4
========================================
🔋 FASE 2: Preparación de servicios (low, iter 4)
========================================
📋 Capturando PIDs (gepidstea.sh)...
📋 Capturando PIDs de contenedores (kpsnodos.sh)...
🔋 [02:35:16] Iniciando medición de energía: fase2_preparacion_low_iter4 (50s)
   PID de medición: 2877570
========================================
🔋 MEASURE ENERGY - Fase: fase2_preparacion_low_iter4
   Duración: 50s
   PID: 2877570
========================================
=== Medición bloque 50s - Fase: fase2_preparacion_low_iter4 ===
[⏱ 02:35:16] Iniciando ecofloc en nitro5 por 50s (fase: fase2_preparacion_low_iter4)
⏳ Esperando 10s a que CoreDNS se estabilice...
  ├─ [nitro5:sd] start 02:35:16
  ├─ [nitro5:ram] start 02:35:17
  ├─ [nitro5:nic] start 02:35:17
[⏱ 02:35:18] Iniciando ecofloc en aspire por 50s (fase: fase2_preparacion_low_iter4)
  ├─ [nitro5:cpu] start 02:35:18
  ├─ [aspire:sd] start 02:35:18
  ├─ [aspire:ram] start 02:35:18
  ├─ [aspire:nic] start 02:35:18
[⏱ 02:35:18] Iniciando ecofloc en scorpius por 50s (fase: fase2_preparacion_low_iter4)
  ├─ [aspire:cpu] start 02:35:18
  ├─ [scorpius:sd] start 02:35:18
  ├─ [scorpius:ram] start 02:35:18
  ├─ [scorpius:nic] start 02:35:18
[⏱ 02:35:18] Iniciando ecofloc en leo por 50s (fase: fase2_preparacion_low_iter4)
  ├─ [scorpius:cpu] start 02:35:18
  ├─ [leo:sd] start 02:35:18
  ├─ [leo:ram] start 02:35:18
  ├─ [leo:cpu] start 02:35:18
  ├─ [leo:nic] start 02:35:18
➡️ Pod WebUI: teastore-webui-ff7768544-c4kvs
➡️ Está en el nodo: leo02
🌐 IP del nodo WebUI: 192.168.18.36
⏳ Verificando estado del TeaStore en http://192.168.18.36:30080/tools.descartes.teastore.webui/status ...
   ➤ Estado actual: 5 / 5 servicios OK
✔ TODOS los servicios del TeaStore están OK. Continuando...
⏳ [02:35:32] Esperando que termine medición: fase2_preparacion_low_iter4 (PID: 2877570)
  └─ [nitro5:sd] end 02:36:06
  └─ [nitro5:ram] end 02:36:07
  └─ [nitro5:nic] end 02:36:07
  └─ [nitro5:cpu] end 02:36:08
  └─ [aspire:sd] end 02:36:09
  └─ [aspire:cpu] end 02:36:09
  └─ [aspire:nic] end 02:36:10
  └─ [aspire:ram] end 02:36:10
  └─ [scorpius:cpu] end 02:36:12
  └─ [leo:cpu] end 02:36:13
  └─ [leo:sd] end 02:36:13
  └─ [scorpius:sd] end 02:36:13
  └─ [scorpius:nic] end 02:36:13
  └─ [leo:nic] end 02:36:14
  └─ [scorpius:ram] end 02:36:15
  └─ [leo:ram] end 02:36:16
=== Bloque 50s terminado - Fase: fase2_preparacion_low_iter4 ===
[🧹] Limpiando CSVs internos de ecofloc en cada nodo (fase: fase2_preparacion_low_iter4)...
  ✔ [nitro5:cpu] limpiado /home/luish/Documents/p3/ecofloc2/ecofloc/ecofloc-cpu/ECOFLOC_CPU_COMM_text.csv
  ✔ [nitro5:nic] limpiado /home/luish/Documents/p3/ecofloc2/ecofloc/ecofloc-nic/ECOFLOC_NIC_COMM_text.csv
  ✔ [nitro5:ram] limpiado /home/luish/Documents/p3/ecofloc2/ecofloc/ecofloc-ram/ECOFLOC_RAM_COMM_text.csv
  ✔ [nitro5:sd] limpiado /home/luish/Documents/p3/ecofloc2/ecofloc/ecofloc-sd/ECOFLOC_SD_COMM_text.csv
  ✔ [leo:cpu] limpiado /home/leo/ecofloc/ecofloc-cpu/ECOFLOC_CPU_COMM_text.csv
  ✔ [leo:nic] limpiado /home/leo/ecofloc/ecofloc-nic/ECOFLOC_NIC_COMM_text.csv
  ✔ [leo:ram] limpiado /home/leo/ecofloc/ecofloc-ram/ECOFLOC_RAM_COMM_text.csv
  ✔ [leo:sd] limpiado /home/leo/ecofloc/ecofloc-sd/ECOFLOC_SD_COMM_text.csv
  ✔ [aspire:cpu] limpiado /home/luish/Documents/p3/ecofloc2/ecofloc/ecofloc-cpu/ECOFLOC_CPU_COMM_text.csv
  ✔ [aspire:nic] limpiado /home/luish/Documents/p3/ecofloc2/ecofloc/ecofloc-nic/ECOFLOC_NIC_COMM_text.csv
  ✔ [aspire:ram] limpiado /home/luish/Documents/p3/ecofloc2/ecofloc/ecofloc-ram/ECOFLOC_RAM_COMM_text.csv
  ✔ [aspire:sd] limpiado /home/luish/Documents/p3/ecofloc2/ecofloc/ecofloc-sd/ECOFLOC_SD_COMM_text.csv
  ✔ [scorpius:cpu] limpiado /home/scorpius03/Documents/ecofloc/ecofloc-cpu/ECOFLOC_CPU_COMM_text.csv
  ✔ [scorpius:nic] limpiado /home/scorpius03/Documents/ecofloc/ecofloc-nic/ECOFLOC_NIC_COMM_text.csv
  ✔ [scorpius:ram] limpiado /home/scorpius03/Documents/ecofloc/ecofloc-ram/ECOFLOC_RAM_COMM_text.csv
  ✔ [scorpius:sd] limpiado /home/scorpius03/Documents/ecofloc/ecofloc-sd/ECOFLOC_SD_COMM_text.csv
========================================
🔋 MEASURE ENERGY FINALIZADO
   Fase: fase2_preparacion_low_iter4
========================================
✔️ [02:36:24] Medición fase2_preparacion_low_iter4 completada
[📦] Archivando resultados → ./historyexecutions/exp(02:36:29)_fase2_low_iter4
[✔] Archivado: ./historyexecutions/exp(02:36:29)_fase2_low_iter4
========================================
🔋 FASE 3: Ejecución de carga (low, iter 4)
========================================
📋 Capturando PIDs (gepidstea.sh)...
📋 Capturando PIDs de contenedores (kpsnodos.sh)...
🔋 [02:36:59] Iniciando medición de energía: fase3_carga_low_iter4 (140s)
   PID de medición: 3010430
=== Escenario low (iter 4) ===
========================================
🔋 MEASURE ENERGY - Fase: fase3_carga_low_iter4
   Duración: 140s
   PID: 3010430
========================================
=== Medición bloque 140s - Fase: fase3_carga_low_iter4 ===
🚀 Iniciando LIMBO con profile=/home/luish/Documents/death/teastore/TeaStore/examples/httploadgenerator/increasingLowIntensity.csv y script=/home/luish/Documents/death/teastore/TeaStore/examples/httploadgenerator/teastore_buy.lua
[⏱ 02:36:59] Iniciando ecofloc en nitro5 por 140s (fase: fase3_carga_low_iter4)
Mar 06, 2026 2:36:59 AM tools.descartes.dlim.httploadgenerator.runner.Director executeDirector
WARNING: No power measurements
Mar 06, 2026 2:36:59 AM tools.descartes.dlim.httploadgenerator.runner.Director executeDirector
INFO: Load Generator Thread Count set to 64
Mar 06, 2026 2:36:59 AM tools.descartes.dlim.httploadgenerator.runner.Director executeDirector
INFO: URL connection timout set to 30000 ms
Mar 06, 2026 2:36:59 AM tools.descartes.dlim.httploadgenerator.runner.Director executeDirector
INFO: Using Lua Script: /home/luish/Documents/death/teastore/TeaStore/examples/httploadgenerator/teastore_buy.lua
Mar 06, 2026 2:36:59 AM tools.descartes.dlim.httploadgenerator.runner.Director process
INFO: Read 120 Arrival Rate Tuples
Load Generator sent: ok
Mar 06, 2026 2:36:59 AM tools.descartes.dlim.httploadgenerator.runner.Director process
INFO: Arrival Rates sent to Load Generator(s).
Load Generator sent: ok
Mar 06, 2026 2:36:59 AM tools.descartes.dlim.httploadgenerator.runner.Director process
INFO: Thread Count sent to Load Generator(s): 64
Load Generator sent: ok
Mar 06, 2026 2:36:59 AM tools.descartes.dlim.httploadgenerator.runner.Director process
INFO: URL connection timeout sent to Load Generator(s): 30000
Load Generator sent: ok
Mar 06, 2026 2:36:59 AM tools.descartes.dlim.httploadgenerator.runner.Director process
INFO: Contents of script sent to Load Generator: /home/luish/Documents/death/teastore/TeaStore/examples/httploadgenerator/teastore_buy.lua
Mar 06, 2026 2:36:59 AM tools.descartes.dlim.httploadgenerator.runner.Director process
INFO: Starting Load Generation
Beginning Run @1772782619239(06.03.2026;02:36:59239)
Target Time = 0.5; Load Intensity = 0.0; #Success = 0; #Failed = 0; #Dropped = 0
  ├─ [nitro5:sd] start 02:36:59
  ├─ [nitro5:ram] start 02:36:59
  ├─ [nitro5:nic] start 02:37:00
[⏱ 02:37:00] Iniciando ecofloc en aspire por 140s (fase: fase3_carga_low_iter4)
  ├─ [nitro5:cpu] start 02:37:00
  ├─ [aspire:sd] start 02:37:00
  ├─ [aspire:ram] start 02:37:00
  ├─ [aspire:nic] start 02:37:00
[⏱ 02:37:00] Iniciando ecofloc en scorpius por 140s (fase: fase3_carga_low_iter4)
  ├─ [aspire:cpu] start 02:37:00
  ├─ [scorpius:sd] start 02:37:00
  ├─ [scorpius:ram] start 02:37:00
  ├─ [scorpius:nic] start 02:37:00
[⏱ 02:37:00] Iniciando ecofloc en leo por 140s (fase: fase3_carga_low_iter4)
  ├─ [scorpius:cpu] start 02:37:00
  ├─ [leo:sd] start 02:37:00
  ├─ [leo:ram] start 02:37:00
  ├─ [leo:nic] start 02:37:00
  ├─ [leo:cpu] start 02:37:00
Target Time = 1.5; Load Intensity = 1.0; #Success = 0; #Failed = 0; #Dropped = 0
Target Time = 2.5; Load Intensity = 2.0; #Success = 0; #Failed = 0; #Dropped = 0
Target Time = 3.5; Load Intensity = 2.0; #Success = 0; #Failed = 0; #Dropped = 0
Target Time = 4.5; Load Intensity = 3.0; #Success = 0; #Failed = 0; #Dropped = 0
Target Time = 5.5; Load Intensity = 4.0; #Success = 8; #Failed = 0; #Dropped = 0
Target Time = 6.5; Load Intensity = 5.0; #Success = 2; #Failed = 0; #Dropped = 0
Target Time = 7.5; Load Intensity = 6.0; #Success = 3; #Failed = 0; #Dropped = 0
Target Time = 8.5; Load Intensity = 7.0; #Success = 4; #Failed = 0; #Dropped = 0
Target Time = 9.5; Load Intensity = 7.0; #Success = 4; #Failed = 0; #Dropped = 0
Target Time = 10.5; Load Intensity = 8.0; #Success = 3; #Failed = 0; #Dropped = 0
Target Time = 11.5; Load Intensity = 9.0; #Success = 2; #Failed = 0; #Dropped = 0
Target Time = 12.5; Load Intensity = 10.0; #Success = 4; #Failed = 0; #Dropped = 0
Target Time = 13.5; Load Intensity = 11.0; #Success = 0; #Failed = 0; #Dropped = 0
Target Time = 14.5; Load Intensity = 12.0; #Success = 7; #Failed = 0; #Dropped = 0
Target Time = 15.5; Load Intensity = 12.0; #Success = 3; #Failed = 0; #Dropped = 0
Target Time = 16.5; Load Intensity = 13.0; #Success = 6; #Failed = 0; #Dropped = 0
Target Time = 17.5; Load Intensity = 14.0; #Success = 1; #Failed = 0; #Dropped = 0
Target Time = 18.5; Load Intensity = 15.0; #Success = 2; #Failed = 0; #Dropped = 0
Target Time = 19.5; Load Intensity = 16.0; #Success = 16; #Failed = 0; #Dropped = 0
Target Time = 20.5; Load Intensity = 17.0; #Success = 3; #Failed = 0; #Dropped = 0
Target Time = 21.5; Load Intensity = 17.0; #Success = 4; #Failed = 0; #Dropped = 0
Target Time = 22.5; Load Intensity = 18.0; #Success = 2; #Failed = 0; #Dropped = 0
Target Time = 23.5; Load Intensity = 19.0; #Success = 7; #Failed = 0; #Dropped = 0
Target Time = 24.5; Load Intensity = 20.0; #Success = 7; #Failed = 15; #Dropped = 0
Target Time = 25.5; Load Intensity = 21.0; #Success = 6; #Failed = 0; #Dropped = 0
Target Time = 26.5; Load Intensity = 22.0; #Success = 7; #Failed = 2; #Dropped = 0
Target Time = 27.5; Load Intensity = 22.0; #Success = 4; #Failed = 0; #Dropped = 0
Target Time = 28.5; Load Intensity = 23.0; #Success = 5; #Failed = 0; #Dropped = 0
Target Time = 29.5; Load Intensity = 24.0; #Success = 6; #Failed = 1; #Dropped = 0
Target Time = 30.5; Load Intensity = 25.0; #Success = 4; #Failed = 0; #Dropped = 0
Target Time = 31.5; Load Intensity = 26.0; #Success = 6; #Failed = 0; #Dropped = 0
Target Time = 32.5; Load Intensity = 27.0; #Success = 7; #Failed = 0; #Dropped = 0
Target Time = 33.5; Load Intensity = 27.0; #Success = 9; #Failed = 0; #Dropped = 0
Target Time = 34.5; Load Intensity = 28.0; #Success = 12; #Failed = 0; #Dropped = 0
Target Time = 35.5; Load Intensity = 29.0; #Success = 3; #Failed = 0; #Dropped = 0
Target Time = 36.5; Load Intensity = 30.0; #Success = 2; #Failed = 0; #Dropped = 0
Target Time = 37.5; Load Intensity = 31.0; #Success = 0; #Failed = 0; #Dropped = 0
Target Time = 38.5; Load Intensity = 32.0; #Success = 2; #Failed = 0; #Dropped = 0
Target Time = 39.5; Load Intensity = 32.0; #Success = 4; #Failed = 0; #Dropped = 0
Target Time = 40.5; Load Intensity = 33.0; #Success = 5; #Failed = 0; #Dropped = 0
Target Time = 41.5; Load Intensity = 34.0; #Success = 4; #Failed = 6; #Dropped = 0
Target Time = 42.5; Load Intensity = 35.0; #Success = 0; #Failed = 4; #Dropped = 0
Target Time = 43.5; Load Intensity = 36.0; #Success = 1; #Failed = 3; #Dropped = 0
Target Time = 44.5; Load Intensity = 37.0; #Success = 7; #Failed = 5; #Dropped = 0
Target Time = 45.5; Load Intensity = 37.0; #Success = 0; #Failed = 6; #Dropped = 0
Target Time = 46.5; Load Intensity = 38.0; #Success = 2; #Failed = 1; #Dropped = 0
Target Time = 47.5; Load Intensity = 39.0; #Success = 5; #Failed = 0; #Dropped = 0
Target Time = 48.5; Load Intensity = 40.0; #Success = 2; #Failed = 0; #Dropped = 0
Target Time = 49.5; Load Intensity = 41.0; #Success = 1; #Failed = 0; #Dropped = 0
Target Time = 50.5; Load Intensity = 42.0; #Success = 0; #Failed = 0; #Dropped = 0
Target Time = 51.5; Load Intensity = 42.0; #Success = 0; #Failed = 0; #Dropped = 0
Target Time = 52.5; Load Intensity = 43.0; #Success = 0; #Failed = 4; #Dropped = 0
Target Time = 53.5; Load Intensity = 44.0; #Success = 0; #Failed = 0; #Dropped = 0
Target Time = 54.5; Load Intensity = 45.0; #Success = 0; #Failed = 5; #Dropped = 0
Target Time = 55.5; Load Intensity = 46.0; #Success = 0; #Failed = 26; #Dropped = 0
Target Time = 56.5; Load Intensity = 47.0; #Success = 0; #Failed = 1; #Dropped = 0
Target Time = 57.5; Load Intensity = 47.0; #Success = 0; #Failed = 1; #Dropped = 0
Target Time = 58.5; Load Intensity = 48.0; #Success = 0; #Failed = 0; #Dropped = 0
Target Time = 59.5; Load Intensity = 49.0; #Success = 0; #Failed = 1; #Dropped = 21
Target Time = 60.5; Load Intensity = 50.0; #Success = 0; #Failed = 3; #Dropped = 24
Target Time = 61.5; Load Intensity = 51.0; #Success = 0; #Failed = 3; #Dropped = 23
Target Time = 62.5; Load Intensity = 52.0; #Success = 0; #Failed = 2; #Dropped = 21
Target Time = 63.5; Load Intensity = 52.0; #Success = 0; #Failed = 9; #Dropped = 11
Target Time = 64.5; Load Intensity = 53.0; #Success = 1; #Failed = 15; #Dropped = 19
Target Time = 65.5; Load Intensity = 54.0; #Success = 1; #Failed = 11; #Dropped = 22
Target Time = 66.5; Load Intensity = 55.0; #Success = 0; #Failed = 0; #Dropped = 0
Target Time = 67.5; Load Intensity = 56.0; #Success = 0; #Failed = 4; #Dropped = 41
Target Time = 68.5; Load Intensity = 57.0; #Success = 0; #Failed = 2; #Dropped = 35
Target Time = 69.5; Load Intensity = 57.0; #Success = 2; #Failed = 0; #Dropped = 29
Target Time = 70.5; Load Intensity = 58.0; #Success = 4; #Failed = 13; #Dropped = 17
Target Time = 71.5; Load Intensity = 59.0; #Success = 4; #Failed = 7; #Dropped = 28
Target Time = 72.5; Load Intensity = 60.0; #Success = 0; #Failed = 1; #Dropped = 26
Target Time = 73.5; Load Intensity = 61.0; #Success = 0; #Failed = 0; #Dropped = 0
Target Time = 74.5; Load Intensity = 62.0; #Success = 1; #Failed = 0; #Dropped = 68
Target Time = 75.5; Load Intensity = 62.0; #Success = 1; #Failed = 2; #Dropped = 53
Target Time = 76.5; Load Intensity = 63.0; #Success = 1; #Failed = 1; #Dropped = 18
Target Time = 77.5; Load Intensity = 64.0; #Success = 0; #Failed = 0; #Dropped = 0
Target Time = 78.5; Load Intensity = 65.0; #Success = 0; #Failed = 0; #Dropped = 0
Target Time = 79.5; Load Intensity = 66.0; #Success = 0; #Failed = 0; #Dropped = 0
Target Time = 80.5; Load Intensity = 67.0; #Success = 0; #Failed = 0; #Dropped = 0
Target Time = 81.5; Load Intensity = 67.0; #Success = 0; #Failed = 0; #Dropped = 0
Target Time = 82.5; Load Intensity = 68.0; #Success = 1; #Failed = 0; #Dropped = 256
Target Time = 83.5; Load Intensity = 69.0; #Success = 2; #Failed = 0; #Dropped = 32
Target Time = 84.5; Load Intensity = 70.0; #Success = 7; #Failed = 0; #Dropped = 53
Target Time = 85.5; Load Intensity = 71.0; #Success = 0; #Failed = 3; #Dropped = 7
Target Time = 86.5; Load Intensity = 72.0; #Success = 1; #Failed = 0; #Dropped = 67
Target Time = 87.5; Load Intensity = 72.0; #Success = 4; #Failed = 22; #Dropped = 42
Target Time = 88.5; Load Intensity = 73.0; #Success = 0; #Failed = 0; #Dropped = 0
Target Time = 89.5; Load Intensity = 74.0; #Success = 1; #Failed = 2; #Dropped = 88
Target Time = 90.5; Load Intensity = 75.0; #Success = 5; #Failed = 3; #Dropped = 38
Target Time = 91.5; Load Intensity = 76.0; #Success = 0; #Failed = 0; #Dropped = 0
Target Time = 92.5; Load Intensity = 77.0; #Success = 1; #Failed = 0; #Dropped = 58
Target Time = 93.5; Load Intensity = 77.0; #Success = 2; #Failed = 0; #Dropped = 83
Target Time = 94.5; Load Intensity = 78.0; #Success = 2; #Failed = 1; #Dropped = 68
Target Time = 95.5; Load Intensity = 79.0; #Success = 0; #Failed = 0; #Dropped = 0
Target Time = 96.5; Load Intensity = 80.0; #Success = 1; #Failed = 4; #Dropped = 104
Target Time = 97.5; Load Intensity = 81.0; #Success = 2; #Failed = 2; #Dropped = 30
Target Time = 98.5; Load Intensity = 82.0; #Success = 0; #Failed = 0; #Dropped = 0
Target Time = 99.5; Load Intensity = 82.0; #Success = 0; #Failed = 0; #Dropped = 0
Target Time = 100.5; Load Intensity = 83.0; #Success = 0; #Failed = 0; #Dropped = 0
Target Time = 101.5; Load Intensity = 84.0; #Success = 0; #Failed = 0; #Dropped = 0
Target Time = 102.5; Load Intensity = 85.0; #Success = 0; #Failed = 1; #Dropped = 311
Target Time = 103.5; Load Intensity = 86.0; #Success = 0; #Failed = 0; #Dropped = 0
Target Time = 104.5; Load Intensity = 87.0; #Success = 0; #Failed = 0; #Dropped = 0
Target Time = 105.5; Load Intensity = 87.0; #Success = 0; #Failed = 0; #Dropped = 0
Target Time = 106.5; Load Intensity = 88.0; #Success = 4; #Failed = 0; #Dropped = 217
Target Time = 107.5; Load Intensity = 89.0; #Success = 0; #Failed = 0; #Dropped = 0
Target Time = 108.5; Load Intensity = 90.0; #Success = 0; #Failed = 0; #Dropped = 0
Target Time = 109.5; Load Intensity = 91.0; #Success = 0; #Failed = 1; #Dropped = 217
Target Time = 110.5; Load Intensity = 92.0; #Success = 0; #Failed = 6; #Dropped = 64
Target Time = 111.5; Load Intensity = 92.0; #Success = 0; #Failed = 6; #Dropped = 62
Target Time = 112.5; Load Intensity = 93.0; #Success = 1; #Failed = 6; #Dropped = 57
Target Time = 113.5; Load Intensity = 94.0; #Success = 0; #Failed = 0; #Dropped = 0
Target Time = 114.5; Load Intensity = 95.0; #Success = 4; #Failed = 0; #Dropped = 138
Target Time = 115.5; Load Intensity = 96.0; #Success = 2; #Failed = 3; #Dropped = 44
Target Time = 116.5; Load Intensity = 97.0; #Success = 0; #Failed = 5; #Dropped = 48
Target Time = 117.5; Load Intensity = 97.0; #Success = 6; #Failed = 0; #Dropped = 108
Target Time = 118.5; Load Intensity = 98.0; #Success = 0; #Failed = 0; #Dropped = 0
Target Time = 119.5; Load Intensity = 99.0; #Success = 2; #Failed = 1; #Dropped = 147
Target Time = 120.5; Load Intensity = 0.0; #Success = 3; #Failed = 5; #Dropped = 60
Target Time = 121.5; Load Intensity = 0.0; #Success = 0; #Failed = 6; #Dropped = 72
Target Time = 122.5; Load Intensity = 0.0; #Success = 0; #Failed = 4; #Dropped = 72
Target Time = 123.5; Load Intensity = 0.0; #Success = 2; #Failed = 3; #Dropped = 47
Target Time = 124.5; Load Intensity = 0.0; #Success = 2; #Failed = 4; #Dropped = 101
Target Time = 125.5; Load Intensity = 0.0; #Success = 0; #Failed = 4; #Dropped = 68
Target Time = 126.5; Load Intensity = 0.0; #Success = 6; #Failed = 0; #Dropped = 84
Target Time = 127.5; Load Intensity = 0.0; #Success = 1; #Failed = 1; #Dropped = 40
Target Time = 128.5; Load Intensity = 0.0; #Success = 0; #Failed = 3; #Dropped = 111
Target Time = 129.5; Load Intensity = 0.0; #Success = 0; #Failed = 1; #Dropped = 66
Target Time = 130.5; Load Intensity = 0.0; #Success = 0; #Failed = 0; #Dropped = 0
Target Time = 131.5; Load Intensity = 0.0; #Success = 0; #Failed = 0; #Dropped = 0
Target Time = 132.5; Load Intensity = 0.0; #Success = 0; #Failed = 6; #Dropped = 196
Target Time = 133.5; Load Intensity = 0.0; #Success = 0; #Failed = 0; #Dropped = 0
Target Time = 134.5; Load Intensity = 0.0; #Success = 0; #Failed = 2; #Dropped = 209
Target Time = 135.5; Load Intensity = 0.0; #Success = 0; #Failed = 1; #Dropped = 52
Target Time = 136.5; Load Intensity = 0.0; #Success = 1; #Failed = 11; #Dropped = 137
Target Time = 137.5; Load Intensity = 0.0; #Success = 0; #Failed = 2; #Dropped = 22
Target Time = 138.5; Load Intensity = 0.0; #Success = 0; #Failed = 20; #Dropped = 111
Target Time = 139.5; Load Intensity = 0.0; #Success = 0; #Failed = 4; #Dropped = 111
  └─ [nitro5:sd] end 02:39:19
Target Time = 140.5; Load Intensity = 0.0; #Success = 0; #Failed = 3; #Dropped = 67
  └─ [nitro5:ram] end 02:39:19
  └─ [nitro5:nic] end 02:39:20
  └─ [nitro5:cpu] end 02:39:20
Target Time = 141.5; Load Intensity = 0.0; #Success = 0; #Failed = 1; #Dropped = 83
Target Time = 142.5; Load Intensity = 0.0; #Success = 0; #Failed = 10; #Dropped = 109
Target Time = 143.5; Load Intensity = 0.0; #Success = 0; #Failed = 10; #Dropped = 88
Target Time = 144.5; Load Intensity = 0.0; #Success = 0; #Failed = 1; #Dropped = 75
Target Time = 145.5; Load Intensity = 0.0; #Success = 0; #Failed = 1; #Dropped = 21
  └─ [scorpius:sd] end 02:39:24
Target Time = 146.5; Load Intensity = 0.0; #Success = 0; #Failed = 9; #Dropped = 160
  └─ [scorpius:nic] end 02:39:26
Target Time = 147.5; Load Intensity = 0.0; #Success = 0; #Failed = 5; #Dropped = 91
Target Time = 148.5; Load Intensity = 0.0; #Success = 0; #Failed = 2; #Dropped = 80
Target Time = 149.5; Load Intensity = 0.0; #Success = 0; #Failed = 3; #Dropped = 93
Target Time = 150.5; Load Intensity = 0.0; #Success = 0; #Failed = 3; #Dropped = 43
Target Time = 151.5; Load Intensity = 0.0; #Success = 0; #Failed = 3; #Dropped = 0
Target Time = 152.5; Load Intensity = 0.0; #Success = 0; #Failed = 0; #Dropped = 0
Target Time = 153.5; Load Intensity = 0.0; #Success = 0; #Failed = 13; #Dropped = 0
  └─ [scorpius:cpu] end 02:39:33
Target Time = 154.5; Load Intensity = 0.0; #Success = 0; #Failed = 3; #Dropped = 0
Target Time = 155.5; Load Intensity = 0.0; #Success = 0; #Failed = 0; #Dropped = 0
Target Time = 156.5; Load Intensity = 0.0; #Success = 0; #Failed = 0; #Dropped = 0
Target Time = 157.5; Load Intensity = 0.0; #Success = 0; #Failed = 0; #Dropped = 0
Target Time = 158.5; Load Intensity = 0.0; #Success = 0; #Failed = 0; #Dropped = 0
Target Time = 159.5; Load Intensity = 0.0; #Success = 0; #Failed = 0; #Dropped = 0
Target Time = 160.5; Load Intensity = 0.0; #Success = 0; #Failed = 0; #Dropped = 0
  └─ [scorpius:ram] end 02:39:40
Target Time = 161.5; Load Intensity = 0.0; #Success = 0; #Failed = 10; #Dropped = 0
Target Time = 162.5; Load Intensity = 0.0; #Success = 0; #Failed = 0; #Dropped = 0
Target Time = 163.5; Load Intensity = 0.0; #Success = 0; #Failed = 4; #Dropped = 0
Target Time = 164.5; Load Intensity = 0.0; #Success = 0; #Failed = 2; #Dropped = 0
  └─ [leo:nic] end 02:39:44
Target Time = 165.5; Load Intensity = 0.0; #Success = 0; #Failed = 2; #Dropped = 0
Target Time = 166.5; Load Intensity = 0.0; #Success = 0; #Failed = 2; #Dropped = 0
Target Time = 167.5; Load Intensity = 0.0; #Success = 0; #Failed = 0; #Dropped = 0
Target Time = 168.5; Load Intensity = 0.0; #Success = 6; #Failed = 0; #Dropped = 0
  └─ [aspire:nic] end 02:39:47
  └─ [aspire:cpu] end 02:39:48
  └─ [aspire:sd] end 02:39:48
Target Time = 169.5; Load Intensity = 0.0; #Success = 2; #Failed = 0; #Dropped = 0
  └─ [aspire:ram] end 02:39:49
  └─ [leo:cpu] end 02:39:49
Target Time = 170.5; Load Intensity = 0.0; #Success = 0; #Failed = 0; #Dropped = 0
Target Time = 171.5; Load Intensity = 0.0; #Success = 0; #Failed = 0; #Dropped = 0
  └─ [leo:sd] end 02:39:50
  └─ [leo:ram] end 02:39:51
=== Bloque 140s terminado - Fase: fase3_carga_low_iter4 ===
[🧹] Limpiando CSVs internos de ecofloc en cada nodo (fase: fase3_carga_low_iter4)...
Target Time = 172.5; Load Intensity = 0.0; #Success = 2; #Failed = 0; #Dropped = 0
  ✔ [nitro5:cpu] limpiado /home/luish/Documents/p3/ecofloc2/ecofloc/ecofloc-cpu/ECOFLOC_CPU_COMM_text.csv
  ✔ [nitro5:nic] limpiado /home/luish/Documents/p3/ecofloc2/ecofloc/ecofloc-nic/ECOFLOC_NIC_COMM_text.csv
  ✔ [nitro5:ram] limpiado /home/luish/Documents/p3/ecofloc2/ecofloc/ecofloc-ram/ECOFLOC_RAM_COMM_text.csv
  ✔ [nitro5:sd] limpiado /home/luish/Documents/p3/ecofloc2/ecofloc/ecofloc-sd/ECOFLOC_SD_COMM_text.csv
Target Time = 173.5; Load Intensity = 0.0; #Success = 0; #Failed = 0; #Dropped = 0
Target Time = 174.5; Load Intensity = 0.0; #Success = 1; #Failed = 0; #Dropped = 0
Target Time = 175.5; Load Intensity = 0.0; #Success = 0; #Failed = 0; #Dropped = 0
Target Time = 176.5; Load Intensity = 0.0; #Success = 9; #Failed = 0; #Dropped = 0
  ✔ [leo:cpu] limpiado /home/leo/ecofloc/ecofloc-cpu/ECOFLOC_CPU_COMM_text.csv
  ✔ [leo:nic] limpiado /home/leo/ecofloc/ecofloc-nic/ECOFLOC_NIC_COMM_text.csv
  ✔ [leo:ram] limpiado /home/leo/ecofloc/ecofloc-ram/ECOFLOC_RAM_COMM_text.csv
Target Time = 177.5; Load Intensity = 0.0; #Success = 0; #Failed = 0; #Dropped = 0
Target Time = 178.5; Load Intensity = 0.0; #Success = 1; #Failed = 0; #Dropped = 0
Target Time = 179.5; Load Intensity = 0.0; #Success = 1; #Failed = 0; #Dropped = 0
  ✔ [leo:sd] limpiado /home/leo/ecofloc/ecofloc-sd/ECOFLOC_SD_COMM_text.csv
  ✔ [aspire:cpu] limpiado /home/luish/Documents/p3/ecofloc2/ecofloc/ecofloc-cpu/ECOFLOC_CPU_COMM_text.csv
  ✔ [aspire:nic] limpiado /home/luish/Documents/p3/ecofloc2/ecofloc/ecofloc-nic/ECOFLOC_NIC_COMM_text.csv
  ✔ [aspire:ram] limpiado /home/luish/Documents/p3/ecofloc2/ecofloc/ecofloc-ram/ECOFLOC_RAM_COMM_text.csv
  ✔ [aspire:sd] limpiado /home/luish/Documents/p3/ecofloc2/ecofloc/ecofloc-sd/ECOFLOC_SD_COMM_text.csv
  ✔ [scorpius:cpu] limpiado /home/scorpius03/Documents/ecofloc/ecofloc-cpu/ECOFLOC_CPU_COMM_text.csv
  ✔ [scorpius:nic] limpiado /home/scorpius03/Documents/ecofloc/ecofloc-nic/ECOFLOC_NIC_COMM_text.csv
  ✔ [scorpius:ram] limpiado /home/scorpius03/Documents/ecofloc/ecofloc-ram/ECOFLOC_RAM_COMM_text.csv
  ✔ [scorpius:sd] limpiado /home/scorpius03/Documents/ecofloc/ecofloc-sd/ECOFLOC_SD_COMM_text.csv
========================================
🔋 MEASURE ENERGY FINALIZADO
   Fase: fase3_carga_low_iter4
========================================
Workload finished.
Log finished.
📄 LIMBO finalizado para scenario=low
⏳ [02:40:03] Esperando que termine medición: fase3_carga_low_iter4 (PID: 3010430)
✔️ [02:40:03] Medición fase3_carga_low_iter4 completada
[📦] Archivando resultados → ./historyexecutions/exp(02:40:08)_fase3_low_iter4
[✔] Archivado: ./historyexecutions/exp(02:40:08)_fase3_low_iter4
🧹 Limpiando TeaStore (iter 4)...
⏸ Esperando 15s para limpieza completa...
✅ Iteración 4 / 20 del escenario low completada.

########################################################
🔄 ESCENARIO: low | ITERACIÓN: 5 / 20
   Hora: 02:40:58
########################################################
========================================
🔋 FASE 1: Descarga de imágenes (low, iter 5)
========================================
📋 Capturando PIDs (gepidstea.sh)...
📋 Capturando PIDs de contenedores (kpsnodos.sh)...
🔋 [02:41:18] Iniciando medición de energía: fase1_descarga_low_iter5 (25s)
   PID de medición: 3395375
🚀 Desplegando TeaStore desde /home/luish/Documents/death/teastore/TeaStore/examples/kubernetes/teastore-energy-scheduler.yaml...
========================================
🔋 MEASURE ENERGY - Fase: fase1_descarga_low_iter5
   Duración: 25s
   PID: 3395375
========================================
=== Medición bloque 25s - Fase: fase1_descarga_low_iter5 ===
[⏱ 02:41:18] Iniciando ecofloc en nitro5 por 25s (fase: fase1_descarga_low_iter5)
⏳ Esperando a que todos los pods de TeaStore estén Running y Ready...
  ├─ [nitro5:sd] start 02:41:18
  ├─ [nitro5:ram] start 02:41:18
  ├─ [nitro5:nic] start 02:41:19
[⏱ 02:41:19] Iniciando ecofloc en aspire por 25s (fase: fase1_descarga_low_iter5)
  ├─ [nitro5:cpu] start 02:41:19
  ├─ [aspire:sd] start 02:41:19
  ├─ [aspire:ram] start 02:41:19
[⏱ 02:41:19] Iniciando ecofloc en scorpius por 25s (fase: fase1_descarga_low_iter5)
  ├─ [aspire:nic] start 02:41:19
  ├─ [aspire:cpu] start 02:41:19
  ├─ [scorpius:sd] start 02:41:19
  ├─ [scorpius:ram] start 02:41:19
[⏱ 02:41:19] Iniciando ecofloc en leo por 25s (fase: fase1_descarga_low_iter5)
  ├─ [scorpius:nic] start 02:41:19
  ├─ [scorpius:cpu] start 02:41:19
  ├─ [leo:sd] start 02:41:19
  ├─ [leo:ram] start 02:41:19
  ├─ [leo:nic] start 02:41:19
  ├─ [leo:cpu] start 02:41:19
✅ Pods listos.
⏳ [02:41:20] Esperando que termine medición: fase1_descarga_low_iter5 (PID: 3395375)
  └─ [nitro5:sd] end 02:41:43
  └─ [nitro5:ram] end 02:41:43
  └─ [nitro5:nic] end 02:41:44
  └─ [nitro5:cpu] end 02:41:44
  └─ [aspire:cpu] end 02:41:45
  └─ [aspire:sd] end 02:41:45
  └─ [leo:cpu] end 02:41:46
  └─ [leo:sd] end 02:41:46
  └─ [scorpius:sd] end 02:41:46
  └─ [aspire:ram] end 02:41:46
  └─ [leo:ram] end 02:41:46
  └─ [aspire:nic] end 02:41:46
  └─ [leo:nic] end 02:41:46
  └─ [scorpius:nic] end 02:41:46
  └─ [scorpius:cpu] end 02:41:46
=== Bloque 25s terminado - Fase: fase1_descarga_low_iter5 ===
[🧹] Limpiando CSVs internos de ecofloc en cada nodo (fase: fase1_descarga_low_iter5)...
  ✔ [nitro5:cpu] limpiado /home/luish/Documents/p3/ecofloc2/ecofloc/ecofloc-cpu/ECOFLOC_CPU_COMM_text.csv
  ✔ [nitro5:nic] limpiado /home/luish/Documents/p3/ecofloc2/ecofloc/ecofloc-nic/ECOFLOC_NIC_COMM_text.csv
  ✔ [nitro5:ram] limpiado /home/luish/Documents/p3/ecofloc2/ecofloc/ecofloc-ram/ECOFLOC_RAM_COMM_text.csv
  ✔ [nitro5:sd] limpiado /home/luish/Documents/p3/ecofloc2/ecofloc/ecofloc-sd/ECOFLOC_SD_COMM_text.csv
  ✔ [leo:cpu] limpiado /home/leo/ecofloc/ecofloc-cpu/ECOFLOC_CPU_COMM_text.csv
  ✔ [leo:nic] limpiado /home/leo/ecofloc/ecofloc-nic/ECOFLOC_NIC_COMM_text.csv
  ✔ [leo:ram] limpiado /home/leo/ecofloc/ecofloc-ram/ECOFLOC_RAM_COMM_text.csv
  ✔ [leo:sd] limpiado /home/leo/ecofloc/ecofloc-sd/ECOFLOC_SD_COMM_text.csv
  ✔ [aspire:cpu] limpiado /home/luish/Documents/p3/ecofloc2/ecofloc/ecofloc-cpu/ECOFLOC_CPU_COMM_text.csv
  ✔ [aspire:nic] limpiado /home/luish/Documents/p3/ecofloc2/ecofloc/ecofloc-nic/ECOFLOC_NIC_COMM_text.csv
  ✔ [aspire:ram] limpiado /home/luish/Documents/p3/ecofloc2/ecofloc/ecofloc-ram/ECOFLOC_RAM_COMM_text.csv
  ✔ [aspire:sd] limpiado /home/luish/Documents/p3/ecofloc2/ecofloc/ecofloc-sd/ECOFLOC_SD_COMM_text.csv
  ✔ [scorpius:cpu] limpiado /home/scorpius03/Documents/ecofloc/ecofloc-cpu/ECOFLOC_CPU_COMM_text.csv
  ✔ [scorpius:nic] limpiado /home/scorpius03/Documents/ecofloc/ecofloc-nic/ECOFLOC_NIC_COMM_text.csv
  ✔ [scorpius:ram] limpiado /home/scorpius03/Documents/ecofloc/ecofloc-ram/ECOFLOC_RAM_COMM_text.csv
  ✔ [scorpius:sd] limpiado /home/scorpius03/Documents/ecofloc/ecofloc-sd/ECOFLOC_SD_COMM_text.csv
========================================
🔋 MEASURE ENERGY FINALIZADO
   Fase: fase1_descarga_low_iter5
========================================
✔️ [02:41:52] Medición fase1_descarga_low_iter5 completada
[📦] Archivando resultados → ./historyexecutions/exp(02:41:57)_fase1_low_iter5
[✔] Archivado: ./historyexecutions/exp(02:41:57)_fase1_low_iter5
========================================
🔋 FASE 2: Preparación de servicios (low, iter 5)
========================================
📋 Capturando PIDs (gepidstea.sh)...
📋 Capturando PIDs de contenedores (kpsnodos.sh)...
🔋 [02:42:14] Iniciando medición de energía: fase2_preparacion_low_iter5 (50s)
   PID de medición: 3463154
========================================
🔋 MEASURE ENERGY - Fase: fase2_preparacion_low_iter5
   Duración: 50s
   PID: 3463154
========================================
=== Medición bloque 50s - Fase: fase2_preparacion_low_iter5 ===
[⏱ 02:42:14] Iniciando ecofloc en nitro5 por 50s (fase: fase2_preparacion_low_iter5)
⏳ Esperando 10s a que CoreDNS se estabilice...
  ├─ [nitro5:sd] start 02:42:14
  ├─ [nitro5:ram] start 02:42:15
  ├─ [nitro5:nic] start 02:42:15
[⏱ 02:42:16] Iniciando ecofloc en aspire por 50s (fase: fase2_preparacion_low_iter5)
  ├─ [nitro5:cpu] start 02:42:16
  ├─ [aspire:sd] start 02:42:16
  ├─ [aspire:ram] start 02:42:16
[⏱ 02:42:16] Iniciando ecofloc en scorpius por 50s (fase: fase2_preparacion_low_iter5)
  ├─ [aspire:nic] start 02:42:16
  ├─ [aspire:cpu] start 02:42:16
  ├─ [scorpius:sd] start 02:42:16
  ├─ [scorpius:ram] start 02:42:16
[⏱ 02:42:16] Iniciando ecofloc en leo por 50s (fase: fase2_preparacion_low_iter5)
  ├─ [scorpius:nic] start 02:42:16
  ├─ [scorpius:cpu] start 02:42:16
  ├─ [leo:sd] start 02:42:16
  ├─ [leo:ram] start 02:42:16
  ├─ [leo:nic] start 02:42:16
  ├─ [leo:cpu] start 02:42:16
➡️ Pod WebUI: teastore-webui-ff7768544-lxcsn
➡️ Está en el nodo: luish-aspire-a315-55g
🌐 IP del nodo WebUI: 192.168.18.37
⏳ Verificando estado del TeaStore en http://192.168.18.37:30080/tools.descartes.teastore.webui/status ...
   ➤ Estado actual: 5 / 5 servicios OK
✔ TODOS los servicios del TeaStore están OK. Continuando...
⏳ [02:42:29] Esperando que termine medición: fase2_preparacion_low_iter5 (PID: 3463154)
  └─ [nitro5:sd] end 02:43:04
  └─ [nitro5:ram] end 02:43:05
  └─ [nitro5:nic] end 02:43:05
  └─ [nitro5:cpu] end 02:43:06
  └─ [aspire:cpu] end 02:43:06
  └─ [leo:nic] end 02:43:06
  └─ [aspire:sd] end 02:43:06
  └─ [leo:sd] end 02:43:07
  └─ [leo:cpu] end 02:43:07
  └─ [scorpius:cpu] end 02:43:08
  └─ [aspire:nic] end 02:43:08
  └─ [scorpius:sd] end 02:43:08
  └─ [aspire:ram] end 02:43:09
  └─ [leo:ram] end 02:43:09
  └─ [scorpius:nic] end 02:43:09
  └─ [scorpius:ram] end 02:43:09
=== Bloque 50s terminado - Fase: fase2_preparacion_low_iter5 ===
[🧹] Limpiando CSVs internos de ecofloc en cada nodo (fase: fase2_preparacion_low_iter5)...
  ✔ [nitro5:cpu] limpiado /home/luish/Documents/p3/ecofloc2/ecofloc/ecofloc-cpu/ECOFLOC_CPU_COMM_text.csv
  ✔ [nitro5:nic] limpiado /home/luish/Documents/p3/ecofloc2/ecofloc/ecofloc-nic/ECOFLOC_NIC_COMM_text.csv
  ✔ [nitro5:ram] limpiado /home/luish/Documents/p3/ecofloc2/ecofloc/ecofloc-ram/ECOFLOC_RAM_COMM_text.csv
  ✔ [nitro5:sd] limpiado /home/luish/Documents/p3/ecofloc2/ecofloc/ecofloc-sd/ECOFLOC_SD_COMM_text.csv
  ✔ [leo:cpu] limpiado /home/leo/ecofloc/ecofloc-cpu/ECOFLOC_CPU_COMM_text.csv
  ✔ [leo:nic] limpiado /home/leo/ecofloc/ecofloc-nic/ECOFLOC_NIC_COMM_text.csv
  ✔ [leo:ram] limpiado /home/leo/ecofloc/ecofloc-ram/ECOFLOC_RAM_COMM_text.csv
  ✔ [leo:sd] limpiado /home/leo/ecofloc/ecofloc-sd/ECOFLOC_SD_COMM_text.csv
  ✔ [aspire:cpu] limpiado /home/luish/Documents/p3/ecofloc2/ecofloc/ecofloc-cpu/ECOFLOC_CPU_COMM_text.csv
  ✔ [aspire:nic] limpiado /home/luish/Documents/p3/ecofloc2/ecofloc/ecofloc-nic/ECOFLOC_NIC_COMM_text.csv
  ✔ [aspire:ram] limpiado /home/luish/Documents/p3/ecofloc2/ecofloc/ecofloc-ram/ECOFLOC_RAM_COMM_text.csv
  ✔ [aspire:sd] limpiado /home/luish/Documents/p3/ecofloc2/ecofloc/ecofloc-sd/ECOFLOC_SD_COMM_text.csv
  ✔ [scorpius:cpu] limpiado /home/scorpius03/Documents/ecofloc/ecofloc-cpu/ECOFLOC_CPU_COMM_text.csv
  ✔ [scorpius:nic] limpiado /home/scorpius03/Documents/ecofloc/ecofloc-nic/ECOFLOC_NIC_COMM_text.csv
  ✔ [scorpius:ram] limpiado /home/scorpius03/Documents/ecofloc/ecofloc-ram/ECOFLOC_RAM_COMM_text.csv
  ✔ [scorpius:sd] limpiado /home/scorpius03/Documents/ecofloc/ecofloc-sd/ECOFLOC_SD_COMM_text.csv
========================================
🔋 MEASURE ENERGY FINALIZADO
   Fase: fase2_preparacion_low_iter5
========================================
✔️ [02:43:12] Medición fase2_preparacion_low_iter5 completada
[📦] Archivando resultados → ./historyexecutions/exp(02:43:17)_fase2_low_iter5
[✔] Archivado: ./historyexecutions/exp(02:43:17)_fase2_low_iter5
========================================
🔋 FASE 3: Ejecución de carga (low, iter 5)
========================================
📋 Capturando PIDs (gepidstea.sh)...
📋 Capturando PIDs de contenedores (kpsnodos.sh)...
🔋 [02:43:36] Iniciando medición de energía: fase3_carga_low_iter5 (140s)
   PID de medición: 3595455
=== Escenario low (iter 5) ===
========================================
🔋 MEASURE ENERGY - Fase: fase3_carga_low_iter5
   Duración: 140s
   PID: 3595455
========================================
=== Medición bloque 140s - Fase: fase3_carga_low_iter5 ===
🚀 Iniciando LIMBO con profile=/home/luish/Documents/death/teastore/TeaStore/examples/httploadgenerator/increasingLowIntensity.csv y script=/home/luish/Documents/death/teastore/TeaStore/examples/httploadgenerator/teastore_buy.lua
[⏱ 02:43:36] Iniciando ecofloc en nitro5 por 140s (fase: fase3_carga_low_iter5)
Mar 06, 2026 2:43:36 AM tools.descartes.dlim.httploadgenerator.runner.Director executeDirector
WARNING: No power measurements
Mar 06, 2026 2:43:36 AM tools.descartes.dlim.httploadgenerator.runner.Director executeDirector
INFO: Load Generator Thread Count set to 64
Mar 06, 2026 2:43:36 AM tools.descartes.dlim.httploadgenerator.runner.Director executeDirector
INFO: URL connection timout set to 30000 ms
Mar 06, 2026 2:43:36 AM tools.descartes.dlim.httploadgenerator.runner.Director executeDirector
INFO: Using Lua Script: /home/luish/Documents/death/teastore/TeaStore/examples/httploadgenerator/teastore_buy.lua
Mar 06, 2026 2:43:36 AM tools.descartes.dlim.httploadgenerator.runner.Director process
INFO: Read 120 Arrival Rate Tuples
Load Generator sent: ok
Mar 06, 2026 2:43:36 AM tools.descartes.dlim.httploadgenerator.runner.Director process
INFO: Arrival Rates sent to Load Generator(s).
Load Generator sent: ok
Mar 06, 2026 2:43:36 AM tools.descartes.dlim.httploadgenerator.runner.Director process
INFO: Thread Count sent to Load Generator(s): 64
Load Generator sent: ok
Mar 06, 2026 2:43:36 AM tools.descartes.dlim.httploadgenerator.runner.Director process
INFO: URL connection timeout sent to Load Generator(s): 30000
Load Generator sent: ok
Mar 06, 2026 2:43:36 AM tools.descartes.dlim.httploadgenerator.runner.Director process
INFO: Contents of script sent to Load Generator: /home/luish/Documents/death/teastore/TeaStore/examples/httploadgenerator/teastore_buy.lua
Mar 06, 2026 2:43:36 AM tools.descartes.dlim.httploadgenerator.runner.Director process
INFO: Starting Load Generation
Beginning Run @1772783016716(06.03.2026;02:43:36716)
Target Time = 0.5; Load Intensity = 0.0; #Success = 0; #Failed = 0; #Dropped = 0
  ├─ [nitro5:sd] start 02:43:36
  ├─ [nitro5:ram] start 02:43:37
  ├─ [nitro5:nic] start 02:43:37
[⏱ 02:43:38] Iniciando ecofloc en aspire por 140s (fase: fase3_carga_low_iter5)
  ├─ [nitro5:cpu] start 02:43:38
  ├─ [aspire:sd] start 02:43:38
  ├─ [aspire:ram] start 02:43:38
[⏱ 02:43:38] Iniciando ecofloc en scorpius por 140s (fase: fase3_carga_low_iter5)
  ├─ [aspire:nic] start 02:43:38
  ├─ [aspire:cpu] start 02:43:38
  ├─ [scorpius:sd] start 02:43:38
  ├─ [scorpius:ram] start 02:43:38
  ├─ [scorpius:nic] start 02:43:38
[⏱ 02:43:38] Iniciando ecofloc en leo por 140s (fase: fase3_carga_low_iter5)
  ├─ [scorpius:cpu] start 02:43:38
  ├─ [leo:sd] start 02:43:38
  ├─ [leo:ram] start 02:43:38
  ├─ [leo:nic] start 02:43:38
  ├─ [leo:cpu] start 02:43:38
Target Time = 1.5; Load Intensity = 1.0; #Success = 0; #Failed = 0; #Dropped = 0
Target Time = 2.5; Load Intensity = 2.0; #Success = 0; #Failed = 0; #Dropped = 0
Target Time = 3.5; Load Intensity = 2.0; #Success = 0; #Failed = 0; #Dropped = 0
Target Time = 4.5; Load Intensity = 3.0; #Success = 8; #Failed = 0; #Dropped = 0
Target Time = 5.5; Load Intensity = 4.0; #Success = 4; #Failed = 0; #Dropped = 0
Target Time = 6.5; Load Intensity = 5.0; #Success = 1; #Failed = 0; #Dropped = 0
Target Time = 7.5; Load Intensity = 6.0; #Success = 2; #Failed = 0; #Dropped = 0
Target Time = 8.5; Load Intensity = 7.0; #Success = 15; #Failed = 0; #Dropped = 0
Target Time = 9.5; Load Intensity = 7.0; #Success = 7; #Failed = 0; #Dropped = 0
Target Time = 10.5; Load Intensity = 8.0; #Success = 7; #Failed = 0; #Dropped = 0
Target Time = 11.5; Load Intensity = 9.0; #Success = 10; #Failed = 0; #Dropped = 0
Target Time = 12.5; Load Intensity = 10.0; #Success = 10; #Failed = 0; #Dropped = 0
Target Time = 13.5; Load Intensity = 11.0; #Success = 0; #Failed = 0; #Dropped = 0
Target Time = 14.5; Load Intensity = 12.0; #Success = 11; #Failed = 0; #Dropped = 0
Target Time = 15.5; Load Intensity = 12.0; #Success = 3; #Failed = 0; #Dropped = 0
Target Time = 16.5; Load Intensity = 13.0; #Success = 6; #Failed = 0; #Dropped = 0
Target Time = 17.5; Load Intensity = 14.0; #Success = 4; #Failed = 0; #Dropped = 0
Target Time = 18.5; Load Intensity = 15.0; #Success = 3; #Failed = 0; #Dropped = 0
Target Time = 19.5; Load Intensity = 16.0; #Success = 4; #Failed = 0; #Dropped = 0
Target Time = 20.5; Load Intensity = 17.0; #Success = 3; #Failed = 0; #Dropped = 0
Target Time = 21.5; Load Intensity = 17.0; #Success = 2; #Failed = 0; #Dropped = 0
Target Time = 22.5; Load Intensity = 18.0; #Success = 6; #Failed = 0; #Dropped = 0
Target Time = 23.5; Load Intensity = 19.0; #Success = 3; #Failed = 0; #Dropped = 0
Target Time = 24.5; Load Intensity = 20.0; #Success = 2; #Failed = 0; #Dropped = 0
Target Time = 25.5; Load Intensity = 21.0; #Success = 7; #Failed = 2; #Dropped = 0
Target Time = 26.5; Load Intensity = 22.0; #Success = 9; #Failed = 0; #Dropped = 0
Target Time = 27.5; Load Intensity = 22.0; #Success = 2; #Failed = 0; #Dropped = 0
Target Time = 28.5; Load Intensity = 23.0; #Success = 6; #Failed = 0; #Dropped = 0
Target Time = 29.5; Load Intensity = 24.0; #Success = 5; #Failed = 0; #Dropped = 0
Target Time = 30.5; Load Intensity = 25.0; #Success = 4; #Failed = 0; #Dropped = 0
Target Time = 31.5; Load Intensity = 26.0; #Success = 9; #Failed = 0; #Dropped = 0
Target Time = 32.5; Load Intensity = 27.0; #Success = 1; #Failed = 1; #Dropped = 0
Target Time = 33.5; Load Intensity = 27.0; #Success = 14; #Failed = 1; #Dropped = 0
Target Time = 34.5; Load Intensity = 28.0; #Success = 17; #Failed = 1; #Dropped = 0
Target Time = 35.5; Load Intensity = 29.0; #Success = 2; #Failed = 0; #Dropped = 0
Target Time = 36.5; Load Intensity = 30.0; #Success = 4; #Failed = 0; #Dropped = 0
Target Time = 37.5; Load Intensity = 31.0; #Success = 0; #Failed = 0; #Dropped = 0
Target Time = 38.5; Load Intensity = 32.0; #Success = 0; #Failed = 0; #Dropped = 0
Target Time = 39.5; Load Intensity = 32.0; #Success = 0; #Failed = 1; #Dropped = 0
Target Time = 40.5; Load Intensity = 33.0; #Success = 0; #Failed = 14; #Dropped = 0
Target Time = 41.5; Load Intensity = 34.0; #Success = 0; #Failed = 5; #Dropped = 0
Target Time = 42.5; Load Intensity = 35.0; #Success = 0; #Failed = 0; #Dropped = 0
Target Time = 43.5; Load Intensity = 36.0; #Success = 0; #Failed = 4; #Dropped = 0
Target Time = 44.5; Load Intensity = 37.0; #Success = 0; #Failed = 2; #Dropped = 0
Target Time = 45.5; Load Intensity = 37.0; #Success = 0; #Failed = 4; #Dropped = 0
Target Time = 46.5; Load Intensity = 38.0; #Success = 0; #Failed = 1; #Dropped = 0
Target Time = 47.5; Load Intensity = 39.0; #Success = 0; #Failed = 2; #Dropped = 0
Target Time = 48.5; Load Intensity = 40.0; #Success = 0; #Failed = 0; #Dropped = 0
Target Time = 49.5; Load Intensity = 41.0; #Success = 0; #Failed = 0; #Dropped = 0
Target Time = 50.5; Load Intensity = 42.0; #Success = 0; #Failed = 1; #Dropped = 0
Target Time = 51.5; Load Intensity = 42.0; #Success = 0; #Failed = 4; #Dropped = 0
Target Time = 52.5; Load Intensity = 43.0; #Success = 0; #Failed = 0; #Dropped = 0
Target Time = 53.5; Load Intensity = 44.0; #Success = 0; #Failed = 0; #Dropped = 0
Target Time = 54.5; Load Intensity = 45.0; #Success = 0; #Failed = 3; #Dropped = 0
Target Time = 55.5; Load Intensity = 46.0; #Success = 0; #Failed = 0; #Dropped = 0
Target Time = 56.5; Load Intensity = 47.0; #Success = 0; #Failed = 12; #Dropped = 0
Target Time = 57.5; Load Intensity = 47.0; #Success = 0; #Failed = 0; #Dropped = 0
Target Time = 58.5; Load Intensity = 48.0; #Success = 0; #Failed = 36; #Dropped = 6
Target Time = 59.5; Load Intensity = 49.0; #Success = 2; #Failed = 2; #Dropped = 0
Target Time = 60.5; Load Intensity = 50.0; #Success = 2; #Failed = 4; #Dropped = 8
Target Time = 61.5; Load Intensity = 51.0; #Success = 0; #Failed = 0; #Dropped = 0
Target Time = 62.5; Load Intensity = 52.0; #Success = 0; #Failed = 0; #Dropped = 0
Target Time = 63.5; Load Intensity = 52.0; #Success = 0; #Failed = 0; #Dropped = 0
Target Time = 64.5; Load Intensity = 53.0; #Success = 0; #Failed = 0; #Dropped = 0
Target Time = 65.5; Load Intensity = 54.0; #Success = 0; #Failed = 0; #Dropped = 0
Target Time = 66.5; Load Intensity = 55.0; #Success = 3; #Failed = 0; #Dropped = 158
Target Time = 67.5; Load Intensity = 56.0; #Success = 0; #Failed = 0; #Dropped = 0
Target Time = 68.5; Load Intensity = 57.0; #Success = 0; #Failed = 2; #Dropped = 74
Target Time = 69.5; Load Intensity = 57.0; #Success = 0; #Failed = 3; #Dropped = 17
Target Time = 70.5; Load Intensity = 58.0; #Success = 0; #Failed = 5; #Dropped = 33
Target Time = 71.5; Load Intensity = 59.0; #Success = 0; #Failed = 7; #Dropped = 35
Target Time = 72.5; Load Intensity = 60.0; #Success = 0; #Failed = 0; #Dropped = 0
Target Time = 73.5; Load Intensity = 61.0; #Success = 0; #Failed = 0; #Dropped = 0
Target Time = 74.5; Load Intensity = 62.0; #Success = 0; #Failed = 0; #Dropped = 0
Target Time = 75.5; Load Intensity = 62.0; #Success = 0; #Failed = 2; #Dropped = 132
Target Time = 76.5; Load Intensity = 63.0; #Success = 0; #Failed = 8; #Dropped = 33
Target Time = 77.5; Load Intensity = 64.0; #Success = 0; #Failed = 12; #Dropped = 32
Target Time = 78.5; Load Intensity = 65.0; #Success = 0; #Failed = 1; #Dropped = 42
Target Time = 79.5; Load Intensity = 66.0; #Success = 0; #Failed = 2; #Dropped = 39
Target Time = 80.5; Load Intensity = 67.0; #Success = 0; #Failed = 0; #Dropped = 0
Target Time = 81.5; Load Intensity = 67.0; #Success = 0; #Failed = 0; #Dropped = 0
Target Time = 82.5; Load Intensity = 68.0; #Success = 0; #Failed = 0; #Dropped = 0
Target Time = 83.5; Load Intensity = 69.0; #Success = 0; #Failed = 1; #Dropped = 149
Target Time = 84.5; Load Intensity = 70.0; #Success = 0; #Failed = 18; #Dropped = 35
Target Time = 85.5; Load Intensity = 71.0; #Success = 0; #Failed = 0; #Dropped = 0
Target Time = 86.5; Load Intensity = 72.0; #Success = 5; #Failed = 0; #Dropped = 103
Target Time = 87.5; Load Intensity = 72.0; #Success = 0; #Failed = 2; #Dropped = 15
Target Time = 88.5; Load Intensity = 73.0; #Success = 9; #Failed = 13; #Dropped = 60
Target Time = 89.5; Load Intensity = 74.0; #Success = 0; #Failed = 7; #Dropped = 0
Target Time = 90.5; Load Intensity = 75.0; #Success = 0; #Failed = 0; #Dropped = 0
Target Time = 91.5; Load Intensity = 76.0; #Success = 0; #Failed = 5; #Dropped = 139
Target Time = 92.5; Load Intensity = 77.0; #Success = 0; #Failed = 6; #Dropped = 9
Target Time = 93.5; Load Intensity = 77.0; #Success = 0; #Failed = 0; #Dropped = 0
Target Time = 94.5; Load Intensity = 78.0; #Success = 0; #Failed = 0; #Dropped = 0
Target Time = 95.5; Load Intensity = 79.0; #Success = 0; #Failed = 0; #Dropped = 0
Target Time = 96.5; Load Intensity = 80.0; #Success = 0; #Failed = 0; #Dropped = 0
Target Time = 97.5; Load Intensity = 81.0; #Success = 0; #Failed = 0; #Dropped = 0
Target Time = 98.5; Load Intensity = 82.0; #Success = 0; #Failed = 0; #Dropped = 0
Target Time = 99.5; Load Intensity = 82.0; #Success = 1; #Failed = 0; #Dropped = 389
Target Time = 100.5; Load Intensity = 83.0; #Success = 0; #Failed = 3; #Dropped = 62
Target Time = 101.5; Load Intensity = 84.0; #Success = 0; #Failed = 1; #Dropped = 76
Target Time = 102.5; Load Intensity = 85.0; #Success = 0; #Failed = 15; #Dropped = 51
Target Time = 103.5; Load Intensity = 86.0; #Success = 0; #Failed = 11; #Dropped = 38
Target Time = 104.5; Load Intensity = 87.0; #Success = 0; #Failed = 22; #Dropped = 22
Target Time = 105.5; Load Intensity = 87.0; #Success = 0; #Failed = 0; #Dropped = 0
Target Time = 106.5; Load Intensity = 88.0; #Success = 0; #Failed = 0; #Dropped = 0
Target Time = 107.5; Load Intensity = 89.0; #Success = 0; #Failed = 0; #Dropped = 0
Target Time = 108.5; Load Intensity = 90.0; #Success = 0; #Failed = 0; #Dropped = 0
Target Time = 109.5; Load Intensity = 91.0; #Success = 0; #Failed = 7; #Dropped = 327
Target Time = 110.5; Load Intensity = 92.0; #Success = 0; #Failed = 2; #Dropped = 66
Target Time = 111.5; Load Intensity = 92.0; #Success = 0; #Failed = 4; #Dropped = 43
Target Time = 112.5; Load Intensity = 93.0; #Success = 0; #Failed = 0; #Dropped = 0
Target Time = 113.5; Load Intensity = 94.0; #Success = 0; #Failed = 4; #Dropped = 121
Target Time = 114.5; Load Intensity = 95.0; #Success = 0; #Failed = 3; #Dropped = 57
Target Time = 115.5; Load Intensity = 96.0; #Success = 0; #Failed = 3; #Dropped = 81
Target Time = 116.5; Load Intensity = 97.0; #Success = 0; #Failed = 3; #Dropped = 86
Target Time = 117.5; Load Intensity = 97.0; #Success = 0; #Failed = 12; #Dropped = 61
Target Time = 118.5; Load Intensity = 98.0; #Success = 0; #Failed = 2; #Dropped = 28
Target Time = 119.5; Load Intensity = 99.0; #Success = 0; #Failed = 2; #Dropped = 76
Target Time = 120.5; Load Intensity = 0.0; #Success = 0; #Failed = 1; #Dropped = 95
Target Time = 121.5; Load Intensity = 0.0; #Success = 3; #Failed = 4; #Dropped = 110
Target Time = 122.5; Load Intensity = 0.0; #Success = 4; #Failed = 0; #Dropped = 25
Target Time = 123.5; Load Intensity = 0.0; #Success = 0; #Failed = 2; #Dropped = 88
Target Time = 124.5; Load Intensity = 0.0; #Success = 0; #Failed = 4; #Dropped = 77
Target Time = 125.5; Load Intensity = 0.0; #Success = 0; #Failed = 0; #Dropped = 0
Target Time = 126.5; Load Intensity = 0.0; #Success = 0; #Failed = 0; #Dropped = 0
Target Time = 127.5; Load Intensity = 0.0; #Success = 0; #Failed = 0; #Dropped = 0
Target Time = 128.5; Load Intensity = 0.0; #Success = 0; #Failed = 0; #Dropped = 0
Target Time = 129.5; Load Intensity = 0.0; #Success = 0; #Failed = 0; #Dropped = 0
Target Time = 130.5; Load Intensity = 0.0; #Success = 0; #Failed = 0; #Dropped = 0
Target Time = 131.5; Load Intensity = 0.0; #Success = 1; #Failed = 0; #Dropped = 600
Target Time = 132.5; Load Intensity = 0.0; #Success = 0; #Failed = 7; #Dropped = 22
Target Time = 133.5; Load Intensity = 0.0; #Success = 2; #Failed = 2; #Dropped = 134
Target Time = 134.5; Load Intensity = 0.0; #Success = 1; #Failed = 0; #Dropped = 18
Target Time = 135.5; Load Intensity = 0.0; #Success = 0; #Failed = 0; #Dropped = 0
Target Time = 136.5; Load Intensity = 0.0; #Success = 0; #Failed = 4; #Dropped = 250
Target Time = 137.5; Load Intensity = 0.0; #Success = 0; #Failed = 6; #Dropped = 3
Target Time = 138.5; Load Intensity = 0.0; #Success = 0; #Failed = 0; #Dropped = 0
Target Time = 139.5; Load Intensity = 0.0; #Success = 0; #Failed = 0; #Dropped = 0
  └─ [nitro5:sd] end 02:45:56
Target Time = 140.5; Load Intensity = 0.0; #Success = 0; #Failed = 1; #Dropped = 329
  └─ [nitro5:ram] end 02:45:57
  └─ [nitro5:nic] end 02:45:57
  └─ [nitro5:cpu] end 02:45:58
Target Time = 141.5; Load Intensity = 0.0; #Success = 3; #Failed = 0; #Dropped = 51
Target Time = 142.5; Load Intensity = 0.0; #Success = 0; #Failed = 0; #Dropped = 0
Target Time = 143.5; Load Intensity = 0.0; #Success = 0; #Failed = 0; #Dropped = 0
Target Time = 144.5; Load Intensity = 0.0; #Success = 0; #Failed = 0; #Dropped = 0
Target Time = 145.5; Load Intensity = 0.0; #Success = 0; #Failed = 4; #Dropped = 404
Target Time = 146.5; Load Intensity = 0.0; #Success = 1; #Failed = 4; #Dropped = 94
Target Time = 147.5; Load Intensity = 0.0; #Success = 10; #Failed = 0; #Dropped = 82
  └─ [leo:nic] end 02:46:05
Target Time = 148.5; Load Intensity = 0.0; #Success = 2; #Failed = 0; #Dropped = 41
Target Time = 149.5; Load Intensity = 0.0; #Success = 2; #Failed = 0; #Dropped = 107
  └─ [scorpius:nic] end 02:46:06
Target Time = 150.5; Load Intensity = 0.0; #Success = 1; #Failed = 0; #Dropped = 74
Target Time = 151.5; Load Intensity = 0.0; #Success = 4; #Failed = 0; #Dropped = 0
  └─ [scorpius:cpu] end 02:46:09
Target Time = 152.5; Load Intensity = 0.0; #Success = 4; #Failed = 5; #Dropped = 0
  └─ [leo:sd] end 02:46:10
Target Time = 153.5; Load Intensity = 0.0; #Success = 2; #Failed = 0; #Dropped = 0
Target Time = 154.5; Load Intensity = 0.0; #Success = 2; #Failed = 1; #Dropped = 0
  └─ [leo:ram] end 02:46:11
Target Time = 155.5; Load Intensity = 0.0; #Success = 0; #Failed = 3; #Dropped = 0
  └─ [scorpius:ram] end 02:46:12
  └─ [leo:cpu] end 02:46:12
  └─ [scorpius:sd] end 02:46:12
Target Time = 156.5; Load Intensity = 0.0; #Success = 0; #Failed = 12; #Dropped = 0
Target Time = 157.5; Load Intensity = 0.0; #Success = 0; #Failed = 4; #Dropped = 0
Target Time = 158.5; Load Intensity = 0.0; #Success = 0; #Failed = 0; #Dropped = 0
Target Time = 159.5; Load Intensity = 0.0; #Success = 1; #Failed = 0; #Dropped = 0
Target Time = 160.5; Load Intensity = 0.0; #Success = 0; #Failed = 0; #Dropped = 0
Target Time = 161.5; Load Intensity = 0.0; #Success = 0; #Failed = 0; #Dropped = 0
Target Time = 162.5; Load Intensity = 0.0; #Success = 0; #Failed = 10; #Dropped = 0
Target Time = 163.5; Load Intensity = 0.0; #Success = 0; #Failed = 1; #Dropped = 0
Target Time = 164.5; Load Intensity = 0.0; #Success = 0; #Failed = 1; #Dropped = 0
Target Time = 165.5; Load Intensity = 0.0; #Success = 0; #Failed = 0; #Dropped = 0
  └─ [aspire:nic] end 02:46:23
Target Time = 166.5; Load Intensity = 0.0; #Success = 0; #Failed = 2; #Dropped = 0
Target Time = 167.5; Load Intensity = 0.0; #Success = 0; #Failed = 0; #Dropped = 0
Target Time = 168.5; Load Intensity = 0.0; #Success = 0; #Failed = 0; #Dropped = 0
Target Time = 169.5; Load Intensity = 0.0; #Success = 0; #Failed = 0; #Dropped = 0
Target Time = 170.5; Load Intensity = 0.0; #Success = 0; #Failed = 0; #Dropped = 0
Target Time = 171.5; Load Intensity = 0.0; #Success = 1; #Failed = 0; #Dropped = 0
Target Time = 172.5; Load Intensity = 0.0; #Success = 0; #Failed = 0; #Dropped = 0
Target Time = 173.5; Load Intensity = 0.0; #Success = 0; #Failed = 0; #Dropped = 0
Target Time = 174.5; Load Intensity = 0.0; #Success = 0; #Failed = 0; #Dropped = 0
Target Time = 175.5; Load Intensity = 0.0; #Success = 3; #Failed = 0; #Dropped = 0
Target Time = 176.5; Load Intensity = 0.0; #Success = 2; #Failed = 0; #Dropped = 0
Target Time = 177.5; Load Intensity = 0.0; #Success = 3; #Failed = 0; #Dropped = 0
Target Time = 178.5; Load Intensity = 0.0; #Success = 1; #Failed = 0; #Dropped = 0
  └─ [aspire:cpu] end 02:46:36
Target Time = 179.5; Load Intensity = 0.0; #Success = 1; #Failed = 0; #Dropped = 0
  └─ [aspire:sd] end 02:46:36
  └─ [aspire:ram] end 02:46:36
=== Bloque 140s terminado - Fase: fase3_carga_low_iter5 ===
[🧹] Limpiando CSVs internos de ecofloc en cada nodo (fase: fase3_carga_low_iter5)...
  ✔ [nitro5:cpu] limpiado /home/luish/Documents/p3/ecofloc2/ecofloc/ecofloc-cpu/ECOFLOC_CPU_COMM_text.csv
  ✔ [nitro5:nic] limpiado /home/luish/Documents/p3/ecofloc2/ecofloc/ecofloc-nic/ECOFLOC_NIC_COMM_text.csv
  ✔ [nitro5:ram] limpiado /home/luish/Documents/p3/ecofloc2/ecofloc/ecofloc-ram/ECOFLOC_RAM_COMM_text.csv
  ✔ [nitro5:sd] limpiado /home/luish/Documents/p3/ecofloc2/ecofloc/ecofloc-sd/ECOFLOC_SD_COMM_text.csv
  ✔ [leo:cpu] limpiado /home/leo/ecofloc/ecofloc-cpu/ECOFLOC_CPU_COMM_text.csv
  ✔ [leo:nic] limpiado /home/leo/ecofloc/ecofloc-nic/ECOFLOC_NIC_COMM_text.csv
  ✔ [leo:ram] limpiado /home/leo/ecofloc/ecofloc-ram/ECOFLOC_RAM_COMM_text.csv
Workload finished.
Log finished.
📄 LIMBO finalizado para scenario=low
⏳ [02:46:41] Esperando que termine medición: fase3_carga_low_iter5 (PID: 3595455)
  ✔ [leo:sd] limpiado /home/leo/ecofloc/ecofloc-sd/ECOFLOC_SD_COMM_text.csv
  ✔ [aspire:cpu] limpiado /home/luish/Documents/p3/ecofloc2/ecofloc/ecofloc-cpu/ECOFLOC_CPU_COMM_text.csv
  ✔ [aspire:nic] limpiado /home/luish/Documents/p3/ecofloc2/ecofloc/ecofloc-nic/ECOFLOC_NIC_COMM_text.csv
  ✔ [aspire:ram] limpiado /home/luish/Documents/p3/ecofloc2/ecofloc/ecofloc-ram/ECOFLOC_RAM_COMM_text.csv
  ✔ [aspire:sd] limpiado /home/luish/Documents/p3/ecofloc2/ecofloc/ecofloc-sd/ECOFLOC_SD_COMM_text.csv
  ✔ [scorpius:cpu] limpiado /home/scorpius03/Documents/ecofloc/ecofloc-cpu/ECOFLOC_CPU_COMM_text.csv
  ✔ [scorpius:nic] limpiado /home/scorpius03/Documents/ecofloc/ecofloc-nic/ECOFLOC_NIC_COMM_text.csv
  ✔ [scorpius:ram] limpiado /home/scorpius03/Documents/ecofloc/ecofloc-ram/ECOFLOC_RAM_COMM_text.csv
  ✔ [scorpius:sd] limpiado /home/scorpius03/Documents/ecofloc/ecofloc-sd/ECOFLOC_SD_COMM_text.csv
========================================
🔋 MEASURE ENERGY FINALIZADO
   Fase: fase3_carga_low_iter5
========================================
✔️ [02:46:44] Medición fase3_carga_low_iter5 completada
[📦] Archivando resultados → ./historyexecutions/exp(02:46:49)_fase3_low_iter5
[✔] Archivado: ./historyexecutions/exp(02:46:49)_fase3_low_iter5
🧹 Limpiando TeaStore (iter 5)...
⏸ Esperando 15s para limpieza completa...
✅ Iteración 5 / 20 del escenario low completada.

########################################################
🔄 ESCENARIO: low | ITERACIÓN: 6 / 20
   Hora: 02:47:38
########################################################
========================================
🔋 FASE 1: Descarga de imágenes (low, iter 6)
========================================
📋 Capturando PIDs (gepidstea.sh)...
📋 Capturando PIDs de contenedores (kpsnodos.sh)...
🔋 [02:48:04] Iniciando medición de energía: fase1_descarga_low_iter6 (25s)
   PID de medición: 3964119
🚀 Desplegando TeaStore desde /home/luish/Documents/death/teastore/TeaStore/examples/kubernetes/teastore-energy-scheduler.yaml...
========================================
🔋 MEASURE ENERGY - Fase: fase1_descarga_low_iter6
   Duración: 25s
   PID: 3964119
========================================
=== Medición bloque 25s - Fase: fase1_descarga_low_iter6 ===
[⏱ 02:48:04] Iniciando ecofloc en nitro5 por 25s (fase: fase1_descarga_low_iter6)
⏳ Esperando a que todos los pods de TeaStore estén Running y Ready...
  ├─ [nitro5:sd] start 02:48:04
  ├─ [nitro5:ram] start 02:48:04
  ├─ [nitro5:nic] start 02:48:05
[⏱ 02:48:05] Iniciando ecofloc en aspire por 25s (fase: fase1_descarga_low_iter6)
  ├─ [nitro5:cpu] start 02:48:05
  ├─ [aspire:sd] start 02:48:05
  ├─ [aspire:ram] start 02:48:05
[⏱ 02:48:05] Iniciando ecofloc en scorpius por 25s (fase: fase1_descarga_low_iter6)
  ├─ [aspire:nic] start 02:48:05
  ├─ [aspire:cpu] start 02:48:05
  ├─ [scorpius:sd] start 02:48:05
  ├─ [scorpius:ram] start 02:48:05
[⏱ 02:48:05] Iniciando ecofloc en leo por 25s (fase: fase1_descarga_low_iter6)
  ├─ [scorpius:nic] start 02:48:05
  ├─ [scorpius:cpu] start 02:48:05
  ├─ [leo:sd] start 02:48:05
  ├─ [leo:ram] start 02:48:05
  ├─ [leo:nic] start 02:48:05
  ├─ [leo:cpu] start 02:48:05
✅ Pods listos.
⏳ [02:48:08] Esperando que termine medición: fase1_descarga_low_iter6 (PID: 3964119)
  └─ [nitro5:sd] end 02:48:29
  └─ [nitro5:ram] end 02:48:29
  └─ [nitro5:nic] end 02:48:30
  └─ [nitro5:cpu] end 02:48:30
  └─ [leo:cpu] end 02:48:31
  └─ [leo:sd] end 02:48:31
  └─ [scorpius:cpu] end 02:48:31
  └─ [aspire:cpu] end 02:48:31
  └─ [aspire:sd] end 02:48:31
  └─ [aspire:nic] end 02:48:33
  └─ [aspire:ram] end 02:48:34
  └─ [leo:ram] end 02:48:34
  └─ [leo:nic] end 02:48:34
  └─ [scorpius:ram] end 02:48:34
  └─ [scorpius:nic] end 02:48:34
  └─ [scorpius:sd] end 02:48:35
=== Bloque 25s terminado - Fase: fase1_descarga_low_iter6 ===
[🧹] Limpiando CSVs internos de ecofloc en cada nodo (fase: fase1_descarga_low_iter6)...
  ✔ [nitro5:cpu] limpiado /home/luish/Documents/p3/ecofloc2/ecofloc/ecofloc-cpu/ECOFLOC_CPU_COMM_text.csv
  ✔ [nitro5:nic] limpiado /home/luish/Documents/p3/ecofloc2/ecofloc/ecofloc-nic/ECOFLOC_NIC_COMM_text.csv
  ✔ [nitro5:ram] limpiado /home/luish/Documents/p3/ecofloc2/ecofloc/ecofloc-ram/ECOFLOC_RAM_COMM_text.csv
  ✔ [nitro5:sd] limpiado /home/luish/Documents/p3/ecofloc2/ecofloc/ecofloc-sd/ECOFLOC_SD_COMM_text.csv
  ✔ [leo:cpu] limpiado /home/leo/ecofloc/ecofloc-cpu/ECOFLOC_CPU_COMM_text.csv
  ✔ [leo:nic] limpiado /home/leo/ecofloc/ecofloc-nic/ECOFLOC_NIC_COMM_text.csv
  ✔ [leo:ram] limpiado /home/leo/ecofloc/ecofloc-ram/ECOFLOC_RAM_COMM_text.csv
  ✔ [leo:sd] limpiado /home/leo/ecofloc/ecofloc-sd/ECOFLOC_SD_COMM_text.csv
  ✔ [aspire:cpu] limpiado /home/luish/Documents/p3/ecofloc2/ecofloc/ecofloc-cpu/ECOFLOC_CPU_COMM_text.csv
  ✔ [aspire:nic] limpiado /home/luish/Documents/p3/ecofloc2/ecofloc/ecofloc-nic/ECOFLOC_NIC_COMM_text.csv
  ✔ [aspire:ram] limpiado /home/luish/Documents/p3/ecofloc2/ecofloc/ecofloc-ram/ECOFLOC_RAM_COMM_text.csv
  ✔ [aspire:sd] limpiado /home/luish/Documents/p3/ecofloc2/ecofloc/ecofloc-sd/ECOFLOC_SD_COMM_text.csv
  ✔ [scorpius:cpu] limpiado /home/scorpius03/Documents/ecofloc/ecofloc-cpu/ECOFLOC_CPU_COMM_text.csv
  ✔ [scorpius:nic] limpiado /home/scorpius03/Documents/ecofloc/ecofloc-nic/ECOFLOC_NIC_COMM_text.csv
  ✔ [scorpius:ram] limpiado /home/scorpius03/Documents/ecofloc/ecofloc-ram/ECOFLOC_RAM_COMM_text.csv
  ✔ [scorpius:sd] limpiado /home/scorpius03/Documents/ecofloc/ecofloc-sd/ECOFLOC_SD_COMM_text.csv
========================================
🔋 MEASURE ENERGY FINALIZADO
   Fase: fase1_descarga_low_iter6
========================================
✔️ [02:48:42] Medición fase1_descarga_low_iter6 completada
[📦] Archivando resultados → ./historyexecutions/exp(02:48:47)_fase1_low_iter6
[✔] Archivado: ./historyexecutions/exp(02:48:47)_fase1_low_iter6
========================================
🔋 FASE 2: Preparación de servicios (low, iter 6)
========================================
📋 Capturando PIDs (gepidstea.sh)...
📋 Capturando PIDs de contenedores (kpsnodos.sh)...
🔋 [02:49:11] Iniciando medición de energía: fase2_preparacion_low_iter6 (50s)
   PID de medición: 4030041
========================================
🔋 MEASURE ENERGY - Fase: fase2_preparacion_low_iter6
   Duración: 50s
   PID: 4030041
========================================
=== Medición bloque 50s - Fase: fase2_preparacion_low_iter6 ===
[⏱ 02:49:11] Iniciando ecofloc en nitro5 por 50s (fase: fase2_preparacion_low_iter6)
⏳ Esperando 10s a que CoreDNS se estabilice...
  ├─ [nitro5:sd] start 02:49:11
  ├─ [nitro5:ram] start 02:49:12
  ├─ [nitro5:nic] start 02:49:12
[⏱ 02:49:12] Iniciando ecofloc en aspire por 50s (fase: fase2_preparacion_low_iter6)
  ├─ [nitro5:cpu] start 02:49:12
  ├─ [aspire:sd] start 02:49:12
  ├─ [aspire:ram] start 02:49:12
  ├─ [aspire:nic] start 02:49:12
[⏱ 02:49:12] Iniciando ecofloc en scorpius por 50s (fase: fase2_preparacion_low_iter6)
  ├─ [aspire:cpu] start 02:49:12
  ├─ [scorpius:sd] start 02:49:12
  ├─ [scorpius:ram] start 02:49:12
  ├─ [scorpius:nic] start 02:49:12
[⏱ 02:49:12] Iniciando ecofloc en leo por 50s (fase: fase2_preparacion_low_iter6)
  ├─ [scorpius:cpu] start 02:49:12
  ├─ [leo:sd] start 02:49:12
  ├─ [leo:ram] start 02:49:12
  ├─ [leo:nic] start 02:49:12
  ├─ [leo:cpu] start 02:49:12
➡️ Pod WebUI: teastore-webui-ff7768544-fbt2x
➡️ Está en el nodo: leo02
🌐 IP del nodo WebUI: 192.168.18.36
⏳ Verificando estado del TeaStore en http://192.168.18.36:30080/tools.descartes.teastore.webui/status ...
   ➤ Estado actual: 5 / 5 servicios OK
✔ TODOS los servicios del TeaStore están OK. Continuando...
⏳ [02:49:26] Esperando que termine medición: fase2_preparacion_low_iter6 (PID: 4030041)
  └─ [nitro5:sd] end 02:50:01
  └─ [nitro5:ram] end 02:50:02
  └─ [nitro5:nic] end 02:50:02
  └─ [nitro5:cpu] end 02:50:02
  └─ [aspire:cpu] end 02:50:03
  └─ [aspire:sd] end 02:50:03
  └─ [leo:cpu] end 02:50:04
  └─ [leo:sd] end 02:50:04
  └─ [scorpius:cpu] end 02:50:04
  └─ [scorpius:sd] end 02:50:04
  └─ [aspire:nic] end 02:50:04
  └─ [aspire:ram] end 02:50:04
  └─ [leo:nic] end 02:50:04
  └─ [leo:ram] end 02:50:04
  └─ [scorpius:nic] end 02:50:04
  └─ [scorpius:ram] end 02:50:04
=== Bloque 50s terminado - Fase: fase2_preparacion_low_iter6 ===
[🧹] Limpiando CSVs internos de ecofloc en cada nodo (fase: fase2_preparacion_low_iter6)...
  ✔ [nitro5:cpu] limpiado /home/luish/Documents/p3/ecofloc2/ecofloc/ecofloc-cpu/ECOFLOC_CPU_COMM_text.csv
  ✔ [nitro5:nic] limpiado /home/luish/Documents/p3/ecofloc2/ecofloc/ecofloc-nic/ECOFLOC_NIC_COMM_text.csv
  ✔ [nitro5:ram] limpiado /home/luish/Documents/p3/ecofloc2/ecofloc/ecofloc-ram/ECOFLOC_RAM_COMM_text.csv
  ✔ [nitro5:sd] limpiado /home/luish/Documents/p3/ecofloc2/ecofloc/ecofloc-sd/ECOFLOC_SD_COMM_text.csv
  ✔ [leo:cpu] limpiado /home/leo/ecofloc/ecofloc-cpu/ECOFLOC_CPU_COMM_text.csv
  ✔ [leo:nic] limpiado /home/leo/ecofloc/ecofloc-nic/ECOFLOC_NIC_COMM_text.csv
  ✔ [leo:ram] limpiado /home/leo/ecofloc/ecofloc-ram/ECOFLOC_RAM_COMM_text.csv
  ✔ [leo:sd] limpiado /home/leo/ecofloc/ecofloc-sd/ECOFLOC_SD_COMM_text.csv
  ✔ [aspire:cpu] limpiado /home/luish/Documents/p3/ecofloc2/ecofloc/ecofloc-cpu/ECOFLOC_CPU_COMM_text.csv
  ✔ [aspire:nic] limpiado /home/luish/Documents/p3/ecofloc2/ecofloc/ecofloc-nic/ECOFLOC_NIC_COMM_text.csv
  ✔ [aspire:ram] limpiado /home/luish/Documents/p3/ecofloc2/ecofloc/ecofloc-ram/ECOFLOC_RAM_COMM_text.csv
  ✔ [aspire:sd] limpiado /home/luish/Documents/p3/ecofloc2/ecofloc/ecofloc-sd/ECOFLOC_SD_COMM_text.csv
  ✔ [scorpius:cpu] limpiado /home/scorpius03/Documents/ecofloc/ecofloc-cpu/ECOFLOC_CPU_COMM_text.csv
  ✔ [scorpius:nic] limpiado /home/scorpius03/Documents/ecofloc/ecofloc-nic/ECOFLOC_NIC_COMM_text.csv
  ✔ [scorpius:ram] limpiado /home/scorpius03/Documents/ecofloc/ecofloc-ram/ECOFLOC_RAM_COMM_text.csv
  ✔ [scorpius:sd] limpiado /home/scorpius03/Documents/ecofloc/ecofloc-sd/ECOFLOC_SD_COMM_text.csv
========================================
🔋 MEASURE ENERGY FINALIZADO
   Fase: fase2_preparacion_low_iter6
========================================
✔️ [02:50:08] Medición fase2_preparacion_low_iter6 completada
[📦] Archivando resultados → ./historyexecutions/exp(02:50:13)_fase2_low_iter6
[✔] Archivado: ./historyexecutions/exp(02:50:13)_fase2_low_iter6
========================================
🔋 FASE 3: Ejecución de carga (low, iter 6)
========================================
📋 Capturando PIDs (gepidstea.sh)...
📋 Capturando PIDs de contenedores (kpsnodos.sh)...
🔋 [02:50:30] Iniciando medición de energía: fase3_carga_low_iter6 (140s)
   PID de medición: 4162247
=== Escenario low (iter 6) ===
========================================
🔋 MEASURE ENERGY - Fase: fase3_carga_low_iter6
   Duración: 140s
   PID: 4162247
========================================
=== Medición bloque 140s - Fase: fase3_carga_low_iter6 ===
🚀 Iniciando LIMBO con profile=/home/luish/Documents/death/teastore/TeaStore/examples/httploadgenerator/increasingLowIntensity.csv y script=/home/luish/Documents/death/teastore/TeaStore/examples/httploadgenerator/teastore_buy.lua
[⏱ 02:50:30] Iniciando ecofloc en nitro5 por 140s (fase: fase3_carga_low_iter6)
Mar 06, 2026 2:50:30 AM tools.descartes.dlim.httploadgenerator.runner.Director executeDirector
WARNING: No power measurements
Mar 06, 2026 2:50:30 AM tools.descartes.dlim.httploadgenerator.runner.Director executeDirector
INFO: Load Generator Thread Count set to 64
Mar 06, 2026 2:50:30 AM tools.descartes.dlim.httploadgenerator.runner.Director executeDirector
INFO: URL connection timout set to 30000 ms
Mar 06, 2026 2:50:30 AM tools.descartes.dlim.httploadgenerator.runner.Director executeDirector
INFO: Using Lua Script: /home/luish/Documents/death/teastore/TeaStore/examples/httploadgenerator/teastore_buy.lua
Mar 06, 2026 2:50:30 AM tools.descartes.dlim.httploadgenerator.runner.Director process
INFO: Read 120 Arrival Rate Tuples
Load Generator sent: ok
Mar 06, 2026 2:50:30 AM tools.descartes.dlim.httploadgenerator.runner.Director process
INFO: Arrival Rates sent to Load Generator(s).
Load Generator sent: ok
Mar 06, 2026 2:50:30 AM tools.descartes.dlim.httploadgenerator.runner.Director process
INFO: Thread Count sent to Load Generator(s): 64
Load Generator sent: ok
Mar 06, 2026 2:50:30 AM tools.descartes.dlim.httploadgenerator.runner.Director process
INFO: URL connection timeout sent to Load Generator(s): 30000
Load Generator sent: ok
Mar 06, 2026 2:50:30 AM tools.descartes.dlim.httploadgenerator.runner.Director process
INFO: Contents of script sent to Load Generator: /home/luish/Documents/death/teastore/TeaStore/examples/httploadgenerator/teastore_buy.lua
Mar 06, 2026 2:50:30 AM tools.descartes.dlim.httploadgenerator.runner.Director process
INFO: Starting Load Generation
Beginning Run @1772783430523(06.03.2026;02:50:30523)
Target Time = 0.5; Load Intensity = 0.0; #Success = 0; #Failed = 0; #Dropped = 0
  ├─ [nitro5:sd] start 02:50:30
  ├─ [nitro5:ram] start 02:50:31
  ├─ [nitro5:nic] start 02:50:31
[⏱ 02:50:31] Iniciando ecofloc en aspire por 140s (fase: fase3_carga_low_iter6)
  ├─ [nitro5:cpu] start 02:50:31
  ├─ [aspire:sd] start 02:50:31
  ├─ [aspire:ram] start 02:50:31
[⏱ 02:50:31] Iniciando ecofloc en scorpius por 140s (fase: fase3_carga_low_iter6)
  ├─ [aspire:nic] start 02:50:31
  ├─ [aspire:cpu] start 02:50:31
  ├─ [scorpius:sd] start 02:50:31
  ├─ [scorpius:ram] start 02:50:31
  ├─ [scorpius:nic] start 02:50:31
[⏱ 02:50:31] Iniciando ecofloc en leo por 140s (fase: fase3_carga_low_iter6)
  ├─ [scorpius:cpu] start 02:50:31
  ├─ [leo:sd] start 02:50:31
  ├─ [leo:ram] start 02:50:31
  ├─ [leo:nic] start 02:50:31
  ├─ [leo:cpu] start 02:50:31
Target Time = 1.5; Load Intensity = 1.0; #Success = 0; #Failed = 0; #Dropped = 0
Target Time = 2.5; Load Intensity = 2.0; #Success = 0; #Failed = 0; #Dropped = 0
Target Time = 3.5; Load Intensity = 2.0; #Success = 0; #Failed = 0; #Dropped = 0
Target Time = 4.5; Load Intensity = 3.0; #Success = 8; #Failed = 0; #Dropped = 0
Target Time = 5.5; Load Intensity = 4.0; #Success = 4; #Failed = 0; #Dropped = 0
Target Time = 6.5; Load Intensity = 5.0; #Success = 4; #Failed = 0; #Dropped = 0
Target Time = 7.5; Load Intensity = 6.0; #Success = 7; #Failed = 0; #Dropped = 0
Target Time = 8.5; Load Intensity = 7.0; #Success = 7; #Failed = 0; #Dropped = 0
Target Time = 9.5; Load Intensity = 7.0; #Success = 7; #Failed = 0; #Dropped = 0
Target Time = 10.5; Load Intensity = 8.0; #Success = 7; #Failed = 0; #Dropped = 0
Target Time = 11.5; Load Intensity = 9.0; #Success = 10; #Failed = 0; #Dropped = 0
Target Time = 12.5; Load Intensity = 10.0; #Success = 10; #Failed = 0; #Dropped = 0
Target Time = 13.5; Load Intensity = 11.0; #Success = 0; #Failed = 0; #Dropped = 0
Target Time = 14.5; Load Intensity = 12.0; #Success = 2; #Failed = 0; #Dropped = 0
Target Time = 15.5; Load Intensity = 12.0; #Success = 3; #Failed = 0; #Dropped = 0
Target Time = 16.5; Load Intensity = 13.0; #Success = 5; #Failed = 0; #Dropped = 0
Target Time = 17.5; Load Intensity = 14.0; #Success = 6; #Failed = 0; #Dropped = 0
Target Time = 18.5; Load Intensity = 15.0; #Success = 0; #Failed = 0; #Dropped = 0
Target Time = 19.5; Load Intensity = 16.0; #Success = 0; #Failed = 0; #Dropped = 0
Target Time = 20.5; Load Intensity = 17.0; #Success = 0; #Failed = 8; #Dropped = 0
Target Time = 21.5; Load Intensity = 17.0; #Success = 0; #Failed = 6; #Dropped = 0
Target Time = 22.5; Load Intensity = 18.0; #Success = 0; #Failed = 4; #Dropped = 0
Target Time = 23.5; Load Intensity = 19.0; #Success = 0; #Failed = 5; #Dropped = 0
Target Time = 24.5; Load Intensity = 20.0; #Success = 0; #Failed = 0; #Dropped = 0
Target Time = 25.5; Load Intensity = 21.0; #Success = 0; #Failed = 0; #Dropped = 0
Target Time = 26.5; Load Intensity = 22.0; #Success = 2; #Failed = 0; #Dropped = 0
Target Time = 27.5; Load Intensity = 22.0; #Success = 3; #Failed = 0; #Dropped = 0
Target Time = 28.5; Load Intensity = 23.0; #Success = 1; #Failed = 2; #Dropped = 0
Target Time = 29.5; Load Intensity = 24.0; #Success = 0; #Failed = 7; #Dropped = 0
Target Time = 30.5; Load Intensity = 25.0; #Success = 0; #Failed = 4; #Dropped = 0
Target Time = 31.5; Load Intensity = 26.0; #Success = 1; #Failed = 0; #Dropped = 0
Target Time = 32.5; Load Intensity = 27.0; #Success = 0; #Failed = 0; #Dropped = 0
Target Time = 33.5; Load Intensity = 27.0; #Success = 0; #Failed = 0; #Dropped = 0
Target Time = 34.5; Load Intensity = 28.0; #Success = 0; #Failed = 0; #Dropped = 0
Target Time = 35.5; Load Intensity = 29.0; #Success = 0; #Failed = 0; #Dropped = 0
Target Time = 36.5; Load Intensity = 30.0; #Success = 0; #Failed = 0; #Dropped = 0
Target Time = 37.5; Load Intensity = 31.0; #Success = 4; #Failed = 2; #Dropped = 0
Target Time = 38.5; Load Intensity = 32.0; #Success = 7; #Failed = 0; #Dropped = 0
Target Time = 39.5; Load Intensity = 32.0; #Success = 3; #Failed = 7; #Dropped = 0
Target Time = 40.5; Load Intensity = 33.0; #Success = 5; #Failed = 1; #Dropped = 0
Target Time = 41.5; Load Intensity = 34.0; #Success = 3; #Failed = 0; #Dropped = 0
Target Time = 42.5; Load Intensity = 35.0; #Success = 6; #Failed = 0; #Dropped = 0
Target Time = 43.5; Load Intensity = 36.0; #Success = 2; #Failed = 0; #Dropped = 0
Target Time = 44.5; Load Intensity = 37.0; #Success = 7; #Failed = 0; #Dropped = 0
Target Time = 45.5; Load Intensity = 37.0; #Success = 7; #Failed = 1; #Dropped = 0
Target Time = 46.5; Load Intensity = 38.0; #Success = 6; #Failed = 0; #Dropped = 0
Target Time = 47.5; Load Intensity = 39.0; #Success = 2; #Failed = 2; #Dropped = 0
Target Time = 48.5; Load Intensity = 40.0; #Success = 2; #Failed = 0; #Dropped = 0
Target Time = 49.5; Load Intensity = 41.0; #Success = 2; #Failed = 0; #Dropped = 0
Target Time = 50.5; Load Intensity = 42.0; #Success = 0; #Failed = 0; #Dropped = 0
Target Time = 51.5; Load Intensity = 42.0; #Success = 0; #Failed = 0; #Dropped = 0
Target Time = 52.5; Load Intensity = 43.0; #Success = 1; #Failed = 0; #Dropped = 0
Target Time = 53.5; Load Intensity = 44.0; #Success = 2; #Failed = 1; #Dropped = 0
Target Time = 54.5; Load Intensity = 45.0; #Success = 1; #Failed = 0; #Dropped = 0
Target Time = 55.5; Load Intensity = 46.0; #Success = 5; #Failed = 0; #Dropped = 1
Target Time = 56.5; Load Intensity = 47.0; #Success = 4; #Failed = 0; #Dropped = 19
Target Time = 57.5; Load Intensity = 47.0; #Success = 6; #Failed = 0; #Dropped = 18
Target Time = 58.5; Load Intensity = 48.0; #Success = 4; #Failed = 0; #Dropped = 11
Target Time = 59.5; Load Intensity = 49.0; #Success = 0; #Failed = 0; #Dropped = 0
Target Time = 60.5; Load Intensity = 50.0; #Success = 0; #Failed = 0; #Dropped = 0
Target Time = 61.5; Load Intensity = 51.0; #Success = 0; #Failed = 0; #Dropped = 0
Target Time = 62.5; Load Intensity = 52.0; #Success = 0; #Failed = 0; #Dropped = 0
Target Time = 63.5; Load Intensity = 52.0; #Success = 0; #Failed = 0; #Dropped = 0
Target Time = 64.5; Load Intensity = 53.0; #Success = 0; #Failed = 0; #Dropped = 0
Target Time = 65.5; Load Intensity = 54.0; #Success = 1; #Failed = 0; #Dropped = 182
Target Time = 66.5; Load Intensity = 55.0; #Success = 0; #Failed = 0; #Dropped = 0
Target Time = 67.5; Load Intensity = 56.0; #Success = 4; #Failed = 0; #Dropped = 65
Target Time = 68.5; Load Intensity = 57.0; #Success = 0; #Failed = 0; #Dropped = 0
Target Time = 69.5; Load Intensity = 57.0; #Success = 3; #Failed = 0; #Dropped = 61
Target Time = 70.5; Load Intensity = 58.0; #Success = 4; #Failed = 0; #Dropped = 25
Target Time = 71.5; Load Intensity = 59.0; #Success = 3; #Failed = 0; #Dropped = 30
Target Time = 72.5; Load Intensity = 60.0; #Success = 2; #Failed = 0; #Dropped = 10
Target Time = 73.5; Load Intensity = 61.0; #Success = 0; #Failed = 0; #Dropped = 0
Target Time = 74.5; Load Intensity = 62.0; #Success = 3; #Failed = 0; #Dropped = 95
Target Time = 75.5; Load Intensity = 62.0; #Success = 5; #Failed = 0; #Dropped = 35
Target Time = 76.5; Load Intensity = 63.0; #Success = 7; #Failed = 0; #Dropped = 31
Target Time = 77.5; Load Intensity = 64.0; #Success = 4; #Failed = 0; #Dropped = 38
Target Time = 78.5; Load Intensity = 65.0; #Success = 2; #Failed = 0; #Dropped = 16
Target Time = 79.5; Load Intensity = 66.0; #Success = 2; #Failed = 2; #Dropped = 44
Target Time = 80.5; Load Intensity = 67.0; #Success = 1; #Failed = 2; #Dropped = 42
Target Time = 81.5; Load Intensity = 67.0; #Success = 0; #Failed = 0; #Dropped = 0
Target Time = 82.5; Load Intensity = 68.0; #Success = 3; #Failed = 0; #Dropped = 91
Target Time = 83.5; Load Intensity = 69.0; #Success = 3; #Failed = 0; #Dropped = 40
Target Time = 84.5; Load Intensity = 70.0; #Success = 1; #Failed = 0; #Dropped = 1
Target Time = 85.5; Load Intensity = 71.0; #Success = 4; #Failed = 3; #Dropped = 86
Target Time = 86.5; Load Intensity = 72.0; #Success = 4; #Failed = 0; #Dropped = 36
Target Time = 87.5; Load Intensity = 72.0; #Success = 3; #Failed = 0; #Dropped = 51
Target Time = 88.5; Load Intensity = 73.0; #Success = 4; #Failed = 0; #Dropped = 26
Target Time = 89.5; Load Intensity = 74.0; #Success = 4; #Failed = 0; #Dropped = 46
Target Time = 90.5; Load Intensity = 75.0; #Success = 5; #Failed = 9; #Dropped = 52
Target Time = 91.5; Load Intensity = 76.0; #Success = 0; #Failed = 14; #Dropped = 40
Target Time = 92.5; Load Intensity = 77.0; #Success = 1; #Failed = 0; #Dropped = 32
Target Time = 93.5; Load Intensity = 77.0; #Success = 0; #Failed = 2; #Dropped = 69
Target Time = 94.5; Load Intensity = 78.0; #Success = 0; #Failed = 1; #Dropped = 24
Target Time = 95.5; Load Intensity = 79.0; #Success = 0; #Failed = 10; #Dropped = 68
Target Time = 96.5; Load Intensity = 80.0; #Success = 0; #Failed = 0; #Dropped = 0
Target Time = 97.5; Load Intensity = 81.0; #Success = 2; #Failed = 4; #Dropped = 102
Target Time = 98.5; Load Intensity = 82.0; #Success = 0; #Failed = 0; #Dropped = 0
Target Time = 99.5; Load Intensity = 82.0; #Success = 1; #Failed = 2; #Dropped = 95
Target Time = 100.5; Load Intensity = 83.0; #Success = 1; #Failed = 1; #Dropped = 66
Target Time = 101.5; Load Intensity = 84.0; #Success = 0; #Failed = 0; #Dropped = 0
Target Time = 102.5; Load Intensity = 85.0; #Success = 1; #Failed = 2; #Dropped = 112
Target Time = 103.5; Load Intensity = 86.0; #Success = 1; #Failed = 1; #Dropped = 81
Target Time = 104.5; Load Intensity = 87.0; #Success = 0; #Failed = 0; #Dropped = 0
Target Time = 105.5; Load Intensity = 87.0; #Success = 0; #Failed = 3; #Dropped = 112
Target Time = 106.5; Load Intensity = 88.0; #Success = 0; #Failed = 5; #Dropped = 31
Target Time = 107.5; Load Intensity = 89.0; #Success = 1; #Failed = 9; #Dropped = 87
Target Time = 108.5; Load Intensity = 90.0; #Success = 0; #Failed = 4; #Dropped = 8
Target Time = 109.5; Load Intensity = 91.0; #Success = 0; #Failed = 4; #Dropped = 95
Target Time = 110.5; Load Intensity = 92.0; #Success = 1; #Failed = 1; #Dropped = 72
Target Time = 111.5; Load Intensity = 92.0; #Success = 0; #Failed = 0; #Dropped = 0
Target Time = 112.5; Load Intensity = 93.0; #Success = 1; #Failed = 1; #Dropped = 140
Target Time = 113.5; Load Intensity = 94.0; #Success = 0; #Failed = 2; #Dropped = 72
Target Time = 114.5; Load Intensity = 95.0; #Success = 0; #Failed = 1; #Dropped = 5
Target Time = 115.5; Load Intensity = 96.0; #Success = 1; #Failed = 0; #Dropped = 102
Target Time = 116.5; Load Intensity = 97.0; #Success = 1; #Failed = 0; #Dropped = 88
Target Time = 117.5; Load Intensity = 97.0; #Success = 1; #Failed = 0; #Dropped = 44
Target Time = 118.5; Load Intensity = 98.0; #Success = 3; #Failed = 3; #Dropped = 82
Target Time = 119.5; Load Intensity = 99.0; #Success = 0; #Failed = 0; #Dropped = 0
Target Time = 120.5; Load Intensity = 0.0; #Success = 1; #Failed = 0; #Dropped = 170
Target Time = 121.5; Load Intensity = 0.0; #Success = 0; #Failed = 0; #Dropped = 0
Target Time = 122.5; Load Intensity = 0.0; #Success = 0; #Failed = 1; #Dropped = 98
Target Time = 123.5; Load Intensity = 0.0; #Success = 0; #Failed = 5; #Dropped = 109
Target Time = 124.5; Load Intensity = 0.0; #Success = 3; #Failed = 3; #Dropped = 58
Target Time = 125.5; Load Intensity = 0.0; #Success = 5; #Failed = 1; #Dropped = 101
Target Time = 126.5; Load Intensity = 0.0; #Success = 1; #Failed = 3; #Dropped = 71
Target Time = 127.5; Load Intensity = 0.0; #Success = 4; #Failed = 4; #Dropped = 78
Target Time = 128.5; Load Intensity = 0.0; #Success = 0; #Failed = 4; #Dropped = 63
Target Time = 129.5; Load Intensity = 0.0; #Success = 1; #Failed = 1; #Dropped = 82
Target Time = 130.5; Load Intensity = 0.0; #Success = 0; #Failed = 2; #Dropped = 74
Target Time = 131.5; Load Intensity = 0.0; #Success = 0; #Failed = 0; #Dropped = 0
Target Time = 132.5; Load Intensity = 0.0; #Success = 1; #Failed = 5; #Dropped = 190
Target Time = 133.5; Load Intensity = 0.0; #Success = 0; #Failed = 6; #Dropped = 3
Target Time = 134.5; Load Intensity = 0.0; #Success = 0; #Failed = 1; #Dropped = 91
Target Time = 135.5; Load Intensity = 0.0; #Success = 1; #Failed = 0; #Dropped = 124
Target Time = 136.5; Load Intensity = 0.0; #Success = 0; #Failed = 0; #Dropped = 0
Target Time = 137.5; Load Intensity = 0.0; #Success = 0; #Failed = 2; #Dropped = 202
Target Time = 138.5; Load Intensity = 0.0; #Success = 1; #Failed = 4; #Dropped = 75
Target Time = 139.5; Load Intensity = 0.0; #Success = 3; #Failed = 0; #Dropped = 107
  └─ [nitro5:sd] end 02:52:50
  └─ [nitro5:cpu] end 02:52:51
Target Time = 140.5; Load Intensity = 0.0; #Success = 0; #Failed = 2; #Dropped = 15
  └─ [nitro5:ram] end 02:52:51
  └─ [nitro5:nic] end 02:52:51
Target Time = 141.5; Load Intensity = 0.0; #Success = 0; #Failed = 0; #Dropped = 0
Target Time = 142.5; Load Intensity = 0.0; #Success = 1; #Failed = 0; #Dropped = 255
Target Time = 143.5; Load Intensity = 0.0; #Success = 1; #Failed = 0; #Dropped = 87
Target Time = 144.5; Load Intensity = 0.0; #Success = 0; #Failed = 2; #Dropped = 45
Target Time = 145.5; Load Intensity = 0.0; #Success = 0; #Failed = 14; #Dropped = 117
  └─ [scorpius:nic] end 02:52:56
Target Time = 146.5; Load Intensity = 0.0; #Success = 1; #Failed = 0; #Dropped = 103
Target Time = 147.5; Load Intensity = 0.0; #Success = 1; #Failed = 8; #Dropped = 95
Target Time = 148.5; Load Intensity = 0.0; #Success = 0; #Failed = 0; #Dropped = 0
Target Time = 149.5; Load Intensity = 0.0; #Success = 0; #Failed = 0; #Dropped = 0
Target Time = 150.5; Load Intensity = 0.0; #Success = 0; #Failed = 0; #Dropped = 0
Target Time = 151.5; Load Intensity = 0.0; #Success = 0; #Failed = 0; #Dropped = 0
  └─ [scorpius:sd] end 02:53:02
Target Time = 152.5; Load Intensity = 0.0; #Success = 1; #Failed = 0; #Dropped = 201
  └─ [scorpius:cpu] end 02:53:03
Target Time = 153.5; Load Intensity = 0.0; #Success = 2; #Failed = 1; #Dropped = 0
Target Time = 154.5; Load Intensity = 0.0; #Success = 5; #Failed = 2; #Dropped = 0
Target Time = 155.5; Load Intensity = 0.0; #Success = 1; #Failed = 0; #Dropped = 0
Target Time = 156.5; Load Intensity = 0.0; #Success = 2; #Failed = 0; #Dropped = 0
Target Time = 157.5; Load Intensity = 0.0; #Success = 7; #Failed = 0; #Dropped = 0
  └─ [scorpius:ram] end 02:53:08
Target Time = 158.5; Load Intensity = 0.0; #Success = 2; #Failed = 0; #Dropped = 0
Target Time = 159.5; Load Intensity = 0.0; #Success = 1; #Failed = 0; #Dropped = 0
Target Time = 160.5; Load Intensity = 0.0; #Success = 2; #Failed = 1; #Dropped = 0
Target Time = 161.5; Load Intensity = 0.0; #Success = 0; #Failed = 0; #Dropped = 0
Target Time = 162.5; Load Intensity = 0.0; #Success = 2; #Failed = 0; #Dropped = 0
Target Time = 163.5; Load Intensity = 0.0; #Success = 2; #Failed = 0; #Dropped = 0
Target Time = 164.5; Load Intensity = 0.0; #Success = 1; #Failed = 0; #Dropped = 0
  └─ [aspire:nic] end 02:53:15
Target Time = 165.5; Load Intensity = 0.0; #Success = 0; #Failed = 0; #Dropped = 0
  └─ [aspire:cpu] end 02:53:16
Target Time = 166.5; Load Intensity = 0.0; #Success = 0; #Failed = 0; #Dropped = 0
  └─ [aspire:ram] end 02:53:17
  └─ [aspire:sd] end 02:53:17
Target Time = 167.5; Load Intensity = 0.0; #Success = 1; #Failed = 0; #Dropped = 0
  └─ [leo:nic] end 02:53:18
Target Time = 168.5; Load Intensity = 0.0; #Success = 0; #Failed = 30; #Dropped = 0
  └─ [leo:cpu] end 02:53:19
  └─ [leo:ram] end 02:53:19
  └─ [leo:sd] end 02:53:19
=== Bloque 140s terminado - Fase: fase3_carga_low_iter6 ===
[🧹] Limpiando CSVs internos de ecofloc en cada nodo (fase: fase3_carga_low_iter6)...
  ✔ [nitro5:cpu] limpiado /home/luish/Documents/p3/ecofloc2/ecofloc/ecofloc-cpu/ECOFLOC_CPU_COMM_text.csv
  ✔ [nitro5:nic] limpiado /home/luish/Documents/p3/ecofloc2/ecofloc/ecofloc-nic/ECOFLOC_NIC_COMM_text.csv
  ✔ [nitro5:ram] limpiado /home/luish/Documents/p3/ecofloc2/ecofloc/ecofloc-ram/ECOFLOC_RAM_COMM_text.csv
  ✔ [nitro5:sd] limpiado /home/luish/Documents/p3/ecofloc2/ecofloc/ecofloc-sd/ECOFLOC_SD_COMM_text.csv
Target Time = 169.5; Load Intensity = 0.0; #Success = 0; #Failed = 0; #Dropped = 0
  ✔ [leo:cpu] limpiado /home/leo/ecofloc/ecofloc-cpu/ECOFLOC_CPU_COMM_text.csv
  ✔ [leo:nic] limpiado /home/leo/ecofloc/ecofloc-nic/ECOFLOC_NIC_COMM_text.csv
  ✔ [leo:ram] limpiado /home/leo/ecofloc/ecofloc-ram/ECOFLOC_RAM_COMM_text.csv
  ✔ [leo:sd] limpiado /home/leo/ecofloc/ecofloc-sd/ECOFLOC_SD_COMM_text.csv
Target Time = 170.5; Load Intensity = 0.0; #Success = 0; #Failed = 0; #Dropped = 0
  ✔ [aspire:cpu] limpiado /home/luish/Documents/p3/ecofloc2/ecofloc/ecofloc-cpu/ECOFLOC_CPU_COMM_text.csv
  ✔ [aspire:nic] limpiado /home/luish/Documents/p3/ecofloc2/ecofloc/ecofloc-nic/ECOFLOC_NIC_COMM_text.csv
  ✔ [aspire:ram] limpiado /home/luish/Documents/p3/ecofloc2/ecofloc/ecofloc-ram/ECOFLOC_RAM_COMM_text.csv
  ✔ [aspire:sd] limpiado /home/luish/Documents/p3/ecofloc2/ecofloc/ecofloc-sd/ECOFLOC_SD_COMM_text.csv
Target Time = 171.5; Load Intensity = 0.0; #Success = 0; #Failed = 0; #Dropped = 0
  ✔ [scorpius:cpu] limpiado /home/scorpius03/Documents/ecofloc/ecofloc-cpu/ECOFLOC_CPU_COMM_text.csv
  ✔ [scorpius:nic] limpiado /home/scorpius03/Documents/ecofloc/ecofloc-nic/ECOFLOC_NIC_COMM_text.csv
  ✔ [scorpius:ram] limpiado /home/scorpius03/Documents/ecofloc/ecofloc-ram/ECOFLOC_RAM_COMM_text.csv
Target Time = 172.5; Load Intensity = 0.0; #Success = 0; #Failed = 0; #Dropped = 0
  ✔ [scorpius:sd] limpiado /home/scorpius03/Documents/ecofloc/ecofloc-sd/ECOFLOC_SD_COMM_text.csv
========================================
🔋 MEASURE ENERGY FINALIZADO
   Fase: fase3_carga_low_iter6
========================================
Target Time = 173.5; Load Intensity = 0.0; #Success = 0; #Failed = 0; #Dropped = 0
Target Time = 174.5; Load Intensity = 0.0; #Success = 0; #Failed = 0; #Dropped = 0
Target Time = 175.5; Load Intensity = 0.0; #Success = 1; #Failed = 0; #Dropped = 0
Workload finished.
Log finished.
📄 LIMBO finalizado para scenario=low
⏳ [02:53:31] Esperando que termine medición: fase3_carga_low_iter6 (PID: 4162247)
✔️ [02:53:31] Medición fase3_carga_low_iter6 completada
[📦] Archivando resultados → ./historyexecutions/exp(02:53:36)_fase3_low_iter6
[✔] Archivado: ./historyexecutions/exp(02:53:36)_fase3_low_iter6
🧹 Limpiando TeaStore (iter 6)...
⏸ Esperando 15s para limpieza completa...
✅ Iteración 6 / 20 del escenario low completada.

########################################################
🔄 ESCENARIO: low | ITERACIÓN: 7 / 20
   Hora: 02:54:23
########################################################
========================================
🔋 FASE 1: Descarga de imágenes (low, iter 7)
========================================
📋 Capturando PIDs (gepidstea.sh)...
📋 Capturando PIDs de contenedores (kpsnodos.sh)...
🔋 [02:54:43] Iniciando medición de energía: fase1_descarga_low_iter7 (25s)
   PID de medición: 345188
🚀 Desplegando TeaStore desde /home/luish/Documents/death/teastore/TeaStore/examples/kubernetes/teastore-energy-scheduler.yaml...
========================================
🔋 MEASURE ENERGY - Fase: fase1_descarga_low_iter7
   Duración: 25s
   PID: 345188
========================================
=== Medición bloque 25s - Fase: fase1_descarga_low_iter7 ===
[⏱ 02:54:43] Iniciando ecofloc en nitro5 por 25s (fase: fase1_descarga_low_iter7)
⏳ Esperando a que todos los pods de TeaStore estén Running y Ready...
  ├─ [nitro5:sd] start 02:54:44
  ├─ [nitro5:ram] start 02:54:44
  ├─ [nitro5:nic] start 02:54:44
[⏱ 02:54:45] Iniciando ecofloc en aspire por 25s (fase: fase1_descarga_low_iter7)
  ├─ [nitro5:cpu] start 02:54:45
  ├─ [aspire:sd] start 02:54:45
  ├─ [aspire:ram] start 02:54:45
[⏱ 02:54:45] Iniciando ecofloc en scorpius por 25s (fase: fase1_descarga_low_iter7)
  ├─ [aspire:nic] start 02:54:45
  ├─ [aspire:cpu] start 02:54:45
  ├─ [scorpius:sd] start 02:54:45
  ├─ [scorpius:ram] start 02:54:45
  ├─ [scorpius:nic] start 02:54:45
[⏱ 02:54:45] Iniciando ecofloc en leo por 25s (fase: fase1_descarga_low_iter7)
  ├─ [scorpius:cpu] start 02:54:45
  ├─ [leo:sd] start 02:54:45
  ├─ [leo:ram] start 02:54:45
  ├─ [leo:nic] start 02:54:45
  ├─ [leo:cpu] start 02:54:45
✅ Pods listos.
⏳ [02:54:46] Esperando que termine medición: fase1_descarga_low_iter7 (PID: 345188)
  └─ [nitro5:sd] end 02:55:09
  └─ [nitro5:ram] end 02:55:09
  └─ [nitro5:nic] end 02:55:09
  └─ [nitro5:cpu] end 02:55:10
  └─ [aspire:sd] end 02:55:10
  └─ [aspire:cpu] end 02:55:10
  └─ [leo:sd] end 02:55:11
  └─ [leo:cpu] end 02:55:11
  └─ [scorpius:cpu] end 02:55:11
  └─ [aspire:nic] end 02:55:11
  └─ [leo:nic] end 02:55:11
  └─ [scorpius:sd] end 02:55:12
  └─ [aspire:ram] end 02:55:12
  └─ [leo:ram] end 02:55:12
  └─ [scorpius:nic] end 02:55:12
  └─ [scorpius:ram] end 02:55:12
=== Bloque 25s terminado - Fase: fase1_descarga_low_iter7 ===
[🧹] Limpiando CSVs internos de ecofloc en cada nodo (fase: fase1_descarga_low_iter7)...
  ✔ [nitro5:cpu] limpiado /home/luish/Documents/p3/ecofloc2/ecofloc/ecofloc-cpu/ECOFLOC_CPU_COMM_text.csv
  ✔ [nitro5:nic] limpiado /home/luish/Documents/p3/ecofloc2/ecofloc/ecofloc-nic/ECOFLOC_NIC_COMM_text.csv
  ✔ [nitro5:ram] limpiado /home/luish/Documents/p3/ecofloc2/ecofloc/ecofloc-ram/ECOFLOC_RAM_COMM_text.csv
  ✔ [nitro5:sd] limpiado /home/luish/Documents/p3/ecofloc2/ecofloc/ecofloc-sd/ECOFLOC_SD_COMM_text.csv
  ✔ [leo:cpu] limpiado /home/leo/ecofloc/ecofloc-cpu/ECOFLOC_CPU_COMM_text.csv
  ✔ [leo:nic] limpiado /home/leo/ecofloc/ecofloc-nic/ECOFLOC_NIC_COMM_text.csv
  ✔ [leo:ram] limpiado /home/leo/ecofloc/ecofloc-ram/ECOFLOC_RAM_COMM_text.csv
  ✔ [leo:sd] limpiado /home/leo/ecofloc/ecofloc-sd/ECOFLOC_SD_COMM_text.csv
  ✔ [aspire:cpu] limpiado /home/luish/Documents/p3/ecofloc2/ecofloc/ecofloc-cpu/ECOFLOC_CPU_COMM_text.csv
  ✔ [aspire:nic] limpiado /home/luish/Documents/p3/ecofloc2/ecofloc/ecofloc-nic/ECOFLOC_NIC_COMM_text.csv
  ✔ [aspire:ram] limpiado /home/luish/Documents/p3/ecofloc2/ecofloc/ecofloc-ram/ECOFLOC_RAM_COMM_text.csv
  ✔ [aspire:sd] limpiado /home/luish/Documents/p3/ecofloc2/ecofloc/ecofloc-sd/ECOFLOC_SD_COMM_text.csv
  ✔ [scorpius:cpu] limpiado /home/scorpius03/Documents/ecofloc/ecofloc-cpu/ECOFLOC_CPU_COMM_text.csv
  ✔ [scorpius:nic] limpiado /home/scorpius03/Documents/ecofloc/ecofloc-nic/ECOFLOC_NIC_COMM_text.csv
  ✔ [scorpius:ram] limpiado /home/scorpius03/Documents/ecofloc/ecofloc-ram/ECOFLOC_RAM_COMM_text.csv
  ✔ [scorpius:sd] limpiado /home/scorpius03/Documents/ecofloc/ecofloc-sd/ECOFLOC_SD_COMM_text.csv
========================================
🔋 MEASURE ENERGY FINALIZADO
   Fase: fase1_descarga_low_iter7
========================================
✔️ [02:55:16] Medición fase1_descarga_low_iter7 completada
[📦] Archivando resultados → ./historyexecutions/exp(02:55:21)_fase1_low_iter7
[✔] Archivado: ./historyexecutions/exp(02:55:21)_fase1_low_iter7
========================================
🔋 FASE 2: Preparación de servicios (low, iter 7)
========================================
📋 Capturando PIDs (gepidstea.sh)...
📋 Capturando PIDs de contenedores (kpsnodos.sh)...
🔋 [02:55:37] Iniciando medición de energía: fase2_preparacion_low_iter7 (50s)
   PID de medición: 413156
========================================
🔋 MEASURE ENERGY - Fase: fase2_preparacion_low_iter7
   Duración: 50s
   PID: 413156
========================================
=== Medición bloque 50s - Fase: fase2_preparacion_low_iter7 ===
[⏱ 02:55:37] Iniciando ecofloc en nitro5 por 50s (fase: fase2_preparacion_low_iter7)
⏳ Esperando 10s a que CoreDNS se estabilice...
  ├─ [nitro5:sd] start 02:55:37
  ├─ [nitro5:ram] start 02:55:38
  ├─ [nitro5:nic] start 02:55:38
[⏱ 02:55:39] Iniciando ecofloc en aspire por 50s (fase: fase2_preparacion_low_iter7)
  ├─ [nitro5:cpu] start 02:55:39
  ├─ [aspire:sd] start 02:55:39
  ├─ [aspire:ram] start 02:55:39
  ├─ [aspire:nic] start 02:55:39
[⏱ 02:55:39] Iniciando ecofloc en scorpius por 50s (fase: fase2_preparacion_low_iter7)
  ├─ [aspire:cpu] start 02:55:39
  ├─ [scorpius:sd] start 02:55:39
  ├─ [scorpius:ram] start 02:55:39
  ├─ [scorpius:nic] start 02:55:39
[⏱ 02:55:39] Iniciando ecofloc en leo por 50s (fase: fase2_preparacion_low_iter7)
  ├─ [scorpius:cpu] start 02:55:39
  ├─ [leo:ram] start 02:55:39
  ├─ [leo:sd] start 02:55:39
  ├─ [leo:nic] start 02:55:39
  ├─ [leo:cpu] start 02:55:39
➡️ Pod WebUI: teastore-webui-ff7768544-f4m69
➡️ Está en el nodo: luish-aspire-a315-55g
🌐 IP del nodo WebUI: 192.168.18.37
⏳ Verificando estado del TeaStore en http://192.168.18.37:30080/tools.descartes.teastore.webui/status ...
   ➤ Estado actual: 5 / 5 servicios OK
✔ TODOS los servicios del TeaStore están OK. Continuando...
⏳ [02:55:53] Esperando que termine medición: fase2_preparacion_low_iter7 (PID: 413156)
  └─ [nitro5:sd] end 02:56:27
  └─ [nitro5:ram] end 02:56:28
  └─ [nitro5:nic] end 02:56:28
  └─ [nitro5:cpu] end 02:56:29
  └─ [aspire:sd] end 02:56:29
  └─ [aspire:cpu] end 02:56:30
  └─ [leo:sd] end 02:56:30
  └─ [leo:cpu] end 02:56:30
  └─ [scorpius:sd] end 02:56:30
  └─ [scorpius:cpu] end 02:56:30
  └─ [aspire:nic] end 02:56:31
  └─ [aspire:ram] end 02:56:31
  └─ [leo:nic] end 02:56:31
  └─ [leo:ram] end 02:56:31
  └─ [scorpius:nic] end 02:56:31
  └─ [scorpius:ram] end 02:56:31
=== Bloque 50s terminado - Fase: fase2_preparacion_low_iter7 ===
[🧹] Limpiando CSVs internos de ecofloc en cada nodo (fase: fase2_preparacion_low_iter7)...
  ✔ [nitro5:cpu] limpiado /home/luish/Documents/p3/ecofloc2/ecofloc/ecofloc-cpu/ECOFLOC_CPU_COMM_text.csv
  ✔ [nitro5:nic] limpiado /home/luish/Documents/p3/ecofloc2/ecofloc/ecofloc-nic/ECOFLOC_NIC_COMM_text.csv
  ✔ [nitro5:ram] limpiado /home/luish/Documents/p3/ecofloc2/ecofloc/ecofloc-ram/ECOFLOC_RAM_COMM_text.csv
  ✔ [nitro5:sd] limpiado /home/luish/Documents/p3/ecofloc2/ecofloc/ecofloc-sd/ECOFLOC_SD_COMM_text.csv
  ✔ [leo:cpu] limpiado /home/leo/ecofloc/ecofloc-cpu/ECOFLOC_CPU_COMM_text.csv
  ✔ [leo:nic] limpiado /home/leo/ecofloc/ecofloc-nic/ECOFLOC_NIC_COMM_text.csv
  ✔ [leo:ram] limpiado /home/leo/ecofloc/ecofloc-ram/ECOFLOC_RAM_COMM_text.csv
  ✔ [leo:sd] limpiado /home/leo/ecofloc/ecofloc-sd/ECOFLOC_SD_COMM_text.csv
  ✔ [aspire:cpu] limpiado /home/luish/Documents/p3/ecofloc2/ecofloc/ecofloc-cpu/ECOFLOC_CPU_COMM_text.csv
  ✔ [aspire:nic] limpiado /home/luish/Documents/p3/ecofloc2/ecofloc/ecofloc-nic/ECOFLOC_NIC_COMM_text.csv
  ✔ [aspire:ram] limpiado /home/luish/Documents/p3/ecofloc2/ecofloc/ecofloc-ram/ECOFLOC_RAM_COMM_text.csv
  ✔ [aspire:sd] limpiado /home/luish/Documents/p3/ecofloc2/ecofloc/ecofloc-sd/ECOFLOC_SD_COMM_text.csv
  ✔ [scorpius:cpu] limpiado /home/scorpius03/Documents/ecofloc/ecofloc-cpu/ECOFLOC_CPU_COMM_text.csv
  ✔ [scorpius:nic] limpiado /home/scorpius03/Documents/ecofloc/ecofloc-nic/ECOFLOC_NIC_COMM_text.csv
  ✔ [scorpius:ram] limpiado /home/scorpius03/Documents/ecofloc/ecofloc-ram/ECOFLOC_RAM_COMM_text.csv
  ✔ [scorpius:sd] limpiado /home/scorpius03/Documents/ecofloc/ecofloc-sd/ECOFLOC_SD_COMM_text.csv
========================================
🔋 MEASURE ENERGY FINALIZADO
   Fase: fase2_preparacion_low_iter7
========================================
✔️ [02:56:34] Medición fase2_preparacion_low_iter7 completada
[📦] Archivando resultados → ./historyexecutions/exp(02:56:39)_fase2_low_iter7
[✔] Archivado: ./historyexecutions/exp(02:56:39)_fase2_low_iter7
========================================
🔋 FASE 3: Ejecución de carga (low, iter 7)
========================================
📋 Capturando PIDs (gepidstea.sh)...
📋 Capturando PIDs de contenedores (kpsnodos.sh)...
🔋 [02:56:57] Iniciando medición de energía: fase3_carga_low_iter7 (140s)
   PID de medición: 546275
=== Escenario low (iter 7) ===
========================================
🔋 MEASURE ENERGY - Fase: fase3_carga_low_iter7
   Duración: 140s
   PID: 546275
========================================
=== Medición bloque 140s - Fase: fase3_carga_low_iter7 ===
🚀 Iniciando LIMBO con profile=/home/luish/Documents/death/teastore/TeaStore/examples/httploadgenerator/increasingLowIntensity.csv y script=/home/luish/Documents/death/teastore/TeaStore/examples/httploadgenerator/teastore_buy.lua
[⏱ 02:56:57] Iniciando ecofloc en nitro5 por 140s (fase: fase3_carga_low_iter7)
Mar 06, 2026 2:56:57 AM tools.descartes.dlim.httploadgenerator.runner.Director executeDirector
WARNING: No power measurements
Mar 06, 2026 2:56:57 AM tools.descartes.dlim.httploadgenerator.runner.Director executeDirector
INFO: Load Generator Thread Count set to 64
Mar 06, 2026 2:56:57 AM tools.descartes.dlim.httploadgenerator.runner.Director executeDirector
INFO: URL connection timout set to 30000 ms
Mar 06, 2026 2:56:57 AM tools.descartes.dlim.httploadgenerator.runner.Director executeDirector
INFO: Using Lua Script: /home/luish/Documents/death/teastore/TeaStore/examples/httploadgenerator/teastore_buy.lua
Mar 06, 2026 2:56:57 AM tools.descartes.dlim.httploadgenerator.runner.Director process
INFO: Read 120 Arrival Rate Tuples
Load Generator sent: ok
Mar 06, 2026 2:56:57 AM tools.descartes.dlim.httploadgenerator.runner.Director process
INFO: Arrival Rates sent to Load Generator(s).
Load Generator sent: ok
Mar 06, 2026 2:56:57 AM tools.descartes.dlim.httploadgenerator.runner.Director process
INFO: Thread Count sent to Load Generator(s): 64
Load Generator sent: ok
Mar 06, 2026 2:56:57 AM tools.descartes.dlim.httploadgenerator.runner.Director process
INFO: URL connection timeout sent to Load Generator(s): 30000
Load Generator sent: ok
Mar 06, 2026 2:56:57 AM tools.descartes.dlim.httploadgenerator.runner.Director process
INFO: Contents of script sent to Load Generator: /home/luish/Documents/death/teastore/TeaStore/examples/httploadgenerator/teastore_buy.lua
Mar 06, 2026 2:56:57 AM tools.descartes.dlim.httploadgenerator.runner.Director process
INFO: Starting Load Generation
Beginning Run @1772783817523(06.03.2026;02:56:57523)
Target Time = 0.5; Load Intensity = 0.0; #Success = 0; #Failed = 0; #Dropped = 0
  ├─ [nitro5:sd] start 02:56:57
  ├─ [nitro5:ram] start 02:56:58
  ├─ [nitro5:nic] start 02:56:58
[⏱ 02:56:58] Iniciando ecofloc en aspire por 140s (fase: fase3_carga_low_iter7)
  ├─ [nitro5:cpu] start 02:56:58
  ├─ [aspire:sd] start 02:56:58
  ├─ [aspire:ram] start 02:56:58
[⏱ 02:56:58] Iniciando ecofloc en scorpius por 140s (fase: fase3_carga_low_iter7)
  ├─ [aspire:nic] start 02:56:58
  ├─ [aspire:cpu] start 02:56:58
  ├─ [scorpius:sd] start 02:56:58
  ├─ [scorpius:ram] start 02:56:58
  ├─ [scorpius:nic] start 02:56:58
[⏱ 02:56:58] Iniciando ecofloc en leo por 140s (fase: fase3_carga_low_iter7)
  ├─ [scorpius:cpu] start 02:56:58
  ├─ [leo:sd] start 02:56:58
  ├─ [leo:nic] start 02:56:59
  ├─ [leo:ram] start 02:56:59
  ├─ [leo:cpu] start 02:56:59
Target Time = 1.5; Load Intensity = 1.0; #Success = 0; #Failed = 0; #Dropped = 0
Target Time = 2.5; Load Intensity = 2.0; #Success = 0; #Failed = 0; #Dropped = 0
Target Time = 3.5; Load Intensity = 2.0; #Success = 0; #Failed = 0; #Dropped = 0
Target Time = 4.5; Load Intensity = 3.0; #Success = 8; #Failed = 0; #Dropped = 0
Target Time = 5.5; Load Intensity = 4.0; #Success = 4; #Failed = 0; #Dropped = 0
Target Time = 6.5; Load Intensity = 5.0; #Success = 4; #Failed = 0; #Dropped = 0
Target Time = 7.5; Load Intensity = 6.0; #Success = 7; #Failed = 0; #Dropped = 0
Target Time = 8.5; Load Intensity = 7.0; #Success = 7; #Failed = 0; #Dropped = 0
Target Time = 9.5; Load Intensity = 7.0; #Success = 7; #Failed = 0; #Dropped = 0
Target Time = 10.5; Load Intensity = 8.0; #Success = 7; #Failed = 0; #Dropped = 0
Target Time = 11.5; Load Intensity = 9.0; #Success = 10; #Failed = 0; #Dropped = 0
Target Time = 12.5; Load Intensity = 10.0; #Success = 10; #Failed = 0; #Dropped = 0
Target Time = 13.5; Load Intensity = 11.0; #Success = 0; #Failed = 0; #Dropped = 0
Target Time = 14.5; Load Intensity = 12.0; #Success = 10; #Failed = 0; #Dropped = 0
Target Time = 15.5; Load Intensity = 12.0; #Success = 23; #Failed = 0; #Dropped = 0
Target Time = 16.5; Load Intensity = 13.0; #Success = 15; #Failed = 0; #Dropped = 0
Target Time = 17.5; Load Intensity = 14.0; #Success = 14; #Failed = 0; #Dropped = 0
Target Time = 18.5; Load Intensity = 15.0; #Success = 2; #Failed = 0; #Dropped = 0
Target Time = 19.5; Load Intensity = 16.0; #Success = 5; #Failed = 0; #Dropped = 0
Target Time = 20.5; Load Intensity = 17.0; #Success = 22; #Failed = 0; #Dropped = 0
Target Time = 21.5; Load Intensity = 17.0; #Success = 14; #Failed = 0; #Dropped = 0
Target Time = 22.5; Load Intensity = 18.0; #Success = 19; #Failed = 0; #Dropped = 0
Target Time = 23.5; Load Intensity = 19.0; #Success = 4; #Failed = 0; #Dropped = 0
Target Time = 24.5; Load Intensity = 20.0; #Success = 0; #Failed = 0; #Dropped = 0
Target Time = 25.5; Load Intensity = 21.0; #Success = 0; #Failed = 0; #Dropped = 0
Target Time = 26.5; Load Intensity = 22.0; #Success = 0; #Failed = 0; #Dropped = 0
Target Time = 27.5; Load Intensity = 22.0; #Success = 0; #Failed = 0; #Dropped = 0
Target Time = 28.5; Load Intensity = 23.0; #Success = 0; #Failed = 0; #Dropped = 0
Target Time = 29.5; Load Intensity = 24.0; #Success = 0; #Failed = 0; #Dropped = 0
Target Time = 30.5; Load Intensity = 25.0; #Success = 0; #Failed = 0; #Dropped = 0
Target Time = 31.5; Load Intensity = 26.0; #Success = 0; #Failed = 0; #Dropped = 0
Target Time = 32.5; Load Intensity = 27.0; #Success = 0; #Failed = 0; #Dropped = 0
Target Time = 33.5; Load Intensity = 27.0; #Success = 0; #Failed = 0; #Dropped = 0
Target Time = 34.5; Load Intensity = 28.0; #Success = 0; #Failed = 0; #Dropped = 0
Target Time = 35.5; Load Intensity = 29.0; #Success = 0; #Failed = 31; #Dropped = 0
Target Time = 36.5; Load Intensity = 30.0; #Success = 0; #Failed = 11; #Dropped = 0
Target Time = 37.5; Load Intensity = 31.0; #Success = 0; #Failed = 3; #Dropped = 0
Target Time = 38.5; Load Intensity = 32.0; #Success = 0; #Failed = 5; #Dropped = 0
Target Time = 39.5; Load Intensity = 32.0; #Success = 0; #Failed = 5; #Dropped = 0
Target Time = 40.5; Load Intensity = 33.0; #Success = 0; #Failed = 7; #Dropped = 0
Target Time = 41.5; Load Intensity = 34.0; #Success = 0; #Failed = 1; #Dropped = 0
Target Time = 42.5; Load Intensity = 35.0; #Success = 0; #Failed = 0; #Dropped = 0
Target Time = 43.5; Load Intensity = 36.0; #Success = 0; #Failed = 0; #Dropped = 0
Target Time = 44.5; Load Intensity = 37.0; #Success = 0; #Failed = 0; #Dropped = 0
Target Time = 45.5; Load Intensity = 37.0; #Success = 0; #Failed = 0; #Dropped = 0
Target Time = 46.5; Load Intensity = 38.0; #Success = 0; #Failed = 0; #Dropped = 0
Target Time = 47.5; Load Intensity = 39.0; #Success = 0; #Failed = 0; #Dropped = 0
Target Time = 48.5; Load Intensity = 40.0; #Success = 0; #Failed = 0; #Dropped = 0
Target Time = 49.5; Load Intensity = 41.0; #Success = 0; #Failed = 11; #Dropped = 0
Target Time = 50.5; Load Intensity = 42.0; #Success = 0; #Failed = 16; #Dropped = 0
Target Time = 51.5; Load Intensity = 42.0; #Success = 0; #Failed = 19; #Dropped = 0
Target Time = 52.5; Load Intensity = 43.0; #Success = 0; #Failed = 2; #Dropped = 0
Target Time = 53.5; Load Intensity = 44.0; #Success = 0; #Failed = 1; #Dropped = 0
Target Time = 54.5; Load Intensity = 45.0; #Success = 0; #Failed = 1; #Dropped = 0
Target Time = 55.5; Load Intensity = 46.0; #Success = 0; #Failed = 0; #Dropped = 0
Target Time = 56.5; Load Intensity = 47.0; #Success = 0; #Failed = 0; #Dropped = 0
Target Time = 57.5; Load Intensity = 47.0; #Success = 0; #Failed = 6; #Dropped = 0
Target Time = 58.5; Load Intensity = 48.0; #Success = 0; #Failed = 0; #Dropped = 0
Target Time = 59.5; Load Intensity = 49.0; #Success = 0; #Failed = 0; #Dropped = 0
Target Time = 60.5; Load Intensity = 50.0; #Success = 0; #Failed = 0; #Dropped = 0
Target Time = 61.5; Load Intensity = 51.0; #Success = 0; #Failed = 0; #Dropped = 0
Target Time = 62.5; Load Intensity = 52.0; #Success = 0; #Failed = 0; #Dropped = 0
Target Time = 63.5; Load Intensity = 52.0; #Success = 0; #Failed = 0; #Dropped = 0
Target Time = 64.5; Load Intensity = 53.0; #Success = 0; #Failed = 0; #Dropped = 0
Target Time = 65.5; Load Intensity = 54.0; #Success = 8; #Failed = 0; #Dropped = 124
Target Time = 66.5; Load Intensity = 55.0; #Success = 0; #Failed = 29; #Dropped = 15
Target Time = 67.5; Load Intensity = 56.0; #Success = 0; #Failed = 24; #Dropped = 19
Target Time = 68.5; Load Intensity = 57.0; #Success = 0; #Failed = 3; #Dropped = 5
Target Time = 69.5; Load Intensity = 57.0; #Success = 0; #Failed = 0; #Dropped = 0
Target Time = 70.5; Load Intensity = 58.0; #Success = 0; #Failed = 0; #Dropped = 0
Target Time = 71.5; Load Intensity = 59.0; #Success = 0; #Failed = 0; #Dropped = 0
Target Time = 72.5; Load Intensity = 60.0; #Success = 0; #Failed = 0; #Dropped = 0
Target Time = 73.5; Load Intensity = 61.0; #Success = 0; #Failed = 0; #Dropped = 0
Target Time = 74.5; Load Intensity = 62.0; #Success = 0; #Failed = 0; #Dropped = 0
Target Time = 75.5; Load Intensity = 62.0; #Success = 0; #Failed = 1; #Dropped = 252
Target Time = 76.5; Load Intensity = 63.0; #Success = 0; #Failed = 12; #Dropped = 28
Target Time = 77.5; Load Intensity = 64.0; #Success = 0; #Failed = 12; #Dropped = 28
Target Time = 78.5; Load Intensity = 65.0; #Success = 0; #Failed = 10; #Dropped = 30
Target Time = 79.5; Load Intensity = 66.0; #Success = 0; #Failed = 4; #Dropped = 36
Target Time = 80.5; Load Intensity = 67.0; #Success = 0; #Failed = 0; #Dropped = 0
Target Time = 81.5; Load Intensity = 67.0; #Success = 0; #Failed = 0; #Dropped = 0
Target Time = 82.5; Load Intensity = 68.0; #Success = 0; #Failed = 0; #Dropped = 0
Target Time = 83.5; Load Intensity = 69.0; #Success = 0; #Failed = 0; #Dropped = 0
Target Time = 84.5; Load Intensity = 70.0; #Success = 0; #Failed = 0; #Dropped = 0
Target Time = 85.5; Load Intensity = 71.0; #Success = 0; #Failed = 8; #Dropped = 256
Target Time = 86.5; Load Intensity = 72.0; #Success = 0; #Failed = 1; #Dropped = 41
Target Time = 87.5; Load Intensity = 72.0; #Success = 0; #Failed = 0; #Dropped = 0
Target Time = 88.5; Load Intensity = 73.0; #Success = 0; #Failed = 0; #Dropped = 0
Target Time = 89.5; Load Intensity = 74.0; #Success = 0; #Failed = 0; #Dropped = 0
Target Time = 90.5; Load Intensity = 75.0; #Success = 0; #Failed = 0; #Dropped = 0
Target Time = 91.5; Load Intensity = 76.0; #Success = 0; #Failed = 0; #Dropped = 0
Target Time = 92.5; Load Intensity = 77.0; #Success = 0; #Failed = 0; #Dropped = 0
Target Time = 93.5; Load Intensity = 77.0; #Success = 0; #Failed = 0; #Dropped = 0
Target Time = 94.5; Load Intensity = 78.0; #Success = 0; #Failed = 0; #Dropped = 0
Target Time = 95.5; Load Intensity = 79.0; #Success = 2; #Failed = 0; #Dropped = 420
Target Time = 96.5; Load Intensity = 80.0; #Success = 3; #Failed = 4; #Dropped = 59
Target Time = 97.5; Load Intensity = 81.0; #Success = 8; #Failed = 6; #Dropped = 69
Target Time = 98.5; Load Intensity = 82.0; #Success = 3; #Failed = 0; #Dropped = 35
Target Time = 99.5; Load Intensity = 82.0; #Success = 0; #Failed = 0; #Dropped = 0
Target Time = 100.5; Load Intensity = 83.0; #Success = 0; #Failed = 36; #Dropped = 116
Target Time = 101.5; Load Intensity = 84.0; #Success = 0; #Failed = 0; #Dropped = 0
Target Time = 102.5; Load Intensity = 85.0; #Success = 0; #Failed = 1; #Dropped = 105
Target Time = 103.5; Load Intensity = 86.0; #Success = 0; #Failed = 0; #Dropped = 0
Target Time = 104.5; Load Intensity = 87.0; #Success = 0; #Failed = 0; #Dropped = 0
Target Time = 105.5; Load Intensity = 87.0; #Success = 0; #Failed = 0; #Dropped = 0
Target Time = 106.5; Load Intensity = 88.0; #Success = 0; #Failed = 0; #Dropped = 0
Target Time = 107.5; Load Intensity = 89.0; #Success = 0; #Failed = 7; #Dropped = 293
Target Time = 108.5; Load Intensity = 90.0; #Success = 0; #Failed = 15; #Dropped = 23
Target Time = 109.5; Load Intensity = 91.0; #Success = 0; #Failed = 6; #Dropped = 97
Target Time = 110.5; Load Intensity = 92.0; #Success = 0; #Failed = 6; #Dropped = 41
Target Time = 111.5; Load Intensity = 92.0; #Success = 0; #Failed = 0; #Dropped = 0
Target Time = 112.5; Load Intensity = 93.0; #Success = 0; #Failed = 0; #Dropped = 0
Target Time = 113.5; Load Intensity = 94.0; #Success = 0; #Failed = 0; #Dropped = 0
Target Time = 114.5; Load Intensity = 95.0; #Success = 0; #Failed = 0; #Dropped = 0
Target Time = 115.5; Load Intensity = 96.0; #Success = 0; #Failed = 0; #Dropped = 0
Target Time = 116.5; Load Intensity = 97.0; #Success = 0; #Failed = 0; #Dropped = 0
Target Time = 117.5; Load Intensity = 97.0; #Success = 0; #Failed = 1; #Dropped = 474
Target Time = 118.5; Load Intensity = 98.0; #Success = 0; #Failed = 1; #Dropped = 105
Target Time = 119.5; Load Intensity = 99.0; #Success = 0; #Failed = 1; #Dropped = 66
Target Time = 120.5; Load Intensity = 0.0; #Success = 0; #Failed = 3; #Dropped = 58
Target Time = 121.5; Load Intensity = 0.0; #Success = 0; #Failed = 3; #Dropped = 81
Target Time = 122.5; Load Intensity = 0.0; #Success = 0; #Failed = 7; #Dropped = 79
Target Time = 123.5; Load Intensity = 0.0; #Success = 0; #Failed = 1; #Dropped = 18
Target Time = 124.5; Load Intensity = 0.0; #Success = 0; #Failed = 6; #Dropped = 138
Target Time = 125.5; Load Intensity = 0.0; #Success = 0; #Failed = 1; #Dropped = 19
Target Time = 126.5; Load Intensity = 0.0; #Success = 0; #Failed = 5; #Dropped = 126
Target Time = 127.5; Load Intensity = 0.0; #Success = 0; #Failed = 20; #Dropped = 21
Target Time = 128.5; Load Intensity = 0.0; #Success = 0; #Failed = 0; #Dropped = 0
Target Time = 129.5; Load Intensity = 0.0; #Success = 0; #Failed = 0; #Dropped = 0
Target Time = 130.5; Load Intensity = 0.0; #Success = 4; #Failed = 0; #Dropped = 276
Target Time = 131.5; Load Intensity = 0.0; #Success = 0; #Failed = 0; #Dropped = 0
Target Time = 132.5; Load Intensity = 0.0; #Success = 0; #Failed = 0; #Dropped = 0
Target Time = 133.5; Load Intensity = 0.0; #Success = 0; #Failed = 0; #Dropped = 0
Target Time = 134.5; Load Intensity = 0.0; #Success = 0; #Failed = 5; #Dropped = 316
Target Time = 135.5; Load Intensity = 0.0; #Success = 0; #Failed = 0; #Dropped = 0
Target Time = 136.5; Load Intensity = 0.0; #Success = 0; #Failed = 1; #Dropped = 206
Target Time = 137.5; Load Intensity = 0.0; #Success = 0; #Failed = 2; #Dropped = 10
Target Time = 138.5; Load Intensity = 0.0; #Success = 0; #Failed = 5; #Dropped = 112
Target Time = 139.5; Load Intensity = 0.0; #Success = 5; #Failed = 0; #Dropped = 136
  └─ [nitro5:sd] end 02:59:17
  └─ [nitro5:cpu] end 02:59:18
Target Time = 140.5; Load Intensity = 0.0; #Success = 0; #Failed = 0; #Dropped = 0
  └─ [nitro5:ram] end 02:59:18
  └─ [nitro5:nic] end 02:59:18
Target Time = 141.5; Load Intensity = 0.0; #Success = 0; #Failed = 0; #Dropped = 0
Target Time = 142.5; Load Intensity = 0.0; #Success = 0; #Failed = 0; #Dropped = 0
Target Time = 143.5; Load Intensity = 0.0; #Success = 0; #Failed = 7; #Dropped = 343
Target Time = 144.5; Load Intensity = 0.0; #Success = 0; #Failed = 14; #Dropped = 79
Target Time = 145.5; Load Intensity = 0.0; #Success = 0; #Failed = 0; #Dropped = 0
  └─ [leo:cpu] end 02:59:23
  └─ [leo:sd] end 02:59:23
Target Time = 146.5; Load Intensity = 0.0; #Success = 0; #Failed = 0; #Dropped = 0
  └─ [leo:nic] end 02:59:24
Target Time = 147.5; Load Intensity = 0.0; #Success = 1; #Failed = 0; #Dropped = 268
  └─ [leo:ram] end 02:59:25
  └─ [scorpius:cpu] end 02:59:25
Target Time = 148.5; Load Intensity = 0.0; #Success = 1; #Failed = 17; #Dropped = 119
  └─ [scorpius:nic] end 02:59:26
Target Time = 149.5; Load Intensity = 0.0; #Success = 0; #Failed = 11; #Dropped = 56
  └─ [scorpius:sd] end 02:59:27
Target Time = 150.5; Load Intensity = 0.0; #Success = 0; #Failed = 5; #Dropped = 36
  └─ [scorpius:ram] end 02:59:28
Target Time = 151.5; Load Intensity = 0.0; #Success = 0; #Failed = 1; #Dropped = 0
Target Time = 152.5; Load Intensity = 0.0; #Success = 1; #Failed = 0; #Dropped = 0
Target Time = 153.5; Load Intensity = 0.0; #Success = 0; #Failed = 0; #Dropped = 0
Target Time = 154.5; Load Intensity = 0.0; #Success = 0; #Failed = 0; #Dropped = 0
Target Time = 155.5; Load Intensity = 0.0; #Success = 0; #Failed = 0; #Dropped = 0
Target Time = 156.5; Load Intensity = 0.0; #Success = 0; #Failed = 1; #Dropped = 0
Target Time = 157.5; Load Intensity = 0.0; #Success = 2; #Failed = 2; #Dropped = 0
Target Time = 158.5; Load Intensity = 0.0; #Success = 0; #Failed = 3; #Dropped = 0
Target Time = 159.5; Load Intensity = 0.0; #Success = 0; #Failed = 17; #Dropped = 0
Target Time = 160.5; Load Intensity = 0.0; #Success = 0; #Failed = 6; #Dropped = 0
Target Time = 161.5; Load Intensity = 0.0; #Success = 0; #Failed = 0; #Dropped = 0
Target Time = 162.5; Load Intensity = 0.0; #Success = 0; #Failed = 6; #Dropped = 0
Target Time = 163.5; Load Intensity = 0.0; #Success = 0; #Failed = 0; #Dropped = 0
Target Time = 164.5; Load Intensity = 0.0; #Success = 0; #Failed = 0; #Dropped = 0
Target Time = 165.5; Load Intensity = 0.0; #Success = 0; #Failed = 0; #Dropped = 0
  └─ [aspire:nic] end 02:59:43
Target Time = 166.5; Load Intensity = 0.0; #Success = 0; #Failed = 0; #Dropped = 0
Target Time = 167.5; Load Intensity = 0.0; #Success = 0; #Failed = 0; #Dropped = 0
Target Time = 168.5; Load Intensity = 0.0; #Success = 0; #Failed = 0; #Dropped = 0
Target Time = 169.5; Load Intensity = 0.0; #Success = 4; #Failed = 0; #Dropped = 0
Target Time = 170.5; Load Intensity = 0.0; #Success = 0; #Failed = 0; #Dropped = 0
Target Time = 171.5; Load Intensity = 0.0; #Success = 0; #Failed = 0; #Dropped = 0
Target Time = 172.5; Load Intensity = 0.0; #Success = 0; #Failed = 0; #Dropped = 0
Target Time = 173.5; Load Intensity = 0.0; #Success = 0; #Failed = 0; #Dropped = 0
Target Time = 174.5; Load Intensity = 0.0; #Success = 0; #Failed = 0; #Dropped = 0
Target Time = 175.5; Load Intensity = 0.0; #Success = 0; #Failed = 0; #Dropped = 0
  └─ [aspire:cpu] end 02:59:53
Target Time = 176.5; Load Intensity = 0.0; #Success = 0; #Failed = 0; #Dropped = 0
  └─ [aspire:sd] end 02:59:54
  └─ [aspire:ram] end 02:59:54
=== Bloque 140s terminado - Fase: fase3_carga_low_iter7 ===
[🧹] Limpiando CSVs internos de ecofloc en cada nodo (fase: fase3_carga_low_iter7)...
  ✔ [nitro5:cpu] limpiado /home/luish/Documents/p3/ecofloc2/ecofloc/ecofloc-cpu/ECOFLOC_CPU_COMM_text.csv
  ✔ [nitro5:nic] limpiado /home/luish/Documents/p3/ecofloc2/ecofloc/ecofloc-nic/ECOFLOC_NIC_COMM_text.csv
  ✔ [nitro5:ram] limpiado /home/luish/Documents/p3/ecofloc2/ecofloc/ecofloc-ram/ECOFLOC_RAM_COMM_text.csv
  ✔ [nitro5:sd] limpiado /home/luish/Documents/p3/ecofloc2/ecofloc/ecofloc-sd/ECOFLOC_SD_COMM_text.csv
Target Time = 177.5; Load Intensity = 0.0; #Success = 0; #Failed = 0; #Dropped = 0
  ✔ [leo:cpu] limpiado /home/leo/ecofloc/ecofloc-cpu/ECOFLOC_CPU_COMM_text.csv
Target Time = 178.5; Load Intensity = 0.0; #Success = 11; #Failed = 0; #Dropped = 0
Target Time = 179.5; Load Intensity = 0.0; #Success = 5; #Failed = 0; #Dropped = 0
  ✔ [leo:nic] limpiado /home/leo/ecofloc/ecofloc-nic/ECOFLOC_NIC_COMM_text.csv
  ✔ [leo:ram] limpiado /home/leo/ecofloc/ecofloc-ram/ECOFLOC_RAM_COMM_text.csv
  ✔ [leo:sd] limpiado /home/leo/ecofloc/ecofloc-sd/ECOFLOC_SD_COMM_text.csv
  ✔ [aspire:cpu] limpiado /home/luish/Documents/p3/ecofloc2/ecofloc/ecofloc-cpu/ECOFLOC_CPU_COMM_text.csv
  ✔ [aspire:nic] limpiado /home/luish/Documents/p3/ecofloc2/ecofloc/ecofloc-nic/ECOFLOC_NIC_COMM_text.csv
Workload finished.
Log finished.
📄 LIMBO finalizado para scenario=low
⏳ [03:00:02] Esperando que termine medición: fase3_carga_low_iter7 (PID: 546275)
  ✔ [aspire:ram] limpiado /home/luish/Documents/p3/ecofloc2/ecofloc/ecofloc-ram/ECOFLOC_RAM_COMM_text.csv
  ✔ [aspire:sd] limpiado /home/luish/Documents/p3/ecofloc2/ecofloc/ecofloc-sd/ECOFLOC_SD_COMM_text.csv
  ✔ [scorpius:cpu] limpiado /home/scorpius03/Documents/ecofloc/ecofloc-cpu/ECOFLOC_CPU_COMM_text.csv
  ✔ [scorpius:nic] limpiado /home/scorpius03/Documents/ecofloc/ecofloc-nic/ECOFLOC_NIC_COMM_text.csv
  ✔ [scorpius:ram] limpiado /home/scorpius03/Documents/ecofloc/ecofloc-ram/ECOFLOC_RAM_COMM_text.csv
  ✔ [scorpius:sd] limpiado /home/scorpius03/Documents/ecofloc/ecofloc-sd/ECOFLOC_SD_COMM_text.csv
========================================
🔋 MEASURE ENERGY FINALIZADO
   Fase: fase3_carga_low_iter7
========================================
✔️ [03:00:03] Medición fase3_carga_low_iter7 completada
[📦] Archivando resultados → ./historyexecutions/exp(03:00:08)_fase3_low_iter7
[✔] Archivado: ./historyexecutions/exp(03:00:08)_fase3_low_iter7
🧹 Limpiando TeaStore (iter 7)...
⏸ Esperando 15s para limpieza completa...
✅ Iteración 7 / 20 del escenario low completada.

########################################################
🔄 ESCENARIO: low | ITERACIÓN: 8 / 20
   Hora: 03:00:56
########################################################
========================================
🔋 FASE 1: Descarga de imágenes (low, iter 8)
========================================
📋 Capturando PIDs (gepidstea.sh)...
📋 Capturando PIDs de contenedores (kpsnodos.sh)...
🔋 [03:01:14] Iniciando medición de energía: fase1_descarga_low_iter8 (25s)
   PID de medición: 914128
🚀 Desplegando TeaStore desde /home/luish/Documents/death/teastore/TeaStore/examples/kubernetes/teastore-energy-scheduler.yaml...
========================================
🔋 MEASURE ENERGY - Fase: fase1_descarga_low_iter8
   Duración: 25s
   PID: 914128
========================================
=== Medición bloque 25s - Fase: fase1_descarga_low_iter8 ===
[⏱ 03:01:14] Iniciando ecofloc en nitro5 por 25s (fase: fase1_descarga_low_iter8)
⏳ Esperando a que todos los pods de TeaStore estén Running y Ready...
  ├─ [nitro5:sd] start 03:01:14
  ├─ [nitro5:ram] start 03:01:15
  ├─ [nitro5:nic] start 03:01:15
[⏱ 03:01:15] Iniciando ecofloc en aspire por 25s (fase: fase1_descarga_low_iter8)
  ├─ [nitro5:cpu] start 03:01:15
  ├─ [aspire:sd] start 03:01:15
  ├─ [aspire:ram] start 03:01:15
[⏱ 03:01:15] Iniciando ecofloc en scorpius por 25s (fase: fase1_descarga_low_iter8)
  ├─ [aspire:nic] start 03:01:15
  ├─ [aspire:cpu] start 03:01:15
  ├─ [scorpius:sd] start 03:01:15
  ├─ [scorpius:ram] start 03:01:15
[⏱ 03:01:15] Iniciando ecofloc en leo por 25s (fase: fase1_descarga_low_iter8)
  ├─ [scorpius:nic] start 03:01:15
  ├─ [scorpius:cpu] start 03:01:15
  ├─ [leo:sd] start 03:01:15
  ├─ [leo:nic] start 03:01:15
  ├─ [leo:ram] start 03:01:15
  ├─ [leo:cpu] start 03:01:15
✅ Pods listos.
⏳ [03:01:17] Esperando que termine medición: fase1_descarga_low_iter8 (PID: 914128)
  └─ [nitro5:sd] end 03:01:39
  └─ [nitro5:ram] end 03:01:40
  └─ [nitro5:nic] end 03:01:40
  └─ [nitro5:cpu] end 03:01:40
  └─ [scorpius:sd] end 03:01:41
  └─ [aspire:cpu] end 03:01:41
  └─ [aspire:sd] end 03:01:41
  └─ [leo:cpu] end 03:01:42
  └─ [leo:sd] end 03:01:42
  └─ [scorpius:cpu] end 03:01:42
  └─ [aspire:nic] end 03:01:42
  └─ [aspire:ram] end 03:01:42
  └─ [leo:nic] end 03:01:42
  └─ [leo:ram] end 03:01:42
  └─ [scorpius:ram] end 03:01:42
  └─ [scorpius:nic] end 03:01:43
=== Bloque 25s terminado - Fase: fase1_descarga_low_iter8 ===
[🧹] Limpiando CSVs internos de ecofloc en cada nodo (fase: fase1_descarga_low_iter8)...
  ✔ [nitro5:cpu] limpiado /home/luish/Documents/p3/ecofloc2/ecofloc/ecofloc-cpu/ECOFLOC_CPU_COMM_text.csv
  ✔ [nitro5:nic] limpiado /home/luish/Documents/p3/ecofloc2/ecofloc/ecofloc-nic/ECOFLOC_NIC_COMM_text.csv
  ✔ [nitro5:ram] limpiado /home/luish/Documents/p3/ecofloc2/ecofloc/ecofloc-ram/ECOFLOC_RAM_COMM_text.csv
  ✔ [nitro5:sd] limpiado /home/luish/Documents/p3/ecofloc2/ecofloc/ecofloc-sd/ECOFLOC_SD_COMM_text.csv
  ✔ [leo:cpu] limpiado /home/leo/ecofloc/ecofloc-cpu/ECOFLOC_CPU_COMM_text.csv
  ✔ [leo:nic] limpiado /home/leo/ecofloc/ecofloc-nic/ECOFLOC_NIC_COMM_text.csv
  ✔ [leo:ram] limpiado /home/leo/ecofloc/ecofloc-ram/ECOFLOC_RAM_COMM_text.csv
  ✔ [leo:sd] limpiado /home/leo/ecofloc/ecofloc-sd/ECOFLOC_SD_COMM_text.csv
  ✔ [aspire:cpu] limpiado /home/luish/Documents/p3/ecofloc2/ecofloc/ecofloc-cpu/ECOFLOC_CPU_COMM_text.csv
  ✔ [aspire:nic] limpiado /home/luish/Documents/p3/ecofloc2/ecofloc/ecofloc-nic/ECOFLOC_NIC_COMM_text.csv
  ✔ [aspire:ram] limpiado /home/luish/Documents/p3/ecofloc2/ecofloc/ecofloc-ram/ECOFLOC_RAM_COMM_text.csv
  ✔ [aspire:sd] limpiado /home/luish/Documents/p3/ecofloc2/ecofloc/ecofloc-sd/ECOFLOC_SD_COMM_text.csv
  ✔ [scorpius:cpu] limpiado /home/scorpius03/Documents/ecofloc/ecofloc-cpu/ECOFLOC_CPU_COMM_text.csv
  ✔ [scorpius:nic] limpiado /home/scorpius03/Documents/ecofloc/ecofloc-nic/ECOFLOC_NIC_COMM_text.csv
  ✔ [scorpius:ram] limpiado /home/scorpius03/Documents/ecofloc/ecofloc-ram/ECOFLOC_RAM_COMM_text.csv
  ✔ [scorpius:sd] limpiado /home/scorpius03/Documents/ecofloc/ecofloc-sd/ECOFLOC_SD_COMM_text.csv
========================================
🔋 MEASURE ENERGY FINALIZADO
   Fase: fase1_descarga_low_iter8
========================================
✔️ [03:01:46] Medición fase1_descarga_low_iter8 completada
[📦] Archivando resultados → ./historyexecutions/exp(03:01:51)_fase1_low_iter8
[✔] Archivado: ./historyexecutions/exp(03:01:51)_fase1_low_iter8
========================================
🔋 FASE 2: Preparación de servicios (low, iter 8)
========================================
📋 Capturando PIDs (gepidstea.sh)...
📋 Capturando PIDs de contenedores (kpsnodos.sh)...
🔋 [03:02:09] Iniciando medición de energía: fase2_preparacion_low_iter8 (50s)
   PID de medición: 979072
========================================
🔋 MEASURE ENERGY - Fase: fase2_preparacion_low_iter8
   Duración: 50s
   PID: 979072
========================================
=== Medición bloque 50s - Fase: fase2_preparacion_low_iter8 ===
[⏱ 03:02:09] Iniciando ecofloc en nitro5 por 50s (fase: fase2_preparacion_low_iter8)
⏳ Esperando 10s a que CoreDNS se estabilice...
  ├─ [nitro5:sd] start 03:02:09
  ├─ [nitro5:ram] start 03:02:10
  ├─ [nitro5:nic] start 03:02:10
[⏱ 03:02:10] Iniciando ecofloc en aspire por 50s (fase: fase2_preparacion_low_iter8)
  ├─ [nitro5:cpu] start 03:02:10
  ├─ [aspire:sd] start 03:02:10
  ├─ [aspire:ram] start 03:02:10
  ├─ [aspire:nic] start 03:02:10
[⏱ 03:02:10] Iniciando ecofloc en scorpius por 50s (fase: fase2_preparacion_low_iter8)
  ├─ [aspire:cpu] start 03:02:10
  ├─ [scorpius:sd] start 03:02:10
  ├─ [scorpius:ram] start 03:02:10
  ├─ [scorpius:nic] start 03:02:10
[⏱ 03:02:10] Iniciando ecofloc en leo por 50s (fase: fase2_preparacion_low_iter8)
  ├─ [scorpius:cpu] start 03:02:10
  ├─ [leo:sd] start 03:02:10
  ├─ [leo:ram] start 03:02:10
  ├─ [leo:nic] start 03:02:10
  ├─ [leo:cpu] start 03:02:10
➡️ Pod WebUI: teastore-webui-ff7768544-cg5z7
➡️ Está en el nodo: scorpius03
🌐 IP del nodo WebUI: 192.168.18.34
⏳ Verificando estado del TeaStore en http://192.168.18.34:30080/tools.descartes.teastore.webui/status ...
   ➤ Estado actual: 5 / 5 servicios OK
✔ TODOS los servicios del TeaStore están OK. Continuando...
⏳ [03:02:24] Esperando que termine medición: fase2_preparacion_low_iter8 (PID: 979072)
  └─ [nitro5:sd] end 03:02:59
  └─ [nitro5:ram] end 03:03:00
  └─ [nitro5:nic] end 03:03:00
  └─ [nitro5:cpu] end 03:03:00
  └─ [aspire:sd] end 03:03:02
  └─ [aspire:cpu] end 03:03:02
  └─ [scorpius:sd] end 03:03:02
  └─ [scorpius:cpu] end 03:03:02
  └─ [leo:sd] end 03:03:02
  └─ [leo:cpu] end 03:03:02
  └─ [leo:nic] end 03:03:03
  └─ [leo:ram] end 03:03:03
  └─ [aspire:nic] end 03:03:03
  └─ [scorpius:nic] end 03:03:03
  └─ [aspire:ram] end 03:03:03
  └─ [scorpius:ram] end 03:03:03
=== Bloque 50s terminado - Fase: fase2_preparacion_low_iter8 ===
[🧹] Limpiando CSVs internos de ecofloc en cada nodo (fase: fase2_preparacion_low_iter8)...
  ✔ [nitro5:cpu] limpiado /home/luish/Documents/p3/ecofloc2/ecofloc/ecofloc-cpu/ECOFLOC_CPU_COMM_text.csv
  ✔ [nitro5:nic] limpiado /home/luish/Documents/p3/ecofloc2/ecofloc/ecofloc-nic/ECOFLOC_NIC_COMM_text.csv
  ✔ [nitro5:ram] limpiado /home/luish/Documents/p3/ecofloc2/ecofloc/ecofloc-ram/ECOFLOC_RAM_COMM_text.csv
  ✔ [nitro5:sd] limpiado /home/luish/Documents/p3/ecofloc2/ecofloc/ecofloc-sd/ECOFLOC_SD_COMM_text.csv
  ✔ [leo:cpu] limpiado /home/leo/ecofloc/ecofloc-cpu/ECOFLOC_CPU_COMM_text.csv
  ✔ [leo:nic] limpiado /home/leo/ecofloc/ecofloc-nic/ECOFLOC_NIC_COMM_text.csv
  ✔ [leo:ram] limpiado /home/leo/ecofloc/ecofloc-ram/ECOFLOC_RAM_COMM_text.csv
  ✔ [leo:sd] limpiado /home/leo/ecofloc/ecofloc-sd/ECOFLOC_SD_COMM_text.csv
  ✔ [aspire:cpu] limpiado /home/luish/Documents/p3/ecofloc2/ecofloc/ecofloc-cpu/ECOFLOC_CPU_COMM_text.csv
  ✔ [aspire:nic] limpiado /home/luish/Documents/p3/ecofloc2/ecofloc/ecofloc-nic/ECOFLOC_NIC_COMM_text.csv
  ✔ [aspire:ram] limpiado /home/luish/Documents/p3/ecofloc2/ecofloc/ecofloc-ram/ECOFLOC_RAM_COMM_text.csv
  ✔ [aspire:sd] limpiado /home/luish/Documents/p3/ecofloc2/ecofloc/ecofloc-sd/ECOFLOC_SD_COMM_text.csv
  ✔ [scorpius:cpu] limpiado /home/scorpius03/Documents/ecofloc/ecofloc-cpu/ECOFLOC_CPU_COMM_text.csv
  ✔ [scorpius:nic] limpiado /home/scorpius03/Documents/ecofloc/ecofloc-nic/ECOFLOC_NIC_COMM_text.csv
  ✔ [scorpius:ram] limpiado /home/scorpius03/Documents/ecofloc/ecofloc-ram/ECOFLOC_RAM_COMM_text.csv
  ✔ [scorpius:sd] limpiado /home/scorpius03/Documents/ecofloc/ecofloc-sd/ECOFLOC_SD_COMM_text.csv
========================================
🔋 MEASURE ENERGY FINALIZADO
   Fase: fase2_preparacion_low_iter8
========================================
✔️ [03:03:07] Medición fase2_preparacion_low_iter8 completada
[📦] Archivando resultados → ./historyexecutions/exp(03:03:12)_fase2_low_iter8
[✔] Archivado: ./historyexecutions/exp(03:03:12)_fase2_low_iter8
========================================
🔋 FASE 3: Ejecución de carga (low, iter 8)
========================================
📋 Capturando PIDs (gepidstea.sh)...
📋 Capturando PIDs de contenedores (kpsnodos.sh)...
🔋 [03:03:31] Iniciando medición de energía: fase3_carga_low_iter8 (140s)
   PID de medición: 1111790
=== Escenario low (iter 8) ===
========================================
🔋 MEASURE ENERGY - Fase: fase3_carga_low_iter8
   Duración: 140s
   PID: 1111790
========================================
=== Medición bloque 140s - Fase: fase3_carga_low_iter8 ===
🚀 Iniciando LIMBO con profile=/home/luish/Documents/death/teastore/TeaStore/examples/httploadgenerator/increasingLowIntensity.csv y script=/home/luish/Documents/death/teastore/TeaStore/examples/httploadgenerator/teastore_buy.lua
[⏱ 03:03:31] Iniciando ecofloc en nitro5 por 140s (fase: fase3_carga_low_iter8)
Mar 06, 2026 3:03:31 AM tools.descartes.dlim.httploadgenerator.runner.Director executeDirector
WARNING: No power measurements
Mar 06, 2026 3:03:31 AM tools.descartes.dlim.httploadgenerator.runner.Director executeDirector
INFO: Load Generator Thread Count set to 64
Mar 06, 2026 3:03:31 AM tools.descartes.dlim.httploadgenerator.runner.Director executeDirector
INFO: URL connection timout set to 30000 ms
Mar 06, 2026 3:03:31 AM tools.descartes.dlim.httploadgenerator.runner.Director executeDirector
INFO: Using Lua Script: /home/luish/Documents/death/teastore/TeaStore/examples/httploadgenerator/teastore_buy.lua
Mar 06, 2026 3:03:31 AM tools.descartes.dlim.httploadgenerator.runner.Director process
INFO: Read 120 Arrival Rate Tuples
Load Generator sent: ok
Mar 06, 2026 3:03:31 AM tools.descartes.dlim.httploadgenerator.runner.Director process
INFO: Arrival Rates sent to Load Generator(s).
Load Generator sent: ok
Mar 06, 2026 3:03:31 AM tools.descartes.dlim.httploadgenerator.runner.Director process
INFO: Thread Count sent to Load Generator(s): 64
Load Generator sent: ok
Mar 06, 2026 3:03:31 AM tools.descartes.dlim.httploadgenerator.runner.Director process
INFO: URL connection timeout sent to Load Generator(s): 30000
Load Generator sent: ok
Mar 06, 2026 3:03:31 AM tools.descartes.dlim.httploadgenerator.runner.Director process
INFO: Contents of script sent to Load Generator: /home/luish/Documents/death/teastore/TeaStore/examples/httploadgenerator/teastore_buy.lua
Mar 06, 2026 3:03:31 AM tools.descartes.dlim.httploadgenerator.runner.Director process
INFO: Starting Load Generation
Beginning Run @1772784211264(06.03.2026;03:03:31264)
Target Time = 0.5; Load Intensity = 0.0; #Success = 0; #Failed = 0; #Dropped = 0
  ├─ [nitro5:sd] start 03:03:31
  ├─ [nitro5:ram] start 03:03:31
  ├─ [nitro5:nic] start 03:03:32
[⏱ 03:03:32] Iniciando ecofloc en aspire por 140s (fase: fase3_carga_low_iter8)
  ├─ [nitro5:cpu] start 03:03:32
  ├─ [aspire:sd] start 03:03:32
  ├─ [aspire:ram] start 03:03:32
  ├─ [aspire:nic] start 03:03:32
[⏱ 03:03:32] Iniciando ecofloc en scorpius por 140s (fase: fase3_carga_low_iter8)
  ├─ [aspire:cpu] start 03:03:32
  ├─ [scorpius:sd] start 03:03:32
  ├─ [scorpius:ram] start 03:03:32
  ├─ [scorpius:nic] start 03:03:32
[⏱ 03:03:32] Iniciando ecofloc en leo por 140s (fase: fase3_carga_low_iter8)
  ├─ [scorpius:cpu] start 03:03:32
  ├─ [leo:sd] start 03:03:32
  ├─ [leo:nic] start 03:03:32
  ├─ [leo:ram] start 03:03:32
  ├─ [leo:cpu] start 03:03:32
Target Time = 1.5; Load Intensity = 1.0; #Success = 0; #Failed = 0; #Dropped = 0
Target Time = 2.5; Load Intensity = 2.0; #Success = 0; #Failed = 0; #Dropped = 0
Target Time = 3.5; Load Intensity = 2.0; #Success = 0; #Failed = 0; #Dropped = 0
Target Time = 4.5; Load Intensity = 3.0; #Success = 8; #Failed = 0; #Dropped = 0
Target Time = 5.5; Load Intensity = 4.0; #Success = 4; #Failed = 0; #Dropped = 0
Target Time = 6.5; Load Intensity = 5.0; #Success = 5; #Failed = 0; #Dropped = 0
Target Time = 7.5; Load Intensity = 6.0; #Success = 6; #Failed = 0; #Dropped = 0
Target Time = 8.5; Load Intensity = 7.0; #Success = 7; #Failed = 0; #Dropped = 0
Target Time = 9.5; Load Intensity = 7.0; #Success = 7; #Failed = 0; #Dropped = 0
Target Time = 10.5; Load Intensity = 8.0; #Success = 7; #Failed = 0; #Dropped = 0
Target Time = 11.5; Load Intensity = 9.0; #Success = 9; #Failed = 0; #Dropped = 0
Target Time = 12.5; Load Intensity = 10.0; #Success = 10; #Failed = 0; #Dropped = 0
Target Time = 13.5; Load Intensity = 11.0; #Success = 0; #Failed = 0; #Dropped = 0
Target Time = 14.5; Load Intensity = 12.0; #Success = 1; #Failed = 0; #Dropped = 0
Target Time = 15.5; Load Intensity = 12.0; #Success = 5; #Failed = 0; #Dropped = 0
Target Time = 16.5; Load Intensity = 13.0; #Success = 28; #Failed = 0; #Dropped = 0
Target Time = 17.5; Load Intensity = 14.0; #Success = 16; #Failed = 0; #Dropped = 0
Target Time = 18.5; Load Intensity = 15.0; #Success = 3; #Failed = 0; #Dropped = 0
Target Time = 19.5; Load Intensity = 16.0; #Success = 4; #Failed = 0; #Dropped = 0
Target Time = 20.5; Load Intensity = 17.0; #Success = 5; #Failed = 0; #Dropped = 0
Target Time = 21.5; Load Intensity = 17.0; #Success = 3; #Failed = 0; #Dropped = 0
Target Time = 22.5; Load Intensity = 18.0; #Success = 0; #Failed = 0; #Dropped = 0
Target Time = 23.5; Load Intensity = 19.0; #Success = 0; #Failed = 0; #Dropped = 0
Target Time = 24.5; Load Intensity = 20.0; #Success = 0; #Failed = 0; #Dropped = 0
Target Time = 25.5; Load Intensity = 21.0; #Success = 0; #Failed = 0; #Dropped = 0
Target Time = 26.5; Load Intensity = 22.0; #Success = 3; #Failed = 0; #Dropped = 0
Target Time = 27.5; Load Intensity = 22.0; #Success = 3; #Failed = 0; #Dropped = 0
Target Time = 28.5; Load Intensity = 23.0; #Success = 4; #Failed = 1; #Dropped = 0
Target Time = 29.5; Load Intensity = 24.0; #Success = 0; #Failed = 5; #Dropped = 0
Target Time = 30.5; Load Intensity = 25.0; #Success = 0; #Failed = 5; #Dropped = 0
Target Time = 31.5; Load Intensity = 26.0; #Success = 0; #Failed = 7; #Dropped = 0
Target Time = 32.5; Load Intensity = 27.0; #Success = 0; #Failed = 6; #Dropped = 0
Target Time = 33.5; Load Intensity = 27.0; #Success = 0; #Failed = 1; #Dropped = 0
Target Time = 34.5; Load Intensity = 28.0; #Success = 0; #Failed = 0; #Dropped = 0
Target Time = 35.5; Load Intensity = 29.0; #Success = 0; #Failed = 0; #Dropped = 0
Target Time = 36.5; Load Intensity = 30.0; #Success = 0; #Failed = 8; #Dropped = 0
Target Time = 37.5; Load Intensity = 31.0; #Success = 0; #Failed = 0; #Dropped = 0
Target Time = 38.5; Load Intensity = 32.0; #Success = 0; #Failed = 4; #Dropped = 0
Target Time = 39.5; Load Intensity = 32.0; #Success = 0; #Failed = 1; #Dropped = 0
Target Time = 40.5; Load Intensity = 33.0; #Success = 0; #Failed = 5; #Dropped = 0
Target Time = 41.5; Load Intensity = 34.0; #Success = 5; #Failed = 0; #Dropped = 0
Target Time = 42.5; Load Intensity = 35.0; #Success = 0; #Failed = 3; #Dropped = 0
Target Time = 43.5; Load Intensity = 36.0; #Success = 0; #Failed = 5; #Dropped = 0
Target Time = 44.5; Load Intensity = 37.0; #Success = 1; #Failed = 4; #Dropped = 0
Target Time = 45.5; Load Intensity = 37.0; #Success = 4; #Failed = 0; #Dropped = 0
Target Time = 46.5; Load Intensity = 38.0; #Success = 6; #Failed = 1; #Dropped = 0
Target Time = 47.5; Load Intensity = 39.0; #Success = 2; #Failed = 1; #Dropped = 0
Target Time = 48.5; Load Intensity = 40.0; #Success = 2; #Failed = 4; #Dropped = 0
Target Time = 49.5; Load Intensity = 41.0; #Success = 5; #Failed = 1; #Dropped = 0
Target Time = 50.5; Load Intensity = 42.0; #Success = 2; #Failed = 5; #Dropped = 0
Target Time = 51.5; Load Intensity = 42.0; #Success = 0; #Failed = 4; #Dropped = 0
Target Time = 52.5; Load Intensity = 43.0; #Success = 0; #Failed = 4; #Dropped = 0
Target Time = 53.5; Load Intensity = 44.0; #Success = 0; #Failed = 4; #Dropped = 0
Target Time = 54.5; Load Intensity = 45.0; #Success = 0; #Failed = 5; #Dropped = 0
Target Time = 55.5; Load Intensity = 46.0; #Success = 0; #Failed = 5; #Dropped = 0
Target Time = 56.5; Load Intensity = 47.0; #Success = 2; #Failed = 5; #Dropped = 0
Target Time = 57.5; Load Intensity = 47.0; #Success = 1; #Failed = 4; #Dropped = 0
Target Time = 58.5; Load Intensity = 48.0; #Success = 4; #Failed = 0; #Dropped = 0
Target Time = 59.5; Load Intensity = 49.0; #Success = 0; #Failed = 3; #Dropped = 19
Target Time = 60.5; Load Intensity = 50.0; #Success = 0; #Failed = 3; #Dropped = 26
Target Time = 61.5; Load Intensity = 51.0; #Success = 0; #Failed = 7; #Dropped = 18
Target Time = 62.5; Load Intensity = 52.0; #Success = 0; #Failed = 3; #Dropped = 9
Target Time = 63.5; Load Intensity = 52.0; #Success = 0; #Failed = 3; #Dropped = 22
Target Time = 64.5; Load Intensity = 53.0; #Success = 0; #Failed = 6; #Dropped = 36
Target Time = 65.5; Load Intensity = 54.0; #Success = 0; #Failed = 1; #Dropped = 7
Target Time = 66.5; Load Intensity = 55.0; #Success = 0; #Failed = 0; #Dropped = 0
Target Time = 67.5; Load Intensity = 56.0; #Success = 1; #Failed = 1; #Dropped = 76
Target Time = 68.5; Load Intensity = 57.0; #Success = 1; #Failed = 3; #Dropped = 34
Target Time = 69.5; Load Intensity = 57.0; #Success = 0; #Failed = 22; #Dropped = 10
Target Time = 70.5; Load Intensity = 58.0; #Success = 0; #Failed = 1; #Dropped = 23
Target Time = 71.5; Load Intensity = 59.0; #Success = 1; #Failed = 7; #Dropped = 36
Target Time = 72.5; Load Intensity = 60.0; #Success = 1; #Failed = 5; #Dropped = 30
Target Time = 73.5; Load Intensity = 61.0; #Success = 1; #Failed = 5; #Dropped = 27
Target Time = 74.5; Load Intensity = 62.0; #Success = 0; #Failed = 5; #Dropped = 30
Target Time = 75.5; Load Intensity = 62.0; #Success = 1; #Failed = 3; #Dropped = 34
Target Time = 76.5; Load Intensity = 63.0; #Success = 0; #Failed = 4; #Dropped = 30
Target Time = 77.5; Load Intensity = 64.0; #Success = 0; #Failed = 1; #Dropped = 40
Target Time = 78.5; Load Intensity = 65.0; #Success = 0; #Failed = 3; #Dropped = 21
Target Time = 79.5; Load Intensity = 66.0; #Success = 0; #Failed = 0; #Dropped = 0
Target Time = 80.5; Load Intensity = 67.0; #Success = 0; #Failed = 4; #Dropped = 88
Target Time = 81.5; Load Intensity = 67.0; #Success = 0; #Failed = 1; #Dropped = 23
Target Time = 82.5; Load Intensity = 68.0; #Success = 0; #Failed = 4; #Dropped = 68
Target Time = 83.5; Load Intensity = 69.0; #Success = 0; #Failed = 5; #Dropped = 29
Target Time = 84.5; Load Intensity = 70.0; #Success = 0; #Failed = 6; #Dropped = 42
Target Time = 85.5; Load Intensity = 71.0; #Success = 0; #Failed = 6; #Dropped = 24
Target Time = 86.5; Load Intensity = 72.0; #Success = 2; #Failed = 2; #Dropped = 68
Target Time = 87.5; Load Intensity = 72.0; #Success = 1; #Failed = 8; #Dropped = 31
Target Time = 88.5; Load Intensity = 73.0; #Success = 1; #Failed = 11; #Dropped = 44
Target Time = 89.5; Load Intensity = 74.0; #Success = 1; #Failed = 1; #Dropped = 43
Target Time = 90.5; Load Intensity = 75.0; #Success = 3; #Failed = 0; #Dropped = 44
Target Time = 91.5; Load Intensity = 76.0; #Success = 3; #Failed = 1; #Dropped = 44
Target Time = 92.5; Load Intensity = 77.0; #Success = 2; #Failed = 0; #Dropped = 58
Target Time = 93.5; Load Intensity = 77.0; #Success = 1; #Failed = 3; #Dropped = 49
Target Time = 94.5; Load Intensity = 78.0; #Success = 4; #Failed = 1; #Dropped = 40
Target Time = 95.5; Load Intensity = 79.0; #Success = 2; #Failed = 2; #Dropped = 65
Target Time = 96.5; Load Intensity = 80.0; #Success = 0; #Failed = 3; #Dropped = 34
Target Time = 97.5; Load Intensity = 81.0; #Success = 0; #Failed = 5; #Dropped = 62
Target Time = 98.5; Load Intensity = 82.0; #Success = 6; #Failed = 1; #Dropped = 53
Target Time = 99.5; Load Intensity = 82.0; #Success = 2; #Failed = 1; #Dropped = 49
Target Time = 100.5; Load Intensity = 83.0; #Success = 1; #Failed = 5; #Dropped = 52
Target Time = 101.5; Load Intensity = 84.0; #Success = 0; #Failed = 2; #Dropped = 44
Target Time = 102.5; Load Intensity = 85.0; #Success = 1; #Failed = 5; #Dropped = 71
Target Time = 103.5; Load Intensity = 86.0; #Success = 0; #Failed = 2; #Dropped = 42
Target Time = 104.5; Load Intensity = 87.0; #Success = 1; #Failed = 4; #Dropped = 71
Target Time = 105.5; Load Intensity = 87.0; #Success = 0; #Failed = 4; #Dropped = 57
Target Time = 106.5; Load Intensity = 88.0; #Success = 0; #Failed = 4; #Dropped = 43
Target Time = 107.5; Load Intensity = 89.0; #Success = 0; #Failed = 2; #Dropped = 60
Target Time = 108.5; Load Intensity = 90.0; #Success = 2; #Failed = 0; #Dropped = 34
Target Time = 109.5; Load Intensity = 91.0; #Success = 0; #Failed = 0; #Dropped = 0
Target Time = 110.5; Load Intensity = 92.0; #Success = 2; #Failed = 1; #Dropped = 167
Target Time = 111.5; Load Intensity = 92.0; #Success = 0; #Failed = 6; #Dropped = 57
Target Time = 112.5; Load Intensity = 93.0; #Success = 1; #Failed = 5; #Dropped = 75
Target Time = 113.5; Load Intensity = 94.0; #Success = 3; #Failed = 2; #Dropped = 71
Target Time = 114.5; Load Intensity = 95.0; #Success = 1; #Failed = 1; #Dropped = 41
Target Time = 115.5; Load Intensity = 96.0; #Success = 0; #Failed = 0; #Dropped = 0
Target Time = 116.5; Load Intensity = 97.0; #Success = 0; #Failed = 0; #Dropped = 0
Target Time = 117.5; Load Intensity = 97.0; #Success = 2; #Failed = 1; #Dropped = 231
Target Time = 118.5; Load Intensity = 98.0; #Success = 4; #Failed = 0; #Dropped = 65
Target Time = 119.5; Load Intensity = 99.0; #Success = 2; #Failed = 0; #Dropped = 7
Target Time = 120.5; Load Intensity = 0.0; #Success = 0; #Failed = 2; #Dropped = 73
Target Time = 121.5; Load Intensity = 0.0; #Success = 0; #Failed = 0; #Dropped = 0
Target Time = 122.5; Load Intensity = 0.0; #Success = 1; #Failed = 2; #Dropped = 221
Target Time = 123.5; Load Intensity = 0.0; #Success = 0; #Failed = 2; #Dropped = 74
Target Time = 124.5; Load Intensity = 0.0; #Success = 0; #Failed = 0; #Dropped = 0
Target Time = 125.5; Load Intensity = 0.0; #Success = 0; #Failed = 1; #Dropped = 108
Target Time = 126.5; Load Intensity = 0.0; #Success = 1; #Failed = 0; #Dropped = 116
Target Time = 127.5; Load Intensity = 0.0; #Success = 1; #Failed = 3; #Dropped = 91
Target Time = 128.5; Load Intensity = 0.0; #Success = 4; #Failed = 0; #Dropped = 67
Target Time = 129.5; Load Intensity = 0.0; #Success = 6; #Failed = 1; #Dropped = 85
Target Time = 130.5; Load Intensity = 0.0; #Success = 0; #Failed = 0; #Dropped = 0
Target Time = 131.5; Load Intensity = 0.0; #Success = 1; #Failed = 5; #Dropped = 153
Target Time = 132.5; Load Intensity = 0.0; #Success = 1; #Failed = 0; #Dropped = 72
Target Time = 133.5; Load Intensity = 0.0; #Success = 0; #Failed = 0; #Dropped = 0
Target Time = 134.5; Load Intensity = 0.0; #Success = 3; #Failed = 2; #Dropped = 187
Target Time = 135.5; Load Intensity = 0.0; #Success = 3; #Failed = 5; #Dropped = 72
Target Time = 136.5; Load Intensity = 0.0; #Success = 0; #Failed = 1; #Dropped = 73
Target Time = 137.5; Load Intensity = 0.0; #Success = 0; #Failed = 12; #Dropped = 96
Target Time = 138.5; Load Intensity = 0.0; #Success = 1; #Failed = 15; #Dropped = 83
Target Time = 139.5; Load Intensity = 0.0; #Success = 0; #Failed = 14; #Dropped = 73
  └─ [nitro5:sd] end 03:05:51
Target Time = 140.5; Load Intensity = 0.0; #Success = 0; #Failed = 1; #Dropped = 33
  └─ [nitro5:ram] end 03:05:51
  └─ [nitro5:nic] end 03:05:52
  └─ [nitro5:cpu] end 03:05:52
Target Time = 141.5; Load Intensity = 0.0; #Success = 0; #Failed = 0; #Dropped = 0
Target Time = 142.5; Load Intensity = 0.0; #Success = 1; #Failed = 0; #Dropped = 173
Target Time = 143.5; Load Intensity = 0.0; #Success = 0; #Failed = 0; #Dropped = 0
  └─ [leo:sd] end 03:05:55
  └─ [leo:cpu] end 03:05:55
Target Time = 144.5; Load Intensity = 0.0; #Success = 0; #Failed = 10; #Dropped = 249
  └─ [leo:nic] end 03:05:56
Target Time = 145.5; Load Intensity = 0.0; #Success = 0; #Failed = 0; #Dropped = 0
  └─ [scorpius:cpu] end 03:05:57
Target Time = 146.5; Load Intensity = 0.0; #Success = 0; #Failed = 3; #Dropped = 165
  └─ [leo:ram] end 03:05:58
Target Time = 147.5; Load Intensity = 0.0; #Success = 0; #Failed = 3; #Dropped = 100
Target Time = 148.5; Load Intensity = 0.0; #Success = 0; #Failed = 1; #Dropped = 95
Target Time = 149.5; Load Intensity = 0.0; #Success = 0; #Failed = 6; #Dropped = 110
  └─ [scorpius:sd] end 03:06:00
Target Time = 150.5; Load Intensity = 0.0; #Success = 0; #Failed = 5; #Dropped = 2
Target Time = 151.5; Load Intensity = 0.0; #Success = 0; #Failed = 1; #Dropped = 0
Target Time = 152.5; Load Intensity = 0.0; #Success = 0; #Failed = 1; #Dropped = 0
Target Time = 153.5; Load Intensity = 0.0; #Success = 0; #Failed = 0; #Dropped = 0
Target Time = 154.5; Load Intensity = 0.0; #Success = 0; #Failed = 0; #Dropped = 0
Target Time = 155.5; Load Intensity = 0.0; #Success = 0; #Failed = 1; #Dropped = 0
Target Time = 156.5; Load Intensity = 0.0; #Success = 0; #Failed = 6; #Dropped = 0
Target Time = 157.5; Load Intensity = 0.0; #Success = 1; #Failed = 1; #Dropped = 0
Target Time = 158.5; Load Intensity = 0.0; #Success = 0; #Failed = 0; #Dropped = 0
Target Time = 159.5; Load Intensity = 0.0; #Success = 0; #Failed = 3; #Dropped = 0
Target Time = 160.5; Load Intensity = 0.0; #Success = 0; #Failed = 5; #Dropped = 0
Target Time = 161.5; Load Intensity = 0.0; #Success = 4; #Failed = 3; #Dropped = 0
Target Time = 162.5; Load Intensity = 0.0; #Success = 1; #Failed = 4; #Dropped = 0
Target Time = 163.5; Load Intensity = 0.0; #Success = 0; #Failed = 10; #Dropped = 0
  └─ [aspire:nic] end 03:06:15
Target Time = 164.5; Load Intensity = 0.0; #Success = 3; #Failed = 2; #Dropped = 0
Target Time = 165.5; Load Intensity = 0.0; #Success = 1; #Failed = 4; #Dropped = 0
  └─ [aspire:sd] end 03:06:17
  └─ [aspire:cpu] end 03:06:17
  └─ [aspire:ram] end 03:06:17
Target Time = 166.5; Load Intensity = 0.0; #Success = 0; #Failed = 1; #Dropped = 0
  └─ [scorpius:nic] end 03:06:17
Target Time = 167.5; Load Intensity = 0.0; #Success = 1; #Failed = 5; #Dropped = 0
  └─ [scorpius:ram] end 03:06:19
=== Bloque 140s terminado - Fase: fase3_carga_low_iter8 ===
[🧹] Limpiando CSVs internos de ecofloc en cada nodo (fase: fase3_carga_low_iter8)...
  ✔ [nitro5:cpu] limpiado /home/luish/Documents/p3/ecofloc2/ecofloc/ecofloc-cpu/ECOFLOC_CPU_COMM_text.csv
  ✔ [nitro5:nic] limpiado /home/luish/Documents/p3/ecofloc2/ecofloc/ecofloc-nic/ECOFLOC_NIC_COMM_text.csv
  ✔ [nitro5:ram] limpiado /home/luish/Documents/p3/ecofloc2/ecofloc/ecofloc-ram/ECOFLOC_RAM_COMM_text.csv
  ✔ [nitro5:sd] limpiado /home/luish/Documents/p3/ecofloc2/ecofloc/ecofloc-sd/ECOFLOC_SD_COMM_text.csv
Target Time = 168.5; Load Intensity = 0.0; #Success = 1; #Failed = 0; #Dropped = 0
  ✔ [leo:cpu] limpiado /home/leo/ecofloc/ecofloc-cpu/ECOFLOC_CPU_COMM_text.csv
  ✔ [leo:nic] limpiado /home/leo/ecofloc/ecofloc-nic/ECOFLOC_NIC_COMM_text.csv
  ✔ [leo:ram] limpiado /home/leo/ecofloc/ecofloc-ram/ECOFLOC_RAM_COMM_text.csv
  ✔ [leo:sd] limpiado /home/leo/ecofloc/ecofloc-sd/ECOFLOC_SD_COMM_text.csv
  ✔ [aspire:cpu] limpiado /home/luish/Documents/p3/ecofloc2/ecofloc/ecofloc-cpu/ECOFLOC_CPU_COMM_text.csv
  ✔ [aspire:nic] limpiado /home/luish/Documents/p3/ecofloc2/ecofloc/ecofloc-nic/ECOFLOC_NIC_COMM_text.csv
  ✔ [aspire:ram] limpiado /home/luish/Documents/p3/ecofloc2/ecofloc/ecofloc-ram/ECOFLOC_RAM_COMM_text.csv
  ✔ [aspire:sd] limpiado /home/luish/Documents/p3/ecofloc2/ecofloc/ecofloc-sd/ECOFLOC_SD_COMM_text.csv
  ✔ [scorpius:cpu] limpiado /home/scorpius03/Documents/ecofloc/ecofloc-cpu/ECOFLOC_CPU_COMM_text.csv
  ✔ [scorpius:nic] limpiado /home/scorpius03/Documents/ecofloc/ecofloc-nic/ECOFLOC_NIC_COMM_text.csv
  ✔ [scorpius:ram] limpiado /home/scorpius03/Documents/ecofloc/ecofloc-ram/ECOFLOC_RAM_COMM_text.csv
Workload finished.
Log finished.
📄 LIMBO finalizado para scenario=low
⏳ [03:06:24] Esperando que termine medición: fase3_carga_low_iter8 (PID: 1111790)
  ✔ [scorpius:sd] limpiado /home/scorpius03/Documents/ecofloc/ecofloc-sd/ECOFLOC_SD_COMM_text.csv
========================================
🔋 MEASURE ENERGY FINALIZADO
   Fase: fase3_carga_low_iter8
========================================
✔️ [03:06:25] Medición fase3_carga_low_iter8 completada
[📦] Archivando resultados → ./historyexecutions/exp(03:06:30)_fase3_low_iter8
[✔] Archivado: ./historyexecutions/exp(03:06:30)_fase3_low_iter8
🧹 Limpiando TeaStore (iter 8)...
⏸ Esperando 15s para limpieza completa...
✅ Iteración 8 / 20 del escenario low completada.

########################################################
🔄 ESCENARIO: low | ITERACIÓN: 9 / 20
   Hora: 03:07:21
########################################################
========================================
🔋 FASE 1: Descarga de imágenes (low, iter 9)
========================================
📋 Capturando PIDs (gepidstea.sh)...
📋 Capturando PIDs de contenedores (kpsnodos.sh)...
🔋 [03:07:41] Iniciando medición de energía: fase1_descarga_low_iter9 (25s)
   PID de medición: 1489057
🚀 Desplegando TeaStore desde /home/luish/Documents/death/teastore/TeaStore/examples/kubernetes/teastore-energy-scheduler.yaml...
========================================
🔋 MEASURE ENERGY - Fase: fase1_descarga_low_iter9
   Duración: 25s
   PID: 1489057
========================================
=== Medición bloque 25s - Fase: fase1_descarga_low_iter9 ===
[⏱ 03:07:41] Iniciando ecofloc en nitro5 por 25s (fase: fase1_descarga_low_iter9)
⏳ Esperando a que todos los pods de TeaStore estén Running y Ready...
  ├─ [nitro5:sd] start 03:07:42
  ├─ [nitro5:ram] start 03:07:42
  ├─ [nitro5:nic] start 03:07:42
[⏱ 03:07:43] Iniciando ecofloc en aspire por 25s (fase: fase1_descarga_low_iter9)
  ├─ [nitro5:cpu] start 03:07:43
  ├─ [aspire:sd] start 03:07:43
  ├─ [aspire:ram] start 03:07:43
  ├─ [aspire:nic] start 03:07:43
[⏱ 03:07:43] Iniciando ecofloc en scorpius por 25s (fase: fase1_descarga_low_iter9)
  ├─ [aspire:cpu] start 03:07:43
  ├─ [scorpius:sd] start 03:07:43
  ├─ [scorpius:ram] start 03:07:43
  ├─ [scorpius:nic] start 03:07:43
[⏱ 03:07:43] Iniciando ecofloc en leo por 25s (fase: fase1_descarga_low_iter9)
  ├─ [scorpius:cpu] start 03:07:43
  ├─ [leo:sd] start 03:07:43
  ├─ [leo:ram] start 03:07:43
  ├─ [leo:cpu] start 03:07:43
  ├─ [leo:nic] start 03:07:43
✅ Pods listos.
⏳ [03:07:44] Esperando que termine medición: fase1_descarga_low_iter9 (PID: 1489057)
  └─ [nitro5:sd] end 03:08:07
  └─ [nitro5:ram] end 03:08:07
  └─ [nitro5:nic] end 03:08:07
  └─ [nitro5:cpu] end 03:08:08
  └─ [aspire:cpu] end 03:08:09
  └─ [aspire:sd] end 03:08:09
  └─ [leo:cpu] end 03:08:09
  └─ [scorpius:sd] end 03:08:09
  └─ [leo:sd] end 03:08:09
  └─ [aspire:ram] end 03:08:09
  └─ [aspire:nic] end 03:08:10
  └─ [leo:ram] end 03:08:10
  └─ [scorpius:cpu] end 03:08:10
  └─ [scorpius:nic] end 03:08:10
  └─ [scorpius:ram] end 03:08:10
=== Bloque 25s terminado - Fase: fase1_descarga_low_iter9 ===
[🧹] Limpiando CSVs internos de ecofloc en cada nodo (fase: fase1_descarga_low_iter9)...
  ✔ [nitro5:cpu] limpiado /home/luish/Documents/p3/ecofloc2/ecofloc/ecofloc-cpu/ECOFLOC_CPU_COMM_text.csv
  ✔ [nitro5:nic] limpiado /home/luish/Documents/p3/ecofloc2/ecofloc/ecofloc-nic/ECOFLOC_NIC_COMM_text.csv
  ✔ [nitro5:ram] limpiado /home/luish/Documents/p3/ecofloc2/ecofloc/ecofloc-ram/ECOFLOC_RAM_COMM_text.csv
  ✔ [nitro5:sd] limpiado /home/luish/Documents/p3/ecofloc2/ecofloc/ecofloc-sd/ECOFLOC_SD_COMM_text.csv
  ✔ [leo:cpu] limpiado /home/leo/ecofloc/ecofloc-cpu/ECOFLOC_CPU_COMM_text.csv
  ✔ [leo:nic] limpiado /home/leo/ecofloc/ecofloc-nic/ECOFLOC_NIC_COMM_text.csv
  ✔ [leo:ram] limpiado /home/leo/ecofloc/ecofloc-ram/ECOFLOC_RAM_COMM_text.csv
  ✔ [leo:sd] limpiado /home/leo/ecofloc/ecofloc-sd/ECOFLOC_SD_COMM_text.csv
  ✔ [aspire:cpu] limpiado /home/luish/Documents/p3/ecofloc2/ecofloc/ecofloc-cpu/ECOFLOC_CPU_COMM_text.csv
  ✔ [aspire:nic] limpiado /home/luish/Documents/p3/ecofloc2/ecofloc/ecofloc-nic/ECOFLOC_NIC_COMM_text.csv
  ✔ [aspire:ram] limpiado /home/luish/Documents/p3/ecofloc2/ecofloc/ecofloc-ram/ECOFLOC_RAM_COMM_text.csv
  ✔ [aspire:sd] limpiado /home/luish/Documents/p3/ecofloc2/ecofloc/ecofloc-sd/ECOFLOC_SD_COMM_text.csv
  ✔ [scorpius:cpu] limpiado /home/scorpius03/Documents/ecofloc/ecofloc-cpu/ECOFLOC_CPU_COMM_text.csv
  ✔ [scorpius:nic] limpiado /home/scorpius03/Documents/ecofloc/ecofloc-nic/ECOFLOC_NIC_COMM_text.csv
  ✔ [scorpius:ram] limpiado /home/scorpius03/Documents/ecofloc/ecofloc-ram/ECOFLOC_RAM_COMM_text.csv
  ✔ [scorpius:sd] limpiado /home/scorpius03/Documents/ecofloc/ecofloc-sd/ECOFLOC_SD_COMM_text.csv
========================================
🔋 MEASURE ENERGY FINALIZADO
   Fase: fase1_descarga_low_iter9
========================================
✔️ [03:08:15] Medición fase1_descarga_low_iter9 completada
[📦] Archivando resultados → ./historyexecutions/exp(03:08:20)_fase1_low_iter9
[✔] Archivado: ./historyexecutions/exp(03:08:20)_fase1_low_iter9
========================================
🔋 FASE 2: Preparación de servicios (low, iter 9)
========================================
📋 Capturando PIDs (gepidstea.sh)...
📋 Capturando PIDs de contenedores (kpsnodos.sh)...
🔋 [03:08:37] Iniciando medición de energía: fase2_preparacion_low_iter9 (50s)
   PID de medición: 1556539
========================================
🔋 MEASURE ENERGY - Fase: fase2_preparacion_low_iter9
   Duración: 50s
   PID: 1556539
========================================
=== Medición bloque 50s - Fase: fase2_preparacion_low_iter9 ===
[⏱ 03:08:37] Iniciando ecofloc en nitro5 por 50s (fase: fase2_preparacion_low_iter9)
⏳ Esperando 10s a que CoreDNS se estabilice...
  ├─ [nitro5:sd] start 03:08:37
  ├─ [nitro5:ram] start 03:08:38
  ├─ [nitro5:nic] start 03:08:38
[⏱ 03:08:38] Iniciando ecofloc en aspire por 50s (fase: fase2_preparacion_low_iter9)
  ├─ [nitro5:cpu] start 03:08:38
  ├─ [aspire:sd] start 03:08:38
  ├─ [aspire:ram] start 03:08:38
[⏱ 03:08:38] Iniciando ecofloc en scorpius por 50s (fase: fase2_preparacion_low_iter9)
  ├─ [aspire:nic] start 03:08:38
  ├─ [aspire:cpu] start 03:08:38
  ├─ [scorpius:sd] start 03:08:38
  ├─ [scorpius:ram] start 03:08:38
  ├─ [scorpius:nic] start 03:08:38
[⏱ 03:08:38] Iniciando ecofloc en leo por 50s (fase: fase2_preparacion_low_iter9)
  ├─ [scorpius:cpu] start 03:08:38
  ├─ [leo:sd] start 03:08:38
  ├─ [leo:ram] start 03:08:38
  ├─ [leo:nic] start 03:08:38
  ├─ [leo:cpu] start 03:08:38
➡️ Pod WebUI: teastore-webui-ff7768544-mqq6m
➡️ Está en el nodo: luish-aspire-a315-55g
🌐 IP del nodo WebUI: 192.168.18.37
⏳ Verificando estado del TeaStore en http://192.168.18.37:30080/tools.descartes.teastore.webui/status ...
   ➤ Estado actual: 5 / 5 servicios OK
✔ TODOS los servicios del TeaStore están OK. Continuando...
⏳ [03:08:52] Esperando que termine medición: fase2_preparacion_low_iter9 (PID: 1556539)
  └─ [nitro5:sd] end 03:09:27
  └─ [nitro5:ram] end 03:09:28
  └─ [nitro5:nic] end 03:09:28
  └─ [nitro5:cpu] end 03:09:28
  └─ [aspire:cpu] end 03:09:29
  └─ [aspire:sd] end 03:09:29
  └─ [scorpius:sd] end 03:09:29
  └─ [scorpius:cpu] end 03:09:30
  └─ [aspire:nic] end 03:09:30
  └─ [leo:cpu] end 03:09:30
  └─ [leo:nic] end 03:09:30
  └─ [leo:sd] end 03:09:30
  └─ [aspire:ram] end 03:09:30
  └─ [leo:ram] end 03:09:30
  └─ [scorpius:ram] end 03:09:31
=== Bloque 50s terminado - Fase: fase2_preparacion_low_iter9 ===
[🧹] Limpiando CSVs internos de ecofloc en cada nodo (fase: fase2_preparacion_low_iter9)...
  ✔ [nitro5:cpu] limpiado /home/luish/Documents/p3/ecofloc2/ecofloc/ecofloc-cpu/ECOFLOC_CPU_COMM_text.csv
  ✔ [nitro5:nic] limpiado /home/luish/Documents/p3/ecofloc2/ecofloc/ecofloc-nic/ECOFLOC_NIC_COMM_text.csv
  ✔ [nitro5:ram] limpiado /home/luish/Documents/p3/ecofloc2/ecofloc/ecofloc-ram/ECOFLOC_RAM_COMM_text.csv
  ✔ [nitro5:sd] limpiado /home/luish/Documents/p3/ecofloc2/ecofloc/ecofloc-sd/ECOFLOC_SD_COMM_text.csv
  ✔ [leo:cpu] limpiado /home/leo/ecofloc/ecofloc-cpu/ECOFLOC_CPU_COMM_text.csv
  ✔ [leo:nic] limpiado /home/leo/ecofloc/ecofloc-nic/ECOFLOC_NIC_COMM_text.csv
  ✔ [leo:ram] limpiado /home/leo/ecofloc/ecofloc-ram/ECOFLOC_RAM_COMM_text.csv
  ✔ [leo:sd] limpiado /home/leo/ecofloc/ecofloc-sd/ECOFLOC_SD_COMM_text.csv
  ✔ [aspire:cpu] limpiado /home/luish/Documents/p3/ecofloc2/ecofloc/ecofloc-cpu/ECOFLOC_CPU_COMM_text.csv
  ✔ [aspire:nic] limpiado /home/luish/Documents/p3/ecofloc2/ecofloc/ecofloc-nic/ECOFLOC_NIC_COMM_text.csv
  ✔ [aspire:ram] limpiado /home/luish/Documents/p3/ecofloc2/ecofloc/ecofloc-ram/ECOFLOC_RAM_COMM_text.csv
  ✔ [aspire:sd] limpiado /home/luish/Documents/p3/ecofloc2/ecofloc/ecofloc-sd/ECOFLOC_SD_COMM_text.csv
  ✔ [scorpius:cpu] limpiado /home/scorpius03/Documents/ecofloc/ecofloc-cpu/ECOFLOC_CPU_COMM_text.csv
  ✔ [scorpius:nic] limpiado /home/scorpius03/Documents/ecofloc/ecofloc-nic/ECOFLOC_NIC_COMM_text.csv
  ✔ [scorpius:ram] limpiado /home/scorpius03/Documents/ecofloc/ecofloc-ram/ECOFLOC_RAM_COMM_text.csv
  ✔ [scorpius:sd] limpiado /home/scorpius03/Documents/ecofloc/ecofloc-sd/ECOFLOC_SD_COMM_text.csv
========================================
🔋 MEASURE ENERGY FINALIZADO
   Fase: fase2_preparacion_low_iter9
========================================
✔️ [03:09:35] Medición fase2_preparacion_low_iter9 completada
[📦] Archivando resultados → ./historyexecutions/exp(03:09:40)_fase2_low_iter9
[✔] Archivado: ./historyexecutions/exp(03:09:40)_fase2_low_iter9
========================================
🔋 FASE 3: Ejecución de carga (low, iter 9)
========================================
📋 Capturando PIDs (gepidstea.sh)...
📋 Capturando PIDs de contenedores (kpsnodos.sh)...
🔋 [03:09:57] Iniciando medición de energía: fase3_carga_low_iter9 (140s)
   PID de medición: 1689435
=== Escenario low (iter 9) ===
========================================
🔋 MEASURE ENERGY - Fase: fase3_carga_low_iter9
   Duración: 140s
   PID: 1689435
========================================
=== Medición bloque 140s - Fase: fase3_carga_low_iter9 ===
🚀 Iniciando LIMBO con profile=/home/luish/Documents/death/teastore/TeaStore/examples/httploadgenerator/increasingLowIntensity.csv y script=/home/luish/Documents/death/teastore/TeaStore/examples/httploadgenerator/teastore_buy.lua
[⏱ 03:09:57] Iniciando ecofloc en nitro5 por 140s (fase: fase3_carga_low_iter9)
Mar 06, 2026 3:09:57 AM tools.descartes.dlim.httploadgenerator.runner.Director executeDirector
WARNING: No power measurements
Mar 06, 2026 3:09:57 AM tools.descartes.dlim.httploadgenerator.runner.Director executeDirector
INFO: Load Generator Thread Count set to 64
Mar 06, 2026 3:09:57 AM tools.descartes.dlim.httploadgenerator.runner.Director executeDirector
INFO: URL connection timout set to 30000 ms
Mar 06, 2026 3:09:57 AM tools.descartes.dlim.httploadgenerator.runner.Director executeDirector
INFO: Using Lua Script: /home/luish/Documents/death/teastore/TeaStore/examples/httploadgenerator/teastore_buy.lua
Mar 06, 2026 3:09:57 AM tools.descartes.dlim.httploadgenerator.runner.Director process
INFO: Read 120 Arrival Rate Tuples
Load Generator sent: ok
Mar 06, 2026 3:09:57 AM tools.descartes.dlim.httploadgenerator.runner.Director process
INFO: Arrival Rates sent to Load Generator(s).
Load Generator sent: ok
Mar 06, 2026 3:09:57 AM tools.descartes.dlim.httploadgenerator.runner.Director process
INFO: Thread Count sent to Load Generator(s): 64
Load Generator sent: ok
Mar 06, 2026 3:09:57 AM tools.descartes.dlim.httploadgenerator.runner.Director process
INFO: URL connection timeout sent to Load Generator(s): 30000
Load Generator sent: ok
Mar 06, 2026 3:09:57 AM tools.descartes.dlim.httploadgenerator.runner.Director process
INFO: Contents of script sent to Load Generator: /home/luish/Documents/death/teastore/TeaStore/examples/httploadgenerator/teastore_buy.lua
Mar 06, 2026 3:09:57 AM tools.descartes.dlim.httploadgenerator.runner.Director process
INFO: Starting Load Generation
Beginning Run @1772784597728(06.03.2026;03:09:57728)
Target Time = 0.5; Load Intensity = 0.0; #Success = 0; #Failed = 0; #Dropped = 0
  ├─ [nitro5:sd] start 03:09:57
  ├─ [nitro5:ram] start 03:09:58
  ├─ [nitro5:nic] start 03:09:58
[⏱ 03:09:59] Iniciando ecofloc en aspire por 140s (fase: fase3_carga_low_iter9)
  ├─ [nitro5:cpu] start 03:09:59
  ├─ [aspire:sd] start 03:09:59
  ├─ [aspire:ram] start 03:09:59
[⏱ 03:09:59] Iniciando ecofloc en scorpius por 140s (fase: fase3_carga_low_iter9)
  ├─ [aspire:nic] start 03:09:59
  ├─ [aspire:cpu] start 03:09:59
  ├─ [scorpius:sd] start 03:09:59
  ├─ [scorpius:ram] start 03:09:59
[⏱ 03:09:59] Iniciando ecofloc en leo por 140s (fase: fase3_carga_low_iter9)
  ├─ [scorpius:nic] start 03:09:59
  ├─ [scorpius:cpu] start 03:09:59
  ├─ [leo:sd] start 03:09:59
  ├─ [leo:ram] start 03:09:59
  ├─ [leo:nic] start 03:09:59
  ├─ [leo:cpu] start 03:09:59
Target Time = 1.5; Load Intensity = 1.0; #Success = 0; #Failed = 0; #Dropped = 0
Target Time = 2.5; Load Intensity = 2.0; #Success = 0; #Failed = 0; #Dropped = 0
Target Time = 3.5; Load Intensity = 2.0; #Success = 0; #Failed = 0; #Dropped = 0
Target Time = 4.5; Load Intensity = 3.0; #Success = 8; #Failed = 0; #Dropped = 0
Target Time = 5.5; Load Intensity = 4.0; #Success = 4; #Failed = 0; #Dropped = 0
Target Time = 6.5; Load Intensity = 5.0; #Success = 5; #Failed = 0; #Dropped = 0
Target Time = 7.5; Load Intensity = 6.0; #Success = 6; #Failed = 0; #Dropped = 0
Target Time = 8.5; Load Intensity = 7.0; #Success = 7; #Failed = 0; #Dropped = 0
Target Time = 9.5; Load Intensity = 7.0; #Success = 7; #Failed = 0; #Dropped = 0
Target Time = 10.5; Load Intensity = 8.0; #Success = 7; #Failed = 0; #Dropped = 0
Target Time = 11.5; Load Intensity = 9.0; #Success = 10; #Failed = 0; #Dropped = 0
Target Time = 12.5; Load Intensity = 10.0; #Success = 10; #Failed = 0; #Dropped = 0
Target Time = 13.5; Load Intensity = 11.0; #Success = 0; #Failed = 0; #Dropped = 0
Target Time = 14.5; Load Intensity = 12.0; #Success = 21; #Failed = 0; #Dropped = 0
Target Time = 15.5; Load Intensity = 12.0; #Success = 11; #Failed = 0; #Dropped = 0
Target Time = 16.5; Load Intensity = 13.0; #Success = 16; #Failed = 0; #Dropped = 0
Target Time = 17.5; Load Intensity = 14.0; #Success = 14; #Failed = 0; #Dropped = 0
Target Time = 18.5; Load Intensity = 15.0; #Success = 2; #Failed = 0; #Dropped = 0
Target Time = 19.5; Load Intensity = 16.0; #Success = 2; #Failed = 0; #Dropped = 0
Target Time = 20.5; Load Intensity = 17.0; #Success = 33; #Failed = 0; #Dropped = 0
Target Time = 21.5; Load Intensity = 17.0; #Success = 24; #Failed = 0; #Dropped = 0
Target Time = 22.5; Load Intensity = 18.0; #Success = 5; #Failed = 0; #Dropped = 0
Target Time = 23.5; Load Intensity = 19.0; #Success = 0; #Failed = 0; #Dropped = 0
Target Time = 24.5; Load Intensity = 20.0; #Success = 0; #Failed = 0; #Dropped = 0
Target Time = 25.5; Load Intensity = 21.0; #Success = 0; #Failed = 0; #Dropped = 0
Target Time = 26.5; Load Intensity = 22.0; #Success = 0; #Failed = 0; #Dropped = 0
Target Time = 27.5; Load Intensity = 22.0; #Success = 0; #Failed = 0; #Dropped = 0
Target Time = 28.5; Load Intensity = 23.0; #Success = 0; #Failed = 0; #Dropped = 0
Target Time = 29.5; Load Intensity = 24.0; #Success = 0; #Failed = 0; #Dropped = 0
Target Time = 30.5; Load Intensity = 25.0; #Success = 0; #Failed = 0; #Dropped = 0
Target Time = 31.5; Load Intensity = 26.0; #Success = 0; #Failed = 0; #Dropped = 0
Target Time = 32.5; Load Intensity = 27.0; #Success = 0; #Failed = 0; #Dropped = 0
Target Time = 33.5; Load Intensity = 27.0; #Success = 0; #Failed = 0; #Dropped = 0
Target Time = 34.5; Load Intensity = 28.0; #Success = 0; #Failed = 0; #Dropped = 0
Target Time = 35.5; Load Intensity = 29.0; #Success = 0; #Failed = 1; #Dropped = 0
Target Time = 36.5; Load Intensity = 30.0; #Success = 0; #Failed = 0; #Dropped = 0
Target Time = 37.5; Load Intensity = 31.0; #Success = 0; #Failed = 0; #Dropped = 0
Target Time = 38.5; Load Intensity = 32.0; #Success = 0; #Failed = 0; #Dropped = 0
Target Time = 39.5; Load Intensity = 32.0; #Success = 0; #Failed = 2; #Dropped = 0
Target Time = 40.5; Load Intensity = 33.0; #Success = 0; #Failed = 6; #Dropped = 0
Target Time = 41.5; Load Intensity = 34.0; #Success = 0; #Failed = 6; #Dropped = 0
Target Time = 42.5; Load Intensity = 35.0; #Success = 0; #Failed = 5; #Dropped = 0
Target Time = 43.5; Load Intensity = 36.0; #Success = 0; #Failed = 1; #Dropped = 0
Target Time = 44.5; Load Intensity = 37.0; #Success = 0; #Failed = 6; #Dropped = 0
Target Time = 45.5; Load Intensity = 37.0; #Success = 0; #Failed = 11; #Dropped = 0
Target Time = 46.5; Load Intensity = 38.0; #Success = 0; #Failed = 0; #Dropped = 0
Target Time = 47.5; Load Intensity = 39.0; #Success = 0; #Failed = 0; #Dropped = 0
Target Time = 48.5; Load Intensity = 40.0; #Success = 0; #Failed = 9; #Dropped = 0
Target Time = 49.5; Load Intensity = 41.0; #Success = 0; #Failed = 14; #Dropped = 0
Target Time = 50.5; Load Intensity = 42.0; #Success = 0; #Failed = 0; #Dropped = 0
Target Time = 51.5; Load Intensity = 42.0; #Success = 0; #Failed = 0; #Dropped = 0
Target Time = 52.5; Load Intensity = 43.0; #Success = 0; #Failed = 0; #Dropped = 0
Target Time = 53.5; Load Intensity = 44.0; #Success = 0; #Failed = 0; #Dropped = 0
Target Time = 54.5; Load Intensity = 45.0; #Success = 0; #Failed = 12; #Dropped = 0
Target Time = 55.5; Load Intensity = 46.0; #Success = 0; #Failed = 0; #Dropped = 0
Target Time = 56.5; Load Intensity = 47.0; #Success = 0; #Failed = 0; #Dropped = 0
Target Time = 57.5; Load Intensity = 47.0; #Success = 0; #Failed = 1; #Dropped = 0
Target Time = 58.5; Load Intensity = 48.0; #Success = 0; #Failed = 8; #Dropped = 0
Target Time = 59.5; Load Intensity = 49.0; #Success = 0; #Failed = 0; #Dropped = 0
Target Time = 60.5; Load Intensity = 50.0; #Success = 0; #Failed = 0; #Dropped = 0
Target Time = 61.5; Load Intensity = 51.0; #Success = 0; #Failed = 1; #Dropped = 54
Target Time = 62.5; Load Intensity = 52.0; #Success = 0; #Failed = 0; #Dropped = 0
Target Time = 63.5; Load Intensity = 52.0; #Success = 0; #Failed = 4; #Dropped = 62
Target Time = 64.5; Load Intensity = 53.0; #Success = 0; #Failed = 1; #Dropped = 14
Target Time = 65.5; Load Intensity = 54.0; #Success = 0; #Failed = 0; #Dropped = 0
Target Time = 66.5; Load Intensity = 55.0; #Success = 0; #Failed = 2; #Dropped = 46
Target Time = 67.5; Load Intensity = 56.0; #Success = 0; #Failed = 0; #Dropped = 0
Target Time = 68.5; Load Intensity = 57.0; #Success = 0; #Failed = 0; #Dropped = 0
Target Time = 69.5; Load Intensity = 57.0; #Success = 1; #Failed = 0; #Dropped = 106
Target Time = 70.5; Load Intensity = 58.0; #Success = 4; #Failed = 0; #Dropped = 44
Target Time = 71.5; Load Intensity = 59.0; #Success = 6; #Failed = 0; #Dropped = 29
Target Time = 72.5; Load Intensity = 60.0; #Success = 4; #Failed = 2; #Dropped = 23
Target Time = 73.5; Load Intensity = 61.0; #Success = 0; #Failed = 0; #Dropped = 0
Target Time = 74.5; Load Intensity = 62.0; #Success = 2; #Failed = 1; #Dropped = 57
Target Time = 75.5; Load Intensity = 62.0; #Success = 6; #Failed = 0; #Dropped = 29
Target Time = 76.5; Load Intensity = 63.0; #Success = 0; #Failed = 0; #Dropped = 0
Target Time = 77.5; Load Intensity = 64.0; #Success = 0; #Failed = 0; #Dropped = 0
Target Time = 78.5; Load Intensity = 65.0; #Success = 3; #Failed = 7; #Dropped = 130
Target Time = 79.5; Load Intensity = 66.0; #Success = 6; #Failed = 10; #Dropped = 15
Target Time = 80.5; Load Intensity = 67.0; #Success = 0; #Failed = 0; #Dropped = 0
Target Time = 81.5; Load Intensity = 67.0; #Success = 0; #Failed = 0; #Dropped = 0
Target Time = 82.5; Load Intensity = 68.0; #Success = 0; #Failed = 0; #Dropped = 0
Target Time = 83.5; Load Intensity = 69.0; #Success = 0; #Failed = 0; #Dropped = 0
Target Time = 84.5; Load Intensity = 70.0; #Success = 3; #Failed = 0; #Dropped = 199
Target Time = 85.5; Load Intensity = 71.0; #Success = 0; #Failed = 0; #Dropped = 0
Target Time = 86.5; Load Intensity = 72.0; #Success = 0; #Failed = 0; #Dropped = 0
Target Time = 87.5; Load Intensity = 72.0; #Success = 1; #Failed = 5; #Dropped = 157
Target Time = 88.5; Load Intensity = 73.0; #Success = 3; #Failed = 6; #Dropped = 34
Target Time = 89.5; Load Intensity = 74.0; #Success = 0; #Failed = 0; #Dropped = 0
Target Time = 90.5; Load Intensity = 75.0; #Success = 0; #Failed = 0; #Dropped = 0
Target Time = 91.5; Load Intensity = 76.0; #Success = 1; #Failed = 0; #Dropped = 129
Target Time = 92.5; Load Intensity = 77.0; #Success = 0; #Failed = 0; #Dropped = 0
Target Time = 93.5; Load Intensity = 77.0; #Success = 1; #Failed = 0; #Dropped = 92
Target Time = 94.5; Load Intensity = 78.0; #Success = 1; #Failed = 0; #Dropped = 48
Target Time = 95.5; Load Intensity = 79.0; #Success = 2; #Failed = 0; #Dropped = 97
Target Time = 96.5; Load Intensity = 80.0; #Success = 0; #Failed = 0; #Dropped = 0
Target Time = 97.5; Load Intensity = 81.0; #Success = 0; #Failed = 0; #Dropped = 0
Target Time = 98.5; Load Intensity = 82.0; #Success = 0; #Failed = 1; #Dropped = 156
Target Time = 99.5; Load Intensity = 82.0; #Success = 0; #Failed = 8; #Dropped = 53
Target Time = 100.5; Load Intensity = 83.0; #Success = 1; #Failed = 15; #Dropped = 29
Target Time = 101.5; Load Intensity = 84.0; #Success = 0; #Failed = 0; #Dropped = 0
Target Time = 102.5; Load Intensity = 85.0; #Success = 1; #Failed = 1; #Dropped = 118
Target Time = 103.5; Load Intensity = 86.0; #Success = 0; #Failed = 0; #Dropped = 0
Target Time = 104.5; Load Intensity = 87.0; #Success = 1; #Failed = 0; #Dropped = 110
Target Time = 105.5; Load Intensity = 87.0; #Success = 1; #Failed = 0; #Dropped = 60
Target Time = 106.5; Load Intensity = 88.0; #Success = 0; #Failed = 0; #Dropped = 0
Target Time = 107.5; Load Intensity = 89.0; #Success = 0; #Failed = 0; #Dropped = 0
Target Time = 108.5; Load Intensity = 90.0; #Success = 1; #Failed = 26; #Dropped = 208
Target Time = 109.5; Load Intensity = 91.0; #Success = 2; #Failed = 1; #Dropped = 26
Target Time = 110.5; Load Intensity = 92.0; #Success = 0; #Failed = 0; #Dropped = 0
Target Time = 111.5; Load Intensity = 92.0; #Success = 0; #Failed = 0; #Dropped = 0
Target Time = 112.5; Load Intensity = 93.0; #Success = 0; #Failed = 0; #Dropped = 0
Target Time = 113.5; Load Intensity = 94.0; #Success = 0; #Failed = 0; #Dropped = 0
Target Time = 114.5; Load Intensity = 95.0; #Success = 0; #Failed = 0; #Dropped = 0
Target Time = 115.5; Load Intensity = 96.0; #Success = 0; #Failed = 13; #Dropped = 401
Target Time = 116.5; Load Intensity = 97.0; #Success = 0; #Failed = 12; #Dropped = 87
Target Time = 117.5; Load Intensity = 97.0; #Success = 0; #Failed = 5; #Dropped = 2
Target Time = 118.5; Load Intensity = 98.0; #Success = 0; #Failed = 0; #Dropped = 0
Target Time = 119.5; Load Intensity = 99.0; #Success = 0; #Failed = 0; #Dropped = 0
Target Time = 120.5; Load Intensity = 0.0; #Success = 0; #Failed = 0; #Dropped = 0
Target Time = 121.5; Load Intensity = 0.0; #Success = 1; #Failed = 0; #Dropped = 307
Target Time = 122.5; Load Intensity = 0.0; #Success = 0; #Failed = 4; #Dropped = 114
Target Time = 123.5; Load Intensity = 0.0; #Success = 1; #Failed = 4; #Dropped = 61
Target Time = 124.5; Load Intensity = 0.0; #Success = 0; #Failed = 0; #Dropped = 0
Target Time = 125.5; Load Intensity = 0.0; #Success = 1; #Failed = 4; #Dropped = 171
Target Time = 126.5; Load Intensity = 0.0; #Success = 0; #Failed = 3; #Dropped = 52
Target Time = 127.5; Load Intensity = 0.0; #Success = 0; #Failed = 5; #Dropped = 96
Target Time = 128.5; Load Intensity = 0.0; #Success = 0; #Failed = 2; #Dropped = 83
Target Time = 129.5; Load Intensity = 0.0; #Success = 0; #Failed = 1; #Dropped = 16
Target Time = 130.5; Load Intensity = 0.0; #Success = 1; #Failed = 0; #Dropped = 102
Target Time = 131.5; Load Intensity = 0.0; #Success = 0; #Failed = 2; #Dropped = 128
Target Time = 132.5; Load Intensity = 0.0; #Success = 0; #Failed = 5; #Dropped = 74
Target Time = 133.5; Load Intensity = 0.0; #Success = 0; #Failed = 0; #Dropped = 0
Target Time = 134.5; Load Intensity = 0.0; #Success = 0; #Failed = 0; #Dropped = 0
Target Time = 135.5; Load Intensity = 0.0; #Success = 0; #Failed = 2; #Dropped = 260
Target Time = 136.5; Load Intensity = 0.0; #Success = 0; #Failed = 11; #Dropped = 95
Target Time = 137.5; Load Intensity = 0.0; #Success = 0; #Failed = 6; #Dropped = 34
Target Time = 138.5; Load Intensity = 0.0; #Success = 4; #Failed = 1; #Dropped = 117
Target Time = 139.5; Load Intensity = 0.0; #Success = 0; #Failed = 0; #Dropped = 0
  └─ [nitro5:sd] end 03:12:18
Target Time = 140.5; Load Intensity = 0.0; #Success = 0; #Failed = 0; #Dropped = 0
  └─ [nitro5:ram] end 03:12:18
  └─ [nitro5:nic] end 03:12:18
  └─ [nitro5:cpu] end 03:12:19
Target Time = 141.5; Load Intensity = 0.0; #Success = 0; #Failed = 3; #Dropped = 190
Target Time = 142.5; Load Intensity = 0.0; #Success = 0; #Failed = 0; #Dropped = 0
Target Time = 143.5; Load Intensity = 0.0; #Success = 0; #Failed = 9; #Dropped = 261
  └─ [leo:cpu] end 03:12:21
  └─ [leo:sd] end 03:12:22
Target Time = 144.5; Load Intensity = 0.0; #Success = 0; #Failed = 19; #Dropped = 79
Target Time = 145.5; Load Intensity = 0.0; #Success = 0; #Failed = 2; #Dropped = 4
  └─ [leo:nic] end 03:12:24
  └─ [leo:ram] end 03:12:24
Target Time = 146.5; Load Intensity = 0.0; #Success = 0; #Failed = 0; #Dropped = 0
  └─ [scorpius:nic] end 03:12:24
  └─ [scorpius:ram] end 03:12:24
  └─ [scorpius:sd] end 03:12:24
  └─ [scorpius:cpu] end 03:12:24
Target Time = 147.5; Load Intensity = 0.0; #Success = 0; #Failed = 0; #Dropped = 0
Target Time = 148.5; Load Intensity = 0.0; #Success = 0; #Failed = 4; #Dropped = 296
Target Time = 149.5; Load Intensity = 0.0; #Success = 0; #Failed = 0; #Dropped = 0
Target Time = 150.5; Load Intensity = 0.0; #Success = 0; #Failed = 0; #Dropped = 0
Target Time = 151.5; Load Intensity = 0.0; #Success = 0; #Failed = 0; #Dropped = 0
Target Time = 152.5; Load Intensity = 0.0; #Success = 0; #Failed = 0; #Dropped = 0
Target Time = 153.5; Load Intensity = 0.0; #Success = 0; #Failed = 0; #Dropped = 0
Target Time = 154.5; Load Intensity = 0.0; #Success = 0; #Failed = 0; #Dropped = 0
Target Time = 155.5; Load Intensity = 0.0; #Success = 0; #Failed = 4; #Dropped = 180
Target Time = 156.5; Load Intensity = 0.0; #Success = 0; #Failed = 26; #Dropped = 0
Target Time = 157.5; Load Intensity = 0.0; #Success = 0; #Failed = 8; #Dropped = 0
Target Time = 158.5; Load Intensity = 0.0; #Success = 0; #Failed = 4; #Dropped = 0
Target Time = 159.5; Load Intensity = 0.0; #Success = 0; #Failed = 1; #Dropped = 0
Target Time = 160.5; Load Intensity = 0.0; #Success = 0; #Failed = 0; #Dropped = 0
Target Time = 161.5; Load Intensity = 0.0; #Success = 2; #Failed = 0; #Dropped = 0
Target Time = 162.5; Load Intensity = 0.0; #Success = 1; #Failed = 0; #Dropped = 0
Target Time = 163.5; Load Intensity = 0.0; #Success = 0; #Failed = 2; #Dropped = 0
Target Time = 164.5; Load Intensity = 0.0; #Success = 0; #Failed = 0; #Dropped = 0
Target Time = 165.5; Load Intensity = 0.0; #Success = 0; #Failed = 2; #Dropped = 0
Target Time = 166.5; Load Intensity = 0.0; #Success = 8; #Failed = 0; #Dropped = 0
Target Time = 167.5; Load Intensity = 0.0; #Success = 2; #Failed = 0; #Dropped = 0
Target Time = 168.5; Load Intensity = 0.0; #Success = 1; #Failed = 0; #Dropped = 0
Target Time = 169.5; Load Intensity = 0.0; #Success = 0; #Failed = 0; #Dropped = 0
Target Time = 170.5; Load Intensity = 0.0; #Success = 0; #Failed = 0; #Dropped = 0
Target Time = 171.5; Load Intensity = 0.0; #Success = 0; #Failed = 0; #Dropped = 0
Target Time = 172.5; Load Intensity = 0.0; #Success = 0; #Failed = 0; #Dropped = 0
Target Time = 173.5; Load Intensity = 0.0; #Success = 0; #Failed = 0; #Dropped = 0
  └─ [aspire:nic] end 03:12:51
Target Time = 174.5; Load Intensity = 0.0; #Success = 1; #Failed = 2; #Dropped = 0
  └─ [aspire:cpu] end 03:12:52
  └─ [aspire:ram] end 03:12:52
  └─ [aspire:sd] end 03:12:53
=== Bloque 140s terminado - Fase: fase3_carga_low_iter9 ===
[🧹] Limpiando CSVs internos de ecofloc en cada nodo (fase: fase3_carga_low_iter9)...
  ✔ [nitro5:cpu] limpiado /home/luish/Documents/p3/ecofloc2/ecofloc/ecofloc-cpu/ECOFLOC_CPU_COMM_text.csv
  ✔ [nitro5:nic] limpiado /home/luish/Documents/p3/ecofloc2/ecofloc/ecofloc-nic/ECOFLOC_NIC_COMM_text.csv
  ✔ [nitro5:ram] limpiado /home/luish/Documents/p3/ecofloc2/ecofloc/ecofloc-ram/ECOFLOC_RAM_COMM_text.csv
  ✔ [nitro5:sd] limpiado /home/luish/Documents/p3/ecofloc2/ecofloc/ecofloc-sd/ECOFLOC_SD_COMM_text.csv
  ✔ [leo:cpu] limpiado /home/leo/ecofloc/ecofloc-cpu/ECOFLOC_CPU_COMM_text.csv
  ✔ [leo:nic] limpiado /home/leo/ecofloc/ecofloc-nic/ECOFLOC_NIC_COMM_text.csv
  ✔ [leo:ram] limpiado /home/leo/ecofloc/ecofloc-ram/ECOFLOC_RAM_COMM_text.csv
  ✔ [leo:sd] limpiado /home/leo/ecofloc/ecofloc-sd/ECOFLOC_SD_COMM_text.csv
  ✔ [aspire:cpu] limpiado /home/luish/Documents/p3/ecofloc2/ecofloc/ecofloc-cpu/ECOFLOC_CPU_COMM_text.csv
  ✔ [aspire:nic] limpiado /home/luish/Documents/p3/ecofloc2/ecofloc/ecofloc-nic/ECOFLOC_NIC_COMM_text.csv
  ✔ [aspire:ram] limpiado /home/luish/Documents/p3/ecofloc2/ecofloc/ecofloc-ram/ECOFLOC_RAM_COMM_text.csv
  ✔ [aspire:sd] limpiado /home/luish/Documents/p3/ecofloc2/ecofloc/ecofloc-sd/ECOFLOC_SD_COMM_text.csv
  ✔ [scorpius:cpu] limpiado /home/scorpius03/Documents/ecofloc/ecofloc-cpu/ECOFLOC_CPU_COMM_text.csv
  ✔ [scorpius:nic] limpiado /home/scorpius03/Documents/ecofloc/ecofloc-nic/ECOFLOC_NIC_COMM_text.csv
  ✔ [scorpius:ram] limpiado /home/scorpius03/Documents/ecofloc/ecofloc-ram/ECOFLOC_RAM_COMM_text.csv
  ✔ [scorpius:sd] limpiado /home/scorpius03/Documents/ecofloc/ecofloc-sd/ECOFLOC_SD_COMM_text.csv
========================================
🔋 MEASURE ENERGY FINALIZADO
   Fase: fase3_carga_low_iter9
========================================
Workload finished.
Log finished.
📄 LIMBO finalizado para scenario=low
⏳ [03:12:57] Esperando que termine medición: fase3_carga_low_iter9 (PID: 1689435)
✔️ [03:12:57] Medición fase3_carga_low_iter9 completada
[📦] Archivando resultados → ./historyexecutions/exp(03:13:02)_fase3_low_iter9
[✔] Archivado: ./historyexecutions/exp(03:13:02)_fase3_low_iter9
🧹 Limpiando TeaStore (iter 9)...
⏸ Esperando 15s para limpieza completa...
✅ Iteración 9 / 20 del escenario low completada.

########################################################
🔄 ESCENARIO: low | ITERACIÓN: 10 / 20
   Hora: 03:13:50
########################################################
========================================
🔋 FASE 1: Descarga de imágenes (low, iter 10)
========================================
📋 Capturando PIDs (gepidstea.sh)...
📋 Capturando PIDs de contenedores (kpsnodos.sh)...
🔋 [03:14:10] Iniciando medición de energía: fase1_descarga_low_iter10 (25s)
   PID de medición: 2055982
🚀 Desplegando TeaStore desde /home/luish/Documents/death/teastore/TeaStore/examples/kubernetes/teastore-energy-scheduler.yaml...
========================================
🔋 MEASURE ENERGY - Fase: fase1_descarga_low_iter10
   Duración: 25s
   PID: 2055982
========================================
=== Medición bloque 25s - Fase: fase1_descarga_low_iter10 ===
[⏱ 03:14:10] Iniciando ecofloc en nitro5 por 25s (fase: fase1_descarga_low_iter10)
⏳ Esperando a que todos los pods de TeaStore estén Running y Ready...
  ├─ [nitro5:sd] start 03:14:10
  ├─ [nitro5:ram] start 03:14:11
  ├─ [nitro5:nic] start 03:14:11
[⏱ 03:14:12] Iniciando ecofloc en aspire por 25s (fase: fase1_descarga_low_iter10)
  ├─ [nitro5:cpu] start 03:14:12
  ├─ [aspire:sd] start 03:14:12
  ├─ [aspire:ram] start 03:14:12
  ├─ [aspire:nic] start 03:14:12
[⏱ 03:14:12] Iniciando ecofloc en scorpius por 25s (fase: fase1_descarga_low_iter10)
  ├─ [aspire:cpu] start 03:14:12
  ├─ [scorpius:sd] start 03:14:12
  ├─ [scorpius:ram] start 03:14:12
[⏱ 03:14:12] Iniciando ecofloc en leo por 25s (fase: fase1_descarga_low_iter10)
  ├─ [scorpius:nic] start 03:14:12
  ├─ [scorpius:cpu] start 03:14:12
  ├─ [leo:sd] start 03:14:12
  ├─ [leo:nic] start 03:14:12
  ├─ [leo:cpu] start 03:14:12
  ├─ [leo:ram] start 03:14:12
✅ Pods listos.
⏳ [03:14:13] Esperando que termine medición: fase1_descarga_low_iter10 (PID: 2055982)
  └─ [nitro5:sd] end 03:14:35
  └─ [nitro5:ram] end 03:14:36
  └─ [nitro5:nic] end 03:14:36
  └─ [nitro5:cpu] end 03:14:37
  └─ [aspire:cpu] end 03:14:37
  └─ [aspire:sd] end 03:14:37
  └─ [leo:cpu] end 03:14:38
  └─ [leo:sd] end 03:14:38
  └─ [scorpius:cpu] end 03:14:38
  └─ [leo:nic] end 03:14:38
  └─ [aspire:nic] end 03:14:38
  └─ [leo:ram] end 03:14:38
  └─ [aspire:ram] end 03:14:38
  └─ [scorpius:nic] end 03:14:39
  └─ [scorpius:ram] end 03:14:39
=== Bloque 25s terminado - Fase: fase1_descarga_low_iter10 ===
[🧹] Limpiando CSVs internos de ecofloc en cada nodo (fase: fase1_descarga_low_iter10)...
  ✔ [nitro5:cpu] limpiado /home/luish/Documents/p3/ecofloc2/ecofloc/ecofloc-cpu/ECOFLOC_CPU_COMM_text.csv
  ✔ [nitro5:nic] limpiado /home/luish/Documents/p3/ecofloc2/ecofloc/ecofloc-nic/ECOFLOC_NIC_COMM_text.csv
  ✔ [nitro5:ram] limpiado /home/luish/Documents/p3/ecofloc2/ecofloc/ecofloc-ram/ECOFLOC_RAM_COMM_text.csv
  ✔ [nitro5:sd] limpiado /home/luish/Documents/p3/ecofloc2/ecofloc/ecofloc-sd/ECOFLOC_SD_COMM_text.csv
  ✔ [leo:cpu] limpiado /home/leo/ecofloc/ecofloc-cpu/ECOFLOC_CPU_COMM_text.csv
  ✔ [leo:nic] limpiado /home/leo/ecofloc/ecofloc-nic/ECOFLOC_NIC_COMM_text.csv
  ✔ [leo:ram] limpiado /home/leo/ecofloc/ecofloc-ram/ECOFLOC_RAM_COMM_text.csv
  ✔ [leo:sd] limpiado /home/leo/ecofloc/ecofloc-sd/ECOFLOC_SD_COMM_text.csv
  ✔ [aspire:cpu] limpiado /home/luish/Documents/p3/ecofloc2/ecofloc/ecofloc-cpu/ECOFLOC_CPU_COMM_text.csv
  ✔ [aspire:nic] limpiado /home/luish/Documents/p3/ecofloc2/ecofloc/ecofloc-nic/ECOFLOC_NIC_COMM_text.csv
  ✔ [aspire:ram] limpiado /home/luish/Documents/p3/ecofloc2/ecofloc/ecofloc-ram/ECOFLOC_RAM_COMM_text.csv
  ✔ [aspire:sd] limpiado /home/luish/Documents/p3/ecofloc2/ecofloc/ecofloc-sd/ECOFLOC_SD_COMM_text.csv
  ✔ [scorpius:cpu] limpiado /home/scorpius03/Documents/ecofloc/ecofloc-cpu/ECOFLOC_CPU_COMM_text.csv
  ✔ [scorpius:nic] limpiado /home/scorpius03/Documents/ecofloc/ecofloc-nic/ECOFLOC_NIC_COMM_text.csv
  ✔ [scorpius:ram] limpiado /home/scorpius03/Documents/ecofloc/ecofloc-ram/ECOFLOC_RAM_COMM_text.csv
  ✔ [scorpius:sd] limpiado /home/scorpius03/Documents/ecofloc/ecofloc-sd/ECOFLOC_SD_COMM_text.csv
========================================
🔋 MEASURE ENERGY FINALIZADO
   Fase: fase1_descarga_low_iter10
========================================
✔️ [03:14:42] Medición fase1_descarga_low_iter10 completada
[📦] Archivando resultados → ./historyexecutions/exp(03:14:47)_fase1_low_iter10
[✔] Archivado: ./historyexecutions/exp(03:14:47)_fase1_low_iter10
========================================
🔋 FASE 2: Preparación de servicios (low, iter 10)
========================================
📋 Capturando PIDs (gepidstea.sh)...
📋 Capturando PIDs de contenedores (kpsnodos.sh)...
🔋 [03:15:04] Iniciando medición de energía: fase2_preparacion_low_iter10 (50s)
   PID de medición: 2121107
========================================
🔋 MEASURE ENERGY - Fase: fase2_preparacion_low_iter10
   Duración: 50s
   PID: 2121107
========================================
=== Medición bloque 50s - Fase: fase2_preparacion_low_iter10 ===
[⏱ 03:15:04] Iniciando ecofloc en nitro5 por 50s (fase: fase2_preparacion_low_iter10)
⏳ Esperando 10s a que CoreDNS se estabilice...
  ├─ [nitro5:sd] start 03:15:04
  ├─ [nitro5:ram] start 03:15:05
  ├─ [nitro5:nic] start 03:15:05
[⏱ 03:15:05] Iniciando ecofloc en aspire por 50s (fase: fase2_preparacion_low_iter10)
  ├─ [nitro5:cpu] start 03:15:05
  ├─ [aspire:sd] start 03:15:05
  ├─ [aspire:ram] start 03:15:05
[⏱ 03:15:05] Iniciando ecofloc en scorpius por 50s (fase: fase2_preparacion_low_iter10)
  ├─ [aspire:nic] start 03:15:05
  ├─ [aspire:cpu] start 03:15:05
  ├─ [scorpius:sd] start 03:15:05
  ├─ [scorpius:ram] start 03:15:05
  ├─ [scorpius:nic] start 03:15:05
[⏱ 03:15:05] Iniciando ecofloc en leo por 50s (fase: fase2_preparacion_low_iter10)
  ├─ [scorpius:cpu] start 03:15:05
  ├─ [leo:sd] start 03:15:05
  ├─ [leo:ram] start 03:15:05
  ├─ [leo:nic] start 03:15:05
  ├─ [leo:cpu] start 03:15:05
➡️ Pod WebUI: teastore-webui-ff7768544-4g7xt
➡️ Está en el nodo: leo02
🌐 IP del nodo WebUI: 192.168.18.36
⏳ Verificando estado del TeaStore en http://192.168.18.36:30080/tools.descartes.teastore.webui/status ...
   ➤ Estado actual: 5 / 5 servicios OK
✔ TODOS los servicios del TeaStore están OK. Continuando...
⏳ [03:15:21] Esperando que termine medición: fase2_preparacion_low_iter10 (PID: 2121107)
  └─ [nitro5:sd] end 03:15:54
  └─ [nitro5:ram] end 03:15:55
  └─ [nitro5:nic] end 03:15:55
  └─ [nitro5:cpu] end 03:15:55
  └─ [aspire:cpu] end 03:15:56
  └─ [aspire:sd] end 03:15:56
  └─ [leo:cpu] end 03:15:58
  └─ [leo:sd] end 03:15:58
  └─ [scorpius:cpu] end 03:15:58
  └─ [scorpius:sd] end 03:15:58
  └─ [aspire:nic] end 03:15:58
  └─ [aspire:ram] end 03:15:58
  └─ [leo:nic] end 03:15:58
  └─ [leo:ram] end 03:15:58
  └─ [scorpius:nic] end 03:15:58
  └─ [scorpius:ram] end 03:15:58
=== Bloque 50s terminado - Fase: fase2_preparacion_low_iter10 ===
[🧹] Limpiando CSVs internos de ecofloc en cada nodo (fase: fase2_preparacion_low_iter10)...
  ✔ [nitro5:cpu] limpiado /home/luish/Documents/p3/ecofloc2/ecofloc/ecofloc-cpu/ECOFLOC_CPU_COMM_text.csv
  ✔ [nitro5:nic] limpiado /home/luish/Documents/p3/ecofloc2/ecofloc/ecofloc-nic/ECOFLOC_NIC_COMM_text.csv
  ✔ [nitro5:ram] limpiado /home/luish/Documents/p3/ecofloc2/ecofloc/ecofloc-ram/ECOFLOC_RAM_COMM_text.csv
  ✔ [nitro5:sd] limpiado /home/luish/Documents/p3/ecofloc2/ecofloc/ecofloc-sd/ECOFLOC_SD_COMM_text.csv
  ✔ [leo:cpu] limpiado /home/leo/ecofloc/ecofloc-cpu/ECOFLOC_CPU_COMM_text.csv
  ✔ [leo:nic] limpiado /home/leo/ecofloc/ecofloc-nic/ECOFLOC_NIC_COMM_text.csv
  ✔ [leo:ram] limpiado /home/leo/ecofloc/ecofloc-ram/ECOFLOC_RAM_COMM_text.csv
  ✔ [leo:sd] limpiado /home/leo/ecofloc/ecofloc-sd/ECOFLOC_SD_COMM_text.csv
  ✔ [aspire:cpu] limpiado /home/luish/Documents/p3/ecofloc2/ecofloc/ecofloc-cpu/ECOFLOC_CPU_COMM_text.csv
  ✔ [aspire:nic] limpiado /home/luish/Documents/p3/ecofloc2/ecofloc/ecofloc-nic/ECOFLOC_NIC_COMM_text.csv
  ✔ [aspire:ram] limpiado /home/luish/Documents/p3/ecofloc2/ecofloc/ecofloc-ram/ECOFLOC_RAM_COMM_text.csv
  ✔ [aspire:sd] limpiado /home/luish/Documents/p3/ecofloc2/ecofloc/ecofloc-sd/ECOFLOC_SD_COMM_text.csv
  ✔ [scorpius:cpu] limpiado /home/scorpius03/Documents/ecofloc/ecofloc-cpu/ECOFLOC_CPU_COMM_text.csv
  ✔ [scorpius:nic] limpiado /home/scorpius03/Documents/ecofloc/ecofloc-nic/ECOFLOC_NIC_COMM_text.csv
  ✔ [scorpius:ram] limpiado /home/scorpius03/Documents/ecofloc/ecofloc-ram/ECOFLOC_RAM_COMM_text.csv
  ✔ [scorpius:sd] limpiado /home/scorpius03/Documents/ecofloc/ecofloc-sd/ECOFLOC_SD_COMM_text.csv
========================================
🔋 MEASURE ENERGY FINALIZADO
   Fase: fase2_preparacion_low_iter10
========================================
✔️ [03:16:02] Medición fase2_preparacion_low_iter10 completada
[📦] Archivando resultados → ./historyexecutions/exp(03:16:07)_fase2_low_iter10
[✔] Archivado: ./historyexecutions/exp(03:16:07)_fase2_low_iter10
========================================
🔋 FASE 3: Ejecución de carga (low, iter 10)
========================================
📋 Capturando PIDs (gepidstea.sh)...
📋 Capturando PIDs de contenedores (kpsnodos.sh)...
🔋 [03:16:26] Iniciando medición de energía: fase3_carga_low_iter10 (140s)
   PID de medición: 2254374
=== Escenario low (iter 10) ===
========================================
🔋 MEASURE ENERGY - Fase: fase3_carga_low_iter10
   Duración: 140s
   PID: 2254374
========================================
=== Medición bloque 140s - Fase: fase3_carga_low_iter10 ===
🚀 Iniciando LIMBO con profile=/home/luish/Documents/death/teastore/TeaStore/examples/httploadgenerator/increasingLowIntensity.csv y script=/home/luish/Documents/death/teastore/TeaStore/examples/httploadgenerator/teastore_buy.lua
[⏱ 03:16:26] Iniciando ecofloc en nitro5 por 140s (fase: fase3_carga_low_iter10)
Mar 06, 2026 3:16:26 AM tools.descartes.dlim.httploadgenerator.runner.Director executeDirector
WARNING: No power measurements
Mar 06, 2026 3:16:26 AM tools.descartes.dlim.httploadgenerator.runner.Director executeDirector
INFO: Load Generator Thread Count set to 64
Mar 06, 2026 3:16:26 AM tools.descartes.dlim.httploadgenerator.runner.Director executeDirector
INFO: URL connection timout set to 30000 ms
Mar 06, 2026 3:16:26 AM tools.descartes.dlim.httploadgenerator.runner.Director executeDirector
INFO: Using Lua Script: /home/luish/Documents/death/teastore/TeaStore/examples/httploadgenerator/teastore_buy.lua
Mar 06, 2026 3:16:26 AM tools.descartes.dlim.httploadgenerator.runner.Director process
INFO: Read 120 Arrival Rate Tuples
Load Generator sent: ok
Mar 06, 2026 3:16:26 AM tools.descartes.dlim.httploadgenerator.runner.Director process
INFO: Arrival Rates sent to Load Generator(s).
Load Generator sent: ok
Mar 06, 2026 3:16:26 AM tools.descartes.dlim.httploadgenerator.runner.Director process
INFO: Thread Count sent to Load Generator(s): 64
Load Generator sent: ok
Mar 06, 2026 3:16:26 AM tools.descartes.dlim.httploadgenerator.runner.Director process
INFO: URL connection timeout sent to Load Generator(s): 30000
Load Generator sent: ok
Mar 06, 2026 3:16:26 AM tools.descartes.dlim.httploadgenerator.runner.Director process
INFO: Contents of script sent to Load Generator: /home/luish/Documents/death/teastore/TeaStore/examples/httploadgenerator/teastore_buy.lua
Mar 06, 2026 3:16:26 AM tools.descartes.dlim.httploadgenerator.runner.Director process
INFO: Starting Load Generation
Beginning Run @1772784986693(06.03.2026;03:16:26693)
Target Time = 0.5; Load Intensity = 0.0; #Success = 0; #Failed = 0; #Dropped = 0
  ├─ [nitro5:sd] start 03:16:26
  ├─ [nitro5:ram] start 03:16:27
  ├─ [nitro5:nic] start 03:16:27
[⏱ 03:16:28] Iniciando ecofloc en aspire por 140s (fase: fase3_carga_low_iter10)
  ├─ [nitro5:cpu] start 03:16:28
  ├─ [aspire:sd] start 03:16:28
  ├─ [aspire:ram] start 03:16:28
[⏱ 03:16:28] Iniciando ecofloc en scorpius por 140s (fase: fase3_carga_low_iter10)
  ├─ [aspire:nic] start 03:16:28
  ├─ [aspire:cpu] start 03:16:28
  ├─ [scorpius:sd] start 03:16:28
  ├─ [scorpius:ram] start 03:16:28
  ├─ [scorpius:nic] start 03:16:28
[⏱ 03:16:28] Iniciando ecofloc en leo por 140s (fase: fase3_carga_low_iter10)
  ├─ [scorpius:cpu] start 03:16:28
  ├─ [leo:sd] start 03:16:28
  ├─ [leo:nic] start 03:16:28
  ├─ [leo:cpu] start 03:16:28
  ├─ [leo:ram] start 03:16:28
Target Time = 1.5; Load Intensity = 1.0; #Success = 0; #Failed = 0; #Dropped = 0
Target Time = 2.5; Load Intensity = 2.0; #Success = 0; #Failed = 0; #Dropped = 0
Target Time = 3.5; Load Intensity = 2.0; #Success = 0; #Failed = 0; #Dropped = 0
Target Time = 4.5; Load Intensity = 3.0; #Success = 8; #Failed = 0; #Dropped = 0
Target Time = 5.5; Load Intensity = 4.0; #Success = 3; #Failed = 0; #Dropped = 0
Target Time = 6.5; Load Intensity = 5.0; #Success = 5; #Failed = 0; #Dropped = 0
Target Time = 7.5; Load Intensity = 6.0; #Success = 4; #Failed = 0; #Dropped = 0
Target Time = 8.5; Load Intensity = 7.0; #Success = 7; #Failed = 0; #Dropped = 0
Target Time = 9.5; Load Intensity = 7.0; #Success = 10; #Failed = 0; #Dropped = 0
Target Time = 10.5; Load Intensity = 8.0; #Success = 7; #Failed = 0; #Dropped = 0
Target Time = 11.5; Load Intensity = 9.0; #Success = 8; #Failed = 0; #Dropped = 0
Target Time = 12.5; Load Intensity = 10.0; #Success = 7; #Failed = 0; #Dropped = 0
Target Time = 13.5; Load Intensity = 11.0; #Success = 4; #Failed = 0; #Dropped = 0
Target Time = 14.5; Load Intensity = 12.0; #Success = 2; #Failed = 0; #Dropped = 0
Target Time = 15.5; Load Intensity = 12.0; #Success = 5; #Failed = 0; #Dropped = 0
Target Time = 16.5; Load Intensity = 13.0; #Success = 5; #Failed = 0; #Dropped = 0
Target Time = 17.5; Load Intensity = 14.0; #Success = 5; #Failed = 0; #Dropped = 0
Target Time = 18.5; Load Intensity = 15.0; #Success = 2; #Failed = 0; #Dropped = 0
Target Time = 19.5; Load Intensity = 16.0; #Success = 0; #Failed = 0; #Dropped = 0
Target Time = 20.5; Load Intensity = 17.0; #Success = 0; #Failed = 0; #Dropped = 0
Target Time = 21.5; Load Intensity = 17.0; #Success = 0; #Failed = 0; #Dropped = 0
Target Time = 22.5; Load Intensity = 18.0; #Success = 0; #Failed = 0; #Dropped = 0
Target Time = 23.5; Load Intensity = 19.0; #Success = 0; #Failed = 0; #Dropped = 0
Target Time = 24.5; Load Intensity = 20.0; #Success = 0; #Failed = 0; #Dropped = 0
Target Time = 25.5; Load Intensity = 21.0; #Success = 0; #Failed = 3; #Dropped = 0
Target Time = 26.5; Load Intensity = 22.0; #Success = 1; #Failed = 3; #Dropped = 0
Target Time = 27.5; Load Intensity = 22.0; #Success = 3; #Failed = 6; #Dropped = 0
Target Time = 28.5; Load Intensity = 23.0; #Success = 1; #Failed = 10; #Dropped = 0
Target Time = 29.5; Load Intensity = 24.0; #Success = 1; #Failed = 10; #Dropped = 0
Target Time = 30.5; Load Intensity = 25.0; #Success = 3; #Failed = 0; #Dropped = 0
Target Time = 31.5; Load Intensity = 26.0; #Success = 0; #Failed = 4; #Dropped = 0
Target Time = 32.5; Load Intensity = 27.0; #Success = 0; #Failed = 4; #Dropped = 0
Target Time = 33.5; Load Intensity = 27.0; #Success = 0; #Failed = 7; #Dropped = 0
Target Time = 34.5; Load Intensity = 28.0; #Success = 1; #Failed = 1; #Dropped = 0
Target Time = 35.5; Load Intensity = 29.0; #Success = 0; #Failed = 3; #Dropped = 0
Target Time = 36.5; Load Intensity = 30.0; #Success = 2; #Failed = 6; #Dropped = 0
Target Time = 37.5; Load Intensity = 31.0; #Success = 0; #Failed = 5; #Dropped = 0
Target Time = 38.5; Load Intensity = 32.0; #Success = 0; #Failed = 5; #Dropped = 0
Target Time = 39.5; Load Intensity = 32.0; #Success = 0; #Failed = 4; #Dropped = 0
Target Time = 40.5; Load Intensity = 33.0; #Success = 2; #Failed = 3; #Dropped = 0
Target Time = 41.5; Load Intensity = 34.0; #Success = 1; #Failed = 3; #Dropped = 0
Target Time = 42.5; Load Intensity = 35.0; #Success = 1; #Failed = 3; #Dropped = 0
Target Time = 43.5; Load Intensity = 36.0; #Success = 0; #Failed = 5; #Dropped = 0
Target Time = 44.5; Load Intensity = 37.0; #Success = 0; #Failed = 4; #Dropped = 0
Target Time = 45.5; Load Intensity = 37.0; #Success = 2; #Failed = 7; #Dropped = 0
Target Time = 46.5; Load Intensity = 38.0; #Success = 2; #Failed = 3; #Dropped = 0
Target Time = 47.5; Load Intensity = 39.0; #Success = 0; #Failed = 2; #Dropped = 0
Target Time = 48.5; Load Intensity = 40.0; #Success = 0; #Failed = 9; #Dropped = 0
Target Time = 49.5; Load Intensity = 41.0; #Success = 4; #Failed = 3; #Dropped = 0
Target Time = 50.5; Load Intensity = 42.0; #Success = 4; #Failed = 0; #Dropped = 0
Target Time = 51.5; Load Intensity = 42.0; #Success = 4; #Failed = 0; #Dropped = 0
Target Time = 52.5; Load Intensity = 43.0; #Success = 3; #Failed = 0; #Dropped = 0
Target Time = 53.5; Load Intensity = 44.0; #Success = 4; #Failed = 0; #Dropped = 0
Target Time = 54.5; Load Intensity = 45.0; #Success = 5; #Failed = 0; #Dropped = 0
Target Time = 55.5; Load Intensity = 46.0; #Success = 4; #Failed = 0; #Dropped = 0
Target Time = 56.5; Load Intensity = 47.0; #Success = 4; #Failed = 0; #Dropped = 0
Target Time = 57.5; Load Intensity = 47.0; #Success = 2; #Failed = 0; #Dropped = 1
Target Time = 58.5; Load Intensity = 48.0; #Success = 3; #Failed = 0; #Dropped = 12
Target Time = 59.5; Load Intensity = 49.0; #Success = 2; #Failed = 3; #Dropped = 21
Target Time = 60.5; Load Intensity = 50.0; #Success = 1; #Failed = 0; #Dropped = 7
Target Time = 61.5; Load Intensity = 51.0; #Success = 1; #Failed = 1; #Dropped = 41
Target Time = 62.5; Load Intensity = 52.0; #Success = 4; #Failed = 0; #Dropped = 21
Target Time = 63.5; Load Intensity = 52.0; #Success = 5; #Failed = 0; #Dropped = 26
Target Time = 64.5; Load Intensity = 53.0; #Success = 4; #Failed = 1; #Dropped = 20
Target Time = 65.5; Load Intensity = 54.0; #Success = 5; #Failed = 0; #Dropped = 31
Target Time = 66.5; Load Intensity = 55.0; #Success = 4; #Failed = 2; #Dropped = 12
Target Time = 67.5; Load Intensity = 56.0; #Success = 3; #Failed = 2; #Dropped = 30
Target Time = 68.5; Load Intensity = 57.0; #Success = 6; #Failed = 0; #Dropped = 33
Target Time = 69.5; Load Intensity = 57.0; #Success = 1; #Failed = 5; #Dropped = 22
Target Time = 70.5; Load Intensity = 58.0; #Success = 4; #Failed = 1; #Dropped = 31
Target Time = 71.5; Load Intensity = 59.0; #Success = 4; #Failed = 0; #Dropped = 24
Target Time = 72.5; Load Intensity = 60.0; #Success = 1; #Failed = 8; #Dropped = 30
Target Time = 73.5; Load Intensity = 61.0; #Success = 4; #Failed = 0; #Dropped = 33
Target Time = 74.5; Load Intensity = 62.0; #Success = 0; #Failed = 5; #Dropped = 32
Target Time = 75.5; Load Intensity = 62.0; #Success = 0; #Failed = 7; #Dropped = 30
Target Time = 76.5; Load Intensity = 63.0; #Success = 1; #Failed = 3; #Dropped = 18
Target Time = 77.5; Load Intensity = 64.0; #Success = 1; #Failed = 1; #Dropped = 56
Target Time = 78.5; Load Intensity = 65.0; #Success = 0; #Failed = 9; #Dropped = 26
Target Time = 79.5; Load Intensity = 66.0; #Success = 2; #Failed = 5; #Dropped = 32
Target Time = 80.5; Load Intensity = 67.0; #Success = 0; #Failed = 0; #Dropped = 0
Target Time = 81.5; Load Intensity = 67.0; #Success = 0; #Failed = 0; #Dropped = 0
Target Time = 82.5; Load Intensity = 68.0; #Success = 0; #Failed = 0; #Dropped = 0
Target Time = 83.5; Load Intensity = 69.0; #Success = 0; #Failed = 0; #Dropped = 0
Target Time = 84.5; Load Intensity = 70.0; #Success = 0; #Failed = 0; #Dropped = 0
Target Time = 85.5; Load Intensity = 71.0; #Success = 0; #Failed = 0; #Dropped = 0
Target Time = 86.5; Load Intensity = 72.0; #Success = 0; #Failed = 0; #Dropped = 0
Target Time = 87.5; Load Intensity = 72.0; #Success = 0; #Failed = 0; #Dropped = 0
Target Time = 88.5; Load Intensity = 73.0; #Success = 0; #Failed = 0; #Dropped = 0
Target Time = 89.5; Load Intensity = 74.0; #Success = 0; #Failed = 0; #Dropped = 0
Target Time = 90.5; Load Intensity = 75.0; #Success = 1; #Failed = 0; #Dropped = 483
Target Time = 91.5; Load Intensity = 76.0; #Success = 1; #Failed = 0; #Dropped = 33
Target Time = 92.5; Load Intensity = 77.0; #Success = 2; #Failed = 2; #Dropped = 88
Target Time = 93.5; Load Intensity = 77.0; #Success = 0; #Failed = 3; #Dropped = 44
Target Time = 94.5; Load Intensity = 78.0; #Success = 0; #Failed = 0; #Dropped = 0
Target Time = 95.5; Load Intensity = 79.0; #Success = 0; #Failed = 0; #Dropped = 0
Target Time = 96.5; Load Intensity = 80.0; #Success = 0; #Failed = 0; #Dropped = 0
Target Time = 97.5; Load Intensity = 81.0; #Success = 2; #Failed = 0; #Dropped = 197
Target Time = 98.5; Load Intensity = 82.0; #Success = 0; #Failed = 1; #Dropped = 47
Target Time = 99.5; Load Intensity = 82.0; #Success = 5; #Failed = 0; #Dropped = 81
Target Time = 100.5; Load Intensity = 83.0; #Success = 4; #Failed = 0; #Dropped = 51
Target Time = 101.5; Load Intensity = 84.0; #Success = 6; #Failed = 0; #Dropped = 67
Target Time = 102.5; Load Intensity = 85.0; #Success = 7; #Failed = 0; #Dropped = 40
Target Time = 103.5; Load Intensity = 86.0; #Success = 2; #Failed = 0; #Dropped = 66
Target Time = 104.5; Load Intensity = 87.0; #Success = 4; #Failed = 0; #Dropped = 60
Target Time = 105.5; Load Intensity = 87.0; #Success = 6; #Failed = 0; #Dropped = 51
Target Time = 106.5; Load Intensity = 88.0; #Success = 3; #Failed = 0; #Dropped = 45
Target Time = 107.5; Load Intensity = 89.0; #Success = 1; #Failed = 6; #Dropped = 76
Target Time = 108.5; Load Intensity = 90.0; #Success = 3; #Failed = 4; #Dropped = 51
Target Time = 109.5; Load Intensity = 91.0; #Success = 5; #Failed = 6; #Dropped = 69
Target Time = 110.5; Load Intensity = 92.0; #Success = 0; #Failed = 5; #Dropped = 52
Target Time = 111.5; Load Intensity = 92.0; #Success = 0; #Failed = 7; #Dropped = 46
Target Time = 112.5; Load Intensity = 93.0; #Success = 0; #Failed = 2; #Dropped = 49
Target Time = 113.5; Load Intensity = 94.0; #Success = 0; #Failed = 7; #Dropped = 97
Target Time = 114.5; Load Intensity = 95.0; #Success = 0; #Failed = 4; #Dropped = 42
Target Time = 115.5; Load Intensity = 96.0; #Success = 0; #Failed = 2; #Dropped = 52
Target Time = 116.5; Load Intensity = 97.0; #Success = 0; #Failed = 0; #Dropped = 0
Target Time = 117.5; Load Intensity = 97.0; #Success = 0; #Failed = 0; #Dropped = 0
Target Time = 118.5; Load Intensity = 98.0; #Success = 0; #Failed = 0; #Dropped = 0
Target Time = 119.5; Load Intensity = 99.0; #Success = 0; #Failed = 0; #Dropped = 0
Target Time = 120.5; Load Intensity = 0.0; #Success = 1; #Failed = 0; #Dropped = 405
Target Time = 121.5; Load Intensity = 0.0; #Success = 0; #Failed = 2; #Dropped = 39
Target Time = 122.5; Load Intensity = 0.0; #Success = 0; #Failed = 0; #Dropped = 0
Target Time = 123.5; Load Intensity = 0.0; #Success = 0; #Failed = 0; #Dropped = 0
Target Time = 124.5; Load Intensity = 0.0; #Success = 0; #Failed = 1; #Dropped = 230
Target Time = 125.5; Load Intensity = 0.0; #Success = 0; #Failed = 0; #Dropped = 0
Target Time = 126.5; Load Intensity = 0.0; #Success = 0; #Failed = 0; #Dropped = 0
Target Time = 127.5; Load Intensity = 0.0; #Success = 0; #Failed = 0; #Dropped = 0
Target Time = 128.5; Load Intensity = 0.0; #Success = 0; #Failed = 0; #Dropped = 0
Target Time = 129.5; Load Intensity = 0.0; #Success = 3; #Failed = 0; #Dropped = 411
Target Time = 130.5; Load Intensity = 0.0; #Success = 1; #Failed = 0; #Dropped = 92
Target Time = 131.5; Load Intensity = 0.0; #Success = 0; #Failed = 0; #Dropped = 0
Target Time = 132.5; Load Intensity = 0.0; #Success = 1; #Failed = 0; #Dropped = 167
Target Time = 133.5; Load Intensity = 0.0; #Success = 0; #Failed = 0; #Dropped = 0
Target Time = 134.5; Load Intensity = 0.0; #Success = 1; #Failed = 0; #Dropped = 185
Target Time = 135.5; Load Intensity = 0.0; #Success = 3; #Failed = 0; #Dropped = 83
Target Time = 136.5; Load Intensity = 0.0; #Success = 3; #Failed = 0; #Dropped = 69
Target Time = 137.5; Load Intensity = 0.0; #Success = 6; #Failed = 0; #Dropped = 105
Target Time = 138.5; Load Intensity = 0.0; #Success = 6; #Failed = 0; #Dropped = 77
Target Time = 139.5; Load Intensity = 0.0; #Success = 11; #Failed = 0; #Dropped = 87
  └─ [nitro5:sd] end 03:18:46
Target Time = 140.5; Load Intensity = 0.0; #Success = 5; #Failed = 0; #Dropped = 80
  └─ [nitro5:ram] end 03:18:47
  └─ [nitro5:nic] end 03:18:47
  └─ [nitro5:cpu] end 03:18:48
Target Time = 141.5; Load Intensity = 0.0; #Success = 6; #Failed = 0; #Dropped = 68
Target Time = 142.5; Load Intensity = 0.0; #Success = 2; #Failed = 1; #Dropped = 94
Target Time = 143.5; Load Intensity = 0.0; #Success = 6; #Failed = 0; #Dropped = 109
Target Time = 144.5; Load Intensity = 0.0; #Success = 4; #Failed = 0; #Dropped = 40
Target Time = 145.5; Load Intensity = 0.0; #Success = 2; #Failed = 0; #Dropped = 83
Target Time = 146.5; Load Intensity = 0.0; #Success = 0; #Failed = 0; #Dropped = 0
  └─ [aspire:nic] end 03:18:54
Target Time = 147.5; Load Intensity = 0.0; #Success = 0; #Failed = 0; #Dropped = 0
Target Time = 148.5; Load Intensity = 0.0; #Success = 0; #Failed = 0; #Dropped = 0
  └─ [aspire:cpu] end 03:18:55
Target Time = 149.5; Load Intensity = 0.0; #Success = 0; #Failed = 0; #Dropped = 0
  └─ [aspire:sd] end 03:18:56
  └─ [aspire:ram] end 03:18:57
Target Time = 150.5; Load Intensity = 0.0; #Success = 1; #Failed = 0; #Dropped = 452
Target Time = 151.5; Load Intensity = 0.0; #Success = 1; #Failed = 0; #Dropped = 0
Target Time = 152.5; Load Intensity = 0.0; #Success = 0; #Failed = 0; #Dropped = 0
Target Time = 153.5; Load Intensity = 0.0; #Success = 0; #Failed = 0; #Dropped = 0
Target Time = 154.5; Load Intensity = 0.0; #Success = 1; #Failed = 0; #Dropped = 0
Target Time = 155.5; Load Intensity = 0.0; #Success = 0; #Failed = 0; #Dropped = 0
Target Time = 156.5; Load Intensity = 0.0; #Success = 0; #Failed = 0; #Dropped = 0
  └─ [scorpius:cpu] end 03:19:03
Target Time = 157.5; Load Intensity = 0.0; #Success = 0; #Failed = 0; #Dropped = 0
Target Time = 158.5; Load Intensity = 0.0; #Success = 0; #Failed = 0; #Dropped = 0
  └─ [scorpius:nic] end 03:19:05
  └─ [scorpius:sd] end 03:19:05
  └─ [scorpius:ram] end 03:19:06
Target Time = 159.5; Load Intensity = 0.0; #Success = 3; #Failed = 0; #Dropped = 0
Target Time = 160.5; Load Intensity = 0.0; #Success = 1; #Failed = 0; #Dropped = 0
Target Time = 161.5; Load Intensity = 0.0; #Success = 0; #Failed = 0; #Dropped = 0
Target Time = 162.5; Load Intensity = 0.0; #Success = 1; #Failed = 4; #Dropped = 0
Target Time = 163.5; Load Intensity = 0.0; #Success = 0; #Failed = 1; #Dropped = 0
Target Time = 164.5; Load Intensity = 0.0; #Success = 1; #Failed = 12; #Dropped = 0
Target Time = 165.5; Load Intensity = 0.0; #Success = 1; #Failed = 17; #Dropped = 0
Target Time = 166.5; Load Intensity = 0.0; #Success = 0; #Failed = 19; #Dropped = 0
Target Time = 167.5; Load Intensity = 0.0; #Success = 0; #Failed = 0; #Dropped = 0
Target Time = 168.5; Load Intensity = 0.0; #Success = 0; #Failed = 0; #Dropped = 0
  └─ [leo:cpu] end 03:19:15
  └─ [leo:ram] end 03:19:15
Target Time = 169.5; Load Intensity = 0.0; #Success = 0; #Failed = 0; #Dropped = 0
Target Time = 170.5; Load Intensity = 0.0; #Success = 0; #Failed = 0; #Dropped = 0
Target Time = 171.5; Load Intensity = 0.0; #Success = 0; #Failed = 0; #Dropped = 0
  └─ [leo:sd] end 03:19:18
Target Time = 172.5; Load Intensity = 0.0; #Success = 0; #Failed = 0; #Dropped = 0
Target Time = 173.5; Load Intensity = 0.0; #Success = 1; #Failed = 0; #Dropped = 0
  └─ [leo:nic] end 03:19:20
=== Bloque 140s terminado - Fase: fase3_carga_low_iter10 ===
[🧹] Limpiando CSVs internos de ecofloc en cada nodo (fase: fase3_carga_low_iter10)...
  ✔ [nitro5:cpu] limpiado /home/luish/Documents/p3/ecofloc2/ecofloc/ecofloc-cpu/ECOFLOC_CPU_COMM_text.csv
  ✔ [nitro5:nic] limpiado /home/luish/Documents/p3/ecofloc2/ecofloc/ecofloc-nic/ECOFLOC_NIC_COMM_text.csv
  ✔ [nitro5:ram] limpiado /home/luish/Documents/p3/ecofloc2/ecofloc/ecofloc-ram/ECOFLOC_RAM_COMM_text.csv
  ✔ [nitro5:sd] limpiado /home/luish/Documents/p3/ecofloc2/ecofloc/ecofloc-sd/ECOFLOC_SD_COMM_text.csv
  ✔ [leo:cpu] limpiado /home/leo/ecofloc/ecofloc-cpu/ECOFLOC_CPU_COMM_text.csv
  ✔ [leo:nic] limpiado /home/leo/ecofloc/ecofloc-nic/ECOFLOC_NIC_COMM_text.csv
  ✔ [leo:ram] limpiado /home/leo/ecofloc/ecofloc-ram/ECOFLOC_RAM_COMM_text.csv
  ✔ [leo:sd] limpiado /home/leo/ecofloc/ecofloc-sd/ECOFLOC_SD_COMM_text.csv
  ✔ [aspire:cpu] limpiado /home/luish/Documents/p3/ecofloc2/ecofloc/ecofloc-cpu/ECOFLOC_CPU_COMM_text.csv
  ✔ [aspire:nic] limpiado /home/luish/Documents/p3/ecofloc2/ecofloc/ecofloc-nic/ECOFLOC_NIC_COMM_text.csv
  ✔ [aspire:ram] limpiado /home/luish/Documents/p3/ecofloc2/ecofloc/ecofloc-ram/ECOFLOC_RAM_COMM_text.csv
  ✔ [aspire:sd] limpiado /home/luish/Documents/p3/ecofloc2/ecofloc/ecofloc-sd/ECOFLOC_SD_COMM_text.csv
  ✔ [scorpius:cpu] limpiado /home/scorpius03/Documents/ecofloc/ecofloc-cpu/ECOFLOC_CPU_COMM_text.csv
  ✔ [scorpius:nic] limpiado /home/scorpius03/Documents/ecofloc/ecofloc-nic/ECOFLOC_NIC_COMM_text.csv
  ✔ [scorpius:ram] limpiado /home/scorpius03/Documents/ecofloc/ecofloc-ram/ECOFLOC_RAM_COMM_text.csv
  ✔ [scorpius:sd] limpiado /home/scorpius03/Documents/ecofloc/ecofloc-sd/ECOFLOC_SD_COMM_text.csv
========================================
🔋 MEASURE ENERGY FINALIZADO
   Fase: fase3_carga_low_iter10
========================================
Workload finished.
Log finished.
📄 LIMBO finalizado para scenario=low
⏳ [03:19:25] Esperando que termine medición: fase3_carga_low_iter10 (PID: 2254374)
✔️ [03:19:25] Medición fase3_carga_low_iter10 completada
[📦] Archivando resultados → ./historyexecutions/exp(03:19:30)_fase3_low_iter10
[✔] Archivado: ./historyexecutions/exp(03:19:30)_fase3_low_iter10
🧹 Limpiando TeaStore (iter 10)...
⏸ Esperando 15s para limpieza completa...
✅ Iteración 10 / 20 del escenario low completada.

########################################################
🔄 ESCENARIO: low | ITERACIÓN: 11 / 20
   Hora: 03:20:18
########################################################
========================================
🔋 FASE 1: Descarga de imágenes (low, iter 11)
========================================
📋 Capturando PIDs (gepidstea.sh)...
📋 Capturando PIDs de contenedores (kpsnodos.sh)...
🔋 [03:20:38] Iniciando medición de energía: fase1_descarga_low_iter11 (25s)
   PID de medición: 2636281
🚀 Desplegando TeaStore desde /home/luish/Documents/death/teastore/TeaStore/examples/kubernetes/teastore-energy-scheduler.yaml...
========================================
🔋 MEASURE ENERGY - Fase: fase1_descarga_low_iter11
   Duración: 25s
   PID: 2636281
========================================
=== Medición bloque 25s - Fase: fase1_descarga_low_iter11 ===
[⏱ 03:20:38] Iniciando ecofloc en nitro5 por 25s (fase: fase1_descarga_low_iter11)
⏳ Esperando a que todos los pods de TeaStore estén Running y Ready...
  ├─ [nitro5:sd] start 03:20:38
  ├─ [nitro5:ram] start 03:20:38
  ├─ [nitro5:nic] start 03:20:39
[⏱ 03:20:39] Iniciando ecofloc en aspire por 25s (fase: fase1_descarga_low_iter11)
  ├─ [nitro5:cpu] start 03:20:39
  ├─ [aspire:sd] start 03:20:39
  ├─ [aspire:ram] start 03:20:39
  ├─ [aspire:nic] start 03:20:39
[⏱ 03:20:39] Iniciando ecofloc en scorpius por 25s (fase: fase1_descarga_low_iter11)
  ├─ [aspire:cpu] start 03:20:39
  ├─ [scorpius:sd] start 03:20:39
  ├─ [scorpius:ram] start 03:20:39
  ├─ [scorpius:nic] start 03:20:39
[⏱ 03:20:39] Iniciando ecofloc en leo por 25s (fase: fase1_descarga_low_iter11)
  ├─ [scorpius:cpu] start 03:20:39
  ├─ [leo:sd] start 03:20:39
  ├─ [leo:ram] start 03:20:39
  ├─ [leo:nic] start 03:20:39
  ├─ [leo:cpu] start 03:20:39
✅ Pods listos.
⏳ [03:20:41] Esperando que termine medición: fase1_descarga_low_iter11 (PID: 2636281)
  └─ [nitro5:sd] end 03:21:03
  └─ [nitro5:ram] end 03:21:03
  └─ [aspire:cpu] end 03:21:04
  └─ [nitro5:nic] end 03:21:04
  └─ [nitro5:cpu] end 03:21:04
  └─ [leo:sd] end 03:21:04
  └─ [aspire:nic] end 03:21:05
  └─ [aspire:sd] end 03:21:05
  └─ [leo:cpu] end 03:21:05
  └─ [aspire:ram] end 03:21:05
  └─ [scorpius:sd] end 03:21:05
  └─ [leo:nic] end 03:21:05
  └─ [leo:ram] end 03:21:06
  └─ [scorpius:nic] end 03:21:06
=== Bloque 25s terminado - Fase: fase1_descarga_low_iter11 ===
[🧹] Limpiando CSVs internos de ecofloc en cada nodo (fase: fase1_descarga_low_iter11)...
  ✔ [nitro5:cpu] limpiado /home/luish/Documents/p3/ecofloc2/ecofloc/ecofloc-cpu/ECOFLOC_CPU_COMM_text.csv
  ✔ [nitro5:nic] limpiado /home/luish/Documents/p3/ecofloc2/ecofloc/ecofloc-nic/ECOFLOC_NIC_COMM_text.csv
  ✔ [nitro5:ram] limpiado /home/luish/Documents/p3/ecofloc2/ecofloc/ecofloc-ram/ECOFLOC_RAM_COMM_text.csv
  ✔ [nitro5:sd] limpiado /home/luish/Documents/p3/ecofloc2/ecofloc/ecofloc-sd/ECOFLOC_SD_COMM_text.csv
  ✔ [leo:cpu] limpiado /home/leo/ecofloc/ecofloc-cpu/ECOFLOC_CPU_COMM_text.csv
  ✔ [leo:nic] limpiado /home/leo/ecofloc/ecofloc-nic/ECOFLOC_NIC_COMM_text.csv
  ✔ [leo:ram] limpiado /home/leo/ecofloc/ecofloc-ram/ECOFLOC_RAM_COMM_text.csv
  ✔ [leo:sd] limpiado /home/leo/ecofloc/ecofloc-sd/ECOFLOC_SD_COMM_text.csv
  ✔ [aspire:cpu] limpiado /home/luish/Documents/p3/ecofloc2/ecofloc/ecofloc-cpu/ECOFLOC_CPU_COMM_text.csv
  ✔ [aspire:nic] limpiado /home/luish/Documents/p3/ecofloc2/ecofloc/ecofloc-nic/ECOFLOC_NIC_COMM_text.csv
  ✔ [aspire:ram] limpiado /home/luish/Documents/p3/ecofloc2/ecofloc/ecofloc-ram/ECOFLOC_RAM_COMM_text.csv
  ✔ [aspire:sd] limpiado /home/luish/Documents/p3/ecofloc2/ecofloc/ecofloc-sd/ECOFLOC_SD_COMM_text.csv
  ✔ [scorpius:cpu] limpiado /home/scorpius03/Documents/ecofloc/ecofloc-cpu/ECOFLOC_CPU_COMM_text.csv
  ✔ [scorpius:nic] limpiado /home/scorpius03/Documents/ecofloc/ecofloc-nic/ECOFLOC_NIC_COMM_text.csv
  ✔ [scorpius:ram] limpiado /home/scorpius03/Documents/ecofloc/ecofloc-ram/ECOFLOC_RAM_COMM_text.csv
  ✔ [scorpius:sd] limpiado /home/scorpius03/Documents/ecofloc/ecofloc-sd/ECOFLOC_SD_COMM_text.csv
========================================
🔋 MEASURE ENERGY FINALIZADO
   Fase: fase1_descarga_low_iter11
========================================
✔️ [03:21:12] Medición fase1_descarga_low_iter11 completada
[📦] Archivando resultados → ./historyexecutions/exp(03:21:17)_fase1_low_iter11
[✔] Archivado: ./historyexecutions/exp(03:21:17)_fase1_low_iter11
========================================
🔋 FASE 2: Preparación de servicios (low, iter 11)
========================================
📋 Capturando PIDs (gepidstea.sh)...
📋 Capturando PIDs de contenedores (kpsnodos.sh)...
🔋 [03:21:34] Iniciando medición de energía: fase2_preparacion_low_iter11 (50s)
   PID de medición: 2703909
========================================
🔋 MEASURE ENERGY - Fase: fase2_preparacion_low_iter11
   Duración: 50s
   PID: 2703909
========================================
=== Medición bloque 50s - Fase: fase2_preparacion_low_iter11 ===
[⏱ 03:21:34] Iniciando ecofloc en nitro5 por 50s (fase: fase2_preparacion_low_iter11)
⏳ Esperando 10s a que CoreDNS se estabilice...
  ├─ [nitro5:sd] start 03:21:34
  ├─ [nitro5:ram] start 03:21:35
  ├─ [nitro5:nic] start 03:21:35
[⏱ 03:21:35] Iniciando ecofloc en aspire por 50s (fase: fase2_preparacion_low_iter11)
  ├─ [nitro5:cpu] start 03:21:35
  ├─ [aspire:sd] start 03:21:35
  ├─ [aspire:ram] start 03:21:35
  ├─ [aspire:nic] start 03:21:35
[⏱ 03:21:35] Iniciando ecofloc en scorpius por 50s (fase: fase2_preparacion_low_iter11)
  ├─ [aspire:cpu] start 03:21:35
  ├─ [scorpius:sd] start 03:21:35
  ├─ [scorpius:ram] start 03:21:35
  ├─ [scorpius:nic] start 03:21:35
[⏱ 03:21:35] Iniciando ecofloc en leo por 50s (fase: fase2_preparacion_low_iter11)
  ├─ [scorpius:cpu] start 03:21:35
  ├─ [leo:ram] start 03:21:35
  ├─ [leo:cpu] start 03:21:35
  ├─ [leo:nic] start 03:21:35
  ├─ [leo:sd] start 03:21:35
➡️ Pod WebUI: teastore-webui-ff7768544-54kz5
➡️ Está en el nodo: luish-aspire-a315-55g
🌐 IP del nodo WebUI: 192.168.18.37
⏳ Verificando estado del TeaStore en http://192.168.18.37:30080/tools.descartes.teastore.webui/status ...
   ➤ Estado actual: 5 / 5 servicios OK
✔ TODOS los servicios del TeaStore están OK. Continuando...
⏳ [03:21:48] Esperando que termine medición: fase2_preparacion_low_iter11 (PID: 2703909)
  └─ [nitro5:sd] end 03:22:24
  └─ [nitro5:ram] end 03:22:25
  └─ [nitro5:nic] end 03:22:25
  └─ [nitro5:cpu] end 03:22:25
  └─ [aspire:sd] end 03:22:26
  └─ [aspire:cpu] end 03:22:26
  └─ [leo:sd] end 03:22:27
  └─ [aspire:nic] end 03:22:27
  └─ [scorpius:sd] end 03:22:27
  └─ [leo:cpu] end 03:22:27
  └─ [scorpius:cpu] end 03:22:28
  └─ [aspire:ram] end 03:22:28
  └─ [scorpius:nic] end 03:22:29
  └─ [leo:ram] end 03:22:29
  └─ [leo:nic] end 03:22:29
  └─ [scorpius:ram] end 03:22:30
=== Bloque 50s terminado - Fase: fase2_preparacion_low_iter11 ===
[🧹] Limpiando CSVs internos de ecofloc en cada nodo (fase: fase2_preparacion_low_iter11)...
  ✔ [nitro5:cpu] limpiado /home/luish/Documents/p3/ecofloc2/ecofloc/ecofloc-cpu/ECOFLOC_CPU_COMM_text.csv
  ✔ [nitro5:nic] limpiado /home/luish/Documents/p3/ecofloc2/ecofloc/ecofloc-nic/ECOFLOC_NIC_COMM_text.csv
  ✔ [nitro5:ram] limpiado /home/luish/Documents/p3/ecofloc2/ecofloc/ecofloc-ram/ECOFLOC_RAM_COMM_text.csv
  ✔ [nitro5:sd] limpiado /home/luish/Documents/p3/ecofloc2/ecofloc/ecofloc-sd/ECOFLOC_SD_COMM_text.csv
  ✔ [leo:cpu] limpiado /home/leo/ecofloc/ecofloc-cpu/ECOFLOC_CPU_COMM_text.csv
  ✔ [leo:nic] limpiado /home/leo/ecofloc/ecofloc-nic/ECOFLOC_NIC_COMM_text.csv
  ✔ [leo:ram] limpiado /home/leo/ecofloc/ecofloc-ram/ECOFLOC_RAM_COMM_text.csv
  ✔ [leo:sd] limpiado /home/leo/ecofloc/ecofloc-sd/ECOFLOC_SD_COMM_text.csv
  ✔ [aspire:cpu] limpiado /home/luish/Documents/p3/ecofloc2/ecofloc/ecofloc-cpu/ECOFLOC_CPU_COMM_text.csv
  ✔ [aspire:nic] limpiado /home/luish/Documents/p3/ecofloc2/ecofloc/ecofloc-nic/ECOFLOC_NIC_COMM_text.csv
  ✔ [aspire:ram] limpiado /home/luish/Documents/p3/ecofloc2/ecofloc/ecofloc-ram/ECOFLOC_RAM_COMM_text.csv
  ✔ [aspire:sd] limpiado /home/luish/Documents/p3/ecofloc2/ecofloc/ecofloc-sd/ECOFLOC_SD_COMM_text.csv
  ✔ [scorpius:cpu] limpiado /home/scorpius03/Documents/ecofloc/ecofloc-cpu/ECOFLOC_CPU_COMM_text.csv
  ✔ [scorpius:nic] limpiado /home/scorpius03/Documents/ecofloc/ecofloc-nic/ECOFLOC_NIC_COMM_text.csv
  ✔ [scorpius:ram] limpiado /home/scorpius03/Documents/ecofloc/ecofloc-ram/ECOFLOC_RAM_COMM_text.csv
  ✔ [scorpius:sd] limpiado /home/scorpius03/Documents/ecofloc/ecofloc-sd/ECOFLOC_SD_COMM_text.csv
========================================
🔋 MEASURE ENERGY FINALIZADO
   Fase: fase2_preparacion_low_iter11
========================================
✔️ [03:22:34] Medición fase2_preparacion_low_iter11 completada
[📦] Archivando resultados → ./historyexecutions/exp(03:22:39)_fase2_low_iter11
[✔] Archivado: ./historyexecutions/exp(03:22:39)_fase2_low_iter11
========================================
🔋 FASE 3: Ejecución de carga (low, iter 11)
========================================
📋 Capturando PIDs (gepidstea.sh)...
📋 Capturando PIDs de contenedores (kpsnodos.sh)...
🔋 [03:22:58] Iniciando medición de energía: fase3_carga_low_iter11 (140s)
   PID de medición: 2837065
=== Escenario low (iter 11) ===
========================================
🔋 MEASURE ENERGY - Fase: fase3_carga_low_iter11
   Duración: 140s
   PID: 2837065
========================================
=== Medición bloque 140s - Fase: fase3_carga_low_iter11 ===
🚀 Iniciando LIMBO con profile=/home/luish/Documents/death/teastore/TeaStore/examples/httploadgenerator/increasingLowIntensity.csv y script=/home/luish/Documents/death/teastore/TeaStore/examples/httploadgenerator/teastore_buy.lua
[⏱ 03:22:58] Iniciando ecofloc en nitro5 por 140s (fase: fase3_carga_low_iter11)
Mar 06, 2026 3:22:58 AM tools.descartes.dlim.httploadgenerator.runner.Director executeDirector
WARNING: No power measurements
Mar 06, 2026 3:22:58 AM tools.descartes.dlim.httploadgenerator.runner.Director executeDirector
INFO: Load Generator Thread Count set to 64
Mar 06, 2026 3:22:58 AM tools.descartes.dlim.httploadgenerator.runner.Director executeDirector
INFO: URL connection timout set to 30000 ms
Mar 06, 2026 3:22:58 AM tools.descartes.dlim.httploadgenerator.runner.Director executeDirector
INFO: Using Lua Script: /home/luish/Documents/death/teastore/TeaStore/examples/httploadgenerator/teastore_buy.lua
Mar 06, 2026 3:22:58 AM tools.descartes.dlim.httploadgenerator.runner.Director process
INFO: Read 120 Arrival Rate Tuples
Load Generator sent: ok
Mar 06, 2026 3:22:58 AM tools.descartes.dlim.httploadgenerator.runner.Director process
INFO: Arrival Rates sent to Load Generator(s).
Load Generator sent: ok
Mar 06, 2026 3:22:58 AM tools.descartes.dlim.httploadgenerator.runner.Director process
INFO: Thread Count sent to Load Generator(s): 64
Load Generator sent: ok
Mar 06, 2026 3:22:58 AM tools.descartes.dlim.httploadgenerator.runner.Director process
INFO: URL connection timeout sent to Load Generator(s): 30000
Load Generator sent: ok
Mar 06, 2026 3:22:58 AM tools.descartes.dlim.httploadgenerator.runner.Director process
INFO: Contents of script sent to Load Generator: /home/luish/Documents/death/teastore/TeaStore/examples/httploadgenerator/teastore_buy.lua
Mar 06, 2026 3:22:58 AM tools.descartes.dlim.httploadgenerator.runner.Director process
INFO: Starting Load Generation
Beginning Run @1772785378502(06.03.2026;03:22:58502)
Target Time = 0.5; Load Intensity = 0.0; #Success = 0; #Failed = 0; #Dropped = 0
  ├─ [nitro5:sd] start 03:22:58
  ├─ [nitro5:ram] start 03:22:59
  ├─ [nitro5:nic] start 03:22:59
[⏱ 03:22:59] Iniciando ecofloc en aspire por 140s (fase: fase3_carga_low_iter11)
  ├─ [nitro5:cpu] start 03:22:59
  ├─ [aspire:sd] start 03:22:59
  ├─ [aspire:ram] start 03:22:59
  ├─ [aspire:nic] start 03:22:59
[⏱ 03:22:59] Iniciando ecofloc en scorpius por 140s (fase: fase3_carga_low_iter11)
  ├─ [aspire:cpu] start 03:22:59
  ├─ [scorpius:sd] start 03:22:59
  ├─ [scorpius:ram] start 03:22:59
  ├─ [scorpius:nic] start 03:22:59
[⏱ 03:22:59] Iniciando ecofloc en leo por 140s (fase: fase3_carga_low_iter11)
  ├─ [scorpius:cpu] start 03:22:59
  ├─ [leo:sd] start 03:22:59
  ├─ [leo:ram] start 03:22:59
  ├─ [leo:nic] start 03:22:59
  ├─ [leo:cpu] start 03:22:59
Target Time = 1.5; Load Intensity = 1.0; #Success = 0; #Failed = 0; #Dropped = 0
Target Time = 2.5; Load Intensity = 2.0; #Success = 0; #Failed = 0; #Dropped = 0
Target Time = 3.5; Load Intensity = 2.0; #Success = 0; #Failed = 0; #Dropped = 0
Target Time = 4.5; Load Intensity = 3.0; #Success = 8; #Failed = 0; #Dropped = 0
Target Time = 5.5; Load Intensity = 4.0; #Success = 4; #Failed = 0; #Dropped = 0
Target Time = 6.5; Load Intensity = 5.0; #Success = 4; #Failed = 0; #Dropped = 0
Target Time = 7.5; Load Intensity = 6.0; #Success = 7; #Failed = 0; #Dropped = 0
Target Time = 8.5; Load Intensity = 7.0; #Success = 7; #Failed = 0; #Dropped = 0
Target Time = 9.5; Load Intensity = 7.0; #Success = 7; #Failed = 0; #Dropped = 0
Target Time = 10.5; Load Intensity = 8.0; #Success = 7; #Failed = 0; #Dropped = 0
Target Time = 11.5; Load Intensity = 9.0; #Success = 10; #Failed = 0; #Dropped = 0
Target Time = 12.5; Load Intensity = 10.0; #Success = 10; #Failed = 0; #Dropped = 0
Target Time = 13.5; Load Intensity = 11.0; #Success = 0; #Failed = 0; #Dropped = 0
Target Time = 14.5; Load Intensity = 12.0; #Success = 21; #Failed = 0; #Dropped = 0
Target Time = 15.5; Load Intensity = 12.0; #Success = 11; #Failed = 0; #Dropped = 0
Target Time = 16.5; Load Intensity = 13.0; #Success = 16; #Failed = 0; #Dropped = 0
Target Time = 17.5; Load Intensity = 14.0; #Success = 12; #Failed = 0; #Dropped = 0
Target Time = 18.5; Load Intensity = 15.0; #Success = 4; #Failed = 0; #Dropped = 0
Target Time = 19.5; Load Intensity = 16.0; #Success = 13; #Failed = 0; #Dropped = 0
Target Time = 20.5; Load Intensity = 17.0; #Success = 11; #Failed = 0; #Dropped = 0
Target Time = 21.5; Load Intensity = 17.0; #Success = 20; #Failed = 0; #Dropped = 0
Target Time = 22.5; Load Intensity = 18.0; #Success = 9; #Failed = 0; #Dropped = 0
Target Time = 23.5; Load Intensity = 19.0; #Success = 8; #Failed = 0; #Dropped = 0
Target Time = 24.5; Load Intensity = 20.0; #Success = 3; #Failed = 0; #Dropped = 0
Target Time = 25.5; Load Intensity = 21.0; #Success = 0; #Failed = 0; #Dropped = 0
Target Time = 26.5; Load Intensity = 22.0; #Success = 0; #Failed = 0; #Dropped = 0
Target Time = 27.5; Load Intensity = 22.0; #Success = 0; #Failed = 0; #Dropped = 0
Target Time = 28.5; Load Intensity = 23.0; #Success = 0; #Failed = 0; #Dropped = 0
Target Time = 29.5; Load Intensity = 24.0; #Success = 0; #Failed = 0; #Dropped = 0
Target Time = 30.5; Load Intensity = 25.0; #Success = 0; #Failed = 0; #Dropped = 0
Target Time = 31.5; Load Intensity = 26.0; #Success = 0; #Failed = 0; #Dropped = 0
Target Time = 32.5; Load Intensity = 27.0; #Success = 0; #Failed = 9; #Dropped = 0
Target Time = 33.5; Load Intensity = 27.0; #Success = 0; #Failed = 9; #Dropped = 0
Target Time = 34.5; Load Intensity = 28.0; #Success = 0; #Failed = 5; #Dropped = 0
Target Time = 35.5; Load Intensity = 29.0; #Success = 0; #Failed = 2; #Dropped = 0
Target Time = 36.5; Load Intensity = 30.0; #Success = 0; #Failed = 0; #Dropped = 0
Target Time = 37.5; Load Intensity = 31.0; #Success = 0; #Failed = 0; #Dropped = 0
Target Time = 38.5; Load Intensity = 32.0; #Success = 0; #Failed = 0; #Dropped = 0
Target Time = 39.5; Load Intensity = 32.0; #Success = 0; #Failed = 1; #Dropped = 0
Target Time = 40.5; Load Intensity = 33.0; #Success = 0; #Failed = 1; #Dropped = 0
Target Time = 41.5; Load Intensity = 34.0; #Success = 0; #Failed = 2; #Dropped = 0
Target Time = 42.5; Load Intensity = 35.0; #Success = 0; #Failed = 0; #Dropped = 0
Target Time = 43.5; Load Intensity = 36.0; #Success = 0; #Failed = 0; #Dropped = 0
Target Time = 44.5; Load Intensity = 37.0; #Success = 0; #Failed = 1; #Dropped = 0
Target Time = 45.5; Load Intensity = 37.0; #Success = 0; #Failed = 3; #Dropped = 0
Target Time = 46.5; Load Intensity = 38.0; #Success = 0; #Failed = 4; #Dropped = 0
Target Time = 47.5; Load Intensity = 39.0; #Success = 0; #Failed = 0; #Dropped = 0
Target Time = 48.5; Load Intensity = 40.0; #Success = 0; #Failed = 0; #Dropped = 0
Target Time = 49.5; Load Intensity = 41.0; #Success = 0; #Failed = 0; #Dropped = 0
Target Time = 50.5; Load Intensity = 42.0; #Success = 0; #Failed = 0; #Dropped = 0
Target Time = 51.5; Load Intensity = 42.0; #Success = 0; #Failed = 1; #Dropped = 0
Target Time = 52.5; Load Intensity = 43.0; #Success = 4; #Failed = 2; #Dropped = 0
Target Time = 53.5; Load Intensity = 44.0; #Success = 0; #Failed = 3; #Dropped = 0
Target Time = 54.5; Load Intensity = 45.0; #Success = 11; #Failed = 0; #Dropped = 0
Target Time = 55.5; Load Intensity = 46.0; #Success = 6; #Failed = 0; #Dropped = 0
Target Time = 56.5; Load Intensity = 47.0; #Success = 0; #Failed = 0; #Dropped = 0
Target Time = 57.5; Load Intensity = 47.0; #Success = 0; #Failed = 0; #Dropped = 0
Target Time = 58.5; Load Intensity = 48.0; #Success = 0; #Failed = 0; #Dropped = 0
Target Time = 59.5; Load Intensity = 49.0; #Success = 0; #Failed = 0; #Dropped = 0
Target Time = 60.5; Load Intensity = 50.0; #Success = 0; #Failed = 0; #Dropped = 0
Target Time = 61.5; Load Intensity = 51.0; #Success = 0; #Failed = 0; #Dropped = 0
Target Time = 62.5; Load Intensity = 52.0; #Success = 8; #Failed = 0; #Dropped = 113
Target Time = 63.5; Load Intensity = 52.0; #Success = 11; #Failed = 0; #Dropped = 14
Target Time = 64.5; Load Intensity = 53.0; #Success = 4; #Failed = 3; #Dropped = 12
Target Time = 65.5; Load Intensity = 54.0; #Success = 1; #Failed = 9; #Dropped = 28
Target Time = 66.5; Load Intensity = 55.0; #Success = 0; #Failed = 3; #Dropped = 2
Target Time = 67.5; Load Intensity = 56.0; #Success = 0; #Failed = 0; #Dropped = 0
Target Time = 68.5; Load Intensity = 57.0; #Success = 0; #Failed = 0; #Dropped = 0
Target Time = 69.5; Load Intensity = 57.0; #Success = 1; #Failed = 0; #Dropped = 113
Target Time = 70.5; Load Intensity = 58.0; #Success = 0; #Failed = 1; #Dropped = 8
Target Time = 71.5; Load Intensity = 59.0; #Success = 1; #Failed = 0; #Dropped = 44
Target Time = 72.5; Load Intensity = 60.0; #Success = 0; #Failed = 16; #Dropped = 33
Target Time = 73.5; Load Intensity = 61.0; #Success = 0; #Failed = 0; #Dropped = 0
Target Time = 74.5; Load Intensity = 62.0; #Success = 0; #Failed = 2; #Dropped = 56
Target Time = 75.5; Load Intensity = 62.0; #Success = 0; #Failed = 0; #Dropped = 0
Target Time = 76.5; Load Intensity = 63.0; #Success = 0; #Failed = 0; #Dropped = 0
Target Time = 77.5; Load Intensity = 64.0; #Success = 0; #Failed = 0; #Dropped = 0
Target Time = 78.5; Load Intensity = 65.0; #Success = 0; #Failed = 0; #Dropped = 0
Target Time = 79.5; Load Intensity = 66.0; #Success = 0; #Failed = 2; #Dropped = 199
Target Time = 80.5; Load Intensity = 67.0; #Success = 0; #Failed = 2; #Dropped = 12
Target Time = 81.5; Load Intensity = 67.0; #Success = 0; #Failed = 0; #Dropped = 0
Target Time = 82.5; Load Intensity = 68.0; #Success = 0; #Failed = 10; #Dropped = 108
Target Time = 83.5; Load Intensity = 69.0; #Success = 0; #Failed = 0; #Dropped = 0
Target Time = 84.5; Load Intensity = 70.0; #Success = 0; #Failed = 0; #Dropped = 0
Target Time = 85.5; Load Intensity = 71.0; #Success = 2; #Failed = 0; #Dropped = 113
Target Time = 86.5; Load Intensity = 72.0; #Success = 0; #Failed = 0; #Dropped = 0
Target Time = 87.5; Load Intensity = 72.0; #Success = 0; #Failed = 5; #Dropped = 99
Target Time = 88.5; Load Intensity = 73.0; #Success = 0; #Failed = 11; #Dropped = 51
Target Time = 89.5; Load Intensity = 74.0; #Success = 0; #Failed = 1; #Dropped = 9
Target Time = 90.5; Load Intensity = 75.0; #Success = 0; #Failed = 0; #Dropped = 0
Target Time = 91.5; Load Intensity = 76.0; #Success = 0; #Failed = 0; #Dropped = 0
Target Time = 92.5; Load Intensity = 77.0; #Success = 3; #Failed = 1; #Dropped = 195
Target Time = 93.5; Load Intensity = 77.0; #Success = 0; #Failed = 7; #Dropped = 40
Target Time = 94.5; Load Intensity = 78.0; #Success = 0; #Failed = 0; #Dropped = 0
Target Time = 95.5; Load Intensity = 79.0; #Success = 2; #Failed = 0; #Dropped = 108
Target Time = 96.5; Load Intensity = 80.0; #Success = 0; #Failed = 0; #Dropped = 0
Target Time = 97.5; Load Intensity = 81.0; #Success = 0; #Failed = 16; #Dropped = 90
Target Time = 98.5; Load Intensity = 82.0; #Success = 0; #Failed = 0; #Dropped = 0
Target Time = 99.5; Load Intensity = 82.0; #Success = 0; #Failed = 0; #Dropped = 0
Target Time = 100.5; Load Intensity = 83.0; #Success = 0; #Failed = 0; #Dropped = 0
Target Time = 101.5; Load Intensity = 84.0; #Success = 0; #Failed = 0; #Dropped = 0
Target Time = 102.5; Load Intensity = 85.0; #Success = 2; #Failed = 8; #Dropped = 271
Target Time = 103.5; Load Intensity = 86.0; #Success = 0; #Failed = 2; #Dropped = 77
Target Time = 104.5; Load Intensity = 87.0; #Success = 0; #Failed = 0; #Dropped = 0
Target Time = 105.5; Load Intensity = 87.0; #Success = 0; #Failed = 1; #Dropped = 65
Target Time = 106.5; Load Intensity = 88.0; #Success = 0; #Failed = 5; #Dropped = 109
Target Time = 107.5; Load Intensity = 89.0; #Success = 0; #Failed = 0; #Dropped = 0
Target Time = 108.5; Load Intensity = 90.0; #Success = 0; #Failed = 1; #Dropped = 73
Target Time = 109.5; Load Intensity = 91.0; #Success = 3; #Failed = 7; #Dropped = 126
Target Time = 110.5; Load Intensity = 92.0; #Success = 0; #Failed = 4; #Dropped = 43
Target Time = 111.5; Load Intensity = 92.0; #Success = 0; #Failed = 0; #Dropped = 0
Target Time = 112.5; Load Intensity = 93.0; #Success = 1; #Failed = 1; #Dropped = 124
Target Time = 113.5; Load Intensity = 94.0; #Success = 0; #Failed = 4; #Dropped = 24
Target Time = 114.5; Load Intensity = 95.0; #Success = 0; #Failed = 0; #Dropped = 0
Target Time = 115.5; Load Intensity = 96.0; #Success = 0; #Failed = 0; #Dropped = 0
Target Time = 116.5; Load Intensity = 97.0; #Success = 0; #Failed = 0; #Dropped = 0
Target Time = 117.5; Load Intensity = 97.0; #Success = 0; #Failed = 3; #Dropped = 344
Target Time = 118.5; Load Intensity = 98.0; #Success = 3; #Failed = 0; #Dropped = 12
Target Time = 119.5; Load Intensity = 99.0; #Success = 0; #Failed = 1; #Dropped = 68
Target Time = 120.5; Load Intensity = 0.0; #Success = 0; #Failed = 2; #Dropped = 129
Target Time = 121.5; Load Intensity = 0.0; #Success = 0; #Failed = 4; #Dropped = 22
Target Time = 122.5; Load Intensity = 0.0; #Success = 2; #Failed = 3; #Dropped = 123
Target Time = 123.5; Load Intensity = 0.0; #Success = 0; #Failed = 7; #Dropped = 60
Target Time = 124.5; Load Intensity = 0.0; #Success = 0; #Failed = 0; #Dropped = 0
Target Time = 125.5; Load Intensity = 0.0; #Success = 0; #Failed = 0; #Dropped = 0
Target Time = 126.5; Load Intensity = 0.0; #Success = 0; #Failed = 0; #Dropped = 0
Target Time = 127.5; Load Intensity = 0.0; #Success = 0; #Failed = 0; #Dropped = 0
Target Time = 128.5; Load Intensity = 0.0; #Success = 0; #Failed = 0; #Dropped = 0
Target Time = 129.5; Load Intensity = 0.0; #Success = 0; #Failed = 5; #Dropped = 470
Target Time = 130.5; Load Intensity = 0.0; #Success = 0; #Failed = 6; #Dropped = 38
Target Time = 131.5; Load Intensity = 0.0; #Success = 0; #Failed = 1; #Dropped = 111
Target Time = 132.5; Load Intensity = 0.0; #Success = 0; #Failed = 0; #Dropped = 0
Target Time = 133.5; Load Intensity = 0.0; #Success = 0; #Failed = 6; #Dropped = 163
Target Time = 134.5; Load Intensity = 0.0; #Success = 0; #Failed = 0; #Dropped = 0
Target Time = 135.5; Load Intensity = 0.0; #Success = 0; #Failed = 0; #Dropped = 0
Target Time = 136.5; Load Intensity = 0.0; #Success = 1; #Failed = 0; #Dropped = 277
Target Time = 137.5; Load Intensity = 0.0; #Success = 13; #Failed = 0; #Dropped = 96
Target Time = 138.5; Load Intensity = 0.0; #Success = 8; #Failed = 0; #Dropped = 40
Target Time = 139.5; Load Intensity = 0.0; #Success = 6; #Failed = 0; #Dropped = 124
  └─ [nitro5:sd] end 03:25:18
Target Time = 140.5; Load Intensity = 0.0; #Success = 4; #Failed = 0; #Dropped = 71
  └─ [nitro5:ram] end 03:25:19
  └─ [nitro5:nic] end 03:25:19
  └─ [nitro5:cpu] end 03:25:19
Target Time = 141.5; Load Intensity = 0.0; #Success = 0; #Failed = 3; #Dropped = 54
Target Time = 142.5; Load Intensity = 0.0; #Success = 1; #Failed = 0; #Dropped = 130
Target Time = 143.5; Load Intensity = 0.0; #Success = 3; #Failed = 0; #Dropped = 31
Target Time = 144.5; Load Intensity = 0.0; #Success = 1; #Failed = 0; #Dropped = 153
Target Time = 145.5; Load Intensity = 0.0; #Success = 0; #Failed = 1; #Dropped = 91
Target Time = 146.5; Load Intensity = 0.0; #Success = 0; #Failed = 5; #Dropped = 108
Target Time = 147.5; Load Intensity = 0.0; #Success = 0; #Failed = 5; #Dropped = 17
  └─ [scorpius:nic] end 03:25:26
Target Time = 148.5; Load Intensity = 0.0; #Success = 3; #Failed = 0; #Dropped = 85
Target Time = 149.5; Load Intensity = 0.0; #Success = 0; #Failed = 0; #Dropped = 0
Target Time = 150.5; Load Intensity = 0.0; #Success = 0; #Failed = 0; #Dropped = 0
  └─ [scorpius:cpu] end 03:25:29
Target Time = 151.5; Load Intensity = 0.0; #Success = 2; #Failed = 3; #Dropped = 186
Target Time = 152.5; Load Intensity = 0.0; #Success = 3; #Failed = 3; #Dropped = 0
Target Time = 153.5; Load Intensity = 0.0; #Success = 1; #Failed = 1; #Dropped = 0
  └─ [leo:nic] end 03:25:32
  └─ [leo:sd] end 03:25:32
  └─ [leo:cpu] end 03:25:33
Target Time = 154.5; Load Intensity = 0.0; #Success = 0; #Failed = 0; #Dropped = 0
  └─ [leo:ram] end 03:25:33
Target Time = 155.5; Load Intensity = 0.0; #Success = 0; #Failed = 0; #Dropped = 0
Target Time = 156.5; Load Intensity = 0.0; #Success = 0; #Failed = 0; #Dropped = 0
  └─ [scorpius:ram] end 03:25:35
  └─ [scorpius:sd] end 03:25:35
Target Time = 157.5; Load Intensity = 0.0; #Success = 0; #Failed = 0; #Dropped = 0
Target Time = 158.5; Load Intensity = 0.0; #Success = 0; #Failed = 1; #Dropped = 0
Target Time = 159.5; Load Intensity = 0.0; #Success = 5; #Failed = 2; #Dropped = 0
Target Time = 160.5; Load Intensity = 0.0; #Success = 3; #Failed = 4; #Dropped = 0
Target Time = 161.5; Load Intensity = 0.0; #Success = 1; #Failed = 0; #Dropped = 0
Target Time = 162.5; Load Intensity = 0.0; #Success = 0; #Failed = 0; #Dropped = 0
Target Time = 163.5; Load Intensity = 0.0; #Success = 1; #Failed = 10; #Dropped = 0
Target Time = 164.5; Load Intensity = 0.0; #Success = 0; #Failed = 0; #Dropped = 0
Target Time = 165.5; Load Intensity = 0.0; #Success = 0; #Failed = 0; #Dropped = 0
Target Time = 166.5; Load Intensity = 0.0; #Success = 0; #Failed = 0; #Dropped = 0
Target Time = 167.5; Load Intensity = 0.0; #Success = 0; #Failed = 1; #Dropped = 0
Target Time = 168.5; Load Intensity = 0.0; #Success = 0; #Failed = 3; #Dropped = 0
Target Time = 169.5; Load Intensity = 0.0; #Success = 3; #Failed = 0; #Dropped = 0
  └─ [aspire:nic] end 03:25:48
Target Time = 170.5; Load Intensity = 0.0; #Success = 4; #Failed = 0; #Dropped = 0
Target Time = 171.5; Load Intensity = 0.0; #Success = 0; #Failed = 0; #Dropped = 0
Target Time = 172.5; Load Intensity = 0.0; #Success = 0; #Failed = 0; #Dropped = 0
Target Time = 173.5; Load Intensity = 0.0; #Success = 1; #Failed = 0; #Dropped = 0
Target Time = 174.5; Load Intensity = 0.0; #Success = 0; #Failed = 0; #Dropped = 0
Target Time = 175.5; Load Intensity = 0.0; #Success = 0; #Failed = 0; #Dropped = 0
Target Time = 176.5; Load Intensity = 0.0; #Success = 5; #Failed = 0; #Dropped = 0
Target Time = 177.5; Load Intensity = 0.0; #Success = 6; #Failed = 0; #Dropped = 0
Target Time = 178.5; Load Intensity = 0.0; #Success = 1; #Failed = 0; #Dropped = 0
  └─ [aspire:cpu] end 03:25:58
  └─ [aspire:sd] end 03:25:59
  └─ [aspire:ram] end 03:25:59
=== Bloque 140s terminado - Fase: fase3_carga_low_iter11 ===
[🧹] Limpiando CSVs internos de ecofloc en cada nodo (fase: fase3_carga_low_iter11)...
  ✔ [nitro5:cpu] limpiado /home/luish/Documents/p3/ecofloc2/ecofloc/ecofloc-cpu/ECOFLOC_CPU_COMM_text.csv
  ✔ [nitro5:nic] limpiado /home/luish/Documents/p3/ecofloc2/ecofloc/ecofloc-nic/ECOFLOC_NIC_COMM_text.csv
  ✔ [nitro5:ram] limpiado /home/luish/Documents/p3/ecofloc2/ecofloc/ecofloc-ram/ECOFLOC_RAM_COMM_text.csv
  ✔ [nitro5:sd] limpiado /home/luish/Documents/p3/ecofloc2/ecofloc/ecofloc-sd/ECOFLOC_SD_COMM_text.csv
Workload finished.
Log finished.
📄 LIMBO finalizado para scenario=low
⏳ [03:26:02] Esperando que termine medición: fase3_carga_low_iter11 (PID: 2837065)
  ✔ [leo:cpu] limpiado /home/leo/ecofloc/ecofloc-cpu/ECOFLOC_CPU_COMM_text.csv
  ✔ [leo:nic] limpiado /home/leo/ecofloc/ecofloc-nic/ECOFLOC_NIC_COMM_text.csv
  ✔ [leo:ram] limpiado /home/leo/ecofloc/ecofloc-ram/ECOFLOC_RAM_COMM_text.csv
  ✔ [leo:sd] limpiado /home/leo/ecofloc/ecofloc-sd/ECOFLOC_SD_COMM_text.csv
  ✔ [aspire:cpu] limpiado /home/luish/Documents/p3/ecofloc2/ecofloc/ecofloc-cpu/ECOFLOC_CPU_COMM_text.csv
  ✔ [aspire:nic] limpiado /home/luish/Documents/p3/ecofloc2/ecofloc/ecofloc-nic/ECOFLOC_NIC_COMM_text.csv
  ✔ [aspire:ram] limpiado /home/luish/Documents/p3/ecofloc2/ecofloc/ecofloc-ram/ECOFLOC_RAM_COMM_text.csv
  ✔ [aspire:sd] limpiado /home/luish/Documents/p3/ecofloc2/ecofloc/ecofloc-sd/ECOFLOC_SD_COMM_text.csv
  ✔ [scorpius:cpu] limpiado /home/scorpius03/Documents/ecofloc/ecofloc-cpu/ECOFLOC_CPU_COMM_text.csv
  ✔ [scorpius:nic] limpiado /home/scorpius03/Documents/ecofloc/ecofloc-nic/ECOFLOC_NIC_COMM_text.csv
  ✔ [scorpius:ram] limpiado /home/scorpius03/Documents/ecofloc/ecofloc-ram/ECOFLOC_RAM_COMM_text.csv
  ✔ [scorpius:sd] limpiado /home/scorpius03/Documents/ecofloc/ecofloc-sd/ECOFLOC_SD_COMM_text.csv
========================================
🔋 MEASURE ENERGY FINALIZADO
   Fase: fase3_carga_low_iter11
========================================
✔️ [03:26:21] Medición fase3_carga_low_iter11 completada
[📦] Archivando resultados → ./historyexecutions/exp(03:26:26)_fase3_low_iter11
[✔] Archivado: ./historyexecutions/exp(03:26:26)_fase3_low_iter11
🧹 Limpiando TeaStore (iter 11)...
⏸ Esperando 15s para limpieza completa...
✅ Iteración 11 / 20 del escenario low completada.

########################################################
🔄 ESCENARIO: low | ITERACIÓN: 12 / 20
   Hora: 03:27:14
########################################################
========================================
🔋 FASE 1: Descarga de imágenes (low, iter 12)
========================================
📋 Capturando PIDs (gepidstea.sh)...
📋 Capturando PIDs de contenedores (kpsnodos.sh)...
🔋 [03:27:34] Iniciando medición de energía: fase1_descarga_low_iter12 (25s)
   PID de medición: 3203151
🚀 Desplegando TeaStore desde /home/luish/Documents/death/teastore/TeaStore/examples/kubernetes/teastore-energy-scheduler.yaml...
========================================
🔋 MEASURE ENERGY - Fase: fase1_descarga_low_iter12
   Duración: 25s
   PID: 3203151
========================================
=== Medición bloque 25s - Fase: fase1_descarga_low_iter12 ===
[⏱ 03:27:34] Iniciando ecofloc en nitro5 por 25s (fase: fase1_descarga_low_iter12)
⏳ Esperando a que todos los pods de TeaStore estén Running y Ready...
  ├─ [nitro5:sd] start 03:27:34
  ├─ [nitro5:ram] start 03:27:35
  ├─ [nitro5:nic] start 03:27:35
[⏱ 03:27:35] Iniciando ecofloc en aspire por 25s (fase: fase1_descarga_low_iter12)
  ├─ [nitro5:cpu] start 03:27:35
  ├─ [aspire:sd] start 03:27:35
  ├─ [aspire:ram] start 03:27:35
[⏱ 03:27:35] Iniciando ecofloc en scorpius por 25s (fase: fase1_descarga_low_iter12)
  ├─ [aspire:nic] start 03:27:35
  ├─ [aspire:cpu] start 03:27:35
  ├─ [scorpius:sd] start 03:27:35
  ├─ [scorpius:ram] start 03:27:35
  ├─ [scorpius:nic] start 03:27:35
[⏱ 03:27:35] Iniciando ecofloc en leo por 25s (fase: fase1_descarga_low_iter12)
  ├─ [scorpius:cpu] start 03:27:35
  ├─ [leo:sd] start 03:27:35
  ├─ [leo:ram] start 03:27:35
  ├─ [leo:nic] start 03:27:35
  ├─ [leo:cpu] start 03:27:35
✅ Pods listos.
⏳ [03:27:38] Esperando que termine medición: fase1_descarga_low_iter12 (PID: 3203151)
  └─ [nitro5:sd] end 03:27:59
  └─ [nitro5:ram] end 03:28:00
  └─ [nitro5:nic] end 03:28:00
  └─ [nitro5:cpu] end 03:28:00
  └─ [aspire:sd] end 03:28:01
  └─ [aspire:cpu] end 03:28:01
  └─ [leo:cpu] end 03:28:01
  └─ [leo:sd] end 03:28:02
  └─ [scorpius:sd] end 03:28:02
  └─ [scorpius:cpu] end 03:28:02
  └─ [leo:nic] end 03:28:02
  └─ [leo:ram] end 03:28:02
  └─ [aspire:ram] end 03:28:02
  └─ [aspire:nic] end 03:28:02
  └─ [scorpius:nic] end 03:28:02
=== Bloque 25s terminado - Fase: fase1_descarga_low_iter12 ===
[🧹] Limpiando CSVs internos de ecofloc en cada nodo (fase: fase1_descarga_low_iter12)...
  ✔ [nitro5:cpu] limpiado /home/luish/Documents/p3/ecofloc2/ecofloc/ecofloc-cpu/ECOFLOC_CPU_COMM_text.csv
  ✔ [nitro5:nic] limpiado /home/luish/Documents/p3/ecofloc2/ecofloc/ecofloc-nic/ECOFLOC_NIC_COMM_text.csv
  ✔ [nitro5:ram] limpiado /home/luish/Documents/p3/ecofloc2/ecofloc/ecofloc-ram/ECOFLOC_RAM_COMM_text.csv
  ✔ [nitro5:sd] limpiado /home/luish/Documents/p3/ecofloc2/ecofloc/ecofloc-sd/ECOFLOC_SD_COMM_text.csv
  ✔ [leo:cpu] limpiado /home/leo/ecofloc/ecofloc-cpu/ECOFLOC_CPU_COMM_text.csv
  ✔ [leo:nic] limpiado /home/leo/ecofloc/ecofloc-nic/ECOFLOC_NIC_COMM_text.csv
  ✔ [leo:ram] limpiado /home/leo/ecofloc/ecofloc-ram/ECOFLOC_RAM_COMM_text.csv
  ✔ [leo:sd] limpiado /home/leo/ecofloc/ecofloc-sd/ECOFLOC_SD_COMM_text.csv
  ✔ [aspire:cpu] limpiado /home/luish/Documents/p3/ecofloc2/ecofloc/ecofloc-cpu/ECOFLOC_CPU_COMM_text.csv
  ✔ [aspire:nic] limpiado /home/luish/Documents/p3/ecofloc2/ecofloc/ecofloc-nic/ECOFLOC_NIC_COMM_text.csv
  ✔ [aspire:ram] limpiado /home/luish/Documents/p3/ecofloc2/ecofloc/ecofloc-ram/ECOFLOC_RAM_COMM_text.csv
  ✔ [aspire:sd] limpiado /home/luish/Documents/p3/ecofloc2/ecofloc/ecofloc-sd/ECOFLOC_SD_COMM_text.csv
  ✔ [scorpius:cpu] limpiado /home/scorpius03/Documents/ecofloc/ecofloc-cpu/ECOFLOC_CPU_COMM_text.csv
  ✔ [scorpius:nic] limpiado /home/scorpius03/Documents/ecofloc/ecofloc-nic/ECOFLOC_NIC_COMM_text.csv
  ✔ [scorpius:ram] limpiado /home/scorpius03/Documents/ecofloc/ecofloc-ram/ECOFLOC_RAM_COMM_text.csv
  ✔ [scorpius:sd] limpiado /home/scorpius03/Documents/ecofloc/ecofloc-sd/ECOFLOC_SD_COMM_text.csv
========================================
🔋 MEASURE ENERGY FINALIZADO
   Fase: fase1_descarga_low_iter12
========================================
✔️ [03:28:07] Medición fase1_descarga_low_iter12 completada
[📦] Archivando resultados → ./historyexecutions/exp(03:28:12)_fase1_low_iter12
[✔] Archivado: ./historyexecutions/exp(03:28:12)_fase1_low_iter12
========================================
🔋 FASE 2: Preparación de servicios (low, iter 12)
========================================
📋 Capturando PIDs (gepidstea.sh)...
📋 Capturando PIDs de contenedores (kpsnodos.sh)...
🔋 [03:28:27] Iniciando medición de energía: fase2_preparacion_low_iter12 (50s)
   PID de medición: 3268924
========================================
🔋 MEASURE ENERGY - Fase: fase2_preparacion_low_iter12
   Duración: 50s
   PID: 3268924
========================================
=== Medición bloque 50s - Fase: fase2_preparacion_low_iter12 ===
[⏱ 03:28:27] Iniciando ecofloc en nitro5 por 50s (fase: fase2_preparacion_low_iter12)
⏳ Esperando 10s a que CoreDNS se estabilice...
  ├─ [nitro5:sd] start 03:28:28
  ├─ [nitro5:ram] start 03:28:28
  ├─ [nitro5:nic] start 03:28:29
[⏱ 03:28:29] Iniciando ecofloc en aspire por 50s (fase: fase2_preparacion_low_iter12)
  ├─ [nitro5:cpu] start 03:28:29
  ├─ [aspire:sd] start 03:28:29
  ├─ [aspire:ram] start 03:28:29
  ├─ [aspire:nic] start 03:28:29
[⏱ 03:28:29] Iniciando ecofloc en scorpius por 50s (fase: fase2_preparacion_low_iter12)
  ├─ [aspire:cpu] start 03:28:29
  ├─ [scorpius:sd] start 03:28:29
  ├─ [scorpius:ram] start 03:28:29
  ├─ [scorpius:nic] start 03:28:29
[⏱ 03:28:29] Iniciando ecofloc en leo por 50s (fase: fase2_preparacion_low_iter12)
  ├─ [scorpius:cpu] start 03:28:29
  ├─ [leo:sd] start 03:28:29
  ├─ [leo:ram] start 03:28:29
  ├─ [leo:cpu] start 03:28:29
  ├─ [leo:nic] start 03:28:29
➡️ Pod WebUI: teastore-webui-ff7768544-nmhds
➡️ Está en el nodo: scorpius03
🌐 IP del nodo WebUI: 192.168.18.34
⏳ Verificando estado del TeaStore en http://192.168.18.34:30080/tools.descartes.teastore.webui/status ...
   ➤ Estado actual: 5 / 5 servicios OK
✔ TODOS los servicios del TeaStore están OK. Continuando...
⏳ [03:28:44] Esperando que termine medición: fase2_preparacion_low_iter12 (PID: 3268924)
  └─ [nitro5:sd] end 03:29:18
  └─ [nitro5:ram] end 03:29:18
  └─ [nitro5:nic] end 03:29:19
  └─ [nitro5:cpu] end 03:29:19
  └─ [aspire:cpu] end 03:29:20
  └─ [aspire:sd] end 03:29:20
  └─ [leo:cpu] end 03:29:21
  └─ [leo:sd] end 03:29:21
  └─ [aspire:nic] end 03:29:21
  └─ [leo:nic] end 03:29:22
  └─ [scorpius:sd] end 03:29:22
  └─ [scorpius:cpu] end 03:29:22
  └─ [aspire:ram] end 03:29:22
  └─ [leo:ram] end 03:29:22
  └─ [scorpius:nic] end 03:29:22
  └─ [scorpius:ram] end 03:29:22
=== Bloque 50s terminado - Fase: fase2_preparacion_low_iter12 ===
[🧹] Limpiando CSVs internos de ecofloc en cada nodo (fase: fase2_preparacion_low_iter12)...
  ✔ [nitro5:cpu] limpiado /home/luish/Documents/p3/ecofloc2/ecofloc/ecofloc-cpu/ECOFLOC_CPU_COMM_text.csv
  ✔ [nitro5:nic] limpiado /home/luish/Documents/p3/ecofloc2/ecofloc/ecofloc-nic/ECOFLOC_NIC_COMM_text.csv
  ✔ [nitro5:ram] limpiado /home/luish/Documents/p3/ecofloc2/ecofloc/ecofloc-ram/ECOFLOC_RAM_COMM_text.csv
  ✔ [nitro5:sd] limpiado /home/luish/Documents/p3/ecofloc2/ecofloc/ecofloc-sd/ECOFLOC_SD_COMM_text.csv
  ✔ [leo:cpu] limpiado /home/leo/ecofloc/ecofloc-cpu/ECOFLOC_CPU_COMM_text.csv
  ✔ [leo:nic] limpiado /home/leo/ecofloc/ecofloc-nic/ECOFLOC_NIC_COMM_text.csv
  ✔ [leo:ram] limpiado /home/leo/ecofloc/ecofloc-ram/ECOFLOC_RAM_COMM_text.csv
  ✔ [leo:sd] limpiado /home/leo/ecofloc/ecofloc-sd/ECOFLOC_SD_COMM_text.csv
  ✔ [aspire:cpu] limpiado /home/luish/Documents/p3/ecofloc2/ecofloc/ecofloc-cpu/ECOFLOC_CPU_COMM_text.csv
  ✔ [aspire:nic] limpiado /home/luish/Documents/p3/ecofloc2/ecofloc/ecofloc-nic/ECOFLOC_NIC_COMM_text.csv
  ✔ [aspire:ram] limpiado /home/luish/Documents/p3/ecofloc2/ecofloc/ecofloc-ram/ECOFLOC_RAM_COMM_text.csv
  ✔ [aspire:sd] limpiado /home/luish/Documents/p3/ecofloc2/ecofloc/ecofloc-sd/ECOFLOC_SD_COMM_text.csv
  ✔ [scorpius:cpu] limpiado /home/scorpius03/Documents/ecofloc/ecofloc-cpu/ECOFLOC_CPU_COMM_text.csv
  ✔ [scorpius:nic] limpiado /home/scorpius03/Documents/ecofloc/ecofloc-nic/ECOFLOC_NIC_COMM_text.csv
  ✔ [scorpius:ram] limpiado /home/scorpius03/Documents/ecofloc/ecofloc-ram/ECOFLOC_RAM_COMM_text.csv
  ✔ [scorpius:sd] limpiado /home/scorpius03/Documents/ecofloc/ecofloc-sd/ECOFLOC_SD_COMM_text.csv
========================================
🔋 MEASURE ENERGY FINALIZADO
   Fase: fase2_preparacion_low_iter12
========================================
✔️ [03:29:25] Medición fase2_preparacion_low_iter12 completada
[📦] Archivando resultados → ./historyexecutions/exp(03:29:30)_fase2_low_iter12
[✔] Archivado: ./historyexecutions/exp(03:29:30)_fase2_low_iter12
========================================
🔋 FASE 3: Ejecución de carga (low, iter 12)
========================================
📋 Capturando PIDs (gepidstea.sh)...
📋 Capturando PIDs de contenedores (kpsnodos.sh)...
🔋 [03:29:48] Iniciando medición de energía: fase3_carga_low_iter12 (140s)
   PID de medición: 3401042
=== Escenario low (iter 12) ===
========================================
🔋 MEASURE ENERGY - Fase: fase3_carga_low_iter12
   Duración: 140s
   PID: 3401042
========================================
=== Medición bloque 140s - Fase: fase3_carga_low_iter12 ===
🚀 Iniciando LIMBO con profile=/home/luish/Documents/death/teastore/TeaStore/examples/httploadgenerator/increasingLowIntensity.csv y script=/home/luish/Documents/death/teastore/TeaStore/examples/httploadgenerator/teastore_buy.lua
[⏱ 03:29:48] Iniciando ecofloc en nitro5 por 140s (fase: fase3_carga_low_iter12)
Mar 06, 2026 3:29:48 AM tools.descartes.dlim.httploadgenerator.runner.Director executeDirector
WARNING: No power measurements
Mar 06, 2026 3:29:48 AM tools.descartes.dlim.httploadgenerator.runner.Director executeDirector
INFO: Load Generator Thread Count set to 64
Mar 06, 2026 3:29:48 AM tools.descartes.dlim.httploadgenerator.runner.Director executeDirector
INFO: URL connection timout set to 30000 ms
Mar 06, 2026 3:29:48 AM tools.descartes.dlim.httploadgenerator.runner.Director executeDirector
INFO: Using Lua Script: /home/luish/Documents/death/teastore/TeaStore/examples/httploadgenerator/teastore_buy.lua
Mar 06, 2026 3:29:48 AM tools.descartes.dlim.httploadgenerator.runner.Director process
INFO: Read 120 Arrival Rate Tuples
Load Generator sent: ok
Mar 06, 2026 3:29:48 AM tools.descartes.dlim.httploadgenerator.runner.Director process
INFO: Arrival Rates sent to Load Generator(s).
Load Generator sent: ok
Mar 06, 2026 3:29:48 AM tools.descartes.dlim.httploadgenerator.runner.Director process
INFO: Thread Count sent to Load Generator(s): 64
Load Generator sent: ok
Mar 06, 2026 3:29:48 AM tools.descartes.dlim.httploadgenerator.runner.Director process
INFO: URL connection timeout sent to Load Generator(s): 30000
Load Generator sent: ok
Mar 06, 2026 3:29:48 AM tools.descartes.dlim.httploadgenerator.runner.Director process
INFO: Contents of script sent to Load Generator: /home/luish/Documents/death/teastore/TeaStore/examples/httploadgenerator/teastore_buy.lua
Mar 06, 2026 3:29:48 AM tools.descartes.dlim.httploadgenerator.runner.Director process
INFO: Starting Load Generation
Beginning Run @1772785788432(06.03.2026;03:29:48432)
Target Time = 0.5; Load Intensity = 0.0; #Success = 0; #Failed = 0; #Dropped = 0
  ├─ [nitro5:sd] start 03:29:48
  ├─ [nitro5:ram] start 03:29:49
  ├─ [nitro5:nic] start 03:29:49
[⏱ 03:29:49] Iniciando ecofloc en aspire por 140s (fase: fase3_carga_low_iter12)
  ├─ [nitro5:cpu] start 03:29:49
  ├─ [aspire:sd] start 03:29:49
  ├─ [aspire:ram] start 03:29:49
[⏱ 03:29:49] Iniciando ecofloc en scorpius por 140s (fase: fase3_carga_low_iter12)
  ├─ [aspire:nic] start 03:29:49
  ├─ [aspire:cpu] start 03:29:49
  ├─ [scorpius:sd] start 03:29:49
  ├─ [scorpius:ram] start 03:29:49
  ├─ [scorpius:nic] start 03:29:49
[⏱ 03:29:49] Iniciando ecofloc en leo por 140s (fase: fase3_carga_low_iter12)
  ├─ [scorpius:cpu] start 03:29:49
  ├─ [leo:sd] start 03:29:49
  ├─ [leo:ram] start 03:29:49
  ├─ [leo:nic] start 03:29:49
  ├─ [leo:cpu] start 03:29:49
Target Time = 1.5; Load Intensity = 1.0; #Success = 0; #Failed = 0; #Dropped = 0
Target Time = 2.5; Load Intensity = 2.0; #Success = 0; #Failed = 0; #Dropped = 0
Target Time = 3.5; Load Intensity = 2.0; #Success = 0; #Failed = 0; #Dropped = 0
Target Time = 4.5; Load Intensity = 3.0; #Success = 8; #Failed = 0; #Dropped = 0
Target Time = 5.5; Load Intensity = 4.0; #Success = 3; #Failed = 0; #Dropped = 0
Target Time = 6.5; Load Intensity = 5.0; #Success = 5; #Failed = 0; #Dropped = 0
Target Time = 7.5; Load Intensity = 6.0; #Success = 4; #Failed = 0; #Dropped = 0
Target Time = 8.5; Load Intensity = 7.0; #Success = 4; #Failed = 0; #Dropped = 0
Target Time = 9.5; Load Intensity = 7.0; #Success = 5; #Failed = 0; #Dropped = 0
Target Time = 10.5; Load Intensity = 8.0; #Success = 4; #Failed = 0; #Dropped = 0
Target Time = 11.5; Load Intensity = 9.0; #Success = 4; #Failed = 0; #Dropped = 0
Target Time = 12.5; Load Intensity = 10.0; #Success = 5; #Failed = 0; #Dropped = 0
Target Time = 13.5; Load Intensity = 11.0; #Success = 5; #Failed = 0; #Dropped = 0
Target Time = 14.5; Load Intensity = 12.0; #Success = 4; #Failed = 0; #Dropped = 0
Target Time = 15.5; Load Intensity = 12.0; #Success = 4; #Failed = 0; #Dropped = 0
Target Time = 16.5; Load Intensity = 13.0; #Success = 4; #Failed = 0; #Dropped = 0
Target Time = 17.5; Load Intensity = 14.0; #Success = 5; #Failed = 0; #Dropped = 0
Target Time = 18.5; Load Intensity = 15.0; #Success = 4; #Failed = 0; #Dropped = 0
Target Time = 19.5; Load Intensity = 16.0; #Success = 3; #Failed = 0; #Dropped = 0
Target Time = 20.5; Load Intensity = 17.0; #Success = 7; #Failed = 0; #Dropped = 0
Target Time = 21.5; Load Intensity = 17.0; #Success = 4; #Failed = 0; #Dropped = 0
Target Time = 22.5; Load Intensity = 18.0; #Success = 6; #Failed = 0; #Dropped = 0
Target Time = 23.5; Load Intensity = 19.0; #Success = 5; #Failed = 0; #Dropped = 0
Target Time = 24.5; Load Intensity = 20.0; #Success = 4; #Failed = 0; #Dropped = 0
Target Time = 25.5; Load Intensity = 21.0; #Success = 4; #Failed = 0; #Dropped = 0
Target Time = 26.5; Load Intensity = 22.0; #Success = 0; #Failed = 0; #Dropped = 0
Target Time = 27.5; Load Intensity = 22.0; #Success = 0; #Failed = 0; #Dropped = 0
Target Time = 28.5; Load Intensity = 23.0; #Success = 0; #Failed = 0; #Dropped = 0
Target Time = 29.5; Load Intensity = 24.0; #Success = 0; #Failed = 0; #Dropped = 0
Target Time = 30.5; Load Intensity = 25.0; #Success = 0; #Failed = 0; #Dropped = 0
Target Time = 31.5; Load Intensity = 26.0; #Success = 0; #Failed = 0; #Dropped = 0
Target Time = 32.5; Load Intensity = 27.0; #Success = 0; #Failed = 0; #Dropped = 0
Target Time = 33.5; Load Intensity = 27.0; #Success = 5; #Failed = 0; #Dropped = 0
Target Time = 34.5; Load Intensity = 28.0; #Success = 6; #Failed = 0; #Dropped = 0
Target Time = 35.5; Load Intensity = 29.0; #Success = 4; #Failed = 0; #Dropped = 0
Target Time = 36.5; Load Intensity = 30.0; #Success = 2; #Failed = 0; #Dropped = 0
Target Time = 37.5; Load Intensity = 31.0; #Success = 4; #Failed = 0; #Dropped = 0
Target Time = 38.5; Load Intensity = 32.0; #Success = 4; #Failed = 0; #Dropped = 0
Target Time = 39.5; Load Intensity = 32.0; #Success = 0; #Failed = 0; #Dropped = 0
Target Time = 40.5; Load Intensity = 33.0; #Success = 0; #Failed = 0; #Dropped = 0
Target Time = 41.5; Load Intensity = 34.0; #Success = 12; #Failed = 1; #Dropped = 0
Target Time = 42.5; Load Intensity = 35.0; #Success = 1; #Failed = 5; #Dropped = 0
Target Time = 43.5; Load Intensity = 36.0; #Success = 14; #Failed = 16; #Dropped = 0
Target Time = 44.5; Load Intensity = 37.0; #Success = 2; #Failed = 7; #Dropped = 0
Target Time = 45.5; Load Intensity = 37.0; #Success = 0; #Failed = 5; #Dropped = 0
Target Time = 46.5; Load Intensity = 38.0; #Success = 0; #Failed = 3; #Dropped = 0
Target Time = 47.5; Load Intensity = 39.0; #Success = 0; #Failed = 6; #Dropped = 0
Target Time = 48.5; Load Intensity = 40.0; #Success = 0; #Failed = 6; #Dropped = 0
Target Time = 49.5; Load Intensity = 41.0; #Success = 0; #Failed = 4; #Dropped = 0
Target Time = 50.5; Load Intensity = 42.0; #Success = 0; #Failed = 8; #Dropped = 0
Target Time = 51.5; Load Intensity = 42.0; #Success = 0; #Failed = 5; #Dropped = 0
Target Time = 52.5; Load Intensity = 43.0; #Success = 0; #Failed = 6; #Dropped = 0
Target Time = 53.5; Load Intensity = 44.0; #Success = 0; #Failed = 6; #Dropped = 0
Target Time = 54.5; Load Intensity = 45.0; #Success = 0; #Failed = 5; #Dropped = 0
Target Time = 55.5; Load Intensity = 46.0; #Success = 0; #Failed = 0; #Dropped = 0
Target Time = 56.5; Load Intensity = 47.0; #Success = 0; #Failed = 0; #Dropped = 0
Target Time = 57.5; Load Intensity = 47.0; #Success = 2; #Failed = 0; #Dropped = 7
Target Time = 58.5; Load Intensity = 48.0; #Success = 2; #Failed = 11; #Dropped = 15
Target Time = 59.5; Load Intensity = 49.0; #Success = 1; #Failed = 5; #Dropped = 12
Target Time = 60.5; Load Intensity = 50.0; #Success = 2; #Failed = 4; #Dropped = 14
Target Time = 61.5; Load Intensity = 51.0; #Success = 2; #Failed = 3; #Dropped = 30
Target Time = 62.5; Load Intensity = 52.0; #Success = 0; #Failed = 4; #Dropped = 19
Target Time = 63.5; Load Intensity = 52.0; #Success = 0; #Failed = 6; #Dropped = 27
Target Time = 64.5; Load Intensity = 53.0; #Success = 0; #Failed = 5; #Dropped = 18
Target Time = 65.5; Load Intensity = 54.0; #Success = 1; #Failed = 2; #Dropped = 12
Target Time = 66.5; Load Intensity = 55.0; #Success = 0; #Failed = 0; #Dropped = 0
Target Time = 67.5; Load Intensity = 56.0; #Success = 0; #Failed = 4; #Dropped = 74
Target Time = 68.5; Load Intensity = 57.0; #Success = 0; #Failed = 7; #Dropped = 19
Target Time = 69.5; Load Intensity = 57.0; #Success = 0; #Failed = 6; #Dropped = 29
Target Time = 70.5; Load Intensity = 58.0; #Success = 0; #Failed = 8; #Dropped = 15
Target Time = 71.5; Load Intensity = 59.0; #Success = 1; #Failed = 2; #Dropped = 39
Target Time = 72.5; Load Intensity = 60.0; #Success = 0; #Failed = 7; #Dropped = 31
Target Time = 73.5; Load Intensity = 61.0; #Success = 5; #Failed = 1; #Dropped = 21
Target Time = 74.5; Load Intensity = 62.0; #Success = 2; #Failed = 5; #Dropped = 22
Target Time = 75.5; Load Intensity = 62.0; #Success = 2; #Failed = 2; #Dropped = 46
Target Time = 76.5; Load Intensity = 63.0; #Success = 0; #Failed = 5; #Dropped = 33
Target Time = 77.5; Load Intensity = 64.0; #Success = 1; #Failed = 4; #Dropped = 40
Target Time = 78.5; Load Intensity = 65.0; #Success = 1; #Failed = 4; #Dropped = 33
Target Time = 79.5; Load Intensity = 66.0; #Success = 1; #Failed = 2; #Dropped = 28
Target Time = 80.5; Load Intensity = 67.0; #Success = 0; #Failed = 6; #Dropped = 27
Target Time = 81.5; Load Intensity = 67.0; #Success = 1; #Failed = 1; #Dropped = 58
Target Time = 82.5; Load Intensity = 68.0; #Success = 0; #Failed = 1; #Dropped = 10
Target Time = 83.5; Load Intensity = 69.0; #Success = 1; #Failed = 5; #Dropped = 68
Target Time = 84.5; Load Intensity = 70.0; #Success = 0; #Failed = 9; #Dropped = 34
Target Time = 85.5; Load Intensity = 71.0; #Success = 0; #Failed = 9; #Dropped = 41
Target Time = 86.5; Load Intensity = 72.0; #Success = 1; #Failed = 7; #Dropped = 30
Target Time = 87.5; Load Intensity = 72.0; #Success = 0; #Failed = 3; #Dropped = 40
Target Time = 88.5; Load Intensity = 73.0; #Success = 0; #Failed = 6; #Dropped = 44
Target Time = 89.5; Load Intensity = 74.0; #Success = 0; #Failed = 4; #Dropped = 56
Target Time = 90.5; Load Intensity = 75.0; #Success = 0; #Failed = 4; #Dropped = 41
Target Time = 91.5; Load Intensity = 76.0; #Success = 0; #Failed = 10; #Dropped = 48
Target Time = 92.5; Load Intensity = 77.0; #Success = 0; #Failed = 9; #Dropped = 38
Target Time = 93.5; Load Intensity = 77.0; #Success = 2; #Failed = 2; #Dropped = 46
Target Time = 94.5; Load Intensity = 78.0; #Success = 1; #Failed = 6; #Dropped = 47
Target Time = 95.5; Load Intensity = 79.0; #Success = 4; #Failed = 1; #Dropped = 58
Target Time = 96.5; Load Intensity = 80.0; #Success = 2; #Failed = 1; #Dropped = 44
Target Time = 97.5; Load Intensity = 81.0; #Success = 0; #Failed = 3; #Dropped = 47
Target Time = 98.5; Load Intensity = 82.0; #Success = 0; #Failed = 5; #Dropped = 53
Target Time = 99.5; Load Intensity = 82.0; #Success = 0; #Failed = 4; #Dropped = 47
Target Time = 100.5; Load Intensity = 83.0; #Success = 0; #Failed = 2; #Dropped = 48
Target Time = 101.5; Load Intensity = 84.0; #Success = 0; #Failed = 0; #Dropped = 0
Target Time = 102.5; Load Intensity = 85.0; #Success = 0; #Failed = 1; #Dropped = 134
Target Time = 103.5; Load Intensity = 86.0; #Success = 1; #Failed = 2; #Dropped = 33
Target Time = 104.5; Load Intensity = 87.0; #Success = 0; #Failed = 11; #Dropped = 91
Target Time = 105.5; Load Intensity = 87.0; #Success = 0; #Failed = 10; #Dropped = 37
Target Time = 106.5; Load Intensity = 88.0; #Success = 0; #Failed = 5; #Dropped = 58
Target Time = 107.5; Load Intensity = 89.0; #Success = 0; #Failed = 2; #Dropped = 47
Target Time = 108.5; Load Intensity = 90.0; #Success = 1; #Failed = 0; #Dropped = 29
Target Time = 109.5; Load Intensity = 91.0; #Success = 0; #Failed = 6; #Dropped = 105
Target Time = 110.5; Load Intensity = 92.0; #Success = 0; #Failed = 1; #Dropped = 50
Target Time = 111.5; Load Intensity = 92.0; #Success = 0; #Failed = 2; #Dropped = 75
Target Time = 112.5; Load Intensity = 93.0; #Success = 0; #Failed = 5; #Dropped = 81
Target Time = 113.5; Load Intensity = 94.0; #Success = 0; #Failed = 0; #Dropped = 0
Target Time = 114.5; Load Intensity = 95.0; #Success = 0; #Failed = 2; #Dropped = 125
Target Time = 115.5; Load Intensity = 96.0; #Success = 3; #Failed = 8; #Dropped = 67
Target Time = 116.5; Load Intensity = 97.0; #Success = 1; #Failed = 0; #Dropped = 12
Target Time = 117.5; Load Intensity = 97.0; #Success = 0; #Failed = 0; #Dropped = 0
Target Time = 118.5; Load Intensity = 98.0; #Success = 2; #Failed = 0; #Dropped = 167
Target Time = 119.5; Load Intensity = 99.0; #Success = 2; #Failed = 0; #Dropped = 114
Target Time = 120.5; Load Intensity = 0.0; #Success = 1; #Failed = 0; #Dropped = 77
Target Time = 121.5; Load Intensity = 0.0; #Success = 0; #Failed = 15; #Dropped = 58
Target Time = 122.5; Load Intensity = 0.0; #Success = 0; #Failed = 9; #Dropped = 28
Target Time = 123.5; Load Intensity = 0.0; #Success = 0; #Failed = 0; #Dropped = 0
Target Time = 124.5; Load Intensity = 0.0; #Success = 0; #Failed = 1; #Dropped = 174
Target Time = 125.5; Load Intensity = 0.0; #Success = 0; #Failed = 3; #Dropped = 86
Target Time = 126.5; Load Intensity = 0.0; #Success = 1; #Failed = 2; #Dropped = 75
Target Time = 127.5; Load Intensity = 0.0; #Success = 0; #Failed = 2; #Dropped = 79
Target Time = 128.5; Load Intensity = 0.0; #Success = 0; #Failed = 13; #Dropped = 77
Target Time = 129.5; Load Intensity = 0.0; #Success = 0; #Failed = 4; #Dropped = 81
Target Time = 130.5; Load Intensity = 0.0; #Success = 0; #Failed = 4; #Dropped = 17
Target Time = 131.5; Load Intensity = 0.0; #Success = 4; #Failed = 0; #Dropped = 111
Target Time = 132.5; Load Intensity = 0.0; #Success = 0; #Failed = 0; #Dropped = 0
Target Time = 133.5; Load Intensity = 0.0; #Success = 0; #Failed = 0; #Dropped = 0
Target Time = 134.5; Load Intensity = 0.0; #Success = 0; #Failed = 0; #Dropped = 0
Target Time = 135.5; Load Intensity = 0.0; #Success = 1; #Failed = 3; #Dropped = 369
Target Time = 136.5; Load Intensity = 0.0; #Success = 1; #Failed = 0; #Dropped = 33
Target Time = 137.5; Load Intensity = 0.0; #Success = 1; #Failed = 2; #Dropped = 108
Target Time = 138.5; Load Intensity = 0.0; #Success = 0; #Failed = 0; #Dropped = 0
Target Time = 139.5; Load Intensity = 0.0; #Success = 4; #Failed = 1; #Dropped = 205
/home/luish/Documents/death/teastore/TeaStore/examples/httploadgenerator/measure_energy.sh: line 104: 3401747 Segmentation fault      timeout $((real_duration+5)) sudo "$path/ecofloc-$comp/ecofloc-$comp.out" -n text -i $ECO_INTERVAL -t $real_duration -f "$path/ecofloc-$comp/" > "$tmpfile" 2> /dev/null
Target Time = 140.5; Load Intensity = 0.0; #Success = 0; #Failed = 0; #Dropped = 0
  └─ [nitro5:ram] end 03:32:09
  └─ [nitro5:nic] end 03:32:09
  └─ [nitro5:cpu] end 03:32:09
Target Time = 141.5; Load Intensity = 0.0; #Success = 0; #Failed = 0; #Dropped = 0
Target Time = 142.5; Load Intensity = 0.0; #Success = 1; #Failed = 0; #Dropped = 194
Target Time = 143.5; Load Intensity = 0.0; #Success = 0; #Failed = 0; #Dropped = 0
Target Time = 144.5; Load Intensity = 0.0; #Success = 2; #Failed = 0; #Dropped = 263
Target Time = 145.5; Load Intensity = 0.0; #Success = 0; #Failed = 2; #Dropped = 78
Target Time = 146.5; Load Intensity = 0.0; #Success = 0; #Failed = 1; #Dropped = 101
Target Time = 147.5; Load Intensity = 0.0; #Success = 0; #Failed = 0; #Dropped = 0
Target Time = 148.5; Load Intensity = 0.0; #Success = 0; #Failed = 3; #Dropped = 213
Target Time = 149.5; Load Intensity = 0.0; #Success = 0; #Failed = 4; #Dropped = 8
Target Time = 150.5; Load Intensity = 0.0; #Success = 0; #Failed = 6; #Dropped = 89
Target Time = 151.5; Load Intensity = 0.0; #Success = 7; #Failed = 6; #Dropped = 0
  └─ [leo:sd] end 03:32:20
Target Time = 152.5; Load Intensity = 0.0; #Success = 1; #Failed = 18; #Dropped = 0
Target Time = 153.5; Load Intensity = 0.0; #Success = 0; #Failed = 8; #Dropped = 0
Target Time = 154.5; Load Intensity = 0.0; #Success = 0; #Failed = 2; #Dropped = 0
  └─ [leo:cpu] end 03:32:23
  └─ [leo:nic] end 03:32:23
Target Time = 155.5; Load Intensity = 0.0; #Success = 6; #Failed = 5; #Dropped = 0
Target Time = 156.5; Load Intensity = 0.0; #Success = 3; #Failed = 1; #Dropped = 0
Target Time = 157.5; Load Intensity = 0.0; #Success = 0; #Failed = 0; #Dropped = 0
Target Time = 158.5; Load Intensity = 0.0; #Success = 0; #Failed = 0; #Dropped = 0
  └─ [leo:ram] end 03:32:27
  └─ [scorpius:nic] end 03:32:27
  └─ [scorpius:cpu] end 03:32:27
  └─ [scorpius:sd] end 03:32:27
  └─ [scorpius:ram] end 03:32:27
  └─ [aspire:nic] end 03:32:27
Target Time = 159.5; Load Intensity = 0.0; #Success = 1; #Failed = 0; #Dropped = 0
  └─ [aspire:cpu] end 03:32:28
  └─ [aspire:ram] end 03:32:28
  └─ [aspire:sd] end 03:32:28
=== Bloque 140s terminado - Fase: fase3_carga_low_iter12 ===
[🧹] Limpiando CSVs internos de ecofloc en cada nodo (fase: fase3_carga_low_iter12)...
  ✔ [nitro5:cpu] limpiado /home/luish/Documents/p3/ecofloc2/ecofloc/ecofloc-cpu/ECOFLOC_CPU_COMM_text.csv
  ✔ [nitro5:nic] limpiado /home/luish/Documents/p3/ecofloc2/ecofloc/ecofloc-nic/ECOFLOC_NIC_COMM_text.csv
  ✔ [nitro5:ram] limpiado /home/luish/Documents/p3/ecofloc2/ecofloc/ecofloc-ram/ECOFLOC_RAM_COMM_text.csv
  ✔ [nitro5:sd] limpiado /home/luish/Documents/p3/ecofloc2/ecofloc/ecofloc-sd/ECOFLOC_SD_COMM_text.csv
  ✔ [leo:cpu] limpiado /home/leo/ecofloc/ecofloc-cpu/ECOFLOC_CPU_COMM_text.csv
  ✔ [leo:nic] limpiado /home/leo/ecofloc/ecofloc-nic/ECOFLOC_NIC_COMM_text.csv
  ✔ [leo:ram] limpiado /home/leo/ecofloc/ecofloc-ram/ECOFLOC_RAM_COMM_text.csv
  ✔ [leo:sd] limpiado /home/leo/ecofloc/ecofloc-sd/ECOFLOC_SD_COMM_text.csv
  ✔ [aspire:cpu] limpiado /home/luish/Documents/p3/ecofloc2/ecofloc/ecofloc-cpu/ECOFLOC_CPU_COMM_text.csv
  ✔ [aspire:nic] limpiado /home/luish/Documents/p3/ecofloc2/ecofloc/ecofloc-nic/ECOFLOC_NIC_COMM_text.csv
  ✔ [aspire:ram] limpiado /home/luish/Documents/p3/ecofloc2/ecofloc/ecofloc-ram/ECOFLOC_RAM_COMM_text.csv
  ✔ [aspire:sd] limpiado /home/luish/Documents/p3/ecofloc2/ecofloc/ecofloc-sd/ECOFLOC_SD_COMM_text.csv
  ✔ [scorpius:cpu] limpiado /home/scorpius03/Documents/ecofloc/ecofloc-cpu/ECOFLOC_CPU_COMM_text.csv
  ✔ [scorpius:nic] limpiado /home/scorpius03/Documents/ecofloc/ecofloc-nic/ECOFLOC_NIC_COMM_text.csv
  ✔ [scorpius:ram] limpiado /home/scorpius03/Documents/ecofloc/ecofloc-ram/ECOFLOC_RAM_COMM_text.csv
  ✔ [scorpius:sd] limpiado /home/scorpius03/Documents/ecofloc/ecofloc-sd/ECOFLOC_SD_COMM_text.csv
========================================
🔋 MEASURE ENERGY FINALIZADO
   Fase: fase3_carga_low_iter12
========================================
Workload finished.
Log finished.
📄 LIMBO finalizado para scenario=low
⏳ [03:32:32] Esperando que termine medición: fase3_carga_low_iter12 (PID: 3401042)
✔️ [03:32:32] Medición fase3_carga_low_iter12 completada
[📦] Archivando resultados → ./historyexecutions/exp(03:32:37)_fase3_low_iter12
[✔] Archivado: ./historyexecutions/exp(03:32:37)_fase3_low_iter12
🧹 Limpiando TeaStore (iter 12)...
⏸ Esperando 15s para limpieza completa...
✅ Iteración 12 / 20 del escenario low completada.

########################################################
🔄 ESCENARIO: low | ITERACIÓN: 13 / 20
   Hora: 03:33:26
########################################################
========================================
🔋 FASE 1: Descarga de imágenes (low, iter 13)
========================================
📋 Capturando PIDs (gepidstea.sh)...
📋 Capturando PIDs de contenedores (kpsnodos.sh)...
🔋 [03:33:41] Iniciando medición de energía: fase1_descarga_low_iter13 (25s)
   PID de medición: 3780609
🚀 Desplegando TeaStore desde /home/luish/Documents/death/teastore/TeaStore/examples/kubernetes/teastore-energy-scheduler.yaml...
========================================
🔋 MEASURE ENERGY - Fase: fase1_descarga_low_iter13
   Duración: 25s
   PID: 3780609
========================================
=== Medición bloque 25s - Fase: fase1_descarga_low_iter13 ===
[⏱ 03:33:41] Iniciando ecofloc en nitro5 por 25s (fase: fase1_descarga_low_iter13)
⏳ Esperando a que todos los pods de TeaStore estén Running y Ready...
  ├─ [nitro5:sd] start 03:33:41
  ├─ [nitro5:ram] start 03:33:42
  ├─ [nitro5:nic] start 03:33:42
[⏱ 03:33:42] Iniciando ecofloc en aspire por 25s (fase: fase1_descarga_low_iter13)
  ├─ [nitro5:cpu] start 03:33:42
  ├─ [aspire:sd] start 03:33:42
  ├─ [aspire:ram] start 03:33:42
[⏱ 03:33:42] Iniciando ecofloc en scorpius por 25s (fase: fase1_descarga_low_iter13)
  ├─ [aspire:nic] start 03:33:42
  ├─ [aspire:cpu] start 03:33:42
  ├─ [scorpius:sd] start 03:33:42
  ├─ [scorpius:ram] start 03:33:42
[⏱ 03:33:42] Iniciando ecofloc en leo por 25s (fase: fase1_descarga_low_iter13)
  ├─ [scorpius:nic] start 03:33:42
  ├─ [scorpius:cpu] start 03:33:42
  ├─ [leo:sd] start 03:33:42
  ├─ [leo:ram] start 03:33:42
  ├─ [leo:nic] start 03:33:42
  ├─ [leo:cpu] start 03:33:42
✅ Pods listos.
⏳ [03:33:44] Esperando que termine medición: fase1_descarga_low_iter13 (PID: 3780609)
  └─ [nitro5:sd] end 03:34:06
  └─ [nitro5:ram] end 03:34:07
  └─ [nitro5:nic] end 03:34:07
  └─ [nitro5:cpu] end 03:34:07
  └─ [aspire:sd] end 03:34:08
  └─ [aspire:cpu] end 03:34:08
  └─ [leo:cpu] end 03:34:08
  └─ [leo:sd] end 03:34:08
  └─ [scorpius:sd] end 03:34:09
  └─ [scorpius:cpu] end 03:34:09
  └─ [leo:nic] end 03:34:09
  └─ [aspire:nic] end 03:34:09
  └─ [aspire:ram] end 03:34:09
  └─ [scorpius:nic] end 03:34:09
  └─ [leo:ram] end 03:34:10
  └─ [scorpius:ram] end 03:34:10
=== Bloque 25s terminado - Fase: fase1_descarga_low_iter13 ===
[🧹] Limpiando CSVs internos de ecofloc en cada nodo (fase: fase1_descarga_low_iter13)...
  ✔ [nitro5:cpu] limpiado /home/luish/Documents/p3/ecofloc2/ecofloc/ecofloc-cpu/ECOFLOC_CPU_COMM_text.csv
  ✔ [nitro5:nic] limpiado /home/luish/Documents/p3/ecofloc2/ecofloc/ecofloc-nic/ECOFLOC_NIC_COMM_text.csv
  ✔ [nitro5:ram] limpiado /home/luish/Documents/p3/ecofloc2/ecofloc/ecofloc-ram/ECOFLOC_RAM_COMM_text.csv
  ✔ [nitro5:sd] limpiado /home/luish/Documents/p3/ecofloc2/ecofloc/ecofloc-sd/ECOFLOC_SD_COMM_text.csv
  ✔ [leo:cpu] limpiado /home/leo/ecofloc/ecofloc-cpu/ECOFLOC_CPU_COMM_text.csv
  ✔ [leo:nic] limpiado /home/leo/ecofloc/ecofloc-nic/ECOFLOC_NIC_COMM_text.csv
  ✔ [leo:ram] limpiado /home/leo/ecofloc/ecofloc-ram/ECOFLOC_RAM_COMM_text.csv
  ✔ [leo:sd] limpiado /home/leo/ecofloc/ecofloc-sd/ECOFLOC_SD_COMM_text.csv
  ✔ [aspire:cpu] limpiado /home/luish/Documents/p3/ecofloc2/ecofloc/ecofloc-cpu/ECOFLOC_CPU_COMM_text.csv
  ✔ [aspire:nic] limpiado /home/luish/Documents/p3/ecofloc2/ecofloc/ecofloc-nic/ECOFLOC_NIC_COMM_text.csv
  ✔ [aspire:ram] limpiado /home/luish/Documents/p3/ecofloc2/ecofloc/ecofloc-ram/ECOFLOC_RAM_COMM_text.csv
  ✔ [aspire:sd] limpiado /home/luish/Documents/p3/ecofloc2/ecofloc/ecofloc-sd/ECOFLOC_SD_COMM_text.csv
  ✔ [scorpius:cpu] limpiado /home/scorpius03/Documents/ecofloc/ecofloc-cpu/ECOFLOC_CPU_COMM_text.csv
  ✔ [scorpius:nic] limpiado /home/scorpius03/Documents/ecofloc/ecofloc-nic/ECOFLOC_NIC_COMM_text.csv
  ✔ [scorpius:ram] limpiado /home/scorpius03/Documents/ecofloc/ecofloc-ram/ECOFLOC_RAM_COMM_text.csv
  ✔ [scorpius:sd] limpiado /home/scorpius03/Documents/ecofloc/ecofloc-sd/ECOFLOC_SD_COMM_text.csv
========================================
🔋 MEASURE ENERGY FINALIZADO
   Fase: fase1_descarga_low_iter13
========================================
✔️ [03:34:14] Medición fase1_descarga_low_iter13 completada
[📦] Archivando resultados → ./historyexecutions/exp(03:34:19)_fase1_low_iter13
[✔] Archivado: ./historyexecutions/exp(03:34:19)_fase1_low_iter13
========================================
🔋 FASE 2: Preparación de servicios (low, iter 13)
========================================
📋 Capturando PIDs (gepidstea.sh)...
📋 Capturando PIDs de contenedores (kpsnodos.sh)...
🔋 [03:34:37] Iniciando medición de energía: fase2_preparacion_low_iter13 (50s)
   PID de medición: 3848267
========================================
🔋 MEASURE ENERGY - Fase: fase2_preparacion_low_iter13
   Duración: 50s
   PID: 3848267
========================================
=== Medición bloque 50s - Fase: fase2_preparacion_low_iter13 ===
[⏱ 03:34:37] Iniciando ecofloc en nitro5 por 50s (fase: fase2_preparacion_low_iter13)
⏳ Esperando 10s a que CoreDNS se estabilice...
  ├─ [nitro5:sd] start 03:34:37
  ├─ [nitro5:ram] start 03:34:37
  ├─ [nitro5:nic] start 03:34:38
[⏱ 03:34:38] Iniciando ecofloc en aspire por 50s (fase: fase2_preparacion_low_iter13)
  ├─ [nitro5:cpu] start 03:34:38
  ├─ [aspire:sd] start 03:34:38
  ├─ [aspire:ram] start 03:34:38
  ├─ [aspire:nic] start 03:34:38
[⏱ 03:34:38] Iniciando ecofloc en scorpius por 50s (fase: fase2_preparacion_low_iter13)
  ├─ [aspire:cpu] start 03:34:38
  ├─ [scorpius:sd] start 03:34:38
  ├─ [scorpius:ram] start 03:34:38
  ├─ [scorpius:nic] start 03:34:38
[⏱ 03:34:38] Iniciando ecofloc en leo por 50s (fase: fase2_preparacion_low_iter13)
  ├─ [scorpius:cpu] start 03:34:38
  ├─ [leo:sd] start 03:34:38
  ├─ [leo:ram] start 03:34:38
  ├─ [leo:nic] start 03:34:38
  ├─ [leo:cpu] start 03:34:38
➡️ Pod WebUI: teastore-webui-ff7768544-vzqq7
➡️ Está en el nodo: luish-aspire-a315-55g
🌐 IP del nodo WebUI: 192.168.18.37
⏳ Verificando estado del TeaStore en http://192.168.18.37:30080/tools.descartes.teastore.webui/status ...
   ➤ Estado actual: 5 / 5 servicios OK
✔ TODOS los servicios del TeaStore están OK. Continuando...
⏳ [03:34:52] Esperando que termine medición: fase2_preparacion_low_iter13 (PID: 3848267)
  └─ [nitro5:sd] end 03:35:27
  └─ [nitro5:ram] end 03:35:27
  └─ [nitro5:nic] end 03:35:28
  └─ [nitro5:cpu] end 03:35:28
  └─ [leo:sd] end 03:35:29
  └─ [aspire:sd] end 03:35:30
  └─ [scorpius:cpu] end 03:35:30
  └─ [aspire:cpu] end 03:35:30
  └─ [aspire:nic] end 03:35:31
  └─ [leo:cpu] end 03:35:31
  └─ [aspire:ram] end 03:35:31
  └─ [scorpius:sd] end 03:35:33
  └─ [leo:nic] end 03:35:33
  └─ [leo:ram] end 03:35:33
  └─ [scorpius:nic] end 03:35:34
  └─ [scorpius:ram] end 03:35:34
=== Bloque 50s terminado - Fase: fase2_preparacion_low_iter13 ===
[🧹] Limpiando CSVs internos de ecofloc en cada nodo (fase: fase2_preparacion_low_iter13)...
  ✔ [nitro5:cpu] limpiado /home/luish/Documents/p3/ecofloc2/ecofloc/ecofloc-cpu/ECOFLOC_CPU_COMM_text.csv
  ✔ [nitro5:nic] limpiado /home/luish/Documents/p3/ecofloc2/ecofloc/ecofloc-nic/ECOFLOC_NIC_COMM_text.csv
  ✔ [nitro5:ram] limpiado /home/luish/Documents/p3/ecofloc2/ecofloc/ecofloc-ram/ECOFLOC_RAM_COMM_text.csv
  ✔ [nitro5:sd] limpiado /home/luish/Documents/p3/ecofloc2/ecofloc/ecofloc-sd/ECOFLOC_SD_COMM_text.csv
  ✔ [leo:cpu] limpiado /home/leo/ecofloc/ecofloc-cpu/ECOFLOC_CPU_COMM_text.csv
  ✔ [leo:nic] limpiado /home/leo/ecofloc/ecofloc-nic/ECOFLOC_NIC_COMM_text.csv
  ✔ [leo:ram] limpiado /home/leo/ecofloc/ecofloc-ram/ECOFLOC_RAM_COMM_text.csv
  ✔ [leo:sd] limpiado /home/leo/ecofloc/ecofloc-sd/ECOFLOC_SD_COMM_text.csv
  ✔ [aspire:cpu] limpiado /home/luish/Documents/p3/ecofloc2/ecofloc/ecofloc-cpu/ECOFLOC_CPU_COMM_text.csv
  ✔ [aspire:nic] limpiado /home/luish/Documents/p3/ecofloc2/ecofloc/ecofloc-nic/ECOFLOC_NIC_COMM_text.csv
  ✔ [aspire:ram] limpiado /home/luish/Documents/p3/ecofloc2/ecofloc/ecofloc-ram/ECOFLOC_RAM_COMM_text.csv
  ✔ [aspire:sd] limpiado /home/luish/Documents/p3/ecofloc2/ecofloc/ecofloc-sd/ECOFLOC_SD_COMM_text.csv
  ✔ [scorpius:cpu] limpiado /home/scorpius03/Documents/ecofloc/ecofloc-cpu/ECOFLOC_CPU_COMM_text.csv
  ✔ [scorpius:nic] limpiado /home/scorpius03/Documents/ecofloc/ecofloc-nic/ECOFLOC_NIC_COMM_text.csv
  ✔ [scorpius:ram] limpiado /home/scorpius03/Documents/ecofloc/ecofloc-ram/ECOFLOC_RAM_COMM_text.csv
  ✔ [scorpius:sd] limpiado /home/scorpius03/Documents/ecofloc/ecofloc-sd/ECOFLOC_SD_COMM_text.csv
========================================
🔋 MEASURE ENERGY FINALIZADO
   Fase: fase2_preparacion_low_iter13
========================================
✔️ [03:35:38] Medición fase2_preparacion_low_iter13 completada
[📦] Archivando resultados → ./historyexecutions/exp(03:35:43)_fase2_low_iter13
[✔] Archivado: ./historyexecutions/exp(03:35:43)_fase2_low_iter13
========================================
🔋 FASE 3: Ejecución de carga (low, iter 13)
========================================
📋 Capturando PIDs (gepidstea.sh)...
📋 Capturando PIDs de contenedores (kpsnodos.sh)...
🔋 [03:36:01] Iniciando medición de energía: fase3_carga_low_iter13 (140s)
   PID de medición: 3982789
=== Escenario low (iter 13) ===
========================================
🔋 MEASURE ENERGY - Fase: fase3_carga_low_iter13
   Duración: 140s
   PID: 3982789
========================================
=== Medición bloque 140s - Fase: fase3_carga_low_iter13 ===
🚀 Iniciando LIMBO con profile=/home/luish/Documents/death/teastore/TeaStore/examples/httploadgenerator/increasingLowIntensity.csv y script=/home/luish/Documents/death/teastore/TeaStore/examples/httploadgenerator/teastore_buy.lua
[⏱ 03:36:01] Iniciando ecofloc en nitro5 por 140s (fase: fase3_carga_low_iter13)
Mar 06, 2026 3:36:01 AM tools.descartes.dlim.httploadgenerator.runner.Director executeDirector
WARNING: No power measurements
Mar 06, 2026 3:36:01 AM tools.descartes.dlim.httploadgenerator.runner.Director executeDirector
INFO: Load Generator Thread Count set to 64
Mar 06, 2026 3:36:01 AM tools.descartes.dlim.httploadgenerator.runner.Director executeDirector
INFO: URL connection timout set to 30000 ms
Mar 06, 2026 3:36:01 AM tools.descartes.dlim.httploadgenerator.runner.Director executeDirector
INFO: Using Lua Script: /home/luish/Documents/death/teastore/TeaStore/examples/httploadgenerator/teastore_buy.lua
Mar 06, 2026 3:36:01 AM tools.descartes.dlim.httploadgenerator.runner.Director process
INFO: Read 120 Arrival Rate Tuples
Load Generator sent: ok
Mar 06, 2026 3:36:01 AM tools.descartes.dlim.httploadgenerator.runner.Director process
INFO: Arrival Rates sent to Load Generator(s).
Load Generator sent: ok
Mar 06, 2026 3:36:01 AM tools.descartes.dlim.httploadgenerator.runner.Director process
INFO: Thread Count sent to Load Generator(s): 64
Load Generator sent: ok
Mar 06, 2026 3:36:01 AM tools.descartes.dlim.httploadgenerator.runner.Director process
INFO: URL connection timeout sent to Load Generator(s): 30000
Load Generator sent: ok
Mar 06, 2026 3:36:01 AM tools.descartes.dlim.httploadgenerator.runner.Director process
INFO: Contents of script sent to Load Generator: /home/luish/Documents/death/teastore/TeaStore/examples/httploadgenerator/teastore_buy.lua
Mar 06, 2026 3:36:01 AM tools.descartes.dlim.httploadgenerator.runner.Director process
INFO: Starting Load Generation
Beginning Run @1772786161303(06.03.2026;03:36:01303)
Target Time = 0.5; Load Intensity = 0.0; #Success = 0; #Failed = 0; #Dropped = 0
  ├─ [nitro5:sd] start 03:36:01
  ├─ [nitro5:ram] start 03:36:01
  ├─ [nitro5:nic] start 03:36:02
[⏱ 03:36:02] Iniciando ecofloc en aspire por 140s (fase: fase3_carga_low_iter13)
  ├─ [nitro5:cpu] start 03:36:02
  ├─ [aspire:sd] start 03:36:02
  ├─ [aspire:ram] start 03:36:02
  ├─ [aspire:nic] start 03:36:02
[⏱ 03:36:02] Iniciando ecofloc en scorpius por 140s (fase: fase3_carga_low_iter13)
  ├─ [aspire:cpu] start 03:36:02
  ├─ [scorpius:sd] start 03:36:02
  ├─ [scorpius:ram] start 03:36:02
[⏱ 03:36:02] Iniciando ecofloc en leo por 140s (fase: fase3_carga_low_iter13)
  ├─ [scorpius:nic] start 03:36:02
  ├─ [scorpius:cpu] start 03:36:02
  ├─ [leo:sd] start 03:36:02
  ├─ [leo:ram] start 03:36:02
  ├─ [leo:nic] start 03:36:02
  ├─ [leo:cpu] start 03:36:02
Target Time = 1.5; Load Intensity = 1.0; #Success = 0; #Failed = 0; #Dropped = 0
Target Time = 2.5; Load Intensity = 2.0; #Success = 0; #Failed = 0; #Dropped = 0
Target Time = 3.5; Load Intensity = 2.0; #Success = 0; #Failed = 0; #Dropped = 0
Target Time = 4.5; Load Intensity = 3.0; #Success = 8; #Failed = 0; #Dropped = 0
Target Time = 5.5; Load Intensity = 4.0; #Success = 4; #Failed = 0; #Dropped = 0
Target Time = 6.5; Load Intensity = 5.0; #Success = 5; #Failed = 0; #Dropped = 0
Target Time = 7.5; Load Intensity = 6.0; #Success = 6; #Failed = 0; #Dropped = 0
Target Time = 8.5; Load Intensity = 7.0; #Success = 7; #Failed = 0; #Dropped = 0
Target Time = 9.5; Load Intensity = 7.0; #Success = 7; #Failed = 0; #Dropped = 0
Target Time = 10.5; Load Intensity = 8.0; #Success = 7; #Failed = 0; #Dropped = 0
Target Time = 11.5; Load Intensity = 9.0; #Success = 10; #Failed = 0; #Dropped = 0
Target Time = 12.5; Load Intensity = 10.0; #Success = 10; #Failed = 0; #Dropped = 0
Target Time = 13.5; Load Intensity = 11.0; #Success = 0; #Failed = 0; #Dropped = 0
Target Time = 14.5; Load Intensity = 12.0; #Success = 20; #Failed = 0; #Dropped = 0
Target Time = 15.5; Load Intensity = 12.0; #Success = 12; #Failed = 0; #Dropped = 0
Target Time = 16.5; Load Intensity = 13.0; #Success = 15; #Failed = 0; #Dropped = 0
Target Time = 17.5; Load Intensity = 14.0; #Success = 15; #Failed = 0; #Dropped = 0
Target Time = 18.5; Load Intensity = 15.0; #Success = 2; #Failed = 0; #Dropped = 0
Target Time = 19.5; Load Intensity = 16.0; #Success = 4; #Failed = 0; #Dropped = 0
Target Time = 20.5; Load Intensity = 17.0; #Success = 7; #Failed = 0; #Dropped = 0
Target Time = 21.5; Load Intensity = 17.0; #Success = 3; #Failed = 0; #Dropped = 0
Target Time = 22.5; Load Intensity = 18.0; #Success = 15; #Failed = 0; #Dropped = 0
Target Time = 23.5; Load Intensity = 19.0; #Success = 14; #Failed = 0; #Dropped = 0
Target Time = 24.5; Load Intensity = 20.0; #Success = 8; #Failed = 0; #Dropped = 0
Target Time = 25.5; Load Intensity = 21.0; #Success = 12; #Failed = 0; #Dropped = 0
Target Time = 26.5; Load Intensity = 22.0; #Success = 1; #Failed = 0; #Dropped = 0
Target Time = 27.5; Load Intensity = 22.0; #Success = 0; #Failed = 0; #Dropped = 0
Target Time = 28.5; Load Intensity = 23.0; #Success = 0; #Failed = 0; #Dropped = 0
Target Time = 29.5; Load Intensity = 24.0; #Success = 0; #Failed = 0; #Dropped = 0
Target Time = 30.5; Load Intensity = 25.0; #Success = 0; #Failed = 0; #Dropped = 0
Target Time = 31.5; Load Intensity = 26.0; #Success = 0; #Failed = 7; #Dropped = 0
Target Time = 32.5; Load Intensity = 27.0; #Success = 0; #Failed = 12; #Dropped = 0
Target Time = 33.5; Load Intensity = 27.0; #Success = 0; #Failed = 0; #Dropped = 0
Target Time = 34.5; Load Intensity = 28.0; #Success = 0; #Failed = 0; #Dropped = 0
Target Time = 35.5; Load Intensity = 29.0; #Success = 0; #Failed = 0; #Dropped = 0
Target Time = 36.5; Load Intensity = 30.0; #Success = 0; #Failed = 0; #Dropped = 0
Target Time = 37.5; Load Intensity = 31.0; #Success = 0; #Failed = 0; #Dropped = 0
Target Time = 38.5; Load Intensity = 32.0; #Success = 0; #Failed = 0; #Dropped = 0
Target Time = 39.5; Load Intensity = 32.0; #Success = 0; #Failed = 1; #Dropped = 0
Target Time = 40.5; Load Intensity = 33.0; #Success = 0; #Failed = 3; #Dropped = 0
Target Time = 41.5; Load Intensity = 34.0; #Success = 0; #Failed = 17; #Dropped = 0
Target Time = 42.5; Load Intensity = 35.0; #Success = 0; #Failed = 8; #Dropped = 0
Target Time = 43.5; Load Intensity = 36.0; #Success = 0; #Failed = 0; #Dropped = 0
Target Time = 44.5; Load Intensity = 37.0; #Success = 0; #Failed = 3; #Dropped = 0
Target Time = 45.5; Load Intensity = 37.0; #Success = 0; #Failed = 0; #Dropped = 0
Target Time = 46.5; Load Intensity = 38.0; #Success = 0; #Failed = 0; #Dropped = 0
Target Time = 47.5; Load Intensity = 39.0; #Success = 0; #Failed = 5; #Dropped = 0
Target Time = 48.5; Load Intensity = 40.0; #Success = 0; #Failed = 0; #Dropped = 0
Target Time = 49.5; Load Intensity = 41.0; #Success = 0; #Failed = 0; #Dropped = 0
Target Time = 50.5; Load Intensity = 42.0; #Success = 0; #Failed = 13; #Dropped = 0
Target Time = 51.5; Load Intensity = 42.0; #Success = 0; #Failed = 2; #Dropped = 0
Target Time = 52.5; Load Intensity = 43.0; #Success = 0; #Failed = 0; #Dropped = 0
Target Time = 53.5; Load Intensity = 44.0; #Success = 0; #Failed = 9; #Dropped = 0
Target Time = 54.5; Load Intensity = 45.0; #Success = 0; #Failed = 32; #Dropped = 0
Target Time = 55.5; Load Intensity = 46.0; #Success = 0; #Failed = 0; #Dropped = 0
Target Time = 56.5; Load Intensity = 47.0; #Success = 0; #Failed = 0; #Dropped = 0
Target Time = 57.5; Load Intensity = 47.0; #Success = 0; #Failed = 0; #Dropped = 0
Target Time = 58.5; Load Intensity = 48.0; #Success = 0; #Failed = 0; #Dropped = 0
Target Time = 59.5; Load Intensity = 49.0; #Success = 0; #Failed = 0; #Dropped = 0
Target Time = 60.5; Load Intensity = 50.0; #Success = 0; #Failed = 0; #Dropped = 0
Target Time = 61.5; Load Intensity = 51.0; #Success = 0; #Failed = 8; #Dropped = 33
Target Time = 62.5; Load Intensity = 52.0; #Success = 0; #Failed = 12; #Dropped = 5
Target Time = 63.5; Load Intensity = 52.0; #Success = 0; #Failed = 6; #Dropped = 28
Target Time = 64.5; Load Intensity = 53.0; #Success = 0; #Failed = 1; #Dropped = 29
Target Time = 65.5; Load Intensity = 54.0; #Success = 0; #Failed = 22; #Dropped = 14
Target Time = 66.5; Load Intensity = 55.0; #Success = 0; #Failed = 3; #Dropped = 0
Target Time = 67.5; Load Intensity = 56.0; #Success = 0; #Failed = 0; #Dropped = 0
Target Time = 68.5; Load Intensity = 57.0; #Success = 0; #Failed = 0; #Dropped = 0
Target Time = 69.5; Load Intensity = 57.0; #Success = 0; #Failed = 0; #Dropped = 0
Target Time = 70.5; Load Intensity = 58.0; #Success = 0; #Failed = 0; #Dropped = 0
Target Time = 71.5; Load Intensity = 59.0; #Success = 0; #Failed = 0; #Dropped = 0
Target Time = 72.5; Load Intensity = 60.0; #Success = 0; #Failed = 7; #Dropped = 198
Target Time = 73.5; Load Intensity = 61.0; #Success = 0; #Failed = 9; #Dropped = 19
Target Time = 74.5; Load Intensity = 62.0; #Success = 0; #Failed = 0; #Dropped = 0
Target Time = 75.5; Load Intensity = 62.0; #Success = 0; #Failed = 1; #Dropped = 58
Target Time = 76.5; Load Intensity = 63.0; #Success = 0; #Failed = 5; #Dropped = 72
Target Time = 77.5; Load Intensity = 64.0; #Success = 1; #Failed = 24; #Dropped = 13
Target Time = 78.5; Load Intensity = 65.0; #Success = 0; #Failed = 0; #Dropped = 0
Target Time = 79.5; Load Intensity = 66.0; #Success = 0; #Failed = 0; #Dropped = 0
Target Time = 80.5; Load Intensity = 67.0; #Success = 4; #Failed = 0; #Dropped = 90
Target Time = 81.5; Load Intensity = 67.0; #Success = 0; #Failed = 0; #Dropped = 0
Target Time = 82.5; Load Intensity = 68.0; #Success = 0; #Failed = 0; #Dropped = 0
Target Time = 83.5; Load Intensity = 69.0; #Success = 2; #Failed = 0; #Dropped = 150
Target Time = 84.5; Load Intensity = 70.0; #Success = 0; #Failed = 0; #Dropped = 0
Target Time = 85.5; Load Intensity = 71.0; #Success = 0; #Failed = 0; #Dropped = 0
Target Time = 86.5; Load Intensity = 72.0; #Success = 0; #Failed = 11; #Dropped = 128
Target Time = 87.5; Load Intensity = 72.0; #Success = 0; #Failed = 7; #Dropped = 4
Target Time = 88.5; Load Intensity = 73.0; #Success = 0; #Failed = 0; #Dropped = 0
Target Time = 89.5; Load Intensity = 74.0; #Success = 0; #Failed = 10; #Dropped = 115
Target Time = 90.5; Load Intensity = 75.0; #Success = 0; #Failed = 0; #Dropped = 0
Target Time = 91.5; Load Intensity = 76.0; #Success = 0; #Failed = 0; #Dropped = 0
Target Time = 92.5; Load Intensity = 77.0; #Success = 0; #Failed = 0; #Dropped = 0
Target Time = 93.5; Load Intensity = 77.0; #Success = 0; #Failed = 0; #Dropped = 0
Target Time = 94.5; Load Intensity = 78.0; #Success = 0; #Failed = 0; #Dropped = 0
Target Time = 95.5; Load Intensity = 79.0; #Success = 0; #Failed = 0; #Dropped = 0
Target Time = 96.5; Load Intensity = 80.0; #Success = 0; #Failed = 0; #Dropped = 0
Target Time = 97.5; Load Intensity = 81.0; #Success = 0; #Failed = 6; #Dropped = 434
Target Time = 98.5; Load Intensity = 82.0; #Success = 0; #Failed = 7; #Dropped = 30
Target Time = 99.5; Load Intensity = 82.0; #Success = 0; #Failed = 3; #Dropped = 71
Target Time = 100.5; Load Intensity = 83.0; #Success = 0; #Failed = 8; #Dropped = 48
Target Time = 101.5; Load Intensity = 84.0; #Success = 0; #Failed = 1; #Dropped = 5
Target Time = 102.5; Load Intensity = 85.0; #Success = 0; #Failed = 6; #Dropped = 105
Target Time = 103.5; Load Intensity = 86.0; #Success = 0; #Failed = 17; #Dropped = 46
Target Time = 104.5; Load Intensity = 87.0; #Success = 0; #Failed = 7; #Dropped = 24
Target Time = 105.5; Load Intensity = 87.0; #Success = 0; #Failed = 4; #Dropped = 65
Target Time = 106.5; Load Intensity = 88.0; #Success = 0; #Failed = 3; #Dropped = 50
Target Time = 107.5; Load Intensity = 89.0; #Success = 1; #Failed = 0; #Dropped = 38
Target Time = 108.5; Load Intensity = 90.0; #Success = 0; #Failed = 0; #Dropped = 0
Target Time = 109.5; Load Intensity = 91.0; #Success = 0; #Failed = 0; #Dropped = 0
Target Time = 110.5; Load Intensity = 92.0; #Success = 0; #Failed = 0; #Dropped = 0
Target Time = 111.5; Load Intensity = 92.0; #Success = 0; #Failed = 0; #Dropped = 0
Target Time = 112.5; Load Intensity = 93.0; #Success = 0; #Failed = 9; #Dropped = 379
Target Time = 113.5; Load Intensity = 94.0; #Success = 0; #Failed = 5; #Dropped = 29
Target Time = 114.5; Load Intensity = 95.0; #Success = 0; #Failed = 0; #Dropped = 0
Target Time = 115.5; Load Intensity = 96.0; #Success = 0; #Failed = 7; #Dropped = 173
Target Time = 116.5; Load Intensity = 97.0; #Success = 0; #Failed = 0; #Dropped = 0
Target Time = 117.5; Load Intensity = 97.0; #Success = 1; #Failed = 1; #Dropped = 144
Target Time = 118.5; Load Intensity = 98.0; #Success = 0; #Failed = 2; #Dropped = 45
Target Time = 119.5; Load Intensity = 99.0; #Success = 0; #Failed = 7; #Dropped = 41
Target Time = 120.5; Load Intensity = 0.0; #Success = 0; #Failed = 1; #Dropped = 111
Target Time = 121.5; Load Intensity = 0.0; #Success = 0; #Failed = 0; #Dropped = 0
Target Time = 122.5; Load Intensity = 0.0; #Success = 0; #Failed = 0; #Dropped = 0
Target Time = 123.5; Load Intensity = 0.0; #Success = 0; #Failed = 0; #Dropped = 0
Target Time = 124.5; Load Intensity = 0.0; #Success = 0; #Failed = 0; #Dropped = 0
Target Time = 125.5; Load Intensity = 0.0; #Success = 0; #Failed = 2; #Dropped = 334
Target Time = 126.5; Load Intensity = 0.0; #Success = 0; #Failed = 0; #Dropped = 0
Target Time = 127.5; Load Intensity = 0.0; #Success = 1; #Failed = 0; #Dropped = 218
Target Time = 128.5; Load Intensity = 0.0; #Success = 0; #Failed = 0; #Dropped = 0
Target Time = 129.5; Load Intensity = 0.0; #Success = 1; #Failed = 0; #Dropped = 170
Target Time = 130.5; Load Intensity = 0.0; #Success = 2; #Failed = 2; #Dropped = 87
Target Time = 131.5; Load Intensity = 0.0; #Success = 0; #Failed = 7; #Dropped = 38
Target Time = 132.5; Load Intensity = 0.0; #Success = 0; #Failed = 0; #Dropped = 0
Target Time = 133.5; Load Intensity = 0.0; #Success = 9; #Failed = 0; #Dropped = 188
Target Time = 134.5; Load Intensity = 0.0; #Success = 7; #Failed = 0; #Dropped = 24
Target Time = 135.5; Load Intensity = 0.0; #Success = 4; #Failed = 0; #Dropped = 101
Target Time = 136.5; Load Intensity = 0.0; #Success = 4; #Failed = 6; #Dropped = 127
Target Time = 137.5; Load Intensity = 0.0; #Success = 0; #Failed = 0; #Dropped = 0
Target Time = 138.5; Load Intensity = 0.0; #Success = 0; #Failed = 0; #Dropped = 0
Target Time = 139.5; Load Intensity = 0.0; #Success = 0; #Failed = 0; #Dropped = 0
  └─ [nitro5:sd] end 03:38:21
Target Time = 140.5; Load Intensity = 0.0; #Success = 0; #Failed = 3; #Dropped = 314
  └─ [nitro5:ram] end 03:38:21
  └─ [nitro5:nic] end 03:38:22
  └─ [nitro5:cpu] end 03:38:22
Target Time = 141.5; Load Intensity = 0.0; #Success = 0; #Failed = 6; #Dropped = 53
Target Time = 142.5; Load Intensity = 0.0; #Success = 5; #Failed = 7; #Dropped = 133
Target Time = 143.5; Load Intensity = 0.0; #Success = 2; #Failed = 2; #Dropped = 56
Target Time = 144.5; Load Intensity = 0.0; #Success = 0; #Failed = 0; #Dropped = 0
Target Time = 145.5; Load Intensity = 0.0; #Success = 0; #Failed = 0; #Dropped = 0
Target Time = 146.5; Load Intensity = 0.0; #Success = 0; #Failed = 0; #Dropped = 0
  └─ [leo:cpu] end 03:38:28
Target Time = 147.5; Load Intensity = 0.0; #Success = 1; #Failed = 0; #Dropped = 347
  └─ [leo:nic] end 03:38:29
Target Time = 148.5; Load Intensity = 0.0; #Success = 0; #Failed = 0; #Dropped = 0
Target Time = 149.5; Load Intensity = 0.0; #Success = 0; #Failed = 0; #Dropped = 0
Target Time = 150.5; Load Intensity = 0.0; #Success = 1; #Failed = 0; #Dropped = 288
Target Time = 151.5; Load Intensity = 0.0; #Success = 0; #Failed = 0; #Dropped = 0
Target Time = 152.5; Load Intensity = 0.0; #Success = 0; #Failed = 0; #Dropped = 0
Target Time = 153.5; Load Intensity = 0.0; #Success = 0; #Failed = 0; #Dropped = 0
  └─ [leo:ram] end 03:38:34
  └─ [leo:sd] end 03:38:35
Target Time = 154.5; Load Intensity = 0.0; #Success = 0; #Failed = 1; #Dropped = 0
  └─ [scorpius:nic] end 03:38:36
Target Time = 155.5; Load Intensity = 0.0; #Success = 0; #Failed = 4; #Dropped = 0
Target Time = 156.5; Load Intensity = 0.0; #Success = 0; #Failed = 2; #Dropped = 0
Target Time = 157.5; Load Intensity = 0.0; #Success = 0; #Failed = 0; #Dropped = 0
Target Time = 158.5; Load Intensity = 0.0; #Success = 0; #Failed = 2; #Dropped = 0
Target Time = 159.5; Load Intensity = 0.0; #Success = 1; #Failed = 0; #Dropped = 0
  └─ [scorpius:cpu] end 03:38:41
  └─ [scorpius:ram] end 03:38:41
  └─ [scorpius:sd] end 03:38:41
Target Time = 160.5; Load Intensity = 0.0; #Success = 0; #Failed = 0; #Dropped = 0
Target Time = 161.5; Load Intensity = 0.0; #Success = 2; #Failed = 19; #Dropped = 0
Target Time = 162.5; Load Intensity = 0.0; #Success = 0; #Failed = 9; #Dropped = 0
Target Time = 163.5; Load Intensity = 0.0; #Success = 0; #Failed = 0; #Dropped = 0
Target Time = 164.5; Load Intensity = 0.0; #Success = 0; #Failed = 0; #Dropped = 0
Target Time = 165.5; Load Intensity = 0.0; #Success = 0; #Failed = 0; #Dropped = 0
  └─ [aspire:nic] end 03:38:47
Target Time = 166.5; Load Intensity = 0.0; #Success = 0; #Failed = 0; #Dropped = 0
Target Time = 167.5; Load Intensity = 0.0; #Success = 0; #Failed = 0; #Dropped = 0
Target Time = 168.5; Load Intensity = 0.0; #Success = 0; #Failed = 0; #Dropped = 0
Target Time = 169.5; Load Intensity = 0.0; #Success = 0; #Failed = 6; #Dropped = 0
Target Time = 170.5; Load Intensity = 0.0; #Success = 0; #Failed = 5; #Dropped = 0
  └─ [aspire:cpu] end 03:38:52
  └─ [aspire:sd] end 03:38:52
  └─ [aspire:ram] end 03:38:52
=== Bloque 140s terminado - Fase: fase3_carga_low_iter13 ===
[🧹] Limpiando CSVs internos de ecofloc en cada nodo (fase: fase3_carga_low_iter13)...
  ✔ [nitro5:cpu] limpiado /home/luish/Documents/p3/ecofloc2/ecofloc/ecofloc-cpu/ECOFLOC_CPU_COMM_text.csv
  ✔ [nitro5:nic] limpiado /home/luish/Documents/p3/ecofloc2/ecofloc/ecofloc-nic/ECOFLOC_NIC_COMM_text.csv
  ✔ [nitro5:ram] limpiado /home/luish/Documents/p3/ecofloc2/ecofloc/ecofloc-ram/ECOFLOC_RAM_COMM_text.csv
  ✔ [nitro5:sd] limpiado /home/luish/Documents/p3/ecofloc2/ecofloc/ecofloc-sd/ECOFLOC_SD_COMM_text.csv
Target Time = 171.5; Load Intensity = 0.0; #Success = 4; #Failed = 2; #Dropped = 0
Target Time = 172.5; Load Intensity = 0.0; #Success = 5; #Failed = 0; #Dropped = 0
Target Time = 173.5; Load Intensity = 0.0; #Success = 1; #Failed = 0; #Dropped = 0
  ✔ [leo:cpu] limpiado /home/leo/ecofloc/ecofloc-cpu/ECOFLOC_CPU_COMM_text.csv
  ✔ [leo:nic] limpiado /home/leo/ecofloc/ecofloc-nic/ECOFLOC_NIC_COMM_text.csv
Workload finished.
Log finished.
📄 LIMBO finalizado para scenario=low
⏳ [03:38:59] Esperando que termine medición: fase3_carga_low_iter13 (PID: 3982789)
  ✔ [leo:ram] limpiado /home/leo/ecofloc/ecofloc-ram/ECOFLOC_RAM_COMM_text.csv
  ✔ [leo:sd] limpiado /home/leo/ecofloc/ecofloc-sd/ECOFLOC_SD_COMM_text.csv
  ✔ [aspire:cpu] limpiado /home/luish/Documents/p3/ecofloc2/ecofloc/ecofloc-cpu/ECOFLOC_CPU_COMM_text.csv
  ✔ [aspire:nic] limpiado /home/luish/Documents/p3/ecofloc2/ecofloc/ecofloc-nic/ECOFLOC_NIC_COMM_text.csv
  ✔ [aspire:ram] limpiado /home/luish/Documents/p3/ecofloc2/ecofloc/ecofloc-ram/ECOFLOC_RAM_COMM_text.csv
  ✔ [aspire:sd] limpiado /home/luish/Documents/p3/ecofloc2/ecofloc/ecofloc-sd/ECOFLOC_SD_COMM_text.csv
  ✔ [scorpius:cpu] limpiado /home/scorpius03/Documents/ecofloc/ecofloc-cpu/ECOFLOC_CPU_COMM_text.csv
  ✔ [scorpius:nic] limpiado /home/scorpius03/Documents/ecofloc/ecofloc-nic/ECOFLOC_NIC_COMM_text.csv
  ✔ [scorpius:ram] limpiado /home/scorpius03/Documents/ecofloc/ecofloc-ram/ECOFLOC_RAM_COMM_text.csv
  ✔ [scorpius:sd] limpiado /home/scorpius03/Documents/ecofloc/ecofloc-sd/ECOFLOC_SD_COMM_text.csv
========================================
🔋 MEASURE ENERGY FINALIZADO
   Fase: fase3_carga_low_iter13
========================================
✔️ [03:39:06] Medición fase3_carga_low_iter13 completada
[📦] Archivando resultados → ./historyexecutions/exp(03:39:11)_fase3_low_iter13
[✔] Archivado: ./historyexecutions/exp(03:39:11)_fase3_low_iter13
🧹 Limpiando TeaStore (iter 13)...
⏸ Esperando 15s para limpieza completa...
✅ Iteración 13 / 20 del escenario low completada.

########################################################
🔄 ESCENARIO: low | ITERACIÓN: 14 / 20
   Hora: 03:40:00
########################################################
========================================
🔋 FASE 1: Descarga de imágenes (low, iter 14)
========================================
📋 Capturando PIDs (gepidstea.sh)...
📋 Capturando PIDs de contenedores (kpsnodos.sh)...
🔋 [03:40:19] Iniciando medición de energía: fase1_descarga_low_iter14 (25s)
   PID de medición: 155460
🚀 Desplegando TeaStore desde /home/luish/Documents/death/teastore/TeaStore/examples/kubernetes/teastore-energy-scheduler.yaml...
========================================
🔋 MEASURE ENERGY - Fase: fase1_descarga_low_iter14
   Duración: 25s
   PID: 155460
========================================
=== Medición bloque 25s - Fase: fase1_descarga_low_iter14 ===
[⏱ 03:40:19] Iniciando ecofloc en nitro5 por 25s (fase: fase1_descarga_low_iter14)
⏳ Esperando a que todos los pods de TeaStore estén Running y Ready...
  ├─ [nitro5:sd] start 03:40:19
  ├─ [nitro5:ram] start 03:40:20
  ├─ [nitro5:nic] start 03:40:20
[⏱ 03:40:21] Iniciando ecofloc en aspire por 25s (fase: fase1_descarga_low_iter14)
  ├─ [nitro5:cpu] start 03:40:21
  ├─ [aspire:sd] start 03:40:21
  ├─ [aspire:ram] start 03:40:21
  ├─ [aspire:nic] start 03:40:21
[⏱ 03:40:21] Iniciando ecofloc en scorpius por 25s (fase: fase1_descarga_low_iter14)
  ├─ [aspire:cpu] start 03:40:21
  ├─ [scorpius:sd] start 03:40:21
  ├─ [scorpius:ram] start 03:40:21
  ├─ [scorpius:nic] start 03:40:21
[⏱ 03:40:21] Iniciando ecofloc en leo por 25s (fase: fase1_descarga_low_iter14)
  ├─ [scorpius:cpu] start 03:40:21
  ├─ [leo:sd] start 03:40:21
  ├─ [leo:ram] start 03:40:21
  ├─ [leo:nic] start 03:40:21
  ├─ [leo:cpu] start 03:40:21
✅ Pods listos.
⏳ [03:40:23] Esperando que termine medición: fase1_descarga_low_iter14 (PID: 155460)
  └─ [nitro5:sd] end 03:40:44
  └─ [nitro5:ram] end 03:40:45
  └─ [nitro5:nic] end 03:40:45
  └─ [nitro5:cpu] end 03:40:46
  └─ [aspire:sd] end 03:40:46
  └─ [aspire:cpu] end 03:40:46
  └─ [scorpius:cpu] end 03:40:47
  └─ [leo:cpu] end 03:40:47
  └─ [leo:sd] end 03:40:47
  └─ [scorpius:sd] end 03:40:47
  └─ [aspire:nic] end 03:40:47
  └─ [aspire:ram] end 03:40:47
  └─ [leo:nic] end 03:40:47
  └─ [leo:ram] end 03:40:48
  └─ [scorpius:ram] end 03:40:48
  └─ [scorpius:nic] end 03:40:48
=== Bloque 25s terminado - Fase: fase1_descarga_low_iter14 ===
[🧹] Limpiando CSVs internos de ecofloc en cada nodo (fase: fase1_descarga_low_iter14)...
  ✔ [nitro5:cpu] limpiado /home/luish/Documents/p3/ecofloc2/ecofloc/ecofloc-cpu/ECOFLOC_CPU_COMM_text.csv
  ✔ [nitro5:nic] limpiado /home/luish/Documents/p3/ecofloc2/ecofloc/ecofloc-nic/ECOFLOC_NIC_COMM_text.csv
  ✔ [nitro5:ram] limpiado /home/luish/Documents/p3/ecofloc2/ecofloc/ecofloc-ram/ECOFLOC_RAM_COMM_text.csv
  ✔ [nitro5:sd] limpiado /home/luish/Documents/p3/ecofloc2/ecofloc/ecofloc-sd/ECOFLOC_SD_COMM_text.csv
  ✔ [leo:cpu] limpiado /home/leo/ecofloc/ecofloc-cpu/ECOFLOC_CPU_COMM_text.csv
  ✔ [leo:nic] limpiado /home/leo/ecofloc/ecofloc-nic/ECOFLOC_NIC_COMM_text.csv
  ✔ [leo:ram] limpiado /home/leo/ecofloc/ecofloc-ram/ECOFLOC_RAM_COMM_text.csv
  ✔ [leo:sd] limpiado /home/leo/ecofloc/ecofloc-sd/ECOFLOC_SD_COMM_text.csv
  ✔ [aspire:cpu] limpiado /home/luish/Documents/p3/ecofloc2/ecofloc/ecofloc-cpu/ECOFLOC_CPU_COMM_text.csv
  ✔ [aspire:nic] limpiado /home/luish/Documents/p3/ecofloc2/ecofloc/ecofloc-nic/ECOFLOC_NIC_COMM_text.csv
  ✔ [aspire:ram] limpiado /home/luish/Documents/p3/ecofloc2/ecofloc/ecofloc-ram/ECOFLOC_RAM_COMM_text.csv
  ✔ [aspire:sd] limpiado /home/luish/Documents/p3/ecofloc2/ecofloc/ecofloc-sd/ECOFLOC_SD_COMM_text.csv
  ✔ [scorpius:cpu] limpiado /home/scorpius03/Documents/ecofloc/ecofloc-cpu/ECOFLOC_CPU_COMM_text.csv
  ✔ [scorpius:nic] limpiado /home/scorpius03/Documents/ecofloc/ecofloc-nic/ECOFLOC_NIC_COMM_text.csv
  ✔ [scorpius:ram] limpiado /home/scorpius03/Documents/ecofloc/ecofloc-ram/ECOFLOC_RAM_COMM_text.csv
  ✔ [scorpius:sd] limpiado /home/scorpius03/Documents/ecofloc/ecofloc-sd/ECOFLOC_SD_COMM_text.csv
========================================
🔋 MEASURE ENERGY FINALIZADO
   Fase: fase1_descarga_low_iter14
========================================
✔️ [03:40:52] Medición fase1_descarga_low_iter14 completada
[📦] Archivando resultados → ./historyexecutions/exp(03:40:57)_fase1_low_iter14
[✔] Archivado: ./historyexecutions/exp(03:40:57)_fase1_low_iter14
========================================
🔋 FASE 2: Preparación de servicios (low, iter 14)
========================================
📋 Capturando PIDs (gepidstea.sh)...
📋 Capturando PIDs de contenedores (kpsnodos.sh)...
🔋 [03:41:17] Iniciando medición de energía: fase2_preparacion_low_iter14 (50s)
   PID de medición: 220681
========================================
🔋 MEASURE ENERGY - Fase: fase2_preparacion_low_iter14
   Duración: 50s
   PID: 220681
========================================
=== Medición bloque 50s - Fase: fase2_preparacion_low_iter14 ===
[⏱ 03:41:17] Iniciando ecofloc en nitro5 por 50s (fase: fase2_preparacion_low_iter14)
⏳ Esperando 10s a que CoreDNS se estabilice...
  ├─ [nitro5:sd] start 03:41:17
  ├─ [nitro5:ram] start 03:41:17
  ├─ [nitro5:nic] start 03:41:18
[⏱ 03:41:18] Iniciando ecofloc en aspire por 50s (fase: fase2_preparacion_low_iter14)
  ├─ [nitro5:cpu] start 03:41:18
  ├─ [aspire:sd] start 03:41:18
  ├─ [aspire:ram] start 03:41:18
[⏱ 03:41:18] Iniciando ecofloc en scorpius por 50s (fase: fase2_preparacion_low_iter14)
  ├─ [aspire:nic] start 03:41:18
  ├─ [aspire:cpu] start 03:41:18
  ├─ [scorpius:sd] start 03:41:18
  ├─ [scorpius:ram] start 03:41:18
  ├─ [scorpius:nic] start 03:41:18
[⏱ 03:41:18] Iniciando ecofloc en leo por 50s (fase: fase2_preparacion_low_iter14)
  ├─ [scorpius:cpu] start 03:41:18
  ├─ [leo:sd] start 03:41:18
  ├─ [leo:ram] start 03:41:18
  ├─ [leo:nic] start 03:41:18
  ├─ [leo:cpu] start 03:41:18
➡️ Pod WebUI: teastore-webui-ff7768544-t2s2b
➡️ Está en el nodo: scorpius03
🌐 IP del nodo WebUI: 192.168.18.34
⏳ Verificando estado del TeaStore en http://192.168.18.34:30080/tools.descartes.teastore.webui/status ...
   ➤ Estado actual: 5 / 5 servicios OK
✔ TODOS los servicios del TeaStore están OK. Continuando...
⏳ [03:41:33] Esperando que termine medición: fase2_preparacion_low_iter14 (PID: 220681)
  └─ [nitro5:sd] end 03:42:07
  └─ [nitro5:ram] end 03:42:07
  └─ [nitro5:nic] end 03:42:08
  └─ [nitro5:cpu] end 03:42:08
  └─ [leo:cpu] end 03:42:10
  └─ [leo:sd] end 03:42:10
  └─ [aspire:sd] end 03:42:10
  └─ [aspire:cpu] end 03:42:10
  └─ [aspire:ram] end 03:42:10
  └─ [aspire:nic] end 03:42:10
  └─ [scorpius:nic] end 03:42:11
  └─ [leo:nic] end 03:42:11
  └─ [scorpius:cpu] end 03:42:11
  └─ [scorpius:ram] end 03:42:12
  └─ [leo:ram] end 03:42:12
  └─ [scorpius:sd] end 03:42:12
=== Bloque 50s terminado - Fase: fase2_preparacion_low_iter14 ===
[🧹] Limpiando CSVs internos de ecofloc en cada nodo (fase: fase2_preparacion_low_iter14)...
  ✔ [nitro5:cpu] limpiado /home/luish/Documents/p3/ecofloc2/ecofloc/ecofloc-cpu/ECOFLOC_CPU_COMM_text.csv
  ✔ [nitro5:nic] limpiado /home/luish/Documents/p3/ecofloc2/ecofloc/ecofloc-nic/ECOFLOC_NIC_COMM_text.csv
  ✔ [nitro5:ram] limpiado /home/luish/Documents/p3/ecofloc2/ecofloc/ecofloc-ram/ECOFLOC_RAM_COMM_text.csv
  ✔ [nitro5:sd] limpiado /home/luish/Documents/p3/ecofloc2/ecofloc/ecofloc-sd/ECOFLOC_SD_COMM_text.csv
  ✔ [leo:cpu] limpiado /home/leo/ecofloc/ecofloc-cpu/ECOFLOC_CPU_COMM_text.csv
  ✔ [leo:nic] limpiado /home/leo/ecofloc/ecofloc-nic/ECOFLOC_NIC_COMM_text.csv
  ✔ [leo:ram] limpiado /home/leo/ecofloc/ecofloc-ram/ECOFLOC_RAM_COMM_text.csv
  ✔ [leo:sd] limpiado /home/leo/ecofloc/ecofloc-sd/ECOFLOC_SD_COMM_text.csv
  ✔ [aspire:cpu] limpiado /home/luish/Documents/p3/ecofloc2/ecofloc/ecofloc-cpu/ECOFLOC_CPU_COMM_text.csv
  ✔ [aspire:nic] limpiado /home/luish/Documents/p3/ecofloc2/ecofloc/ecofloc-nic/ECOFLOC_NIC_COMM_text.csv
  ✔ [aspire:ram] limpiado /home/luish/Documents/p3/ecofloc2/ecofloc/ecofloc-ram/ECOFLOC_RAM_COMM_text.csv
  ✔ [aspire:sd] limpiado /home/luish/Documents/p3/ecofloc2/ecofloc/ecofloc-sd/ECOFLOC_SD_COMM_text.csv
  ✔ [scorpius:cpu] limpiado /home/scorpius03/Documents/ecofloc/ecofloc-cpu/ECOFLOC_CPU_COMM_text.csv
  ✔ [scorpius:nic] limpiado /home/scorpius03/Documents/ecofloc/ecofloc-nic/ECOFLOC_NIC_COMM_text.csv
  ✔ [scorpius:ram] limpiado /home/scorpius03/Documents/ecofloc/ecofloc-ram/ECOFLOC_RAM_COMM_text.csv
  ✔ [scorpius:sd] limpiado /home/scorpius03/Documents/ecofloc/ecofloc-sd/ECOFLOC_SD_COMM_text.csv
========================================
🔋 MEASURE ENERGY FINALIZADO
   Fase: fase2_preparacion_low_iter14
========================================
✔️ [03:42:16] Medición fase2_preparacion_low_iter14 completada
[📦] Archivando resultados → ./historyexecutions/exp(03:42:21)_fase2_low_iter14
[✔] Archivado: ./historyexecutions/exp(03:42:21)_fase2_low_iter14
========================================
🔋 FASE 3: Ejecución de carga (low, iter 14)
========================================
📋 Capturando PIDs (gepidstea.sh)...
📋 Capturando PIDs de contenedores (kpsnodos.sh)...
🔋 [03:42:38] Iniciando medición de energía: fase3_carga_low_iter14 (140s)
   PID de medición: 350983
=== Escenario low (iter 14) ===
========================================
🔋 MEASURE ENERGY - Fase: fase3_carga_low_iter14
   Duración: 140s
   PID: 350983
========================================
=== Medición bloque 140s - Fase: fase3_carga_low_iter14 ===
🚀 Iniciando LIMBO con profile=/home/luish/Documents/death/teastore/TeaStore/examples/httploadgenerator/increasingLowIntensity.csv y script=/home/luish/Documents/death/teastore/TeaStore/examples/httploadgenerator/teastore_buy.lua
[⏱ 03:42:38] Iniciando ecofloc en nitro5 por 140s (fase: fase3_carga_low_iter14)
Mar 06, 2026 3:42:38 AM tools.descartes.dlim.httploadgenerator.runner.Director executeDirector
WARNING: No power measurements
Mar 06, 2026 3:42:38 AM tools.descartes.dlim.httploadgenerator.runner.Director executeDirector
INFO: Load Generator Thread Count set to 64
Mar 06, 2026 3:42:38 AM tools.descartes.dlim.httploadgenerator.runner.Director executeDirector
INFO: URL connection timout set to 30000 ms
Mar 06, 2026 3:42:38 AM tools.descartes.dlim.httploadgenerator.runner.Director executeDirector
INFO: Using Lua Script: /home/luish/Documents/death/teastore/TeaStore/examples/httploadgenerator/teastore_buy.lua
Mar 06, 2026 3:42:38 AM tools.descartes.dlim.httploadgenerator.runner.Director process
INFO: Read 120 Arrival Rate Tuples
Load Generator sent: ok
Mar 06, 2026 3:42:38 AM tools.descartes.dlim.httploadgenerator.runner.Director process
INFO: Arrival Rates sent to Load Generator(s).
Load Generator sent: ok
Mar 06, 2026 3:42:38 AM tools.descartes.dlim.httploadgenerator.runner.Director process
INFO: Thread Count sent to Load Generator(s): 64
Load Generator sent: ok
Mar 06, 2026 3:42:38 AM tools.descartes.dlim.httploadgenerator.runner.Director process
INFO: URL connection timeout sent to Load Generator(s): 30000
Load Generator sent: ok
Mar 06, 2026 3:42:38 AM tools.descartes.dlim.httploadgenerator.runner.Director process
INFO: Contents of script sent to Load Generator: /home/luish/Documents/death/teastore/TeaStore/examples/httploadgenerator/teastore_buy.lua
Mar 06, 2026 3:42:38 AM tools.descartes.dlim.httploadgenerator.runner.Director process
INFO: Starting Load Generation
Beginning Run @1772786558547(06.03.2026;03:42:38547)
Target Time = 0.5; Load Intensity = 0.0; #Success = 0; #Failed = 0; #Dropped = 0
  ├─ [nitro5:sd] start 03:42:38
  ├─ [nitro5:ram] start 03:42:39
  ├─ [nitro5:nic] start 03:42:39
[⏱ 03:42:39] Iniciando ecofloc en aspire por 140s (fase: fase3_carga_low_iter14)
  ├─ [nitro5:cpu] start 03:42:39
  ├─ [aspire:sd] start 03:42:39
  ├─ [aspire:ram] start 03:42:40
[⏱ 03:42:40] Iniciando ecofloc en scorpius por 140s (fase: fase3_carga_low_iter14)
  ├─ [aspire:nic] start 03:42:40
  ├─ [aspire:cpu] start 03:42:40
  ├─ [scorpius:sd] start 03:42:40
  ├─ [scorpius:ram] start 03:42:40
  ├─ [scorpius:nic] start 03:42:40
[⏱ 03:42:40] Iniciando ecofloc en leo por 140s (fase: fase3_carga_low_iter14)
  ├─ [scorpius:cpu] start 03:42:40
  ├─ [leo:sd] start 03:42:40
  ├─ [leo:ram] start 03:42:40
  ├─ [leo:nic] start 03:42:40
  ├─ [leo:cpu] start 03:42:40
Target Time = 1.5; Load Intensity = 1.0; #Success = 0; #Failed = 0; #Dropped = 0
Target Time = 2.5; Load Intensity = 2.0; #Success = 0; #Failed = 0; #Dropped = 0
Target Time = 3.5; Load Intensity = 2.0; #Success = 0; #Failed = 0; #Dropped = 0
Target Time = 4.5; Load Intensity = 3.0; #Success = 4; #Failed = 0; #Dropped = 0
Target Time = 5.5; Load Intensity = 4.0; #Success = 4; #Failed = 0; #Dropped = 0
Target Time = 6.5; Load Intensity = 5.0; #Success = 3; #Failed = 0; #Dropped = 0
Target Time = 7.5; Load Intensity = 6.0; #Success = 6; #Failed = 0; #Dropped = 0
Target Time = 8.5; Load Intensity = 7.0; #Success = 4; #Failed = 0; #Dropped = 0
Target Time = 9.5; Load Intensity = 7.0; #Success = 6; #Failed = 0; #Dropped = 0
Target Time = 10.5; Load Intensity = 8.0; #Success = 5; #Failed = 0; #Dropped = 0
Target Time = 11.5; Load Intensity = 9.0; #Success = 5; #Failed = 0; #Dropped = 0
Target Time = 12.5; Load Intensity = 10.0; #Success = 5; #Failed = 0; #Dropped = 0
Target Time = 13.5; Load Intensity = 11.0; #Success = 4; #Failed = 0; #Dropped = 0
Target Time = 14.5; Load Intensity = 12.0; #Success = 4; #Failed = 0; #Dropped = 0
Target Time = 15.5; Load Intensity = 12.0; #Success = 4; #Failed = 0; #Dropped = 0
Target Time = 16.5; Load Intensity = 13.0; #Success = 3; #Failed = 0; #Dropped = 0
Target Time = 17.5; Load Intensity = 14.0; #Success = 4; #Failed = 0; #Dropped = 0
Target Time = 18.5; Load Intensity = 15.0; #Success = 6; #Failed = 0; #Dropped = 0
Target Time = 19.5; Load Intensity = 16.0; #Success = 4; #Failed = 0; #Dropped = 0
Target Time = 20.5; Load Intensity = 17.0; #Success = 4; #Failed = 0; #Dropped = 0
Target Time = 21.5; Load Intensity = 17.0; #Success = 3; #Failed = 0; #Dropped = 0
Target Time = 22.5; Load Intensity = 18.0; #Success = 0; #Failed = 0; #Dropped = 0
Target Time = 23.5; Load Intensity = 19.0; #Success = 0; #Failed = 0; #Dropped = 0
Target Time = 24.5; Load Intensity = 20.0; #Success = 0; #Failed = 0; #Dropped = 0
Target Time = 25.5; Load Intensity = 21.0; #Success = 0; #Failed = 0; #Dropped = 0
Target Time = 26.5; Load Intensity = 22.0; #Success = 0; #Failed = 0; #Dropped = 0
Target Time = 27.5; Load Intensity = 22.0; #Success = 4; #Failed = 0; #Dropped = 0
Target Time = 28.5; Load Intensity = 23.0; #Success = 1; #Failed = 0; #Dropped = 0
Target Time = 29.5; Load Intensity = 24.0; #Success = 1; #Failed = 0; #Dropped = 0
Target Time = 30.5; Load Intensity = 25.0; #Success = 5; #Failed = 2; #Dropped = 0
Target Time = 31.5; Load Intensity = 26.0; #Success = 3; #Failed = 0; #Dropped = 0
Target Time = 32.5; Load Intensity = 27.0; #Success = 10; #Failed = 0; #Dropped = 0
Target Time = 33.5; Load Intensity = 27.0; #Success = 12; #Failed = 3; #Dropped = 0
Target Time = 34.5; Load Intensity = 28.0; #Success = 6; #Failed = 1; #Dropped = 0
Target Time = 35.5; Load Intensity = 29.0; #Success = 4; #Failed = 0; #Dropped = 0
Target Time = 36.5; Load Intensity = 30.0; #Success = 6; #Failed = 1; #Dropped = 0
Target Time = 37.5; Load Intensity = 31.0; #Success = 6; #Failed = 0; #Dropped = 0
Target Time = 38.5; Load Intensity = 32.0; #Success = 5; #Failed = 0; #Dropped = 0
Target Time = 39.5; Load Intensity = 32.0; #Success = 5; #Failed = 0; #Dropped = 0
Target Time = 40.5; Load Intensity = 33.0; #Success = 3; #Failed = 0; #Dropped = 0
Target Time = 41.5; Load Intensity = 34.0; #Success = 0; #Failed = 0; #Dropped = 0
Target Time = 42.5; Load Intensity = 35.0; #Success = 0; #Failed = 1; #Dropped = 0
Target Time = 43.5; Load Intensity = 36.0; #Success = 5; #Failed = 0; #Dropped = 0
Target Time = 44.5; Load Intensity = 37.0; #Success = 0; #Failed = 11; #Dropped = 0
Target Time = 45.5; Load Intensity = 37.0; #Success = 1; #Failed = 4; #Dropped = 0
Target Time = 46.5; Load Intensity = 38.0; #Success = 0; #Failed = 2; #Dropped = 0
Target Time = 47.5; Load Intensity = 39.0; #Success = 1; #Failed = 8; #Dropped = 0
Target Time = 48.5; Load Intensity = 40.0; #Success = 2; #Failed = 5; #Dropped = 0
Target Time = 49.5; Load Intensity = 41.0; #Success = 1; #Failed = 2; #Dropped = 0
Target Time = 50.5; Load Intensity = 42.0; #Success = 0; #Failed = 3; #Dropped = 0
Target Time = 51.5; Load Intensity = 42.0; #Success = 3; #Failed = 6; #Dropped = 0
Target Time = 52.5; Load Intensity = 43.0; #Success = 2; #Failed = 3; #Dropped = 0
Target Time = 53.5; Load Intensity = 44.0; #Success = 0; #Failed = 4; #Dropped = 0
Target Time = 54.5; Load Intensity = 45.0; #Success = 2; #Failed = 3; #Dropped = 0
Target Time = 55.5; Load Intensity = 46.0; #Success = 0; #Failed = 5; #Dropped = 0
Target Time = 56.5; Load Intensity = 47.0; #Success = 0; #Failed = 7; #Dropped = 0
Target Time = 57.5; Load Intensity = 47.0; #Success = 0; #Failed = 3; #Dropped = 0
Target Time = 58.5; Load Intensity = 48.0; #Success = 0; #Failed = 0; #Dropped = 0
Target Time = 59.5; Load Intensity = 49.0; #Success = 0; #Failed = 0; #Dropped = 0
Target Time = 60.5; Load Intensity = 50.0; #Success = 0; #Failed = 2; #Dropped = 76
Target Time = 61.5; Load Intensity = 51.0; #Success = 4; #Failed = 14; #Dropped = 13
Target Time = 62.5; Load Intensity = 52.0; #Success = 2; #Failed = 6; #Dropped = 16
Target Time = 63.5; Load Intensity = 52.0; #Success = 1; #Failed = 6; #Dropped = 15
Target Time = 64.5; Load Intensity = 53.0; #Success = 1; #Failed = 6; #Dropped = 22
Target Time = 65.5; Load Intensity = 54.0; #Success = 0; #Failed = 4; #Dropped = 30
Target Time = 66.5; Load Intensity = 55.0; #Success = 1; #Failed = 2; #Dropped = 15
Target Time = 67.5; Load Intensity = 56.0; #Success = 1; #Failed = 3; #Dropped = 34
Target Time = 68.5; Load Intensity = 57.0; #Success = 7; #Failed = 0; #Dropped = 28
Target Time = 69.5; Load Intensity = 57.0; #Success = 4; #Failed = 0; #Dropped = 24
Target Time = 70.5; Load Intensity = 58.0; #Success = 3; #Failed = 0; #Dropped = 27
Target Time = 71.5; Load Intensity = 59.0; #Success = 1; #Failed = 0; #Dropped = 10
Target Time = 72.5; Load Intensity = 60.0; #Success = 0; #Failed = 0; #Dropped = 0
Target Time = 73.5; Load Intensity = 61.0; #Success = 3; #Failed = 0; #Dropped = 96
Target Time = 74.5; Load Intensity = 62.0; #Success = 0; #Failed = 0; #Dropped = 0
Target Time = 75.5; Load Intensity = 62.0; #Success = 1; #Failed = 0; #Dropped = 71
Target Time = 76.5; Load Intensity = 63.0; #Success = 2; #Failed = 0; #Dropped = 27
Target Time = 77.5; Load Intensity = 64.0; #Success = 1; #Failed = 1; #Dropped = 49
Target Time = 78.5; Load Intensity = 65.0; #Success = 0; #Failed = 3; #Dropped = 37
Target Time = 79.5; Load Intensity = 66.0; #Success = 0; #Failed = 4; #Dropped = 39
Target Time = 80.5; Load Intensity = 67.0; #Success = 0; #Failed = 1; #Dropped = 9
Target Time = 81.5; Load Intensity = 67.0; #Success = 1; #Failed = 2; #Dropped = 64
Target Time = 82.5; Load Intensity = 68.0; #Success = 1; #Failed = 2; #Dropped = 41
Target Time = 83.5; Load Intensity = 69.0; #Success = 0; #Failed = 2; #Dropped = 43
Target Time = 84.5; Load Intensity = 70.0; #Success = 0; #Failed = 6; #Dropped = 42
Target Time = 85.5; Load Intensity = 71.0; #Success = 2; #Failed = 2; #Dropped = 26
Target Time = 86.5; Load Intensity = 72.0; #Success = 0; #Failed = 4; #Dropped = 63
Target Time = 87.5; Load Intensity = 72.0; #Success = 0; #Failed = 5; #Dropped = 32
Target Time = 88.5; Load Intensity = 73.0; #Success = 0; #Failed = 1; #Dropped = 10
Target Time = 89.5; Load Intensity = 74.0; #Success = 0; #Failed = 5; #Dropped = 75
Target Time = 90.5; Load Intensity = 75.0; #Success = 1; #Failed = 3; #Dropped = 66
Target Time = 91.5; Load Intensity = 76.0; #Success = 2; #Failed = 1; #Dropped = 39
Target Time = 92.5; Load Intensity = 77.0; #Success = 2; #Failed = 0; #Dropped = 53
Target Time = 93.5; Load Intensity = 77.0; #Success = 1; #Failed = 0; #Dropped = 43
Target Time = 94.5; Load Intensity = 78.0; #Success = 2; #Failed = 0; #Dropped = 40
Target Time = 95.5; Load Intensity = 79.0; #Success = 1; #Failed = 0; #Dropped = 42
Target Time = 96.5; Load Intensity = 80.0; #Success = 1; #Failed = 0; #Dropped = 55
Target Time = 97.5; Load Intensity = 81.0; #Success = 1; #Failed = 0; #Dropped = 38
Target Time = 98.5; Load Intensity = 82.0; #Success = 5; #Failed = 1; #Dropped = 98
Target Time = 99.5; Load Intensity = 82.0; #Success = 1; #Failed = 8; #Dropped = 45
Target Time = 100.5; Load Intensity = 83.0; #Success = 0; #Failed = 1; #Dropped = 10
Target Time = 101.5; Load Intensity = 84.0; #Success = 0; #Failed = 1; #Dropped = 67
Target Time = 102.5; Load Intensity = 85.0; #Success = 1; #Failed = 0; #Dropped = 71
Target Time = 103.5; Load Intensity = 86.0; #Success = 0; #Failed = 0; #Dropped = 0
Target Time = 104.5; Load Intensity = 87.0; #Success = 0; #Failed = 2; #Dropped = 135
Target Time = 105.5; Load Intensity = 87.0; #Success = 0; #Failed = 0; #Dropped = 0
Target Time = 106.5; Load Intensity = 88.0; #Success = 0; #Failed = 0; #Dropped = 0
Target Time = 107.5; Load Intensity = 89.0; #Success = 0; #Failed = 1; #Dropped = 151
Target Time = 108.5; Load Intensity = 90.0; #Success = 0; #Failed = 0; #Dropped = 0
Target Time = 109.5; Load Intensity = 91.0; #Success = 0; #Failed = 0; #Dropped = 0
Target Time = 110.5; Load Intensity = 92.0; #Success = 3; #Failed = 0; #Dropped = 261
Target Time = 111.5; Load Intensity = 92.0; #Success = 6; #Failed = 0; #Dropped = 47
Target Time = 112.5; Load Intensity = 93.0; #Success = 4; #Failed = 0; #Dropped = 21
Target Time = 113.5; Load Intensity = 94.0; #Success = 3; #Failed = 0; #Dropped = 86
Target Time = 114.5; Load Intensity = 95.0; #Success = 4; #Failed = 0; #Dropped = 88
Target Time = 115.5; Load Intensity = 96.0; #Success = 0; #Failed = 0; #Dropped = 0
Target Time = 116.5; Load Intensity = 97.0; #Success = 4; #Failed = 5; #Dropped = 133
Target Time = 117.5; Load Intensity = 97.0; #Success = 3; #Failed = 9; #Dropped = 71
Target Time = 118.5; Load Intensity = 98.0; #Success = 1; #Failed = 0; #Dropped = 0
Target Time = 119.5; Load Intensity = 99.0; #Success = 4; #Failed = 0; #Dropped = 141
Target Time = 120.5; Load Intensity = 0.0; #Success = 2; #Failed = 0; #Dropped = 66
Target Time = 121.5; Load Intensity = 0.0; #Success = 3; #Failed = 1; #Dropped = 71
Target Time = 122.5; Load Intensity = 0.0; #Success = 2; #Failed = 2; #Dropped = 73
Target Time = 123.5; Load Intensity = 0.0; #Success = 1; #Failed = 0; #Dropped = 68
Target Time = 124.5; Load Intensity = 0.0; #Success = 3; #Failed = 1; #Dropped = 78
Target Time = 125.5; Load Intensity = 0.0; #Success = 1; #Failed = 3; #Dropped = 77
Target Time = 126.5; Load Intensity = 0.0; #Success = 2; #Failed = 0; #Dropped = 40
Target Time = 127.5; Load Intensity = 0.0; #Success = 8; #Failed = 0; #Dropped = 106
Target Time = 128.5; Load Intensity = 0.0; #Success = 10; #Failed = 0; #Dropped = 78
Target Time = 129.5; Load Intensity = 0.0; #Success = 4; #Failed = 6; #Dropped = 78
Target Time = 130.5; Load Intensity = 0.0; #Success = 0; #Failed = 4; #Dropped = 61
Target Time = 131.5; Load Intensity = 0.0; #Success = 0; #Failed = 3; #Dropped = 93
Target Time = 132.5; Load Intensity = 0.0; #Success = 1; #Failed = 4; #Dropped = 26
Target Time = 133.5; Load Intensity = 0.0; #Success = 0; #Failed = 0; #Dropped = 0
Target Time = 134.5; Load Intensity = 0.0; #Success = 0; #Failed = 5; #Dropped = 225
Target Time = 135.5; Load Intensity = 0.0; #Success = 0; #Failed = 7; #Dropped = 67
Target Time = 136.5; Load Intensity = 0.0; #Success = 0; #Failed = 4; #Dropped = 72
Target Time = 137.5; Load Intensity = 0.0; #Success = 0; #Failed = 7; #Dropped = 105
Target Time = 138.5; Load Intensity = 0.0; #Success = 0; #Failed = 5; #Dropped = 77
Target Time = 139.5; Load Intensity = 0.0; #Success = 0; #Failed = 5; #Dropped = 44
  └─ [nitro5:sd] end 03:44:58
Target Time = 140.5; Load Intensity = 0.0; #Success = 0; #Failed = 0; #Dropped = 0
  └─ [nitro5:ram] end 03:44:59
  └─ [nitro5:nic] end 03:44:59
  └─ [nitro5:cpu] end 03:45:00
Target Time = 141.5; Load Intensity = 0.0; #Success = 0; #Failed = 0; #Dropped = 0
Target Time = 142.5; Load Intensity = 0.0; #Success = 1; #Failed = 0; #Dropped = 275
Target Time = 143.5; Load Intensity = 0.0; #Success = 0; #Failed = 0; #Dropped = 0
Target Time = 144.5; Load Intensity = 0.0; #Success = 1; #Failed = 0; #Dropped = 153
  └─ [leo:sd] end 03:45:03
  └─ [leo:cpu] end 03:45:03
Target Time = 145.5; Load Intensity = 0.0; #Success = 4; #Failed = 3; #Dropped = 162
  └─ [leo:nic] end 03:45:04
Target Time = 146.5; Load Intensity = 0.0; #Success = 1; #Failed = 0; #Dropped = 94
  └─ [scorpius:sd] end 03:45:05
Target Time = 147.5; Load Intensity = 0.0; #Success = 0; #Failed = 0; #Dropped = 0
Target Time = 148.5; Load Intensity = 0.0; #Success = 0; #Failed = 0; #Dropped = 0
Target Time = 149.5; Load Intensity = 0.0; #Success = 0; #Failed = 3; #Dropped = 293
Target Time = 150.5; Load Intensity = 0.0; #Success = 0; #Failed = 3; #Dropped = 13
  └─ [leo:ram] end 03:45:09
Target Time = 151.5; Load Intensity = 0.0; #Success = 0; #Failed = 1; #Dropped = 0
Target Time = 152.5; Load Intensity = 0.0; #Success = 0; #Failed = 6; #Dropped = 0
Target Time = 153.5; Load Intensity = 0.0; #Success = 0; #Failed = 3; #Dropped = 0
Target Time = 154.5; Load Intensity = 0.0; #Success = 1; #Failed = 3; #Dropped = 0
Target Time = 155.5; Load Intensity = 0.0; #Success = 2; #Failed = 0; #Dropped = 0
Target Time = 156.5; Load Intensity = 0.0; #Success = 1; #Failed = 1; #Dropped = 0
Target Time = 157.5; Load Intensity = 0.0; #Success = 0; #Failed = 0; #Dropped = 0
Target Time = 158.5; Load Intensity = 0.0; #Success = 2; #Failed = 2; #Dropped = 0
Target Time = 159.5; Load Intensity = 0.0; #Success = 3; #Failed = 7; #Dropped = 0
Target Time = 160.5; Load Intensity = 0.0; #Success = 1; #Failed = 7; #Dropped = 0
  └─ [scorpius:cpu] end 03:45:19
Target Time = 161.5; Load Intensity = 0.0; #Success = 0; #Failed = 4; #Dropped = 0
Target Time = 162.5; Load Intensity = 0.0; #Success = 2; #Failed = 5; #Dropped = 0
Target Time = 163.5; Load Intensity = 0.0; #Success = 0; #Failed = 3; #Dropped = 0
  └─ [scorpius:nic] end 03:45:22
Target Time = 164.5; Load Intensity = 0.0; #Success = 0; #Failed = 7; #Dropped = 0
  └─ [aspire:nic] end 03:45:24
  └─ [scorpius:ram] end 03:45:24
  └─ [aspire:cpu] end 03:45:24
  └─ [aspire:ram] end 03:45:24
  └─ [aspire:sd] end 03:45:24
=== Bloque 140s terminado - Fase: fase3_carga_low_iter14 ===
[🧹] Limpiando CSVs internos de ecofloc en cada nodo (fase: fase3_carga_low_iter14)...
  ✔ [nitro5:cpu] limpiado /home/luish/Documents/p3/ecofloc2/ecofloc/ecofloc-cpu/ECOFLOC_CPU_COMM_text.csv
  ✔ [nitro5:nic] limpiado /home/luish/Documents/p3/ecofloc2/ecofloc/ecofloc-nic/ECOFLOC_NIC_COMM_text.csv
  ✔ [nitro5:ram] limpiado /home/luish/Documents/p3/ecofloc2/ecofloc/ecofloc-ram/ECOFLOC_RAM_COMM_text.csv
  ✔ [nitro5:sd] limpiado /home/luish/Documents/p3/ecofloc2/ecofloc/ecofloc-sd/ECOFLOC_SD_COMM_text.csv
  ✔ [leo:cpu] limpiado /home/leo/ecofloc/ecofloc-cpu/ECOFLOC_CPU_COMM_text.csv
  ✔ [leo:nic] limpiado /home/leo/ecofloc/ecofloc-nic/ECOFLOC_NIC_COMM_text.csv
  ✔ [leo:ram] limpiado /home/leo/ecofloc/ecofloc-ram/ECOFLOC_RAM_COMM_text.csv
  ✔ [leo:sd] limpiado /home/leo/ecofloc/ecofloc-sd/ECOFLOC_SD_COMM_text.csv
  ✔ [aspire:cpu] limpiado /home/luish/Documents/p3/ecofloc2/ecofloc/ecofloc-cpu/ECOFLOC_CPU_COMM_text.csv
  ✔ [aspire:nic] limpiado /home/luish/Documents/p3/ecofloc2/ecofloc/ecofloc-nic/ECOFLOC_NIC_COMM_text.csv
  ✔ [aspire:ram] limpiado /home/luish/Documents/p3/ecofloc2/ecofloc/ecofloc-ram/ECOFLOC_RAM_COMM_text.csv
  ✔ [aspire:sd] limpiado /home/luish/Documents/p3/ecofloc2/ecofloc/ecofloc-sd/ECOFLOC_SD_COMM_text.csv
Workload finished.
Log finished.
📄 LIMBO finalizado para scenario=low
⏳ [03:45:28] Esperando que termine medición: fase3_carga_low_iter14 (PID: 350983)
  ✔ [scorpius:cpu] limpiado /home/scorpius03/Documents/ecofloc/ecofloc-cpu/ECOFLOC_CPU_COMM_text.csv
  ✔ [scorpius:nic] limpiado /home/scorpius03/Documents/ecofloc/ecofloc-nic/ECOFLOC_NIC_COMM_text.csv
  ✔ [scorpius:ram] limpiado /home/scorpius03/Documents/ecofloc/ecofloc-ram/ECOFLOC_RAM_COMM_text.csv
  ✔ [scorpius:sd] limpiado /home/scorpius03/Documents/ecofloc/ecofloc-sd/ECOFLOC_SD_COMM_text.csv
========================================
🔋 MEASURE ENERGY FINALIZADO
   Fase: fase3_carga_low_iter14
========================================
✔️ [03:45:29] Medición fase3_carga_low_iter14 completada
[📦] Archivando resultados → ./historyexecutions/exp(03:45:34)_fase3_low_iter14
[✔] Archivado: ./historyexecutions/exp(03:45:34)_fase3_low_iter14
🧹 Limpiando TeaStore (iter 14)...
⏸ Esperando 15s para limpieza completa...
✅ Iteración 14 / 20 del escenario low completada.

########################################################
🔄 ESCENARIO: low | ITERACIÓN: 15 / 20
   Hora: 03:46:22
########################################################
========================================
🔋 FASE 1: Descarga de imágenes (low, iter 15)
========================================
📋 Capturando PIDs (gepidstea.sh)...
📋 Capturando PIDs de contenedores (kpsnodos.sh)...
🔋 [03:46:40] Iniciando medición de energía: fase1_descarga_low_iter15 (25s)
   PID de medición: 730551
🚀 Desplegando TeaStore desde /home/luish/Documents/death/teastore/TeaStore/examples/kubernetes/teastore-energy-scheduler.yaml...
========================================
🔋 MEASURE ENERGY - Fase: fase1_descarga_low_iter15
   Duración: 25s
   PID: 730551
========================================
=== Medición bloque 25s - Fase: fase1_descarga_low_iter15 ===
[⏱ 03:46:40] Iniciando ecofloc en nitro5 por 25s (fase: fase1_descarga_low_iter15)
⏳ Esperando a que todos los pods de TeaStore estén Running y Ready...
  ├─ [nitro5:sd] start 03:46:40
  ├─ [nitro5:ram] start 03:46:40
  ├─ [nitro5:nic] start 03:46:41
[⏱ 03:46:41] Iniciando ecofloc en aspire por 25s (fase: fase1_descarga_low_iter15)
  ├─ [nitro5:cpu] start 03:46:41
  ├─ [aspire:sd] start 03:46:41
  ├─ [aspire:ram] start 03:46:41
[⏱ 03:46:41] Iniciando ecofloc en scorpius por 25s (fase: fase1_descarga_low_iter15)
  ├─ [aspire:nic] start 03:46:41
  ├─ [aspire:cpu] start 03:46:41
  ├─ [scorpius:sd] start 03:46:41
  ├─ [scorpius:ram] start 03:46:41
  ├─ [scorpius:nic] start 03:46:41
[⏱ 03:46:41] Iniciando ecofloc en leo por 25s (fase: fase1_descarga_low_iter15)
  ├─ [scorpius:cpu] start 03:46:41
  ├─ [leo:sd] start 03:46:41
  ├─ [leo:ram] start 03:46:41
  ├─ [leo:nic] start 03:46:41
  ├─ [leo:cpu] start 03:46:41
✅ Pods listos.
⏳ [03:46:42] Esperando que termine medición: fase1_descarga_low_iter15 (PID: 730551)
  └─ [nitro5:sd] end 03:47:05
  └─ [nitro5:ram] end 03:47:05
  └─ [nitro5:nic] end 03:47:06
  └─ [nitro5:cpu] end 03:47:06
  └─ [aspire:cpu] end 03:47:07
  └─ [aspire:sd] end 03:47:07
  └─ [leo:cpu] end 03:47:07
  └─ [leo:sd] end 03:47:07
  └─ [scorpius:sd] end 03:47:08
  └─ [leo:nic] end 03:47:08
  └─ [scorpius:cpu] end 03:47:08
  └─ [aspire:nic] end 03:47:08
  └─ [aspire:ram] end 03:47:08
  └─ [leo:ram] end 03:47:08
  └─ [scorpius:nic] end 03:47:08
  └─ [scorpius:ram] end 03:47:09
=== Bloque 25s terminado - Fase: fase1_descarga_low_iter15 ===
[🧹] Limpiando CSVs internos de ecofloc en cada nodo (fase: fase1_descarga_low_iter15)...
  ✔ [nitro5:cpu] limpiado /home/luish/Documents/p3/ecofloc2/ecofloc/ecofloc-cpu/ECOFLOC_CPU_COMM_text.csv
  ✔ [nitro5:nic] limpiado /home/luish/Documents/p3/ecofloc2/ecofloc/ecofloc-nic/ECOFLOC_NIC_COMM_text.csv
  ✔ [nitro5:ram] limpiado /home/luish/Documents/p3/ecofloc2/ecofloc/ecofloc-ram/ECOFLOC_RAM_COMM_text.csv
  ✔ [nitro5:sd] limpiado /home/luish/Documents/p3/ecofloc2/ecofloc/ecofloc-sd/ECOFLOC_SD_COMM_text.csv
  ✔ [leo:cpu] limpiado /home/leo/ecofloc/ecofloc-cpu/ECOFLOC_CPU_COMM_text.csv
  ✔ [leo:nic] limpiado /home/leo/ecofloc/ecofloc-nic/ECOFLOC_NIC_COMM_text.csv
  ✔ [leo:ram] limpiado /home/leo/ecofloc/ecofloc-ram/ECOFLOC_RAM_COMM_text.csv
  ✔ [leo:sd] limpiado /home/leo/ecofloc/ecofloc-sd/ECOFLOC_SD_COMM_text.csv
  ✔ [aspire:cpu] limpiado /home/luish/Documents/p3/ecofloc2/ecofloc/ecofloc-cpu/ECOFLOC_CPU_COMM_text.csv
  ✔ [aspire:nic] limpiado /home/luish/Documents/p3/ecofloc2/ecofloc/ecofloc-nic/ECOFLOC_NIC_COMM_text.csv
  ✔ [aspire:ram] limpiado /home/luish/Documents/p3/ecofloc2/ecofloc/ecofloc-ram/ECOFLOC_RAM_COMM_text.csv
  ✔ [aspire:sd] limpiado /home/luish/Documents/p3/ecofloc2/ecofloc/ecofloc-sd/ECOFLOC_SD_COMM_text.csv
  ✔ [scorpius:cpu] limpiado /home/scorpius03/Documents/ecofloc/ecofloc-cpu/ECOFLOC_CPU_COMM_text.csv
  ✔ [scorpius:nic] limpiado /home/scorpius03/Documents/ecofloc/ecofloc-nic/ECOFLOC_NIC_COMM_text.csv
  ✔ [scorpius:ram] limpiado /home/scorpius03/Documents/ecofloc/ecofloc-ram/ECOFLOC_RAM_COMM_text.csv
  ✔ [scorpius:sd] limpiado /home/scorpius03/Documents/ecofloc/ecofloc-sd/ECOFLOC_SD_COMM_text.csv
========================================
🔋 MEASURE ENERGY FINALIZADO
   Fase: fase1_descarga_low_iter15
========================================
✔️ [03:47:12] Medición fase1_descarga_low_iter15 completada
[📦] Archivando resultados → ./historyexecutions/exp(03:47:17)_fase1_low_iter15
[✔] Archivado: ./historyexecutions/exp(03:47:17)_fase1_low_iter15
========================================
🔋 FASE 2: Preparación de servicios (low, iter 15)
========================================
📋 Capturando PIDs (gepidstea.sh)...
📋 Capturando PIDs de contenedores (kpsnodos.sh)...
🔋 [03:47:35] Iniciando medición de energía: fase2_preparacion_low_iter15 (50s)
   PID de medición: 798568
========================================
🔋 MEASURE ENERGY - Fase: fase2_preparacion_low_iter15
   Duración: 50s
   PID: 798568
========================================
=== Medición bloque 50s - Fase: fase2_preparacion_low_iter15 ===
[⏱ 03:47:35] Iniciando ecofloc en nitro5 por 50s (fase: fase2_preparacion_low_iter15)
⏳ Esperando 10s a que CoreDNS se estabilice...
  ├─ [nitro5:sd] start 03:47:36
  ├─ [nitro5:ram] start 03:47:36
  ├─ [nitro5:nic] start 03:47:36
[⏱ 03:47:37] Iniciando ecofloc en aspire por 50s (fase: fase2_preparacion_low_iter15)
  ├─ [nitro5:cpu] start 03:47:37
  ├─ [aspire:sd] start 03:47:37
  ├─ [aspire:ram] start 03:47:37
  ├─ [aspire:nic] start 03:47:37
[⏱ 03:47:37] Iniciando ecofloc en scorpius por 50s (fase: fase2_preparacion_low_iter15)
  ├─ [aspire:cpu] start 03:47:37
  ├─ [scorpius:sd] start 03:47:37
  ├─ [scorpius:ram] start 03:47:37
  ├─ [scorpius:nic] start 03:47:37
[⏱ 03:47:37] Iniciando ecofloc en leo por 50s (fase: fase2_preparacion_low_iter15)
  ├─ [scorpius:cpu] start 03:47:37
  ├─ [leo:sd] start 03:47:37
  ├─ [leo:ram] start 03:47:37
  ├─ [leo:nic] start 03:47:37
  ├─ [leo:cpu] start 03:47:37
➡️ Pod WebUI: teastore-webui-ff7768544-6l482
➡️ Está en el nodo: luish-aspire-a315-55g
🌐 IP del nodo WebUI: 192.168.18.37
⏳ Verificando estado del TeaStore en http://192.168.18.37:30080/tools.descartes.teastore.webui/status ...
   ➤ Estado actual: 5 / 5 servicios OK
✔ TODOS los servicios del TeaStore están OK. Continuando...
⏳ [03:47:50] Esperando que termine medición: fase2_preparacion_low_iter15 (PID: 798568)
  └─ [nitro5:nic] end 03:48:26
  └─ [nitro5:sd] end 03:48:26
  └─ [nitro5:ram] end 03:48:26
  └─ [nitro5:cpu] end 03:48:27
  └─ [aspire:sd] end 03:48:28
  └─ [aspire:cpu] end 03:48:28
  └─ [leo:nic] end 03:48:28
  └─ [leo:sd] end 03:48:29
  └─ [aspire:nic] end 03:48:29
  └─ [scorpius:cpu] end 03:48:30
  └─ [leo:cpu] end 03:48:31
  └─ [aspire:ram] end 03:48:31
  └─ [scorpius:sd] end 03:48:31
  └─ [scorpius:ram] end 03:48:31
  └─ [scorpius:nic] end 03:48:31
  └─ [leo:ram] end 03:48:31
=== Bloque 50s terminado - Fase: fase2_preparacion_low_iter15 ===
[🧹] Limpiando CSVs internos de ecofloc en cada nodo (fase: fase2_preparacion_low_iter15)...
  ✔ [nitro5:cpu] limpiado /home/luish/Documents/p3/ecofloc2/ecofloc/ecofloc-cpu/ECOFLOC_CPU_COMM_text.csv
  ✔ [nitro5:nic] limpiado /home/luish/Documents/p3/ecofloc2/ecofloc/ecofloc-nic/ECOFLOC_NIC_COMM_text.csv
  ✔ [nitro5:ram] limpiado /home/luish/Documents/p3/ecofloc2/ecofloc/ecofloc-ram/ECOFLOC_RAM_COMM_text.csv
  ✔ [nitro5:sd] limpiado /home/luish/Documents/p3/ecofloc2/ecofloc/ecofloc-sd/ECOFLOC_SD_COMM_text.csv
  ✔ [leo:cpu] limpiado /home/leo/ecofloc/ecofloc-cpu/ECOFLOC_CPU_COMM_text.csv
  ✔ [leo:nic] limpiado /home/leo/ecofloc/ecofloc-nic/ECOFLOC_NIC_COMM_text.csv
  ✔ [leo:ram] limpiado /home/leo/ecofloc/ecofloc-ram/ECOFLOC_RAM_COMM_text.csv
  ✔ [leo:sd] limpiado /home/leo/ecofloc/ecofloc-sd/ECOFLOC_SD_COMM_text.csv
  ✔ [aspire:cpu] limpiado /home/luish/Documents/p3/ecofloc2/ecofloc/ecofloc-cpu/ECOFLOC_CPU_COMM_text.csv
  ✔ [aspire:nic] limpiado /home/luish/Documents/p3/ecofloc2/ecofloc/ecofloc-nic/ECOFLOC_NIC_COMM_text.csv
  ✔ [aspire:ram] limpiado /home/luish/Documents/p3/ecofloc2/ecofloc/ecofloc-ram/ECOFLOC_RAM_COMM_text.csv
  ✔ [aspire:sd] limpiado /home/luish/Documents/p3/ecofloc2/ecofloc/ecofloc-sd/ECOFLOC_SD_COMM_text.csv
  ✔ [scorpius:cpu] limpiado /home/scorpius03/Documents/ecofloc/ecofloc-cpu/ECOFLOC_CPU_COMM_text.csv
  ✔ [scorpius:nic] limpiado /home/scorpius03/Documents/ecofloc/ecofloc-nic/ECOFLOC_NIC_COMM_text.csv
  ✔ [scorpius:ram] limpiado /home/scorpius03/Documents/ecofloc/ecofloc-ram/ECOFLOC_RAM_COMM_text.csv
  ✔ [scorpius:sd] limpiado /home/scorpius03/Documents/ecofloc/ecofloc-sd/ECOFLOC_SD_COMM_text.csv
========================================
🔋 MEASURE ENERGY FINALIZADO
   Fase: fase2_preparacion_low_iter15
========================================
✔️ [03:48:36] Medición fase2_preparacion_low_iter15 completada
[📦] Archivando resultados → ./historyexecutions/exp(03:48:41)_fase2_low_iter15
[✔] Archivado: ./historyexecutions/exp(03:48:41)_fase2_low_iter15
========================================
🔋 FASE 3: Ejecución de carga (low, iter 15)
========================================
📋 Capturando PIDs (gepidstea.sh)...
📋 Capturando PIDs de contenedores (kpsnodos.sh)...
🔋 [03:48:57] Iniciando medición de energía: fase3_carga_low_iter15 (140s)
   PID de medición: 932276
=== Escenario low (iter 15) ===
========================================
🔋 MEASURE ENERGY - Fase: fase3_carga_low_iter15
   Duración: 140s
   PID: 932276
========================================
=== Medición bloque 140s - Fase: fase3_carga_low_iter15 ===
🚀 Iniciando LIMBO con profile=/home/luish/Documents/death/teastore/TeaStore/examples/httploadgenerator/increasingLowIntensity.csv y script=/home/luish/Documents/death/teastore/TeaStore/examples/httploadgenerator/teastore_buy.lua
[⏱ 03:48:57] Iniciando ecofloc en nitro5 por 140s (fase: fase3_carga_low_iter15)
Mar 06, 2026 3:48:57 AM tools.descartes.dlim.httploadgenerator.runner.Director executeDirector
WARNING: No power measurements
Mar 06, 2026 3:48:57 AM tools.descartes.dlim.httploadgenerator.runner.Director executeDirector
INFO: Load Generator Thread Count set to 64
Mar 06, 2026 3:48:57 AM tools.descartes.dlim.httploadgenerator.runner.Director executeDirector
INFO: URL connection timout set to 30000 ms
Mar 06, 2026 3:48:57 AM tools.descartes.dlim.httploadgenerator.runner.Director executeDirector
INFO: Using Lua Script: /home/luish/Documents/death/teastore/TeaStore/examples/httploadgenerator/teastore_buy.lua
Mar 06, 2026 3:48:57 AM tools.descartes.dlim.httploadgenerator.runner.Director process
INFO: Read 120 Arrival Rate Tuples
Load Generator sent: ok
Mar 06, 2026 3:48:57 AM tools.descartes.dlim.httploadgenerator.runner.Director process
INFO: Arrival Rates sent to Load Generator(s).
Load Generator sent: ok
Mar 06, 2026 3:48:57 AM tools.descartes.dlim.httploadgenerator.runner.Director process
INFO: Thread Count sent to Load Generator(s): 64
Load Generator sent: ok
Mar 06, 2026 3:48:57 AM tools.descartes.dlim.httploadgenerator.runner.Director process
INFO: URL connection timeout sent to Load Generator(s): 30000
Load Generator sent: ok
Mar 06, 2026 3:48:57 AM tools.descartes.dlim.httploadgenerator.runner.Director process
INFO: Contents of script sent to Load Generator: /home/luish/Documents/death/teastore/TeaStore/examples/httploadgenerator/teastore_buy.lua
Mar 06, 2026 3:48:57 AM tools.descartes.dlim.httploadgenerator.runner.Director process
INFO: Starting Load Generation
Beginning Run @1772786937683(06.03.2026;03:48:57683)
Target Time = 0.5; Load Intensity = 0.0; #Success = 0; #Failed = 0; #Dropped = 0
  ├─ [nitro5:sd] start 03:48:57
  ├─ [nitro5:ram] start 03:48:58
  ├─ [nitro5:nic] start 03:48:58
[⏱ 03:48:59] Iniciando ecofloc en aspire por 140s (fase: fase3_carga_low_iter15)
  ├─ [nitro5:cpu] start 03:48:59
  ├─ [aspire:sd] start 03:48:59
  ├─ [aspire:ram] start 03:48:59
[⏱ 03:48:59] Iniciando ecofloc en scorpius por 140s (fase: fase3_carga_low_iter15)
  ├─ [aspire:nic] start 03:48:59
  ├─ [aspire:cpu] start 03:48:59
  ├─ [scorpius:sd] start 03:48:59
  ├─ [scorpius:ram] start 03:48:59
  ├─ [scorpius:nic] start 03:48:59
[⏱ 03:48:59] Iniciando ecofloc en leo por 140s (fase: fase3_carga_low_iter15)
  ├─ [scorpius:cpu] start 03:48:59
  ├─ [leo:sd] start 03:48:59
  ├─ [leo:ram] start 03:48:59
  ├─ [leo:cpu] start 03:48:59
  ├─ [leo:nic] start 03:48:59
Target Time = 1.5; Load Intensity = 1.0; #Success = 0; #Failed = 0; #Dropped = 0
Target Time = 2.5; Load Intensity = 2.0; #Success = 0; #Failed = 0; #Dropped = 0
Target Time = 3.5; Load Intensity = 2.0; #Success = 0; #Failed = 0; #Dropped = 0
Target Time = 4.5; Load Intensity = 3.0; #Success = 8; #Failed = 0; #Dropped = 0
Target Time = 5.5; Load Intensity = 4.0; #Success = 4; #Failed = 0; #Dropped = 0
Target Time = 6.5; Load Intensity = 5.0; #Success = 4; #Failed = 0; #Dropped = 0
Target Time = 7.5; Load Intensity = 6.0; #Success = 7; #Failed = 0; #Dropped = 0
Target Time = 8.5; Load Intensity = 7.0; #Success = 7; #Failed = 0; #Dropped = 0
Target Time = 9.5; Load Intensity = 7.0; #Success = 7; #Failed = 0; #Dropped = 0
Target Time = 10.5; Load Intensity = 8.0; #Success = 5; #Failed = 0; #Dropped = 0
Target Time = 11.5; Load Intensity = 9.0; #Success = 11; #Failed = 0; #Dropped = 0
Target Time = 12.5; Load Intensity = 10.0; #Success = 11; #Failed = 0; #Dropped = 0
Target Time = 13.5; Load Intensity = 11.0; #Success = 0; #Failed = 0; #Dropped = 0
Target Time = 14.5; Load Intensity = 12.0; #Success = 21; #Failed = 0; #Dropped = 0
Target Time = 15.5; Load Intensity = 12.0; #Success = 11; #Failed = 0; #Dropped = 0
Target Time = 16.5; Load Intensity = 13.0; #Success = 16; #Failed = 0; #Dropped = 0
Target Time = 17.5; Load Intensity = 14.0; #Success = 14; #Failed = 0; #Dropped = 0
Target Time = 18.5; Load Intensity = 15.0; #Success = 2; #Failed = 0; #Dropped = 0
Target Time = 19.5; Load Intensity = 16.0; #Success = 0; #Failed = 0; #Dropped = 0
Target Time = 20.5; Load Intensity = 17.0; #Success = 0; #Failed = 0; #Dropped = 0
Target Time = 21.5; Load Intensity = 17.0; #Success = 13; #Failed = 0; #Dropped = 0
Target Time = 22.5; Load Intensity = 18.0; #Success = 9; #Failed = 0; #Dropped = 0
Target Time = 23.5; Load Intensity = 19.0; #Success = 8; #Failed = 0; #Dropped = 0
Target Time = 24.5; Load Intensity = 20.0; #Success = 25; #Failed = 0; #Dropped = 0
Target Time = 25.5; Load Intensity = 21.0; #Success = 9; #Failed = 0; #Dropped = 0
Target Time = 26.5; Load Intensity = 22.0; #Success = 0; #Failed = 0; #Dropped = 0
Target Time = 27.5; Load Intensity = 22.0; #Success = 0; #Failed = 0; #Dropped = 0
Target Time = 28.5; Load Intensity = 23.0; #Success = 0; #Failed = 0; #Dropped = 0
Target Time = 29.5; Load Intensity = 24.0; #Success = 0; #Failed = 0; #Dropped = 0
Target Time = 30.5; Load Intensity = 25.0; #Success = 0; #Failed = 0; #Dropped = 0
Target Time = 31.5; Load Intensity = 26.0; #Success = 0; #Failed = 0; #Dropped = 0
Target Time = 32.5; Load Intensity = 27.0; #Success = 0; #Failed = 0; #Dropped = 0
Target Time = 33.5; Load Intensity = 27.0; #Success = 0; #Failed = 0; #Dropped = 0
Target Time = 34.5; Load Intensity = 28.0; #Success = 0; #Failed = 0; #Dropped = 0
Target Time = 35.5; Load Intensity = 29.0; #Success = 0; #Failed = 0; #Dropped = 0
Target Time = 36.5; Load Intensity = 30.0; #Success = 0; #Failed = 3; #Dropped = 0
Target Time = 37.5; Load Intensity = 31.0; #Success = 0; #Failed = 19; #Dropped = 0
Target Time = 38.5; Load Intensity = 32.0; #Success = 0; #Failed = 30; #Dropped = 0
Target Time = 39.5; Load Intensity = 32.0; #Success = 0; #Failed = 0; #Dropped = 0
Target Time = 40.5; Load Intensity = 33.0; #Success = 0; #Failed = 1; #Dropped = 0
Target Time = 41.5; Load Intensity = 34.0; #Success = 0; #Failed = 1; #Dropped = 0
Target Time = 42.5; Load Intensity = 35.0; #Success = 0; #Failed = 0; #Dropped = 0
Target Time = 43.5; Load Intensity = 36.0; #Success = 0; #Failed = 2; #Dropped = 0
Target Time = 44.5; Load Intensity = 37.0; #Success = 0; #Failed = 1; #Dropped = 0
Target Time = 45.5; Load Intensity = 37.0; #Success = 0; #Failed = 1; #Dropped = 0
Target Time = 46.5; Load Intensity = 38.0; #Success = 0; #Failed = 0; #Dropped = 0
Target Time = 47.5; Load Intensity = 39.0; #Success = 0; #Failed = 1; #Dropped = 0
Target Time = 48.5; Load Intensity = 40.0; #Success = 0; #Failed = 2; #Dropped = 0
Target Time = 49.5; Load Intensity = 41.0; #Success = 0; #Failed = 0; #Dropped = 0
Target Time = 50.5; Load Intensity = 42.0; #Success = 0; #Failed = 0; #Dropped = 0
Target Time = 51.5; Load Intensity = 42.0; #Success = 0; #Failed = 0; #Dropped = 0
Target Time = 52.5; Load Intensity = 43.0; #Success = 1; #Failed = 0; #Dropped = 0
Target Time = 53.5; Load Intensity = 44.0; #Success = 0; #Failed = 0; #Dropped = 0
Target Time = 54.5; Load Intensity = 45.0; #Success = 2; #Failed = 0; #Dropped = 0
Target Time = 55.5; Load Intensity = 46.0; #Success = 0; #Failed = 0; #Dropped = 0
Target Time = 56.5; Load Intensity = 47.0; #Success = 0; #Failed = 0; #Dropped = 0
Target Time = 57.5; Load Intensity = 47.0; #Success = 19; #Failed = 0; #Dropped = 0
Target Time = 58.5; Load Intensity = 48.0; #Success = 5; #Failed = 0; #Dropped = 0
Target Time = 59.5; Load Intensity = 49.0; #Success = 1; #Failed = 0; #Dropped = 15
Target Time = 60.5; Load Intensity = 50.0; #Success = 1; #Failed = 0; #Dropped = 25
Target Time = 61.5; Load Intensity = 51.0; #Success = 29; #Failed = 0; #Dropped = 5
Target Time = 62.5; Load Intensity = 52.0; #Success = 3; #Failed = 0; #Dropped = 0
Target Time = 63.5; Load Intensity = 52.0; #Success = 3; #Failed = 0; #Dropped = 40
Target Time = 64.5; Load Intensity = 53.0; #Success = 3; #Failed = 0; #Dropped = 19
Target Time = 65.5; Load Intensity = 54.0; #Success = 4; #Failed = 0; #Dropped = 29
Target Time = 66.5; Load Intensity = 55.0; #Success = 7; #Failed = 0; #Dropped = 18
Target Time = 67.5; Load Intensity = 56.0; #Success = 8; #Failed = 0; #Dropped = 9
Target Time = 68.5; Load Intensity = 57.0; #Success = 3; #Failed = 0; #Dropped = 27
Target Time = 69.5; Load Intensity = 57.0; #Success = 0; #Failed = 0; #Dropped = 0
Target Time = 70.5; Load Intensity = 58.0; #Success = 1; #Failed = 0; #Dropped = 62
Target Time = 71.5; Load Intensity = 59.0; #Success = 0; #Failed = 0; #Dropped = 0
Target Time = 72.5; Load Intensity = 60.0; #Success = 1; #Failed = 0; #Dropped = 81
Target Time = 73.5; Load Intensity = 61.0; #Success = 0; #Failed = 0; #Dropped = 0
Target Time = 74.5; Load Intensity = 62.0; #Success = 0; #Failed = 0; #Dropped = 0
Target Time = 75.5; Load Intensity = 62.0; #Success = 1; #Failed = 0; #Dropped = 114
Target Time = 76.5; Load Intensity = 63.0; #Success = 0; #Failed = 0; #Dropped = 0
Target Time = 77.5; Load Intensity = 64.0; #Success = 0; #Failed = 0; #Dropped = 0
Target Time = 78.5; Load Intensity = 65.0; #Success = 0; #Failed = 0; #Dropped = 0
Target Time = 79.5; Load Intensity = 66.0; #Success = 0; #Failed = 0; #Dropped = 0
Target Time = 80.5; Load Intensity = 67.0; #Success = 0; #Failed = 0; #Dropped = 0
Target Time = 81.5; Load Intensity = 67.0; #Success = 0; #Failed = 0; #Dropped = 0
Target Time = 82.5; Load Intensity = 68.0; #Success = 0; #Failed = 0; #Dropped = 0
Target Time = 83.5; Load Intensity = 69.0; #Success = 0; #Failed = 0; #Dropped = 0
Target Time = 84.5; Load Intensity = 70.0; #Success = 0; #Failed = 0; #Dropped = 0
Target Time = 85.5; Load Intensity = 71.0; #Success = 0; #Failed = 0; #Dropped = 0
Target Time = 86.5; Load Intensity = 72.0; #Success = 0; #Failed = 0; #Dropped = 0
Target Time = 87.5; Load Intensity = 72.0; #Success = 0; #Failed = 1; #Dropped = 510
Target Time = 88.5; Load Intensity = 73.0; #Success = 1; #Failed = 0; #Dropped = 56
Target Time = 89.5; Load Intensity = 74.0; #Success = 1; #Failed = 0; #Dropped = 1
Target Time = 90.5; Load Intensity = 75.0; #Success = 2; #Failed = 0; #Dropped = 93
Target Time = 91.5; Load Intensity = 76.0; #Success = 24; #Failed = 3; #Dropped = 26
Target Time = 92.5; Load Intensity = 77.0; #Success = 2; #Failed = 0; #Dropped = 12
Target Time = 93.5; Load Intensity = 77.0; #Success = 2; #Failed = 0; #Dropped = 88
Target Time = 94.5; Load Intensity = 78.0; #Success = 1; #Failed = 4; #Dropped = 26
Target Time = 95.5; Load Intensity = 79.0; #Success = 4; #Failed = 0; #Dropped = 72
Target Time = 96.5; Load Intensity = 80.0; #Success = 5; #Failed = 0; #Dropped = 41
Target Time = 97.5; Load Intensity = 81.0; #Success = 7; #Failed = 5; #Dropped = 46
Target Time = 98.5; Load Intensity = 82.0; #Success = 3; #Failed = 0; #Dropped = 18
Target Time = 99.5; Load Intensity = 82.0; #Success = 0; #Failed = 0; #Dropped = 0
Target Time = 100.5; Load Intensity = 83.0; #Success = 1; #Failed = 0; #Dropped = 116
Target Time = 101.5; Load Intensity = 84.0; #Success = 0; #Failed = 0; #Dropped = 0
Target Time = 102.5; Load Intensity = 85.0; #Success = 1; #Failed = 0; #Dropped = 144
Target Time = 103.5; Load Intensity = 86.0; #Success = 0; #Failed = 0; #Dropped = 0
Target Time = 104.5; Load Intensity = 87.0; #Success = 0; #Failed = 0; #Dropped = 0
Target Time = 105.5; Load Intensity = 87.0; #Success = 1; #Failed = 1; #Dropped = 194
Target Time = 106.5; Load Intensity = 88.0; #Success = 0; #Failed = 0; #Dropped = 0
Target Time = 107.5; Load Intensity = 89.0; #Success = 0; #Failed = 7; #Dropped = 122
Target Time = 108.5; Load Intensity = 90.0; #Success = 0; #Failed = 7; #Dropped = 43
Target Time = 109.5; Load Intensity = 91.0; #Success = 0; #Failed = 13; #Dropped = 29
Target Time = 110.5; Load Intensity = 92.0; #Success = 0; #Failed = 1; #Dropped = 104
Target Time = 111.5; Load Intensity = 92.0; #Success = 0; #Failed = 1; #Dropped = 28
Target Time = 112.5; Load Intensity = 93.0; #Success = 0; #Failed = 0; #Dropped = 0
Target Time = 113.5; Load Intensity = 94.0; #Success = 0; #Failed = 0; #Dropped = 0
Target Time = 114.5; Load Intensity = 95.0; #Success = 0; #Failed = 2; #Dropped = 193
Target Time = 115.5; Load Intensity = 96.0; #Success = 0; #Failed = 1; #Dropped = 75
Target Time = 116.5; Load Intensity = 97.0; #Success = 0; #Failed = 6; #Dropped = 77
Target Time = 117.5; Load Intensity = 97.0; #Success = 0; #Failed = 0; #Dropped = 0
Target Time = 118.5; Load Intensity = 98.0; #Success = 0; #Failed = 12; #Dropped = 147
Target Time = 119.5; Load Intensity = 99.0; #Success = 0; #Failed = 6; #Dropped = 38
Target Time = 120.5; Load Intensity = 0.0; #Success = 0; #Failed = 0; #Dropped = 0
Target Time = 121.5; Load Intensity = 0.0; #Success = 2; #Failed = 0; #Dropped = 183
Target Time = 122.5; Load Intensity = 0.0; #Success = 1; #Failed = 0; #Dropped = 82
Target Time = 123.5; Load Intensity = 0.0; #Success = 0; #Failed = 0; #Dropped = 0
Target Time = 124.5; Load Intensity = 0.0; #Success = 2; #Failed = 0; #Dropped = 122
Target Time = 125.5; Load Intensity = 0.0; #Success = 0; #Failed = 0; #Dropped = 0
Target Time = 126.5; Load Intensity = 0.0; #Success = 0; #Failed = 0; #Dropped = 0
Target Time = 127.5; Load Intensity = 0.0; #Success = 1; #Failed = 0; #Dropped = 231
Target Time = 128.5; Load Intensity = 0.0; #Success = 0; #Failed = 0; #Dropped = 0
Target Time = 129.5; Load Intensity = 0.0; #Success = 0; #Failed = 0; #Dropped = 0
Target Time = 130.5; Load Intensity = 0.0; #Success = 1; #Failed = 0; #Dropped = 241
Target Time = 131.5; Load Intensity = 0.0; #Success = 0; #Failed = 0; #Dropped = 0
Target Time = 132.5; Load Intensity = 0.0; #Success = 1; #Failed = 0; #Dropped = 196
Target Time = 133.5; Load Intensity = 0.0; #Success = 0; #Failed = 0; #Dropped = 0
Target Time = 134.5; Load Intensity = 0.0; #Success = 0; #Failed = 0; #Dropped = 0
Target Time = 135.5; Load Intensity = 0.0; #Success = 1; #Failed = 0; #Dropped = 278
Target Time = 136.5; Load Intensity = 0.0; #Success = 0; #Failed = 0; #Dropped = 0
Target Time = 137.5; Load Intensity = 0.0; #Success = 6; #Failed = 0; #Dropped = 182
Target Time = 138.5; Load Intensity = 0.0; #Success = 7; #Failed = 0; #Dropped = 56
Target Time = 139.5; Load Intensity = 0.0; #Success = 13; #Failed = 0; #Dropped = 54
  └─ [nitro5:sd] end 03:51:17
Target Time = 140.5; Load Intensity = 0.0; #Success = 1; #Failed = 0; #Dropped = 138
  └─ [nitro5:ram] end 03:51:18
  └─ [nitro5:nic] end 03:51:18
  └─ [nitro5:cpu] end 03:51:19
Target Time = 141.5; Load Intensity = 0.0; #Success = 1; #Failed = 0; #Dropped = 17
Target Time = 142.5; Load Intensity = 0.0; #Success = 0; #Failed = 0; #Dropped = 0
Target Time = 143.5; Load Intensity = 0.0; #Success = 0; #Failed = 0; #Dropped = 0
Target Time = 144.5; Load Intensity = 0.0; #Success = 2; #Failed = 0; #Dropped = 292
Target Time = 145.5; Load Intensity = 0.0; #Success = 1; #Failed = 0; #Dropped = 75
  └─ [scorpius:cpu] end 03:51:23
  └─ [scorpius:sd] end 03:51:23
Target Time = 146.5; Load Intensity = 0.0; #Success = 6; #Failed = 0; #Dropped = 118
  └─ [scorpius:nic] end 03:51:25
Target Time = 147.5; Load Intensity = 0.0; #Success = 0; #Failed = 0; #Dropped = 0
  └─ [leo:nic] end 03:51:25
Target Time = 148.5; Load Intensity = 0.0; #Success = 12; #Failed = 0; #Dropped = 212
  └─ [leo:cpu] end 03:51:27
Target Time = 149.5; Load Intensity = 0.0; #Success = 6; #Failed = 0; #Dropped = 62
Target Time = 150.5; Load Intensity = 0.0; #Success = 0; #Failed = 0; #Dropped = 0
Target Time = 151.5; Load Intensity = 0.0; #Success = 2; #Failed = 0; #Dropped = 60
Target Time = 152.5; Load Intensity = 0.0; #Success = 0; #Failed = 1; #Dropped = 0
Target Time = 153.5; Load Intensity = 0.0; #Success = 0; #Failed = 0; #Dropped = 0
Target Time = 154.5; Load Intensity = 0.0; #Success = 2; #Failed = 0; #Dropped = 0
  └─ [leo:sd] end 03:51:32
Target Time = 155.5; Load Intensity = 0.0; #Success = 0; #Failed = 0; #Dropped = 0
  └─ [scorpius:ram] end 03:51:33
Target Time = 156.5; Load Intensity = 0.0; #Success = 0; #Failed = 0; #Dropped = 0
Target Time = 157.5; Load Intensity = 0.0; #Success = 1; #Failed = 0; #Dropped = 0
Target Time = 158.5; Load Intensity = 0.0; #Success = 0; #Failed = 0; #Dropped = 0
  └─ [leo:ram] end 03:51:36
Target Time = 159.5; Load Intensity = 0.0; #Success = 0; #Failed = 0; #Dropped = 0
Target Time = 160.5; Load Intensity = 0.0; #Success = 1; #Failed = 0; #Dropped = 0
Target Time = 161.5; Load Intensity = 0.0; #Success = 0; #Failed = 0; #Dropped = 0
Target Time = 162.5; Load Intensity = 0.0; #Success = 0; #Failed = 13; #Dropped = 0
Target Time = 163.5; Load Intensity = 0.0; #Success = 0; #Failed = 0; #Dropped = 0
Target Time = 164.5; Load Intensity = 0.0; #Success = 0; #Failed = 0; #Dropped = 0
  └─ [aspire:nic] end 03:51:43
Target Time = 165.5; Load Intensity = 0.0; #Success = 0; #Failed = 0; #Dropped = 0
Target Time = 166.5; Load Intensity = 0.0; #Success = 0; #Failed = 0; #Dropped = 0
Target Time = 167.5; Load Intensity = 0.0; #Success = 5; #Failed = 0; #Dropped = 0
Target Time = 168.5; Load Intensity = 0.0; #Success = 2; #Failed = 0; #Dropped = 0
Target Time = 169.5; Load Intensity = 0.0; #Success = 9; #Failed = 6; #Dropped = 0
Target Time = 170.5; Load Intensity = 0.0; #Success = 1; #Failed = 1; #Dropped = 0
Target Time = 171.5; Load Intensity = 0.0; #Success = 0; #Failed = 1; #Dropped = 0
Target Time = 172.5; Load Intensity = 0.0; #Success = 0; #Failed = 1; #Dropped = 0
Target Time = 173.5; Load Intensity = 0.0; #Success = 0; #Failed = 4; #Dropped = 0
Target Time = 174.5; Load Intensity = 0.0; #Success = 2; #Failed = 0; #Dropped = 0
Target Time = 175.5; Load Intensity = 0.0; #Success = 1; #Failed = 0; #Dropped = 0
Target Time = 176.5; Load Intensity = 0.0; #Success = 2; #Failed = 2; #Dropped = 0
Target Time = 177.5; Load Intensity = 0.0; #Success = 0; #Failed = 0; #Dropped = 0
Target Time = 178.5; Load Intensity = 0.0; #Success = 4; #Failed = 0; #Dropped = 0
Target Time = 179.5; Load Intensity = 0.0; #Success = 3; #Failed = 0; #Dropped = 0
Workload finished.
Log finished.
📄 LIMBO finalizado para scenario=low
⏳ [03:52:02] Esperando que termine medición: fase3_carga_low_iter15 (PID: 932276)
  └─ [aspire:cpu] end 03:52:07
  └─ [aspire:sd] end 03:52:09
  └─ [aspire:ram] end 03:52:10
=== Bloque 140s terminado - Fase: fase3_carga_low_iter15 ===
[🧹] Limpiando CSVs internos de ecofloc en cada nodo (fase: fase3_carga_low_iter15)...
  ✔ [nitro5:cpu] limpiado /home/luish/Documents/p3/ecofloc2/ecofloc/ecofloc-cpu/ECOFLOC_CPU_COMM_text.csv
  ✔ [nitro5:nic] limpiado /home/luish/Documents/p3/ecofloc2/ecofloc/ecofloc-nic/ECOFLOC_NIC_COMM_text.csv
  ✔ [nitro5:ram] limpiado /home/luish/Documents/p3/ecofloc2/ecofloc/ecofloc-ram/ECOFLOC_RAM_COMM_text.csv
  ✔ [nitro5:sd] limpiado /home/luish/Documents/p3/ecofloc2/ecofloc/ecofloc-sd/ECOFLOC_SD_COMM_text.csv
  ✔ [leo:cpu] limpiado /home/leo/ecofloc/ecofloc-cpu/ECOFLOC_CPU_COMM_text.csv
  ✔ [leo:nic] limpiado /home/leo/ecofloc/ecofloc-nic/ECOFLOC_NIC_COMM_text.csv
  ✔ [leo:ram] limpiado /home/leo/ecofloc/ecofloc-ram/ECOFLOC_RAM_COMM_text.csv
  ✔ [leo:sd] limpiado /home/leo/ecofloc/ecofloc-sd/ECOFLOC_SD_COMM_text.csv
  ✔ [aspire:cpu] limpiado /home/luish/Documents/p3/ecofloc2/ecofloc/ecofloc-cpu/ECOFLOC_CPU_COMM_text.csv
  ✔ [aspire:nic] limpiado /home/luish/Documents/p3/ecofloc2/ecofloc/ecofloc-nic/ECOFLOC_NIC_COMM_text.csv
  ✔ [aspire:ram] limpiado /home/luish/Documents/p3/ecofloc2/ecofloc/ecofloc-ram/ECOFLOC_RAM_COMM_text.csv
  ✔ [aspire:sd] limpiado /home/luish/Documents/p3/ecofloc2/ecofloc/ecofloc-sd/ECOFLOC_SD_COMM_text.csv
  ✔ [scorpius:cpu] limpiado /home/scorpius03/Documents/ecofloc/ecofloc-cpu/ECOFLOC_CPU_COMM_text.csv
  ✔ [scorpius:nic] limpiado /home/scorpius03/Documents/ecofloc/ecofloc-nic/ECOFLOC_NIC_COMM_text.csv
  ✔ [scorpius:ram] limpiado /home/scorpius03/Documents/ecofloc/ecofloc-ram/ECOFLOC_RAM_COMM_text.csv
  ✔ [scorpius:sd] limpiado /home/scorpius03/Documents/ecofloc/ecofloc-sd/ECOFLOC_SD_COMM_text.csv
========================================
🔋 MEASURE ENERGY FINALIZADO
   Fase: fase3_carga_low_iter15
========================================
✔️ [03:52:15] Medición fase3_carga_low_iter15 completada
[📦] Archivando resultados → ./historyexecutions/exp(03:52:20)_fase3_low_iter15
[✔] Archivado: ./historyexecutions/exp(03:52:20)_fase3_low_iter15
🧹 Limpiando TeaStore (iter 15)...
⏸ Esperando 15s para limpieza completa...
✅ Iteración 15 / 20 del escenario low completada.

########################################################
🔄 ESCENARIO: low | ITERACIÓN: 16 / 20
   Hora: 03:53:08
########################################################
========================================
🔋 FASE 1: Descarga de imágenes (low, iter 16)
========================================
📋 Capturando PIDs (gepidstea.sh)...
📋 Capturando PIDs de contenedores (kpsnodos.sh)...
🔋 [03:53:28] Iniciando medición de energía: fase1_descarga_low_iter16 (25s)
   PID de medición: 1302897
🚀 Desplegando TeaStore desde /home/luish/Documents/death/teastore/TeaStore/examples/kubernetes/teastore-energy-scheduler.yaml...
========================================
🔋 MEASURE ENERGY - Fase: fase1_descarga_low_iter16
   Duración: 25s
   PID: 1302897
========================================
=== Medición bloque 25s - Fase: fase1_descarga_low_iter16 ===
[⏱ 03:53:28] Iniciando ecofloc en nitro5 por 25s (fase: fase1_descarga_low_iter16)
⏳ Esperando a que todos los pods de TeaStore estén Running y Ready...
  ├─ [nitro5:sd] start 03:53:28
  ├─ [nitro5:ram] start 03:53:29
  ├─ [nitro5:nic] start 03:53:29
[⏱ 03:53:30] Iniciando ecofloc en aspire por 25s (fase: fase1_descarga_low_iter16)
  ├─ [nitro5:cpu] start 03:53:30
  ├─ [aspire:sd] start 03:53:30
  ├─ [aspire:ram] start 03:53:30
[⏱ 03:53:30] Iniciando ecofloc en scorpius por 25s (fase: fase1_descarga_low_iter16)
  ├─ [aspire:nic] start 03:53:30
  ├─ [aspire:cpu] start 03:53:30
  ├─ [scorpius:sd] start 03:53:30
  ├─ [scorpius:ram] start 03:53:30
  ├─ [scorpius:nic] start 03:53:30
[⏱ 03:53:30] Iniciando ecofloc en leo por 25s (fase: fase1_descarga_low_iter16)
  ├─ [scorpius:cpu] start 03:53:30
  ├─ [leo:sd] start 03:53:30
  ├─ [leo:ram] start 03:53:30
  ├─ [leo:nic] start 03:53:30
  ├─ [leo:cpu] start 03:53:30
✅ Pods listos.
⏳ [03:53:33] Esperando que termine medición: fase1_descarga_low_iter16 (PID: 1302897)
  └─ [nitro5:sd] end 03:53:54
  └─ [nitro5:ram] end 03:53:54
  └─ [nitro5:nic] end 03:53:54
  └─ [nitro5:cpu] end 03:53:55
  └─ [leo:sd] end 03:53:56
  └─ [scorpius:sd] end 03:53:56
  └─ [leo:cpu] end 03:53:56
  └─ [aspire:nic] end 03:53:56
  └─ [leo:nic] end 03:53:56
  └─ [scorpius:cpu] end 03:53:56
  └─ [aspire:ram] end 03:53:56
  └─ [scorpius:nic] end 03:53:56
  └─ [leo:ram] end 03:53:56
  └─ [scorpius:ram] end 03:53:57
=== Bloque 25s terminado - Fase: fase1_descarga_low_iter16 ===
[🧹] Limpiando CSVs internos de ecofloc en cada nodo (fase: fase1_descarga_low_iter16)...
  ✔ [nitro5:cpu] limpiado /home/luish/Documents/p3/ecofloc2/ecofloc/ecofloc-cpu/ECOFLOC_CPU_COMM_text.csv
  ✔ [nitro5:nic] limpiado /home/luish/Documents/p3/ecofloc2/ecofloc/ecofloc-nic/ECOFLOC_NIC_COMM_text.csv
  ✔ [nitro5:ram] limpiado /home/luish/Documents/p3/ecofloc2/ecofloc/ecofloc-ram/ECOFLOC_RAM_COMM_text.csv
  ✔ [nitro5:sd] limpiado /home/luish/Documents/p3/ecofloc2/ecofloc/ecofloc-sd/ECOFLOC_SD_COMM_text.csv
  ✔ [leo:cpu] limpiado /home/leo/ecofloc/ecofloc-cpu/ECOFLOC_CPU_COMM_text.csv
  ✔ [leo:nic] limpiado /home/leo/ecofloc/ecofloc-nic/ECOFLOC_NIC_COMM_text.csv
  ✔ [leo:ram] limpiado /home/leo/ecofloc/ecofloc-ram/ECOFLOC_RAM_COMM_text.csv
  ✔ [leo:sd] limpiado /home/leo/ecofloc/ecofloc-sd/ECOFLOC_SD_COMM_text.csv
  ✔ [aspire:cpu] limpiado /home/luish/Documents/p3/ecofloc2/ecofloc/ecofloc-cpu/ECOFLOC_CPU_COMM_text.csv
  ✔ [aspire:nic] limpiado /home/luish/Documents/p3/ecofloc2/ecofloc/ecofloc-nic/ECOFLOC_NIC_COMM_text.csv
  ✔ [aspire:ram] limpiado /home/luish/Documents/p3/ecofloc2/ecofloc/ecofloc-ram/ECOFLOC_RAM_COMM_text.csv
  ✔ [aspire:sd] limpiado /home/luish/Documents/p3/ecofloc2/ecofloc/ecofloc-sd/ECOFLOC_SD_COMM_text.csv
  ✔ [scorpius:cpu] limpiado /home/scorpius03/Documents/ecofloc/ecofloc-cpu/ECOFLOC_CPU_COMM_text.csv
  ✔ [scorpius:nic] limpiado /home/scorpius03/Documents/ecofloc/ecofloc-nic/ECOFLOC_NIC_COMM_text.csv
  ✔ [scorpius:ram] limpiado /home/scorpius03/Documents/ecofloc/ecofloc-ram/ECOFLOC_RAM_COMM_text.csv
  ✔ [scorpius:sd] limpiado /home/scorpius03/Documents/ecofloc/ecofloc-sd/ECOFLOC_SD_COMM_text.csv
========================================
🔋 MEASURE ENERGY FINALIZADO
   Fase: fase1_descarga_low_iter16
========================================
✔️ [03:54:01] Medición fase1_descarga_low_iter16 completada
[📦] Archivando resultados → ./historyexecutions/exp(03:54:06)_fase1_low_iter16
[✔] Archivado: ./historyexecutions/exp(03:54:06)_fase1_low_iter16
========================================
🔋 FASE 2: Preparación de servicios (low, iter 16)
========================================
📋 Capturando PIDs (gepidstea.sh)...
📋 Capturando PIDs de contenedores (kpsnodos.sh)...
🔋 [03:54:23] Iniciando medición de energía: fase2_preparacion_low_iter16 (50s)
   PID de medición: 1368566
========================================
🔋 MEASURE ENERGY - Fase: fase2_preparacion_low_iter16
   Duración: 50s
   PID: 1368566
========================================
=== Medición bloque 50s - Fase: fase2_preparacion_low_iter16 ===
[⏱ 03:54:23] Iniciando ecofloc en nitro5 por 50s (fase: fase2_preparacion_low_iter16)
⏳ Esperando 10s a que CoreDNS se estabilice...
  ├─ [nitro5:sd] start 03:54:23
  ├─ [nitro5:ram] start 03:54:24
  ├─ [nitro5:nic] start 03:54:24
[⏱ 03:54:25] Iniciando ecofloc en aspire por 50s (fase: fase2_preparacion_low_iter16)
  ├─ [nitro5:cpu] start 03:54:25
  ├─ [aspire:sd] start 03:54:25
  ├─ [aspire:ram] start 03:54:25
  ├─ [aspire:nic] start 03:54:25
[⏱ 03:54:25] Iniciando ecofloc en scorpius por 50s (fase: fase2_preparacion_low_iter16)
  ├─ [aspire:cpu] start 03:54:25
  ├─ [scorpius:sd] start 03:54:25
  ├─ [scorpius:ram] start 03:54:25
  ├─ [scorpius:nic] start 03:54:25
[⏱ 03:54:25] Iniciando ecofloc en leo por 50s (fase: fase2_preparacion_low_iter16)
  ├─ [scorpius:cpu] start 03:54:25
  ├─ [leo:ram] start 03:54:25
  ├─ [leo:sd] start 03:54:25
  ├─ [leo:nic] start 03:54:25
  ├─ [leo:cpu] start 03:54:25
➡️ Pod WebUI: teastore-webui-ff7768544-dm9ww
➡️ Está en el nodo: scorpius03
🌐 IP del nodo WebUI: 192.168.18.34
⏳ Verificando estado del TeaStore en http://192.168.18.34:30080/tools.descartes.teastore.webui/status ...
   ➤ Estado actual: 5 / 5 servicios OK
✔ TODOS los servicios del TeaStore están OK. Continuando...
⏳ [03:54:39] Esperando que termine medición: fase2_preparacion_low_iter16 (PID: 1368566)
  └─ [nitro5:sd] end 03:55:13
  └─ [nitro5:ram] end 03:55:14
  └─ [nitro5:nic] end 03:55:14
  └─ [nitro5:cpu] end 03:55:15
  └─ [aspire:sd] end 03:55:15
  └─ [aspire:cpu] end 03:55:15
  └─ [scorpius:cpu] end 03:55:15
  └─ [leo:cpu] end 03:55:15
  └─ [leo:sd] end 03:55:15
  └─ [aspire:nic] end 03:55:16
  └─ [scorpius:sd] end 03:55:16
  └─ [aspire:ram] end 03:55:16
  └─ [leo:nic] end 03:55:16
  └─ [leo:ram] end 03:55:16
  └─ [scorpius:nic] end 03:55:17
  └─ [scorpius:ram] end 03:55:17
=== Bloque 50s terminado - Fase: fase2_preparacion_low_iter16 ===
[🧹] Limpiando CSVs internos de ecofloc en cada nodo (fase: fase2_preparacion_low_iter16)...
  ✔ [nitro5:cpu] limpiado /home/luish/Documents/p3/ecofloc2/ecofloc/ecofloc-cpu/ECOFLOC_CPU_COMM_text.csv
  ✔ [nitro5:nic] limpiado /home/luish/Documents/p3/ecofloc2/ecofloc/ecofloc-nic/ECOFLOC_NIC_COMM_text.csv
  ✔ [nitro5:ram] limpiado /home/luish/Documents/p3/ecofloc2/ecofloc/ecofloc-ram/ECOFLOC_RAM_COMM_text.csv
  ✔ [nitro5:sd] limpiado /home/luish/Documents/p3/ecofloc2/ecofloc/ecofloc-sd/ECOFLOC_SD_COMM_text.csv
  ✔ [leo:cpu] limpiado /home/leo/ecofloc/ecofloc-cpu/ECOFLOC_CPU_COMM_text.csv
  ✔ [leo:nic] limpiado /home/leo/ecofloc/ecofloc-nic/ECOFLOC_NIC_COMM_text.csv
  ✔ [leo:ram] limpiado /home/leo/ecofloc/ecofloc-ram/ECOFLOC_RAM_COMM_text.csv
  ✔ [leo:sd] limpiado /home/leo/ecofloc/ecofloc-sd/ECOFLOC_SD_COMM_text.csv
  ✔ [aspire:cpu] limpiado /home/luish/Documents/p3/ecofloc2/ecofloc/ecofloc-cpu/ECOFLOC_CPU_COMM_text.csv
  ✔ [aspire:nic] limpiado /home/luish/Documents/p3/ecofloc2/ecofloc/ecofloc-nic/ECOFLOC_NIC_COMM_text.csv
  ✔ [aspire:ram] limpiado /home/luish/Documents/p3/ecofloc2/ecofloc/ecofloc-ram/ECOFLOC_RAM_COMM_text.csv
  ✔ [aspire:sd] limpiado /home/luish/Documents/p3/ecofloc2/ecofloc/ecofloc-sd/ECOFLOC_SD_COMM_text.csv
  ✔ [scorpius:cpu] limpiado /home/scorpius03/Documents/ecofloc/ecofloc-cpu/ECOFLOC_CPU_COMM_text.csv
  ✔ [scorpius:nic] limpiado /home/scorpius03/Documents/ecofloc/ecofloc-nic/ECOFLOC_NIC_COMM_text.csv
  ✔ [scorpius:ram] limpiado /home/scorpius03/Documents/ecofloc/ecofloc-ram/ECOFLOC_RAM_COMM_text.csv
  ✔ [scorpius:sd] limpiado /home/scorpius03/Documents/ecofloc/ecofloc-sd/ECOFLOC_SD_COMM_text.csv
========================================
🔋 MEASURE ENERGY FINALIZADO
   Fase: fase2_preparacion_low_iter16
========================================
✔️ [03:55:21] Medición fase2_preparacion_low_iter16 completada
[📦] Archivando resultados → ./historyexecutions/exp(03:55:26)_fase2_low_iter16
[✔] Archivado: ./historyexecutions/exp(03:55:26)_fase2_low_iter16
========================================
🔋 FASE 3: Ejecución de carga (low, iter 16)
========================================
📋 Capturando PIDs (gepidstea.sh)...
📋 Capturando PIDs de contenedores (kpsnodos.sh)...
🔋 [03:55:45] Iniciando medición de energía: fase3_carga_low_iter16 (140s)
   PID de medición: 1500942
=== Escenario low (iter 16) ===
========================================
🔋 MEASURE ENERGY - Fase: fase3_carga_low_iter16
   Duración: 140s
   PID: 1500942
========================================
=== Medición bloque 140s - Fase: fase3_carga_low_iter16 ===
🚀 Iniciando LIMBO con profile=/home/luish/Documents/death/teastore/TeaStore/examples/httploadgenerator/increasingLowIntensity.csv y script=/home/luish/Documents/death/teastore/TeaStore/examples/httploadgenerator/teastore_buy.lua
[⏱ 03:55:45] Iniciando ecofloc en nitro5 por 140s (fase: fase3_carga_low_iter16)
Mar 06, 2026 3:55:45 AM tools.descartes.dlim.httploadgenerator.runner.Director executeDirector
WARNING: No power measurements
Mar 06, 2026 3:55:45 AM tools.descartes.dlim.httploadgenerator.runner.Director executeDirector
INFO: Load Generator Thread Count set to 64
Mar 06, 2026 3:55:45 AM tools.descartes.dlim.httploadgenerator.runner.Director executeDirector
INFO: URL connection timout set to 30000 ms
Mar 06, 2026 3:55:45 AM tools.descartes.dlim.httploadgenerator.runner.Director executeDirector
INFO: Using Lua Script: /home/luish/Documents/death/teastore/TeaStore/examples/httploadgenerator/teastore_buy.lua
Mar 06, 2026 3:55:45 AM tools.descartes.dlim.httploadgenerator.runner.Director process
INFO: Read 120 Arrival Rate Tuples
Load Generator sent: ok
Mar 06, 2026 3:55:45 AM tools.descartes.dlim.httploadgenerator.runner.Director process
INFO: Arrival Rates sent to Load Generator(s).
Load Generator sent: ok
Mar 06, 2026 3:55:45 AM tools.descartes.dlim.httploadgenerator.runner.Director process
INFO: Thread Count sent to Load Generator(s): 64
Load Generator sent: ok
Mar 06, 2026 3:55:45 AM tools.descartes.dlim.httploadgenerator.runner.Director process
INFO: URL connection timeout sent to Load Generator(s): 30000
Load Generator sent: ok
Mar 06, 2026 3:55:45 AM tools.descartes.dlim.httploadgenerator.runner.Director process
INFO: Contents of script sent to Load Generator: /home/luish/Documents/death/teastore/TeaStore/examples/httploadgenerator/teastore_buy.lua
Mar 06, 2026 3:55:45 AM tools.descartes.dlim.httploadgenerator.runner.Director process
INFO: Starting Load Generation
Beginning Run @1772787345955(06.03.2026;03:55:45955)
Target Time = 0.5; Load Intensity = 0.0; #Success = 0; #Failed = 0; #Dropped = 0
  ├─ [nitro5:sd] start 03:55:46
  ├─ [nitro5:ram] start 03:55:46
  ├─ [nitro5:nic] start 03:55:47
[⏱ 03:55:47] Iniciando ecofloc en aspire por 140s (fase: fase3_carga_low_iter16)
  ├─ [nitro5:cpu] start 03:55:47
  ├─ [aspire:sd] start 03:55:47
  ├─ [aspire:ram] start 03:55:47
[⏱ 03:55:47] Iniciando ecofloc en scorpius por 140s (fase: fase3_carga_low_iter16)
  ├─ [aspire:nic] start 03:55:47
  ├─ [aspire:cpu] start 03:55:47
  ├─ [scorpius:sd] start 03:55:47
  ├─ [scorpius:ram] start 03:55:47
  ├─ [scorpius:nic] start 03:55:47
[⏱ 03:55:47] Iniciando ecofloc en leo por 140s (fase: fase3_carga_low_iter16)
  ├─ [scorpius:cpu] start 03:55:47
  ├─ [leo:sd] start 03:55:47
  ├─ [leo:ram] start 03:55:47
  ├─ [leo:nic] start 03:55:47
  ├─ [leo:cpu] start 03:55:47
Target Time = 1.5; Load Intensity = 1.0; #Success = 0; #Failed = 0; #Dropped = 0
Target Time = 2.5; Load Intensity = 2.0; #Success = 0; #Failed = 0; #Dropped = 0
Target Time = 3.5; Load Intensity = 2.0; #Success = 0; #Failed = 0; #Dropped = 0
Target Time = 4.5; Load Intensity = 3.0; #Success = 8; #Failed = 0; #Dropped = 0
Target Time = 5.5; Load Intensity = 4.0; #Success = 4; #Failed = 0; #Dropped = 0
Target Time = 6.5; Load Intensity = 5.0; #Success = 5; #Failed = 0; #Dropped = 0
Target Time = 7.5; Load Intensity = 6.0; #Success = 6; #Failed = 0; #Dropped = 0
Target Time = 8.5; Load Intensity = 7.0; #Success = 6; #Failed = 0; #Dropped = 0
Target Time = 9.5; Load Intensity = 7.0; #Success = 8; #Failed = 0; #Dropped = 0
Target Time = 10.5; Load Intensity = 8.0; #Success = 7; #Failed = 0; #Dropped = 0
Target Time = 11.5; Load Intensity = 9.0; #Success = 10; #Failed = 0; #Dropped = 0
Target Time = 12.5; Load Intensity = 10.0; #Success = 10; #Failed = 0; #Dropped = 0
Target Time = 13.5; Load Intensity = 11.0; #Success = 0; #Failed = 0; #Dropped = 0
Target Time = 14.5; Load Intensity = 12.0; #Success = 0; #Failed = 0; #Dropped = 0
Target Time = 15.5; Load Intensity = 12.0; #Success = 5; #Failed = 0; #Dropped = 0
Target Time = 16.5; Load Intensity = 13.0; #Success = 5; #Failed = 0; #Dropped = 0
Target Time = 17.5; Load Intensity = 14.0; #Success = 5; #Failed = 0; #Dropped = 0
Target Time = 18.5; Load Intensity = 15.0; #Success = 4; #Failed = 0; #Dropped = 0
Target Time = 19.5; Load Intensity = 16.0; #Success = 4; #Failed = 0; #Dropped = 0
Target Time = 20.5; Load Intensity = 17.0; #Success = 0; #Failed = 0; #Dropped = 0
Target Time = 21.5; Load Intensity = 17.0; #Success = 0; #Failed = 0; #Dropped = 0
Target Time = 22.5; Load Intensity = 18.0; #Success = 0; #Failed = 0; #Dropped = 0
Target Time = 23.5; Load Intensity = 19.0; #Success = 0; #Failed = 0; #Dropped = 0
Target Time = 24.5; Load Intensity = 20.0; #Success = 0; #Failed = 0; #Dropped = 0
Target Time = 25.5; Load Intensity = 21.0; #Success = 0; #Failed = 0; #Dropped = 0
Target Time = 26.5; Load Intensity = 22.0; #Success = 0; #Failed = 0; #Dropped = 0
Target Time = 27.5; Load Intensity = 22.0; #Success = 0; #Failed = 0; #Dropped = 0
Target Time = 28.5; Load Intensity = 23.0; #Success = 0; #Failed = 0; #Dropped = 0
Target Time = 29.5; Load Intensity = 24.0; #Success = 0; #Failed = 0; #Dropped = 0
Target Time = 30.5; Load Intensity = 25.0; #Success = 0; #Failed = 0; #Dropped = 0
Target Time = 31.5; Load Intensity = 26.0; #Success = 0; #Failed = 0; #Dropped = 0
Target Time = 32.5; Load Intensity = 27.0; #Success = 1; #Failed = 6; #Dropped = 0
Target Time = 33.5; Load Intensity = 27.0; #Success = 0; #Failed = 0; #Dropped = 0
Target Time = 34.5; Load Intensity = 28.0; #Success = 0; #Failed = 13; #Dropped = 0
Target Time = 35.5; Load Intensity = 29.0; #Success = 0; #Failed = 18; #Dropped = 0
Target Time = 36.5; Load Intensity = 30.0; #Success = 4; #Failed = 14; #Dropped = 0
Target Time = 37.5; Load Intensity = 31.0; #Success = 5; #Failed = 2; #Dropped = 0
Target Time = 38.5; Load Intensity = 32.0; #Success = 1; #Failed = 0; #Dropped = 0
Target Time = 39.5; Load Intensity = 32.0; #Success = 5; #Failed = 0; #Dropped = 0
Target Time = 40.5; Load Intensity = 33.0; #Success = 3; #Failed = 0; #Dropped = 0
Target Time = 41.5; Load Intensity = 34.0; #Success = 2; #Failed = 0; #Dropped = 0
Target Time = 42.5; Load Intensity = 35.0; #Success = 9; #Failed = 0; #Dropped = 0
Target Time = 43.5; Load Intensity = 36.0; #Success = 2; #Failed = 0; #Dropped = 0
Target Time = 44.5; Load Intensity = 37.0; #Success = 1; #Failed = 0; #Dropped = 0
Target Time = 45.5; Load Intensity = 37.0; #Success = 8; #Failed = 0; #Dropped = 0
Target Time = 46.5; Load Intensity = 38.0; #Success = 1; #Failed = 0; #Dropped = 0
Target Time = 47.5; Load Intensity = 39.0; #Success = 6; #Failed = 0; #Dropped = 0
Target Time = 48.5; Load Intensity = 40.0; #Success = 4; #Failed = 0; #Dropped = 0
Target Time = 49.5; Load Intensity = 41.0; #Success = 6; #Failed = 0; #Dropped = 0
Target Time = 50.5; Load Intensity = 42.0; #Success = 4; #Failed = 0; #Dropped = 0
Target Time = 51.5; Load Intensity = 42.0; #Success = 6; #Failed = 0; #Dropped = 0
Target Time = 52.5; Load Intensity = 43.0; #Success = 4; #Failed = 0; #Dropped = 0
Target Time = 53.5; Load Intensity = 44.0; #Success = 9; #Failed = 0; #Dropped = 0
Target Time = 54.5; Load Intensity = 45.0; #Success = 2; #Failed = 0; #Dropped = 0
Target Time = 55.5; Load Intensity = 46.0; #Success = 4; #Failed = 0; #Dropped = 0
Target Time = 56.5; Load Intensity = 47.0; #Success = 0; #Failed = 0; #Dropped = 0
Target Time = 57.5; Load Intensity = 47.0; #Success = 2; #Failed = 0; #Dropped = 20
Target Time = 58.5; Load Intensity = 48.0; #Success = 2; #Failed = 0; #Dropped = 20
Target Time = 59.5; Load Intensity = 49.0; #Success = 1; #Failed = 0; #Dropped = 21
Target Time = 60.5; Load Intensity = 50.0; #Success = 1; #Failed = 0; #Dropped = 6
Target Time = 61.5; Load Intensity = 51.0; #Success = 0; #Failed = 1; #Dropped = 42
Target Time = 62.5; Load Intensity = 52.0; #Success = 3; #Failed = 4; #Dropped = 17
Target Time = 63.5; Load Intensity = 52.0; #Success = 0; #Failed = 0; #Dropped = 0
Target Time = 64.5; Load Intensity = 53.0; #Success = 2; #Failed = 0; #Dropped = 55
Target Time = 65.5; Load Intensity = 54.0; #Success = 1; #Failed = 3; #Dropped = 30
Target Time = 66.5; Load Intensity = 55.0; #Success = 4; #Failed = 3; #Dropped = 23
Target Time = 67.5; Load Intensity = 56.0; #Success = 3; #Failed = 1; #Dropped = 28
Target Time = 68.5; Load Intensity = 57.0; #Success = 0; #Failed = 1; #Dropped = 14
Target Time = 69.5; Load Intensity = 57.0; #Success = 0; #Failed = 1; #Dropped = 36
Target Time = 70.5; Load Intensity = 58.0; #Success = 0; #Failed = 0; #Dropped = 0
Target Time = 71.5; Load Intensity = 59.0; #Success = 0; #Failed = 0; #Dropped = 0
Target Time = 72.5; Load Intensity = 60.0; #Success = 0; #Failed = 0; #Dropped = 0
  └─ [scorpius:nic] end 03:56:59
Target Time = 73.5; Load Intensity = 61.0; #Success = 1; #Failed = 2; #Dropped = 135
Target Time = 74.5; Load Intensity = 62.0; #Success = 0; #Failed = 7; #Dropped = 31
Target Time = 75.5; Load Intensity = 62.0; #Success = 3; #Failed = 1; #Dropped = 42
Target Time = 76.5; Load Intensity = 63.0; #Success = 1; #Failed = 1; #Dropped = 18
Target Time = 77.5; Load Intensity = 64.0; #Success = 5; #Failed = 0; #Dropped = 39
Target Time = 78.5; Load Intensity = 65.0; #Success = 2; #Failed = 2; #Dropped = 39
Target Time = 79.5; Load Intensity = 66.0; #Success = 1; #Failed = 4; #Dropped = 39
Target Time = 80.5; Load Intensity = 67.0; #Success = 1; #Failed = 0; #Dropped = 41
Target Time = 81.5; Load Intensity = 67.0; #Success = 1; #Failed = 0; #Dropped = 39
Target Time = 82.5; Load Intensity = 68.0; #Success = 1; #Failed = 2; #Dropped = 21
Target Time = 83.5; Load Intensity = 69.0; #Success = 3; #Failed = 0; #Dropped = 56
Target Time = 84.5; Load Intensity = 70.0; #Success = 0; #Failed = 0; #Dropped = 0
Target Time = 85.5; Load Intensity = 71.0; #Success = 1; #Failed = 1; #Dropped = 63
Target Time = 86.5; Load Intensity = 72.0; #Success = 0; #Failed = 1; #Dropped = 80
Target Time = 87.5; Load Intensity = 72.0; #Success = 1; #Failed = 0; #Dropped = 49
Target Time = 88.5; Load Intensity = 73.0; #Success = 0; #Failed = 3; #Dropped = 11
Target Time = 89.5; Load Intensity = 74.0; #Success = 0; #Failed = 1; #Dropped = 64
Target Time = 90.5; Load Intensity = 75.0; #Success = 0; #Failed = 0; #Dropped = 0
Target Time = 91.5; Load Intensity = 76.0; #Success = 0; #Failed = 0; #Dropped = 0
Target Time = 92.5; Load Intensity = 77.0; #Success = 4; #Failed = 0; #Dropped = 151
Target Time = 93.5; Load Intensity = 77.0; #Success = 0; #Failed = 0; #Dropped = 0
Target Time = 94.5; Load Intensity = 78.0; #Success = 1; #Failed = 0; #Dropped = 94
Target Time = 95.5; Load Intensity = 79.0; #Success = 3; #Failed = 0; #Dropped = 82
Target Time = 96.5; Load Intensity = 80.0; #Success = 5; #Failed = 0; #Dropped = 49
Target Time = 97.5; Load Intensity = 81.0; #Success = 2; #Failed = 0; #Dropped = 45
Target Time = 98.5; Load Intensity = 82.0; #Success = 2; #Failed = 0; #Dropped = 34
Target Time = 99.5; Load Intensity = 82.0; #Success = 1; #Failed = 0; #Dropped = 69
Target Time = 100.5; Load Intensity = 83.0; #Success = 0; #Failed = 0; #Dropped = 0
Target Time = 101.5; Load Intensity = 84.0; #Success = 0; #Failed = 0; #Dropped = 0
Target Time = 102.5; Load Intensity = 85.0; #Success = 1; #Failed = 0; #Dropped = 162
Target Time = 103.5; Load Intensity = 86.0; #Success = 3; #Failed = 0; #Dropped = 73
Target Time = 104.5; Load Intensity = 87.0; #Success = 8; #Failed = 0; #Dropped = 74
Target Time = 105.5; Load Intensity = 87.0; #Success = 4; #Failed = 2; #Dropped = 55
Target Time = 106.5; Load Intensity = 88.0; #Success = 1; #Failed = 0; #Dropped = 20
Target Time = 107.5; Load Intensity = 89.0; #Success = 4; #Failed = 0; #Dropped = 78
Target Time = 108.5; Load Intensity = 90.0; #Success = 4; #Failed = 0; #Dropped = 66
Target Time = 109.5; Load Intensity = 91.0; #Success = 7; #Failed = 0; #Dropped = 60
Target Time = 110.5; Load Intensity = 92.0; #Success = 1; #Failed = 0; #Dropped = 72
Target Time = 111.5; Load Intensity = 92.0; #Success = 2; #Failed = 0; #Dropped = 80
Target Time = 112.5; Load Intensity = 93.0; #Success = 5; #Failed = 0; #Dropped = 39
Target Time = 113.5; Load Intensity = 94.0; #Success = 3; #Failed = 0; #Dropped = 68
Target Time = 114.5; Load Intensity = 95.0; #Success = 0; #Failed = 0; #Dropped = 0
Target Time = 115.5; Load Intensity = 96.0; #Success = 2; #Failed = 0; #Dropped = 104
Target Time = 116.5; Load Intensity = 97.0; #Success = 1; #Failed = 0; #Dropped = 118
Target Time = 117.5; Load Intensity = 97.0; #Success = 1; #Failed = 0; #Dropped = 70
Target Time = 118.5; Load Intensity = 98.0; #Success = 3; #Failed = 0; #Dropped = 20
Target Time = 119.5; Load Intensity = 99.0; #Success = 1; #Failed = 0; #Dropped = 89
Target Time = 120.5; Load Intensity = 0.0; #Success = 0; #Failed = 0; #Dropped = 0
Target Time = 121.5; Load Intensity = 0.0; #Success = 0; #Failed = 0; #Dropped = 0
Target Time = 122.5; Load Intensity = 0.0; #Success = 3; #Failed = 0; #Dropped = 242
Target Time = 123.5; Load Intensity = 0.0; #Success = 1; #Failed = 0; #Dropped = 58
Target Time = 124.5; Load Intensity = 0.0; #Success = 0; #Failed = 0; #Dropped = 0
Target Time = 125.5; Load Intensity = 0.0; #Success = 4; #Failed = 0; #Dropped = 142
Target Time = 126.5; Load Intensity = 0.0; #Success = 2; #Failed = 0; #Dropped = 124
Target Time = 127.5; Load Intensity = 0.0; #Success = 2; #Failed = 0; #Dropped = 87
Target Time = 128.5; Load Intensity = 0.0; #Success = 0; #Failed = 0; #Dropped = 0
Target Time = 129.5; Load Intensity = 0.0; #Success = 1; #Failed = 0; #Dropped = 104
Target Time = 130.5; Load Intensity = 0.0; #Success = 0; #Failed = 0; #Dropped = 0
Target Time = 131.5; Load Intensity = 0.0; #Success = 0; #Failed = 0; #Dropped = 0
Target Time = 132.5; Load Intensity = 0.0; #Success = 1; #Failed = 0; #Dropped = 261
Target Time = 133.5; Load Intensity = 0.0; #Success = 1; #Failed = 1; #Dropped = 105
Target Time = 134.5; Load Intensity = 0.0; #Success = 8; #Failed = 0; #Dropped = 99
Target Time = 135.5; Load Intensity = 0.0; #Success = 6; #Failed = 0; #Dropped = 87
Target Time = 136.5; Load Intensity = 0.0; #Success = 1; #Failed = 0; #Dropped = 41
Target Time = 137.5; Load Intensity = 0.0; #Success = 4; #Failed = 3; #Dropped = 99
Target Time = 138.5; Load Intensity = 0.0; #Success = 4; #Failed = 3; #Dropped = 87
Target Time = 139.5; Load Intensity = 0.0; #Success = 5; #Failed = 3; #Dropped = 106
  └─ [nitro5:sd] end 03:58:06
Target Time = 140.5; Load Intensity = 0.0; #Success = 1; #Failed = 0; #Dropped = 78
  └─ [nitro5:ram] end 03:58:06
  └─ [nitro5:nic] end 03:58:07
  └─ [nitro5:cpu] end 03:58:07
Target Time = 141.5; Load Intensity = 0.0; #Success = 1; #Failed = 0; #Dropped = 87
Target Time = 142.5; Load Intensity = 0.0; #Success = 6; #Failed = 1; #Dropped = 78
Target Time = 143.5; Load Intensity = 0.0; #Success = 1; #Failed = 0; #Dropped = 75
Target Time = 144.5; Load Intensity = 0.0; #Success = 0; #Failed = 0; #Dropped = 0
  └─ [leo:cpu] end 03:58:11
Target Time = 145.5; Load Intensity = 0.0; #Success = 0; #Failed = 0; #Dropped = 0
  └─ [leo:ram] end 03:58:11
  └─ [leo:sd] end 03:58:11
  └─ [leo:nic] end 03:58:11
Target Time = 146.5; Load Intensity = 0.0; #Success = 0; #Failed = 0; #Dropped = 0
  └─ [aspire:nic] end 03:58:12
  └─ [aspire:cpu] end 03:58:12
  └─ [aspire:sd] end 03:58:12
  └─ [aspire:ram] end 03:58:12
Target Time = 147.5; Load Intensity = 0.0; #Success = 1; #Failed = 0; #Dropped = 428
Target Time = 148.5; Load Intensity = 0.0; #Success = 3; #Failed = 0; #Dropped = 20
Target Time = 149.5; Load Intensity = 0.0; #Success = 1; #Failed = 0; #Dropped = 134
Target Time = 150.5; Load Intensity = 0.0; #Success = 0; #Failed = 2; #Dropped = 38
Target Time = 151.5; Load Intensity = 0.0; #Success = 0; #Failed = 0; #Dropped = 0
Target Time = 152.5; Load Intensity = 0.0; #Success = 3; #Failed = 0; #Dropped = 0
Target Time = 153.5; Load Intensity = 0.0; #Success = 0; #Failed = 0; #Dropped = 0
Target Time = 154.5; Load Intensity = 0.0; #Success = 0; #Failed = 0; #Dropped = 0
Target Time = 155.5; Load Intensity = 0.0; #Success = 1; #Failed = 0; #Dropped = 0
Target Time = 156.5; Load Intensity = 0.0; #Success = 5; #Failed = 0; #Dropped = 0
Target Time = 157.5; Load Intensity = 0.0; #Success = 2; #Failed = 5; #Dropped = 0
Target Time = 158.5; Load Intensity = 0.0; #Success = 0; #Failed = 0; #Dropped = 0
Target Time = 159.5; Load Intensity = 0.0; #Success = 1; #Failed = 0; #Dropped = 0
Target Time = 160.5; Load Intensity = 0.0; #Success = 0; #Failed = 0; #Dropped = 0
Target Time = 161.5; Load Intensity = 0.0; #Success = 2; #Failed = 0; #Dropped = 0
Target Time = 162.5; Load Intensity = 0.0; #Success = 1; #Failed = 0; #Dropped = 0
Target Time = 163.5; Load Intensity = 0.0; #Success = 1; #Failed = 0; #Dropped = 0
Target Time = 164.5; Load Intensity = 0.0; #Success = 5; #Failed = 0; #Dropped = 0
Target Time = 165.5; Load Intensity = 0.0; #Success = 4; #Failed = 1; #Dropped = 0
Target Time = 166.5; Load Intensity = 0.0; #Success = 3; #Failed = 1; #Dropped = 0
Target Time = 167.5; Load Intensity = 0.0; #Success = 5; #Failed = 6; #Dropped = 0
Target Time = 168.5; Load Intensity = 0.0; #Success = 2; #Failed = 2; #Dropped = 0
Target Time = 169.5; Load Intensity = 0.0; #Success = 3; #Failed = 1; #Dropped = 0
Target Time = 170.5; Load Intensity = 0.0; #Success = 1; #Failed = 1; #Dropped = 0
Target Time = 171.5; Load Intensity = 0.0; #Success = 0; #Failed = 4; #Dropped = 0
Target Time = 172.5; Load Intensity = 0.0; #Success = 1; #Failed = 1; #Dropped = 0
Workload finished.
Log finished.
📄 LIMBO finalizado para scenario=low
⏳ [03:58:43] Esperando que termine medición: fase3_carga_low_iter16 (PID: 1500942)
  └─ [scorpius:cpu] end 03:58:44
  └─ [scorpius:sd] end 03:58:44
  └─ [scorpius:ram] end 03:58:48
=== Bloque 140s terminado - Fase: fase3_carga_low_iter16 ===
[🧹] Limpiando CSVs internos de ecofloc en cada nodo (fase: fase3_carga_low_iter16)...
  ✔ [nitro5:cpu] limpiado /home/luish/Documents/p3/ecofloc2/ecofloc/ecofloc-cpu/ECOFLOC_CPU_COMM_text.csv
  ✔ [nitro5:nic] limpiado /home/luish/Documents/p3/ecofloc2/ecofloc/ecofloc-nic/ECOFLOC_NIC_COMM_text.csv
  ✔ [nitro5:ram] limpiado /home/luish/Documents/p3/ecofloc2/ecofloc/ecofloc-ram/ECOFLOC_RAM_COMM_text.csv
  ✔ [nitro5:sd] limpiado /home/luish/Documents/p3/ecofloc2/ecofloc/ecofloc-sd/ECOFLOC_SD_COMM_text.csv
  ✔ [leo:cpu] limpiado /home/leo/ecofloc/ecofloc-cpu/ECOFLOC_CPU_COMM_text.csv
  ✔ [leo:nic] limpiado /home/leo/ecofloc/ecofloc-nic/ECOFLOC_NIC_COMM_text.csv
  ✔ [leo:ram] limpiado /home/leo/ecofloc/ecofloc-ram/ECOFLOC_RAM_COMM_text.csv
  ✔ [leo:sd] limpiado /home/leo/ecofloc/ecofloc-sd/ECOFLOC_SD_COMM_text.csv
  ✔ [aspire:cpu] limpiado /home/luish/Documents/p3/ecofloc2/ecofloc/ecofloc-cpu/ECOFLOC_CPU_COMM_text.csv
  ✔ [aspire:nic] limpiado /home/luish/Documents/p3/ecofloc2/ecofloc/ecofloc-nic/ECOFLOC_NIC_COMM_text.csv
  ✔ [aspire:ram] limpiado /home/luish/Documents/p3/ecofloc2/ecofloc/ecofloc-ram/ECOFLOC_RAM_COMM_text.csv
  ✔ [aspire:sd] limpiado /home/luish/Documents/p3/ecofloc2/ecofloc/ecofloc-sd/ECOFLOC_SD_COMM_text.csv
  ✔ [scorpius:cpu] limpiado /home/scorpius03/Documents/ecofloc/ecofloc-cpu/ECOFLOC_CPU_COMM_text.csv
  ✔ [scorpius:nic] limpiado /home/scorpius03/Documents/ecofloc/ecofloc-nic/ECOFLOC_NIC_COMM_text.csv
  ✔ [scorpius:ram] limpiado /home/scorpius03/Documents/ecofloc/ecofloc-ram/ECOFLOC_RAM_COMM_text.csv
  ✔ [scorpius:sd] limpiado /home/scorpius03/Documents/ecofloc/ecofloc-sd/ECOFLOC_SD_COMM_text.csv
========================================
🔋 MEASURE ENERGY FINALIZADO
   Fase: fase3_carga_low_iter16
========================================
✔️ [03:58:52] Medición fase3_carga_low_iter16 completada
[📦] Archivando resultados → ./historyexecutions/exp(03:58:57)_fase3_low_iter16
[✔] Archivado: ./historyexecutions/exp(03:58:57)_fase3_low_iter16
🧹 Limpiando TeaStore (iter 16)...
⏸ Esperando 15s para limpieza completa...
✅ Iteración 16 / 20 del escenario low completada.

########################################################
🔄 ESCENARIO: low | ITERACIÓN: 17 / 20
   Hora: 03:59:57
########################################################
========================================
🔋 FASE 1: Descarga de imágenes (low, iter 17)
========================================
📋 Capturando PIDs (gepidstea.sh)...
📋 Capturando PIDs de contenedores (kpsnodos.sh)...
🔋 [04:00:13] Iniciando medición de energía: fase1_descarga_low_iter17 (25s)
   PID de medición: 1882599
🚀 Desplegando TeaStore desde /home/luish/Documents/death/teastore/TeaStore/examples/kubernetes/teastore-energy-scheduler.yaml...
========================================
🔋 MEASURE ENERGY - Fase: fase1_descarga_low_iter17
   Duración: 25s
   PID: 1882599
========================================
=== Medición bloque 25s - Fase: fase1_descarga_low_iter17 ===
[⏱ 04:00:13] Iniciando ecofloc en nitro5 por 25s (fase: fase1_descarga_low_iter17)
⏳ Esperando a que todos los pods de TeaStore estén Running y Ready...
  ├─ [nitro5:sd] start 04:00:13
  ├─ [nitro5:ram] start 04:00:14
  ├─ [nitro5:nic] start 04:00:14
[⏱ 04:00:14] Iniciando ecofloc en aspire por 25s (fase: fase1_descarga_low_iter17)
  ├─ [nitro5:cpu] start 04:00:14
  ├─ [aspire:sd] start 04:00:14
  ├─ [aspire:ram] start 04:00:14
  ├─ [aspire:nic] start 04:00:14
[⏱ 04:00:14] Iniciando ecofloc en scorpius por 25s (fase: fase1_descarga_low_iter17)
  ├─ [aspire:cpu] start 04:00:14
  ├─ [scorpius:sd] start 04:00:14
  ├─ [scorpius:ram] start 04:00:14
  ├─ [scorpius:nic] start 04:00:14
[⏱ 04:00:14] Iniciando ecofloc en leo por 25s (fase: fase1_descarga_low_iter17)
  ├─ [scorpius:cpu] start 04:00:14
  ├─ [leo:sd] start 04:00:14
  ├─ [leo:ram] start 04:00:14
  ├─ [leo:cpu] start 04:00:14
  ├─ [leo:nic] start 04:00:14
✅ Pods listos.
⏳ [04:00:15] Esperando que termine medición: fase1_descarga_low_iter17 (PID: 1882599)
  └─ [nitro5:sd] end 04:00:38
  └─ [nitro5:ram] end 04:00:39
  └─ [nitro5:nic] end 04:00:39
  └─ [nitro5:cpu] end 04:00:39
  └─ [aspire:cpu] end 04:00:40
  └─ [aspire:sd] end 04:00:40
  └─ [leo:cpu] end 04:00:40
  └─ [leo:sd] end 04:00:40
  └─ [aspire:ram] end 04:00:41
  └─ [leo:nic] end 04:00:41
  └─ [scorpius:cpu] end 04:00:41
  └─ [aspire:nic] end 04:00:41
  └─ [scorpius:sd] end 04:00:41
  └─ [leo:ram] end 04:00:41
  └─ [scorpius:nic] end 04:00:41
  └─ [scorpius:ram] end 04:00:42
=== Bloque 25s terminado - Fase: fase1_descarga_low_iter17 ===
[🧹] Limpiando CSVs internos de ecofloc en cada nodo (fase: fase1_descarga_low_iter17)...
  ✔ [nitro5:cpu] limpiado /home/luish/Documents/p3/ecofloc2/ecofloc/ecofloc-cpu/ECOFLOC_CPU_COMM_text.csv
  ✔ [nitro5:nic] limpiado /home/luish/Documents/p3/ecofloc2/ecofloc/ecofloc-nic/ECOFLOC_NIC_COMM_text.csv
  ✔ [nitro5:ram] limpiado /home/luish/Documents/p3/ecofloc2/ecofloc/ecofloc-ram/ECOFLOC_RAM_COMM_text.csv
  ✔ [nitro5:sd] limpiado /home/luish/Documents/p3/ecofloc2/ecofloc/ecofloc-sd/ECOFLOC_SD_COMM_text.csv
  ✔ [leo:cpu] limpiado /home/leo/ecofloc/ecofloc-cpu/ECOFLOC_CPU_COMM_text.csv
  ✔ [leo:nic] limpiado /home/leo/ecofloc/ecofloc-nic/ECOFLOC_NIC_COMM_text.csv
  ✔ [leo:ram] limpiado /home/leo/ecofloc/ecofloc-ram/ECOFLOC_RAM_COMM_text.csv
  ✔ [leo:sd] limpiado /home/leo/ecofloc/ecofloc-sd/ECOFLOC_SD_COMM_text.csv
  ✔ [aspire:cpu] limpiado /home/luish/Documents/p3/ecofloc2/ecofloc/ecofloc-cpu/ECOFLOC_CPU_COMM_text.csv
  ✔ [aspire:nic] limpiado /home/luish/Documents/p3/ecofloc2/ecofloc/ecofloc-nic/ECOFLOC_NIC_COMM_text.csv
  ✔ [aspire:ram] limpiado /home/luish/Documents/p3/ecofloc2/ecofloc/ecofloc-ram/ECOFLOC_RAM_COMM_text.csv
  ✔ [aspire:sd] limpiado /home/luish/Documents/p3/ecofloc2/ecofloc/ecofloc-sd/ECOFLOC_SD_COMM_text.csv
  ✔ [scorpius:cpu] limpiado /home/scorpius03/Documents/ecofloc/ecofloc-cpu/ECOFLOC_CPU_COMM_text.csv
  ✔ [scorpius:nic] limpiado /home/scorpius03/Documents/ecofloc/ecofloc-nic/ECOFLOC_NIC_COMM_text.csv
  ✔ [scorpius:ram] limpiado /home/scorpius03/Documents/ecofloc/ecofloc-ram/ECOFLOC_RAM_COMM_text.csv
  ✔ [scorpius:sd] limpiado /home/scorpius03/Documents/ecofloc/ecofloc-sd/ECOFLOC_SD_COMM_text.csv
========================================
🔋 MEASURE ENERGY FINALIZADO
   Fase: fase1_descarga_low_iter17
========================================
✔️ [04:00:45] Medición fase1_descarga_low_iter17 completada
[📦] Archivando resultados → ./historyexecutions/exp(04:00:50)_fase1_low_iter17
[✔] Archivado: ./historyexecutions/exp(04:00:50)_fase1_low_iter17
========================================
🔋 FASE 2: Preparación de servicios (low, iter 17)
========================================
📋 Capturando PIDs (gepidstea.sh)...
📋 Capturando PIDs de contenedores (kpsnodos.sh)...
🔋 [04:01:09] Iniciando medición de energía: fase2_preparacion_low_iter17 (50s)
   PID de medición: 1950578
========================================
🔋 MEASURE ENERGY - Fase: fase2_preparacion_low_iter17
   Duración: 50s
   PID: 1950578
========================================
=== Medición bloque 50s - Fase: fase2_preparacion_low_iter17 ===
[⏱ 04:01:09] Iniciando ecofloc en nitro5 por 50s (fase: fase2_preparacion_low_iter17)
⏳ Esperando 10s a que CoreDNS se estabilice...
  ├─ [nitro5:sd] start 04:01:09
  ├─ [nitro5:ram] start 04:01:09
  ├─ [nitro5:nic] start 04:01:10
[⏱ 04:01:10] Iniciando ecofloc en aspire por 50s (fase: fase2_preparacion_low_iter17)
  ├─ [nitro5:cpu] start 04:01:10
  ├─ [aspire:sd] start 04:01:10
  ├─ [aspire:ram] start 04:01:10
[⏱ 04:01:10] Iniciando ecofloc en scorpius por 50s (fase: fase2_preparacion_low_iter17)
  ├─ [aspire:nic] start 04:01:10
  ├─ [aspire:cpu] start 04:01:10
  ├─ [scorpius:sd] start 04:01:10
  ├─ [scorpius:ram] start 04:01:10
  ├─ [scorpius:nic] start 04:01:10
[⏱ 04:01:10] Iniciando ecofloc en leo por 50s (fase: fase2_preparacion_low_iter17)
  ├─ [scorpius:cpu] start 04:01:10
  ├─ [leo:sd] start 04:01:10
  ├─ [leo:ram] start 04:01:10
  ├─ [leo:nic] start 04:01:10
  ├─ [leo:cpu] start 04:01:10
➡️ Pod WebUI: teastore-webui-ff7768544-x8rgl
➡️ Está en el nodo: luish-aspire-a315-55g
🌐 IP del nodo WebUI: 192.168.18.37
⏳ Verificando estado del TeaStore en http://192.168.18.37:30080/tools.descartes.teastore.webui/status ...
   ➤ Estado actual: 5 / 5 servicios OK
✔ TODOS los servicios del TeaStore están OK. Continuando...
⏳ [04:01:24] Esperando que termine medición: fase2_preparacion_low_iter17 (PID: 1950578)
  └─ [nitro5:sd] end 04:01:59
  └─ [nitro5:ram] end 04:02:00
  └─ [nitro5:nic] end 04:02:00
  └─ [nitro5:cpu] end 04:02:00
  └─ [aspire:sd] end 04:02:01
  └─ [aspire:cpu] end 04:02:01
  └─ [leo:sd] end 04:02:02
  └─ [leo:cpu] end 04:02:02
  └─ [aspire:nic] end 04:02:02
  └─ [scorpius:sd] end 04:02:03
  └─ [aspire:ram] end 04:02:03
  └─ [leo:nic] end 04:02:03
  └─ [leo:ram] end 04:02:04
  └─ [scorpius:cpu] end 04:02:05
  └─ [scorpius:nic] end 04:02:06
  └─ [scorpius:ram] end 04:02:06
=== Bloque 50s terminado - Fase: fase2_preparacion_low_iter17 ===
[🧹] Limpiando CSVs internos de ecofloc en cada nodo (fase: fase2_preparacion_low_iter17)...
  ✔ [nitro5:cpu] limpiado /home/luish/Documents/p3/ecofloc2/ecofloc/ecofloc-cpu/ECOFLOC_CPU_COMM_text.csv
  ✔ [nitro5:nic] limpiado /home/luish/Documents/p3/ecofloc2/ecofloc/ecofloc-nic/ECOFLOC_NIC_COMM_text.csv
  ✔ [nitro5:ram] limpiado /home/luish/Documents/p3/ecofloc2/ecofloc/ecofloc-ram/ECOFLOC_RAM_COMM_text.csv
  ✔ [nitro5:sd] limpiado /home/luish/Documents/p3/ecofloc2/ecofloc/ecofloc-sd/ECOFLOC_SD_COMM_text.csv
  ✔ [leo:cpu] limpiado /home/leo/ecofloc/ecofloc-cpu/ECOFLOC_CPU_COMM_text.csv
  ✔ [leo:nic] limpiado /home/leo/ecofloc/ecofloc-nic/ECOFLOC_NIC_COMM_text.csv
  ✔ [leo:ram] limpiado /home/leo/ecofloc/ecofloc-ram/ECOFLOC_RAM_COMM_text.csv
  ✔ [leo:sd] limpiado /home/leo/ecofloc/ecofloc-sd/ECOFLOC_SD_COMM_text.csv
  ✔ [aspire:cpu] limpiado /home/luish/Documents/p3/ecofloc2/ecofloc/ecofloc-cpu/ECOFLOC_CPU_COMM_text.csv
  ✔ [aspire:nic] limpiado /home/luish/Documents/p3/ecofloc2/ecofloc/ecofloc-nic/ECOFLOC_NIC_COMM_text.csv
  ✔ [aspire:ram] limpiado /home/luish/Documents/p3/ecofloc2/ecofloc/ecofloc-ram/ECOFLOC_RAM_COMM_text.csv
  ✔ [aspire:sd] limpiado /home/luish/Documents/p3/ecofloc2/ecofloc/ecofloc-sd/ECOFLOC_SD_COMM_text.csv
  ✔ [scorpius:cpu] limpiado /home/scorpius03/Documents/ecofloc/ecofloc-cpu/ECOFLOC_CPU_COMM_text.csv
  ✔ [scorpius:nic] limpiado /home/scorpius03/Documents/ecofloc/ecofloc-nic/ECOFLOC_NIC_COMM_text.csv
  ✔ [scorpius:ram] limpiado /home/scorpius03/Documents/ecofloc/ecofloc-ram/ECOFLOC_RAM_COMM_text.csv
  ✔ [scorpius:sd] limpiado /home/scorpius03/Documents/ecofloc/ecofloc-sd/ECOFLOC_SD_COMM_text.csv
========================================
🔋 MEASURE ENERGY FINALIZADO
   Fase: fase2_preparacion_low_iter17
========================================
✔️ [04:02:09] Medición fase2_preparacion_low_iter17 completada
[📦] Archivando resultados → ./historyexecutions/exp(04:02:14)_fase2_low_iter17
[✔] Archivado: ./historyexecutions/exp(04:02:14)_fase2_low_iter17
========================================
🔋 FASE 3: Ejecución de carga (low, iter 17)
========================================
📋 Capturando PIDs (gepidstea.sh)...
📋 Capturando PIDs de contenedores (kpsnodos.sh)...
🔋 [04:02:32] Iniciando medición de energía: fase3_carga_low_iter17 (140s)
   PID de medición: 2083035
=== Escenario low (iter 17) ===
========================================
🔋 MEASURE ENERGY - Fase: fase3_carga_low_iter17
   Duración: 140s
   PID: 2083035
========================================
=== Medición bloque 140s - Fase: fase3_carga_low_iter17 ===
🚀 Iniciando LIMBO con profile=/home/luish/Documents/death/teastore/TeaStore/examples/httploadgenerator/increasingLowIntensity.csv y script=/home/luish/Documents/death/teastore/TeaStore/examples/httploadgenerator/teastore_buy.lua
[⏱ 04:02:32] Iniciando ecofloc en nitro5 por 140s (fase: fase3_carga_low_iter17)
Mar 06, 2026 4:02:32 AM tools.descartes.dlim.httploadgenerator.runner.Director executeDirector
WARNING: No power measurements
Mar 06, 2026 4:02:32 AM tools.descartes.dlim.httploadgenerator.runner.Director executeDirector
INFO: Load Generator Thread Count set to 64
Mar 06, 2026 4:02:32 AM tools.descartes.dlim.httploadgenerator.runner.Director executeDirector
INFO: URL connection timout set to 30000 ms
Mar 06, 2026 4:02:32 AM tools.descartes.dlim.httploadgenerator.runner.Director executeDirector
INFO: Using Lua Script: /home/luish/Documents/death/teastore/TeaStore/examples/httploadgenerator/teastore_buy.lua
Mar 06, 2026 4:02:32 AM tools.descartes.dlim.httploadgenerator.runner.Director process
INFO: Read 120 Arrival Rate Tuples
Load Generator sent: ok
Mar 06, 2026 4:02:32 AM tools.descartes.dlim.httploadgenerator.runner.Director process
INFO: Arrival Rates sent to Load Generator(s).
Load Generator sent: ok
Mar 06, 2026 4:02:32 AM tools.descartes.dlim.httploadgenerator.runner.Director process
INFO: Thread Count sent to Load Generator(s): 64
Load Generator sent: ok
Mar 06, 2026 4:02:32 AM tools.descartes.dlim.httploadgenerator.runner.Director process
INFO: URL connection timeout sent to Load Generator(s): 30000
Load Generator sent: ok
Mar 06, 2026 4:02:32 AM tools.descartes.dlim.httploadgenerator.runner.Director process
INFO: Contents of script sent to Load Generator: /home/luish/Documents/death/teastore/TeaStore/examples/httploadgenerator/teastore_buy.lua
Mar 06, 2026 4:02:32 AM tools.descartes.dlim.httploadgenerator.runner.Director process
INFO: Starting Load Generation
Beginning Run @1772787752909(06.03.2026;04:02:32909)
Target Time = 0.5; Load Intensity = 0.0; #Success = 0; #Failed = 0; #Dropped = 0
  ├─ [nitro5:sd] start 04:02:33
  ├─ [nitro5:ram] start 04:02:33
  ├─ [nitro5:nic] start 04:02:33
[⏱ 04:02:34] Iniciando ecofloc en aspire por 140s (fase: fase3_carga_low_iter17)
  ├─ [nitro5:cpu] start 04:02:34
  ├─ [aspire:sd] start 04:02:34
  ├─ [aspire:ram] start 04:02:34
[⏱ 04:02:34] Iniciando ecofloc en scorpius por 140s (fase: fase3_carga_low_iter17)
  ├─ [aspire:nic] start 04:02:34
  ├─ [aspire:cpu] start 04:02:34
  ├─ [scorpius:sd] start 04:02:34
  ├─ [scorpius:ram] start 04:02:34
  ├─ [scorpius:nic] start 04:02:34
[⏱ 04:02:34] Iniciando ecofloc en leo por 140s (fase: fase3_carga_low_iter17)
  ├─ [scorpius:cpu] start 04:02:34
  ├─ [leo:sd] start 04:02:34
  ├─ [leo:ram] start 04:02:34
  ├─ [leo:nic] start 04:02:34
  ├─ [leo:cpu] start 04:02:34
Target Time = 1.5; Load Intensity = 1.0; #Success = 0; #Failed = 0; #Dropped = 0
Target Time = 2.5; Load Intensity = 2.0; #Success = 0; #Failed = 0; #Dropped = 0
Target Time = 3.5; Load Intensity = 2.0; #Success = 0; #Failed = 0; #Dropped = 0
Target Time = 4.5; Load Intensity = 3.0; #Success = 8; #Failed = 0; #Dropped = 0
Target Time = 5.5; Load Intensity = 4.0; #Success = 4; #Failed = 0; #Dropped = 0
Target Time = 6.5; Load Intensity = 5.0; #Success = 4; #Failed = 0; #Dropped = 0
Target Time = 7.5; Load Intensity = 6.0; #Success = 7; #Failed = 0; #Dropped = 0
Target Time = 8.5; Load Intensity = 7.0; #Success = 7; #Failed = 0; #Dropped = 0
Target Time = 9.5; Load Intensity = 7.0; #Success = 7; #Failed = 0; #Dropped = 0
Target Time = 10.5; Load Intensity = 8.0; #Success = 7; #Failed = 0; #Dropped = 0
Target Time = 11.5; Load Intensity = 9.0; #Success = 10; #Failed = 0; #Dropped = 0
Target Time = 12.5; Load Intensity = 10.0; #Success = 10; #Failed = 0; #Dropped = 0
Target Time = 13.5; Load Intensity = 11.0; #Success = 0; #Failed = 0; #Dropped = 0
Target Time = 14.5; Load Intensity = 12.0; #Success = 20; #Failed = 0; #Dropped = 0
Target Time = 15.5; Load Intensity = 12.0; #Success = 12; #Failed = 0; #Dropped = 0
Target Time = 16.5; Load Intensity = 13.0; #Success = 16; #Failed = 0; #Dropped = 0
Target Time = 17.5; Load Intensity = 14.0; #Success = 14; #Failed = 0; #Dropped = 0
Target Time = 18.5; Load Intensity = 15.0; #Success = 2; #Failed = 0; #Dropped = 0
Target Time = 19.5; Load Intensity = 16.0; #Success = 0; #Failed = 0; #Dropped = 0
Target Time = 20.5; Load Intensity = 17.0; #Success = 4; #Failed = 0; #Dropped = 0
Target Time = 21.5; Load Intensity = 17.0; #Success = 15; #Failed = 0; #Dropped = 0
Target Time = 22.5; Load Intensity = 18.0; #Success = 11; #Failed = 0; #Dropped = 0
Target Time = 23.5; Load Intensity = 19.0; #Success = 10; #Failed = 0; #Dropped = 0
Target Time = 24.5; Load Intensity = 20.0; #Success = 0; #Failed = 0; #Dropped = 0
Target Time = 25.5; Load Intensity = 21.0; #Success = 6; #Failed = 0; #Dropped = 0
Target Time = 26.5; Load Intensity = 22.0; #Success = 7; #Failed = 0; #Dropped = 0
Target Time = 27.5; Load Intensity = 22.0; #Success = 11; #Failed = 0; #Dropped = 0
Target Time = 28.5; Load Intensity = 23.0; #Success = 0; #Failed = 12; #Dropped = 0
Target Time = 29.5; Load Intensity = 24.0; #Success = 0; #Failed = 4; #Dropped = 0
Target Time = 30.5; Load Intensity = 25.0; #Success = 0; #Failed = 0; #Dropped = 0
Target Time = 31.5; Load Intensity = 26.0; #Success = 0; #Failed = 0; #Dropped = 0
Target Time = 32.5; Load Intensity = 27.0; #Success = 0; #Failed = 4; #Dropped = 0
Target Time = 33.5; Load Intensity = 27.0; #Success = 0; #Failed = 2; #Dropped = 0
Target Time = 34.5; Load Intensity = 28.0; #Success = 0; #Failed = 4; #Dropped = 0
Target Time = 35.5; Load Intensity = 29.0; #Success = 0; #Failed = 0; #Dropped = 0
Target Time = 36.5; Load Intensity = 30.0; #Success = 0; #Failed = 0; #Dropped = 0
Target Time = 37.5; Load Intensity = 31.0; #Success = 0; #Failed = 2; #Dropped = 0
Target Time = 38.5; Load Intensity = 32.0; #Success = 0; #Failed = 3; #Dropped = 0
Target Time = 39.5; Load Intensity = 32.0; #Success = 0; #Failed = 12; #Dropped = 0
Target Time = 40.5; Load Intensity = 33.0; #Success = 0; #Failed = 0; #Dropped = 0
Target Time = 41.5; Load Intensity = 34.0; #Success = 0; #Failed = 3; #Dropped = 0
Target Time = 42.5; Load Intensity = 35.0; #Success = 0; #Failed = 9; #Dropped = 0
Target Time = 43.5; Load Intensity = 36.0; #Success = 0; #Failed = 0; #Dropped = 0
Target Time = 44.5; Load Intensity = 37.0; #Success = 0; #Failed = 0; #Dropped = 0
Target Time = 45.5; Load Intensity = 37.0; #Success = 0; #Failed = 0; #Dropped = 0
Target Time = 46.5; Load Intensity = 38.0; #Success = 0; #Failed = 0; #Dropped = 0
Target Time = 47.5; Load Intensity = 39.0; #Success = 0; #Failed = 7; #Dropped = 0
Target Time = 48.5; Load Intensity = 40.0; #Success = 0; #Failed = 16; #Dropped = 0
Target Time = 49.5; Load Intensity = 41.0; #Success = 0; #Failed = 7; #Dropped = 0
Target Time = 50.5; Load Intensity = 42.0; #Success = 0; #Failed = 8; #Dropped = 0
Target Time = 51.5; Load Intensity = 42.0; #Success = 0; #Failed = 0; #Dropped = 0
Target Time = 52.5; Load Intensity = 43.0; #Success = 0; #Failed = 0; #Dropped = 0
Target Time = 53.5; Load Intensity = 44.0; #Success = 0; #Failed = 0; #Dropped = 0
Target Time = 54.5; Load Intensity = 45.0; #Success = 0; #Failed = 0; #Dropped = 0
Target Time = 55.5; Load Intensity = 46.0; #Success = 0; #Failed = 0; #Dropped = 0
Target Time = 56.5; Load Intensity = 47.0; #Success = 0; #Failed = 0; #Dropped = 0
Target Time = 57.5; Load Intensity = 47.0; #Success = 0; #Failed = 0; #Dropped = 0
Target Time = 58.5; Load Intensity = 48.0; #Success = 0; #Failed = 0; #Dropped = 0
Target Time = 59.5; Load Intensity = 49.0; #Success = 0; #Failed = 21; #Dropped = 5
Target Time = 60.5; Load Intensity = 50.0; #Success = 0; #Failed = 13; #Dropped = 0
Target Time = 61.5; Load Intensity = 51.0; #Success = 0; #Failed = 6; #Dropped = 0
Target Time = 62.5; Load Intensity = 52.0; #Success = 0; #Failed = 0; #Dropped = 0
Target Time = 63.5; Load Intensity = 52.0; #Success = 0; #Failed = 0; #Dropped = 0
Target Time = 64.5; Load Intensity = 53.0; #Success = 0; #Failed = 3; #Dropped = 94
Target Time = 65.5; Load Intensity = 54.0; #Success = 0; #Failed = 0; #Dropped = 0
Target Time = 66.5; Load Intensity = 55.0; #Success = 0; #Failed = 2; #Dropped = 34
Target Time = 67.5; Load Intensity = 56.0; #Success = 0; #Failed = 9; #Dropped = 44
Target Time = 68.5; Load Intensity = 57.0; #Success = 0; #Failed = 0; #Dropped = 0
Target Time = 69.5; Load Intensity = 57.0; #Success = 3; #Failed = 0; #Dropped = 51
Target Time = 70.5; Load Intensity = 58.0; #Success = 0; #Failed = 16; #Dropped = 30
Target Time = 71.5; Load Intensity = 59.0; #Success = 1; #Failed = 6; #Dropped = 27
Target Time = 72.5; Load Intensity = 60.0; #Success = 0; #Failed = 5; #Dropped = 7
Target Time = 73.5; Load Intensity = 61.0; #Success = 0; #Failed = 4; #Dropped = 23
Target Time = 74.5; Load Intensity = 62.0; #Success = 0; #Failed = 0; #Dropped = 0
Target Time = 75.5; Load Intensity = 62.0; #Success = 0; #Failed = 0; #Dropped = 0
Target Time = 76.5; Load Intensity = 63.0; #Success = 0; #Failed = 1; #Dropped = 121
Target Time = 77.5; Load Intensity = 64.0; #Success = 0; #Failed = 0; #Dropped = 0
Target Time = 78.5; Load Intensity = 65.0; #Success = 0; #Failed = 0; #Dropped = 0
Target Time = 79.5; Load Intensity = 66.0; #Success = 0; #Failed = 0; #Dropped = 0
Target Time = 80.5; Load Intensity = 67.0; #Success = 0; #Failed = 6; #Dropped = 172
Target Time = 81.5; Load Intensity = 67.0; #Success = 0; #Failed = 8; #Dropped = 19
Target Time = 82.5; Load Intensity = 68.0; #Success = 0; #Failed = 0; #Dropped = 0
Target Time = 83.5; Load Intensity = 69.0; #Success = 0; #Failed = 3; #Dropped = 90
Target Time = 84.5; Load Intensity = 70.0; #Success = 0; #Failed = 2; #Dropped = 43
Target Time = 85.5; Load Intensity = 71.0; #Success = 0; #Failed = 0; #Dropped = 0
Target Time = 86.5; Load Intensity = 72.0; #Success = 0; #Failed = 7; #Dropped = 71
Target Time = 87.5; Load Intensity = 72.0; #Success = 0; #Failed = 0; #Dropped = 0
Target Time = 88.5; Load Intensity = 73.0; #Success = 0; #Failed = 0; #Dropped = 0
Target Time = 89.5; Load Intensity = 74.0; #Success = 0; #Failed = 0; #Dropped = 0
Target Time = 90.5; Load Intensity = 75.0; #Success = 0; #Failed = 0; #Dropped = 0
Target Time = 91.5; Load Intensity = 76.0; #Success = 0; #Failed = 42; #Dropped = 241
Target Time = 92.5; Load Intensity = 77.0; #Success = 0; #Failed = 8; #Dropped = 3
Target Time = 93.5; Load Intensity = 77.0; #Success = 0; #Failed = 0; #Dropped = 0
Target Time = 94.5; Load Intensity = 78.0; #Success = 0; #Failed = 0; #Dropped = 0
Target Time = 95.5; Load Intensity = 79.0; #Success = 0; #Failed = 3; #Dropped = 158
Target Time = 96.5; Load Intensity = 80.0; #Success = 0; #Failed = 0; #Dropped = 0
Target Time = 97.5; Load Intensity = 81.0; #Success = 0; #Failed = 3; #Dropped = 130
Target Time = 98.5; Load Intensity = 82.0; #Success = 0; #Failed = 0; #Dropped = 0
Target Time = 99.5; Load Intensity = 82.0; #Success = 0; #Failed = 0; #Dropped = 0
Target Time = 100.5; Load Intensity = 83.0; #Success = 0; #Failed = 0; #Dropped = 0
Target Time = 101.5; Load Intensity = 84.0; #Success = 0; #Failed = 1; #Dropped = 191
Target Time = 102.5; Load Intensity = 85.0; #Success = 0; #Failed = 0; #Dropped = 0
Target Time = 103.5; Load Intensity = 86.0; #Success = 0; #Failed = 2; #Dropped = 144
Target Time = 104.5; Load Intensity = 87.0; #Success = 0; #Failed = 6; #Dropped = 70
Target Time = 105.5; Load Intensity = 87.0; #Success = 0; #Failed = 1; #Dropped = 34
Target Time = 106.5; Load Intensity = 88.0; #Success = 0; #Failed = 0; #Dropped = 0
Target Time = 107.5; Load Intensity = 89.0; #Success = 0; #Failed = 0; #Dropped = 0
Target Time = 108.5; Load Intensity = 90.0; #Success = 0; #Failed = 0; #Dropped = 0
Target Time = 109.5; Load Intensity = 91.0; #Success = 0; #Failed = 0; #Dropped = 0
Target Time = 110.5; Load Intensity = 92.0; #Success = 0; #Failed = 0; #Dropped = 0
Target Time = 111.5; Load Intensity = 92.0; #Success = 0; #Failed = 0; #Dropped = 0
Target Time = 112.5; Load Intensity = 93.0; #Success = 0; #Failed = 3; #Dropped = 496
Target Time = 113.5; Load Intensity = 94.0; #Success = 0; #Failed = 11; #Dropped = 22
Target Time = 114.5; Load Intensity = 95.0; #Success = 0; #Failed = 4; #Dropped = 105
Target Time = 115.5; Load Intensity = 96.0; #Success = 0; #Failed = 0; #Dropped = 0
Target Time = 116.5; Load Intensity = 97.0; #Success = 0; #Failed = 0; #Dropped = 0
Target Time = 117.5; Load Intensity = 97.0; #Success = 0; #Failed = 9; #Dropped = 201
Target Time = 118.5; Load Intensity = 98.0; #Success = 0; #Failed = 2; #Dropped = 69
Target Time = 119.5; Load Intensity = 99.0; #Success = 0; #Failed = 3; #Dropped = 79
Target Time = 120.5; Load Intensity = 0.0; #Success = 0; #Failed = 0; #Dropped = 0
Target Time = 121.5; Load Intensity = 0.0; #Success = 22; #Failed = 1; #Dropped = 113
Target Time = 122.5; Load Intensity = 0.0; #Success = 1; #Failed = 0; #Dropped = 14
Target Time = 123.5; Load Intensity = 0.0; #Success = 0; #Failed = 0; #Dropped = 0
Target Time = 124.5; Load Intensity = 0.0; #Success = 0; #Failed = 0; #Dropped = 0
Target Time = 125.5; Load Intensity = 0.0; #Success = 3; #Failed = 0; #Dropped = 266
Target Time = 126.5; Load Intensity = 0.0; #Success = 0; #Failed = 0; #Dropped = 0
Target Time = 127.5; Load Intensity = 0.0; #Success = 2; #Failed = 0; #Dropped = 163
Target Time = 128.5; Load Intensity = 0.0; #Success = 0; #Failed = 0; #Dropped = 0
Target Time = 129.5; Load Intensity = 0.0; #Success = 0; #Failed = 0; #Dropped = 0
Target Time = 130.5; Load Intensity = 0.0; #Success = 0; #Failed = 0; #Dropped = 0
Target Time = 131.5; Load Intensity = 0.0; #Success = 0; #Failed = 0; #Dropped = 0
Target Time = 132.5; Load Intensity = 0.0; #Success = 0; #Failed = 0; #Dropped = 0
Target Time = 133.5; Load Intensity = 0.0; #Success = 2; #Failed = 0; #Dropped = 498
Target Time = 134.5; Load Intensity = 0.0; #Success = 1; #Failed = 0; #Dropped = 84
Target Time = 135.5; Load Intensity = 0.0; #Success = 0; #Failed = 0; #Dropped = 0
Target Time = 136.5; Load Intensity = 0.0; #Success = 0; #Failed = 0; #Dropped = 0
Target Time = 137.5; Load Intensity = 0.0; #Success = 0; #Failed = 15; #Dropped = 282
  └─ [scorpius:nic] end 04:04:50
Target Time = 138.5; Load Intensity = 0.0; #Success = 0; #Failed = 5; #Dropped = 23
Target Time = 139.5; Load Intensity = 0.0; #Success = 0; #Failed = 0; #Dropped = 0
  └─ [nitro5:sd] end 04:04:53
Target Time = 140.5; Load Intensity = 0.0; #Success = 0; #Failed = 0; #Dropped = 0
  └─ [nitro5:ram] end 04:04:53
  └─ [nitro5:nic] end 04:04:53
  └─ [nitro5:cpu] end 04:04:54
Target Time = 141.5; Load Intensity = 0.0; #Success = 0; #Failed = 19; #Dropped = 330
Target Time = 142.5; Load Intensity = 0.0; #Success = 0; #Failed = 25; #Dropped = 23
Target Time = 143.5; Load Intensity = 0.0; #Success = 0; #Failed = 0; #Dropped = 0
Target Time = 144.5; Load Intensity = 0.0; #Success = 0; #Failed = 7; #Dropped = 184
Target Time = 145.5; Load Intensity = 0.0; #Success = 0; #Failed = 0; #Dropped = 0
Target Time = 146.5; Load Intensity = 0.0; #Success = 0; #Failed = 0; #Dropped = 0
Target Time = 147.5; Load Intensity = 0.0; #Success = 0; #Failed = 0; #Dropped = 0
Target Time = 148.5; Load Intensity = 0.0; #Success = 0; #Failed = 6; #Dropped = 417
  └─ [leo:sd] end 04:05:02
Target Time = 149.5; Load Intensity = 0.0; #Success = 0; #Failed = 7; #Dropped = 26
Target Time = 150.5; Load Intensity = 0.0; #Success = 0; #Failed = 0; #Dropped = 0
Target Time = 151.5; Load Intensity = 0.0; #Success = 0; #Failed = 0; #Dropped = 0
  └─ [leo:cpu] end 04:05:04
  └─ [leo:nic] end 04:05:04
Target Time = 152.5; Load Intensity = 0.0; #Success = 0; #Failed = 0; #Dropped = 0
Target Time = 153.5; Load Intensity = 0.0; #Success = 0; #Failed = 0; #Dropped = 0
Target Time = 154.5; Load Intensity = 0.0; #Success = 0; #Failed = 0; #Dropped = 0
Target Time = 155.5; Load Intensity = 0.0; #Success = 0; #Failed = 0; #Dropped = 0
  └─ [leo:ram] end 04:05:08
Target Time = 156.5; Load Intensity = 0.0; #Success = 0; #Failed = 1; #Dropped = 64
Target Time = 157.5; Load Intensity = 0.0; #Success = 0; #Failed = 15; #Dropped = 0
Target Time = 158.5; Load Intensity = 0.0; #Success = 0; #Failed = 0; #Dropped = 0
Target Time = 159.5; Load Intensity = 0.0; #Success = 0; #Failed = 18; #Dropped = 0
Target Time = 160.5; Load Intensity = 0.0; #Success = 0; #Failed = 1; #Dropped = 0
Target Time = 161.5; Load Intensity = 0.0; #Success = 0; #Failed = 9; #Dropped = 0
Target Time = 162.5; Load Intensity = 0.0; #Success = 0; #Failed = 0; #Dropped = 0
Target Time = 163.5; Load Intensity = 0.0; #Success = 0; #Failed = 0; #Dropped = 0
Target Time = 164.5; Load Intensity = 0.0; #Success = 0; #Failed = 0; #Dropped = 0
Target Time = 165.5; Load Intensity = 0.0; #Success = 0; #Failed = 7; #Dropped = 0
Target Time = 166.5; Load Intensity = 0.0; #Success = 0; #Failed = 9; #Dropped = 0
Target Time = 167.5; Load Intensity = 0.0; #Success = 0; #Failed = 4; #Dropped = 0
  └─ [aspire:nic] end 04:05:20
  └─ [aspire:ram] end 04:05:21
  └─ [aspire:cpu] end 04:05:21
  └─ [aspire:sd] end 04:05:21
  └─ [scorpius:cpu] end 04:05:24
Workload finished.
Log finished.
📄 LIMBO finalizado para scenario=low
⏳ [04:05:25] Esperando que termine medición: fase3_carga_low_iter17 (PID: 2083035)
  └─ [scorpius:sd] end 04:05:28
  └─ [scorpius:ram] end 04:05:28
=== Bloque 140s terminado - Fase: fase3_carga_low_iter17 ===
[🧹] Limpiando CSVs internos de ecofloc en cada nodo (fase: fase3_carga_low_iter17)...
  ✔ [nitro5:cpu] limpiado /home/luish/Documents/p3/ecofloc2/ecofloc/ecofloc-cpu/ECOFLOC_CPU_COMM_text.csv
  ✔ [nitro5:nic] limpiado /home/luish/Documents/p3/ecofloc2/ecofloc/ecofloc-nic/ECOFLOC_NIC_COMM_text.csv
  ✔ [nitro5:ram] limpiado /home/luish/Documents/p3/ecofloc2/ecofloc/ecofloc-ram/ECOFLOC_RAM_COMM_text.csv
  ✔ [nitro5:sd] limpiado /home/luish/Documents/p3/ecofloc2/ecofloc/ecofloc-sd/ECOFLOC_SD_COMM_text.csv
  ✔ [leo:cpu] limpiado /home/leo/ecofloc/ecofloc-cpu/ECOFLOC_CPU_COMM_text.csv
  ✔ [leo:nic] limpiado /home/leo/ecofloc/ecofloc-nic/ECOFLOC_NIC_COMM_text.csv
  ✔ [leo:ram] limpiado /home/leo/ecofloc/ecofloc-ram/ECOFLOC_RAM_COMM_text.csv
  ✔ [leo:sd] limpiado /home/leo/ecofloc/ecofloc-sd/ECOFLOC_SD_COMM_text.csv
  ✔ [aspire:cpu] limpiado /home/luish/Documents/p3/ecofloc2/ecofloc/ecofloc-cpu/ECOFLOC_CPU_COMM_text.csv
  ✔ [aspire:nic] limpiado /home/luish/Documents/p3/ecofloc2/ecofloc/ecofloc-nic/ECOFLOC_NIC_COMM_text.csv
  ✔ [aspire:ram] limpiado /home/luish/Documents/p3/ecofloc2/ecofloc/ecofloc-ram/ECOFLOC_RAM_COMM_text.csv
  ✔ [aspire:sd] limpiado /home/luish/Documents/p3/ecofloc2/ecofloc/ecofloc-sd/ECOFLOC_SD_COMM_text.csv
  ✔ [scorpius:cpu] limpiado /home/scorpius03/Documents/ecofloc/ecofloc-cpu/ECOFLOC_CPU_COMM_text.csv
  ✔ [scorpius:nic] limpiado /home/scorpius03/Documents/ecofloc/ecofloc-nic/ECOFLOC_NIC_COMM_text.csv
  ✔ [scorpius:ram] limpiado /home/scorpius03/Documents/ecofloc/ecofloc-ram/ECOFLOC_RAM_COMM_text.csv
  ✔ [scorpius:sd] limpiado /home/scorpius03/Documents/ecofloc/ecofloc-sd/ECOFLOC_SD_COMM_text.csv
========================================
🔋 MEASURE ENERGY FINALIZADO
   Fase: fase3_carga_low_iter17
========================================
✔️ [04:05:32] Medición fase3_carga_low_iter17 completada
[📦] Archivando resultados → ./historyexecutions/exp(04:05:37)_fase3_low_iter17
[✔] Archivado: ./historyexecutions/exp(04:05:37)_fase3_low_iter17
🧹 Limpiando TeaStore (iter 17)...
⏸ Esperando 15s para limpieza completa...
✅ Iteración 17 / 20 del escenario low completada.

########################################################
🔄 ESCENARIO: low | ITERACIÓN: 18 / 20
   Hora: 04:06:31
########################################################
========================================
🔋 FASE 1: Descarga de imágenes (low, iter 18)
========================================
📋 Capturando PIDs (gepidstea.sh)...
📋 Capturando PIDs de contenedores (kpsnodos.sh)...
🔋 [04:06:51] Iniciando medición de energía: fase1_descarga_low_iter18 (25s)
   PID de medición: 2451839
🚀 Desplegando TeaStore desde /home/luish/Documents/death/teastore/TeaStore/examples/kubernetes/teastore-energy-scheduler.yaml...
========================================
🔋 MEASURE ENERGY - Fase: fase1_descarga_low_iter18
   Duración: 25s
   PID: 2451839
========================================
=== Medición bloque 25s - Fase: fase1_descarga_low_iter18 ===
[⏱ 04:06:51] Iniciando ecofloc en nitro5 por 25s (fase: fase1_descarga_low_iter18)
⏳ Esperando a que todos los pods de TeaStore estén Running y Ready...
  ├─ [nitro5:sd] start 04:06:51
  ├─ [nitro5:ram] start 04:06:52
  ├─ [nitro5:nic] start 04:06:52
[⏱ 04:06:53] Iniciando ecofloc en aspire por 25s (fase: fase1_descarga_low_iter18)
  ├─ [nitro5:cpu] start 04:06:53
  ├─ [aspire:sd] start 04:06:53
  ├─ [aspire:ram] start 04:06:53
  ├─ [aspire:nic] start 04:06:53
[⏱ 04:06:53] Iniciando ecofloc en scorpius por 25s (fase: fase1_descarga_low_iter18)
  ├─ [aspire:cpu] start 04:06:53
  ├─ [scorpius:sd] start 04:06:53
  ├─ [scorpius:ram] start 04:06:53
[⏱ 04:06:53] Iniciando ecofloc en leo por 25s (fase: fase1_descarga_low_iter18)
  ├─ [scorpius:nic] start 04:06:53
  ├─ [scorpius:cpu] start 04:06:53
  ├─ [leo:sd] start 04:06:53
  ├─ [leo:ram] start 04:06:53
  ├─ [leo:nic] start 04:06:53
  ├─ [leo:cpu] start 04:06:53
✅ Pods listos.
⏳ [04:06:56] Esperando que termine medición: fase1_descarga_low_iter18 (PID: 2451839)
  └─ [nitro5:sd] end 04:07:16
  └─ [nitro5:ram] end 04:07:17
  └─ [nitro5:nic] end 04:07:17
  └─ [nitro5:cpu] end 04:07:18
  └─ [aspire:sd] end 04:07:18
  └─ [aspire:cpu] end 04:07:18
  └─ [leo:sd] end 04:07:19
  └─ [leo:cpu] end 04:07:19
  └─ [scorpius:cpu] end 04:07:19
  └─ [aspire:nic] end 04:07:19
  └─ [scorpius:ram] end 04:07:19
  └─ [leo:nic] end 04:07:19
  └─ [aspire:ram] end 04:07:20
  └─ [leo:ram] end 04:07:20
  └─ [scorpius:nic] end 04:07:20
  └─ [scorpius:sd] end 04:07:20
=== Bloque 25s terminado - Fase: fase1_descarga_low_iter18 ===
[🧹] Limpiando CSVs internos de ecofloc en cada nodo (fase: fase1_descarga_low_iter18)...
  ✔ [nitro5:cpu] limpiado /home/luish/Documents/p3/ecofloc2/ecofloc/ecofloc-cpu/ECOFLOC_CPU_COMM_text.csv
  ✔ [nitro5:nic] limpiado /home/luish/Documents/p3/ecofloc2/ecofloc/ecofloc-nic/ECOFLOC_NIC_COMM_text.csv
  ✔ [nitro5:ram] limpiado /home/luish/Documents/p3/ecofloc2/ecofloc/ecofloc-ram/ECOFLOC_RAM_COMM_text.csv
  ✔ [nitro5:sd] limpiado /home/luish/Documents/p3/ecofloc2/ecofloc/ecofloc-sd/ECOFLOC_SD_COMM_text.csv
  ✔ [leo:cpu] limpiado /home/leo/ecofloc/ecofloc-cpu/ECOFLOC_CPU_COMM_text.csv
  ✔ [leo:nic] limpiado /home/leo/ecofloc/ecofloc-nic/ECOFLOC_NIC_COMM_text.csv
  ✔ [leo:ram] limpiado /home/leo/ecofloc/ecofloc-ram/ECOFLOC_RAM_COMM_text.csv
  ✔ [leo:sd] limpiado /home/leo/ecofloc/ecofloc-sd/ECOFLOC_SD_COMM_text.csv
  ✔ [aspire:cpu] limpiado /home/luish/Documents/p3/ecofloc2/ecofloc/ecofloc-cpu/ECOFLOC_CPU_COMM_text.csv
  ✔ [aspire:nic] limpiado /home/luish/Documents/p3/ecofloc2/ecofloc/ecofloc-nic/ECOFLOC_NIC_COMM_text.csv
  ✔ [aspire:ram] limpiado /home/luish/Documents/p3/ecofloc2/ecofloc/ecofloc-ram/ECOFLOC_RAM_COMM_text.csv
  ✔ [aspire:sd] limpiado /home/luish/Documents/p3/ecofloc2/ecofloc/ecofloc-sd/ECOFLOC_SD_COMM_text.csv
  ✔ [scorpius:cpu] limpiado /home/scorpius03/Documents/ecofloc/ecofloc-cpu/ECOFLOC_CPU_COMM_text.csv
  ✔ [scorpius:nic] limpiado /home/scorpius03/Documents/ecofloc/ecofloc-nic/ECOFLOC_NIC_COMM_text.csv
  ✔ [scorpius:ram] limpiado /home/scorpius03/Documents/ecofloc/ecofloc-ram/ECOFLOC_RAM_COMM_text.csv
  ✔ [scorpius:sd] limpiado /home/scorpius03/Documents/ecofloc/ecofloc-sd/ECOFLOC_SD_COMM_text.csv
========================================
🔋 MEASURE ENERGY FINALIZADO
   Fase: fase1_descarga_low_iter18
========================================
✔️ [04:07:25] Medición fase1_descarga_low_iter18 completada
[📦] Archivando resultados → ./historyexecutions/exp(04:07:30)_fase1_low_iter18
[✔] Archivado: ./historyexecutions/exp(04:07:30)_fase1_low_iter18
========================================
🔋 FASE 2: Preparación de servicios (low, iter 18)
========================================
📋 Capturando PIDs (gepidstea.sh)...
📋 Capturando PIDs de contenedores (kpsnodos.sh)...
🔋 [04:07:46] Iniciando medición de energía: fase2_preparacion_low_iter18 (50s)
   PID de medición: 2517891
========================================
🔋 MEASURE ENERGY - Fase: fase2_preparacion_low_iter18
   Duración: 50s
   PID: 2517891
========================================
=== Medición bloque 50s - Fase: fase2_preparacion_low_iter18 ===
[⏱ 04:07:46] Iniciando ecofloc en nitro5 por 50s (fase: fase2_preparacion_low_iter18)
⏳ Esperando 10s a que CoreDNS se estabilice...
  ├─ [nitro5:sd] start 04:07:46
  ├─ [nitro5:ram] start 04:07:47
  ├─ [nitro5:nic] start 04:07:47
[⏱ 04:07:47] Iniciando ecofloc en aspire por 50s (fase: fase2_preparacion_low_iter18)
  ├─ [nitro5:cpu] start 04:07:47
  ├─ [aspire:sd] start 04:07:47
  ├─ [aspire:ram] start 04:07:47
  ├─ [aspire:nic] start 04:07:47
[⏱ 04:07:47] Iniciando ecofloc en scorpius por 50s (fase: fase2_preparacion_low_iter18)
  ├─ [aspire:cpu] start 04:07:47
  ├─ [scorpius:ram] start 04:07:47
[⏱ 04:07:47] Iniciando ecofloc en leo por 50s (fase: fase2_preparacion_low_iter18)
  ├─ [scorpius:sd] start 04:07:47
  ├─ [scorpius:nic] start 04:07:47
  ├─ [leo:sd] start 04:07:47
  ├─ [scorpius:cpu] start 04:07:47
  ├─ [leo:ram] start 04:07:47
  ├─ [leo:nic] start 04:07:47
  ├─ [leo:cpu] start 04:07:47
➡️ Pod WebUI: teastore-webui-ff7768544-82sr8
➡️ Está en el nodo: scorpius03
🌐 IP del nodo WebUI: 192.168.18.34
⏳ Verificando estado del TeaStore en http://192.168.18.34:30080/tools.descartes.teastore.webui/status ...
   ➤ Estado actual: 5 / 5 servicios OK
✔ TODOS los servicios del TeaStore están OK. Continuando...
⏳ [04:08:02] Esperando que termine medición: fase2_preparacion_low_iter18 (PID: 2517891)
  └─ [nitro5:sd] end 04:08:36
  └─ [nitro5:ram] end 04:08:37
  └─ [nitro5:nic] end 04:08:37
  └─ [nitro5:cpu] end 04:08:37
  └─ [leo:ram] end 04:08:45
  └─ [leo:cpu] end 04:08:45
  └─ [leo:sd] end 04:08:49
  └─ [aspire:nic] end 04:08:49
  └─ [aspire:cpu] end 04:08:49
  └─ [aspire:ram] end 04:08:49
  └─ [aspire:sd] end 04:08:49
  └─ [scorpius:nic] end 04:08:49
  └─ [scorpius:sd] end 04:08:49
  └─ [scorpius:cpu] end 04:08:49
  └─ [scorpius:ram] end 04:08:52
=== Bloque 50s terminado - Fase: fase2_preparacion_low_iter18 ===
[🧹] Limpiando CSVs internos de ecofloc en cada nodo (fase: fase2_preparacion_low_iter18)...
  ✔ [nitro5:cpu] limpiado /home/luish/Documents/p3/ecofloc2/ecofloc/ecofloc-cpu/ECOFLOC_CPU_COMM_text.csv
  ✔ [nitro5:nic] limpiado /home/luish/Documents/p3/ecofloc2/ecofloc/ecofloc-nic/ECOFLOC_NIC_COMM_text.csv
  ✔ [nitro5:ram] limpiado /home/luish/Documents/p3/ecofloc2/ecofloc/ecofloc-ram/ECOFLOC_RAM_COMM_text.csv
  ✔ [nitro5:sd] limpiado /home/luish/Documents/p3/ecofloc2/ecofloc/ecofloc-sd/ECOFLOC_SD_COMM_text.csv
  ✔ [leo:cpu] limpiado /home/leo/ecofloc/ecofloc-cpu/ECOFLOC_CPU_COMM_text.csv
  ✔ [leo:nic] limpiado /home/leo/ecofloc/ecofloc-nic/ECOFLOC_NIC_COMM_text.csv
  ✔ [leo:ram] limpiado /home/leo/ecofloc/ecofloc-ram/ECOFLOC_RAM_COMM_text.csv
  ✔ [leo:sd] limpiado /home/leo/ecofloc/ecofloc-sd/ECOFLOC_SD_COMM_text.csv
  ✔ [aspire:cpu] limpiado /home/luish/Documents/p3/ecofloc2/ecofloc/ecofloc-cpu/ECOFLOC_CPU_COMM_text.csv
  ✔ [aspire:nic] limpiado /home/luish/Documents/p3/ecofloc2/ecofloc/ecofloc-nic/ECOFLOC_NIC_COMM_text.csv
  ✔ [aspire:ram] limpiado /home/luish/Documents/p3/ecofloc2/ecofloc/ecofloc-ram/ECOFLOC_RAM_COMM_text.csv
  ✔ [aspire:sd] limpiado /home/luish/Documents/p3/ecofloc2/ecofloc/ecofloc-sd/ECOFLOC_SD_COMM_text.csv
  ✔ [scorpius:cpu] limpiado /home/scorpius03/Documents/ecofloc/ecofloc-cpu/ECOFLOC_CPU_COMM_text.csv
  ✔ [scorpius:nic] limpiado /home/scorpius03/Documents/ecofloc/ecofloc-nic/ECOFLOC_NIC_COMM_text.csv
  ✔ [scorpius:ram] limpiado /home/scorpius03/Documents/ecofloc/ecofloc-ram/ECOFLOC_RAM_COMM_text.csv
  ✔ [scorpius:sd] limpiado /home/scorpius03/Documents/ecofloc/ecofloc-sd/ECOFLOC_SD_COMM_text.csv
========================================
🔋 MEASURE ENERGY FINALIZADO
   Fase: fase2_preparacion_low_iter18
========================================
✔️ [04:08:59] Medición fase2_preparacion_low_iter18 completada
[📦] Archivando resultados → ./historyexecutions/exp(04:09:04)_fase2_low_iter18
[✔] Archivado: ./historyexecutions/exp(04:09:04)_fase2_low_iter18
========================================
🔋 FASE 3: Ejecución de carga (low, iter 18)
========================================
📋 Capturando PIDs (gepidstea.sh)...
📋 Capturando PIDs de contenedores (kpsnodos.sh)...
🔋 [04:09:37] Iniciando medición de energía: fase3_carga_low_iter18 (140s)
   PID de medición: 2652201
=== Escenario low (iter 18) ===
========================================
🔋 MEASURE ENERGY - Fase: fase3_carga_low_iter18
   Duración: 140s
   PID: 2652201
========================================
=== Medición bloque 140s - Fase: fase3_carga_low_iter18 ===
🚀 Iniciando LIMBO con profile=/home/luish/Documents/death/teastore/TeaStore/examples/httploadgenerator/increasingLowIntensity.csv y script=/home/luish/Documents/death/teastore/TeaStore/examples/httploadgenerator/teastore_buy.lua
[⏱ 04:09:37] Iniciando ecofloc en nitro5 por 140s (fase: fase3_carga_low_iter18)
Mar 06, 2026 4:09:37 AM tools.descartes.dlim.httploadgenerator.runner.Director executeDirector
WARNING: No power measurements
Mar 06, 2026 4:09:37 AM tools.descartes.dlim.httploadgenerator.runner.Director executeDirector
INFO: Load Generator Thread Count set to 64
Mar 06, 2026 4:09:37 AM tools.descartes.dlim.httploadgenerator.runner.Director executeDirector
INFO: URL connection timout set to 30000 ms
Mar 06, 2026 4:09:37 AM tools.descartes.dlim.httploadgenerator.runner.Director executeDirector
INFO: Using Lua Script: /home/luish/Documents/death/teastore/TeaStore/examples/httploadgenerator/teastore_buy.lua
Mar 06, 2026 4:09:37 AM tools.descartes.dlim.httploadgenerator.runner.Director process
INFO: Read 120 Arrival Rate Tuples
Load Generator sent: ok
Mar 06, 2026 4:09:37 AM tools.descartes.dlim.httploadgenerator.runner.Director process
INFO: Arrival Rates sent to Load Generator(s).
Load Generator sent: ok
Mar 06, 2026 4:09:37 AM tools.descartes.dlim.httploadgenerator.runner.Director process
INFO: Thread Count sent to Load Generator(s): 64
Load Generator sent: ok
Mar 06, 2026 4:09:37 AM tools.descartes.dlim.httploadgenerator.runner.Director process
INFO: URL connection timeout sent to Load Generator(s): 30000
Load Generator sent: ok
Mar 06, 2026 4:09:37 AM tools.descartes.dlim.httploadgenerator.runner.Director process
INFO: Contents of script sent to Load Generator: /home/luish/Documents/death/teastore/TeaStore/examples/httploadgenerator/teastore_buy.lua
Mar 06, 2026 4:09:37 AM tools.descartes.dlim.httploadgenerator.runner.Director process
INFO: Starting Load Generation
Beginning Run @1772788177946(06.03.2026;04:09:37946)
Target Time = 0.5; Load Intensity = 0.0; #Success = 0; #Failed = 0; #Dropped = 0
  ├─ [nitro5:sd] start 04:09:38
  ├─ [nitro5:ram] start 04:09:38
  ├─ [nitro5:nic] start 04:09:38
[⏱ 04:09:39] Iniciando ecofloc en aspire por 140s (fase: fase3_carga_low_iter18)
  ├─ [nitro5:cpu] start 04:09:39
  ├─ [aspire:sd] start 04:09:39
  ├─ [aspire:ram] start 04:09:39
[⏱ 04:09:39] Iniciando ecofloc en scorpius por 140s (fase: fase3_carga_low_iter18)
  ├─ [aspire:nic] start 04:09:39
  ├─ [aspire:cpu] start 04:09:39
  ├─ [scorpius:sd] start 04:09:39
  ├─ [scorpius:ram] start 04:09:39
  ├─ [scorpius:nic] start 04:09:39
[⏱ 04:09:39] Iniciando ecofloc en leo por 140s (fase: fase3_carga_low_iter18)
  ├─ [scorpius:cpu] start 04:09:39
  ├─ [leo:ram] start 04:09:39
  ├─ [leo:nic] start 04:09:39
  ├─ [leo:sd] start 04:09:39
  ├─ [leo:cpu] start 04:09:39
Target Time = 1.5; Load Intensity = 1.0; #Success = 0; #Failed = 0; #Dropped = 0
Target Time = 2.5; Load Intensity = 2.0; #Success = 0; #Failed = 0; #Dropped = 0
Target Time = 3.5; Load Intensity = 2.0; #Success = 0; #Failed = 0; #Dropped = 0
Target Time = 4.5; Load Intensity = 3.0; #Success = 8; #Failed = 0; #Dropped = 0
Target Time = 5.5; Load Intensity = 4.0; #Success = 4; #Failed = 0; #Dropped = 0
Target Time = 6.5; Load Intensity = 5.0; #Success = 5; #Failed = 0; #Dropped = 0
Target Time = 7.5; Load Intensity = 6.0; #Success = 5; #Failed = 0; #Dropped = 0
Target Time = 8.5; Load Intensity = 7.0; #Success = 7; #Failed = 0; #Dropped = 0
Target Time = 9.5; Load Intensity = 7.0; #Success = 3; #Failed = 0; #Dropped = 0
Target Time = 10.5; Load Intensity = 8.0; #Success = 2; #Failed = 0; #Dropped = 0
Target Time = 11.5; Load Intensity = 9.0; #Success = 2; #Failed = 0; #Dropped = 0
Target Time = 12.5; Load Intensity = 10.0; #Success = 4; #Failed = 0; #Dropped = 0
Target Time = 13.5; Load Intensity = 11.0; #Success = 5; #Failed = 0; #Dropped = 0
Target Time = 14.5; Load Intensity = 12.0; #Success = 3; #Failed = 0; #Dropped = 0
Target Time = 15.5; Load Intensity = 12.0; #Success = 4; #Failed = 0; #Dropped = 0
Target Time = 16.5; Load Intensity = 13.0; #Success = 2; #Failed = 0; #Dropped = 0
Target Time = 17.5; Load Intensity = 14.0; #Success = 4; #Failed = 0; #Dropped = 0
Target Time = 18.5; Load Intensity = 15.0; #Success = 3; #Failed = 0; #Dropped = 0
Target Time = 19.5; Load Intensity = 16.0; #Success = 5; #Failed = 0; #Dropped = 0
Target Time = 20.5; Load Intensity = 17.0; #Success = 3; #Failed = 0; #Dropped = 0
Target Time = 21.5; Load Intensity = 17.0; #Success = 5; #Failed = 0; #Dropped = 0
Target Time = 22.5; Load Intensity = 18.0; #Success = 2; #Failed = 0; #Dropped = 0
Target Time = 23.5; Load Intensity = 19.0; #Success = 0; #Failed = 0; #Dropped = 0
Target Time = 24.5; Load Intensity = 20.0; #Success = 0; #Failed = 0; #Dropped = 0
Target Time = 25.5; Load Intensity = 21.0; #Success = 0; #Failed = 0; #Dropped = 0
Target Time = 26.5; Load Intensity = 22.0; #Success = 0; #Failed = 0; #Dropped = 0
Target Time = 27.5; Load Intensity = 22.0; #Success = 0; #Failed = 0; #Dropped = 0
Target Time = 28.5; Load Intensity = 23.0; #Success = 0; #Failed = 0; #Dropped = 0
Target Time = 29.5; Load Intensity = 24.0; #Success = 0; #Failed = 0; #Dropped = 0
Target Time = 30.5; Load Intensity = 25.0; #Success = 0; #Failed = 0; #Dropped = 0
Target Time = 31.5; Load Intensity = 26.0; #Success = 0; #Failed = 0; #Dropped = 0
Target Time = 32.5; Load Intensity = 27.0; #Success = 0; #Failed = 0; #Dropped = 0
Target Time = 33.5; Load Intensity = 27.0; #Success = 0; #Failed = 0; #Dropped = 0
Target Time = 34.5; Load Intensity = 28.0; #Success = 0; #Failed = 0; #Dropped = 0
Target Time = 35.5; Load Intensity = 29.0; #Success = 0; #Failed = 0; #Dropped = 0
Target Time = 36.5; Load Intensity = 30.0; #Success = 0; #Failed = 0; #Dropped = 0
Target Time = 37.5; Load Intensity = 31.0; #Success = 0; #Failed = 0; #Dropped = 0
Target Time = 38.5; Load Intensity = 32.0; #Success = 0; #Failed = 0; #Dropped = 0
Target Time = 39.5; Load Intensity = 32.0; #Success = 0; #Failed = 0; #Dropped = 0
Target Time = 40.5; Load Intensity = 33.0; #Success = 0; #Failed = 0; #Dropped = 0
Target Time = 41.5; Load Intensity = 34.0; #Success = 0; #Failed = 0; #Dropped = 0
Target Time = 42.5; Load Intensity = 35.0; #Success = 3; #Failed = 0; #Dropped = 0
Target Time = 43.5; Load Intensity = 36.0; #Success = 6; #Failed = 0; #Dropped = 0
Target Time = 44.5; Load Intensity = 37.0; #Success = 9; #Failed = 0; #Dropped = 0
Target Time = 45.5; Load Intensity = 37.0; #Success = 6; #Failed = 0; #Dropped = 0
Target Time = 46.5; Load Intensity = 38.0; #Success = 12; #Failed = 0; #Dropped = 0
Target Time = 47.5; Load Intensity = 39.0; #Success = 8; #Failed = 1; #Dropped = 0
Target Time = 48.5; Load Intensity = 40.0; #Success = 2; #Failed = 2; #Dropped = 0
Target Time = 49.5; Load Intensity = 41.0; #Success = 5; #Failed = 0; #Dropped = 0
Target Time = 50.5; Load Intensity = 42.0; #Success = 3; #Failed = 0; #Dropped = 0
Target Time = 51.5; Load Intensity = 42.0; #Success = 5; #Failed = 0; #Dropped = 0
Target Time = 52.5; Load Intensity = 43.0; #Success = 2; #Failed = 0; #Dropped = 0
Target Time = 53.5; Load Intensity = 44.0; #Success = 0; #Failed = 0; #Dropped = 0
Target Time = 54.5; Load Intensity = 45.0; #Success = 0; #Failed = 0; #Dropped = 0
Target Time = 55.5; Load Intensity = 46.0; #Success = 0; #Failed = 0; #Dropped = 0
Target Time = 56.5; Load Intensity = 47.0; #Success = 0; #Failed = 0; #Dropped = 0
Target Time = 57.5; Load Intensity = 47.0; #Success = 0; #Failed = 0; #Dropped = 0
Target Time = 58.5; Load Intensity = 48.0; #Success = 0; #Failed = 0; #Dropped = 0
Target Time = 59.5; Load Intensity = 49.0; #Success = 0; #Failed = 0; #Dropped = 0
Target Time = 60.5; Load Intensity = 50.0; #Success = 0; #Failed = 0; #Dropped = 0
Target Time = 61.5; Load Intensity = 51.0; #Success = 0; #Failed = 0; #Dropped = 0
Target Time = 62.5; Load Intensity = 52.0; #Success = 0; #Failed = 0; #Dropped = 0
Target Time = 63.5; Load Intensity = 52.0; #Success = 0; #Failed = 0; #Dropped = 0
Target Time = 64.5; Load Intensity = 53.0; #Success = 0; #Failed = 20; #Dropped = 285
Target Time = 65.5; Load Intensity = 54.0; #Success = 0; #Failed = 0; #Dropped = 0
Target Time = 66.5; Load Intensity = 55.0; #Success = 0; #Failed = 0; #Dropped = 0
Target Time = 67.5; Load Intensity = 56.0; #Success = 0; #Failed = 2; #Dropped = 67
Target Time = 68.5; Load Intensity = 57.0; #Success = 0; #Failed = 0; #Dropped = 0
Target Time = 69.5; Load Intensity = 57.0; #Success = 0; #Failed = 0; #Dropped = 0
Target Time = 70.5; Load Intensity = 58.0; #Success = 0; #Failed = 1; #Dropped = 80
Target Time = 71.5; Load Intensity = 59.0; #Success = 0; #Failed = 0; #Dropped = 0
Target Time = 72.5; Load Intensity = 60.0; #Success = 0; #Failed = 0; #Dropped = 0
Target Time = 73.5; Load Intensity = 61.0; #Success = 2; #Failed = 1; #Dropped = 120
Target Time = 74.5; Load Intensity = 62.0; #Success = 3; #Failed = 0; #Dropped = 31
Target Time = 75.5; Load Intensity = 62.0; #Success = 8; #Failed = 0; #Dropped = 37
Target Time = 76.5; Load Intensity = 63.0; #Success = 10; #Failed = 1; #Dropped = 25
Target Time = 77.5; Load Intensity = 64.0; #Success = 2; #Failed = 2; #Dropped = 19
Target Time = 78.5; Load Intensity = 65.0; #Success = 0; #Failed = 6; #Dropped = 49
Target Time = 79.5; Load Intensity = 66.0; #Success = 5; #Failed = 7; #Dropped = 28
Target Time = 80.5; Load Intensity = 67.0; #Success = 2; #Failed = 10; #Dropped = 24
Target Time = 81.5; Load Intensity = 67.0; #Success = 1; #Failed = 0; #Dropped = 38
Target Time = 82.5; Load Intensity = 68.0; #Success = 10; #Failed = 0; #Dropped = 48
Target Time = 83.5; Load Intensity = 69.0; #Success = 7; #Failed = 0; #Dropped = 0
Target Time = 84.5; Load Intensity = 70.0; #Success = 10; #Failed = 1; #Dropped = 57
Target Time = 85.5; Load Intensity = 71.0; #Success = 3; #Failed = 0; #Dropped = 21
Target Time = 86.5; Load Intensity = 72.0; #Success = 9; #Failed = 0; #Dropped = 58
Target Time = 87.5; Load Intensity = 72.0; #Success = 0; #Failed = 0; #Dropped = 0
Target Time = 88.5; Load Intensity = 73.0; #Success = 14; #Failed = 0; #Dropped = 88
Target Time = 89.5; Load Intensity = 74.0; #Success = 4; #Failed = 0; #Dropped = 52
Target Time = 90.5; Load Intensity = 75.0; #Success = 8; #Failed = 0; #Dropped = 11
Target Time = 91.5; Load Intensity = 76.0; #Success = 0; #Failed = 6; #Dropped = 70
Target Time = 92.5; Load Intensity = 77.0; #Success = 0; #Failed = 2; #Dropped = 17
Target Time = 93.5; Load Intensity = 77.0; #Success = 0; #Failed = 14; #Dropped = 55
Target Time = 94.5; Load Intensity = 78.0; #Success = 8; #Failed = 0; #Dropped = 50
Target Time = 95.5; Load Intensity = 79.0; #Success = 2; #Failed = 4; #Dropped = 59
Target Time = 96.5; Load Intensity = 80.0; #Success = 2; #Failed = 0; #Dropped = 58
Target Time = 97.5; Load Intensity = 81.0; #Success = 6; #Failed = 0; #Dropped = 39
Target Time = 98.5; Load Intensity = 82.0; #Success = 2; #Failed = 0; #Dropped = 46
Target Time = 99.5; Load Intensity = 82.0; #Success = 2; #Failed = 1; #Dropped = 67
Target Time = 100.5; Load Intensity = 83.0; #Success = 0; #Failed = 6; #Dropped = 55
Target Time = 101.5; Load Intensity = 84.0; #Success = 0; #Failed = 8; #Dropped = 42
Target Time = 102.5; Load Intensity = 85.0; #Success = 0; #Failed = 0; #Dropped = 0
Target Time = 103.5; Load Intensity = 86.0; #Success = 0; #Failed = 0; #Dropped = 0
Target Time = 104.5; Load Intensity = 87.0; #Success = 0; #Failed = 0; #Dropped = 0
Target Time = 105.5; Load Intensity = 87.0; #Success = 0; #Failed = 0; #Dropped = 0
Target Time = 106.5; Load Intensity = 88.0; #Success = 0; #Failed = 9; #Dropped = 318
Target Time = 107.5; Load Intensity = 89.0; #Success = 0; #Failed = 11; #Dropped = 50
Target Time = 108.5; Load Intensity = 90.0; #Success = 0; #Failed = 1; #Dropped = 2
Target Time = 109.5; Load Intensity = 91.0; #Success = 0; #Failed = 1; #Dropped = 120
Target Time = 110.5; Load Intensity = 92.0; #Success = 0; #Failed = 1; #Dropped = 70
Target Time = 111.5; Load Intensity = 92.0; #Success = 1; #Failed = 3; #Dropped = 53
Target Time = 112.5; Load Intensity = 93.0; #Success = 2; #Failed = 0; #Dropped = 49
Target Time = 113.5; Load Intensity = 94.0; #Success = 1; #Failed = 0; #Dropped = 90
Target Time = 114.5; Load Intensity = 95.0; #Success = 0; #Failed = 0; #Dropped = 0
Target Time = 115.5; Load Intensity = 96.0; #Success = 0; #Failed = 0; #Dropped = 0
Target Time = 116.5; Load Intensity = 97.0; #Success = 4; #Failed = 0; #Dropped = 196
Target Time = 117.5; Load Intensity = 97.0; #Success = 2; #Failed = 0; #Dropped = 52
Target Time = 118.5; Load Intensity = 98.0; #Success = 1; #Failed = 3; #Dropped = 114
Target Time = 119.5; Load Intensity = 99.0; #Success = 0; #Failed = 4; #Dropped = 57
Target Time = 120.5; Load Intensity = 0.0; #Success = 6; #Failed = 3; #Dropped = 51
Target Time = 121.5; Load Intensity = 0.0; #Success = 2; #Failed = 4; #Dropped = 82
Target Time = 122.5; Load Intensity = 0.0; #Success = 0; #Failed = 4; #Dropped = 78
Target Time = 123.5; Load Intensity = 0.0; #Success = 3; #Failed = 4; #Dropped = 72
Target Time = 124.5; Load Intensity = 0.0; #Success = 2; #Failed = 3; #Dropped = 43
Target Time = 125.5; Load Intensity = 0.0; #Success = 0; #Failed = 0; #Dropped = 0
Target Time = 126.5; Load Intensity = 0.0; #Success = 0; #Failed = 0; #Dropped = 0
Target Time = 127.5; Load Intensity = 0.0; #Success = 0; #Failed = 8; #Dropped = 247
Target Time = 128.5; Load Intensity = 0.0; #Success = 0; #Failed = 1; #Dropped = 82
Target Time = 129.5; Load Intensity = 0.0; #Success = 0; #Failed = 2; #Dropped = 43
Target Time = 130.5; Load Intensity = 0.0; #Success = 0; #Failed = 0; #Dropped = 0
Target Time = 131.5; Load Intensity = 0.0; #Success = 1; #Failed = 0; #Dropped = 174
Target Time = 132.5; Load Intensity = 0.0; #Success = 0; #Failed = 0; #Dropped = 0
Target Time = 133.5; Load Intensity = 0.0; #Success = 0; #Failed = 0; #Dropped = 0
Target Time = 134.5; Load Intensity = 0.0; #Success = 0; #Failed = 0; #Dropped = 0
Target Time = 135.5; Load Intensity = 0.0; #Success = 0; #Failed = 1; #Dropped = 395
Target Time = 136.5; Load Intensity = 0.0; #Success = 3; #Failed = 3; #Dropped = 77
Target Time = 137.5; Load Intensity = 0.0; #Success = 3; #Failed = 8; #Dropped = 59
Target Time = 138.5; Load Intensity = 0.0; #Success = 0; #Failed = 1; #Dropped = 73
Target Time = 139.5; Load Intensity = 0.0; #Success = 0; #Failed = 1; #Dropped = 51
  └─ [nitro5:sd] end 04:11:58
Target Time = 140.5; Load Intensity = 0.0; #Success = 0; #Failed = 0; #Dropped = 0
  └─ [nitro5:ram] end 04:11:58
  └─ [nitro5:nic] end 04:11:59
  └─ [nitro5:cpu] end 04:11:59
Target Time = 141.5; Load Intensity = 0.0; #Success = 0; #Failed = 0; #Dropped = 0
Target Time = 142.5; Load Intensity = 0.0; #Success = 0; #Failed = 26; #Dropped = 316
Target Time = 143.5; Load Intensity = 0.0; #Success = 0; #Failed = 2; #Dropped = 68
Target Time = 144.5; Load Intensity = 0.0; #Success = 0; #Failed = 0; #Dropped = 0
  └─ [aspire:cpu] end 04:12:02
Target Time = 145.5; Load Intensity = 0.0; #Success = 0; #Failed = 0; #Dropped = 0
  └─ [aspire:nic] end 04:12:03
  └─ [aspire:sd] end 04:12:03
  └─ [leo:nic] end 04:12:04
Target Time = 146.5; Load Intensity = 0.0; #Success = 0; #Failed = 1; #Dropped = 292
  └─ [leo:sd] end 04:12:05
Target Time = 147.5; Load Intensity = 0.0; #Success = 0; #Failed = 10; #Dropped = 69
  └─ [leo:cpu] end 04:12:05
  └─ [aspire:ram] end 04:12:05
  └─ [leo:ram] end 04:12:05
Target Time = 148.5; Load Intensity = 0.0; #Success = 2; #Failed = 9; #Dropped = 106
Target Time = 149.5; Load Intensity = 0.0; #Success = 3; #Failed = 0; #Dropped = 114
Target Time = 150.5; Load Intensity = 0.0; #Success = 1; #Failed = 0; #Dropped = 5
Target Time = 151.5; Load Intensity = 0.0; #Success = 1; #Failed = 0; #Dropped = 0
Target Time = 152.5; Load Intensity = 0.0; #Success = 0; #Failed = 0; #Dropped = 0
  └─ [scorpius:nic] end 04:12:11
Target Time = 153.5; Load Intensity = 0.0; #Success = 0; #Failed = 1; #Dropped = 0
Target Time = 154.5; Load Intensity = 0.0; #Success = 0; #Failed = 1; #Dropped = 0
Target Time = 155.5; Load Intensity = 0.0; #Success = 2; #Failed = 1; #Dropped = 0
Target Time = 156.5; Load Intensity = 0.0; #Success = 2; #Failed = 6; #Dropped = 0
Target Time = 157.5; Load Intensity = 0.0; #Success = 0; #Failed = 3; #Dropped = 0
Target Time = 158.5; Load Intensity = 0.0; #Success = 0; #Failed = 8; #Dropped = 0
Target Time = 159.5; Load Intensity = 0.0; #Success = 0; #Failed = 0; #Dropped = 0
Target Time = 160.5; Load Intensity = 0.0; #Success = 0; #Failed = 3; #Dropped = 0
Target Time = 161.5; Load Intensity = 0.0; #Success = 2; #Failed = 0; #Dropped = 0
Target Time = 162.5; Load Intensity = 0.0; #Success = 1; #Failed = 0; #Dropped = 0
Target Time = 163.5; Load Intensity = 0.0; #Success = 1; #Failed = 1; #Dropped = 0
Target Time = 164.5; Load Intensity = 0.0; #Success = 0; #Failed = 0; #Dropped = 0
Target Time = 165.5; Load Intensity = 0.0; #Success = 0; #Failed = 0; #Dropped = 0
Target Time = 166.5; Load Intensity = 0.0; #Success = 3; #Failed = 0; #Dropped = 0
Target Time = 167.5; Load Intensity = 0.0; #Success = 4; #Failed = 0; #Dropped = 0
Target Time = 168.5; Load Intensity = 0.0; #Success = 1; #Failed = 0; #Dropped = 0
Target Time = 169.5; Load Intensity = 0.0; #Success = 0; #Failed = 0; #Dropped = 0
Target Time = 170.5; Load Intensity = 0.0; #Success = 0; #Failed = 0; #Dropped = 0
Target Time = 171.5; Load Intensity = 0.0; #Success = 0; #Failed = 0; #Dropped = 0
Target Time = 172.5; Load Intensity = 0.0; #Success = 9; #Failed = 0; #Dropped = 0
Target Time = 173.5; Load Intensity = 0.0; #Success = 1; #Failed = 0; #Dropped = 0
Target Time = 174.5; Load Intensity = 0.0; #Success = 0; #Failed = 0; #Dropped = 0
Target Time = 175.5; Load Intensity = 0.0; #Success = 0; #Failed = 0; #Dropped = 0
Target Time = 176.5; Load Intensity = 0.0; #Success = 0; #Failed = 0; #Dropped = 0
Target Time = 177.5; Load Intensity = 0.0; #Success = 5; #Failed = 0; #Dropped = 0
Target Time = 178.5; Load Intensity = 0.0; #Success = 5; #Failed = 0; #Dropped = 0
Target Time = 179.5; Load Intensity = 0.0; #Success = 2; #Failed = 0; #Dropped = 0
Workload finished.
Log finished.
📄 LIMBO finalizado para scenario=low
⏳ [04:12:42] Esperando que termine medición: fase3_carga_low_iter18 (PID: 2652201)
  └─ [scorpius:sd] end 04:12:46
  └─ [scorpius:ram] end 04:12:47
  └─ [scorpius:cpu] end 04:12:47
=== Bloque 140s terminado - Fase: fase3_carga_low_iter18 ===
[🧹] Limpiando CSVs internos de ecofloc en cada nodo (fase: fase3_carga_low_iter18)...
  ✔ [nitro5:cpu] limpiado /home/luish/Documents/p3/ecofloc2/ecofloc/ecofloc-cpu/ECOFLOC_CPU_COMM_text.csv
  ✔ [nitro5:nic] limpiado /home/luish/Documents/p3/ecofloc2/ecofloc/ecofloc-nic/ECOFLOC_NIC_COMM_text.csv
  ✔ [nitro5:ram] limpiado /home/luish/Documents/p3/ecofloc2/ecofloc/ecofloc-ram/ECOFLOC_RAM_COMM_text.csv
  ✔ [nitro5:sd] limpiado /home/luish/Documents/p3/ecofloc2/ecofloc/ecofloc-sd/ECOFLOC_SD_COMM_text.csv
  ✔ [leo:cpu] limpiado /home/leo/ecofloc/ecofloc-cpu/ECOFLOC_CPU_COMM_text.csv
  ✔ [leo:nic] limpiado /home/leo/ecofloc/ecofloc-nic/ECOFLOC_NIC_COMM_text.csv
  ✔ [leo:ram] limpiado /home/leo/ecofloc/ecofloc-ram/ECOFLOC_RAM_COMM_text.csv
  ✔ [leo:sd] limpiado /home/leo/ecofloc/ecofloc-sd/ECOFLOC_SD_COMM_text.csv
  ✔ [aspire:cpu] limpiado /home/luish/Documents/p3/ecofloc2/ecofloc/ecofloc-cpu/ECOFLOC_CPU_COMM_text.csv
  ✔ [aspire:nic] limpiado /home/luish/Documents/p3/ecofloc2/ecofloc/ecofloc-nic/ECOFLOC_NIC_COMM_text.csv
  ✔ [aspire:ram] limpiado /home/luish/Documents/p3/ecofloc2/ecofloc/ecofloc-ram/ECOFLOC_RAM_COMM_text.csv
  ✔ [aspire:sd] limpiado /home/luish/Documents/p3/ecofloc2/ecofloc/ecofloc-sd/ECOFLOC_SD_COMM_text.csv
  ✔ [scorpius:cpu] limpiado /home/scorpius03/Documents/ecofloc/ecofloc-cpu/ECOFLOC_CPU_COMM_text.csv
  ✔ [scorpius:nic] limpiado /home/scorpius03/Documents/ecofloc/ecofloc-nic/ECOFLOC_NIC_COMM_text.csv
  ✔ [scorpius:ram] limpiado /home/scorpius03/Documents/ecofloc/ecofloc-ram/ECOFLOC_RAM_COMM_text.csv
  ✔ [scorpius:sd] limpiado /home/scorpius03/Documents/ecofloc/ecofloc-sd/ECOFLOC_SD_COMM_text.csv
========================================
🔋 MEASURE ENERGY FINALIZADO
   Fase: fase3_carga_low_iter18
========================================
✔️ [04:12:52] Medición fase3_carga_low_iter18 completada
[📦] Archivando resultados → ./historyexecutions/exp(04:12:57)_fase3_low_iter18
[✔] Archivado: ./historyexecutions/exp(04:12:57)_fase3_low_iter18
🧹 Limpiando TeaStore (iter 18)...
⏸ Esperando 15s para limpieza completa...
✅ Iteración 18 / 20 del escenario low completada.

########################################################
🔄 ESCENARIO: low | ITERACIÓN: 19 / 20
   Hora: 04:13:51
########################################################
========================================
🔋 FASE 1: Descarga de imágenes (low, iter 19)
========================================
📋 Capturando PIDs (gepidstea.sh)...
📋 Capturando PIDs de contenedores (kpsnodos.sh)...
🔋 [04:14:10] Iniciando medición de energía: fase1_descarga_low_iter19 (25s)
   PID de medición: 3033504
🚀 Desplegando TeaStore desde /home/luish/Documents/death/teastore/TeaStore/examples/kubernetes/teastore-energy-scheduler.yaml...
========================================
🔋 MEASURE ENERGY - Fase: fase1_descarga_low_iter19
   Duración: 25s
   PID: 3033504
========================================
=== Medición bloque 25s - Fase: fase1_descarga_low_iter19 ===
[⏱ 04:14:10] Iniciando ecofloc en nitro5 por 25s (fase: fase1_descarga_low_iter19)
⏳ Esperando a que todos los pods de TeaStore estén Running y Ready...
  ├─ [nitro5:sd] start 04:14:11
  ├─ [nitro5:ram] start 04:14:11
  ├─ [nitro5:nic] start 04:14:11
[⏱ 04:14:12] Iniciando ecofloc en aspire por 25s (fase: fase1_descarga_low_iter19)
  ├─ [nitro5:cpu] start 04:14:12
  ├─ [aspire:sd] start 04:14:12
  ├─ [aspire:ram] start 04:14:12
  ├─ [aspire:nic] start 04:14:12
[⏱ 04:14:12] Iniciando ecofloc en scorpius por 25s (fase: fase1_descarga_low_iter19)
  ├─ [aspire:cpu] start 04:14:12
  ├─ [scorpius:sd] start 04:14:12
  ├─ [scorpius:ram] start 04:14:12
  ├─ [scorpius:nic] start 04:14:12
[⏱ 04:14:12] Iniciando ecofloc en leo por 25s (fase: fase1_descarga_low_iter19)
  ├─ [scorpius:cpu] start 04:14:12
  ├─ [leo:sd] start 04:14:12
  ├─ [leo:ram] start 04:14:12
  ├─ [leo:nic] start 04:14:12
  ├─ [leo:cpu] start 04:14:12
✅ Pods listos.
⏳ [04:14:23] Esperando que termine medición: fase1_descarga_low_iter19 (PID: 3033504)
  └─ [nitro5:sd] end 04:14:36
  └─ [nitro5:ram] end 04:14:36
  └─ [nitro5:nic] end 04:14:36
  └─ [nitro5:cpu] end 04:14:37
  └─ [aspire:sd] end 04:14:40
  └─ [aspire:nic] end 04:14:40
  └─ [aspire:cpu] end 04:14:40
  └─ [aspire:ram] end 04:14:40
  └─ [leo:cpu] end 04:14:40
  └─ [leo:ram] end 04:14:41
  └─ [leo:sd] end 04:14:41
  └─ [scorpius:sd] end 04:14:42
  └─ [scorpius:cpu] end 04:14:42
  └─ [scorpius:ram] end 04:14:43
  └─ [scorpius:nic] end 04:14:44
  └─ [leo:nic] end 04:14:46
=== Bloque 25s terminado - Fase: fase1_descarga_low_iter19 ===
[🧹] Limpiando CSVs internos de ecofloc en cada nodo (fase: fase1_descarga_low_iter19)...
  ✔ [nitro5:cpu] limpiado /home/luish/Documents/p3/ecofloc2/ecofloc/ecofloc-cpu/ECOFLOC_CPU_COMM_text.csv
  ✔ [nitro5:nic] limpiado /home/luish/Documents/p3/ecofloc2/ecofloc/ecofloc-nic/ECOFLOC_NIC_COMM_text.csv
  ✔ [nitro5:ram] limpiado /home/luish/Documents/p3/ecofloc2/ecofloc/ecofloc-ram/ECOFLOC_RAM_COMM_text.csv
  ✔ [nitro5:sd] limpiado /home/luish/Documents/p3/ecofloc2/ecofloc/ecofloc-sd/ECOFLOC_SD_COMM_text.csv
  ✔ [leo:cpu] limpiado /home/leo/ecofloc/ecofloc-cpu/ECOFLOC_CPU_COMM_text.csv
  ✔ [leo:nic] limpiado /home/leo/ecofloc/ecofloc-nic/ECOFLOC_NIC_COMM_text.csv
  ✔ [leo:ram] limpiado /home/leo/ecofloc/ecofloc-ram/ECOFLOC_RAM_COMM_text.csv
  ✔ [leo:sd] limpiado /home/leo/ecofloc/ecofloc-sd/ECOFLOC_SD_COMM_text.csv
  ✔ [aspire:cpu] limpiado /home/luish/Documents/p3/ecofloc2/ecofloc/ecofloc-cpu/ECOFLOC_CPU_COMM_text.csv
  ✔ [aspire:nic] limpiado /home/luish/Documents/p3/ecofloc2/ecofloc/ecofloc-nic/ECOFLOC_NIC_COMM_text.csv
  ✔ [aspire:ram] limpiado /home/luish/Documents/p3/ecofloc2/ecofloc/ecofloc-ram/ECOFLOC_RAM_COMM_text.csv
  ✔ [aspire:sd] limpiado /home/luish/Documents/p3/ecofloc2/ecofloc/ecofloc-sd/ECOFLOC_SD_COMM_text.csv
  ✔ [scorpius:cpu] limpiado /home/scorpius03/Documents/ecofloc/ecofloc-cpu/ECOFLOC_CPU_COMM_text.csv
  ✔ [scorpius:nic] limpiado /home/scorpius03/Documents/ecofloc/ecofloc-nic/ECOFLOC_NIC_COMM_text.csv
  ✔ [scorpius:ram] limpiado /home/scorpius03/Documents/ecofloc/ecofloc-ram/ECOFLOC_RAM_COMM_text.csv
  ✔ [scorpius:sd] limpiado /home/scorpius03/Documents/ecofloc/ecofloc-sd/ECOFLOC_SD_COMM_text.csv
========================================
🔋 MEASURE ENERGY FINALIZADO
   Fase: fase1_descarga_low_iter19
========================================
✔️ [04:14:50] Medición fase1_descarga_low_iter19 completada
[📦] Archivando resultados → ./historyexecutions/exp(04:14:55)_fase1_low_iter19
[✔] Archivado: ./historyexecutions/exp(04:14:55)_fase1_low_iter19
========================================
🔋 FASE 2: Preparación de servicios (low, iter 19)
========================================
📋 Capturando PIDs (gepidstea.sh)...
📋 Capturando PIDs de contenedores (kpsnodos.sh)...
🔋 [04:15:21] Iniciando medición de energía: fase2_preparacion_low_iter19 (50s)
   PID de medición: 3102805
========================================
🔋 MEASURE ENERGY - Fase: fase2_preparacion_low_iter19
   Duración: 50s
   PID: 3102805
========================================
=== Medición bloque 50s - Fase: fase2_preparacion_low_iter19 ===
[⏱ 04:15:21] Iniciando ecofloc en nitro5 por 50s (fase: fase2_preparacion_low_iter19)
⏳ Esperando 10s a que CoreDNS se estabilice...
  ├─ [nitro5:sd] start 04:15:22
  ├─ [nitro5:ram] start 04:15:22
  ├─ [nitro5:nic] start 04:15:23
[⏱ 04:15:23] Iniciando ecofloc en aspire por 50s (fase: fase2_preparacion_low_iter19)
  ├─ [nitro5:cpu] start 04:15:23
  ├─ [aspire:sd] start 04:15:23
  ├─ [aspire:ram] start 04:15:23
  ├─ [aspire:nic] start 04:15:23
[⏱ 04:15:23] Iniciando ecofloc en scorpius por 50s (fase: fase2_preparacion_low_iter19)
  ├─ [aspire:cpu] start 04:15:23
  ├─ [scorpius:sd] start 04:15:23
  ├─ [scorpius:ram] start 04:15:23
  ├─ [scorpius:nic] start 04:15:23
[⏱ 04:15:23] Iniciando ecofloc en leo por 50s (fase: fase2_preparacion_low_iter19)
  ├─ [scorpius:cpu] start 04:15:23
  ├─ [leo:sd] start 04:15:23
  ├─ [leo:ram] start 04:15:23
  ├─ [leo:cpu] start 04:15:23
  ├─ [leo:nic] start 04:15:23
➡️ Pod WebUI: teastore-webui-ff7768544-gml55
➡️ Está en el nodo: luish-aspire-a315-55g
🌐 IP del nodo WebUI: 192.168.18.37
⏳ Verificando estado del TeaStore en http://192.168.18.37:30080/tools.descartes.teastore.webui/status ...
   ➤ Estado actual: 5 / 5 servicios OK
✔ TODOS los servicios del TeaStore están OK. Continuando...
⏳ [04:15:38] Esperando que termine medición: fase2_preparacion_low_iter19 (PID: 3102805)
  └─ [nitro5:sd] end 04:16:12
  └─ [nitro5:ram] end 04:16:12
  └─ [nitro5:nic] end 04:16:13
  └─ [aspire:sd] end 04:16:13
  └─ [nitro5:cpu] end 04:16:13
  └─ [scorpius:cpu] end 04:16:13
  └─ [aspire:cpu] end 04:16:14
  └─ [leo:nic] end 04:16:14
  └─ [leo:sd] end 04:16:14
  └─ [leo:cpu] end 04:16:14
  └─ [aspire:nic] end 04:16:14
  └─ [scorpius:sd] end 04:16:14
  └─ [aspire:ram] end 04:16:15
  └─ [leo:ram] end 04:16:15
  └─ [scorpius:nic] end 04:16:15
  └─ [scorpius:ram] end 04:16:15
=== Bloque 50s terminado - Fase: fase2_preparacion_low_iter19 ===
[🧹] Limpiando CSVs internos de ecofloc en cada nodo (fase: fase2_preparacion_low_iter19)...
  ✔ [nitro5:cpu] limpiado /home/luish/Documents/p3/ecofloc2/ecofloc/ecofloc-cpu/ECOFLOC_CPU_COMM_text.csv
  ✔ [nitro5:nic] limpiado /home/luish/Documents/p3/ecofloc2/ecofloc/ecofloc-nic/ECOFLOC_NIC_COMM_text.csv
  ✔ [nitro5:ram] limpiado /home/luish/Documents/p3/ecofloc2/ecofloc/ecofloc-ram/ECOFLOC_RAM_COMM_text.csv
  ✔ [nitro5:sd] limpiado /home/luish/Documents/p3/ecofloc2/ecofloc/ecofloc-sd/ECOFLOC_SD_COMM_text.csv
  ✔ [leo:cpu] limpiado /home/leo/ecofloc/ecofloc-cpu/ECOFLOC_CPU_COMM_text.csv
  ✔ [leo:nic] limpiado /home/leo/ecofloc/ecofloc-nic/ECOFLOC_NIC_COMM_text.csv
  ✔ [leo:ram] limpiado /home/leo/ecofloc/ecofloc-ram/ECOFLOC_RAM_COMM_text.csv
  ✔ [leo:sd] limpiado /home/leo/ecofloc/ecofloc-sd/ECOFLOC_SD_COMM_text.csv
  ✔ [aspire:cpu] limpiado /home/luish/Documents/p3/ecofloc2/ecofloc/ecofloc-cpu/ECOFLOC_CPU_COMM_text.csv
  ✔ [aspire:nic] limpiado /home/luish/Documents/p3/ecofloc2/ecofloc/ecofloc-nic/ECOFLOC_NIC_COMM_text.csv
  ✔ [aspire:ram] limpiado /home/luish/Documents/p3/ecofloc2/ecofloc/ecofloc-ram/ECOFLOC_RAM_COMM_text.csv
  ✔ [aspire:sd] limpiado /home/luish/Documents/p3/ecofloc2/ecofloc/ecofloc-sd/ECOFLOC_SD_COMM_text.csv
  ✔ [scorpius:cpu] limpiado /home/scorpius03/Documents/ecofloc/ecofloc-cpu/ECOFLOC_CPU_COMM_text.csv
  ✔ [scorpius:nic] limpiado /home/scorpius03/Documents/ecofloc/ecofloc-nic/ECOFLOC_NIC_COMM_text.csv
  ✔ [scorpius:ram] limpiado /home/scorpius03/Documents/ecofloc/ecofloc-ram/ECOFLOC_RAM_COMM_text.csv
  ✔ [scorpius:sd] limpiado /home/scorpius03/Documents/ecofloc/ecofloc-sd/ECOFLOC_SD_COMM_text.csv
========================================
🔋 MEASURE ENERGY FINALIZADO
   Fase: fase2_preparacion_low_iter19
========================================
✔️ [04:16:19] Medición fase2_preparacion_low_iter19 completada
[📦] Archivando resultados → ./historyexecutions/exp(04:16:24)_fase2_low_iter19
[✔] Archivado: ./historyexecutions/exp(04:16:24)_fase2_low_iter19
========================================
🔋 FASE 3: Ejecución de carga (low, iter 19)
========================================
📋 Capturando PIDs (gepidstea.sh)...
📋 Capturando PIDs de contenedores (kpsnodos.sh)...
🔋 [04:16:41] Iniciando medición de energía: fase3_carga_low_iter19 (140s)
   PID de medición: 3235572
=== Escenario low (iter 19) ===
========================================
🔋 MEASURE ENERGY - Fase: fase3_carga_low_iter19
   Duración: 140s
   PID: 3235572
========================================
=== Medición bloque 140s - Fase: fase3_carga_low_iter19 ===
🚀 Iniciando LIMBO con profile=/home/luish/Documents/death/teastore/TeaStore/examples/httploadgenerator/increasingLowIntensity.csv y script=/home/luish/Documents/death/teastore/TeaStore/examples/httploadgenerator/teastore_buy.lua
[⏱ 04:16:41] Iniciando ecofloc en nitro5 por 140s (fase: fase3_carga_low_iter19)
Mar 06, 2026 4:16:41 AM tools.descartes.dlim.httploadgenerator.runner.Director executeDirector
WARNING: No power measurements
Mar 06, 2026 4:16:41 AM tools.descartes.dlim.httploadgenerator.runner.Director executeDirector
INFO: Load Generator Thread Count set to 64
Mar 06, 2026 4:16:41 AM tools.descartes.dlim.httploadgenerator.runner.Director executeDirector
INFO: URL connection timout set to 30000 ms
Mar 06, 2026 4:16:41 AM tools.descartes.dlim.httploadgenerator.runner.Director executeDirector
INFO: Using Lua Script: /home/luish/Documents/death/teastore/TeaStore/examples/httploadgenerator/teastore_buy.lua
Mar 06, 2026 4:16:41 AM tools.descartes.dlim.httploadgenerator.runner.Director process
INFO: Read 120 Arrival Rate Tuples
Load Generator sent: ok
Mar 06, 2026 4:16:41 AM tools.descartes.dlim.httploadgenerator.runner.Director process
INFO: Arrival Rates sent to Load Generator(s).
Load Generator sent: ok
Mar 06, 2026 4:16:41 AM tools.descartes.dlim.httploadgenerator.runner.Director process
INFO: Thread Count sent to Load Generator(s): 64
Load Generator sent: ok
Mar 06, 2026 4:16:41 AM tools.descartes.dlim.httploadgenerator.runner.Director process
INFO: URL connection timeout sent to Load Generator(s): 30000
Load Generator sent: ok
Mar 06, 2026 4:16:41 AM tools.descartes.dlim.httploadgenerator.runner.Director process
INFO: Contents of script sent to Load Generator: /home/luish/Documents/death/teastore/TeaStore/examples/httploadgenerator/teastore_buy.lua
Mar 06, 2026 4:16:41 AM tools.descartes.dlim.httploadgenerator.runner.Director process
INFO: Starting Load Generation
Beginning Run @1772788601699(06.03.2026;04:16:41699)
Target Time = 0.5; Load Intensity = 0.0; #Success = 0; #Failed = 0; #Dropped = 0
  ├─ [nitro5:sd] start 04:16:41
  ├─ [nitro5:ram] start 04:16:42
  ├─ [nitro5:nic] start 04:16:42
[⏱ 04:16:43] Iniciando ecofloc en aspire por 140s (fase: fase3_carga_low_iter19)
  ├─ [nitro5:cpu] start 04:16:43
  ├─ [aspire:sd] start 04:16:43
  ├─ [aspire:ram] start 04:16:43
[⏱ 04:16:43] Iniciando ecofloc en scorpius por 140s (fase: fase3_carga_low_iter19)
  ├─ [aspire:nic] start 04:16:43
  ├─ [aspire:cpu] start 04:16:43
  ├─ [scorpius:sd] start 04:16:43
  ├─ [scorpius:ram] start 04:16:43
  ├─ [scorpius:nic] start 04:16:43
[⏱ 04:16:43] Iniciando ecofloc en leo por 140s (fase: fase3_carga_low_iter19)
  ├─ [scorpius:cpu] start 04:16:43
  ├─ [leo:sd] start 04:16:43
  ├─ [leo:ram] start 04:16:43
  ├─ [leo:nic] start 04:16:43
  ├─ [leo:cpu] start 04:16:43
Target Time = 1.5; Load Intensity = 1.0; #Success = 0; #Failed = 0; #Dropped = 0
Target Time = 2.5; Load Intensity = 2.0; #Success = 0; #Failed = 0; #Dropped = 0
Target Time = 3.5; Load Intensity = 2.0; #Success = 0; #Failed = 0; #Dropped = 0
Target Time = 4.5; Load Intensity = 3.0; #Success = 8; #Failed = 0; #Dropped = 0
Target Time = 5.5; Load Intensity = 4.0; #Success = 4; #Failed = 0; #Dropped = 0
Target Time = 6.5; Load Intensity = 5.0; #Success = 4; #Failed = 0; #Dropped = 0
Target Time = 7.5; Load Intensity = 6.0; #Success = 7; #Failed = 0; #Dropped = 0
Target Time = 8.5; Load Intensity = 7.0; #Success = 7; #Failed = 0; #Dropped = 0
Target Time = 9.5; Load Intensity = 7.0; #Success = 7; #Failed = 0; #Dropped = 0
Target Time = 10.5; Load Intensity = 8.0; #Success = 7; #Failed = 0; #Dropped = 0
Target Time = 11.5; Load Intensity = 9.0; #Success = 7; #Failed = 0; #Dropped = 0
Target Time = 12.5; Load Intensity = 10.0; #Success = 13; #Failed = 0; #Dropped = 0
Target Time = 13.5; Load Intensity = 11.0; #Success = 0; #Failed = 0; #Dropped = 0
Target Time = 14.5; Load Intensity = 12.0; #Success = 21; #Failed = 0; #Dropped = 0
Target Time = 15.5; Load Intensity = 12.0; #Success = 11; #Failed = 0; #Dropped = 0
Target Time = 16.5; Load Intensity = 13.0; #Success = 16; #Failed = 0; #Dropped = 0
Target Time = 17.5; Load Intensity = 14.0; #Success = 14; #Failed = 0; #Dropped = 0
Target Time = 18.5; Load Intensity = 15.0; #Success = 2; #Failed = 0; #Dropped = 0
Target Time = 19.5; Load Intensity = 16.0; #Success = 7; #Failed = 0; #Dropped = 0
Target Time = 20.5; Load Intensity = 17.0; #Success = 3; #Failed = 0; #Dropped = 0
Target Time = 21.5; Load Intensity = 17.0; #Success = 15; #Failed = 0; #Dropped = 0
Target Time = 22.5; Load Intensity = 18.0; #Success = 8; #Failed = 0; #Dropped = 0
Target Time = 23.5; Load Intensity = 19.0; #Success = 4; #Failed = 0; #Dropped = 0
Target Time = 24.5; Load Intensity = 20.0; #Success = 12; #Failed = 0; #Dropped = 0
Target Time = 25.5; Load Intensity = 21.0; #Success = 15; #Failed = 0; #Dropped = 0
Target Time = 26.5; Load Intensity = 22.0; #Success = 0; #Failed = 0; #Dropped = 0
Target Time = 27.5; Load Intensity = 22.0; #Success = 0; #Failed = 0; #Dropped = 0
Target Time = 28.5; Load Intensity = 23.0; #Success = 0; #Failed = 0; #Dropped = 0
Target Time = 29.5; Load Intensity = 24.0; #Success = 0; #Failed = 0; #Dropped = 0
Target Time = 30.5; Load Intensity = 25.0; #Success = 0; #Failed = 0; #Dropped = 0
Target Time = 31.5; Load Intensity = 26.0; #Success = 0; #Failed = 0; #Dropped = 0
Target Time = 32.5; Load Intensity = 27.0; #Success = 0; #Failed = 0; #Dropped = 0
Target Time = 33.5; Load Intensity = 27.0; #Success = 0; #Failed = 0; #Dropped = 0
Target Time = 34.5; Load Intensity = 28.0; #Success = 0; #Failed = 0; #Dropped = 0
Target Time = 35.5; Load Intensity = 29.0; #Success = 0; #Failed = 0; #Dropped = 0
Target Time = 36.5; Load Intensity = 30.0; #Success = 0; #Failed = 0; #Dropped = 0
Target Time = 37.5; Load Intensity = 31.0; #Success = 0; #Failed = 2; #Dropped = 0
Target Time = 38.5; Load Intensity = 32.0; #Success = 0; #Failed = 6; #Dropped = 0
Target Time = 39.5; Load Intensity = 32.0; #Success = 0; #Failed = 3; #Dropped = 0
Target Time = 40.5; Load Intensity = 33.0; #Success = 0; #Failed = 8; #Dropped = 0
Target Time = 41.5; Load Intensity = 34.0; #Success = 0; #Failed = 0; #Dropped = 0
Target Time = 42.5; Load Intensity = 35.0; #Success = 0; #Failed = 0; #Dropped = 0
Target Time = 43.5; Load Intensity = 36.0; #Success = 0; #Failed = 1; #Dropped = 0
Target Time = 44.5; Load Intensity = 37.0; #Success = 0; #Failed = 3; #Dropped = 0
Target Time = 45.5; Load Intensity = 37.0; #Success = 0; #Failed = 4; #Dropped = 0
Target Time = 46.5; Load Intensity = 38.0; #Success = 0; #Failed = 0; #Dropped = 0
Target Time = 47.5; Load Intensity = 39.0; #Success = 0; #Failed = 0; #Dropped = 0
Target Time = 48.5; Load Intensity = 40.0; #Success = 0; #Failed = 0; #Dropped = 0
Target Time = 49.5; Load Intensity = 41.0; #Success = 0; #Failed = 1; #Dropped = 0
Target Time = 50.5; Load Intensity = 42.0; #Success = 0; #Failed = 1; #Dropped = 0
Target Time = 51.5; Load Intensity = 42.0; #Success = 0; #Failed = 8; #Dropped = 0
Target Time = 52.5; Load Intensity = 43.0; #Success = 6; #Failed = 2; #Dropped = 0
Target Time = 53.5; Load Intensity = 44.0; #Success = 0; #Failed = 0; #Dropped = 0
Target Time = 54.5; Load Intensity = 45.0; #Success = 6; #Failed = 0; #Dropped = 0
Target Time = 55.5; Load Intensity = 46.0; #Success = 13; #Failed = 0; #Dropped = 0
Target Time = 56.5; Load Intensity = 47.0; #Success = 0; #Failed = 0; #Dropped = 0
Target Time = 57.5; Load Intensity = 47.0; #Success = 0; #Failed = 0; #Dropped = 0
Target Time = 58.5; Load Intensity = 48.0; #Success = 0; #Failed = 0; #Dropped = 0
Target Time = 59.5; Load Intensity = 49.0; #Success = 0; #Failed = 0; #Dropped = 0
Target Time = 60.5; Load Intensity = 50.0; #Success = 0; #Failed = 0; #Dropped = 0
Target Time = 61.5; Load Intensity = 51.0; #Success = 0; #Failed = 0; #Dropped = 0
Target Time = 62.5; Load Intensity = 52.0; #Success = 0; #Failed = 0; #Dropped = 0
Target Time = 63.5; Load Intensity = 52.0; #Success = 0; #Failed = 0; #Dropped = 0
Target Time = 64.5; Load Intensity = 53.0; #Success = 0; #Failed = 0; #Dropped = 0
Target Time = 65.5; Load Intensity = 54.0; #Success = 0; #Failed = 0; #Dropped = 0
Target Time = 66.5; Load Intensity = 55.0; #Success = 0; #Failed = 0; #Dropped = 0
Target Time = 67.5; Load Intensity = 56.0; #Success = 2; #Failed = 0; #Dropped = 254
Target Time = 68.5; Load Intensity = 57.0; #Success = 6; #Failed = 5; #Dropped = 27
Target Time = 69.5; Load Intensity = 57.0; #Success = 2; #Failed = 2; #Dropped = 26
Target Time = 70.5; Load Intensity = 58.0; #Success = 7; #Failed = 0; #Dropped = 14
Target Time = 71.5; Load Intensity = 59.0; #Success = 0; #Failed = 1; #Dropped = 29
Target Time = 72.5; Load Intensity = 60.0; #Success = 0; #Failed = 2; #Dropped = 50
Target Time = 73.5; Load Intensity = 61.0; #Success = 1; #Failed = 0; #Dropped = 6
Target Time = 74.5; Load Intensity = 62.0; #Success = 1; #Failed = 1; #Dropped = 38
Target Time = 75.5; Load Intensity = 62.0; #Success = 2; #Failed = 1; #Dropped = 61
Target Time = 76.5; Load Intensity = 63.0; #Success = 0; #Failed = 5; #Dropped = 18
Target Time = 77.5; Load Intensity = 64.0; #Success = 0; #Failed = 12; #Dropped = 45
Target Time = 78.5; Load Intensity = 65.0; #Success = 0; #Failed = 0; #Dropped = 0
Target Time = 79.5; Load Intensity = 66.0; #Success = 0; #Failed = 6; #Dropped = 44
Target Time = 80.5; Load Intensity = 67.0; #Success = 0; #Failed = 0; #Dropped = 0
Target Time = 81.5; Load Intensity = 67.0; #Success = 3; #Failed = 0; #Dropped = 104
Target Time = 82.5; Load Intensity = 68.0; #Success = 3; #Failed = 0; #Dropped = 45
Target Time = 83.5; Load Intensity = 69.0; #Success = 0; #Failed = 0; #Dropped = 0
Target Time = 84.5; Load Intensity = 70.0; #Success = 0; #Failed = 0; #Dropped = 0
Target Time = 85.5; Load Intensity = 71.0; #Success = 2; #Failed = 7; #Dropped = 122
Target Time = 86.5; Load Intensity = 72.0; #Success = 0; #Failed = 7; #Dropped = 32
Target Time = 87.5; Load Intensity = 72.0; #Success = 0; #Failed = 0; #Dropped = 0
Target Time = 88.5; Load Intensity = 73.0; #Success = 0; #Failed = 0; #Dropped = 0
Target Time = 89.5; Load Intensity = 74.0; #Success = 0; #Failed = 1; #Dropped = 153
Target Time = 90.5; Load Intensity = 75.0; #Success = 0; #Failed = 4; #Dropped = 10
Target Time = 91.5; Load Intensity = 76.0; #Success = 0; #Failed = 8; #Dropped = 74
Target Time = 92.5; Load Intensity = 77.0; #Success = 0; #Failed = 0; #Dropped = 0
Target Time = 93.5; Load Intensity = 77.0; #Success = 0; #Failed = 1; #Dropped = 108
Target Time = 94.5; Load Intensity = 78.0; #Success = 0; #Failed = 4; #Dropped = 30
Target Time = 95.5; Load Intensity = 79.0; #Success = 0; #Failed = 0; #Dropped = 0
Target Time = 96.5; Load Intensity = 80.0; #Success = 0; #Failed = 0; #Dropped = 0
Target Time = 97.5; Load Intensity = 81.0; #Success = 2; #Failed = 0; #Dropped = 178
Target Time = 98.5; Load Intensity = 82.0; #Success = 6; #Failed = 0; #Dropped = 58
Target Time = 99.5; Load Intensity = 82.0; #Success = 1; #Failed = 0; #Dropped = 53
Target Time = 100.5; Load Intensity = 83.0; #Success = 0; #Failed = 0; #Dropped = 0
Target Time = 101.5; Load Intensity = 84.0; #Success = 0; #Failed = 0; #Dropped = 0
Target Time = 102.5; Load Intensity = 85.0; #Success = 2; #Failed = 0; #Dropped = 179
Target Time = 103.5; Load Intensity = 86.0; #Success = 0; #Failed = 2; #Dropped = 15
Target Time = 104.5; Load Intensity = 87.0; #Success = 0; #Failed = 0; #Dropped = 0
Target Time = 105.5; Load Intensity = 87.0; #Success = 0; #Failed = 0; #Dropped = 0
Target Time = 106.5; Load Intensity = 88.0; #Success = 0; #Failed = 7; #Dropped = 224
Target Time = 107.5; Load Intensity = 89.0; #Success = 7; #Failed = 7; #Dropped = 48
Target Time = 108.5; Load Intensity = 90.0; #Success = 2; #Failed = 1; #Dropped = 1
Target Time = 109.5; Load Intensity = 91.0; #Success = 4; #Failed = 0; #Dropped = 74
Target Time = 110.5; Load Intensity = 92.0; #Success = 0; #Failed = 0; #Dropped = 0
Target Time = 111.5; Load Intensity = 92.0; #Success = 3; #Failed = 0; #Dropped = 170
Target Time = 112.5; Load Intensity = 93.0; #Success = 1; #Failed = 0; #Dropped = 35
Target Time = 113.5; Load Intensity = 94.0; #Success = 1; #Failed = 1; #Dropped = 84
Target Time = 114.5; Load Intensity = 95.0; #Success = 0; #Failed = 1; #Dropped = 60
Target Time = 115.5; Load Intensity = 96.0; #Success = 4; #Failed = 1; #Dropped = 108
Target Time = 116.5; Load Intensity = 97.0; #Success = 1; #Failed = 2; #Dropped = 31
Target Time = 117.5; Load Intensity = 97.0; #Success = 0; #Failed = 0; #Dropped = 0
Target Time = 118.5; Load Intensity = 98.0; #Success = 0; #Failed = 1; #Dropped = 155
Target Time = 119.5; Load Intensity = 99.0; #Success = 1; #Failed = 0; #Dropped = 92
Target Time = 120.5; Load Intensity = 0.0; #Success = 2; #Failed = 0; #Dropped = 24
Target Time = 121.5; Load Intensity = 0.0; #Success = 5; #Failed = 0; #Dropped = 97
Target Time = 122.5; Load Intensity = 0.0; #Success = 0; #Failed = 0; #Dropped = 0
Target Time = 123.5; Load Intensity = 0.0; #Success = 0; #Failed = 0; #Dropped = 0
Target Time = 124.5; Load Intensity = 0.0; #Success = 1; #Failed = 0; #Dropped = 216
Target Time = 125.5; Load Intensity = 0.0; #Success = 0; #Failed = 0; #Dropped = 0
Target Time = 126.5; Load Intensity = 0.0; #Success = 0; #Failed = 0; #Dropped = 0
Target Time = 127.5; Load Intensity = 0.0; #Success = 0; #Failed = 0; #Dropped = 0
Target Time = 128.5; Load Intensity = 0.0; #Success = 4; #Failed = 2; #Dropped = 356
Target Time = 129.5; Load Intensity = 0.0; #Success = 1; #Failed = 0; #Dropped = 78
Target Time = 130.5; Load Intensity = 0.0; #Success = 0; #Failed = 0; #Dropped = 0
Target Time = 131.5; Load Intensity = 0.0; #Success = 0; #Failed = 4; #Dropped = 164
Target Time = 132.5; Load Intensity = 0.0; #Success = 0; #Failed = 0; #Dropped = 0
Target Time = 133.5; Load Intensity = 0.0; #Success = 0; #Failed = 0; #Dropped = 0
Target Time = 134.5; Load Intensity = 0.0; #Success = 0; #Failed = 0; #Dropped = 0
Target Time = 135.5; Load Intensity = 0.0; #Success = 0; #Failed = 0; #Dropped = 0
Target Time = 136.5; Load Intensity = 0.0; #Success = 7; #Failed = 0; #Dropped = 428
Target Time = 137.5; Load Intensity = 0.0; #Success = 14; #Failed = 0; #Dropped = 76
Target Time = 138.5; Load Intensity = 0.0; #Success = 3; #Failed = 0; #Dropped = 2
Target Time = 139.5; Load Intensity = 0.0; #Success = 4; #Failed = 1; #Dropped = 170
  └─ [nitro5:sd] end 04:19:01
Target Time = 140.5; Load Intensity = 0.0; #Success = 0; #Failed = 0; #Dropped = 0
  └─ [nitro5:ram] end 04:19:02
  └─ [nitro5:nic] end 04:19:02
  └─ [nitro5:cpu] end 04:19:03
Target Time = 141.5; Load Intensity = 0.0; #Success = 1; #Failed = 14; #Dropped = 131
Target Time = 142.5; Load Intensity = 0.0; #Success = 2; #Failed = 4; #Dropped = 137
Target Time = 143.5; Load Intensity = 0.0; #Success = 0; #Failed = 0; #Dropped = 0
Target Time = 144.5; Load Intensity = 0.0; #Success = 1; #Failed = 0; #Dropped = 130
Target Time = 145.5; Load Intensity = 0.0; #Success = 5; #Failed = 0; #Dropped = 137
Target Time = 146.5; Load Intensity = 0.0; #Success = 3; #Failed = 0; #Dropped = 50
Target Time = 147.5; Load Intensity = 0.0; #Success = 0; #Failed = 1; #Dropped = 47
Target Time = 148.5; Load Intensity = 0.0; #Success = 0; #Failed = 0; #Dropped = 0
  └─ [scorpius:cpu] end 04:19:10
Target Time = 149.5; Load Intensity = 0.0; #Success = 0; #Failed = 0; #Dropped = 0
Target Time = 150.5; Load Intensity = 0.0; #Success = 0; #Failed = 3; #Dropped = 289
  └─ [leo:cpu] end 04:19:12
Target Time = 151.5; Load Intensity = 0.0; #Success = 0; #Failed = 0; #Dropped = 0
Target Time = 152.5; Load Intensity = 0.0; #Success = 0; #Failed = 0; #Dropped = 0
Target Time = 153.5; Load Intensity = 0.0; #Success = 0; #Failed = 0; #Dropped = 0
Target Time = 154.5; Load Intensity = 0.0; #Success = 0; #Failed = 0; #Dropped = 0
  └─ [scorpius:sd] end 04:19:16
  └─ [leo:ram] end 04:19:16
  └─ [leo:sd] end 04:19:17
Target Time = 155.5; Load Intensity = 0.0; #Success = 0; #Failed = 0; #Dropped = 0
Target Time = 156.5; Load Intensity = 0.0; #Success = 0; #Failed = 0; #Dropped = 0
  └─ [scorpius:ram] end 04:19:18
Target Time = 157.5; Load Intensity = 0.0; #Success = 0; #Failed = 0; #Dropped = 0
Target Time = 158.5; Load Intensity = 0.0; #Success = 0; #Failed = 0; #Dropped = 0
Target Time = 159.5; Load Intensity = 0.0; #Success = 0; #Failed = 24; #Dropped = 0
Target Time = 160.5; Load Intensity = 0.0; #Success = 0; #Failed = 0; #Dropped = 0
Target Time = 161.5; Load Intensity = 0.0; #Success = 1; #Failed = 0; #Dropped = 0
Target Time = 162.5; Load Intensity = 0.0; #Success = 0; #Failed = 0; #Dropped = 0
Target Time = 163.5; Load Intensity = 0.0; #Success = 0; #Failed = 0; #Dropped = 0
Target Time = 164.5; Load Intensity = 0.0; #Success = 0; #Failed = 0; #Dropped = 0
Target Time = 165.5; Load Intensity = 0.0; #Success = 0; #Failed = 0; #Dropped = 0
  └─ [aspire:nic] end 04:19:27
Target Time = 166.5; Load Intensity = 0.0; #Success = 0; #Failed = 0; #Dropped = 0
Target Time = 167.5; Load Intensity = 0.0; #Success = 0; #Failed = 0; #Dropped = 0
Target Time = 168.5; Load Intensity = 0.0; #Success = 0; #Failed = 0; #Dropped = 0
Target Time = 169.5; Load Intensity = 0.0; #Success = 5; #Failed = 0; #Dropped = 0
Target Time = 170.5; Load Intensity = 0.0; #Success = 0; #Failed = 4; #Dropped = 0
Target Time = 171.5; Load Intensity = 0.0; #Success = 14; #Failed = 2; #Dropped = 0
Target Time = 172.5; Load Intensity = 0.0; #Success = 5; #Failed = 2; #Dropped = 0
Target Time = 173.5; Load Intensity = 0.0; #Success = 0; #Failed = 0; #Dropped = 0
Target Time = 174.5; Load Intensity = 0.0; #Success = 0; #Failed = 0; #Dropped = 0
Target Time = 175.5; Load Intensity = 0.0; #Success = 1; #Failed = 0; #Dropped = 0
Target Time = 176.5; Load Intensity = 0.0; #Success = 3; #Failed = 0; #Dropped = 0
  └─ [aspire:cpu] end 04:19:40
  └─ [aspire:ram] end 04:19:41
=== Bloque 140s terminado - Fase: fase3_carga_low_iter19 ===
[🧹] Limpiando CSVs internos de ecofloc en cada nodo (fase: fase3_carga_low_iter19)...
  ✔ [nitro5:cpu] limpiado /home/luish/Documents/p3/ecofloc2/ecofloc/ecofloc-cpu/ECOFLOC_CPU_COMM_text.csv
  ✔ [nitro5:nic] limpiado /home/luish/Documents/p3/ecofloc2/ecofloc/ecofloc-nic/ECOFLOC_NIC_COMM_text.csv
  ✔ [nitro5:ram] limpiado /home/luish/Documents/p3/ecofloc2/ecofloc/ecofloc-ram/ECOFLOC_RAM_COMM_text.csv
  ✔ [nitro5:sd] limpiado /home/luish/Documents/p3/ecofloc2/ecofloc/ecofloc-sd/ECOFLOC_SD_COMM_text.csv
Workload finished.
Log finished.
📄 LIMBO finalizado para scenario=low
⏳ [04:19:43] Esperando que termine medición: fase3_carga_low_iter19 (PID: 3235572)
  ✔ [leo:cpu] limpiado /home/leo/ecofloc/ecofloc-cpu/ECOFLOC_CPU_COMM_text.csv
  ✔ [leo:nic] limpiado /home/leo/ecofloc/ecofloc-nic/ECOFLOC_NIC_COMM_text.csv
  ✔ [leo:ram] limpiado /home/leo/ecofloc/ecofloc-ram/ECOFLOC_RAM_COMM_text.csv
  ✔ [leo:sd] limpiado /home/leo/ecofloc/ecofloc-sd/ECOFLOC_SD_COMM_text.csv
  ✔ [aspire:cpu] limpiado /home/luish/Documents/p3/ecofloc2/ecofloc/ecofloc-cpu/ECOFLOC_CPU_COMM_text.csv
  ✔ [aspire:nic] limpiado /home/luish/Documents/p3/ecofloc2/ecofloc/ecofloc-nic/ECOFLOC_NIC_COMM_text.csv
  ✔ [aspire:ram] limpiado /home/luish/Documents/p3/ecofloc2/ecofloc/ecofloc-ram/ECOFLOC_RAM_COMM_text.csv
  ✔ [aspire:sd] limpiado /home/luish/Documents/p3/ecofloc2/ecofloc/ecofloc-sd/ECOFLOC_SD_COMM_text.csv
  ✔ [scorpius:cpu] limpiado /home/scorpius03/Documents/ecofloc/ecofloc-cpu/ECOFLOC_CPU_COMM_text.csv
  ✔ [scorpius:nic] limpiado /home/scorpius03/Documents/ecofloc/ecofloc-nic/ECOFLOC_NIC_COMM_text.csv
  ✔ [scorpius:ram] limpiado /home/scorpius03/Documents/ecofloc/ecofloc-ram/ECOFLOC_RAM_COMM_text.csv
  ✔ [scorpius:sd] limpiado /home/scorpius03/Documents/ecofloc/ecofloc-sd/ECOFLOC_SD_COMM_text.csv
========================================
🔋 MEASURE ENERGY FINALIZADO
   Fase: fase3_carga_low_iter19
========================================
✔️ [04:19:54] Medición fase3_carga_low_iter19 completada
[📦] Archivando resultados → ./historyexecutions/exp(04:19:59)_fase3_low_iter19
[✔] Archivado: ./historyexecutions/exp(04:19:59)_fase3_low_iter19
🧹 Limpiando TeaStore (iter 19)...
⏸ Esperando 15s para limpieza completa...
✅ Iteración 19 / 20 del escenario low completada.

########################################################
🔄 ESCENARIO: low | ITERACIÓN: 20 / 20
   Hora: 04:20:48
########################################################
========================================
🔋 FASE 1: Descarga de imágenes (low, iter 20)
========================================
📋 Capturando PIDs (gepidstea.sh)...
📋 Capturando PIDs de contenedores (kpsnodos.sh)...
🔋 [04:21:07] Iniciando medición de energía: fase1_descarga_low_iter20 (25s)
   PID de medición: 3603433
🚀 Desplegando TeaStore desde /home/luish/Documents/death/teastore/TeaStore/examples/kubernetes/teastore-energy-scheduler.yaml...
========================================
🔋 MEASURE ENERGY - Fase: fase1_descarga_low_iter20
   Duración: 25s
   PID: 3603433
========================================
=== Medición bloque 25s - Fase: fase1_descarga_low_iter20 ===
[⏱ 04:21:07] Iniciando ecofloc en nitro5 por 25s (fase: fase1_descarga_low_iter20)
⏳ Esperando a que todos los pods de TeaStore estén Running y Ready...
  ├─ [nitro5:sd] start 04:21:07
  ├─ [nitro5:ram] start 04:21:08
  ├─ [nitro5:nic] start 04:21:08
[⏱ 04:21:08] Iniciando ecofloc en aspire por 25s (fase: fase1_descarga_low_iter20)
  ├─ [nitro5:cpu] start 04:21:08
  ├─ [aspire:sd] start 04:21:08
  ├─ [aspire:ram] start 04:21:08
  ├─ [aspire:nic] start 04:21:08
[⏱ 04:21:08] Iniciando ecofloc en scorpius por 25s (fase: fase1_descarga_low_iter20)
  ├─ [aspire:cpu] start 04:21:08
  ├─ [scorpius:sd] start 04:21:08
  ├─ [scorpius:ram] start 04:21:08
  ├─ [scorpius:nic] start 04:21:08
[⏱ 04:21:08] Iniciando ecofloc en leo por 25s (fase: fase1_descarga_low_iter20)
  ├─ [scorpius:cpu] start 04:21:08
  ├─ [leo:sd] start 04:21:08
  ├─ [leo:ram] start 04:21:08
  ├─ [leo:nic] start 04:21:08
  ├─ [leo:cpu] start 04:21:08
✅ Pods listos.
⏳ [04:21:10] Esperando que termine medición: fase1_descarga_low_iter20 (PID: 3603433)
  └─ [nitro5:sd] end 04:21:32
  └─ [nitro5:ram] end 04:21:33
  └─ [nitro5:nic] end 04:21:33
  └─ [nitro5:cpu] end 04:21:33
  └─ [aspire:sd] end 04:21:34
  └─ [aspire:cpu] end 04:21:34
  └─ [leo:cpu] end 04:21:35
  └─ [leo:sd] end 04:21:35
  └─ [scorpius:cpu] end 04:21:35
  └─ [scorpius:sd] end 04:21:35
  └─ [leo:nic] end 04:21:35
  └─ [aspire:nic] end 04:21:35
  └─ [leo:ram] end 04:21:35
  └─ [aspire:ram] end 04:21:35
  └─ [scorpius:nic] end 04:21:36
  └─ [scorpius:ram] end 04:21:36
=== Bloque 25s terminado - Fase: fase1_descarga_low_iter20 ===
[🧹] Limpiando CSVs internos de ecofloc en cada nodo (fase: fase1_descarga_low_iter20)...
  ✔ [nitro5:cpu] limpiado /home/luish/Documents/p3/ecofloc2/ecofloc/ecofloc-cpu/ECOFLOC_CPU_COMM_text.csv
  ✔ [nitro5:nic] limpiado /home/luish/Documents/p3/ecofloc2/ecofloc/ecofloc-nic/ECOFLOC_NIC_COMM_text.csv
  ✔ [nitro5:ram] limpiado /home/luish/Documents/p3/ecofloc2/ecofloc/ecofloc-ram/ECOFLOC_RAM_COMM_text.csv
  ✔ [nitro5:sd] limpiado /home/luish/Documents/p3/ecofloc2/ecofloc/ecofloc-sd/ECOFLOC_SD_COMM_text.csv
  ✔ [leo:cpu] limpiado /home/leo/ecofloc/ecofloc-cpu/ECOFLOC_CPU_COMM_text.csv
  ✔ [leo:nic] limpiado /home/leo/ecofloc/ecofloc-nic/ECOFLOC_NIC_COMM_text.csv
  ✔ [leo:ram] limpiado /home/leo/ecofloc/ecofloc-ram/ECOFLOC_RAM_COMM_text.csv
  ✔ [leo:sd] limpiado /home/leo/ecofloc/ecofloc-sd/ECOFLOC_SD_COMM_text.csv
  ✔ [aspire:cpu] limpiado /home/luish/Documents/p3/ecofloc2/ecofloc/ecofloc-cpu/ECOFLOC_CPU_COMM_text.csv
  ✔ [aspire:nic] limpiado /home/luish/Documents/p3/ecofloc2/ecofloc/ecofloc-nic/ECOFLOC_NIC_COMM_text.csv
  ✔ [aspire:ram] limpiado /home/luish/Documents/p3/ecofloc2/ecofloc/ecofloc-ram/ECOFLOC_RAM_COMM_text.csv
  ✔ [aspire:sd] limpiado /home/luish/Documents/p3/ecofloc2/ecofloc/ecofloc-sd/ECOFLOC_SD_COMM_text.csv
  ✔ [scorpius:cpu] limpiado /home/scorpius03/Documents/ecofloc/ecofloc-cpu/ECOFLOC_CPU_COMM_text.csv
  ✔ [scorpius:nic] limpiado /home/scorpius03/Documents/ecofloc/ecofloc-nic/ECOFLOC_NIC_COMM_text.csv
  ✔ [scorpius:ram] limpiado /home/scorpius03/Documents/ecofloc/ecofloc-ram/ECOFLOC_RAM_COMM_text.csv
  ✔ [scorpius:sd] limpiado /home/scorpius03/Documents/ecofloc/ecofloc-sd/ECOFLOC_SD_COMM_text.csv
========================================
🔋 MEASURE ENERGY FINALIZADO
   Fase: fase1_descarga_low_iter20
========================================
✔️ [04:21:40] Medición fase1_descarga_low_iter20 completada
[📦] Archivando resultados → ./historyexecutions/exp(04:21:45)_fase1_low_iter20
[✔] Archivado: ./historyexecutions/exp(04:21:45)_fase1_low_iter20
========================================
🔋 FASE 2: Preparación de servicios (low, iter 20)
========================================
📋 Capturando PIDs (gepidstea.sh)...
📋 Capturando PIDs de contenedores (kpsnodos.sh)...
🔋 [04:22:02] Iniciando medición de energía: fase2_preparacion_low_iter20 (50s)
   PID de medición: 3670792
========================================
🔋 MEASURE ENERGY - Fase: fase2_preparacion_low_iter20
   Duración: 50s
   PID: 3670792
========================================
=== Medición bloque 50s - Fase: fase2_preparacion_low_iter20 ===
[⏱ 04:22:02] Iniciando ecofloc en nitro5 por 50s (fase: fase2_preparacion_low_iter20)
⏳ Esperando 10s a que CoreDNS se estabilice...
  ├─ [nitro5:sd] start 04:22:03
  ├─ [nitro5:ram] start 04:22:03
  ├─ [nitro5:nic] start 04:22:04
[⏱ 04:22:04] Iniciando ecofloc en aspire por 50s (fase: fase2_preparacion_low_iter20)
  ├─ [nitro5:cpu] start 04:22:04
  ├─ [aspire:sd] start 04:22:04
  ├─ [aspire:ram] start 04:22:04
[⏱ 04:22:04] Iniciando ecofloc en scorpius por 50s (fase: fase2_preparacion_low_iter20)
  ├─ [aspire:nic] start 04:22:04
  ├─ [aspire:cpu] start 04:22:04
  ├─ [scorpius:sd] start 04:22:04
  ├─ [scorpius:ram] start 04:22:04
[⏱ 04:22:04] Iniciando ecofloc en leo por 50s (fase: fase2_preparacion_low_iter20)
  ├─ [scorpius:nic] start 04:22:04
  ├─ [scorpius:cpu] start 04:22:04
  ├─ [leo:ram] start 04:22:04
  ├─ [leo:sd] start 04:22:04
  ├─ [leo:nic] start 04:22:04
  ├─ [leo:cpu] start 04:22:04
➡️ Pod WebUI: teastore-webui-ff7768544-h74rl
➡️ Está en el nodo: scorpius03
🌐 IP del nodo WebUI: 192.168.18.34
⏳ Verificando estado del TeaStore en http://192.168.18.34:30080/tools.descartes.teastore.webui/status ...
   ➤ Estado actual: 5 / 5 servicios OK
✔ TODOS los servicios del TeaStore están OK. Continuando...
⏳ [04:22:18] Esperando que termine medición: fase2_preparacion_low_iter20 (PID: 3670792)
  └─ [nitro5:sd] end 04:22:53
  └─ [nitro5:ram] end 04:22:53
  └─ [nitro5:nic] end 04:22:54
  └─ [aspire:sd] end 04:22:54
  └─ [nitro5:cpu] end 04:22:54
  └─ [aspire:cpu] end 04:22:55
  └─ [leo:sd] end 04:22:55
  └─ [leo:cpu] end 04:22:55
  └─ [scorpius:cpu] end 04:22:56
  └─ [leo:nic] end 04:22:56
  └─ [aspire:nic] end 04:22:56
  └─ [aspire:ram] end 04:22:56
  └─ [scorpius:nic] end 04:22:56
  └─ [scorpius:ram] end 04:22:56
=== Bloque 50s terminado - Fase: fase2_preparacion_low_iter20 ===
[🧹] Limpiando CSVs internos de ecofloc en cada nodo (fase: fase2_preparacion_low_iter20)...
  ✔ [nitro5:cpu] limpiado /home/luish/Documents/p3/ecofloc2/ecofloc/ecofloc-cpu/ECOFLOC_CPU_COMM_text.csv
  ✔ [nitro5:nic] limpiado /home/luish/Documents/p3/ecofloc2/ecofloc/ecofloc-nic/ECOFLOC_NIC_COMM_text.csv
  ✔ [nitro5:ram] limpiado /home/luish/Documents/p3/ecofloc2/ecofloc/ecofloc-ram/ECOFLOC_RAM_COMM_text.csv
  ✔ [nitro5:sd] limpiado /home/luish/Documents/p3/ecofloc2/ecofloc/ecofloc-sd/ECOFLOC_SD_COMM_text.csv
  ✔ [leo:cpu] limpiado /home/leo/ecofloc/ecofloc-cpu/ECOFLOC_CPU_COMM_text.csv
  ✔ [leo:nic] limpiado /home/leo/ecofloc/ecofloc-nic/ECOFLOC_NIC_COMM_text.csv
  ✔ [leo:ram] limpiado /home/leo/ecofloc/ecofloc-ram/ECOFLOC_RAM_COMM_text.csv
  ✔ [leo:sd] limpiado /home/leo/ecofloc/ecofloc-sd/ECOFLOC_SD_COMM_text.csv
  ✔ [aspire:cpu] limpiado /home/luish/Documents/p3/ecofloc2/ecofloc/ecofloc-cpu/ECOFLOC_CPU_COMM_text.csv
  ✔ [aspire:nic] limpiado /home/luish/Documents/p3/ecofloc2/ecofloc/ecofloc-nic/ECOFLOC_NIC_COMM_text.csv
  ✔ [aspire:ram] limpiado /home/luish/Documents/p3/ecofloc2/ecofloc/ecofloc-ram/ECOFLOC_RAM_COMM_text.csv
  ✔ [aspire:sd] limpiado /home/luish/Documents/p3/ecofloc2/ecofloc/ecofloc-sd/ECOFLOC_SD_COMM_text.csv
  ✔ [scorpius:cpu] limpiado /home/scorpius03/Documents/ecofloc/ecofloc-cpu/ECOFLOC_CPU_COMM_text.csv
  ✔ [scorpius:nic] limpiado /home/scorpius03/Documents/ecofloc/ecofloc-nic/ECOFLOC_NIC_COMM_text.csv
  ✔ [scorpius:ram] limpiado /home/scorpius03/Documents/ecofloc/ecofloc-ram/ECOFLOC_RAM_COMM_text.csv
  ✔ [scorpius:sd] limpiado /home/scorpius03/Documents/ecofloc/ecofloc-sd/ECOFLOC_SD_COMM_text.csv
========================================
🔋 MEASURE ENERGY FINALIZADO
   Fase: fase2_preparacion_low_iter20
========================================
✔️ [04:23:00] Medición fase2_preparacion_low_iter20 completada
[📦] Archivando resultados → ./historyexecutions/exp(04:23:05)_fase2_low_iter20
[✔] Archivado: ./historyexecutions/exp(04:23:05)_fase2_low_iter20
========================================
🔋 FASE 3: Ejecución de carga (low, iter 20)
========================================
📋 Capturando PIDs (gepidstea.sh)...
📋 Capturando PIDs de contenedores (kpsnodos.sh)...
🔋 [04:23:24] Iniciando medición de energía: fase3_carga_low_iter20 (140s)
   PID de medición: 3803601
=== Escenario low (iter 20) ===
========================================
🔋 MEASURE ENERGY - Fase: fase3_carga_low_iter20
   Duración: 140s
   PID: 3803601
========================================
=== Medición bloque 140s - Fase: fase3_carga_low_iter20 ===
🚀 Iniciando LIMBO con profile=/home/luish/Documents/death/teastore/TeaStore/examples/httploadgenerator/increasingLowIntensity.csv y script=/home/luish/Documents/death/teastore/TeaStore/examples/httploadgenerator/teastore_buy.lua
[⏱ 04:23:24] Iniciando ecofloc en nitro5 por 140s (fase: fase3_carga_low_iter20)
Mar 06, 2026 4:23:24 AM tools.descartes.dlim.httploadgenerator.runner.Director executeDirector
WARNING: No power measurements
Mar 06, 2026 4:23:24 AM tools.descartes.dlim.httploadgenerator.runner.Director executeDirector
INFO: Load Generator Thread Count set to 64
Mar 06, 2026 4:23:24 AM tools.descartes.dlim.httploadgenerator.runner.Director executeDirector
INFO: URL connection timout set to 30000 ms
Mar 06, 2026 4:23:24 AM tools.descartes.dlim.httploadgenerator.runner.Director executeDirector
INFO: Using Lua Script: /home/luish/Documents/death/teastore/TeaStore/examples/httploadgenerator/teastore_buy.lua
Mar 06, 2026 4:23:24 AM tools.descartes.dlim.httploadgenerator.runner.Director process
INFO: Read 120 Arrival Rate Tuples
Load Generator sent: ok
Mar 06, 2026 4:23:24 AM tools.descartes.dlim.httploadgenerator.runner.Director process
INFO: Arrival Rates sent to Load Generator(s).
Load Generator sent: ok
Mar 06, 2026 4:23:24 AM tools.descartes.dlim.httploadgenerator.runner.Director process
INFO: Thread Count sent to Load Generator(s): 64
Load Generator sent: ok
Mar 06, 2026 4:23:24 AM tools.descartes.dlim.httploadgenerator.runner.Director process
INFO: URL connection timeout sent to Load Generator(s): 30000
Load Generator sent: ok
Mar 06, 2026 4:23:24 AM tools.descartes.dlim.httploadgenerator.runner.Director process
INFO: Contents of script sent to Load Generator: /home/luish/Documents/death/teastore/TeaStore/examples/httploadgenerator/teastore_buy.lua
Mar 06, 2026 4:23:24 AM tools.descartes.dlim.httploadgenerator.runner.Director process
INFO: Starting Load Generation
Beginning Run @1772789004575(06.03.2026;04:23:24575)
Target Time = 0.5; Load Intensity = 0.0; #Success = 0; #Failed = 0; #Dropped = 0
  ├─ [nitro5:sd] start 04:23:24
  ├─ [nitro5:ram] start 04:23:25
  ├─ [nitro5:nic] start 04:23:25
[⏱ 04:23:25] Iniciando ecofloc en aspire por 140s (fase: fase3_carga_low_iter20)
  ├─ [nitro5:cpu] start 04:23:25
  ├─ [aspire:sd] start 04:23:25
  ├─ [aspire:ram] start 04:23:25
[⏱ 04:23:25] Iniciando ecofloc en scorpius por 140s (fase: fase3_carga_low_iter20)
  ├─ [aspire:nic] start 04:23:25
  ├─ [aspire:cpu] start 04:23:25
  ├─ [scorpius:sd] start 04:23:26
  ├─ [scorpius:ram] start 04:23:26
[⏱ 04:23:26] Iniciando ecofloc en leo por 140s (fase: fase3_carga_low_iter20)
  ├─ [scorpius:nic] start 04:23:26
  ├─ [scorpius:cpu] start 04:23:26
  ├─ [leo:sd] start 04:23:26
  ├─ [leo:ram] start 04:23:26
  ├─ [leo:nic] start 04:23:26
  ├─ [leo:cpu] start 04:23:26
Target Time = 1.5; Load Intensity = 1.0; #Success = 0; #Failed = 0; #Dropped = 0
Target Time = 2.5; Load Intensity = 2.0; #Success = 0; #Failed = 0; #Dropped = 0
Target Time = 3.5; Load Intensity = 2.0; #Success = 0; #Failed = 0; #Dropped = 0
Target Time = 4.5; Load Intensity = 3.0; #Success = 0; #Failed = 0; #Dropped = 0
Target Time = 5.5; Load Intensity = 4.0; #Success = 4; #Failed = 0; #Dropped = 0
Target Time = 6.5; Load Intensity = 5.0; #Success = 5; #Failed = 0; #Dropped = 0
Target Time = 7.5; Load Intensity = 6.0; #Success = 3; #Failed = 0; #Dropped = 0
Target Time = 8.5; Load Intensity = 7.0; #Success = 6; #Failed = 0; #Dropped = 0
Target Time = 9.5; Load Intensity = 7.0; #Success = 4; #Failed = 0; #Dropped = 0
Target Time = 10.5; Load Intensity = 8.0; #Success = 3; #Failed = 0; #Dropped = 0
Target Time = 11.5; Load Intensity = 9.0; #Success = 6; #Failed = 0; #Dropped = 0
Target Time = 12.5; Load Intensity = 10.0; #Success = 4; #Failed = 0; #Dropped = 0
Target Time = 13.5; Load Intensity = 11.0; #Success = 3; #Failed = 0; #Dropped = 0
Target Time = 14.5; Load Intensity = 12.0; #Success = 3; #Failed = 0; #Dropped = 0
Target Time = 15.5; Load Intensity = 12.0; #Success = 4; #Failed = 0; #Dropped = 0
Target Time = 16.5; Load Intensity = 13.0; #Success = 2; #Failed = 0; #Dropped = 0
Target Time = 17.5; Load Intensity = 14.0; #Success = 3; #Failed = 0; #Dropped = 0
Target Time = 18.5; Load Intensity = 15.0; #Success = 0; #Failed = 0; #Dropped = 0
Target Time = 19.5; Load Intensity = 16.0; #Success = 13; #Failed = 0; #Dropped = 0
Target Time = 20.5; Load Intensity = 17.0; #Success = 4; #Failed = 0; #Dropped = 0
Target Time = 21.5; Load Intensity = 17.0; #Success = 3; #Failed = 0; #Dropped = 0
Target Time = 22.5; Load Intensity = 18.0; #Success = 0; #Failed = 0; #Dropped = 0
Target Time = 23.5; Load Intensity = 19.0; #Success = 0; #Failed = 0; #Dropped = 0
Target Time = 24.5; Load Intensity = 20.0; #Success = 0; #Failed = 0; #Dropped = 0
Target Time = 25.5; Load Intensity = 21.0; #Success = 3; #Failed = 0; #Dropped = 0
Target Time = 26.5; Load Intensity = 22.0; #Success = 2; #Failed = 0; #Dropped = 0
Target Time = 27.5; Load Intensity = 22.0; #Success = 3; #Failed = 3; #Dropped = 0
Target Time = 28.5; Load Intensity = 23.0; #Success = 4; #Failed = 0; #Dropped = 0
Target Time = 29.5; Load Intensity = 24.0; #Success = 3; #Failed = 3; #Dropped = 0
Target Time = 30.5; Load Intensity = 25.0; #Success = 4; #Failed = 4; #Dropped = 0
Target Time = 31.5; Load Intensity = 26.0; #Success = 3; #Failed = 9; #Dropped = 0
Target Time = 32.5; Load Intensity = 27.0; #Success = 5; #Failed = 4; #Dropped = 0
Target Time = 33.5; Load Intensity = 27.0; #Success = 6; #Failed = 2; #Dropped = 0
Target Time = 34.5; Load Intensity = 28.0; #Success = 8; #Failed = 0; #Dropped = 0
Target Time = 35.5; Load Intensity = 29.0; #Success = 2; #Failed = 2; #Dropped = 0
Target Time = 36.5; Load Intensity = 30.0; #Success = 3; #Failed = 1; #Dropped = 0
Target Time = 37.5; Load Intensity = 31.0; #Success = 2; #Failed = 7; #Dropped = 0
Target Time = 38.5; Load Intensity = 32.0; #Success = 1; #Failed = 0; #Dropped = 0
Target Time = 39.5; Load Intensity = 32.0; #Success = 0; #Failed = 13; #Dropped = 0
Target Time = 40.5; Load Intensity = 33.0; #Success = 2; #Failed = 0; #Dropped = 0
Target Time = 41.5; Load Intensity = 34.0; #Success = 0; #Failed = 1; #Dropped = 0
Target Time = 42.5; Load Intensity = 35.0; #Success = 2; #Failed = 0; #Dropped = 0
Target Time = 43.5; Load Intensity = 36.0; #Success = 0; #Failed = 0; #Dropped = 0
Target Time = 44.5; Load Intensity = 37.0; #Success = 1; #Failed = 7; #Dropped = 0
Target Time = 45.5; Load Intensity = 37.0; #Success = 1; #Failed = 12; #Dropped = 0
Target Time = 46.5; Load Intensity = 38.0; #Success = 1; #Failed = 7; #Dropped = 0
Target Time = 47.5; Load Intensity = 39.0; #Success = 0; #Failed = 4; #Dropped = 0
Target Time = 48.5; Load Intensity = 40.0; #Success = 0; #Failed = 5; #Dropped = 0
Target Time = 49.5; Load Intensity = 41.0; #Success = 6; #Failed = 2; #Dropped = 0
Target Time = 50.5; Load Intensity = 42.0; #Success = 1; #Failed = 3; #Dropped = 0
Target Time = 51.5; Load Intensity = 42.0; #Success = 1; #Failed = 1; #Dropped = 0
Target Time = 52.5; Load Intensity = 43.0; #Success = 1; #Failed = 2; #Dropped = 0
Target Time = 53.5; Load Intensity = 44.0; #Success = 4; #Failed = 7; #Dropped = 0
Target Time = 54.5; Load Intensity = 45.0; #Success = 3; #Failed = 2; #Dropped = 0
Target Time = 55.5; Load Intensity = 46.0; #Success = 0; #Failed = 0; #Dropped = 0
Target Time = 56.5; Load Intensity = 47.0; #Success = 0; #Failed = 0; #Dropped = 0
Target Time = 57.5; Load Intensity = 47.0; #Success = 0; #Failed = 0; #Dropped = 0
Target Time = 58.5; Load Intensity = 48.0; #Success = 2; #Failed = 5; #Dropped = 20
Target Time = 59.5; Load Intensity = 49.0; #Success = 0; #Failed = 0; #Dropped = 0
Target Time = 60.5; Load Intensity = 50.0; #Success = 3; #Failed = 1; #Dropped = 44
Target Time = 61.5; Load Intensity = 51.0; #Success = 1; #Failed = 0; #Dropped = 15
Target Time = 62.5; Load Intensity = 52.0; #Success = 0; #Failed = 0; #Dropped = 0
Target Time = 63.5; Load Intensity = 52.0; #Success = 0; #Failed = 4; #Dropped = 54
Target Time = 64.5; Load Intensity = 53.0; #Success = 0; #Failed = 10; #Dropped = 30
Target Time = 65.5; Load Intensity = 54.0; #Success = 0; #Failed = 15; #Dropped = 11
Target Time = 66.5; Load Intensity = 55.0; #Success = 0; #Failed = 3; #Dropped = 0
Target Time = 67.5; Load Intensity = 56.0; #Success = 0; #Failed = 2; #Dropped = 48
Target Time = 68.5; Load Intensity = 57.0; #Success = 4; #Failed = 4; #Dropped = 27
Target Time = 69.5; Load Intensity = 57.0; #Success = 3; #Failed = 2; #Dropped = 29
Target Time = 70.5; Load Intensity = 58.0; #Success = 0; #Failed = 0; #Dropped = 0
Target Time = 71.5; Load Intensity = 59.0; #Success = 0; #Failed = 0; #Dropped = 0
Target Time = 72.5; Load Intensity = 60.0; #Success = 0; #Failed = 0; #Dropped = 0
Target Time = 73.5; Load Intensity = 61.0; #Success = 0; #Failed = 0; #Dropped = 0
Target Time = 74.5; Load Intensity = 62.0; #Success = 1; #Failed = 0; #Dropped = 141
Target Time = 75.5; Load Intensity = 62.0; #Success = 2; #Failed = 0; #Dropped = 70
Target Time = 76.5; Load Intensity = 63.0; #Success = 0; #Failed = 0; #Dropped = 0
Target Time = 77.5; Load Intensity = 64.0; #Success = 4; #Failed = 1; #Dropped = 70
Target Time = 78.5; Load Intensity = 65.0; #Success = 2; #Failed = 0; #Dropped = 9
Target Time = 79.5; Load Intensity = 66.0; #Success = 2; #Failed = 0; #Dropped = 41
Target Time = 80.5; Load Intensity = 67.0; #Success = 0; #Failed = 0; #Dropped = 0
Target Time = 81.5; Load Intensity = 67.0; #Success = 0; #Failed = 2; #Dropped = 113
Target Time = 82.5; Load Intensity = 68.0; #Success = 0; #Failed = 1; #Dropped = 24
Target Time = 83.5; Load Intensity = 69.0; #Success = 0; #Failed = 1; #Dropped = 54
Target Time = 84.5; Load Intensity = 70.0; #Success = 2; #Failed = 0; #Dropped = 48
Target Time = 85.5; Load Intensity = 71.0; #Success = 0; #Failed = 3; #Dropped = 34
Target Time = 86.5; Load Intensity = 72.0; #Success = 0; #Failed = 2; #Dropped = 46
Target Time = 87.5; Load Intensity = 72.0; #Success = 0; #Failed = 2; #Dropped = 18
Target Time = 88.5; Load Intensity = 73.0; #Success = 3; #Failed = 0; #Dropped = 75
Target Time = 89.5; Load Intensity = 74.0; #Success = 0; #Failed = 0; #Dropped = 0
Target Time = 90.5; Load Intensity = 75.0; #Success = 1; #Failed = 0; #Dropped = 95
Target Time = 91.5; Load Intensity = 76.0; #Success = 1; #Failed = 1; #Dropped = 42
Target Time = 92.5; Load Intensity = 77.0; #Success = 0; #Failed = 0; #Dropped = 0
Target Time = 93.5; Load Intensity = 77.0; #Success = 4; #Failed = 0; #Dropped = 103
Target Time = 94.5; Load Intensity = 78.0; #Success = 6; #Failed = 0; #Dropped = 63
Target Time = 95.5; Load Intensity = 79.0; #Success = 9; #Failed = 0; #Dropped = 38
Target Time = 96.5; Load Intensity = 80.0; #Success = 4; #Failed = 0; #Dropped = 7
Target Time = 97.5; Load Intensity = 81.0; #Success = 2; #Failed = 0; #Dropped = 96
Target Time = 98.5; Load Intensity = 82.0; #Success = 7; #Failed = 1; #Dropped = 49
Target Time = 99.5; Load Intensity = 82.0; #Success = 3; #Failed = 0; #Dropped = 55
Target Time = 100.5; Load Intensity = 83.0; #Success = 0; #Failed = 0; #Dropped = 0
Target Time = 101.5; Load Intensity = 84.0; #Success = 0; #Failed = 0; #Dropped = 0
Target Time = 102.5; Load Intensity = 85.0; #Success = 0; #Failed = 0; #Dropped = 0
Target Time = 103.5; Load Intensity = 86.0; #Success = 0; #Failed = 0; #Dropped = 0
Target Time = 104.5; Load Intensity = 87.0; #Success = 1; #Failed = 0; #Dropped = 252
Target Time = 105.5; Load Intensity = 87.0; #Success = 1; #Failed = 0; #Dropped = 113
Target Time = 106.5; Load Intensity = 88.0; #Success = 3; #Failed = 1; #Dropped = 34
Target Time = 107.5; Load Intensity = 89.0; #Success = 3; #Failed = 0; #Dropped = 62
Target Time = 108.5; Load Intensity = 90.0; #Success = 2; #Failed = 0; #Dropped = 38
Target Time = 109.5; Load Intensity = 91.0; #Success = 2; #Failed = 0; #Dropped = 73
Target Time = 110.5; Load Intensity = 92.0; #Success = 0; #Failed = 0; #Dropped = 0
Target Time = 111.5; Load Intensity = 92.0; #Success = 0; #Failed = 1; #Dropped = 170
Target Time = 112.5; Load Intensity = 93.0; #Success = 2; #Failed = 0; #Dropped = 39
Target Time = 113.5; Load Intensity = 94.0; #Success = 1; #Failed = 1; #Dropped = 101
Target Time = 114.5; Load Intensity = 95.0; #Success = 2; #Failed = 0; #Dropped = 62
Target Time = 115.5; Load Intensity = 96.0; #Success = 0; #Failed = 15; #Dropped = 59
Target Time = 116.5; Load Intensity = 97.0; #Success = 1; #Failed = 1; #Dropped = 37
Target Time = 117.5; Load Intensity = 97.0; #Success = 1; #Failed = 9; #Dropped = 95
Target Time = 118.5; Load Intensity = 98.0; #Success = 0; #Failed = 9; #Dropped = 38
Target Time = 119.5; Load Intensity = 99.0; #Success = 0; #Failed = 14; #Dropped = 80
Target Time = 120.5; Load Intensity = 0.0; #Success = 0; #Failed = 7; #Dropped = 59
Target Time = 121.5; Load Intensity = 0.0; #Success = 1; #Failed = 1; #Dropped = 82
Target Time = 122.5; Load Intensity = 0.0; #Success = 0; #Failed = 0; #Dropped = 0
Target Time = 123.5; Load Intensity = 0.0; #Success = 4; #Failed = 0; #Dropped = 145
Target Time = 124.5; Load Intensity = 0.0; #Success = 3; #Failed = 0; #Dropped = 60
Target Time = 125.5; Load Intensity = 0.0; #Success = 5; #Failed = 0; #Dropped = 98
Target Time = 126.5; Load Intensity = 0.0; #Success = 1; #Failed = 0; #Dropped = 61
Target Time = 127.5; Load Intensity = 0.0; #Success = 0; #Failed = 0; #Dropped = 0
Target Time = 128.5; Load Intensity = 0.0; #Success = 5; #Failed = 0; #Dropped = 142
Target Time = 129.5; Load Intensity = 0.0; #Success = 2; #Failed = 1; #Dropped = 112
Target Time = 130.5; Load Intensity = 0.0; #Success = 2; #Failed = 2; #Dropped = 61
Target Time = 131.5; Load Intensity = 0.0; #Success = 0; #Failed = 5; #Dropped = 79
Target Time = 132.5; Load Intensity = 0.0; #Success = 0; #Failed = 2; #Dropped = 91
Target Time = 133.5; Load Intensity = 0.0; #Success = 0; #Failed = 0; #Dropped = 0
Target Time = 134.5; Load Intensity = 0.0; #Success = 0; #Failed = 0; #Dropped = 0
Target Time = 135.5; Load Intensity = 0.0; #Success = 0; #Failed = 0; #Dropped = 0
Target Time = 136.5; Load Intensity = 0.0; #Success = 0; #Failed = 8; #Dropped = 332
Target Time = 137.5; Load Intensity = 0.0; #Success = 0; #Failed = 1; #Dropped = 94
Target Time = 138.5; Load Intensity = 0.0; #Success = 0; #Failed = 3; #Dropped = 71
Target Time = 139.5; Load Intensity = 0.0; #Success = 0; #Failed = 0; #Dropped = 0
  └─ [nitro5:sd] end 04:25:44
Target Time = 140.5; Load Intensity = 0.0; #Success = 0; #Failed = 0; #Dropped = 0
  └─ [nitro5:ram] end 04:25:45
  └─ [nitro5:nic] end 04:25:45
  └─ [nitro5:cpu] end 04:25:46
Target Time = 141.5; Load Intensity = 0.0; #Success = 0; #Failed = 1; #Dropped = 284
  └─ [scorpius:nic] end 04:25:47
Target Time = 142.5; Load Intensity = 0.0; #Success = 1; #Failed = 1; #Dropped = 74
Target Time = 143.5; Load Intensity = 0.0; #Success = 1; #Failed = 0; #Dropped = 128
Target Time = 144.5; Load Intensity = 0.0; #Success = 2; #Failed = 0; #Dropped = 93
Target Time = 145.5; Load Intensity = 0.0; #Success = 5; #Failed = 3; #Dropped = 83
  └─ [leo:cpu] end 04:25:50
Target Time = 146.5; Load Intensity = 0.0; #Success = 0; #Failed = 0; #Dropped = 0
  └─ [aspire:nic] end 04:25:51
Target Time = 147.5; Load Intensity = 0.0; #Success = 4; #Failed = 0; #Dropped = 194
Target Time = 148.5; Load Intensity = 0.0; #Success = 7; #Failed = 1; #Dropped = 57
  └─ [aspire:cpu] end 04:25:53
Target Time = 149.5; Load Intensity = 0.0; #Success = 12; #Failed = 0; #Dropped = 121
  └─ [aspire:sd] end 04:25:54
  └─ [aspire:ram] end 04:25:54
  └─ [leo:sd] end 04:25:54
  └─ [leo:ram] end 04:25:54
  └─ [leo:nic] end 04:25:54
Target Time = 150.5; Load Intensity = 0.0; #Success = 3; #Failed = 0; #Dropped = 3
Target Time = 151.5; Load Intensity = 0.0; #Success = 0; #Failed = 0; #Dropped = 0
Target Time = 152.5; Load Intensity = 0.0; #Success = 0; #Failed = 0; #Dropped = 0
Target Time = 153.5; Load Intensity = 0.0; #Success = 0; #Failed = 0; #Dropped = 0
Target Time = 154.5; Load Intensity = 0.0; #Success = 0; #Failed = 0; #Dropped = 0
Target Time = 155.5; Load Intensity = 0.0; #Success = 0; #Failed = 0; #Dropped = 0
Target Time = 156.5; Load Intensity = 0.0; #Success = 0; #Failed = 0; #Dropped = 0
Target Time = 157.5; Load Intensity = 0.0; #Success = 0; #Failed = 0; #Dropped = 0
Target Time = 158.5; Load Intensity = 0.0; #Success = 0; #Failed = 0; #Dropped = 0
Target Time = 159.5; Load Intensity = 0.0; #Success = 0; #Failed = 0; #Dropped = 0
Target Time = 160.5; Load Intensity = 0.0; #Success = 4; #Failed = 0; #Dropped = 0
Target Time = 161.5; Load Intensity = 0.0; #Success = 5; #Failed = 0; #Dropped = 0
Target Time = 162.5; Load Intensity = 0.0; #Success = 2; #Failed = 0; #Dropped = 0
Target Time = 163.5; Load Intensity = 0.0; #Success = 0; #Failed = 0; #Dropped = 0
Target Time = 164.5; Load Intensity = 0.0; #Success = 0; #Failed = 0; #Dropped = 0
Target Time = 165.5; Load Intensity = 0.0; #Success = 0; #Failed = 2; #Dropped = 0
Target Time = 166.5; Load Intensity = 0.0; #Success = 5; #Failed = 3; #Dropped = 0
Target Time = 167.5; Load Intensity = 0.0; #Success = 1; #Failed = 0; #Dropped = 0
Target Time = 168.5; Load Intensity = 0.0; #Success = 1; #Failed = 1; #Dropped = 0
Target Time = 169.5; Load Intensity = 0.0; #Success = 0; #Failed = 22; #Dropped = 0
Target Time = 170.5; Load Intensity = 0.0; #Success = 0; #Failed = 12; #Dropped = 0
Target Time = 171.5; Load Intensity = 0.0; #Success = 0; #Failed = 0; #Dropped = 0
Target Time = 172.5; Load Intensity = 0.0; #Success = 0; #Failed = 0; #Dropped = 0
Target Time = 173.5; Load Intensity = 0.0; #Success = 0; #Failed = 0; #Dropped = 0
Target Time = 174.5; Load Intensity = 0.0; #Success = 1; #Failed = 0; #Dropped = 0
Target Time = 175.5; Load Intensity = 0.0; #Success = 2; #Failed = 0; #Dropped = 0
  └─ [scorpius:cpu] end 04:26:24
Workload finished.
Log finished.
📄 LIMBO finalizado para scenario=low
⏳ [04:26:25] Esperando que termine medición: fase3_carga_low_iter20 (PID: 3803601)
  └─ [scorpius:ram] end 04:26:26
  └─ [scorpius:sd] end 04:26:26
=== Bloque 140s terminado - Fase: fase3_carga_low_iter20 ===
[🧹] Limpiando CSVs internos de ecofloc en cada nodo (fase: fase3_carga_low_iter20)...
  ✔ [nitro5:cpu] limpiado /home/luish/Documents/p3/ecofloc2/ecofloc/ecofloc-cpu/ECOFLOC_CPU_COMM_text.csv
  ✔ [nitro5:nic] limpiado /home/luish/Documents/p3/ecofloc2/ecofloc/ecofloc-nic/ECOFLOC_NIC_COMM_text.csv
  ✔ [nitro5:ram] limpiado /home/luish/Documents/p3/ecofloc2/ecofloc/ecofloc-ram/ECOFLOC_RAM_COMM_text.csv
  ✔ [nitro5:sd] limpiado /home/luish/Documents/p3/ecofloc2/ecofloc/ecofloc-sd/ECOFLOC_SD_COMM_text.csv
  ✔ [leo:cpu] limpiado /home/leo/ecofloc/ecofloc-cpu/ECOFLOC_CPU_COMM_text.csv
  ✔ [leo:nic] limpiado /home/leo/ecofloc/ecofloc-nic/ECOFLOC_NIC_COMM_text.csv
  ✔ [leo:ram] limpiado /home/leo/ecofloc/ecofloc-ram/ECOFLOC_RAM_COMM_text.csv
  ✔ [leo:sd] limpiado /home/leo/ecofloc/ecofloc-sd/ECOFLOC_SD_COMM_text.csv
  ✔ [aspire:cpu] limpiado /home/luish/Documents/p3/ecofloc2/ecofloc/ecofloc-cpu/ECOFLOC_CPU_COMM_text.csv
  ✔ [aspire:nic] limpiado /home/luish/Documents/p3/ecofloc2/ecofloc/ecofloc-nic/ECOFLOC_NIC_COMM_text.csv
  ✔ [aspire:ram] limpiado /home/luish/Documents/p3/ecofloc2/ecofloc/ecofloc-ram/ECOFLOC_RAM_COMM_text.csv
  ✔ [aspire:sd] limpiado /home/luish/Documents/p3/ecofloc2/ecofloc/ecofloc-sd/ECOFLOC_SD_COMM_text.csv
  ✔ [scorpius:cpu] limpiado /home/scorpius03/Documents/ecofloc/ecofloc-cpu/ECOFLOC_CPU_COMM_text.csv
  ✔ [scorpius:nic] limpiado /home/scorpius03/Documents/ecofloc/ecofloc-nic/ECOFLOC_NIC_COMM_text.csv
  ✔ [scorpius:ram] limpiado /home/scorpius03/Documents/ecofloc/ecofloc-ram/ECOFLOC_RAM_COMM_text.csv
  ✔ [scorpius:sd] limpiado /home/scorpius03/Documents/ecofloc/ecofloc-sd/ECOFLOC_SD_COMM_text.csv
========================================
🔋 MEASURE ENERGY FINALIZADO
   Fase: fase3_carga_low_iter20
========================================
✔️ [04:26:31] Medición fase3_carga_low_iter20 completada
[📦] Archivando resultados → ./historyexecutions/exp(04:26:36)_fase3_low_iter20
[✔] Archivado: ./historyexecutions/exp(04:26:36)_fase3_low_iter20
🧹 Limpiando TeaStore (iter 20)...
⏸ Esperando 15s para limpieza completa...
✅ Iteración 20 / 20 del escenario low completada.

🏁 Escenario low finalizado (20 iteraciones).

########################################################
🔄 ESCENARIO: medium | ITERACIÓN: 1 / 20
   Hora: 04:27:24
########################################################
========================================
🔋 FASE 1: Descarga de imágenes (medium, iter 1)
========================================
📋 Capturando PIDs (gepidstea.sh)...
📋 Capturando PIDs de contenedores (kpsnodos.sh)...
🔋 [04:27:42] Iniciando medición de energía: fase1_descarga_medium_iter1 (25s)
   PID de medición: 4180479
🚀 Desplegando TeaStore desde /home/luish/Documents/death/teastore/TeaStore/examples/kubernetes/teastore-energy-scheduler.yaml...
========================================
🔋 MEASURE ENERGY - Fase: fase1_descarga_medium_iter1
   Duración: 25s
   PID: 4180479
========================================
=== Medición bloque 25s - Fase: fase1_descarga_medium_iter1 ===
[⏱ 04:27:42] Iniciando ecofloc en nitro5 por 25s (fase: fase1_descarga_medium_iter1)
⏳ Esperando a que todos los pods de TeaStore estén Running y Ready...
  ├─ [nitro5:sd] start 04:27:42
  ├─ [nitro5:ram] start 04:27:43
  ├─ [nitro5:nic] start 04:27:43
[⏱ 04:27:43] Iniciando ecofloc en aspire por 25s (fase: fase1_descarga_medium_iter1)
  ├─ [nitro5:cpu] start 04:27:43
  ├─ [aspire:sd] start 04:27:43
  ├─ [aspire:ram] start 04:27:43
[⏱ 04:27:43] Iniciando ecofloc en scorpius por 25s (fase: fase1_descarga_medium_iter1)
  ├─ [aspire:nic] start 04:27:43
  ├─ [aspire:cpu] start 04:27:43
  ├─ [scorpius:sd] start 04:27:43
  ├─ [scorpius:ram] start 04:27:43
[⏱ 04:27:43] Iniciando ecofloc en leo por 25s (fase: fase1_descarga_medium_iter1)
  ├─ [scorpius:nic] start 04:27:43
  ├─ [scorpius:cpu] start 04:27:43
  ├─ [leo:sd] start 04:27:43
  ├─ [leo:ram] start 04:27:43
  ├─ [leo:nic] start 04:27:43
  ├─ [leo:cpu] start 04:27:43
✅ Pods listos.
⏳ [04:27:45] Esperando que termine medición: fase1_descarga_medium_iter1 (PID: 4180479)
  └─ [nitro5:sd] end 04:28:07
  └─ [nitro5:ram] end 04:28:08
  └─ [nitro5:nic] end 04:28:08
  └─ [nitro5:cpu] end 04:28:08
  └─ [aspire:sd] end 04:28:09
  └─ [aspire:cpu] end 04:28:09
  └─ [scorpius:sd] end 04:28:09
  └─ [scorpius:cpu] end 04:28:10
  └─ [leo:cpu] end 04:28:10
  └─ [aspire:ram] end 04:28:10
  └─ [leo:sd] end 04:28:10
  └─ [aspire:nic] end 04:28:10
  └─ [leo:nic] end 04:28:10
  └─ [scorpius:ram] end 04:28:11
  └─ [leo:ram] end 04:28:11
  └─ [scorpius:nic] end 04:28:11
=== Bloque 25s terminado - Fase: fase1_descarga_medium_iter1 ===
[🧹] Limpiando CSVs internos de ecofloc en cada nodo (fase: fase1_descarga_medium_iter1)...
  ✔ [nitro5:cpu] limpiado /home/luish/Documents/p3/ecofloc2/ecofloc/ecofloc-cpu/ECOFLOC_CPU_COMM_text.csv
  ✔ [nitro5:nic] limpiado /home/luish/Documents/p3/ecofloc2/ecofloc/ecofloc-nic/ECOFLOC_NIC_COMM_text.csv
  ✔ [nitro5:ram] limpiado /home/luish/Documents/p3/ecofloc2/ecofloc/ecofloc-ram/ECOFLOC_RAM_COMM_text.csv
  ✔ [nitro5:sd] limpiado /home/luish/Documents/p3/ecofloc2/ecofloc/ecofloc-sd/ECOFLOC_SD_COMM_text.csv
  ✔ [leo:cpu] limpiado /home/leo/ecofloc/ecofloc-cpu/ECOFLOC_CPU_COMM_text.csv
  ✔ [leo:nic] limpiado /home/leo/ecofloc/ecofloc-nic/ECOFLOC_NIC_COMM_text.csv
  ✔ [leo:ram] limpiado /home/leo/ecofloc/ecofloc-ram/ECOFLOC_RAM_COMM_text.csv
  ✔ [leo:sd] limpiado /home/leo/ecofloc/ecofloc-sd/ECOFLOC_SD_COMM_text.csv
  ✔ [aspire:cpu] limpiado /home/luish/Documents/p3/ecofloc2/ecofloc/ecofloc-cpu/ECOFLOC_CPU_COMM_text.csv
  ✔ [aspire:nic] limpiado /home/luish/Documents/p3/ecofloc2/ecofloc/ecofloc-nic/ECOFLOC_NIC_COMM_text.csv
  ✔ [aspire:ram] limpiado /home/luish/Documents/p3/ecofloc2/ecofloc/ecofloc-ram/ECOFLOC_RAM_COMM_text.csv
  ✔ [aspire:sd] limpiado /home/luish/Documents/p3/ecofloc2/ecofloc/ecofloc-sd/ECOFLOC_SD_COMM_text.csv
  ✔ [scorpius:cpu] limpiado /home/scorpius03/Documents/ecofloc/ecofloc-cpu/ECOFLOC_CPU_COMM_text.csv
  ✔ [scorpius:nic] limpiado /home/scorpius03/Documents/ecofloc/ecofloc-nic/ECOFLOC_NIC_COMM_text.csv
  ✔ [scorpius:ram] limpiado /home/scorpius03/Documents/ecofloc/ecofloc-ram/ECOFLOC_RAM_COMM_text.csv
  ✔ [scorpius:sd] limpiado /home/scorpius03/Documents/ecofloc/ecofloc-sd/ECOFLOC_SD_COMM_text.csv
========================================
🔋 MEASURE ENERGY FINALIZADO
   Fase: fase1_descarga_medium_iter1
========================================
✔️ [04:28:15] Medición fase1_descarga_medium_iter1 completada
[📦] Archivando resultados → ./historyexecutions/exp(04:28:20)_fase1_medium_iter1
[✔] Archivado: ./historyexecutions/exp(04:28:20)_fase1_medium_iter1
========================================
🔋 FASE 2: Preparación de servicios (medium, iter 1)
========================================
📋 Capturando PIDs (gepidstea.sh)...
📋 Capturando PIDs de contenedores (kpsnodos.sh)...
🔋 [04:28:37] Iniciando medición de energía: fase2_preparacion_medium_iter1 (50s)
   PID de medición: 54987
========================================
🔋 MEASURE ENERGY - Fase: fase2_preparacion_medium_iter1
   Duración: 50s
   PID: 54987
========================================
=== Medición bloque 50s - Fase: fase2_preparacion_medium_iter1 ===
[⏱ 04:28:37] Iniciando ecofloc en nitro5 por 50s (fase: fase2_preparacion_medium_iter1)
⏳ Esperando 10s a que CoreDNS se estabilice...
  ├─ [nitro5:sd] start 04:28:38
  ├─ [nitro5:ram] start 04:28:38
  ├─ [nitro5:nic] start 04:28:39
[⏱ 04:28:39] Iniciando ecofloc en aspire por 50s (fase: fase2_preparacion_medium_iter1)
  ├─ [nitro5:cpu] start 04:28:39
  ├─ [aspire:sd] start 04:28:39
  ├─ [aspire:ram] start 04:28:39
  ├─ [aspire:nic] start 04:28:39
[⏱ 04:28:39] Iniciando ecofloc en scorpius por 50s (fase: fase2_preparacion_medium_iter1)
  ├─ [aspire:cpu] start 04:28:39
  ├─ [scorpius:sd] start 04:28:39
  ├─ [scorpius:ram] start 04:28:39
  ├─ [scorpius:nic] start 04:28:39
[⏱ 04:28:39] Iniciando ecofloc en leo por 50s (fase: fase2_preparacion_medium_iter1)
  ├─ [scorpius:cpu] start 04:28:39
  ├─ [leo:sd] start 04:28:39
  ├─ [leo:ram] start 04:28:39
  ├─ [leo:nic] start 04:28:39
  ├─ [leo:cpu] start 04:28:39
➡️ Pod WebUI: teastore-webui-ff7768544-wvq7t
➡️ Está en el nodo: luish-aspire-a315-55g
🌐 IP del nodo WebUI: 192.168.18.37
⏳ Verificando estado del TeaStore en http://192.168.18.37:30080/tools.descartes.teastore.webui/status ...
   ➤ Estado actual: 5 / 5 servicios OK
✔ TODOS los servicios del TeaStore están OK. Continuando...
⏳ [04:28:52] Esperando que termine medición: fase2_preparacion_medium_iter1 (PID: 54987)
  └─ [nitro5:sd] end 04:29:28
  └─ [nitro5:ram] end 04:29:28
  └─ [nitro5:nic] end 04:29:29
  └─ [aspire:sd] end 04:29:29
  └─ [nitro5:cpu] end 04:29:29
  └─ [aspire:cpu] end 04:29:30
  └─ [scorpius:cpu] end 04:29:31
  └─ [aspire:nic] end 04:29:31
  └─ [leo:sd] end 04:29:31
  └─ [scorpius:sd] end 04:29:32
  └─ [leo:cpu] end 04:29:32
  └─ [aspire:ram] end 04:29:32
  └─ [leo:nic] end 04:29:32
  └─ [leo:ram] end 04:29:32
  └─ [scorpius:nic] end 04:29:32
  └─ [scorpius:ram] end 04:29:32
=== Bloque 50s terminado - Fase: fase2_preparacion_medium_iter1 ===
[🧹] Limpiando CSVs internos de ecofloc en cada nodo (fase: fase2_preparacion_medium_iter1)...
  ✔ [nitro5:cpu] limpiado /home/luish/Documents/p3/ecofloc2/ecofloc/ecofloc-cpu/ECOFLOC_CPU_COMM_text.csv
  ✔ [nitro5:nic] limpiado /home/luish/Documents/p3/ecofloc2/ecofloc/ecofloc-nic/ECOFLOC_NIC_COMM_text.csv
  ✔ [nitro5:ram] limpiado /home/luish/Documents/p3/ecofloc2/ecofloc/ecofloc-ram/ECOFLOC_RAM_COMM_text.csv
  ✔ [nitro5:sd] limpiado /home/luish/Documents/p3/ecofloc2/ecofloc/ecofloc-sd/ECOFLOC_SD_COMM_text.csv
  ✔ [leo:cpu] limpiado /home/leo/ecofloc/ecofloc-cpu/ECOFLOC_CPU_COMM_text.csv
  ✔ [leo:nic] limpiado /home/leo/ecofloc/ecofloc-nic/ECOFLOC_NIC_COMM_text.csv
  ✔ [leo:ram] limpiado /home/leo/ecofloc/ecofloc-ram/ECOFLOC_RAM_COMM_text.csv
  ✔ [leo:sd] limpiado /home/leo/ecofloc/ecofloc-sd/ECOFLOC_SD_COMM_text.csv
  ✔ [aspire:cpu] limpiado /home/luish/Documents/p3/ecofloc2/ecofloc/ecofloc-cpu/ECOFLOC_CPU_COMM_text.csv
  ✔ [aspire:nic] limpiado /home/luish/Documents/p3/ecofloc2/ecofloc/ecofloc-nic/ECOFLOC_NIC_COMM_text.csv
  ✔ [aspire:ram] limpiado /home/luish/Documents/p3/ecofloc2/ecofloc/ecofloc-ram/ECOFLOC_RAM_COMM_text.csv
  ✔ [aspire:sd] limpiado /home/luish/Documents/p3/ecofloc2/ecofloc/ecofloc-sd/ECOFLOC_SD_COMM_text.csv
  ✔ [scorpius:cpu] limpiado /home/scorpius03/Documents/ecofloc/ecofloc-cpu/ECOFLOC_CPU_COMM_text.csv
  ✔ [scorpius:nic] limpiado /home/scorpius03/Documents/ecofloc/ecofloc-nic/ECOFLOC_NIC_COMM_text.csv
  ✔ [scorpius:ram] limpiado /home/scorpius03/Documents/ecofloc/ecofloc-ram/ECOFLOC_RAM_COMM_text.csv
  ✔ [scorpius:sd] limpiado /home/scorpius03/Documents/ecofloc/ecofloc-sd/ECOFLOC_SD_COMM_text.csv
========================================
🔋 MEASURE ENERGY FINALIZADO
   Fase: fase2_preparacion_medium_iter1
========================================
✔️ [04:29:36] Medición fase2_preparacion_medium_iter1 completada
[📦] Archivando resultados → ./historyexecutions/exp(04:29:41)_fase2_medium_iter1
[✔] Archivado: ./historyexecutions/exp(04:29:41)_fase2_medium_iter1
========================================
🔋 FASE 3: Ejecución de carga (medium, iter 1)
========================================
📋 Capturando PIDs (gepidstea.sh)...
📋 Capturando PIDs de contenedores (kpsnodos.sh)...
🔋 [04:29:59] Iniciando medición de energía: fase3_carga_medium_iter1 (140s)
   PID de medición: 188935
=== Escenario medium (iter 1) ===
========================================
🔋 MEASURE ENERGY - Fase: fase3_carga_medium_iter1
   Duración: 140s
   PID: 188935
========================================
=== Medición bloque 140s - Fase: fase3_carga_medium_iter1 ===
🚀 Iniciando LIMBO con profile=/home/luish/Documents/death/teastore/TeaStore/examples/httploadgenerator/increasingMedIntensity.csv y script=/home/luish/Documents/death/teastore/TeaStore/examples/httploadgenerator/teastore_buy.lua
[⏱ 04:29:59] Iniciando ecofloc en nitro5 por 140s (fase: fase3_carga_medium_iter1)
Mar 06, 2026 4:29:59 AM tools.descartes.dlim.httploadgenerator.runner.Director executeDirector
WARNING: No power measurements
Mar 06, 2026 4:29:59 AM tools.descartes.dlim.httploadgenerator.runner.Director executeDirector
INFO: Load Generator Thread Count set to 64
Mar 06, 2026 4:29:59 AM tools.descartes.dlim.httploadgenerator.runner.Director executeDirector
INFO: URL connection timout set to 30000 ms
Mar 06, 2026 4:29:59 AM tools.descartes.dlim.httploadgenerator.runner.Director executeDirector
INFO: Using Lua Script: /home/luish/Documents/death/teastore/TeaStore/examples/httploadgenerator/teastore_buy.lua
Mar 06, 2026 4:29:59 AM tools.descartes.dlim.httploadgenerator.runner.Director process
INFO: Read 120 Arrival Rate Tuples
Load Generator sent: ok
Mar 06, 2026 4:29:59 AM tools.descartes.dlim.httploadgenerator.runner.Director process
INFO: Arrival Rates sent to Load Generator(s).
Load Generator sent: ok
Mar 06, 2026 4:29:59 AM tools.descartes.dlim.httploadgenerator.runner.Director process
INFO: Thread Count sent to Load Generator(s): 64
Load Generator sent: ok
Mar 06, 2026 4:29:59 AM tools.descartes.dlim.httploadgenerator.runner.Director process
INFO: URL connection timeout sent to Load Generator(s): 30000
Load Generator sent: ok
Mar 06, 2026 4:30:00 AM tools.descartes.dlim.httploadgenerator.runner.Director process
INFO: Contents of script sent to Load Generator: /home/luish/Documents/death/teastore/TeaStore/examples/httploadgenerator/teastore_buy.lua
Mar 06, 2026 4:30:00 AM tools.descartes.dlim.httploadgenerator.runner.Director process
INFO: Starting Load Generation
Beginning Run @1772789400016(06.03.2026;04:30:00016)
  ├─ [nitro5:sd] start 04:30:00
Target Time = 0.5; Load Intensity = 8.0; #Success = 0; #Failed = 0; #Dropped = 0
  ├─ [nitro5:ram] start 04:30:00
  ├─ [nitro5:nic] start 04:30:01
[⏱ 04:30:01] Iniciando ecofloc en aspire por 140s (fase: fase3_carga_medium_iter1)
  ├─ [nitro5:cpu] start 04:30:01
  ├─ [aspire:sd] start 04:30:01
  ├─ [aspire:ram] start 04:30:01
[⏱ 04:30:01] Iniciando ecofloc en scorpius por 140s (fase: fase3_carga_medium_iter1)
  ├─ [aspire:nic] start 04:30:01
  ├─ [aspire:cpu] start 04:30:01
  ├─ [scorpius:sd] start 04:30:01
  ├─ [scorpius:ram] start 04:30:01
  ├─ [scorpius:nic] start 04:30:01
[⏱ 04:30:01] Iniciando ecofloc en leo por 140s (fase: fase3_carga_medium_iter1)
  ├─ [scorpius:cpu] start 04:30:01
  ├─ [leo:sd] start 04:30:01
  ├─ [leo:ram] start 04:30:01
  ├─ [leo:nic] start 04:30:01
  ├─ [leo:cpu] start 04:30:01
Target Time = 1.5; Load Intensity = 16.0; #Success = 0; #Failed = 0; #Dropped = 0
Target Time = 2.5; Load Intensity = 25.0; #Success = 23; #Failed = 0; #Dropped = 0
Target Time = 3.5; Load Intensity = 33.0; #Success = 8; #Failed = 0; #Dropped = 0
Target Time = 4.5; Load Intensity = 41.0; #Success = 5; #Failed = 0; #Dropped = 0
Target Time = 5.5; Load Intensity = 50.0; #Success = 14; #Failed = 0; #Dropped = 0
Target Time = 6.5; Load Intensity = 58.0; #Success = 8; #Failed = 0; #Dropped = 0
Target Time = 7.5; Load Intensity = 66.0; #Success = 11; #Failed = 0; #Dropped = 0
Target Time = 8.5; Load Intensity = 75.0; #Success = 6; #Failed = 0; #Dropped = 0
Target Time = 9.5; Load Intensity = 83.0; #Success = 9; #Failed = 0; #Dropped = 0
Target Time = 10.5; Load Intensity = 91.0; #Success = 18; #Failed = 0; #Dropped = 0
Target Time = 11.5; Load Intensity = 100.0; #Success = 17; #Failed = 0; #Dropped = 0
Target Time = 12.5; Load Intensity = 108.0; #Success = 4; #Failed = 0; #Dropped = 0
Target Time = 13.5; Load Intensity = 116.0; #Success = 6; #Failed = 0; #Dropped = 0
Target Time = 14.5; Load Intensity = 125.0; #Success = 2; #Failed = 0; #Dropped = 0
Target Time = 15.5; Load Intensity = 133.0; #Success = 6; #Failed = 0; #Dropped = 0
Target Time = 16.5; Load Intensity = 141.0; #Success = 0; #Failed = 0; #Dropped = 0
Target Time = 17.5; Load Intensity = 150.0; #Success = 2; #Failed = 0; #Dropped = 0
Target Time = 18.5; Load Intensity = 158.0; #Success = 4; #Failed = 0; #Dropped = 0
Target Time = 19.5; Load Intensity = 166.0; #Success = 7; #Failed = 4; #Dropped = 0
Target Time = 20.5; Load Intensity = 175.0; #Success = 5; #Failed = 1; #Dropped = 0
Target Time = 21.5; Load Intensity = 183.0; #Success = 4; #Failed = 0; #Dropped = 0
Target Time = 22.5; Load Intensity = 191.0; #Success = 6; #Failed = 2; #Dropped = 0
Target Time = 23.5; Load Intensity = 200.0; #Success = 0; #Failed = 1; #Dropped = 0
Target Time = 24.5; Load Intensity = 208.0; #Success = 0; #Failed = 3; #Dropped = 0
Target Time = 25.5; Load Intensity = 216.0; #Success = 0; #Failed = 3; #Dropped = 0
Target Time = 26.5; Load Intensity = 225.0; #Success = 7; #Failed = 0; #Dropped = 0
Target Time = 27.5; Load Intensity = 233.0; #Success = 3; #Failed = 0; #Dropped = 0
Target Time = 28.5; Load Intensity = 241.0; #Success = 4; #Failed = 0; #Dropped = 0
Target Time = 29.5; Load Intensity = 250.0; #Success = 2; #Failed = 0; #Dropped = 0
Target Time = 30.5; Load Intensity = 258.0; #Success = 2; #Failed = 0; #Dropped = 0
Target Time = 31.5; Load Intensity = 266.0; #Success = 2; #Failed = 0; #Dropped = 0
Target Time = 32.5; Load Intensity = 275.0; #Success = 0; #Failed = 0; #Dropped = 0
Target Time = 33.5; Load Intensity = 283.0; #Success = 0; #Failed = 0; #Dropped = 0
Target Time = 34.5; Load Intensity = 291.0; #Success = 0; #Failed = 2; #Dropped = 0
Target Time = 35.5; Load Intensity = 300.0; #Success = 0; #Failed = 1; #Dropped = 0
Target Time = 36.5; Load Intensity = 308.0; #Success = 0; #Failed = 8; #Dropped = 0
Target Time = 37.5; Load Intensity = 316.0; #Success = 0; #Failed = 3; #Dropped = 0
Target Time = 38.5; Load Intensity = 325.0; #Success = 0; #Failed = 0; #Dropped = 0
Target Time = 39.5; Load Intensity = 333.0; #Success = 0; #Failed = 1; #Dropped = 167
Target Time = 40.5; Load Intensity = 341.0; #Success = 0; #Failed = 3; #Dropped = 68
Target Time = 41.5; Load Intensity = 350.0; #Success = 0; #Failed = 0; #Dropped = 0
Target Time = 42.5; Load Intensity = 358.0; #Success = 0; #Failed = 0; #Dropped = 0
Target Time = 43.5; Load Intensity = 366.0; #Success = 0; #Failed = 0; #Dropped = 0
Target Time = 44.5; Load Intensity = 375.0; #Success = 0; #Failed = 0; #Dropped = 0
Target Time = 45.5; Load Intensity = 383.0; #Success = 2; #Failed = 1; #Dropped = 586
Target Time = 46.5; Load Intensity = 391.0; #Success = 0; #Failed = 0; #Dropped = 0
Target Time = 47.5; Load Intensity = 400.0; #Success = 1; #Failed = 0; #Dropped = 304
Target Time = 48.5; Load Intensity = 408.0; #Success = 2; #Failed = 18; #Dropped = 131
Target Time = 49.5; Load Intensity = 416.0; #Success = 4; #Failed = 2; #Dropped = 176
Target Time = 50.5; Load Intensity = 425.0; #Success = 4; #Failed = 0; #Dropped = 143
Target Time = 51.5; Load Intensity = 433.0; #Success = 0; #Failed = 11; #Dropped = 219
Target Time = 52.5; Load Intensity = 441.0; #Success = 0; #Failed = 15; #Dropped = 29
Target Time = 53.5; Load Intensity = 450.0; #Success = 0; #Failed = 16; #Dropped = 308
Target Time = 54.5; Load Intensity = 458.0; #Success = 0; #Failed = 5; #Dropped = 84
Target Time = 55.5; Load Intensity = 466.0; #Success = 0; #Failed = 0; #Dropped = 0
Target Time = 56.5; Load Intensity = 475.0; #Success = 0; #Failed = 2; #Dropped = 424
Target Time = 57.5; Load Intensity = 483.0; #Success = 0; #Failed = 8; #Dropped = 355
Target Time = 58.5; Load Intensity = 491.0; #Success = 0; #Failed = 11; #Dropped = 243
Target Time = 59.5; Load Intensity = 500.0; #Success = 0; #Failed = 4; #Dropped = 280
Target Time = 60.5; Load Intensity = 508.0; #Success = 0; #Failed = 18; #Dropped = 187
Target Time = 61.5; Load Intensity = 516.0; #Success = 0; #Failed = 0; #Dropped = 0
Target Time = 62.5; Load Intensity = 525.0; #Success = 0; #Failed = 0; #Dropped = 0
Target Time = 63.5; Load Intensity = 533.0; #Success = 0; #Failed = 2; #Dropped = 805
Target Time = 64.5; Load Intensity = 541.0; #Success = 0; #Failed = 0; #Dropped = 0
Target Time = 65.5; Load Intensity = 550.0; #Success = 0; #Failed = 0; #Dropped = 0
Target Time = 66.5; Load Intensity = 558.0; #Success = 0; #Failed = 0; #Dropped = 0
Target Time = 67.5; Load Intensity = 566.0; #Success = 0; #Failed = 0; #Dropped = 0
Target Time = 68.5; Load Intensity = 575.0; #Success = 0; #Failed = 3; #Dropped = 1558
Target Time = 69.5; Load Intensity = 583.0; #Success = 1; #Failed = 7; #Dropped = 324
Target Time = 70.5; Load Intensity = 591.0; #Success = 0; #Failed = 15; #Dropped = 333
Target Time = 71.5; Load Intensity = 600.0; #Success = 0; #Failed = 3; #Dropped = 20
Target Time = 72.5; Load Intensity = 608.0; #Success = 0; #Failed = 10; #Dropped = 394
Target Time = 73.5; Load Intensity = 616.0; #Success = 0; #Failed = 15; #Dropped = 635
Target Time = 74.5; Load Intensity = 625.0; #Success = 0; #Failed = 7; #Dropped = 155
Target Time = 75.5; Load Intensity = 633.0; #Success = 0; #Failed = 2; #Dropped = 474
Target Time = 76.5; Load Intensity = 641.0; #Success = 0; #Failed = 0; #Dropped = 0
Target Time = 77.5; Load Intensity = 650.0; #Success = 0; #Failed = 0; #Dropped = 0
Target Time = 78.5; Load Intensity = 658.0; #Success = 0; #Failed = 2; #Dropped = 1299
Target Time = 79.5; Load Intensity = 666.0; #Success = 0; #Failed = 5; #Dropped = 211
Target Time = 80.5; Load Intensity = 675.0; #Success = 0; #Failed = 12; #Dropped = 600
Target Time = 81.5; Load Intensity = 683.0; #Success = 0; #Failed = 1; #Dropped = 411
Target Time = 82.5; Load Intensity = 691.0; #Success = 0; #Failed = 0; #Dropped = 0
Target Time = 83.5; Load Intensity = 700.0; #Success = 0; #Failed = 0; #Dropped = 0
Target Time = 84.5; Load Intensity = 708.0; #Success = 0; #Failed = 0; #Dropped = 0
Target Time = 85.5; Load Intensity = 716.0; #Success = 0; #Failed = 0; #Dropped = 0
Target Time = 86.5; Load Intensity = 725.0; #Success = 0; #Failed = 0; #Dropped = 0
Target Time = 87.5; Load Intensity = 733.0; #Success = 0; #Failed = 4; #Dropped = 2810
Target Time = 88.5; Load Intensity = 741.0; #Success = 0; #Failed = 1; #Dropped = 270
Target Time = 89.5; Load Intensity = 750.0; #Success = 0; #Failed = 3; #Dropped = 352
Target Time = 90.5; Load Intensity = 758.0; #Success = 2; #Failed = 1; #Dropped = 798
Target Time = 91.5; Load Intensity = 766.0; #Success = 0; #Failed = 0; #Dropped = 0
Target Time = 92.5; Load Intensity = 775.0; #Success = 0; #Failed = 0; #Dropped = 0
Target Time = 93.5; Load Intensity = 783.0; #Success = 0; #Failed = 1; #Dropped = 1658
Target Time = 94.5; Load Intensity = 791.0; #Success = 0; #Failed = 0; #Dropped = 0
Target Time = 95.5; Load Intensity = 800.0; #Success = 0; #Failed = 28; #Dropped = 1065
Target Time = 96.5; Load Intensity = 808.0; #Success = 0; #Failed = 10; #Dropped = 322
Target Time = 97.5; Load Intensity = 816.0; #Success = 0; #Failed = 0; #Dropped = 0
Target Time = 98.5; Load Intensity = 825.0; #Success = 3; #Failed = 0; #Dropped = 1350
Target Time = 99.5; Load Intensity = 833.0; #Success = 1; #Failed = 0; #Dropped = 96
Target Time = 100.5; Load Intensity = 841.0; #Success = 1; #Failed = 0; #Dropped = 908
Target Time = 101.5; Load Intensity = 850.0; #Success = 0; #Failed = 0; #Dropped = 0
Target Time = 102.5; Load Intensity = 858.0; #Success = 4; #Failed = 0; #Dropped = 949
Target Time = 103.5; Load Intensity = 866.0; #Success = 7; #Failed = 0; #Dropped = 1023
Target Time = 104.5; Load Intensity = 875.0; #Success = 4; #Failed = 0; #Dropped = 452
Target Time = 105.5; Load Intensity = 883.0; #Success = 0; #Failed = 2; #Dropped = 677
Target Time = 106.5; Load Intensity = 891.0; #Success = 0; #Failed = 0; #Dropped = 0
Target Time = 107.5; Load Intensity = 900.0; #Success = 0; #Failed = 1; #Dropped = 1419
Target Time = 108.5; Load Intensity = 908.0; #Success = 2; #Failed = 11; #Dropped = 646
Target Time = 109.5; Load Intensity = 916.0; #Success = 0; #Failed = 21; #Dropped = 561
Target Time = 110.5; Load Intensity = 925.0; #Success = 0; #Failed = 1; #Dropped = 336
Target Time = 111.5; Load Intensity = 933.0; #Success = 0; #Failed = 0; #Dropped = 0
Target Time = 112.5; Load Intensity = 941.0; #Success = 0; #Failed = 3; #Dropped = 1500
Target Time = 113.5; Load Intensity = 950.0; #Success = 0; #Failed = 0; #Dropped = 0
Target Time = 114.5; Load Intensity = 958.0; #Success = 0; #Failed = 2; #Dropped = 1293
Target Time = 115.5; Load Intensity = 966.0; #Success = 0; #Failed = 0; #Dropped = 0
Target Time = 116.5; Load Intensity = 975.0; #Success = 0; #Failed = 0; #Dropped = 0
Target Time = 117.5; Load Intensity = 983.0; #Success = 1; #Failed = 0; #Dropped = 2247
Target Time = 118.5; Load Intensity = 991.0; #Success = 1; #Failed = 0; #Dropped = 1025
Target Time = 119.5; Load Intensity = 1000.0; #Success = 0; #Failed = 0; #Dropped = 0
Target Time = 120.5; Load Intensity = 0.0; #Success = 2; #Failed = 0; #Dropped = 1447
Target Time = 121.5; Load Intensity = 0.0; #Success = 0; #Failed = 0; #Dropped = 0
Target Time = 122.5; Load Intensity = 0.0; #Success = 1; #Failed = 6; #Dropped = 1350
Target Time = 123.5; Load Intensity = 0.0; #Success = 0; #Failed = 5; #Dropped = 448
Target Time = 124.5; Load Intensity = 0.0; #Success = 0; #Failed = 5; #Dropped = 711
Target Time = 125.5; Load Intensity = 0.0; #Success = 0; #Failed = 1; #Dropped = 786
Target Time = 126.5; Load Intensity = 0.0; #Success = 0; #Failed = 1; #Dropped = 1521
Target Time = 127.5; Load Intensity = 0.0; #Success = 0; #Failed = 6; #Dropped = 587
Target Time = 128.5; Load Intensity = 0.0; #Success = 2; #Failed = 3; #Dropped = 723
Target Time = 129.5; Load Intensity = 0.0; #Success = 0; #Failed = 0; #Dropped = 0
Target Time = 130.5; Load Intensity = 0.0; #Success = 0; #Failed = 1; #Dropped = 1803
Target Time = 131.5; Load Intensity = 0.0; #Success = 0; #Failed = 0; #Dropped = 0
Target Time = 132.5; Load Intensity = 0.0; #Success = 0; #Failed = 0; #Dropped = 0
Target Time = 133.5; Load Intensity = 0.0; #Success = 2; #Failed = 9; #Dropped = 2706
Target Time = 134.5; Load Intensity = 0.0; #Success = 0; #Failed = 8; #Dropped = 841
Target Time = 135.5; Load Intensity = 0.0; #Success = 0; #Failed = 0; #Dropped = 0
Target Time = 136.5; Load Intensity = 0.0; #Success = 0; #Failed = 0; #Dropped = 0
Target Time = 137.5; Load Intensity = 0.0; #Success = 0; #Failed = 25; #Dropped = 2775
Target Time = 138.5; Load Intensity = 0.0; #Success = 0; #Failed = 1; #Dropped = 463
Target Time = 139.5; Load Intensity = 0.0; #Success = 4; #Failed = 8; #Dropped = 1349
  └─ [nitro5:sd] end 04:32:20
Target Time = 140.5; Load Intensity = 0.0; #Success = 0; #Failed = 9; #Dropped = 636
  └─ [nitro5:ram] end 04:32:20
  └─ [nitro5:nic] end 04:32:21
  └─ [nitro5:cpu] end 04:32:21
Target Time = 141.5; Load Intensity = 0.0; #Success = 0; #Failed = 14; #Dropped = 1122
Target Time = 142.5; Load Intensity = 0.0; #Success = 0; #Failed = 0; #Dropped = 0
Target Time = 143.5; Load Intensity = 0.0; #Success = 0; #Failed = 0; #Dropped = 0
Target Time = 144.5; Load Intensity = 0.0; #Success = 0; #Failed = 0; #Dropped = 0
Target Time = 145.5; Load Intensity = 0.0; #Success = 0; #Failed = 0; #Dropped = 0
Target Time = 146.5; Load Intensity = 0.0; #Success = 0; #Failed = 0; #Dropped = 0
  └─ [leo:nic] end 04:32:27
Target Time = 147.5; Load Intensity = 0.0; #Success = 0; #Failed = 2; #Dropped = 5700
Target Time = 148.5; Load Intensity = 0.0; #Success = 0; #Failed = 0; #Dropped = 0
Target Time = 149.5; Load Intensity = 0.0; #Success = 0; #Failed = 2; #Dropped = 1786
  └─ [leo:sd] end 04:32:30
Target Time = 150.5; Load Intensity = 0.0; #Success = 0; #Failed = 2; #Dropped = 304
  └─ [leo:cpu] end 04:32:31
Target Time = 151.5; Load Intensity = 0.0; #Success = 0; #Failed = 1; #Dropped = 0
  └─ [leo:ram] end 04:32:32
Target Time = 152.5; Load Intensity = 0.0; #Success = 0; #Failed = 2; #Dropped = 0
Target Time = 153.5; Load Intensity = 0.0; #Success = 0; #Failed = 6; #Dropped = 0
Target Time = 154.5; Load Intensity = 0.0; #Success = 0; #Failed = 11; #Dropped = 0
Target Time = 155.5; Load Intensity = 0.0; #Success = 0; #Failed = 18; #Dropped = 0
Target Time = 156.5; Load Intensity = 0.0; #Success = 0; #Failed = 7; #Dropped = 0
Target Time = 157.5; Load Intensity = 0.0; #Success = 0; #Failed = 9; #Dropped = 0
Target Time = 158.5; Load Intensity = 0.0; #Success = 0; #Failed = 4; #Dropped = 0
Target Time = 159.5; Load Intensity = 0.0; #Success = 0; #Failed = 0; #Dropped = 0
Target Time = 160.5; Load Intensity = 0.0; #Success = 0; #Failed = 0; #Dropped = 0
Target Time = 161.5; Load Intensity = 0.0; #Success = 0; #Failed = 0; #Dropped = 0
Target Time = 162.5; Load Intensity = 0.0; #Success = 0; #Failed = 0; #Dropped = 0
  └─ [aspire:sd] end 04:32:42
  └─ [aspire:nic] end 04:32:43
  └─ [aspire:cpu] end 04:32:43
  └─ [aspire:ram] end 04:32:43
Target Time = 163.5; Load Intensity = 0.0; #Success = 0; #Failed = 0; #Dropped = 0
Target Time = 164.5; Load Intensity = 0.0; #Success = 0; #Failed = 0; #Dropped = 0
  └─ [scorpius:nic] end 04:32:45
Target Time = 165.5; Load Intensity = 0.0; #Success = 0; #Failed = 1; #Dropped = 0
Target Time = 166.5; Load Intensity = 0.0; #Success = 0; #Failed = 1; #Dropped = 0
  └─ [scorpius:cpu] end 04:32:47
Target Time = 167.5; Load Intensity = 0.0; #Success = 0; #Failed = 0; #Dropped = 0
Target Time = 168.5; Load Intensity = 0.0; #Success = 0; #Failed = 0; #Dropped = 0
  └─ [scorpius:sd] end 04:32:48
Target Time = 169.5; Load Intensity = 0.0; #Success = 0; #Failed = 0; #Dropped = 0
  └─ [scorpius:ram] end 04:32:50
=== Bloque 140s terminado - Fase: fase3_carga_medium_iter1 ===
[🧹] Limpiando CSVs internos de ecofloc en cada nodo (fase: fase3_carga_medium_iter1)...
  ✔ [nitro5:cpu] limpiado /home/luish/Documents/p3/ecofloc2/ecofloc/ecofloc-cpu/ECOFLOC_CPU_COMM_text.csv
  ✔ [nitro5:nic] limpiado /home/luish/Documents/p3/ecofloc2/ecofloc/ecofloc-nic/ECOFLOC_NIC_COMM_text.csv
  ✔ [nitro5:ram] limpiado /home/luish/Documents/p3/ecofloc2/ecofloc/ecofloc-ram/ECOFLOC_RAM_COMM_text.csv
  ✔ [nitro5:sd] limpiado /home/luish/Documents/p3/ecofloc2/ecofloc/ecofloc-sd/ECOFLOC_SD_COMM_text.csv
Target Time = 170.5; Load Intensity = 0.0; #Success = 0; #Failed = 0; #Dropped = 0
Target Time = 171.5; Load Intensity = 0.0; #Success = 0; #Failed = 0; #Dropped = 0
  ✔ [leo:cpu] limpiado /home/leo/ecofloc/ecofloc-cpu/ECOFLOC_CPU_COMM_text.csv
Target Time = 172.5; Load Intensity = 0.0; #Success = 0; #Failed = 0; #Dropped = 0
Target Time = 173.5; Load Intensity = 0.0; #Success = 0; #Failed = 0; #Dropped = 0
Target Time = 174.5; Load Intensity = 0.0; #Success = 0; #Failed = 0; #Dropped = 0
  ✔ [leo:nic] limpiado /home/leo/ecofloc/ecofloc-nic/ECOFLOC_NIC_COMM_text.csv
Target Time = 175.5; Load Intensity = 0.0; #Success = 0; #Failed = 0; #Dropped = 0
  ✔ [leo:ram] limpiado /home/leo/ecofloc/ecofloc-ram/ECOFLOC_RAM_COMM_text.csv
Target Time = 176.5; Load Intensity = 0.0; #Success = 0; #Failed = 2; #Dropped = 0
  ✔ [leo:sd] limpiado /home/leo/ecofloc/ecofloc-sd/ECOFLOC_SD_COMM_text.csv
  ✔ [aspire:cpu] limpiado /home/luish/Documents/p3/ecofloc2/ecofloc/ecofloc-cpu/ECOFLOC_CPU_COMM_text.csv
  ✔ [aspire:nic] limpiado /home/luish/Documents/p3/ecofloc2/ecofloc/ecofloc-nic/ECOFLOC_NIC_COMM_text.csv
  ✔ [aspire:ram] limpiado /home/luish/Documents/p3/ecofloc2/ecofloc/ecofloc-ram/ECOFLOC_RAM_COMM_text.csv
  ✔ [aspire:sd] limpiado /home/luish/Documents/p3/ecofloc2/ecofloc/ecofloc-sd/ECOFLOC_SD_COMM_text.csv
  ✔ [scorpius:cpu] limpiado /home/scorpius03/Documents/ecofloc/ecofloc-cpu/ECOFLOC_CPU_COMM_text.csv
  ✔ [scorpius:nic] limpiado /home/scorpius03/Documents/ecofloc/ecofloc-nic/ECOFLOC_NIC_COMM_text.csv
  ✔ [scorpius:ram] limpiado /home/scorpius03/Documents/ecofloc/ecofloc-ram/ECOFLOC_RAM_COMM_text.csv
  ✔ [scorpius:sd] limpiado /home/scorpius03/Documents/ecofloc/ecofloc-sd/ECOFLOC_SD_COMM_text.csv
========================================
🔋 MEASURE ENERGY FINALIZADO
   Fase: fase3_carga_medium_iter1
========================================
Workload finished.
Log finished.
📄 LIMBO finalizado para scenario=medium
⏳ [04:33:01] Esperando que termine medición: fase3_carga_medium_iter1 (PID: 188935)
✔️ [04:33:01] Medición fase3_carga_medium_iter1 completada
[📦] Archivando resultados → ./historyexecutions/exp(04:33:06)_fase3_medium_iter1
[✔] Archivado: ./historyexecutions/exp(04:33:06)_fase3_medium_iter1
🧹 Limpiando TeaStore (iter 1)...
⏸ Esperando 15s para limpieza completa...
✅ Iteración 1 / 20 del escenario medium completada.

########################################################
🔄 ESCENARIO: medium | ITERACIÓN: 2 / 20
   Hora: 04:33:54
########################################################
========================================
🔋 FASE 1: Descarga de imágenes (medium, iter 2)
========================================
📋 Capturando PIDs (gepidstea.sh)...
📋 Capturando PIDs de contenedores (kpsnodos.sh)...
🔋 [04:34:12] Iniciando medición de energía: fase1_descarga_medium_iter2 (25s)
   PID de medición: 558180
🚀 Desplegando TeaStore desde /home/luish/Documents/death/teastore/TeaStore/examples/kubernetes/teastore-energy-scheduler.yaml...
========================================
🔋 MEASURE ENERGY - Fase: fase1_descarga_medium_iter2
   Duración: 25s
   PID: 558180
========================================
=== Medición bloque 25s - Fase: fase1_descarga_medium_iter2 ===
[⏱ 04:34:12] Iniciando ecofloc en nitro5 por 25s (fase: fase1_descarga_medium_iter2)
⏳ Esperando a que todos los pods de TeaStore estén Running y Ready...
  ├─ [nitro5:sd] start 04:34:13
  ├─ [nitro5:ram] start 04:34:13
  ├─ [nitro5:nic] start 04:34:13
[⏱ 04:34:14] Iniciando ecofloc en aspire por 25s (fase: fase1_descarga_medium_iter2)
  ├─ [nitro5:cpu] start 04:34:14
  ├─ [aspire:sd] start 04:34:14
  ├─ [aspire:ram] start 04:34:14
[⏱ 04:34:14] Iniciando ecofloc en scorpius por 25s (fase: fase1_descarga_medium_iter2)
  ├─ [aspire:nic] start 04:34:14
  ├─ [aspire:cpu] start 04:34:14
  ├─ [scorpius:sd] start 04:34:14
  ├─ [scorpius:ram] start 04:34:14
[⏱ 04:34:14] Iniciando ecofloc en leo por 25s (fase: fase1_descarga_medium_iter2)
  ├─ [scorpius:nic] start 04:34:14
  ├─ [scorpius:cpu] start 04:34:14
  ├─ [leo:sd] start 04:34:14
  ├─ [leo:ram] start 04:34:14
  ├─ [leo:nic] start 04:34:14
  ├─ [leo:cpu] start 04:34:14
✅ Pods listos.
⏳ [04:34:15] Esperando que termine medición: fase1_descarga_medium_iter2 (PID: 558180)
  └─ [nitro5:sd] end 04:34:38
  └─ [nitro5:ram] end 04:34:38
  └─ [nitro5:nic] end 04:34:38
  └─ [nitro5:cpu] end 04:34:39
  └─ [aspire:cpu] end 04:34:39
  └─ [aspire:sd] end 04:34:39
  └─ [leo:sd] end 04:34:40
  └─ [leo:cpu] end 04:34:40
  └─ [scorpius:cpu] end 04:34:40
  └─ [leo:nic] end 04:34:40
  └─ [aspire:ram] end 04:34:41
  └─ [aspire:nic] end 04:34:41
  └─ [leo:ram] end 04:34:41
  └─ [scorpius:sd] end 04:34:41
  └─ [scorpius:nic] end 04:34:41
  └─ [scorpius:ram] end 04:34:41
=== Bloque 25s terminado - Fase: fase1_descarga_medium_iter2 ===
[🧹] Limpiando CSVs internos de ecofloc en cada nodo (fase: fase1_descarga_medium_iter2)...
  ✔ [nitro5:cpu] limpiado /home/luish/Documents/p3/ecofloc2/ecofloc/ecofloc-cpu/ECOFLOC_CPU_COMM_text.csv
  ✔ [nitro5:nic] limpiado /home/luish/Documents/p3/ecofloc2/ecofloc/ecofloc-nic/ECOFLOC_NIC_COMM_text.csv
  ✔ [nitro5:ram] limpiado /home/luish/Documents/p3/ecofloc2/ecofloc/ecofloc-ram/ECOFLOC_RAM_COMM_text.csv
  ✔ [nitro5:sd] limpiado /home/luish/Documents/p3/ecofloc2/ecofloc/ecofloc-sd/ECOFLOC_SD_COMM_text.csv
  ✔ [leo:cpu] limpiado /home/leo/ecofloc/ecofloc-cpu/ECOFLOC_CPU_COMM_text.csv
  ✔ [leo:nic] limpiado /home/leo/ecofloc/ecofloc-nic/ECOFLOC_NIC_COMM_text.csv
  ✔ [leo:ram] limpiado /home/leo/ecofloc/ecofloc-ram/ECOFLOC_RAM_COMM_text.csv
  ✔ [leo:sd] limpiado /home/leo/ecofloc/ecofloc-sd/ECOFLOC_SD_COMM_text.csv
  ✔ [aspire:cpu] limpiado /home/luish/Documents/p3/ecofloc2/ecofloc/ecofloc-cpu/ECOFLOC_CPU_COMM_text.csv
  ✔ [aspire:nic] limpiado /home/luish/Documents/p3/ecofloc2/ecofloc/ecofloc-nic/ECOFLOC_NIC_COMM_text.csv
  ✔ [aspire:ram] limpiado /home/luish/Documents/p3/ecofloc2/ecofloc/ecofloc-ram/ECOFLOC_RAM_COMM_text.csv
  ✔ [aspire:sd] limpiado /home/luish/Documents/p3/ecofloc2/ecofloc/ecofloc-sd/ECOFLOC_SD_COMM_text.csv
  ✔ [scorpius:cpu] limpiado /home/scorpius03/Documents/ecofloc/ecofloc-cpu/ECOFLOC_CPU_COMM_text.csv
  ✔ [scorpius:nic] limpiado /home/scorpius03/Documents/ecofloc/ecofloc-nic/ECOFLOC_NIC_COMM_text.csv
  ✔ [scorpius:ram] limpiado /home/scorpius03/Documents/ecofloc/ecofloc-ram/ECOFLOC_RAM_COMM_text.csv
  ✔ [scorpius:sd] limpiado /home/scorpius03/Documents/ecofloc/ecofloc-sd/ECOFLOC_SD_COMM_text.csv
========================================
🔋 MEASURE ENERGY FINALIZADO
   Fase: fase1_descarga_medium_iter2
========================================
✔️ [04:34:45] Medición fase1_descarga_medium_iter2 completada
[📦] Archivando resultados → ./historyexecutions/exp(04:34:50)_fase1_medium_iter2
[✔] Archivado: ./historyexecutions/exp(04:34:50)_fase1_medium_iter2
========================================
🔋 FASE 2: Preparación de servicios (medium, iter 2)
========================================
📋 Capturando PIDs (gepidstea.sh)...
📋 Capturando PIDs de contenedores (kpsnodos.sh)...
🔋 [04:35:09] Iniciando medición de energía: fase2_preparacion_medium_iter2 (50s)
   PID de medición: 624263
========================================
🔋 MEASURE ENERGY - Fase: fase2_preparacion_medium_iter2
   Duración: 50s
   PID: 624263
========================================
=== Medición bloque 50s - Fase: fase2_preparacion_medium_iter2 ===
[⏱ 04:35:09] Iniciando ecofloc en nitro5 por 50s (fase: fase2_preparacion_medium_iter2)
⏳ Esperando 10s a que CoreDNS se estabilice...
  ├─ [nitro5:sd] start 04:35:09
  ├─ [nitro5:ram] start 04:35:10
  ├─ [nitro5:nic] start 04:35:10
[⏱ 04:35:10] Iniciando ecofloc en aspire por 50s (fase: fase2_preparacion_medium_iter2)
  ├─ [nitro5:cpu] start 04:35:10
  ├─ [aspire:sd] start 04:35:10
  ├─ [aspire:ram] start 04:35:10
[⏱ 04:35:10] Iniciando ecofloc en scorpius por 50s (fase: fase2_preparacion_medium_iter2)
  ├─ [aspire:nic] start 04:35:10
  ├─ [aspire:cpu] start 04:35:10
  ├─ [scorpius:sd] start 04:35:10
  ├─ [scorpius:ram] start 04:35:10
  ├─ [scorpius:nic] start 04:35:10
[⏱ 04:35:10] Iniciando ecofloc en leo por 50s (fase: fase2_preparacion_medium_iter2)
  ├─ [scorpius:cpu] start 04:35:10
  ├─ [leo:sd] start 04:35:10
  ├─ [leo:ram] start 04:35:10
  ├─ [leo:cpu] start 04:35:10
  ├─ [leo:nic] start 04:35:10
➡️ Pod WebUI: teastore-webui-ff7768544-tzx9n
➡️ Está en el nodo: scorpius03
🌐 IP del nodo WebUI: 192.168.18.34
⏳ Verificando estado del TeaStore en http://192.168.18.34:30080/tools.descartes.teastore.webui/status ...
   ➤ Estado actual: 5 / 5 servicios OK
✔ TODOS los servicios del TeaStore están OK. Continuando...
⏳ [04:35:24] Esperando que termine medición: fase2_preparacion_medium_iter2 (PID: 624263)
  └─ [nitro5:sd] end 04:35:59
  └─ [nitro5:ram] end 04:36:00
  └─ [nitro5:nic] end 04:36:00
  └─ [nitro5:cpu] end 04:36:00
  └─ [aspire:sd] end 04:36:01
  └─ [aspire:cpu] end 04:36:01
  └─ [aspire:nic] end 04:36:01
  └─ [leo:cpu] end 04:36:03
  └─ [leo:sd] end 04:36:03
  └─ [aspire:ram] end 04:36:04
  └─ [leo:nic] end 04:36:05
  └─ [scorpius:cpu] end 04:36:05
  └─ [scorpius:sd] end 04:36:05
  └─ [leo:ram] end 04:36:06
  └─ [scorpius:nic] end 04:36:06
  └─ [scorpius:ram] end 04:36:07
=== Bloque 50s terminado - Fase: fase2_preparacion_medium_iter2 ===
[🧹] Limpiando CSVs internos de ecofloc en cada nodo (fase: fase2_preparacion_medium_iter2)...
  ✔ [nitro5:cpu] limpiado /home/luish/Documents/p3/ecofloc2/ecofloc/ecofloc-cpu/ECOFLOC_CPU_COMM_text.csv
  ✔ [nitro5:nic] limpiado /home/luish/Documents/p3/ecofloc2/ecofloc/ecofloc-nic/ECOFLOC_NIC_COMM_text.csv
  ✔ [nitro5:ram] limpiado /home/luish/Documents/p3/ecofloc2/ecofloc/ecofloc-ram/ECOFLOC_RAM_COMM_text.csv
  ✔ [nitro5:sd] limpiado /home/luish/Documents/p3/ecofloc2/ecofloc/ecofloc-sd/ECOFLOC_SD_COMM_text.csv
  ✔ [leo:cpu] limpiado /home/leo/ecofloc/ecofloc-cpu/ECOFLOC_CPU_COMM_text.csv
  ✔ [leo:nic] limpiado /home/leo/ecofloc/ecofloc-nic/ECOFLOC_NIC_COMM_text.csv
  ✔ [leo:ram] limpiado /home/leo/ecofloc/ecofloc-ram/ECOFLOC_RAM_COMM_text.csv
  ✔ [leo:sd] limpiado /home/leo/ecofloc/ecofloc-sd/ECOFLOC_SD_COMM_text.csv
  ✔ [aspire:cpu] limpiado /home/luish/Documents/p3/ecofloc2/ecofloc/ecofloc-cpu/ECOFLOC_CPU_COMM_text.csv
  ✔ [aspire:nic] limpiado /home/luish/Documents/p3/ecofloc2/ecofloc/ecofloc-nic/ECOFLOC_NIC_COMM_text.csv
  ✔ [aspire:ram] limpiado /home/luish/Documents/p3/ecofloc2/ecofloc/ecofloc-ram/ECOFLOC_RAM_COMM_text.csv
  ✔ [aspire:sd] limpiado /home/luish/Documents/p3/ecofloc2/ecofloc/ecofloc-sd/ECOFLOC_SD_COMM_text.csv
  ✔ [scorpius:cpu] limpiado /home/scorpius03/Documents/ecofloc/ecofloc-cpu/ECOFLOC_CPU_COMM_text.csv
  ✔ [scorpius:nic] limpiado /home/scorpius03/Documents/ecofloc/ecofloc-nic/ECOFLOC_NIC_COMM_text.csv
  ✔ [scorpius:ram] limpiado /home/scorpius03/Documents/ecofloc/ecofloc-ram/ECOFLOC_RAM_COMM_text.csv
  ✔ [scorpius:sd] limpiado /home/scorpius03/Documents/ecofloc/ecofloc-sd/ECOFLOC_SD_COMM_text.csv
========================================
🔋 MEASURE ENERGY FINALIZADO
   Fase: fase2_preparacion_medium_iter2
========================================
✔️ [04:36:11] Medición fase2_preparacion_medium_iter2 completada
[📦] Archivando resultados → ./historyexecutions/exp(04:36:16)_fase2_medium_iter2
[✔] Archivado: ./historyexecutions/exp(04:36:16)_fase2_medium_iter2
========================================
🔋 FASE 3: Ejecución de carga (medium, iter 2)
========================================
📋 Capturando PIDs (gepidstea.sh)...
📋 Capturando PIDs de contenedores (kpsnodos.sh)...
🔋 [04:36:34] Iniciando medición de energía: fase3_carga_medium_iter2 (140s)
   PID de medición: 755757
=== Escenario medium (iter 2) ===
========================================
🔋 MEASURE ENERGY - Fase: fase3_carga_medium_iter2
   Duración: 140s
   PID: 755757
========================================
=== Medición bloque 140s - Fase: fase3_carga_medium_iter2 ===
🚀 Iniciando LIMBO con profile=/home/luish/Documents/death/teastore/TeaStore/examples/httploadgenerator/increasingMedIntensity.csv y script=/home/luish/Documents/death/teastore/TeaStore/examples/httploadgenerator/teastore_buy.lua
[⏱ 04:36:34] Iniciando ecofloc en nitro5 por 140s (fase: fase3_carga_medium_iter2)
Mar 06, 2026 4:36:35 AM tools.descartes.dlim.httploadgenerator.runner.Director executeDirector
WARNING: No power measurements
Mar 06, 2026 4:36:35 AM tools.descartes.dlim.httploadgenerator.runner.Director executeDirector
INFO: Load Generator Thread Count set to 64
Mar 06, 2026 4:36:35 AM tools.descartes.dlim.httploadgenerator.runner.Director executeDirector
INFO: URL connection timout set to 30000 ms
Mar 06, 2026 4:36:35 AM tools.descartes.dlim.httploadgenerator.runner.Director executeDirector
INFO: Using Lua Script: /home/luish/Documents/death/teastore/TeaStore/examples/httploadgenerator/teastore_buy.lua
Mar 06, 2026 4:36:35 AM tools.descartes.dlim.httploadgenerator.runner.Director process
INFO: Read 120 Arrival Rate Tuples
Load Generator sent: ok
Mar 06, 2026 4:36:35 AM tools.descartes.dlim.httploadgenerator.runner.Director process
INFO: Arrival Rates sent to Load Generator(s).
Load Generator sent: ok
Mar 06, 2026 4:36:35 AM tools.descartes.dlim.httploadgenerator.runner.Director process
INFO: Thread Count sent to Load Generator(s): 64
Load Generator sent: ok
Mar 06, 2026 4:36:35 AM tools.descartes.dlim.httploadgenerator.runner.Director process
INFO: URL connection timeout sent to Load Generator(s): 30000
Load Generator sent: ok
Mar 06, 2026 4:36:35 AM tools.descartes.dlim.httploadgenerator.runner.Director process
INFO: Contents of script sent to Load Generator: /home/luish/Documents/death/teastore/TeaStore/examples/httploadgenerator/teastore_buy.lua
Mar 06, 2026 4:36:35 AM tools.descartes.dlim.httploadgenerator.runner.Director process
INFO: Starting Load Generation
Beginning Run @1772789795095(06.03.2026;04:36:35095)
  ├─ [nitro5:sd] start 04:36:35
Target Time = 0.5; Load Intensity = 8.0; #Success = 0; #Failed = 0; #Dropped = 0
  ├─ [nitro5:ram] start 04:36:35
  ├─ [nitro5:nic] start 04:36:36
[⏱ 04:36:36] Iniciando ecofloc en aspire por 140s (fase: fase3_carga_medium_iter2)
  ├─ [nitro5:cpu] start 04:36:36
  ├─ [aspire:sd] start 04:36:36
  ├─ [aspire:ram] start 04:36:36
[⏱ 04:36:36] Iniciando ecofloc en scorpius por 140s (fase: fase3_carga_medium_iter2)
  ├─ [aspire:nic] start 04:36:36
  ├─ [aspire:cpu] start 04:36:36
  ├─ [scorpius:sd] start 04:36:36
  ├─ [scorpius:ram] start 04:36:36
  ├─ [scorpius:nic] start 04:36:36
[⏱ 04:36:36] Iniciando ecofloc en leo por 140s (fase: fase3_carga_medium_iter2)
  ├─ [scorpius:cpu] start 04:36:36
  ├─ [leo:sd] start 04:36:36
  ├─ [leo:ram] start 04:36:36
  ├─ [leo:nic] start 04:36:36
  ├─ [leo:cpu] start 04:36:36
Target Time = 1.5; Load Intensity = 16.0; #Success = 0; #Failed = 0; #Dropped = 0
Target Time = 2.5; Load Intensity = 25.0; #Success = 6; #Failed = 0; #Dropped = 0
Target Time = 3.5; Load Intensity = 33.0; #Success = 2; #Failed = 0; #Dropped = 0
Target Time = 4.5; Load Intensity = 41.0; #Success = 8; #Failed = 0; #Dropped = 0
Target Time = 5.5; Load Intensity = 50.0; #Success = 6; #Failed = 0; #Dropped = 0
Target Time = 6.5; Load Intensity = 58.0; #Success = 0; #Failed = 0; #Dropped = 0
Target Time = 7.5; Load Intensity = 66.0; #Success = 0; #Failed = 0; #Dropped = 0
Target Time = 8.5; Load Intensity = 75.0; #Success = 0; #Failed = 3; #Dropped = 0
Target Time = 9.5; Load Intensity = 83.0; #Success = 0; #Failed = 6; #Dropped = 0
Target Time = 10.5; Load Intensity = 91.0; #Success = 1; #Failed = 2; #Dropped = 0
Target Time = 11.5; Load Intensity = 100.0; #Success = 7; #Failed = 0; #Dropped = 0
Target Time = 12.5; Load Intensity = 108.0; #Success = 3; #Failed = 0; #Dropped = 0
Target Time = 13.5; Load Intensity = 116.0; #Success = 0; #Failed = 0; #Dropped = 0
Target Time = 14.5; Load Intensity = 125.0; #Success = 1; #Failed = 0; #Dropped = 0
Target Time = 15.5; Load Intensity = 133.0; #Success = 3; #Failed = 0; #Dropped = 0
Target Time = 16.5; Load Intensity = 141.0; #Success = 4; #Failed = 0; #Dropped = 0
Target Time = 17.5; Load Intensity = 150.0; #Success = 4; #Failed = 0; #Dropped = 0
Target Time = 18.5; Load Intensity = 158.0; #Success = 2; #Failed = 0; #Dropped = 0
Target Time = 19.5; Load Intensity = 166.0; #Success = 6; #Failed = 8; #Dropped = 0
Target Time = 20.5; Load Intensity = 175.0; #Success = 5; #Failed = 0; #Dropped = 0
Target Time = 21.5; Load Intensity = 183.0; #Success = 2; #Failed = 0; #Dropped = 0
Target Time = 22.5; Load Intensity = 191.0; #Success = 2; #Failed = 5; #Dropped = 0
Target Time = 23.5; Load Intensity = 200.0; #Success = 4; #Failed = 16; #Dropped = 0
Target Time = 24.5; Load Intensity = 208.0; #Success = 1; #Failed = 5; #Dropped = 0
Target Time = 25.5; Load Intensity = 216.0; #Success = 1; #Failed = 1; #Dropped = 0
Target Time = 26.5; Load Intensity = 225.0; #Success = 2; #Failed = 2; #Dropped = 0
Target Time = 27.5; Load Intensity = 233.0; #Success = 6; #Failed = 1; #Dropped = 0
Target Time = 28.5; Load Intensity = 241.0; #Success = 0; #Failed = 3; #Dropped = 0
Target Time = 29.5; Load Intensity = 250.0; #Success = 1; #Failed = 4; #Dropped = 0
Target Time = 30.5; Load Intensity = 258.0; #Success = 0; #Failed = 3; #Dropped = 0
Target Time = 31.5; Load Intensity = 266.0; #Success = 0; #Failed = 0; #Dropped = 0
Target Time = 32.5; Load Intensity = 275.0; #Success = 4; #Failed = 1; #Dropped = 0
Target Time = 33.5; Load Intensity = 283.0; #Success = 1; #Failed = 3; #Dropped = 0
Target Time = 34.5; Load Intensity = 291.0; #Success = 1; #Failed = 1; #Dropped = 0
Target Time = 35.5; Load Intensity = 300.0; #Success = 4; #Failed = 5; #Dropped = 0
Target Time = 36.5; Load Intensity = 308.0; #Success = 0; #Failed = 5; #Dropped = 9
Target Time = 37.5; Load Intensity = 316.0; #Success = 5; #Failed = 7; #Dropped = 52
Target Time = 38.5; Load Intensity = 325.0; #Success = 1; #Failed = 14; #Dropped = 50
Target Time = 39.5; Load Intensity = 333.0; #Success = 2; #Failed = 5; #Dropped = 69
Target Time = 40.5; Load Intensity = 341.0; #Success = 2; #Failed = 2; #Dropped = 95
Target Time = 41.5; Load Intensity = 350.0; #Success = 0; #Failed = 5; #Dropped = 89
Target Time = 42.5; Load Intensity = 358.0; #Success = 3; #Failed = 2; #Dropped = 114
Target Time = 43.5; Load Intensity = 366.0; #Success = 1; #Failed = 3; #Dropped = 96
Target Time = 44.5; Load Intensity = 375.0; #Success = 0; #Failed = 6; #Dropped = 137
Target Time = 45.5; Load Intensity = 383.0; #Success = 0; #Failed = 8; #Dropped = 134
Target Time = 46.5; Load Intensity = 391.0; #Success = 0; #Failed = 2; #Dropped = 54
Target Time = 47.5; Load Intensity = 400.0; #Success = 0; #Failed = 0; #Dropped = 0
Target Time = 48.5; Load Intensity = 408.0; #Success = 0; #Failed = 0; #Dropped = 0
Target Time = 49.5; Load Intensity = 416.0; #Success = 0; #Failed = 0; #Dropped = 0
Target Time = 50.5; Load Intensity = 425.0; #Success = 1; #Failed = 2; #Dropped = 696
Target Time = 51.5; Load Intensity = 433.0; #Success = 1; #Failed = 2; #Dropped = 171
Target Time = 52.5; Load Intensity = 441.0; #Success = 1; #Failed = 3; #Dropped = 220
Target Time = 53.5; Load Intensity = 450.0; #Success = 2; #Failed = 17; #Dropped = 173
Target Time = 54.5; Load Intensity = 458.0; #Success = 0; #Failed = 6; #Dropped = 190
Target Time = 55.5; Load Intensity = 466.0; #Success = 1; #Failed = 5; #Dropped = 209
Target Time = 56.5; Load Intensity = 475.0; #Success = 2; #Failed = 4; #Dropped = 224
Target Time = 57.5; Load Intensity = 483.0; #Success = 0; #Failed = 7; #Dropped = 239
Target Time = 58.5; Load Intensity = 491.0; #Success = 2; #Failed = 3; #Dropped = 214
Target Time = 59.5; Load Intensity = 500.0; #Success = 1; #Failed = 2; #Dropped = 243
Target Time = 60.5; Load Intensity = 508.0; #Success = 4; #Failed = 4; #Dropped = 276
Target Time = 61.5; Load Intensity = 516.0; #Success = 0; #Failed = 6; #Dropped = 256
Target Time = 62.5; Load Intensity = 525.0; #Success = 0; #Failed = 6; #Dropped = 268
Target Time = 63.5; Load Intensity = 533.0; #Success = 1; #Failed = 4; #Dropped = 290
Target Time = 64.5; Load Intensity = 541.0; #Success = 0; #Failed = 6; #Dropped = 251
Target Time = 65.5; Load Intensity = 550.0; #Success = 0; #Failed = 2; #Dropped = 100
Target Time = 66.5; Load Intensity = 558.0; #Success = 0; #Failed = 0; #Dropped = 0
Target Time = 67.5; Load Intensity = 566.0; #Success = 1; #Failed = 0; #Dropped = 611
Target Time = 68.5; Load Intensity = 575.0; #Success = 1; #Failed = 0; #Dropped = 491
Target Time = 69.5; Load Intensity = 583.0; #Success = 1; #Failed = 1; #Dropped = 273
Target Time = 70.5; Load Intensity = 591.0; #Success = 2; #Failed = 11; #Dropped = 444
Target Time = 71.5; Load Intensity = 600.0; #Success = 4; #Failed = 3; #Dropped = 327
Target Time = 72.5; Load Intensity = 608.0; #Success = 2; #Failed = 0; #Dropped = 424
Target Time = 73.5; Load Intensity = 616.0; #Success = 2; #Failed = 4; #Dropped = 223
Target Time = 74.5; Load Intensity = 625.0; #Success = 2; #Failed = 11; #Dropped = 466
Target Time = 75.5; Load Intensity = 633.0; #Success = 1; #Failed = 4; #Dropped = 278
Target Time = 76.5; Load Intensity = 641.0; #Success = 0; #Failed = 0; #Dropped = 0
Target Time = 77.5; Load Intensity = 650.0; #Success = 0; #Failed = 1; #Dropped = 833
Target Time = 78.5; Load Intensity = 658.0; #Success = 0; #Failed = 1; #Dropped = 248
Target Time = 79.5; Load Intensity = 666.0; #Success = 1; #Failed = 3; #Dropped = 628
Target Time = 80.5; Load Intensity = 675.0; #Success = 1; #Failed = 0; #Dropped = 106
Target Time = 81.5; Load Intensity = 683.0; #Success = 5; #Failed = 8; #Dropped = 652
Target Time = 82.5; Load Intensity = 691.0; #Success = 0; #Failed = 0; #Dropped = 0
Target Time = 83.5; Load Intensity = 700.0; #Success = 0; #Failed = 0; #Dropped = 0
Target Time = 84.5; Load Intensity = 708.0; #Success = 1; #Failed = 13; #Dropped = 1268
Target Time = 85.5; Load Intensity = 716.0; #Success = 3; #Failed = 0; #Dropped = 236
Target Time = 86.5; Load Intensity = 725.0; #Success = 0; #Failed = 0; #Dropped = 0
Target Time = 87.5; Load Intensity = 733.0; #Success = 0; #Failed = 0; #Dropped = 0
Target Time = 88.5; Load Intensity = 741.0; #Success = 1; #Failed = 0; #Dropped = 1503
Target Time = 89.5; Load Intensity = 750.0; #Success = 2; #Failed = 10; #Dropped = 784
Target Time = 90.5; Load Intensity = 758.0; #Success = 0; #Failed = 8; #Dropped = 529
Target Time = 91.5; Load Intensity = 766.0; #Success = 0; #Failed = 5; #Dropped = 419
Target Time = 92.5; Load Intensity = 775.0; #Success = 2; #Failed = 3; #Dropped = 477
Target Time = 93.5; Load Intensity = 783.0; #Success = 0; #Failed = 1; #Dropped = 596
Target Time = 94.5; Load Intensity = 791.0; #Success = 3; #Failed = 1; #Dropped = 248
Target Time = 95.5; Load Intensity = 800.0; #Success = 1; #Failed = 1; #Dropped = 701
Target Time = 96.5; Load Intensity = 808.0; #Success = 1; #Failed = 4; #Dropped = 753
Target Time = 97.5; Load Intensity = 816.0; #Success = 4; #Failed = 2; #Dropped = 567
Target Time = 98.5; Load Intensity = 825.0; #Success = 3; #Failed = 2; #Dropped = 533
Target Time = 99.5; Load Intensity = 833.0; #Success = 2; #Failed = 2; #Dropped = 617
Target Time = 100.5; Load Intensity = 841.0; #Success = 2; #Failed = 3; #Dropped = 615
Target Time = 101.5; Load Intensity = 850.0; #Success = 0; #Failed = 1; #Dropped = 233
Target Time = 102.5; Load Intensity = 858.0; #Success = 1; #Failed = 1; #Dropped = 922
Target Time = 103.5; Load Intensity = 866.0; #Success = 0; #Failed = 5; #Dropped = 396
Target Time = 104.5; Load Intensity = 875.0; #Success = 3; #Failed = 0; #Dropped = 430
Target Time = 105.5; Load Intensity = 883.0; #Success = 0; #Failed = 4; #Dropped = 1120
Target Time = 106.5; Load Intensity = 891.0; #Success = 1; #Failed = 4; #Dropped = 528
Target Time = 107.5; Load Intensity = 900.0; #Success = 0; #Failed = 5; #Dropped = 646
Target Time = 108.5; Load Intensity = 908.0; #Success = 0; #Failed = 3; #Dropped = 518
Target Time = 109.5; Load Intensity = 916.0; #Success = 1; #Failed = 1; #Dropped = 840
Target Time = 110.5; Load Intensity = 925.0; #Success = 0; #Failed = 5; #Dropped = 36
Target Time = 111.5; Load Intensity = 933.0; #Success = 3; #Failed = 1; #Dropped = 1249
Target Time = 112.5; Load Intensity = 941.0; #Success = 1; #Failed = 8; #Dropped = 682
Target Time = 113.5; Load Intensity = 950.0; #Success = 0; #Failed = 2; #Dropped = 299
Target Time = 114.5; Load Intensity = 958.0; #Success = 0; #Failed = 4; #Dropped = 747
Target Time = 115.5; Load Intensity = 966.0; #Success = 3; #Failed = 5; #Dropped = 965
Target Time = 116.5; Load Intensity = 975.0; #Success = 0; #Failed = 0; #Dropped = 0
Target Time = 117.5; Load Intensity = 983.0; #Success = 0; #Failed = 2; #Dropped = 1547
Target Time = 118.5; Load Intensity = 991.0; #Success = 0; #Failed = 1; #Dropped = 699
Target Time = 119.5; Load Intensity = 1000.0; #Success = 1; #Failed = 0; #Dropped = 763
Target Time = 120.5; Load Intensity = 0.0; #Success = 1; #Failed = 0; #Dropped = 309
Target Time = 121.5; Load Intensity = 0.0; #Success = 1; #Failed = 1; #Dropped = 1043
Target Time = 122.5; Load Intensity = 0.0; #Success = 0; #Failed = 1; #Dropped = 552
Target Time = 123.5; Load Intensity = 0.0; #Success = 0; #Failed = 0; #Dropped = 0
Target Time = 124.5; Load Intensity = 0.0; #Success = 3; #Failed = 0; #Dropped = 2029
Target Time = 125.5; Load Intensity = 0.0; #Success = 1; #Failed = 1; #Dropped = 801
Target Time = 126.5; Load Intensity = 0.0; #Success = 1; #Failed = 1; #Dropped = 836
Target Time = 127.5; Load Intensity = 0.0; #Success = 0; #Failed = 0; #Dropped = 0
Target Time = 128.5; Load Intensity = 0.0; #Success = 1; #Failed = 2; #Dropped = 1210
Target Time = 129.5; Load Intensity = 0.0; #Success = 1; #Failed = 0; #Dropped = 1263
Target Time = 130.5; Load Intensity = 0.0; #Success = 0; #Failed = 2; #Dropped = 610
Target Time = 131.5; Load Intensity = 0.0; #Success = 1; #Failed = 0; #Dropped = 396
Target Time = 132.5; Load Intensity = 0.0; #Success = 0; #Failed = 0; #Dropped = 0
Target Time = 133.5; Load Intensity = 0.0; #Success = 3; #Failed = 0; #Dropped = 2022
Target Time = 134.5; Load Intensity = 0.0; #Success = 2; #Failed = 3; #Dropped = 1196
Target Time = 135.5; Load Intensity = 0.0; #Success = 0; #Failed = 8; #Dropped = 895
Target Time = 136.5; Load Intensity = 0.0; #Success = 3; #Failed = 3; #Dropped = 583
Target Time = 137.5; Load Intensity = 0.0; #Success = 3; #Failed = 0; #Dropped = 1078
Target Time = 138.5; Load Intensity = 0.0; #Success = 2; #Failed = 1; #Dropped = 929
Target Time = 139.5; Load Intensity = 0.0; #Success = 1; #Failed = 7; #Dropped = 1013
  └─ [nitro5:sd] end 04:38:55
Target Time = 140.5; Load Intensity = 0.0; #Success = 2; #Failed = 4; #Dropped = 933
  └─ [nitro5:ram] end 04:38:55
  └─ [nitro5:nic] end 04:38:56
  └─ [nitro5:cpu] end 04:38:56
Target Time = 141.5; Load Intensity = 0.0; #Success = 1; #Failed = 4; #Dropped = 858
Target Time = 142.5; Load Intensity = 0.0; #Success = 2; #Failed = 5; #Dropped = 936
Target Time = 143.5; Load Intensity = 0.0; #Success = 2; #Failed = 3; #Dropped = 776
Target Time = 144.5; Load Intensity = 0.0; #Success = 0; #Failed = 1; #Dropped = 296
Target Time = 145.5; Load Intensity = 0.0; #Success = 0; #Failed = 1; #Dropped = 1252
Target Time = 146.5; Load Intensity = 0.0; #Success = 0; #Failed = 0; #Dropped = 0
Target Time = 147.5; Load Intensity = 0.0; #Success = 1; #Failed = 3; #Dropped = 2498
Target Time = 148.5; Load Intensity = 0.0; #Success = 1; #Failed = 25; #Dropped = 1045
  └─ [leo:cpu] end 04:39:04
Target Time = 149.5; Load Intensity = 0.0; #Success = 1; #Failed = 1; #Dropped = 783
Target Time = 150.5; Load Intensity = 0.0; #Success = 0; #Failed = 1; #Dropped = 214
Target Time = 151.5; Load Intensity = 0.0; #Success = 1; #Failed = 4; #Dropped = 0
Target Time = 152.5; Load Intensity = 0.0; #Success = 0; #Failed = 0; #Dropped = 0
Target Time = 153.5; Load Intensity = 0.0; #Success = 1; #Failed = 2; #Dropped = 0
Target Time = 154.5; Load Intensity = 0.0; #Success = 0; #Failed = 1; #Dropped = 0
Target Time = 155.5; Load Intensity = 0.0; #Success = 1; #Failed = 5; #Dropped = 0
  └─ [leo:nic] end 04:39:10
  └─ [leo:ram] end 04:39:11
Target Time = 156.5; Load Intensity = 0.0; #Success = 1; #Failed = 2; #Dropped = 0
Target Time = 157.5; Load Intensity = 0.0; #Success = 0; #Failed = 0; #Dropped = 0
Target Time = 158.5; Load Intensity = 0.0; #Success = 0; #Failed = 0; #Dropped = 0
Target Time = 159.5; Load Intensity = 0.0; #Success = 0; #Failed = 0; #Dropped = 0
Target Time = 160.5; Load Intensity = 0.0; #Success = 0; #Failed = 0; #Dropped = 0
  └─ [leo:sd] end 04:39:16
Target Time = 161.5; Load Intensity = 0.0; #Success = 0; #Failed = 0; #Dropped = 0
Target Time = 162.5; Load Intensity = 0.0; #Success = 0; #Failed = 2; #Dropped = 0
Target Time = 163.5; Load Intensity = 0.0; #Success = 1; #Failed = 0; #Dropped = 0
Target Time = 164.5; Load Intensity = 0.0; #Success = 0; #Failed = 2; #Dropped = 0
Target Time = 165.5; Load Intensity = 0.0; #Success = 2; #Failed = 6; #Dropped = 0
  └─ [aspire:nic] end 04:39:21
Target Time = 166.5; Load Intensity = 0.0; #Success = 0; #Failed = 7; #Dropped = 0
  └─ [aspire:cpu] end 04:39:22
  └─ [aspire:sd] end 04:39:22
  └─ [aspire:ram] end 04:39:22
Target Time = 167.5; Load Intensity = 0.0; #Success = 0; #Failed = 2; #Dropped = 0
Target Time = 168.5; Load Intensity = 0.0; #Success = 0; #Failed = 7; #Dropped = 0
Target Time = 169.5; Load Intensity = 0.0; #Success = 0; #Failed = 15; #Dropped = 0
Target Time = 170.5; Load Intensity = 0.0; #Success = 0; #Failed = 0; #Dropped = 0
Target Time = 171.5; Load Intensity = 0.0; #Success = 0; #Failed = 0; #Dropped = 0
Target Time = 172.5; Load Intensity = 0.0; #Success = 0; #Failed = 0; #Dropped = 0
  └─ [scorpius:sd] end 04:39:28
Target Time = 173.5; Load Intensity = 0.0; #Success = 0; #Failed = 0; #Dropped = 0
Target Time = 174.5; Load Intensity = 0.0; #Success = 0; #Failed = 0; #Dropped = 0
Target Time = 175.5; Load Intensity = 0.0; #Success = 0; #Failed = 0; #Dropped = 0
  └─ [scorpius:cpu] end 04:39:30
Target Time = 176.5; Load Intensity = 0.0; #Success = 0; #Failed = 0; #Dropped = 0
Target Time = 177.5; Load Intensity = 0.0; #Success = 0; #Failed = 0; #Dropped = 0
Target Time = 178.5; Load Intensity = 0.0; #Success = 1; #Failed = 0; #Dropped = 0
  └─ [scorpius:ram] end 04:39:33
  └─ [scorpius:nic] end 04:39:33
=== Bloque 140s terminado - Fase: fase3_carga_medium_iter2 ===
[🧹] Limpiando CSVs internos de ecofloc en cada nodo (fase: fase3_carga_medium_iter2)...
  ✔ [nitro5:cpu] limpiado /home/luish/Documents/p3/ecofloc2/ecofloc/ecofloc-cpu/ECOFLOC_CPU_COMM_text.csv
  ✔ [nitro5:nic] limpiado /home/luish/Documents/p3/ecofloc2/ecofloc/ecofloc-nic/ECOFLOC_NIC_COMM_text.csv
  ✔ [nitro5:ram] limpiado /home/luish/Documents/p3/ecofloc2/ecofloc/ecofloc-ram/ECOFLOC_RAM_COMM_text.csv
  ✔ [nitro5:sd] limpiado /home/luish/Documents/p3/ecofloc2/ecofloc/ecofloc-sd/ECOFLOC_SD_COMM_text.csv
  ✔ [leo:cpu] limpiado /home/leo/ecofloc/ecofloc-cpu/ECOFLOC_CPU_COMM_text.csv
  ✔ [leo:nic] limpiado /home/leo/ecofloc/ecofloc-nic/ECOFLOC_NIC_COMM_text.csv
  ✔ [leo:ram] limpiado /home/leo/ecofloc/ecofloc-ram/ECOFLOC_RAM_COMM_text.csv
  ✔ [leo:sd] limpiado /home/leo/ecofloc/ecofloc-sd/ECOFLOC_SD_COMM_text.csv
  ✔ [aspire:cpu] limpiado /home/luish/Documents/p3/ecofloc2/ecofloc/ecofloc-cpu/ECOFLOC_CPU_COMM_text.csv
  ✔ [aspire:nic] limpiado /home/luish/Documents/p3/ecofloc2/ecofloc/ecofloc-nic/ECOFLOC_NIC_COMM_text.csv
  ✔ [aspire:ram] limpiado /home/luish/Documents/p3/ecofloc2/ecofloc/ecofloc-ram/ECOFLOC_RAM_COMM_text.csv
  ✔ [aspire:sd] limpiado /home/luish/Documents/p3/ecofloc2/ecofloc/ecofloc-sd/ECOFLOC_SD_COMM_text.csv
  ✔ [scorpius:cpu] limpiado /home/scorpius03/Documents/ecofloc/ecofloc-cpu/ECOFLOC_CPU_COMM_text.csv
  ✔ [scorpius:nic] limpiado /home/scorpius03/Documents/ecofloc/ecofloc-nic/ECOFLOC_NIC_COMM_text.csv
  ✔ [scorpius:ram] limpiado /home/scorpius03/Documents/ecofloc/ecofloc-ram/ECOFLOC_RAM_COMM_text.csv
  ✔ [scorpius:sd] limpiado /home/scorpius03/Documents/ecofloc/ecofloc-sd/ECOFLOC_SD_COMM_text.csv
========================================
🔋 MEASURE ENERGY FINALIZADO
   Fase: fase3_carga_medium_iter2
========================================
Workload finished.
Log finished.
📄 LIMBO finalizado para scenario=medium
⏳ [04:39:38] Esperando que termine medición: fase3_carga_medium_iter2 (PID: 755757)
✔️ [04:39:38] Medición fase3_carga_medium_iter2 completada
[📦] Archivando resultados → ./historyexecutions/exp(04:39:43)_fase3_medium_iter2
[✔] Archivado: ./historyexecutions/exp(04:39:43)_fase3_medium_iter2
🧹 Limpiando TeaStore (iter 2)...
⏸ Esperando 15s para limpieza completa...
✅ Iteración 2 / 20 del escenario medium completada.

########################################################
🔄 ESCENARIO: medium | ITERACIÓN: 3 / 20
   Hora: 04:40:34
########################################################
========================================
🔋 FASE 1: Descarga de imágenes (medium, iter 3)
========================================
📋 Capturando PIDs (gepidstea.sh)...
📋 Capturando PIDs de contenedores (kpsnodos.sh)...
🔋 [04:40:53] Iniciando medición de energía: fase1_descarga_medium_iter3 (25s)
   PID de medición: 1124820
🚀 Desplegando TeaStore desde /home/luish/Documents/death/teastore/TeaStore/examples/kubernetes/teastore-energy-scheduler.yaml...
========================================
🔋 MEASURE ENERGY - Fase: fase1_descarga_medium_iter3
   Duración: 25s
   PID: 1124820
========================================
=== Medición bloque 25s - Fase: fase1_descarga_medium_iter3 ===
[⏱ 04:40:53] Iniciando ecofloc en nitro5 por 25s (fase: fase1_descarga_medium_iter3)
⏳ Esperando a que todos los pods de TeaStore estén Running y Ready...
  ├─ [nitro5:sd] start 04:40:53
  ├─ [nitro5:ram] start 04:40:54
  ├─ [nitro5:nic] start 04:40:54
[⏱ 04:40:55] Iniciando ecofloc en aspire por 25s (fase: fase1_descarga_medium_iter3)
  ├─ [nitro5:cpu] start 04:40:55
  ├─ [aspire:sd] start 04:40:55
  ├─ [aspire:ram] start 04:40:55
[⏱ 04:40:55] Iniciando ecofloc en scorpius por 25s (fase: fase1_descarga_medium_iter3)
  ├─ [aspire:nic] start 04:40:55
  ├─ [aspire:cpu] start 04:40:55
  ├─ [scorpius:sd] start 04:40:55
  ├─ [scorpius:ram] start 04:40:55
[⏱ 04:40:55] Iniciando ecofloc en leo por 25s (fase: fase1_descarga_medium_iter3)
  ├─ [scorpius:nic] start 04:40:55
  ├─ [scorpius:cpu] start 04:40:55
  ├─ [leo:sd] start 04:40:55
  ├─ [leo:ram] start 04:40:55
  ├─ [leo:nic] start 04:40:55
  ├─ [leo:cpu] start 04:40:55
✅ Pods listos.
⏳ [04:40:57] Esperando que termine medición: fase1_descarga_medium_iter3 (PID: 1124820)
  └─ [nitro5:sd] end 04:41:18
  └─ [nitro5:ram] end 04:41:19
  └─ [nitro5:nic] end 04:41:19
  └─ [nitro5:cpu] end 04:41:20
  └─ [aspire:sd] end 04:41:21
  └─ [aspire:ram] end 04:41:21
  └─ [aspire:cpu] end 04:41:21
  └─ [leo:sd] end 04:41:21
  └─ [scorpius:sd] end 04:41:21
  └─ [leo:nic] end 04:41:22
  └─ [leo:cpu] end 04:41:22
  └─ [aspire:nic] end 04:41:22
  └─ [scorpius:cpu] end 04:41:22
  └─ [leo:ram] end 04:41:22
  └─ [scorpius:nic] end 04:41:23
=== Bloque 25s terminado - Fase: fase1_descarga_medium_iter3 ===
[🧹] Limpiando CSVs internos de ecofloc en cada nodo (fase: fase1_descarga_medium_iter3)...
  ✔ [nitro5:cpu] limpiado /home/luish/Documents/p3/ecofloc2/ecofloc/ecofloc-cpu/ECOFLOC_CPU_COMM_text.csv
  ✔ [nitro5:nic] limpiado /home/luish/Documents/p3/ecofloc2/ecofloc/ecofloc-nic/ECOFLOC_NIC_COMM_text.csv
  ✔ [nitro5:ram] limpiado /home/luish/Documents/p3/ecofloc2/ecofloc/ecofloc-ram/ECOFLOC_RAM_COMM_text.csv
  ✔ [nitro5:sd] limpiado /home/luish/Documents/p3/ecofloc2/ecofloc/ecofloc-sd/ECOFLOC_SD_COMM_text.csv
  ✔ [leo:cpu] limpiado /home/leo/ecofloc/ecofloc-cpu/ECOFLOC_CPU_COMM_text.csv
  ✔ [leo:nic] limpiado /home/leo/ecofloc/ecofloc-nic/ECOFLOC_NIC_COMM_text.csv
  ✔ [leo:ram] limpiado /home/leo/ecofloc/ecofloc-ram/ECOFLOC_RAM_COMM_text.csv
  ✔ [leo:sd] limpiado /home/leo/ecofloc/ecofloc-sd/ECOFLOC_SD_COMM_text.csv
  ✔ [aspire:cpu] limpiado /home/luish/Documents/p3/ecofloc2/ecofloc/ecofloc-cpu/ECOFLOC_CPU_COMM_text.csv
  ✔ [aspire:nic] limpiado /home/luish/Documents/p3/ecofloc2/ecofloc/ecofloc-nic/ECOFLOC_NIC_COMM_text.csv
  ✔ [aspire:ram] limpiado /home/luish/Documents/p3/ecofloc2/ecofloc/ecofloc-ram/ECOFLOC_RAM_COMM_text.csv
  ✔ [aspire:sd] limpiado /home/luish/Documents/p3/ecofloc2/ecofloc/ecofloc-sd/ECOFLOC_SD_COMM_text.csv
  ✔ [scorpius:cpu] limpiado /home/scorpius03/Documents/ecofloc/ecofloc-cpu/ECOFLOC_CPU_COMM_text.csv
  ✔ [scorpius:nic] limpiado /home/scorpius03/Documents/ecofloc/ecofloc-nic/ECOFLOC_NIC_COMM_text.csv
  ✔ [scorpius:ram] limpiado /home/scorpius03/Documents/ecofloc/ecofloc-ram/ECOFLOC_RAM_COMM_text.csv
  ✔ [scorpius:sd] limpiado /home/scorpius03/Documents/ecofloc/ecofloc-sd/ECOFLOC_SD_COMM_text.csv
========================================
🔋 MEASURE ENERGY FINALIZADO
   Fase: fase1_descarga_medium_iter3
========================================
✔️ [04:41:27] Medición fase1_descarga_medium_iter3 completada
[📦] Archivando resultados → ./historyexecutions/exp(04:41:32)_fase1_medium_iter3
[✔] Archivado: ./historyexecutions/exp(04:41:32)_fase1_medium_iter3
========================================
🔋 FASE 2: Preparación de servicios (medium, iter 3)
========================================
📋 Capturando PIDs (gepidstea.sh)...
📋 Capturando PIDs de contenedores (kpsnodos.sh)...
🔋 [04:41:48] Iniciando medición de energía: fase2_preparacion_medium_iter3 (50s)
   PID de medición: 1193920
========================================
🔋 MEASURE ENERGY - Fase: fase2_preparacion_medium_iter3
   Duración: 50s
   PID: 1193920
========================================
=== Medición bloque 50s - Fase: fase2_preparacion_medium_iter3 ===
[⏱ 04:41:48] Iniciando ecofloc en nitro5 por 50s (fase: fase2_preparacion_medium_iter3)
⏳ Esperando 10s a que CoreDNS se estabilice...
  ├─ [nitro5:sd] start 04:41:48
  ├─ [nitro5:ram] start 04:41:49
  ├─ [nitro5:nic] start 04:41:49
[⏱ 04:41:50] Iniciando ecofloc en aspire por 50s (fase: fase2_preparacion_medium_iter3)
  ├─ [nitro5:cpu] start 04:41:50
  ├─ [aspire:sd] start 04:41:50
  ├─ [aspire:ram] start 04:41:50
[⏱ 04:41:50] Iniciando ecofloc en scorpius por 50s (fase: fase2_preparacion_medium_iter3)
  ├─ [aspire:nic] start 04:41:50
  ├─ [aspire:cpu] start 04:41:50
  ├─ [scorpius:sd] start 04:41:50
  ├─ [scorpius:ram] start 04:41:50
[⏱ 04:41:50] Iniciando ecofloc en leo por 50s (fase: fase2_preparacion_medium_iter3)
  ├─ [scorpius:nic] start 04:41:50
  ├─ [scorpius:cpu] start 04:41:50
  ├─ [leo:sd] start 04:41:50
  ├─ [leo:ram] start 04:41:50
  ├─ [leo:nic] start 04:41:50
  ├─ [leo:cpu] start 04:41:50
➡️ Pod WebUI: teastore-webui-ff7768544-t4782
➡️ Está en el nodo: luish-aspire-a315-55g
🌐 IP del nodo WebUI: 192.168.18.37
⏳ Verificando estado del TeaStore en http://192.168.18.37:30080/tools.descartes.teastore.webui/status ...
   ➤ Estado actual: 5 / 5 servicios OK
✔ TODOS los servicios del TeaStore están OK. Continuando...
⏳ [04:42:03] Esperando que termine medición: fase2_preparacion_medium_iter3 (PID: 1193920)
  └─ [nitro5:sd] end 04:42:38
  └─ [nitro5:ram] end 04:42:39
  └─ [nitro5:nic] end 04:42:39
  └─ [nitro5:cpu] end 04:42:40
  └─ [aspire:sd] end 04:42:41
  └─ [leo:cpu] end 04:42:41
  └─ [leo:sd] end 04:42:41
  └─ [aspire:cpu] end 04:42:41
  └─ [aspire:nic] end 04:42:42
  └─ [leo:nic] end 04:42:42
  └─ [aspire:ram] end 04:42:42
  └─ [leo:ram] end 04:42:42
  └─ [scorpius:cpu] end 04:42:42
  └─ [scorpius:nic] end 04:42:42
  └─ [scorpius:ram] end 04:42:43
  └─ [scorpius:sd] end 04:42:43
=== Bloque 50s terminado - Fase: fase2_preparacion_medium_iter3 ===
[🧹] Limpiando CSVs internos de ecofloc en cada nodo (fase: fase2_preparacion_medium_iter3)...
  ✔ [nitro5:cpu] limpiado /home/luish/Documents/p3/ecofloc2/ecofloc/ecofloc-cpu/ECOFLOC_CPU_COMM_text.csv
  ✔ [nitro5:nic] limpiado /home/luish/Documents/p3/ecofloc2/ecofloc/ecofloc-nic/ECOFLOC_NIC_COMM_text.csv
  ✔ [nitro5:ram] limpiado /home/luish/Documents/p3/ecofloc2/ecofloc/ecofloc-ram/ECOFLOC_RAM_COMM_text.csv
  ✔ [nitro5:sd] limpiado /home/luish/Documents/p3/ecofloc2/ecofloc/ecofloc-sd/ECOFLOC_SD_COMM_text.csv
  ✔ [leo:cpu] limpiado /home/leo/ecofloc/ecofloc-cpu/ECOFLOC_CPU_COMM_text.csv
  ✔ [leo:nic] limpiado /home/leo/ecofloc/ecofloc-nic/ECOFLOC_NIC_COMM_text.csv
  ✔ [leo:ram] limpiado /home/leo/ecofloc/ecofloc-ram/ECOFLOC_RAM_COMM_text.csv
  ✔ [leo:sd] limpiado /home/leo/ecofloc/ecofloc-sd/ECOFLOC_SD_COMM_text.csv
  ✔ [aspire:cpu] limpiado /home/luish/Documents/p3/ecofloc2/ecofloc/ecofloc-cpu/ECOFLOC_CPU_COMM_text.csv
  ✔ [aspire:nic] limpiado /home/luish/Documents/p3/ecofloc2/ecofloc/ecofloc-nic/ECOFLOC_NIC_COMM_text.csv
  ✔ [aspire:ram] limpiado /home/luish/Documents/p3/ecofloc2/ecofloc/ecofloc-ram/ECOFLOC_RAM_COMM_text.csv
  ✔ [aspire:sd] limpiado /home/luish/Documents/p3/ecofloc2/ecofloc/ecofloc-sd/ECOFLOC_SD_COMM_text.csv
  ✔ [scorpius:cpu] limpiado /home/scorpius03/Documents/ecofloc/ecofloc-cpu/ECOFLOC_CPU_COMM_text.csv
  ✔ [scorpius:nic] limpiado /home/scorpius03/Documents/ecofloc/ecofloc-nic/ECOFLOC_NIC_COMM_text.csv
  ✔ [scorpius:ram] limpiado /home/scorpius03/Documents/ecofloc/ecofloc-ram/ECOFLOC_RAM_COMM_text.csv
  ✔ [scorpius:sd] limpiado /home/scorpius03/Documents/ecofloc/ecofloc-sd/ECOFLOC_SD_COMM_text.csv
========================================
🔋 MEASURE ENERGY FINALIZADO
   Fase: fase2_preparacion_medium_iter3
========================================
✔️ [04:42:46] Medición fase2_preparacion_medium_iter3 completada
[📦] Archivando resultados → ./historyexecutions/exp(04:42:51)_fase2_medium_iter3
[✔] Archivado: ./historyexecutions/exp(04:42:51)_fase2_medium_iter3
========================================
🔋 FASE 3: Ejecución de carga (medium, iter 3)
========================================
📋 Capturando PIDs (gepidstea.sh)...
📋 Capturando PIDs de contenedores (kpsnodos.sh)...
🔋 [04:43:11] Iniciando medición de energía: fase3_carga_medium_iter3 (140s)
   PID de medición: 1326790
=== Escenario medium (iter 3) ===
========================================
🔋 MEASURE ENERGY - Fase: fase3_carga_medium_iter3
   Duración: 140s
   PID: 1326790
========================================
=== Medición bloque 140s - Fase: fase3_carga_medium_iter3 ===
🚀 Iniciando LIMBO con profile=/home/luish/Documents/death/teastore/TeaStore/examples/httploadgenerator/increasingMedIntensity.csv y script=/home/luish/Documents/death/teastore/TeaStore/examples/httploadgenerator/teastore_buy.lua
[⏱ 04:43:11] Iniciando ecofloc en nitro5 por 140s (fase: fase3_carga_medium_iter3)
Mar 06, 2026 4:43:11 AM tools.descartes.dlim.httploadgenerator.runner.Director executeDirector
WARNING: No power measurements
Mar 06, 2026 4:43:11 AM tools.descartes.dlim.httploadgenerator.runner.Director executeDirector
INFO: Load Generator Thread Count set to 64
Mar 06, 2026 4:43:11 AM tools.descartes.dlim.httploadgenerator.runner.Director executeDirector
INFO: URL connection timout set to 30000 ms
Mar 06, 2026 4:43:11 AM tools.descartes.dlim.httploadgenerator.runner.Director executeDirector
INFO: Using Lua Script: /home/luish/Documents/death/teastore/TeaStore/examples/httploadgenerator/teastore_buy.lua
Mar 06, 2026 4:43:11 AM tools.descartes.dlim.httploadgenerator.runner.Director process
INFO: Read 120 Arrival Rate Tuples
Load Generator sent: ok
Mar 06, 2026 4:43:11 AM tools.descartes.dlim.httploadgenerator.runner.Director process
INFO: Arrival Rates sent to Load Generator(s).
Load Generator sent: ok
Mar 06, 2026 4:43:11 AM tools.descartes.dlim.httploadgenerator.runner.Director process
INFO: Thread Count sent to Load Generator(s): 64
Load Generator sent: ok
Mar 06, 2026 4:43:11 AM tools.descartes.dlim.httploadgenerator.runner.Director process
INFO: URL connection timeout sent to Load Generator(s): 30000
Load Generator sent: ok
Mar 06, 2026 4:43:11 AM tools.descartes.dlim.httploadgenerator.runner.Director process
INFO: Contents of script sent to Load Generator: /home/luish/Documents/death/teastore/TeaStore/examples/httploadgenerator/teastore_buy.lua
Mar 06, 2026 4:43:11 AM tools.descartes.dlim.httploadgenerator.runner.Director process
INFO: Starting Load Generation
Beginning Run @1772790191364(06.03.2026;04:43:11364)
  ├─ [nitro5:sd] start 04:43:11
Target Time = 0.5; Load Intensity = 8.0; #Success = 0; #Failed = 0; #Dropped = 0
  ├─ [nitro5:ram] start 04:43:12
  ├─ [nitro5:nic] start 04:43:12
[⏱ 04:43:12] Iniciando ecofloc en aspire por 140s (fase: fase3_carga_medium_iter3)
  ├─ [nitro5:cpu] start 04:43:12
  ├─ [aspire:sd] start 04:43:12
  ├─ [aspire:ram] start 04:43:12
[⏱ 04:43:12] Iniciando ecofloc en scorpius por 140s (fase: fase3_carga_medium_iter3)
  ├─ [aspire:nic] start 04:43:12
  ├─ [aspire:cpu] start 04:43:12
  ├─ [scorpius:sd] start 04:43:12
  ├─ [scorpius:ram] start 04:43:12
  ├─ [scorpius:nic] start 04:43:12
[⏱ 04:43:12] Iniciando ecofloc en leo por 140s (fase: fase3_carga_medium_iter3)
  ├─ [scorpius:cpu] start 04:43:12
  ├─ [leo:sd] start 04:43:12
  ├─ [leo:ram] start 04:43:12
  ├─ [leo:nic] start 04:43:12
  ├─ [leo:cpu] start 04:43:12
Target Time = 1.5; Load Intensity = 16.0; #Success = 0; #Failed = 0; #Dropped = 0
Target Time = 2.5; Load Intensity = 25.0; #Success = 46; #Failed = 0; #Dropped = 0
Target Time = 3.5; Load Intensity = 33.0; #Success = 18; #Failed = 0; #Dropped = 0
Target Time = 4.5; Load Intensity = 41.0; #Success = 0; #Failed = 0; #Dropped = 0
Target Time = 5.5; Load Intensity = 50.0; #Success = 48; #Failed = 0; #Dropped = 0
Target Time = 6.5; Load Intensity = 58.0; #Success = 16; #Failed = 0; #Dropped = 0
Target Time = 7.5; Load Intensity = 66.0; #Success = 2; #Failed = 0; #Dropped = 0
Target Time = 8.5; Load Intensity = 75.0; #Success = 24; #Failed = 0; #Dropped = 0
Target Time = 9.5; Load Intensity = 83.0; #Success = 6; #Failed = 0; #Dropped = 0
Target Time = 10.5; Load Intensity = 91.0; #Success = 4; #Failed = 0; #Dropped = 0
Target Time = 11.5; Load Intensity = 100.0; #Success = 28; #Failed = 0; #Dropped = 0
Target Time = 12.5; Load Intensity = 108.0; #Success = 0; #Failed = 0; #Dropped = 0
Target Time = 13.5; Load Intensity = 116.0; #Success = 0; #Failed = 0; #Dropped = 0
Target Time = 14.5; Load Intensity = 125.0; #Success = 0; #Failed = 0; #Dropped = 0
Target Time = 15.5; Load Intensity = 133.0; #Success = 0; #Failed = 0; #Dropped = 0
Target Time = 16.5; Load Intensity = 141.0; #Success = 0; #Failed = 0; #Dropped = 0
Target Time = 17.5; Load Intensity = 150.0; #Success = 0; #Failed = 0; #Dropped = 0
Target Time = 18.5; Load Intensity = 158.0; #Success = 0; #Failed = 0; #Dropped = 0
Target Time = 19.5; Load Intensity = 166.0; #Success = 0; #Failed = 0; #Dropped = 0
Target Time = 20.5; Load Intensity = 175.0; #Success = 0; #Failed = 0; #Dropped = 0
Target Time = 21.5; Load Intensity = 183.0; #Success = 0; #Failed = 6; #Dropped = 0
Target Time = 22.5; Load Intensity = 191.0; #Success = 0; #Failed = 11; #Dropped = 0
Target Time = 23.5; Load Intensity = 200.0; #Success = 0; #Failed = 4; #Dropped = 0
Target Time = 24.5; Load Intensity = 208.0; #Success = 0; #Failed = 0; #Dropped = 0
Target Time = 25.5; Load Intensity = 216.0; #Success = 0; #Failed = 11; #Dropped = 0
Target Time = 26.5; Load Intensity = 225.0; #Success = 0; #Failed = 25; #Dropped = 0
Target Time = 27.5; Load Intensity = 233.0; #Success = 0; #Failed = 4; #Dropped = 0
Target Time = 28.5; Load Intensity = 241.0; #Success = 0; #Failed = 0; #Dropped = 0
Target Time = 29.5; Load Intensity = 250.0; #Success = 0; #Failed = 0; #Dropped = 0
Target Time = 30.5; Load Intensity = 258.0; #Success = 0; #Failed = 0; #Dropped = 0
Target Time = 31.5; Load Intensity = 266.0; #Success = 0; #Failed = 0; #Dropped = 0
Target Time = 32.5; Load Intensity = 275.0; #Success = 0; #Failed = 1; #Dropped = 0
Target Time = 33.5; Load Intensity = 283.0; #Success = 0; #Failed = 10; #Dropped = 0
Target Time = 34.5; Load Intensity = 291.0; #Success = 0; #Failed = 3; #Dropped = 0
Target Time = 35.5; Load Intensity = 300.0; #Success = 0; #Failed = 2; #Dropped = 0
Target Time = 36.5; Load Intensity = 308.0; #Success = 0; #Failed = 0; #Dropped = 0
Target Time = 37.5; Load Intensity = 316.0; #Success = 0; #Failed = 0; #Dropped = 0
Target Time = 38.5; Load Intensity = 325.0; #Success = 0; #Failed = 0; #Dropped = 0
Target Time = 39.5; Load Intensity = 333.0; #Success = 0; #Failed = 3; #Dropped = 68
Target Time = 40.5; Load Intensity = 341.0; #Success = 0; #Failed = 0; #Dropped = 0
Target Time = 41.5; Load Intensity = 350.0; #Success = 3; #Failed = 0; #Dropped = 221
Target Time = 42.5; Load Intensity = 358.0; #Success = 0; #Failed = 0; #Dropped = 0
Target Time = 43.5; Load Intensity = 366.0; #Success = 0; #Failed = 0; #Dropped = 0
Target Time = 44.5; Load Intensity = 375.0; #Success = 0; #Failed = 4; #Dropped = 319
Target Time = 45.5; Load Intensity = 383.0; #Success = 0; #Failed = 7; #Dropped = 133
Target Time = 46.5; Load Intensity = 391.0; #Success = 0; #Failed = 0; #Dropped = 0
Target Time = 47.5; Load Intensity = 400.0; #Success = 0; #Failed = 0; #Dropped = 0
Target Time = 48.5; Load Intensity = 408.0; #Success = 0; #Failed = 5; #Dropped = 497
Target Time = 49.5; Load Intensity = 416.0; #Success = 0; #Failed = 5; #Dropped = 134
Target Time = 50.5; Load Intensity = 425.0; #Success = 0; #Failed = 5; #Dropped = 81
Target Time = 51.5; Load Intensity = 433.0; #Success = 0; #Failed = 6; #Dropped = 236
Target Time = 52.5; Load Intensity = 441.0; #Success = 2; #Failed = 15; #Dropped = 111
Target Time = 53.5; Load Intensity = 450.0; #Success = 1; #Failed = 0; #Dropped = 124
Target Time = 54.5; Load Intensity = 458.0; #Success = 0; #Failed = 0; #Dropped = 0
Target Time = 55.5; Load Intensity = 466.0; #Success = 0; #Failed = 0; #Dropped = 0
Target Time = 56.5; Load Intensity = 475.0; #Success = 3; #Failed = 0; #Dropped = 787
Target Time = 57.5; Load Intensity = 483.0; #Success = 1; #Failed = 0; #Dropped = 190
Target Time = 58.5; Load Intensity = 491.0; #Success = 0; #Failed = 6; #Dropped = 290
Target Time = 59.5; Load Intensity = 500.0; #Success = 0; #Failed = 4; #Dropped = 151
Target Time = 60.5; Load Intensity = 508.0; #Success = 0; #Failed = 3; #Dropped = 191
Target Time = 61.5; Load Intensity = 516.0; #Success = 0; #Failed = 1; #Dropped = 367
Target Time = 62.5; Load Intensity = 525.0; #Success = 0; #Failed = 6; #Dropped = 241
Target Time = 63.5; Load Intensity = 533.0; #Success = 1; #Failed = 1; #Dropped = 337
Target Time = 64.5; Load Intensity = 541.0; #Success = 0; #Failed = 4; #Dropped = 144
Target Time = 65.5; Load Intensity = 550.0; #Success = 1; #Failed = 0; #Dropped = 211
Target Time = 66.5; Load Intensity = 558.0; #Success = 0; #Failed = 0; #Dropped = 0
Target Time = 67.5; Load Intensity = 566.0; #Success = 0; #Failed = 1; #Dropped = 906
Target Time = 68.5; Load Intensity = 575.0; #Success = 0; #Failed = 12; #Dropped = 312
Target Time = 69.5; Load Intensity = 583.0; #Success = 2; #Failed = 1; #Dropped = 334
Target Time = 70.5; Load Intensity = 591.0; #Success = 0; #Failed = 6; #Dropped = 14
Target Time = 71.5; Load Intensity = 600.0; #Success = 2; #Failed = 0; #Dropped = 569
Target Time = 72.5; Load Intensity = 608.0; #Success = 0; #Failed = 0; #Dropped = 0
Target Time = 73.5; Load Intensity = 616.0; #Success = 0; #Failed = 0; #Dropped = 0
Target Time = 74.5; Load Intensity = 625.0; #Success = 0; #Failed = 0; #Dropped = 0
Target Time = 75.5; Load Intensity = 633.0; #Success = 1; #Failed = 0; #Dropped = 1341
Target Time = 76.5; Load Intensity = 641.0; #Success = 0; #Failed = 0; #Dropped = 0
Target Time = 77.5; Load Intensity = 650.0; #Success = 0; #Failed = 0; #Dropped = 0
Target Time = 78.5; Load Intensity = 658.0; #Success = 1; #Failed = 0; #Dropped = 1432
Target Time = 79.5; Load Intensity = 666.0; #Success = 7; #Failed = 0; #Dropped = 379
Target Time = 80.5; Load Intensity = 675.0; #Success = 2; #Failed = 0; #Dropped = 164
Target Time = 81.5; Load Intensity = 683.0; #Success = 4; #Failed = 0; #Dropped = 745
Target Time = 82.5; Load Intensity = 691.0; #Success = 6; #Failed = 2; #Dropped = 164
Target Time = 83.5; Load Intensity = 700.0; #Success = 0; #Failed = 0; #Dropped = 0
Target Time = 84.5; Load Intensity = 708.0; #Success = 0; #Failed = 0; #Dropped = 0
Target Time = 85.5; Load Intensity = 716.0; #Success = 0; #Failed = 0; #Dropped = 0
Target Time = 86.5; Load Intensity = 725.0; #Success = 0; #Failed = 3; #Dropped = 1762
Target Time = 87.5; Load Intensity = 733.0; #Success = 0; #Failed = 6; #Dropped = 809
Target Time = 88.5; Load Intensity = 741.0; #Success = 0; #Failed = 4; #Dropped = 341
Target Time = 89.5; Load Intensity = 750.0; #Success = 0; #Failed = 25; #Dropped = 307
Target Time = 90.5; Load Intensity = 758.0; #Success = 0; #Failed = 0; #Dropped = 0
Target Time = 91.5; Load Intensity = 766.0; #Success = 0; #Failed = 0; #Dropped = 0
Target Time = 92.5; Load Intensity = 775.0; #Success = 0; #Failed = 0; #Dropped = 0
Target Time = 93.5; Load Intensity = 783.0; #Success = 0; #Failed = 0; #Dropped = 0
Target Time = 94.5; Load Intensity = 791.0; #Success = 0; #Failed = 0; #Dropped = 0
Target Time = 95.5; Load Intensity = 800.0; #Success = 0; #Failed = 0; #Dropped = 0
Target Time = 96.5; Load Intensity = 808.0; #Success = 0; #Failed = 12; #Dropped = 3953
Target Time = 97.5; Load Intensity = 816.0; #Success = 0; #Failed = 7; #Dropped = 329
Target Time = 98.5; Load Intensity = 825.0; #Success = 2; #Failed = 0; #Dropped = 812
Target Time = 99.5; Load Intensity = 833.0; #Success = 1; #Failed = 2; #Dropped = 232
Target Time = 100.5; Load Intensity = 841.0; #Success = 0; #Failed = 4; #Dropped = 1036
Target Time = 101.5; Load Intensity = 850.0; #Success = 0; #Failed = 1; #Dropped = 184
Target Time = 102.5; Load Intensity = 858.0; #Success = 0; #Failed = 7; #Dropped = 982
Target Time = 103.5; Load Intensity = 866.0; #Success = 0; #Failed = 4; #Dropped = 60
Target Time = 104.5; Load Intensity = 875.0; #Success = 0; #Failed = 0; #Dropped = 0
Target Time = 105.5; Load Intensity = 883.0; #Success = 0; #Failed = 0; #Dropped = 0
Target Time = 106.5; Load Intensity = 891.0; #Success = 0; #Failed = 0; #Dropped = 0
Target Time = 107.5; Load Intensity = 900.0; #Success = 0; #Failed = 0; #Dropped = 0
Target Time = 108.5; Load Intensity = 908.0; #Success = 1; #Failed = 2; #Dropped = 3748
Target Time = 109.5; Load Intensity = 916.0; #Success = 3; #Failed = 2; #Dropped = 599
Target Time = 110.5; Load Intensity = 925.0; #Success = 1; #Failed = 2; #Dropped = 315
Target Time = 111.5; Load Intensity = 933.0; #Success = 0; #Failed = 0; #Dropped = 0
Target Time = 112.5; Load Intensity = 941.0; #Success = 6; #Failed = 1; #Dropped = 1523
Target Time = 113.5; Load Intensity = 950.0; #Success = 0; #Failed = 0; #Dropped = 0
Target Time = 114.5; Load Intensity = 958.0; #Success = 0; #Failed = 0; #Dropped = 0
Target Time = 115.5; Load Intensity = 966.0; #Success = 0; #Failed = 2; #Dropped = 2007
Target Time = 116.5; Load Intensity = 975.0; #Success = 0; #Failed = 0; #Dropped = 0
Target Time = 117.5; Load Intensity = 983.0; #Success = 1; #Failed = 3; #Dropped = 1746
Target Time = 118.5; Load Intensity = 991.0; #Success = 0; #Failed = 31; #Dropped = 760
Target Time = 119.5; Load Intensity = 1000.0; #Success = 3; #Failed = 6; #Dropped = 260
Target Time = 120.5; Load Intensity = 0.0; #Success = 0; #Failed = 0; #Dropped = 0
Target Time = 121.5; Load Intensity = 0.0; #Success = 0; #Failed = 0; #Dropped = 0
Target Time = 122.5; Load Intensity = 0.0; #Success = 0; #Failed = 0; #Dropped = 0
Target Time = 123.5; Load Intensity = 0.0; #Success = 0; #Failed = 0; #Dropped = 0
Target Time = 124.5; Load Intensity = 0.0; #Success = 0; #Failed = 0; #Dropped = 0
Target Time = 125.5; Load Intensity = 0.0; #Success = 0; #Failed = 0; #Dropped = 0
Target Time = 126.5; Load Intensity = 0.0; #Success = 0; #Failed = 0; #Dropped = 0
Target Time = 127.5; Load Intensity = 0.0; #Success = 0; #Failed = 0; #Dropped = 0
Target Time = 128.5; Load Intensity = 0.0; #Success = 0; #Failed = 17; #Dropped = 7673
Target Time = 129.5; Load Intensity = 0.0; #Success = 0; #Failed = 10; #Dropped = 463
Target Time = 130.5; Load Intensity = 0.0; #Success = 0; #Failed = 3; #Dropped = 1130
Target Time = 131.5; Load Intensity = 0.0; #Success = 0; #Failed = 11; #Dropped = 227
Target Time = 132.5; Load Intensity = 0.0; #Success = 0; #Failed = 3; #Dropped = 1271
Target Time = 133.5; Load Intensity = 0.0; #Success = 0; #Failed = 2; #Dropped = 537
Target Time = 134.5; Load Intensity = 0.0; #Success = 0; #Failed = 0; #Dropped = 0
Target Time = 135.5; Load Intensity = 0.0; #Success = 0; #Failed = 0; #Dropped = 0
Target Time = 136.5; Load Intensity = 0.0; #Success = 0; #Failed = 0; #Dropped = 0
Target Time = 137.5; Load Intensity = 0.0; #Success = 0; #Failed = 0; #Dropped = 0
Target Time = 138.5; Load Intensity = 0.0; #Success = 2; #Failed = 0; #Dropped = 5007
Target Time = 139.5; Load Intensity = 0.0; #Success = 4; #Failed = 0; #Dropped = 846
  └─ [nitro5:sd] end 04:45:31
Target Time = 140.5; Load Intensity = 0.0; #Success = 2; #Failed = 2; #Dropped = 679
  └─ [nitro5:ram] end 04:45:32
  └─ [nitro5:nic] end 04:45:32
  └─ [nitro5:cpu] end 04:45:32
Target Time = 141.5; Load Intensity = 0.0; #Success = 0; #Failed = 0; #Dropped = 0
Target Time = 142.5; Load Intensity = 0.0; #Success = 1; #Failed = 0; #Dropped = 1651
Target Time = 143.5; Load Intensity = 0.0; #Success = 0; #Failed = 0; #Dropped = 0
Target Time = 144.5; Load Intensity = 0.0; #Success = 0; #Failed = 0; #Dropped = 0
Target Time = 145.5; Load Intensity = 0.0; #Success = 1; #Failed = 0; #Dropped = 2888
Target Time = 146.5; Load Intensity = 0.0; #Success = 0; #Failed = 0; #Dropped = 0
  └─ [leo:sd] end 04:45:38
  └─ [leo:cpu] end 04:45:38
  └─ [leo:nic] end 04:45:38
Target Time = 147.5; Load Intensity = 0.0; #Success = 1; #Failed = 0; #Dropped = 2304
Target Time = 148.5; Load Intensity = 0.0; #Success = 5; #Failed = 1; #Dropped = 1077
Target Time = 149.5; Load Intensity = 0.0; #Success = 0; #Failed = 5; #Dropped = 1027
  └─ [leo:ram] end 04:45:41
Target Time = 150.5; Load Intensity = 0.0; #Success = 0; #Failed = 6; #Dropped = 43
Target Time = 151.5; Load Intensity = 0.0; #Success = 0; #Failed = 4; #Dropped = 0
Target Time = 152.5; Load Intensity = 0.0; #Success = 0; #Failed = 29; #Dropped = 0
  └─ [scorpius:nic] end 04:45:44
Target Time = 153.5; Load Intensity = 0.0; #Success = 0; #Failed = 11; #Dropped = 0
Target Time = 154.5; Load Intensity = 0.0; #Success = 0; #Failed = 0; #Dropped = 0
Target Time = 155.5; Load Intensity = 0.0; #Success = 0; #Failed = 0; #Dropped = 0
Target Time = 156.5; Load Intensity = 0.0; #Success = 0; #Failed = 0; #Dropped = 0
Target Time = 157.5; Load Intensity = 0.0; #Success = 0; #Failed = 0; #Dropped = 0
  └─ [scorpius:cpu] end 04:45:49
Target Time = 158.5; Load Intensity = 0.0; #Success = 0; #Failed = 0; #Dropped = 0
Target Time = 159.5; Load Intensity = 0.0; #Success = 0; #Failed = 0; #Dropped = 0
  └─ [scorpius:sd] end 04:45:51
Target Time = 160.5; Load Intensity = 0.0; #Success = 0; #Failed = 1; #Dropped = 0
Target Time = 161.5; Load Intensity = 0.0; #Success = 0; #Failed = 0; #Dropped = 0
  └─ [aspire:nic] end 04:45:53
Target Time = 162.5; Load Intensity = 0.0; #Success = 0; #Failed = 0; #Dropped = 0
  └─ [aspire:cpu] end 04:45:54
  └─ [aspire:ram] end 04:45:54
Target Time = 163.5; Load Intensity = 0.0; #Success = 0; #Failed = 0; #Dropped = 0
  └─ [aspire:sd] end 04:45:55
Target Time = 164.5; Load Intensity = 0.0; #Success = 0; #Failed = 0; #Dropped = 0
Target Time = 165.5; Load Intensity = 0.0; #Success = 0; #Failed = 0; #Dropped = 0
Target Time = 166.5; Load Intensity = 0.0; #Success = 0; #Failed = 0; #Dropped = 0
Target Time = 167.5; Load Intensity = 0.0; #Success = 0; #Failed = 0; #Dropped = 0
Target Time = 168.5; Load Intensity = 0.0; #Success = 0; #Failed = 1; #Dropped = 0
Target Time = 169.5; Load Intensity = 0.0; #Success = 0; #Failed = 1; #Dropped = 0
Target Time = 170.5; Load Intensity = 0.0; #Success = 0; #Failed = 1; #Dropped = 0
Target Time = 171.5; Load Intensity = 0.0; #Success = 0; #Failed = 0; #Dropped = 0
Target Time = 172.5; Load Intensity = 0.0; #Success = 0; #Failed = 3; #Dropped = 0
Target Time = 173.5; Load Intensity = 0.0; #Success = 0; #Failed = 1; #Dropped = 0
Target Time = 174.5; Load Intensity = 0.0; #Success = 0; #Failed = 1; #Dropped = 0
Target Time = 175.5; Load Intensity = 0.0; #Success = 0; #Failed = 0; #Dropped = 0
Target Time = 176.5; Load Intensity = 0.0; #Success = 0; #Failed = 0; #Dropped = 0
Target Time = 177.5; Load Intensity = 0.0; #Success = 1; #Failed = 0; #Dropped = 0
Target Time = 178.5; Load Intensity = 0.0; #Success = 3; #Failed = 1; #Dropped = 0
Workload finished.
Log finished.
📄 LIMBO finalizado para scenario=medium
⏳ [04:46:14] Esperando que termine medición: fase3_carga_medium_iter3 (PID: 1326790)
  └─ [scorpius:ram] end 04:46:19
=== Bloque 140s terminado - Fase: fase3_carga_medium_iter3 ===
[🧹] Limpiando CSVs internos de ecofloc en cada nodo (fase: fase3_carga_medium_iter3)...
  ✔ [nitro5:cpu] limpiado /home/luish/Documents/p3/ecofloc2/ecofloc/ecofloc-cpu/ECOFLOC_CPU_COMM_text.csv
  ✔ [nitro5:nic] limpiado /home/luish/Documents/p3/ecofloc2/ecofloc/ecofloc-nic/ECOFLOC_NIC_COMM_text.csv
  ✔ [nitro5:ram] limpiado /home/luish/Documents/p3/ecofloc2/ecofloc/ecofloc-ram/ECOFLOC_RAM_COMM_text.csv
  ✔ [nitro5:sd] limpiado /home/luish/Documents/p3/ecofloc2/ecofloc/ecofloc-sd/ECOFLOC_SD_COMM_text.csv
  ✔ [leo:cpu] limpiado /home/leo/ecofloc/ecofloc-cpu/ECOFLOC_CPU_COMM_text.csv
  ✔ [leo:nic] limpiado /home/leo/ecofloc/ecofloc-nic/ECOFLOC_NIC_COMM_text.csv
  ✔ [leo:ram] limpiado /home/leo/ecofloc/ecofloc-ram/ECOFLOC_RAM_COMM_text.csv
  ✔ [leo:sd] limpiado /home/leo/ecofloc/ecofloc-sd/ECOFLOC_SD_COMM_text.csv
  ✔ [aspire:cpu] limpiado /home/luish/Documents/p3/ecofloc2/ecofloc/ecofloc-cpu/ECOFLOC_CPU_COMM_text.csv
  ✔ [aspire:nic] limpiado /home/luish/Documents/p3/ecofloc2/ecofloc/ecofloc-nic/ECOFLOC_NIC_COMM_text.csv
  ✔ [aspire:ram] limpiado /home/luish/Documents/p3/ecofloc2/ecofloc/ecofloc-ram/ECOFLOC_RAM_COMM_text.csv
  ✔ [aspire:sd] limpiado /home/luish/Documents/p3/ecofloc2/ecofloc/ecofloc-sd/ECOFLOC_SD_COMM_text.csv
  ✔ [scorpius:cpu] limpiado /home/scorpius03/Documents/ecofloc/ecofloc-cpu/ECOFLOC_CPU_COMM_text.csv
  ✔ [scorpius:nic] limpiado /home/scorpius03/Documents/ecofloc/ecofloc-nic/ECOFLOC_NIC_COMM_text.csv
  ✔ [scorpius:ram] limpiado /home/scorpius03/Documents/ecofloc/ecofloc-ram/ECOFLOC_RAM_COMM_text.csv
  ✔ [scorpius:sd] limpiado /home/scorpius03/Documents/ecofloc/ecofloc-sd/ECOFLOC_SD_COMM_text.csv
========================================
🔋 MEASURE ENERGY FINALIZADO
   Fase: fase3_carga_medium_iter3
========================================
✔️ [04:46:23] Medición fase3_carga_medium_iter3 completada
[📦] Archivando resultados → ./historyexecutions/exp(04:46:28)_fase3_medium_iter3
[✔] Archivado: ./historyexecutions/exp(04:46:28)_fase3_medium_iter3
🧹 Limpiando TeaStore (iter 3)...
⏸ Esperando 15s para limpieza completa...
✅ Iteración 3 / 20 del escenario medium completada.

########################################################
🔄 ESCENARIO: medium | ITERACIÓN: 4 / 20
   Hora: 04:47:16
########################################################
========================================
🔋 FASE 1: Descarga de imágenes (medium, iter 4)
========================================
📋 Capturando PIDs (gepidstea.sh)...
📋 Capturando PIDs de contenedores (kpsnodos.sh)...
🔋 [04:47:42] Iniciando medición de energía: fase1_descarga_medium_iter4 (25s)
   PID de medición: 1685675
🚀 Desplegando TeaStore desde /home/luish/Documents/death/teastore/TeaStore/examples/kubernetes/teastore-energy-scheduler.yaml...
========================================
🔋 MEASURE ENERGY - Fase: fase1_descarga_medium_iter4
   Duración: 25s
   PID: 1685675
========================================
=== Medición bloque 25s - Fase: fase1_descarga_medium_iter4 ===
[⏱ 04:47:42] Iniciando ecofloc en nitro5 por 25s (fase: fase1_descarga_medium_iter4)
⏳ Esperando a que todos los pods de TeaStore estén Running y Ready...
  ├─ [nitro5:sd] start 04:47:42
  ├─ [nitro5:ram] start 04:47:42
  ├─ [nitro5:nic] start 04:47:43
[⏱ 04:47:43] Iniciando ecofloc en aspire por 25s (fase: fase1_descarga_medium_iter4)
  ├─ [nitro5:cpu] start 04:47:43
  ├─ [aspire:sd] start 04:47:43
  ├─ [aspire:ram] start 04:47:43
  ├─ [aspire:nic] start 04:47:43
[⏱ 04:47:43] Iniciando ecofloc en scorpius por 25s (fase: fase1_descarga_medium_iter4)
  ├─ [aspire:cpu] start 04:47:43
  ├─ [scorpius:sd] start 04:47:43
  ├─ [scorpius:ram] start 04:47:43
  ├─ [scorpius:nic] start 04:47:43
[⏱ 04:47:43] Iniciando ecofloc en leo por 25s (fase: fase1_descarga_medium_iter4)
  ├─ [scorpius:cpu] start 04:47:43
  ├─ [leo:sd] start 04:47:43
  ├─ [leo:ram] start 04:47:43
  ├─ [leo:nic] start 04:47:43
  ├─ [leo:cpu] start 04:47:43
✅ Pods listos.
⏳ [04:47:46] Esperando que termine medición: fase1_descarga_medium_iter4 (PID: 1685675)
  └─ [nitro5:sd] end 04:48:07
  └─ [nitro5:ram] end 04:48:07
  └─ [nitro5:nic] end 04:48:08
  └─ [nitro5:cpu] end 04:48:08
  └─ [aspire:cpu] end 04:48:09
  └─ [aspire:sd] end 04:48:09
  └─ [aspire:ram] end 04:48:09
  └─ [leo:cpu] end 04:48:09
  └─ [leo:sd] end 04:48:10
  └─ [scorpius:sd] end 04:48:10
  └─ [leo:nic] end 04:48:10
  └─ [aspire:nic] end 04:48:10
  └─ [leo:ram] end 04:48:10
  └─ [scorpius:nic] end 04:48:10
  └─ [scorpius:ram] end 04:48:10
  └─ [scorpius:cpu] end 04:48:11
=== Bloque 25s terminado - Fase: fase1_descarga_medium_iter4 ===
[🧹] Limpiando CSVs internos de ecofloc en cada nodo (fase: fase1_descarga_medium_iter4)...
  ✔ [nitro5:cpu] limpiado /home/luish/Documents/p3/ecofloc2/ecofloc/ecofloc-cpu/ECOFLOC_CPU_COMM_text.csv
  ✔ [nitro5:nic] limpiado /home/luish/Documents/p3/ecofloc2/ecofloc/ecofloc-nic/ECOFLOC_NIC_COMM_text.csv
  ✔ [nitro5:ram] limpiado /home/luish/Documents/p3/ecofloc2/ecofloc/ecofloc-ram/ECOFLOC_RAM_COMM_text.csv
  ✔ [nitro5:sd] limpiado /home/luish/Documents/p3/ecofloc2/ecofloc/ecofloc-sd/ECOFLOC_SD_COMM_text.csv
  ✔ [leo:cpu] limpiado /home/leo/ecofloc/ecofloc-cpu/ECOFLOC_CPU_COMM_text.csv
  ✔ [leo:nic] limpiado /home/leo/ecofloc/ecofloc-nic/ECOFLOC_NIC_COMM_text.csv
  ✔ [leo:ram] limpiado /home/leo/ecofloc/ecofloc-ram/ECOFLOC_RAM_COMM_text.csv
  ✔ [leo:sd] limpiado /home/leo/ecofloc/ecofloc-sd/ECOFLOC_SD_COMM_text.csv
  ✔ [aspire:cpu] limpiado /home/luish/Documents/p3/ecofloc2/ecofloc/ecofloc-cpu/ECOFLOC_CPU_COMM_text.csv
  ✔ [aspire:nic] limpiado /home/luish/Documents/p3/ecofloc2/ecofloc/ecofloc-nic/ECOFLOC_NIC_COMM_text.csv
  ✔ [aspire:ram] limpiado /home/luish/Documents/p3/ecofloc2/ecofloc/ecofloc-ram/ECOFLOC_RAM_COMM_text.csv
  ✔ [aspire:sd] limpiado /home/luish/Documents/p3/ecofloc2/ecofloc/ecofloc-sd/ECOFLOC_SD_COMM_text.csv
  ✔ [scorpius:cpu] limpiado /home/scorpius03/Documents/ecofloc/ecofloc-cpu/ECOFLOC_CPU_COMM_text.csv
  ✔ [scorpius:nic] limpiado /home/scorpius03/Documents/ecofloc/ecofloc-nic/ECOFLOC_NIC_COMM_text.csv
  ✔ [scorpius:ram] limpiado /home/scorpius03/Documents/ecofloc/ecofloc-ram/ECOFLOC_RAM_COMM_text.csv
  ✔ [scorpius:sd] limpiado /home/scorpius03/Documents/ecofloc/ecofloc-sd/ECOFLOC_SD_COMM_text.csv
========================================
🔋 MEASURE ENERGY FINALIZADO
   Fase: fase1_descarga_medium_iter4
========================================
✔️ [04:48:16] Medición fase1_descarga_medium_iter4 completada
[📦] Archivando resultados → ./historyexecutions/exp(04:48:21)_fase1_medium_iter4
[✔] Archivado: ./historyexecutions/exp(04:48:21)_fase1_medium_iter4
========================================
🔋 FASE 2: Preparación de servicios (medium, iter 4)
========================================
📋 Capturando PIDs (gepidstea.sh)...
📋 Capturando PIDs de contenedores (kpsnodos.sh)...
🔋 [04:48:43] Iniciando medición de energía: fase2_preparacion_medium_iter4 (50s)
   PID de medición: 1753005
========================================
🔋 MEASURE ENERGY - Fase: fase2_preparacion_medium_iter4
   Duración: 50s
   PID: 1753005
========================================
=== Medición bloque 50s - Fase: fase2_preparacion_medium_iter4 ===
[⏱ 04:48:43] Iniciando ecofloc en nitro5 por 50s (fase: fase2_preparacion_medium_iter4)
⏳ Esperando 10s a que CoreDNS se estabilice...
  ├─ [nitro5:sd] start 04:48:44
  ├─ [nitro5:ram] start 04:48:44
  ├─ [nitro5:nic] start 04:48:45
[⏱ 04:48:45] Iniciando ecofloc en aspire por 50s (fase: fase2_preparacion_medium_iter4)
  ├─ [nitro5:cpu] start 04:48:45
  ├─ [aspire:sd] start 04:48:45
  ├─ [aspire:ram] start 04:48:45
  ├─ [aspire:nic] start 04:48:45
[⏱ 04:48:45] Iniciando ecofloc en scorpius por 50s (fase: fase2_preparacion_medium_iter4)
  ├─ [aspire:cpu] start 04:48:45
  ├─ [scorpius:sd] start 04:48:45
  ├─ [scorpius:ram] start 04:48:45
  ├─ [scorpius:nic] start 04:48:45
[⏱ 04:48:45] Iniciando ecofloc en leo por 50s (fase: fase2_preparacion_medium_iter4)
  ├─ [scorpius:cpu] start 04:48:45
  ├─ [leo:sd] start 04:48:45
  ├─ [leo:ram] start 04:48:45
  ├─ [leo:nic] start 04:48:45
  ├─ [leo:cpu] start 04:48:45
➡️ Pod WebUI: teastore-webui-ff7768544-89bnk
➡️ Está en el nodo: leo02
🌐 IP del nodo WebUI: 192.168.18.36
⏳ Verificando estado del TeaStore en http://192.168.18.36:30080/tools.descartes.teastore.webui/status ...
   ➤ Estado actual: 5 / 5 servicios OK
✔ TODOS los servicios del TeaStore están OK. Continuando...
⏳ [04:48:59] Esperando que termine medición: fase2_preparacion_medium_iter4 (PID: 1753005)
  └─ [nitro5:sd] end 04:49:34
  └─ [nitro5:ram] end 04:49:34
  └─ [nitro5:nic] end 04:49:35
  └─ [nitro5:cpu] end 04:49:35
  └─ [leo:nic] end 04:49:37
  └─ [aspire:sd] end 04:49:37
  └─ [aspire:nic] end 04:49:37
  └─ [aspire:cpu] end 04:49:37
  └─ [aspire:ram] end 04:49:38
  └─ [leo:cpu] end 04:49:38
  └─ [leo:sd] end 04:49:38
  └─ [leo:ram] end 04:49:38
  └─ [scorpius:nic] end 04:49:38
  └─ [scorpius:cpu] end 04:49:39
  └─ [scorpius:sd] end 04:49:39
  └─ [scorpius:ram] end 04:49:39
=== Bloque 50s terminado - Fase: fase2_preparacion_medium_iter4 ===
[🧹] Limpiando CSVs internos de ecofloc en cada nodo (fase: fase2_preparacion_medium_iter4)...
  ✔ [nitro5:cpu] limpiado /home/luish/Documents/p3/ecofloc2/ecofloc/ecofloc-cpu/ECOFLOC_CPU_COMM_text.csv
  ✔ [nitro5:nic] limpiado /home/luish/Documents/p3/ecofloc2/ecofloc/ecofloc-nic/ECOFLOC_NIC_COMM_text.csv
  ✔ [nitro5:ram] limpiado /home/luish/Documents/p3/ecofloc2/ecofloc/ecofloc-ram/ECOFLOC_RAM_COMM_text.csv
  ✔ [nitro5:sd] limpiado /home/luish/Documents/p3/ecofloc2/ecofloc/ecofloc-sd/ECOFLOC_SD_COMM_text.csv
  ✔ [leo:cpu] limpiado /home/leo/ecofloc/ecofloc-cpu/ECOFLOC_CPU_COMM_text.csv
  ✔ [leo:nic] limpiado /home/leo/ecofloc/ecofloc-nic/ECOFLOC_NIC_COMM_text.csv
  ✔ [leo:ram] limpiado /home/leo/ecofloc/ecofloc-ram/ECOFLOC_RAM_COMM_text.csv
  ✔ [leo:sd] limpiado /home/leo/ecofloc/ecofloc-sd/ECOFLOC_SD_COMM_text.csv
  ✔ [aspire:cpu] limpiado /home/luish/Documents/p3/ecofloc2/ecofloc/ecofloc-cpu/ECOFLOC_CPU_COMM_text.csv
  ✔ [aspire:nic] limpiado /home/luish/Documents/p3/ecofloc2/ecofloc/ecofloc-nic/ECOFLOC_NIC_COMM_text.csv
  ✔ [aspire:ram] limpiado /home/luish/Documents/p3/ecofloc2/ecofloc/ecofloc-ram/ECOFLOC_RAM_COMM_text.csv
  ✔ [aspire:sd] limpiado /home/luish/Documents/p3/ecofloc2/ecofloc/ecofloc-sd/ECOFLOC_SD_COMM_text.csv
  ✔ [scorpius:cpu] limpiado /home/scorpius03/Documents/ecofloc/ecofloc-cpu/ECOFLOC_CPU_COMM_text.csv
  ✔ [scorpius:nic] limpiado /home/scorpius03/Documents/ecofloc/ecofloc-nic/ECOFLOC_NIC_COMM_text.csv
  ✔ [scorpius:ram] limpiado /home/scorpius03/Documents/ecofloc/ecofloc-ram/ECOFLOC_RAM_COMM_text.csv
  ✔ [scorpius:sd] limpiado /home/scorpius03/Documents/ecofloc/ecofloc-sd/ECOFLOC_SD_COMM_text.csv
========================================
🔋 MEASURE ENERGY FINALIZADO
   Fase: fase2_preparacion_medium_iter4
========================================
✔️ [04:49:43] Medición fase2_preparacion_medium_iter4 completada
[📦] Archivando resultados → ./historyexecutions/exp(04:49:48)_fase2_medium_iter4
[✔] Archivado: ./historyexecutions/exp(04:49:48)_fase2_medium_iter4
========================================
🔋 FASE 3: Ejecución de carga (medium, iter 4)
========================================
📋 Capturando PIDs (gepidstea.sh)...
📋 Capturando PIDs de contenedores (kpsnodos.sh)...
🔋 [04:50:06] Iniciando medición de energía: fase3_carga_medium_iter4 (140s)
   PID de medición: 1886781
=== Escenario medium (iter 4) ===
========================================
🔋 MEASURE ENERGY - Fase: fase3_carga_medium_iter4
   Duración: 140s
   PID: 1886781
========================================
=== Medición bloque 140s - Fase: fase3_carga_medium_iter4 ===
🚀 Iniciando LIMBO con profile=/home/luish/Documents/death/teastore/TeaStore/examples/httploadgenerator/increasingMedIntensity.csv y script=/home/luish/Documents/death/teastore/TeaStore/examples/httploadgenerator/teastore_buy.lua
[⏱ 04:50:06] Iniciando ecofloc en nitro5 por 140s (fase: fase3_carga_medium_iter4)
Mar 06, 2026 4:50:06 AM tools.descartes.dlim.httploadgenerator.runner.Director executeDirector
WARNING: No power measurements
Mar 06, 2026 4:50:06 AM tools.descartes.dlim.httploadgenerator.runner.Director executeDirector
INFO: Load Generator Thread Count set to 64
Mar 06, 2026 4:50:06 AM tools.descartes.dlim.httploadgenerator.runner.Director executeDirector
INFO: URL connection timout set to 30000 ms
Mar 06, 2026 4:50:06 AM tools.descartes.dlim.httploadgenerator.runner.Director executeDirector
INFO: Using Lua Script: /home/luish/Documents/death/teastore/TeaStore/examples/httploadgenerator/teastore_buy.lua
Mar 06, 2026 4:50:06 AM tools.descartes.dlim.httploadgenerator.runner.Director process
INFO: Read 120 Arrival Rate Tuples
Load Generator sent: ok
Mar 06, 2026 4:50:06 AM tools.descartes.dlim.httploadgenerator.runner.Director process
INFO: Arrival Rates sent to Load Generator(s).
Load Generator sent: ok
Mar 06, 2026 4:50:06 AM tools.descartes.dlim.httploadgenerator.runner.Director process
INFO: Thread Count sent to Load Generator(s): 64
Load Generator sent: ok
Mar 06, 2026 4:50:06 AM tools.descartes.dlim.httploadgenerator.runner.Director process
INFO: URL connection timeout sent to Load Generator(s): 30000
Load Generator sent: ok
Mar 06, 2026 4:50:06 AM tools.descartes.dlim.httploadgenerator.runner.Director process
INFO: Contents of script sent to Load Generator: /home/luish/Documents/death/teastore/TeaStore/examples/httploadgenerator/teastore_buy.lua
Mar 06, 2026 4:50:06 AM tools.descartes.dlim.httploadgenerator.runner.Director process
INFO: Starting Load Generation
Beginning Run @1772790606902(06.03.2026;04:50:06902)
  ├─ [nitro5:sd] start 04:50:07
Target Time = 0.5; Load Intensity = 8.0; #Success = 0; #Failed = 0; #Dropped = 0
  ├─ [nitro5:ram] start 04:50:07
  ├─ [nitro5:nic] start 04:50:07
[⏱ 04:50:08] Iniciando ecofloc en aspire por 140s (fase: fase3_carga_medium_iter4)
  ├─ [nitro5:cpu] start 04:50:08
  ├─ [aspire:sd] start 04:50:08
  ├─ [aspire:ram] start 04:50:08
[⏱ 04:50:08] Iniciando ecofloc en scorpius por 140s (fase: fase3_carga_medium_iter4)
  ├─ [aspire:nic] start 04:50:08
  ├─ [aspire:cpu] start 04:50:08
  ├─ [scorpius:sd] start 04:50:08
  ├─ [scorpius:nic] start 04:50:08
[⏱ 04:50:08] Iniciando ecofloc en leo por 140s (fase: fase3_carga_medium_iter4)
  ├─ [scorpius:ram] start 04:50:08
  ├─ [scorpius:cpu] start 04:50:08
  ├─ [leo:sd] start 04:50:08
  ├─ [leo:ram] start 04:50:08
  ├─ [leo:cpu] start 04:50:08
  ├─ [leo:nic] start 04:50:08
Target Time = 1.5; Load Intensity = 16.0; #Success = 0; #Failed = 1; #Dropped = 0
Target Time = 2.5; Load Intensity = 25.0; #Success = 4; #Failed = 3; #Dropped = 0
Target Time = 3.5; Load Intensity = 33.0; #Success = 10; #Failed = 0; #Dropped = 0
Target Time = 4.5; Load Intensity = 41.0; #Success = 22; #Failed = 0; #Dropped = 0
Target Time = 5.5; Load Intensity = 50.0; #Success = 4; #Failed = 0; #Dropped = 0
Target Time = 6.5; Load Intensity = 58.0; #Success = 2; #Failed = 0; #Dropped = 0
Target Time = 7.5; Load Intensity = 66.0; #Success = 2; #Failed = 0; #Dropped = 0
Target Time = 8.5; Load Intensity = 75.0; #Success = 7; #Failed = 0; #Dropped = 0
Target Time = 9.5; Load Intensity = 83.0; #Success = 4; #Failed = 0; #Dropped = 0
Target Time = 10.5; Load Intensity = 91.0; #Success = 6; #Failed = 0; #Dropped = 0
Target Time = 11.5; Load Intensity = 100.0; #Success = 0; #Failed = 0; #Dropped = 0
Target Time = 12.5; Load Intensity = 108.0; #Success = 0; #Failed = 0; #Dropped = 0
Target Time = 13.5; Load Intensity = 116.0; #Success = 0; #Failed = 0; #Dropped = 0
Target Time = 14.5; Load Intensity = 125.0; #Success = 0; #Failed = 0; #Dropped = 0
Target Time = 15.5; Load Intensity = 133.0; #Success = 0; #Failed = 0; #Dropped = 0
Target Time = 16.5; Load Intensity = 141.0; #Success = 0; #Failed = 0; #Dropped = 0
Target Time = 17.5; Load Intensity = 150.0; #Success = 1; #Failed = 0; #Dropped = 0
Target Time = 18.5; Load Intensity = 158.0; #Success = 2; #Failed = 0; #Dropped = 0
Target Time = 19.5; Load Intensity = 166.0; #Success = 10; #Failed = 0; #Dropped = 0
Target Time = 20.5; Load Intensity = 175.0; #Success = 7; #Failed = 0; #Dropped = 0
Target Time = 21.5; Load Intensity = 183.0; #Success = 4; #Failed = 0; #Dropped = 0
Target Time = 22.5; Load Intensity = 191.0; #Success = 6; #Failed = 0; #Dropped = 0
Target Time = 23.5; Load Intensity = 200.0; #Success = 3; #Failed = 0; #Dropped = 0
Target Time = 24.5; Load Intensity = 208.0; #Success = 6; #Failed = 0; #Dropped = 0
Target Time = 25.5; Load Intensity = 216.0; #Success = 8; #Failed = 3; #Dropped = 0
Target Time = 26.5; Load Intensity = 225.0; #Success = 3; #Failed = 0; #Dropped = 0
Target Time = 27.5; Load Intensity = 233.0; #Success = 3; #Failed = 0; #Dropped = 0
Target Time = 28.5; Load Intensity = 241.0; #Success = 4; #Failed = 0; #Dropped = 0
Target Time = 29.5; Load Intensity = 250.0; #Success = 4; #Failed = 0; #Dropped = 0
Target Time = 30.5; Load Intensity = 258.0; #Success = 0; #Failed = 0; #Dropped = 0
Target Time = 31.5; Load Intensity = 266.0; #Success = 2; #Failed = 0; #Dropped = 0
Target Time = 32.5; Load Intensity = 275.0; #Success = 3; #Failed = 0; #Dropped = 0
Target Time = 33.5; Load Intensity = 283.0; #Success = 10; #Failed = 6; #Dropped = 0
Target Time = 34.5; Load Intensity = 291.0; #Success = 2; #Failed = 3; #Dropped = 0
Target Time = 35.5; Load Intensity = 300.0; #Success = 0; #Failed = 6; #Dropped = 0
Target Time = 36.5; Load Intensity = 308.0; #Success = 3; #Failed = 0; #Dropped = 1
Target Time = 37.5; Load Intensity = 316.0; #Success = 4; #Failed = 0; #Dropped = 62
Target Time = 38.5; Load Intensity = 325.0; #Success = 1; #Failed = 1; #Dropped = 76
Target Time = 39.5; Load Intensity = 333.0; #Success = 5; #Failed = 0; #Dropped = 83
Target Time = 40.5; Load Intensity = 341.0; #Success = 3; #Failed = 0; #Dropped = 73
Target Time = 41.5; Load Intensity = 350.0; #Success = 6; #Failed = 0; #Dropped = 91
Target Time = 42.5; Load Intensity = 358.0; #Success = 2; #Failed = 0; #Dropped = 108
Target Time = 43.5; Load Intensity = 366.0; #Success = 2; #Failed = 0; #Dropped = 123
Target Time = 44.5; Load Intensity = 375.0; #Success = 4; #Failed = 0; #Dropped = 129
Target Time = 45.5; Load Intensity = 383.0; #Success = 3; #Failed = 0; #Dropped = 120
Target Time = 46.5; Load Intensity = 391.0; #Success = 3; #Failed = 0; #Dropped = 130
Target Time = 47.5; Load Intensity = 400.0; #Success = 3; #Failed = 0; #Dropped = 134
Target Time = 48.5; Load Intensity = 408.0; #Success = 0; #Failed = 0; #Dropped = 0
Target Time = 49.5; Load Intensity = 416.0; #Success = 2; #Failed = 0; #Dropped = 303
Target Time = 50.5; Load Intensity = 425.0; #Success = 2; #Failed = 0; #Dropped = 161
Target Time = 51.5; Load Intensity = 433.0; #Success = 0; #Failed = 2; #Dropped = 183
Target Time = 52.5; Load Intensity = 441.0; #Success = 1; #Failed = 0; #Dropped = 87
Target Time = 53.5; Load Intensity = 450.0; #Success = 0; #Failed = 3; #Dropped = 354
Target Time = 54.5; Load Intensity = 458.0; #Success = 0; #Failed = 6; #Dropped = 212
Target Time = 55.5; Load Intensity = 466.0; #Success = 0; #Failed = 4; #Dropped = 190
Target Time = 56.5; Load Intensity = 475.0; #Success = 0; #Failed = 0; #Dropped = 0
Target Time = 57.5; Load Intensity = 483.0; #Success = 2; #Failed = 1; #Dropped = 458
Target Time = 58.5; Load Intensity = 491.0; #Success = 3; #Failed = 4; #Dropped = 243
Target Time = 59.5; Load Intensity = 500.0; #Success = 1; #Failed = 3; #Dropped = 224
Target Time = 60.5; Load Intensity = 508.0; #Success = 0; #Failed = 0; #Dropped = 0
Target Time = 61.5; Load Intensity = 516.0; #Success = 0; #Failed = 1; #Dropped = 521
Target Time = 62.5; Load Intensity = 525.0; #Success = 0; #Failed = 1; #Dropped = 182
Target Time = 63.5; Load Intensity = 533.0; #Success = 4; #Failed = 0; #Dropped = 355
Target Time = 64.5; Load Intensity = 541.0; #Success = 2; #Failed = 0; #Dropped = 53
Target Time = 65.5; Load Intensity = 550.0; #Success = 0; #Failed = 0; #Dropped = 0
Target Time = 66.5; Load Intensity = 558.0; #Success = 3; #Failed = 1; #Dropped = 923
Target Time = 67.5; Load Intensity = 566.0; #Success = 4; #Failed = 0; #Dropped = 265
Target Time = 68.5; Load Intensity = 575.0; #Success = 2; #Failed = 2; #Dropped = 327
Target Time = 69.5; Load Intensity = 583.0; #Success = 0; #Failed = 3; #Dropped = 111
Target Time = 70.5; Load Intensity = 591.0; #Success = 0; #Failed = 0; #Dropped = 0
Target Time = 71.5; Load Intensity = 600.0; #Success = 0; #Failed = 0; #Dropped = 0
Target Time = 72.5; Load Intensity = 608.0; #Success = 0; #Failed = 7; #Dropped = 939
Target Time = 73.5; Load Intensity = 616.0; #Success = 0; #Failed = 14; #Dropped = 642
Target Time = 74.5; Load Intensity = 625.0; #Success = 1; #Failed = 0; #Dropped = 214
Target Time = 75.5; Load Intensity = 633.0; #Success = 1; #Failed = 1; #Dropped = 491
Target Time = 76.5; Load Intensity = 641.0; #Success = 0; #Failed = 0; #Dropped = 0
Target Time = 77.5; Load Intensity = 650.0; #Success = 0; #Failed = 2; #Dropped = 869
Target Time = 78.5; Load Intensity = 658.0; #Success = 0; #Failed = 3; #Dropped = 382
Target Time = 79.5; Load Intensity = 666.0; #Success = 1; #Failed = 5; #Dropped = 422
Target Time = 80.5; Load Intensity = 675.0; #Success = 0; #Failed = 3; #Dropped = 118
Target Time = 81.5; Load Intensity = 683.0; #Success = 0; #Failed = 3; #Dropped = 705
Target Time = 82.5; Load Intensity = 691.0; #Success = 1; #Failed = 2; #Dropped = 175
Target Time = 83.5; Load Intensity = 700.0; #Success = 2; #Failed = 0; #Dropped = 657
Target Time = 84.5; Load Intensity = 708.0; #Success = 4; #Failed = 3; #Dropped = 485
Target Time = 85.5; Load Intensity = 716.0; #Success = 2; #Failed = 8; #Dropped = 507
Target Time = 86.5; Load Intensity = 725.0; #Success = 0; #Failed = 11; #Dropped = 496
Target Time = 87.5; Load Intensity = 733.0; #Success = 3; #Failed = 1; #Dropped = 456
Target Time = 88.5; Load Intensity = 741.0; #Success = 1; #Failed = 1; #Dropped = 474
Target Time = 89.5; Load Intensity = 750.0; #Success = 1; #Failed = 0; #Dropped = 139
Target Time = 90.5; Load Intensity = 758.0; #Success = 0; #Failed = 1; #Dropped = 671
Target Time = 91.5; Load Intensity = 766.0; #Success = 1; #Failed = 3; #Dropped = 658
Target Time = 92.5; Load Intensity = 775.0; #Success = 1; #Failed = 9; #Dropped = 564
Target Time = 93.5; Load Intensity = 783.0; #Success = 1; #Failed = 5; #Dropped = 526
Target Time = 94.5; Load Intensity = 791.0; #Success = 1; #Failed = 3; #Dropped = 511
Target Time = 95.5; Load Intensity = 800.0; #Success = 0; #Failed = 5; #Dropped = 582
Target Time = 96.5; Load Intensity = 808.0; #Success = 0; #Failed = 5; #Dropped = 559
Target Time = 97.5; Load Intensity = 816.0; #Success = 0; #Failed = 6; #Dropped = 588
Target Time = 98.5; Load Intensity = 825.0; #Success = 0; #Failed = 5; #Dropped = 473
Target Time = 99.5; Load Intensity = 833.0; #Success = 0; #Failed = 5; #Dropped = 633
Target Time = 100.5; Load Intensity = 841.0; #Success = 0; #Failed = 1; #Dropped = 42
Target Time = 101.5; Load Intensity = 850.0; #Success = 0; #Failed = 0; #Dropped = 0
Target Time = 102.5; Load Intensity = 858.0; #Success = 0; #Failed = 0; #Dropped = 0
Target Time = 103.5; Load Intensity = 866.0; #Success = 0; #Failed = 0; #Dropped = 0
Target Time = 104.5; Load Intensity = 875.0; #Success = 0; #Failed = 2; #Dropped = 2838
Target Time = 105.5; Load Intensity = 883.0; #Success = 1; #Failed = 2; #Dropped = 802
Target Time = 106.5; Load Intensity = 891.0; #Success = 0; #Failed = 2; #Dropped = 187
Target Time = 107.5; Load Intensity = 900.0; #Success = 0; #Failed = 6; #Dropped = 681
Target Time = 108.5; Load Intensity = 908.0; #Success = 0; #Failed = 3; #Dropped = 1100
Target Time = 109.5; Load Intensity = 916.0; #Success = 2; #Failed = 6; #Dropped = 619
Target Time = 110.5; Load Intensity = 925.0; #Success = 0; #Failed = 7; #Dropped = 659
Target Time = 111.5; Load Intensity = 933.0; #Success = 0; #Failed = 5; #Dropped = 657
Target Time = 112.5; Load Intensity = 941.0; #Success = 0; #Failed = 6; #Dropped = 651
Target Time = 113.5; Load Intensity = 950.0; #Success = 0; #Failed = 7; #Dropped = 753
Target Time = 114.5; Load Intensity = 958.0; #Success = 0; #Failed = 0; #Dropped = 0
Target Time = 115.5; Load Intensity = 966.0; #Success = 0; #Failed = 0; #Dropped = 0
Target Time = 116.5; Load Intensity = 975.0; #Success = 0; #Failed = 0; #Dropped = 0
Target Time = 117.5; Load Intensity = 983.0; #Success = 0; #Failed = 0; #Dropped = 0
Target Time = 118.5; Load Intensity = 991.0; #Success = 0; #Failed = 8; #Dropped = 3663
Target Time = 119.5; Load Intensity = 1000.0; #Success = 0; #Failed = 6; #Dropped = 684
Target Time = 120.5; Load Intensity = 0.0; #Success = 1; #Failed = 5; #Dropped = 776
Target Time = 121.5; Load Intensity = 0.0; #Success = 0; #Failed = 0; #Dropped = 0
Target Time = 122.5; Load Intensity = 0.0; #Success = 1; #Failed = 0; #Dropped = 1349
Target Time = 123.5; Load Intensity = 0.0; #Success = 0; #Failed = 6; #Dropped = 950
Target Time = 124.5; Load Intensity = 0.0; #Success = 1; #Failed = 0; #Dropped = 284
Target Time = 125.5; Load Intensity = 0.0; #Success = 0; #Failed = 1; #Dropped = 875
Target Time = 126.5; Load Intensity = 0.0; #Success = 0; #Failed = 0; #Dropped = 0
Target Time = 127.5; Load Intensity = 0.0; #Success = 0; #Failed = 0; #Dropped = 0
Target Time = 128.5; Load Intensity = 0.0; #Success = 0; #Failed = 7; #Dropped = 2650
Target Time = 129.5; Load Intensity = 0.0; #Success = 1; #Failed = 2; #Dropped = 696
Target Time = 130.5; Load Intensity = 0.0; #Success = 0; #Failed = 1; #Dropped = 1195
Target Time = 131.5; Load Intensity = 0.0; #Success = 0; #Failed = 10; #Dropped = 901
Target Time = 132.5; Load Intensity = 0.0; #Success = 2; #Failed = 8; #Dropped = 753
Target Time = 133.5; Load Intensity = 0.0; #Success = 0; #Failed = 4; #Dropped = 837
Target Time = 134.5; Load Intensity = 0.0; #Success = 0; #Failed = 4; #Dropped = 949
Target Time = 135.5; Load Intensity = 0.0; #Success = 0; #Failed = 3; #Dropped = 745
Target Time = 136.5; Load Intensity = 0.0; #Success = 0; #Failed = 3; #Dropped = 1009
Target Time = 137.5; Load Intensity = 0.0; #Success = 1; #Failed = 3; #Dropped = 672
Target Time = 138.5; Load Intensity = 0.0; #Success = 1; #Failed = 1; #Dropped = 1017
Target Time = 139.5; Load Intensity = 0.0; #Success = 0; #Failed = 3; #Dropped = 942
  └─ [nitro5:sd] end 04:52:27
Target Time = 140.5; Load Intensity = 0.0; #Success = 0; #Failed = 1; #Dropped = 1068
  └─ [nitro5:ram] end 04:52:27
  └─ [nitro5:nic] end 04:52:27
  └─ [nitro5:cpu] end 04:52:28
Target Time = 141.5; Load Intensity = 0.0; #Success = 1; #Failed = 4; #Dropped = 870
Target Time = 142.5; Load Intensity = 0.0; #Success = 0; #Failed = 2; #Dropped = 387
Target Time = 143.5; Load Intensity = 0.0; #Success = 0; #Failed = 3; #Dropped = 1504
Target Time = 144.5; Load Intensity = 0.0; #Success = 0; #Failed = 1; #Dropped = 6
Target Time = 145.5; Load Intensity = 0.0; #Success = 0; #Failed = 3; #Dropped = 1845
Target Time = 146.5; Load Intensity = 0.0; #Success = 0; #Failed = 4; #Dropped = 1025
Target Time = 147.5; Load Intensity = 0.0; #Success = 0; #Failed = 3; #Dropped = 596
Target Time = 148.5; Load Intensity = 0.0; #Success = 0; #Failed = 2; #Dropped = 1099
Target Time = 149.5; Load Intensity = 0.0; #Success = 1; #Failed = 0; #Dropped = 295
Target Time = 150.5; Load Intensity = 0.0; #Success = 1; #Failed = 12; #Dropped = 999
Target Time = 151.5; Load Intensity = 0.0; #Success = 0; #Failed = 2; #Dropped = 0
Target Time = 152.5; Load Intensity = 0.0; #Success = 0; #Failed = 1; #Dropped = 0
Target Time = 153.5; Load Intensity = 0.0; #Success = 1; #Failed = 1; #Dropped = 0
Target Time = 154.5; Load Intensity = 0.0; #Success = 1; #Failed = 2; #Dropped = 0
  └─ [scorpius:cpu] end 04:52:41
Target Time = 155.5; Load Intensity = 0.0; #Success = 0; #Failed = 2; #Dropped = 0
Target Time = 156.5; Load Intensity = 0.0; #Success = 0; #Failed = 5; #Dropped = 0
  └─ [scorpius:sd] end 04:52:43
  └─ [scorpius:ram] end 04:52:43
Target Time = 157.5; Load Intensity = 0.0; #Success = 0; #Failed = 9; #Dropped = 0
Target Time = 158.5; Load Intensity = 0.0; #Success = 0; #Failed = 3; #Dropped = 0
Target Time = 159.5; Load Intensity = 0.0; #Success = 1; #Failed = 0; #Dropped = 0
  └─ [leo:nic] end 04:52:46
Target Time = 160.5; Load Intensity = 0.0; #Success = 0; #Failed = 0; #Dropped = 0
Target Time = 161.5; Load Intensity = 0.0; #Success = 0; #Failed = 0; #Dropped = 0
  └─ [aspire:cpu] end 04:52:48
  └─ [aspire:nic] end 04:52:48
Target Time = 162.5; Load Intensity = 0.0; #Success = 0; #Failed = 0; #Dropped = 0
  └─ [aspire:sd] end 04:52:50
  └─ [aspire:ram] end 04:52:50
Target Time = 163.5; Load Intensity = 0.0; #Success = 2; #Failed = 1; #Dropped = 0
Target Time = 164.5; Load Intensity = 0.0; #Success = 2; #Failed = 0; #Dropped = 0
Target Time = 165.5; Load Intensity = 0.0; #Success = 1; #Failed = 0; #Dropped = 0
Target Time = 166.5; Load Intensity = 0.0; #Success = 0; #Failed = 0; #Dropped = 0
Target Time = 167.5; Load Intensity = 0.0; #Success = 2; #Failed = 4; #Dropped = 0
Target Time = 168.5; Load Intensity = 0.0; #Success = 1; #Failed = 2; #Dropped = 0
Target Time = 169.5; Load Intensity = 0.0; #Success = 1; #Failed = 2; #Dropped = 0
Target Time = 170.5; Load Intensity = 0.0; #Success = 0; #Failed = 0; #Dropped = 0
Target Time = 171.5; Load Intensity = 0.0; #Success = 2; #Failed = 0; #Dropped = 0
  └─ [leo:cpu] end 04:52:59
Target Time = 172.5; Load Intensity = 0.0; #Success = 1; #Failed = 1; #Dropped = 0
  └─ [leo:ram] end 04:53:00
Target Time = 173.5; Load Intensity = 0.0; #Success = 0; #Failed = 0; #Dropped = 0
  └─ [leo:sd] end 04:53:00
=== Bloque 140s terminado - Fase: fase3_carga_medium_iter4 ===
[🧹] Limpiando CSVs internos de ecofloc en cada nodo (fase: fase3_carga_medium_iter4)...
  ✔ [nitro5:cpu] limpiado /home/luish/Documents/p3/ecofloc2/ecofloc/ecofloc-cpu/ECOFLOC_CPU_COMM_text.csv
  ✔ [nitro5:nic] limpiado /home/luish/Documents/p3/ecofloc2/ecofloc/ecofloc-nic/ECOFLOC_NIC_COMM_text.csv
  ✔ [nitro5:ram] limpiado /home/luish/Documents/p3/ecofloc2/ecofloc/ecofloc-ram/ECOFLOC_RAM_COMM_text.csv
  ✔ [nitro5:sd] limpiado /home/luish/Documents/p3/ecofloc2/ecofloc/ecofloc-sd/ECOFLOC_SD_COMM_text.csv
Target Time = 174.5; Load Intensity = 0.0; #Success = 0; #Failed = 0; #Dropped = 0
Target Time = 175.5; Load Intensity = 0.0; #Success = 0; #Failed = 0; #Dropped = 0
Target Time = 176.5; Load Intensity = 0.0; #Success = 1; #Failed = 0; #Dropped = 0
  ✔ [leo:cpu] limpiado /home/leo/ecofloc/ecofloc-cpu/ECOFLOC_CPU_COMM_text.csv
  ✔ [leo:nic] limpiado /home/leo/ecofloc/ecofloc-nic/ECOFLOC_NIC_COMM_text.csv
  ✔ [leo:ram] limpiado /home/leo/ecofloc/ecofloc-ram/ECOFLOC_RAM_COMM_text.csv
  ✔ [leo:sd] limpiado /home/leo/ecofloc/ecofloc-sd/ECOFLOC_SD_COMM_text.csv
  ✔ [aspire:cpu] limpiado /home/luish/Documents/p3/ecofloc2/ecofloc/ecofloc-cpu/ECOFLOC_CPU_COMM_text.csv
  ✔ [aspire:nic] limpiado /home/luish/Documents/p3/ecofloc2/ecofloc/ecofloc-nic/ECOFLOC_NIC_COMM_text.csv
  ✔ [aspire:ram] limpiado /home/luish/Documents/p3/ecofloc2/ecofloc/ecofloc-ram/ECOFLOC_RAM_COMM_text.csv
  ✔ [aspire:sd] limpiado /home/luish/Documents/p3/ecofloc2/ecofloc/ecofloc-sd/ECOFLOC_SD_COMM_text.csv
  ✔ [scorpius:cpu] limpiado /home/scorpius03/Documents/ecofloc/ecofloc-cpu/ECOFLOC_CPU_COMM_text.csv
  ✔ [scorpius:nic] limpiado /home/scorpius03/Documents/ecofloc/ecofloc-nic/ECOFLOC_NIC_COMM_text.csv
  ✔ [scorpius:ram] limpiado /home/scorpius03/Documents/ecofloc/ecofloc-ram/ECOFLOC_RAM_COMM_text.csv
  ✔ [scorpius:sd] limpiado /home/scorpius03/Documents/ecofloc/ecofloc-sd/ECOFLOC_SD_COMM_text.csv
========================================
🔋 MEASURE ENERGY FINALIZADO
   Fase: fase3_carga_medium_iter4
========================================
Workload finished.
Log finished.
📄 LIMBO finalizado para scenario=medium
⏳ [04:53:08] Esperando que termine medición: fase3_carga_medium_iter4 (PID: 1886781)
✔️ [04:53:08] Medición fase3_carga_medium_iter4 completada
[📦] Archivando resultados → ./historyexecutions/exp(04:53:13)_fase3_medium_iter4
