========================================
🔬 EXPERIMENTO: 5 iteraciones por escenario
   Escenarios: 3
   Total ejecuciones: 15
   Inicio: 2026-02-24 01:19:09
========================================

########################################################
🔄 ESCENARIO: low | ITERACIÓN: 1 / 5
   Hora: 01:19:09
########################################################
========================================
🔋 FASE 1: Descarga de imágenes (low, iter 1)
========================================
📋 Capturando PIDs (gepidstea.sh)...
📋 Capturando PIDs de contenedores (kpsnodos.sh)...
🔋 [01:19:33] Iniciando medición de energía: fase1_descarga_low_iter1 (25s)
   PID de medición: 31664
🚀 Desplegando TeaStore desde https://raw.githubusercontent.com/DescartesResearch/TeaStore/master/examples/kubernetes/teastore-ribbon.yaml...
========================================
🔋 MEASURE ENERGY - Fase: fase1_descarga_low_iter1
   Duración: 25s
   PID: 31664
========================================
=== Medición bloque 25s - Fase: fase1_descarga_low_iter1 ===
[⏱ 01:19:33] Iniciando ecofloc en nitro5 por 25s (fase: fase1_descarga_low_iter1)
⏳ Esperando a que todos los pods de TeaStore estén Running y Ready...
  ├─ [nitro5:sd] start 01:19:34
  ├─ [nitro5:ram] start 01:19:34
  ├─ [nitro5:nic] start 01:19:34
[⏱ 01:19:35] Iniciando ecofloc en aspire por 25s (fase: fase1_descarga_low_iter1)
  ├─ [nitro5:cpu] start 01:19:35
  ├─ [aspire:sd] start 01:19:35
  ├─ [aspire:ram] start 01:19:35
  ├─ [aspire:nic] start 01:19:35
[⏱ 01:19:35] Iniciando ecofloc en scorpius por 25s (fase: fase1_descarga_low_iter1)
  ├─ [aspire:cpu] start 01:19:35
  ├─ [scorpius:sd] start 01:19:35
  ├─ [scorpius:ram] start 01:19:35
  ├─ [scorpius:nic] start 01:19:35
[⏱ 01:19:35] Iniciando ecofloc en leo por 25s (fase: fase1_descarga_low_iter1)
  ├─ [scorpius:cpu] start 01:19:35
  ├─ [leo:sd] start 01:19:35
  ├─ [leo:ram] start 01:19:35
  ├─ [leo:nic] start 01:19:35
  ├─ [leo:cpu] start 01:19:35
✅ Pods listos.
⏳ [01:19:52] Esperando que termine medición: fase1_descarga_low_iter1 (PID: 31664)
  └─ [nitro5:sd] end 01:19:59
  └─ [nitro5:ram] end 01:19:59
  └─ [nitro5:nic] end 01:19:59
  └─ [nitro5:cpu] end 01:20:00
  └─ [leo:cpu] end 01:20:01
  └─ [leo:sd] end 01:20:01
  └─ [aspire:cpu] end 01:20:02
  └─ [aspire:sd] end 01:20:02
  └─ [scorpius:sd] end 01:20:02
  └─ [scorpius:cpu] end 01:20:02
  └─ [aspire:nic] end 01:20:02
  └─ [aspire:ram] end 01:20:02
  └─ [scorpius:nic] end 01:20:02
  └─ [leo:ram] end 01:20:03
  └─ [scorpius:ram] end 01:20:03
=== Bloque 25s terminado - Fase: fase1_descarga_low_iter1 ===
[🧹] Limpiando CSVs internos de ecofloc en cada nodo (fase: fase1_descarga_low_iter1)...
  ✔ [nitro5:cpu] limpiado /home/luish/Documents/p3/ecofloc2/ecofloc/ecofloc-cpu/ECOFLOC_CPU_COMM_text.csv
  ✔ [nitro5:nic] limpiado /home/luish/Documents/p3/ecofloc2/ecofloc/ecofloc-nic/ECOFLOC_NIC_COMM_text.csv
  ✔ [nitro5:ram] limpiado /home/luish/Documents/p3/ecofloc2/ecofloc/ecofloc-ram/ECOFLOC_RAM_COMM_text.csv
  ✔ [nitro5:sd] limpiado /home/luish/Documents/p3/ecofloc2/ecofloc/ecofloc-sd/ECOFLOC_SD_COMM_text.csv
  ✔ [leo:cpu] limpiado /home/leo/ecofloc/ecofloc-cpu/ECOFLOC_CPU_COMM_text.csv
  ✔ [leo:nic] limpiado /home/leo/ecofloc/ecofloc-nic/ECOFLOC_NIC_COMM_text.csv
  ✔ [leo:ram] limpiado /home/leo/ecofloc/ecofloc-ram/ECOFLOC_RAM_COMM_text.csv
  ✔ [leo:sd] limpiado /home/leo/ecofloc/ecofloc-sd/ECOFLOC_SD_COMM_text.csv
  ✔ [aspire:cpu] limpiado /home/luish/Documents/p3/ecofloc2/ecofloc/ecofloc-cpu/ECOFLOC_CPU_COMM_text.csv
  ✔ [aspire:nic] limpiado /home/luish/Documents/p3/ecofloc2/ecofloc/ecofloc-nic/ECOFLOC_NIC_COMM_text.csv
  ✔ [aspire:ram] limpiado /home/luish/Documents/p3/ecofloc2/ecofloc/ecofloc-ram/ECOFLOC_RAM_COMM_text.csv
  ✔ [aspire:sd] limpiado /home/luish/Documents/p3/ecofloc2/ecofloc/ecofloc-sd/ECOFLOC_SD_COMM_text.csv
  ✔ [scorpius:cpu] limpiado /home/scorpius03/Documents/ecofloc/ecofloc-cpu/ECOFLOC_CPU_COMM_text.csv
  ✔ [scorpius:nic] limpiado /home/scorpius03/Documents/ecofloc/ecofloc-nic/ECOFLOC_NIC_COMM_text.csv
  ✔ [scorpius:ram] limpiado /home/scorpius03/Documents/ecofloc/ecofloc-ram/ECOFLOC_RAM_COMM_text.csv
  ✔ [scorpius:sd] limpiado /home/scorpius03/Documents/ecofloc/ecofloc-sd/ECOFLOC_SD_COMM_text.csv
========================================
🔋 MEASURE ENERGY FINALIZADO
   Fase: fase1_descarga_low_iter1
========================================
✔️ [01:20:07] Medición fase1_descarga_low_iter1 completada
[📦] Archivando resultados → ./historyexecutions/exp(01:20:12)_fase1_low_iter1
[✔] Archivado: ./historyexecutions/exp(01:20:12)_fase1_low_iter1
========================================
🔋 FASE 2: Preparación de servicios (low, iter 1)
========================================
📋 Capturando PIDs (gepidstea.sh)...
📋 Capturando PIDs de contenedores (kpsnodos.sh)...
🔋 [01:20:30] Iniciando medición de energía: fase2_preparacion_low_iter1 (50s)
   PID de medición: 103879
========================================
🔋 MEASURE ENERGY - Fase: fase2_preparacion_low_iter1
   Duración: 50s
   PID: 103879
========================================
=== Medición bloque 50s - Fase: fase2_preparacion_low_iter1 ===
[⏱ 01:20:30] Iniciando ecofloc en nitro5 por 50s (fase: fase2_preparacion_low_iter1)
⏳ Esperando 10s a que CoreDNS se estabilice...
  ├─ [nitro5:sd] start 01:20:30
  ├─ [nitro5:ram] start 01:20:31
  ├─ [nitro5:nic] start 01:20:31
[⏱ 01:20:31] Iniciando ecofloc en aspire por 50s (fase: fase2_preparacion_low_iter1)
  ├─ [nitro5:cpu] start 01:20:31
  ├─ [aspire:sd] start 01:20:31
  ├─ [aspire:ram] start 01:20:31
  ├─ [aspire:nic] start 01:20:31
[⏱ 01:20:31] Iniciando ecofloc en scorpius por 50s (fase: fase2_preparacion_low_iter1)
  ├─ [aspire:cpu] start 01:20:31
  ├─ [scorpius:sd] start 01:20:31
  ├─ [scorpius:ram] start 01:20:31
  ├─ [scorpius:nic] start 01:20:31
[⏱ 01:20:31] Iniciando ecofloc en leo por 50s (fase: fase2_preparacion_low_iter1)
  ├─ [scorpius:cpu] start 01:20:31
  ├─ [leo:sd] start 01:20:31
  ├─ [leo:nic] start 01:20:31
  ├─ [leo:ram] start 01:20:31
  ├─ [leo:cpu] start 01:20:31
➡️ Pod WebUI: teastore-webui-558b54cc77-8jw7l
➡️ Está en el nodo: scorpius03
🌐 IP del nodo WebUI: 192.168.18.34
⏳ Verificando estado del TeaStore en http://192.168.18.34:30080/tools.descartes.teastore.webui/status ...
   ➤ Estado actual: 2 / 5 servicios OK
❌ TeaStore aún no está listo. Reintentando en 10s...
   ➤ Estado actual: 2 / 5 servicios OK
❌ TeaStore aún no está listo. Reintentando en 10s...
   ➤ Estado actual: 2 / 5 servicios OK
❌ TeaStore aún no está listo. Reintentando en 10s...
   ➤ Estado actual: 2 / 5 servicios OK
❌ TeaStore aún no está listo. Reintentando en 10s...
  └─ [nitro5:sd] end 01:21:20
  └─ [nitro5:ram] end 01:21:21
  └─ [nitro5:nic] end 01:21:21
  └─ [nitro5:cpu] end 01:21:21
  └─ [aspire:cpu] end 01:21:22
  └─ [aspire:sd] end 01:21:23
  └─ [scorpius:cpu] end 01:21:24
  └─ [scorpius:sd] end 01:21:24
  └─ [leo:cpu] end 01:21:24
  └─ [aspire:nic] end 01:21:24
  └─ [leo:sd] end 01:21:24
  └─ [aspire:ram] end 01:21:24
  └─ [scorpius:nic] end 01:21:24
  └─ [leo:nic] end 01:21:24
  └─ [leo:ram] end 01:21:24
  └─ [scorpius:ram] end 01:21:25
=== Bloque 50s terminado - Fase: fase2_preparacion_low_iter1 ===
[🧹] Limpiando CSVs internos de ecofloc en cada nodo (fase: fase2_preparacion_low_iter1)...
  ✔ [nitro5:cpu] limpiado /home/luish/Documents/p3/ecofloc2/ecofloc/ecofloc-cpu/ECOFLOC_CPU_COMM_text.csv
  ✔ [nitro5:nic] limpiado /home/luish/Documents/p3/ecofloc2/ecofloc/ecofloc-nic/ECOFLOC_NIC_COMM_text.csv
  ✔ [nitro5:ram] limpiado /home/luish/Documents/p3/ecofloc2/ecofloc/ecofloc-ram/ECOFLOC_RAM_COMM_text.csv
  ✔ [nitro5:sd] limpiado /home/luish/Documents/p3/ecofloc2/ecofloc/ecofloc-sd/ECOFLOC_SD_COMM_text.csv
   ➤ Estado actual: 2 / 5 servicios OK
❌ TeaStore aún no está listo. Reintentando en 10s...
  ✔ [leo:cpu] limpiado /home/leo/ecofloc/ecofloc-cpu/ECOFLOC_CPU_COMM_text.csv
  ✔ [leo:nic] limpiado /home/leo/ecofloc/ecofloc-nic/ECOFLOC_NIC_COMM_text.csv
  ✔ [leo:ram] limpiado /home/leo/ecofloc/ecofloc-ram/ECOFLOC_RAM_COMM_text.csv
  ✔ [leo:sd] limpiado /home/leo/ecofloc/ecofloc-sd/ECOFLOC_SD_COMM_text.csv
  ✔ [aspire:cpu] limpiado /home/luish/Documents/p3/ecofloc2/ecofloc/ecofloc-cpu/ECOFLOC_CPU_COMM_text.csv
  ✔ [aspire:nic] limpiado /home/luish/Documents/p3/ecofloc2/ecofloc/ecofloc-nic/ECOFLOC_NIC_COMM_text.csv
  ✔ [aspire:ram] limpiado /home/luish/Documents/p3/ecofloc2/ecofloc/ecofloc-ram/ECOFLOC_RAM_COMM_text.csv
  ✔ [aspire:sd] limpiado /home/luish/Documents/p3/ecofloc2/ecofloc/ecofloc-sd/ECOFLOC_SD_COMM_text.csv
  ✔ [scorpius:cpu] limpiado /home/scorpius03/Documents/ecofloc/ecofloc-cpu/ECOFLOC_CPU_COMM_text.csv
  ✔ [scorpius:nic] limpiado /home/scorpius03/Documents/ecofloc/ecofloc-nic/ECOFLOC_NIC_COMM_text.csv
  ✔ [scorpius:ram] limpiado /home/scorpius03/Documents/ecofloc/ecofloc-ram/ECOFLOC_RAM_COMM_text.csv
  ✔ [scorpius:sd] limpiado /home/scorpius03/Documents/ecofloc/ecofloc-sd/ECOFLOC_SD_COMM_text.csv
========================================
🔋 MEASURE ENERGY FINALIZADO
   Fase: fase2_preparacion_low_iter1
========================================
   ➤ Estado actual: 2 / 5 servicios OK
❌ TeaStore aún no está listo. Reintentando en 10s...
   ➤ Estado actual: 2 / 5 servicios OK
❌ TeaStore aún no está listo. Reintentando en 10s...
   ➤ Estado actual: 2 / 5 servicios OK
❌ TeaStore aún no está listo. Reintentando en 10s...
   ➤ Estado actual: 2 / 5 servicios OK
❌ TeaStore aún no está listo. Reintentando en 10s...
   ➤ Estado actual: 2 / 5 servicios OK
❌ TeaStore aún no está listo. Reintentando en 10s...
   ➤ Estado actual: 2 / 5 servicios OK
❌ TeaStore aún no está listo. Reintentando en 10s...
   ➤ Estado actual: 2 / 5 servicios OK
❌ TeaStore aún no está listo. Reintentando en 10s...
   ➤ Estado actual: 2 / 5 servicios OK
❌ TeaStore aún no está listo. Reintentando en 10s...
   ➤ Estado actual: 2 / 5 servicios OK
❌ TeaStore aún no está listo. Reintentando en 10s...
   ➤ Estado actual: 2 / 5 servicios OK
❌ TeaStore aún no está listo. Reintentando en 10s...
   ➤ Estado actual: 5 / 5 servicios OK
✔ TODOS los servicios del TeaStore están OK. Continuando...
⏳ [01:23:19] Esperando que termine medición: fase2_preparacion_low_iter1 (PID: 103879)
✔️ [01:23:19] Medición fase2_preparacion_low_iter1 completada
[📦] Archivando resultados → ./historyexecutions/exp(01:23:24)_fase2_low_iter1
[✔] Archivado: ./historyexecutions/exp(01:23:24)_fase2_low_iter1
========================================
🔋 FASE 3: Ejecución de carga (low, iter 1)
========================================
📋 Capturando PIDs (gepidstea.sh)...
📋 Capturando PIDs de contenedores (kpsnodos.sh)...
🔋 [01:23:42] Iniciando medición de energía: fase3_carga_low_iter1 (145s)
   PID de medición: 242120
=== Escenario low (iter 1) ===
========================================
🔋 MEASURE ENERGY - Fase: fase3_carga_low_iter1
   Duración: 145s
   PID: 242120
========================================
=== Medición bloque 145s - Fase: fase3_carga_low_iter1 ===
🚀 Iniciando LIMBO con profile=/home/luish/Documents/death/teastore/TeaStore/examples/httploadgenerator/increasingLowIntensity.csv y script=/home/luish/Documents/death/teastore/TeaStore/examples/httploadgenerator/teastore_buy.lua
[⏱ 01:23:42] Iniciando ecofloc en nitro5 por 145s (fase: fase3_carga_low_iter1)
Feb 24, 2026 1:23:42 AM tools.descartes.dlim.httploadgenerator.runner.Director executeDirector
WARNING: No power measurements
Feb 24, 2026 1:23:42 AM tools.descartes.dlim.httploadgenerator.runner.Director executeDirector
INFO: Load Generator Thread Count set to 64
Feb 24, 2026 1:23:42 AM tools.descartes.dlim.httploadgenerator.runner.Director executeDirector
INFO: URL connection timout set to 30000 ms
Feb 24, 2026 1:23:42 AM tools.descartes.dlim.httploadgenerator.runner.Director executeDirector
INFO: Using Lua Script: /home/luish/Documents/death/teastore/TeaStore/examples/httploadgenerator/teastore_buy.lua
Feb 24, 2026 1:23:42 AM tools.descartes.dlim.httploadgenerator.runner.Director process
INFO: Read 120 Arrival Rate Tuples
Load Generator sent: ok
Feb 24, 2026 1:23:42 AM tools.descartes.dlim.httploadgenerator.runner.Director process
INFO: Arrival Rates sent to Load Generator(s).
Load Generator sent: ok
Feb 24, 2026 1:23:42 AM tools.descartes.dlim.httploadgenerator.runner.Director process
INFO: Thread Count sent to Load Generator(s): 64
Load Generator sent: ok
Feb 24, 2026 1:23:42 AM tools.descartes.dlim.httploadgenerator.runner.Director process
INFO: URL connection timeout sent to Load Generator(s): 30000
Load Generator sent: ok
Feb 24, 2026 1:23:42 AM tools.descartes.dlim.httploadgenerator.runner.Director process
INFO: Contents of script sent to Load Generator: /home/luish/Documents/death/teastore/TeaStore/examples/httploadgenerator/teastore_buy.lua
Feb 24, 2026 1:23:42 AM tools.descartes.dlim.httploadgenerator.runner.Director process
INFO: Starting Load Generation
Beginning Run @1771914222782(24.02.2026;01:23:42782)
  ├─ [nitro5:sd] start 01:23:43
Target Time = 0.5; Load Intensity = 0.0; #Success = 0; #Failed = 0; #Dropped = 0
  ├─ [nitro5:ram] start 01:23:43
  ├─ [nitro5:nic] start 01:23:43
[⏱ 01:23:44] Iniciando ecofloc en aspire por 145s (fase: fase3_carga_low_iter1)
  ├─ [nitro5:cpu] start 01:23:44
  ├─ [aspire:sd] start 01:23:44
  ├─ [aspire:ram] start 01:23:44
[⏱ 01:23:44] Iniciando ecofloc en scorpius por 145s (fase: fase3_carga_low_iter1)
  ├─ [aspire:nic] start 01:23:44
  ├─ [aspire:cpu] start 01:23:44
  ├─ [scorpius:sd] start 01:23:44
  ├─ [scorpius:ram] start 01:23:44
[⏱ 01:23:44] Iniciando ecofloc en leo por 145s (fase: fase3_carga_low_iter1)
  ├─ [scorpius:nic] start 01:23:44
  ├─ [scorpius:cpu] start 01:23:44
  ├─ [leo:sd] start 01:23:44
  ├─ [leo:ram] start 01:23:44
  ├─ [leo:nic] start 01:23:44
  ├─ [leo:cpu] start 01:23:44
Target Time = 1.5; Load Intensity = 1.0; #Success = 0; #Failed = 0; #Dropped = 0
Target Time = 2.5; Load Intensity = 2.0; #Success = 0; #Failed = 0; #Dropped = 0
Target Time = 3.5; Load Intensity = 2.0; #Success = 0; #Failed = 0; #Dropped = 0
Target Time = 4.5; Load Intensity = 3.0; #Success = 8; #Failed = 0; #Dropped = 0
Target Time = 5.5; Load Intensity = 4.0; #Success = 2; #Failed = 0; #Dropped = 0
Target Time = 6.5; Load Intensity = 5.0; #Success = 6; #Failed = 0; #Dropped = 0
Target Time = 7.5; Load Intensity = 6.0; #Success = 6; #Failed = 0; #Dropped = 0
Target Time = 8.5; Load Intensity = 7.0; #Success = 6; #Failed = 0; #Dropped = 0
Target Time = 9.5; Load Intensity = 7.0; #Success = 8; #Failed = 0; #Dropped = 0
Target Time = 10.5; Load Intensity = 8.0; #Success = 2; #Failed = 0; #Dropped = 0
Target Time = 11.5; Load Intensity = 9.0; #Success = 3; #Failed = 0; #Dropped = 0
Target Time = 12.5; Load Intensity = 10.0; #Success = 2; #Failed = 0; #Dropped = 0
Target Time = 13.5; Load Intensity = 11.0; #Success = 3; #Failed = 0; #Dropped = 0
Target Time = 14.5; Load Intensity = 12.0; #Success = 5; #Failed = 0; #Dropped = 0
Target Time = 15.5; Load Intensity = 12.0; #Success = 2; #Failed = 0; #Dropped = 0
Target Time = 16.5; Load Intensity = 13.0; #Success = 4; #Failed = 0; #Dropped = 0
Target Time = 17.5; Load Intensity = 14.0; #Success = 5; #Failed = 0; #Dropped = 0
Target Time = 18.5; Load Intensity = 15.0; #Success = 8; #Failed = 0; #Dropped = 0
Target Time = 19.5; Load Intensity = 16.0; #Success = 1; #Failed = 0; #Dropped = 0
Target Time = 20.5; Load Intensity = 17.0; #Success = 3; #Failed = 0; #Dropped = 0
Target Time = 21.5; Load Intensity = 17.0; #Success = 2; #Failed = 0; #Dropped = 0
Target Time = 22.5; Load Intensity = 18.0; #Success = 2; #Failed = 17; #Dropped = 0
Target Time = 23.5; Load Intensity = 19.0; #Success = 0; #Failed = 6; #Dropped = 0
Target Time = 24.5; Load Intensity = 20.0; #Success = 4; #Failed = 2; #Dropped = 0
Target Time = 25.5; Load Intensity = 21.0; #Success = 2; #Failed = 0; #Dropped = 0
Target Time = 26.5; Load Intensity = 22.0; #Success = 0; #Failed = 1; #Dropped = 0
Target Time = 27.5; Load Intensity = 22.0; #Success = 2; #Failed = 0; #Dropped = 0
Target Time = 28.5; Load Intensity = 23.0; #Success = 4; #Failed = 0; #Dropped = 0
Target Time = 29.5; Load Intensity = 24.0; #Success = 3; #Failed = 3; #Dropped = 0
Target Time = 30.5; Load Intensity = 25.0; #Success = 3; #Failed = 0; #Dropped = 0
Target Time = 31.5; Load Intensity = 26.0; #Success = 0; #Failed = 17; #Dropped = 0
Target Time = 32.5; Load Intensity = 27.0; #Success = 10; #Failed = 16; #Dropped = 0
Target Time = 33.5; Load Intensity = 27.0; #Success = 5; #Failed = 2; #Dropped = 0
Target Time = 34.5; Load Intensity = 28.0; #Success = 1; #Failed = 0; #Dropped = 0
Target Time = 35.5; Load Intensity = 29.0; #Success = 5; #Failed = 0; #Dropped = 0
Target Time = 36.5; Load Intensity = 30.0; #Success = 4; #Failed = 0; #Dropped = 0
Target Time = 37.5; Load Intensity = 31.0; #Success = 3; #Failed = 0; #Dropped = 0
Target Time = 38.5; Load Intensity = 32.0; #Success = 7; #Failed = 0; #Dropped = 0
Target Time = 39.5; Load Intensity = 32.0; #Success = 5; #Failed = 1; #Dropped = 0
Target Time = 40.5; Load Intensity = 33.0; #Success = 3; #Failed = 1; #Dropped = 0
Target Time = 41.5; Load Intensity = 34.0; #Success = 0; #Failed = 3; #Dropped = 0
Target Time = 42.5; Load Intensity = 35.0; #Success = 0; #Failed = 4; #Dropped = 0
Target Time = 43.5; Load Intensity = 36.0; #Success = 0; #Failed = 2; #Dropped = 0
Target Time = 44.5; Load Intensity = 37.0; #Success = 0; #Failed = 2; #Dropped = 0
Target Time = 45.5; Load Intensity = 37.0; #Success = 0; #Failed = 5; #Dropped = 0
Target Time = 46.5; Load Intensity = 38.0; #Success = 0; #Failed = 7; #Dropped = 0
Target Time = 47.5; Load Intensity = 39.0; #Success = 0; #Failed = 2; #Dropped = 0
Target Time = 48.5; Load Intensity = 40.0; #Success = 1; #Failed = 4; #Dropped = 0
Target Time = 49.5; Load Intensity = 41.0; #Success = 1; #Failed = 6; #Dropped = 0
Target Time = 50.5; Load Intensity = 42.0; #Success = 0; #Failed = 15; #Dropped = 0
Target Time = 51.5; Load Intensity = 42.0; #Success = 0; #Failed = 11; #Dropped = 0
Target Time = 52.5; Load Intensity = 43.0; #Success = 0; #Failed = 5; #Dropped = 0
Target Time = 53.5; Load Intensity = 44.0; #Success = 0; #Failed = 7; #Dropped = 0
Target Time = 54.5; Load Intensity = 45.0; #Success = 0; #Failed = 16; #Dropped = 0
Target Time = 55.5; Load Intensity = 46.0; #Success = 0; #Failed = 6; #Dropped = 0
Target Time = 56.5; Load Intensity = 47.0; #Success = 0; #Failed = 7; #Dropped = 0
Target Time = 57.5; Load Intensity = 47.0; #Success = 0; #Failed = 10; #Dropped = 0
Target Time = 58.5; Load Intensity = 48.0; #Success = 0; #Failed = 25; #Dropped = 0
Target Time = 59.5; Load Intensity = 49.0; #Success = 0; #Failed = 0; #Dropped = 0
Target Time = 60.5; Load Intensity = 50.0; #Success = 2; #Failed = 0; #Dropped = 0
Target Time = 61.5; Load Intensity = 51.0; #Success = 1; #Failed = 0; #Dropped = 0
Target Time = 62.5; Load Intensity = 52.0; #Success = 1; #Failed = 0; #Dropped = 3
Target Time = 63.5; Load Intensity = 52.0; #Success = 1; #Failed = 0; #Dropped = 47
Target Time = 64.5; Load Intensity = 53.0; #Success = 0; #Failed = 0; #Dropped = 0
Target Time = 65.5; Load Intensity = 54.0; #Success = 0; #Failed = 0; #Dropped = 0
Target Time = 66.5; Load Intensity = 55.0; #Success = 0; #Failed = 1; #Dropped = 75
Target Time = 67.5; Load Intensity = 56.0; #Success = 0; #Failed = 0; #Dropped = 0
Target Time = 68.5; Load Intensity = 57.0; #Success = 0; #Failed = 3; #Dropped = 56
Target Time = 69.5; Load Intensity = 57.0; #Success = 0; #Failed = 13; #Dropped = 30
Target Time = 70.5; Load Intensity = 58.0; #Success = 0; #Failed = 0; #Dropped = 0
Target Time = 71.5; Load Intensity = 59.0; #Success = 0; #Failed = 18; #Dropped = 58
Target Time = 72.5; Load Intensity = 60.0; #Success = 1; #Failed = 1; #Dropped = 12
Target Time = 73.5; Load Intensity = 61.0; #Success = 0; #Failed = 3; #Dropped = 24
Target Time = 74.5; Load Intensity = 62.0; #Success = 0; #Failed = 3; #Dropped = 46
Target Time = 75.5; Load Intensity = 62.0; #Success = 0; #Failed = 2; #Dropped = 49
Target Time = 76.5; Load Intensity = 63.0; #Success = 0; #Failed = 2; #Dropped = 10
Target Time = 77.5; Load Intensity = 64.0; #Success = 0; #Failed = 5; #Dropped = 62
Target Time = 78.5; Load Intensity = 65.0; #Success = 0; #Failed = 25; #Dropped = 9
Target Time = 79.5; Load Intensity = 66.0; #Success = 0; #Failed = 2; #Dropped = 6
Target Time = 80.5; Load Intensity = 67.0; #Success = 0; #Failed = 0; #Dropped = 0
Target Time = 81.5; Load Intensity = 67.0; #Success = 0; #Failed = 0; #Dropped = 0
Target Time = 82.5; Load Intensity = 68.0; #Success = 0; #Failed = 0; #Dropped = 0
Target Time = 83.5; Load Intensity = 69.0; #Success = 0; #Failed = 0; #Dropped = 0
Target Time = 84.5; Load Intensity = 70.0; #Success = 7; #Failed = 0; #Dropped = 229
Target Time = 85.5; Load Intensity = 71.0; #Success = 3; #Failed = 0; #Dropped = 59
Target Time = 86.5; Load Intensity = 72.0; #Success = 2; #Failed = 0; #Dropped = 17
Target Time = 87.5; Load Intensity = 72.0; #Success = 2; #Failed = 0; #Dropped = 72
Target Time = 88.5; Load Intensity = 73.0; #Success = 5; #Failed = 0; #Dropped = 24
Target Time = 89.5; Load Intensity = 74.0; #Success = 0; #Failed = 0; #Dropped = 0
Target Time = 90.5; Load Intensity = 75.0; #Success = 1; #Failed = 0; #Dropped = 109
Target Time = 91.5; Load Intensity = 76.0; #Success = 1; #Failed = 28; #Dropped = 39
Target Time = 92.5; Load Intensity = 77.0; #Success = 1; #Failed = 0; #Dropped = 2
Target Time = 93.5; Load Intensity = 77.0; #Success = 0; #Failed = 0; #Dropped = 0
Target Time = 94.5; Load Intensity = 78.0; #Success = 0; #Failed = 4; #Dropped = 135
Target Time = 95.5; Load Intensity = 79.0; #Success = 0; #Failed = 2; #Dropped = 30
Target Time = 96.5; Load Intensity = 80.0; #Success = 0; #Failed = 0; #Dropped = 0
Target Time = 97.5; Load Intensity = 81.0; #Success = 0; #Failed = 1; #Dropped = 104
Target Time = 98.5; Load Intensity = 82.0; #Success = 0; #Failed = 0; #Dropped = 0
Target Time = 99.5; Load Intensity = 82.0; #Success = 0; #Failed = 0; #Dropped = 0
Target Time = 100.5; Load Intensity = 83.0; #Success = 0; #Failed = 0; #Dropped = 0
Target Time = 101.5; Load Intensity = 84.0; #Success = 4; #Failed = 0; #Dropped = 256
Target Time = 102.5; Load Intensity = 85.0; #Success = 1; #Failed = 10; #Dropped = 50
Target Time = 103.5; Load Intensity = 86.0; #Success = 1; #Failed = 11; #Dropped = 56
Target Time = 104.5; Load Intensity = 87.0; #Success = 0; #Failed = 22; #Dropped = 49
Target Time = 105.5; Load Intensity = 87.0; #Success = 1; #Failed = 4; #Dropped = 10
Target Time = 106.5; Load Intensity = 88.0; #Success = 0; #Failed = 0; #Dropped = 0
Target Time = 107.5; Load Intensity = 89.0; #Success = 0; #Failed = 0; #Dropped = 0
Target Time = 108.5; Load Intensity = 90.0; #Success = 0; #Failed = 0; #Dropped = 0
Target Time = 109.5; Load Intensity = 91.0; #Success = 0; #Failed = 0; #Dropped = 0
Target Time = 110.5; Load Intensity = 92.0; #Success = 0; #Failed = 0; #Dropped = 0
Target Time = 111.5; Load Intensity = 92.0; #Success = 0; #Failed = 0; #Dropped = 0
Target Time = 112.5; Load Intensity = 93.0; #Success = 0; #Failed = 0; #Dropped = 0
Target Time = 113.5; Load Intensity = 94.0; #Success = 0; #Failed = 0; #Dropped = 0
Target Time = 114.5; Load Intensity = 95.0; #Success = 4; #Failed = 0; #Dropped = 585
Target Time = 115.5; Load Intensity = 96.0; #Success = 1; #Failed = 0; #Dropped = 118
Target Time = 116.5; Load Intensity = 97.0; #Success = 0; #Failed = 0; #Dropped = 0
Target Time = 117.5; Load Intensity = 97.0; #Success = 1; #Failed = 0; #Dropped = 139
Target Time = 118.5; Load Intensity = 98.0; #Success = 3; #Failed = 0; #Dropped = 17
Target Time = 119.5; Load Intensity = 99.0; #Success = 0; #Failed = 0; #Dropped = 0
Target Time = 120.5; Load Intensity = 0.0; #Success = 1; #Failed = 1; #Dropped = 188
Target Time = 121.5; Load Intensity = 0.0; #Success = 0; #Failed = 0; #Dropped = 0
Target Time = 122.5; Load Intensity = 0.0; #Success = 0; #Failed = 0; #Dropped = 0
Target Time = 123.5; Load Intensity = 0.0; #Success = 0; #Failed = 2; #Dropped = 244
Target Time = 124.5; Load Intensity = 0.0; #Success = 0; #Failed = 11; #Dropped = 29
Target Time = 125.5; Load Intensity = 0.0; #Success = 0; #Failed = 0; #Dropped = 0
Target Time = 126.5; Load Intensity = 0.0; #Success = 0; #Failed = 27; #Dropped = 187
Target Time = 127.5; Load Intensity = 0.0; #Success = 0; #Failed = 3; #Dropped = 50
Target Time = 128.5; Load Intensity = 0.0; #Success = 0; #Failed = 1; #Dropped = 61
Target Time = 129.5; Load Intensity = 0.0; #Success = 0; #Failed = 0; #Dropped = 0
Target Time = 130.5; Load Intensity = 0.0; #Success = 0; #Failed = 0; #Dropped = 0
Target Time = 131.5; Load Intensity = 0.0; #Success = 3; #Failed = 0; #Dropped = 254
Target Time = 132.5; Load Intensity = 0.0; #Success = 0; #Failed = 0; #Dropped = 0
Target Time = 133.5; Load Intensity = 0.0; #Success = 3; #Failed = 0; #Dropped = 178
Target Time = 134.5; Load Intensity = 0.0; #Success = 3; #Failed = 0; #Dropped = 92
Target Time = 135.5; Load Intensity = 0.0; #Success = 1; #Failed = 0; #Dropped = 13
Target Time = 136.5; Load Intensity = 0.0; #Success = 0; #Failed = 0; #Dropped = 0
Target Time = 137.5; Load Intensity = 0.0; #Success = 0; #Failed = 0; #Dropped = 0
Target Time = 138.5; Load Intensity = 0.0; #Success = 0; #Failed = 0; #Dropped = 0
Target Time = 139.5; Load Intensity = 0.0; #Success = 0; #Failed = 0; #Dropped = 0
Target Time = 140.5; Load Intensity = 0.0; #Success = 0; #Failed = 0; #Dropped = 0
Target Time = 141.5; Load Intensity = 0.0; #Success = 0; #Failed = 8; #Dropped = 613
Target Time = 142.5; Load Intensity = 0.0; #Success = 0; #Failed = 3; #Dropped = 11
Target Time = 143.5; Load Intensity = 0.0; #Success = 0; #Failed = 0; #Dropped = 0
Target Time = 144.5; Load Intensity = 0.0; #Success = 3; #Failed = 0; #Dropped = 202
  └─ [nitro5:sd] end 01:26:08
  └─ [nitro5:ram] end 01:26:08
Target Time = 145.5; Load Intensity = 0.0; #Success = 1; #Failed = 0; #Dropped = 153
  └─ [nitro5:nic] end 01:26:08
  └─ [nitro5:cpu] end 01:26:09
Target Time = 146.5; Load Intensity = 0.0; #Success = 0; #Failed = 0; #Dropped = 0
Target Time = 147.5; Load Intensity = 0.0; #Success = 1; #Failed = 0; #Dropped = 194
Target Time = 148.5; Load Intensity = 0.0; #Success = 3; #Failed = 5; #Dropped = 21
Target Time = 149.5; Load Intensity = 0.0; #Success = 0; #Failed = 2; #Dropped = 106
Target Time = 150.5; Load Intensity = 0.0; #Success = 1; #Failed = 1; #Dropped = 63
Target Time = 151.5; Load Intensity = 0.0; #Success = 0; #Failed = 0; #Dropped = 0
Target Time = 152.5; Load Intensity = 0.0; #Success = 0; #Failed = 15; #Dropped = 0
Target Time = 153.5; Load Intensity = 0.0; #Success = 0; #Failed = 7; #Dropped = 0
Target Time = 154.5; Load Intensity = 0.0; #Success = 1; #Failed = 9; #Dropped = 0
  └─ [leo:cpu] end 01:26:18
  └─ [leo:sd] end 01:26:18
  └─ [leo:ram] end 01:26:18
  └─ [aspire:nic] end 01:26:18
  └─ [scorpius:ram] end 01:26:18
Target Time = 155.5; Load Intensity = 0.0; #Success = 7; #Failed = 0; #Dropped = 0
  └─ [scorpius:sd] end 01:26:18
  └─ [aspire:ram] end 01:26:19
  └─ [leo:nic] end 01:26:19
Target Time = 156.5; Load Intensity = 0.0; #Success = 18; #Failed = 0; #Dropped = 0
  └─ [scorpius:cpu] end 01:26:20
  └─ [aspire:cpu] end 01:26:20
Target Time = 157.5; Load Intensity = 0.0; #Success = 2; #Failed = 0; #Dropped = 0
  └─ [scorpius:nic] end 01:26:20
Target Time = 158.5; Load Intensity = 0.0; #Success = 1; #Failed = 0; #Dropped = 0
Target Time = 159.5; Load Intensity = 0.0; #Success = 0; #Failed = 0; #Dropped = 0
  └─ [aspire:sd] end 01:26:23
=== Bloque 145s terminado - Fase: fase3_carga_low_iter1 ===
[🧹] Limpiando CSVs internos de ecofloc en cada nodo (fase: fase3_carga_low_iter1)...
  ✔ [nitro5:cpu] limpiado /home/luish/Documents/p3/ecofloc2/ecofloc/ecofloc-cpu/ECOFLOC_CPU_COMM_text.csv
  ✔ [nitro5:nic] limpiado /home/luish/Documents/p3/ecofloc2/ecofloc/ecofloc-nic/ECOFLOC_NIC_COMM_text.csv
  ✔ [nitro5:ram] limpiado /home/luish/Documents/p3/ecofloc2/ecofloc/ecofloc-ram/ECOFLOC_RAM_COMM_text.csv
  ✔ [nitro5:sd] limpiado /home/luish/Documents/p3/ecofloc2/ecofloc/ecofloc-sd/ECOFLOC_SD_COMM_text.csv
  ✔ [leo:cpu] limpiado /home/leo/ecofloc/ecofloc-cpu/ECOFLOC_CPU_COMM_text.csv
  ✔ [leo:nic] limpiado /home/leo/ecofloc/ecofloc-nic/ECOFLOC_NIC_COMM_text.csv
Target Time = 160.5; Load Intensity = 0.0; #Success = 0; #Failed = 0; #Dropped = 0
  ✔ [leo:ram] limpiado /home/leo/ecofloc/ecofloc-ram/ECOFLOC_RAM_COMM_text.csv
  ✔ [leo:sd] limpiado /home/leo/ecofloc/ecofloc-sd/ECOFLOC_SD_COMM_text.csv
  ✔ [aspire:cpu] limpiado /home/luish/Documents/p3/ecofloc2/ecofloc/ecofloc-cpu/ECOFLOC_CPU_COMM_text.csv
  ✔ [aspire:nic] limpiado /home/luish/Documents/p3/ecofloc2/ecofloc/ecofloc-nic/ECOFLOC_NIC_COMM_text.csv
Target Time = 161.5; Load Intensity = 0.0; #Success = 0; #Failed = 0; #Dropped = 0
  ✔ [aspire:ram] limpiado /home/luish/Documents/p3/ecofloc2/ecofloc/ecofloc-ram/ECOFLOC_RAM_COMM_text.csv
  ✔ [aspire:sd] limpiado /home/luish/Documents/p3/ecofloc2/ecofloc/ecofloc-sd/ECOFLOC_SD_COMM_text.csv
Target Time = 162.5; Load Intensity = 0.0; #Success = 0; #Failed = 0; #Dropped = 0
  ✔ [scorpius:cpu] limpiado /home/scorpius03/Documents/ecofloc/ecofloc-cpu/ECOFLOC_CPU_COMM_text.csv
  ✔ [scorpius:nic] limpiado /home/scorpius03/Documents/ecofloc/ecofloc-nic/ECOFLOC_NIC_COMM_text.csv
  ✔ [scorpius:ram] limpiado /home/scorpius03/Documents/ecofloc/ecofloc-ram/ECOFLOC_RAM_COMM_text.csv
Target Time = 163.5; Load Intensity = 0.0; #Success = 2; #Failed = 0; #Dropped = 0
  ✔ [scorpius:sd] limpiado /home/scorpius03/Documents/ecofloc/ecofloc-sd/ECOFLOC_SD_COMM_text.csv
========================================
🔋 MEASURE ENERGY FINALIZADO
   Fase: fase3_carga_low_iter1
========================================
Workload finished.
Log finished.
📄 LIMBO finalizado para scenario=low
⏳ [01:26:31] Esperando que termine medición: fase3_carga_low_iter1 (PID: 242120)
✔️ [01:26:31] Medición fase3_carga_low_iter1 completada
[📦] Archivando resultados → ./historyexecutions/exp(01:26:36)_fase3_low_iter1
[✔] Archivado: ./historyexecutions/exp(01:26:36)_fase3_low_iter1
🧹 Limpiando TeaStore (iter 1)...
⏸ Esperando 15s para limpieza completa...
✅ Iteración 1 / 5 del escenario low completada.

########################################################
🔄 ESCENARIO: low | ITERACIÓN: 2 / 5
   Hora: 01:27:24
########################################################
========================================
🔋 FASE 1: Descarga de imágenes (low, iter 2)
========================================
📋 Capturando PIDs (gepidstea.sh)...
📋 Capturando PIDs de contenedores (kpsnodos.sh)...
🔋 [01:27:44] Iniciando medición de energía: fase1_descarga_low_iter2 (25s)
   PID de medición: 620082
🚀 Desplegando TeaStore desde https://raw.githubusercontent.com/DescartesResearch/TeaStore/master/examples/kubernetes/teastore-ribbon.yaml...
========================================
🔋 MEASURE ENERGY - Fase: fase1_descarga_low_iter2
   Duración: 25s
   PID: 620082
========================================
=== Medición bloque 25s - Fase: fase1_descarga_low_iter2 ===
[⏱ 01:27:44] Iniciando ecofloc en nitro5 por 25s (fase: fase1_descarga_low_iter2)
⏳ Esperando a que todos los pods de TeaStore estén Running y Ready...
  ├─ [nitro5:sd] start 01:27:45
  ├─ [nitro5:ram] start 01:27:45
  ├─ [nitro5:nic] start 01:27:46
[⏱ 01:27:46] Iniciando ecofloc en aspire por 25s (fase: fase1_descarga_low_iter2)
  ├─ [nitro5:cpu] start 01:27:46
  ├─ [aspire:sd] start 01:27:46
  ├─ [aspire:ram] start 01:27:46
[⏱ 01:27:46] Iniciando ecofloc en scorpius por 25s (fase: fase1_descarga_low_iter2)
  ├─ [aspire:nic] start 01:27:46
  ├─ [aspire:cpu] start 01:27:46
  ├─ [scorpius:sd] start 01:27:46
  ├─ [scorpius:ram] start 01:27:46
  ├─ [scorpius:nic] start 01:27:46
[⏱ 01:27:46] Iniciando ecofloc en leo por 25s (fase: fase1_descarga_low_iter2)
  ├─ [scorpius:cpu] start 01:27:46
  ├─ [leo:sd] start 01:27:46
  ├─ [leo:ram] start 01:27:46
  ├─ [leo:cpu] start 01:27:46
  ├─ [leo:nic] start 01:27:46
✅ Pods listos.
⏳ [01:27:55] Esperando que termine medición: fase1_descarga_low_iter2 (PID: 620082)
  └─ [nitro5:sd] end 01:28:10
  └─ [nitro5:ram] end 01:28:10
  └─ [nitro5:nic] end 01:28:11
  └─ [nitro5:cpu] end 01:28:11
  └─ [leo:cpu] end 01:28:12
  └─ [scorpius:sd] end 01:28:12
  └─ [aspire:cpu] end 01:28:12
  └─ [aspire:sd] end 01:28:12
  └─ [scorpius:cpu] end 01:28:13
  └─ [leo:sd] end 01:28:13
  └─ [leo:nic] end 01:28:13
  └─ [aspire:nic] end 01:28:13
  └─ [aspire:ram] end 01:28:13
  └─ [leo:ram] end 01:28:13
  └─ [scorpius:ram] end 01:28:14
=== Bloque 25s terminado - Fase: fase1_descarga_low_iter2 ===
[🧹] Limpiando CSVs internos de ecofloc en cada nodo (fase: fase1_descarga_low_iter2)...
  ✔ [nitro5:cpu] limpiado /home/luish/Documents/p3/ecofloc2/ecofloc/ecofloc-cpu/ECOFLOC_CPU_COMM_text.csv
  ✔ [nitro5:nic] limpiado /home/luish/Documents/p3/ecofloc2/ecofloc/ecofloc-nic/ECOFLOC_NIC_COMM_text.csv
  ✔ [nitro5:ram] limpiado /home/luish/Documents/p3/ecofloc2/ecofloc/ecofloc-ram/ECOFLOC_RAM_COMM_text.csv
  ✔ [nitro5:sd] limpiado /home/luish/Documents/p3/ecofloc2/ecofloc/ecofloc-sd/ECOFLOC_SD_COMM_text.csv
  ✔ [leo:cpu] limpiado /home/leo/ecofloc/ecofloc-cpu/ECOFLOC_CPU_COMM_text.csv
  ✔ [leo:nic] limpiado /home/leo/ecofloc/ecofloc-nic/ECOFLOC_NIC_COMM_text.csv
  ✔ [leo:ram] limpiado /home/leo/ecofloc/ecofloc-ram/ECOFLOC_RAM_COMM_text.csv
  ✔ [leo:sd] limpiado /home/leo/ecofloc/ecofloc-sd/ECOFLOC_SD_COMM_text.csv
  ✔ [aspire:cpu] limpiado /home/luish/Documents/p3/ecofloc2/ecofloc/ecofloc-cpu/ECOFLOC_CPU_COMM_text.csv
  ✔ [aspire:nic] limpiado /home/luish/Documents/p3/ecofloc2/ecofloc/ecofloc-nic/ECOFLOC_NIC_COMM_text.csv
  ✔ [aspire:ram] limpiado /home/luish/Documents/p3/ecofloc2/ecofloc/ecofloc-ram/ECOFLOC_RAM_COMM_text.csv
  ✔ [aspire:sd] limpiado /home/luish/Documents/p3/ecofloc2/ecofloc/ecofloc-sd/ECOFLOC_SD_COMM_text.csv
  ✔ [scorpius:cpu] limpiado /home/scorpius03/Documents/ecofloc/ecofloc-cpu/ECOFLOC_CPU_COMM_text.csv
  ✔ [scorpius:nic] limpiado /home/scorpius03/Documents/ecofloc/ecofloc-nic/ECOFLOC_NIC_COMM_text.csv
  ✔ [scorpius:ram] limpiado /home/scorpius03/Documents/ecofloc/ecofloc-ram/ECOFLOC_RAM_COMM_text.csv
  ✔ [scorpius:sd] limpiado /home/scorpius03/Documents/ecofloc/ecofloc-sd/ECOFLOC_SD_COMM_text.csv
========================================
🔋 MEASURE ENERGY FINALIZADO
   Fase: fase1_descarga_low_iter2
========================================
✔️ [01:28:18] Medición fase1_descarga_low_iter2 completada
[📦] Archivando resultados → ./historyexecutions/exp(01:28:23)_fase1_low_iter2
[✔] Archivado: ./historyexecutions/exp(01:28:23)_fase1_low_iter2
========================================
🔋 FASE 2: Preparación de servicios (low, iter 2)
========================================
📋 Capturando PIDs (gepidstea.sh)...
📋 Capturando PIDs de contenedores (kpsnodos.sh)...
🔋 [01:28:41] Iniciando medición de energía: fase2_preparacion_low_iter2 (50s)
   PID de medición: 687530
========================================
🔋 MEASURE ENERGY - Fase: fase2_preparacion_low_iter2
   Duración: 50s
   PID: 687530
========================================
=== Medición bloque 50s - Fase: fase2_preparacion_low_iter2 ===
[⏱ 01:28:41] Iniciando ecofloc en nitro5 por 50s (fase: fase2_preparacion_low_iter2)
⏳ Esperando 10s a que CoreDNS se estabilice...
  ├─ [nitro5:sd] start 01:28:42
  ├─ [nitro5:ram] start 01:28:42
  ├─ [nitro5:nic] start 01:28:43
[⏱ 01:28:43] Iniciando ecofloc en aspire por 50s (fase: fase2_preparacion_low_iter2)
  ├─ [nitro5:cpu] start 01:28:43
  ├─ [aspire:sd] start 01:28:43
  ├─ [aspire:ram] start 01:28:43
  ├─ [aspire:nic] start 01:28:43
[⏱ 01:28:43] Iniciando ecofloc en scorpius por 50s (fase: fase2_preparacion_low_iter2)
  ├─ [aspire:cpu] start 01:28:43
  ├─ [scorpius:sd] start 01:28:43
  ├─ [scorpius:ram] start 01:28:43
  ├─ [scorpius:nic] start 01:28:43
[⏱ 01:28:43] Iniciando ecofloc en leo por 50s (fase: fase2_preparacion_low_iter2)
  ├─ [scorpius:cpu] start 01:28:43
  ├─ [leo:sd] start 01:28:43
  ├─ [leo:ram] start 01:28:43
  ├─ [leo:nic] start 01:28:43
  ├─ [leo:cpu] start 01:28:43
➡️ Pod WebUI: teastore-webui-558b54cc77-64kmb
➡️ Está en el nodo: luish-aspire-a315-55g
🌐 IP del nodo WebUI: 192.168.18.37
⏳ Verificando estado del TeaStore en http://192.168.18.37:30080/tools.descartes.teastore.webui/status ...
   ➤ Estado actual: 5 / 5 servicios OK
✔ TODOS los servicios del TeaStore están OK. Continuando...
⏳ [01:28:58] Esperando que termine medición: fase2_preparacion_low_iter2 (PID: 687530)
  └─ [scorpius:nic] end 01:29:18
  └─ [nitro5:sd] end 01:29:32
  └─ [nitro5:ram] end 01:29:32
  └─ [nitro5:nic] end 01:29:33
  └─ [aspire:cpu] end 01:29:33
  └─ [nitro5:cpu] end 01:29:33
  └─ [aspire:nic] end 01:29:33
  └─ [leo:sd] end 01:29:34
  └─ [leo:cpu] end 01:29:36
  └─ [scorpius:cpu] end 01:29:36
  └─ [scorpius:sd] end 01:29:36
  └─ [aspire:sd] end 01:29:36
  └─ [leo:nic] end 01:29:37
  └─ [leo:ram] end 01:29:37
  └─ [aspire:ram] end 01:29:37
  └─ [scorpius:ram] end 01:29:39
=== Bloque 50s terminado - Fase: fase2_preparacion_low_iter2 ===
[🧹] Limpiando CSVs internos de ecofloc en cada nodo (fase: fase2_preparacion_low_iter2)...
  ✔ [nitro5:cpu] limpiado /home/luish/Documents/p3/ecofloc2/ecofloc/ecofloc-cpu/ECOFLOC_CPU_COMM_text.csv
  ✔ [nitro5:nic] limpiado /home/luish/Documents/p3/ecofloc2/ecofloc/ecofloc-nic/ECOFLOC_NIC_COMM_text.csv
  ✔ [nitro5:ram] limpiado /home/luish/Documents/p3/ecofloc2/ecofloc/ecofloc-ram/ECOFLOC_RAM_COMM_text.csv
  ✔ [nitro5:sd] limpiado /home/luish/Documents/p3/ecofloc2/ecofloc/ecofloc-sd/ECOFLOC_SD_COMM_text.csv
  ✔ [leo:cpu] limpiado /home/leo/ecofloc/ecofloc-cpu/ECOFLOC_CPU_COMM_text.csv
  ✔ [leo:nic] limpiado /home/leo/ecofloc/ecofloc-nic/ECOFLOC_NIC_COMM_text.csv
  ✔ [leo:ram] limpiado /home/leo/ecofloc/ecofloc-ram/ECOFLOC_RAM_COMM_text.csv
  ✔ [leo:sd] limpiado /home/leo/ecofloc/ecofloc-sd/ECOFLOC_SD_COMM_text.csv
  ✔ [aspire:cpu] limpiado /home/luish/Documents/p3/ecofloc2/ecofloc/ecofloc-cpu/ECOFLOC_CPU_COMM_text.csv
  ✔ [aspire:nic] limpiado /home/luish/Documents/p3/ecofloc2/ecofloc/ecofloc-nic/ECOFLOC_NIC_COMM_text.csv
  ✔ [aspire:ram] limpiado /home/luish/Documents/p3/ecofloc2/ecofloc/ecofloc-ram/ECOFLOC_RAM_COMM_text.csv
  ✔ [aspire:sd] limpiado /home/luish/Documents/p3/ecofloc2/ecofloc/ecofloc-sd/ECOFLOC_SD_COMM_text.csv
  ✔ [scorpius:cpu] limpiado /home/scorpius03/Documents/ecofloc/ecofloc-cpu/ECOFLOC_CPU_COMM_text.csv
  ✔ [scorpius:nic] limpiado /home/scorpius03/Documents/ecofloc/ecofloc-nic/ECOFLOC_NIC_COMM_text.csv
  ✔ [scorpius:ram] limpiado /home/scorpius03/Documents/ecofloc/ecofloc-ram/ECOFLOC_RAM_COMM_text.csv
  ✔ [scorpius:sd] limpiado /home/scorpius03/Documents/ecofloc/ecofloc-sd/ECOFLOC_SD_COMM_text.csv
========================================
🔋 MEASURE ENERGY FINALIZADO
   Fase: fase2_preparacion_low_iter2
========================================
✔️ [01:29:45] Medición fase2_preparacion_low_iter2 completada
[📦] Archivando resultados → ./historyexecutions/exp(01:29:50)_fase2_low_iter2
[✔] Archivado: ./historyexecutions/exp(01:29:50)_fase2_low_iter2
========================================
🔋 FASE 3: Ejecución de carga (low, iter 2)
========================================
📋 Capturando PIDs (gepidstea.sh)...
📋 Capturando PIDs de contenedores (kpsnodos.sh)...
🔋 [01:30:11] Iniciando medición de energía: fase3_carga_low_iter2 (145s)
   PID de medición: 820366
=== Escenario low (iter 2) ===
========================================
🔋 MEASURE ENERGY - Fase: fase3_carga_low_iter2
   Duración: 145s
   PID: 820366
========================================
=== Medición bloque 145s - Fase: fase3_carga_low_iter2 ===
🚀 Iniciando LIMBO con profile=/home/luish/Documents/death/teastore/TeaStore/examples/httploadgenerator/increasingLowIntensity.csv y script=/home/luish/Documents/death/teastore/TeaStore/examples/httploadgenerator/teastore_buy.lua
[⏱ 01:30:11] Iniciando ecofloc en nitro5 por 145s (fase: fase3_carga_low_iter2)
Feb 24, 2026 1:30:11 AM tools.descartes.dlim.httploadgenerator.runner.Director executeDirector
WARNING: No power measurements
Feb 24, 2026 1:30:11 AM tools.descartes.dlim.httploadgenerator.runner.Director executeDirector
INFO: Load Generator Thread Count set to 64
Feb 24, 2026 1:30:11 AM tools.descartes.dlim.httploadgenerator.runner.Director executeDirector
INFO: URL connection timout set to 30000 ms
Feb 24, 2026 1:30:11 AM tools.descartes.dlim.httploadgenerator.runner.Director executeDirector
INFO: Using Lua Script: /home/luish/Documents/death/teastore/TeaStore/examples/httploadgenerator/teastore_buy.lua
Feb 24, 2026 1:30:11 AM tools.descartes.dlim.httploadgenerator.runner.Director process
INFO: Read 120 Arrival Rate Tuples
Load Generator sent: ok
Feb 24, 2026 1:30:11 AM tools.descartes.dlim.httploadgenerator.runner.Director process
INFO: Arrival Rates sent to Load Generator(s).
Load Generator sent: ok
Feb 24, 2026 1:30:11 AM tools.descartes.dlim.httploadgenerator.runner.Director process
INFO: Thread Count sent to Load Generator(s): 64
Load Generator sent: ok
Feb 24, 2026 1:30:11 AM tools.descartes.dlim.httploadgenerator.runner.Director process
INFO: URL connection timeout sent to Load Generator(s): 30000
Load Generator sent: ok
Feb 24, 2026 1:30:11 AM tools.descartes.dlim.httploadgenerator.runner.Director process
INFO: Contents of script sent to Load Generator: /home/luish/Documents/death/teastore/TeaStore/examples/httploadgenerator/teastore_buy.lua
Feb 24, 2026 1:30:11 AM tools.descartes.dlim.httploadgenerator.runner.Director process
INFO: Starting Load Generation
Beginning Run @1771914611393(24.02.2026;01:30:11393)
Target Time = 0.5; Load Intensity = 0.0; #Success = 0; #Failed = 0; #Dropped = 0
  ├─ [nitro5:sd] start 01:30:11
  ├─ [nitro5:ram] start 01:30:12
  ├─ [nitro5:nic] start 01:30:12
[⏱ 01:30:12] Iniciando ecofloc en aspire por 145s (fase: fase3_carga_low_iter2)
  ├─ [nitro5:cpu] start 01:30:12
  ├─ [aspire:sd] start 01:30:12
  ├─ [aspire:ram] start 01:30:12
[⏱ 01:30:12] Iniciando ecofloc en scorpius por 145s (fase: fase3_carga_low_iter2)
  ├─ [aspire:nic] start 01:30:12
  ├─ [aspire:cpu] start 01:30:12
  ├─ [scorpius:sd] start 01:30:12
  ├─ [scorpius:ram] start 01:30:12
[⏱ 01:30:12] Iniciando ecofloc en leo por 145s (fase: fase3_carga_low_iter2)
  ├─ [scorpius:nic] start 01:30:12
  ├─ [scorpius:cpu] start 01:30:12
  ├─ [leo:sd] start 01:30:12
  ├─ [leo:ram] start 01:30:12
  ├─ [leo:nic] start 01:30:12
  ├─ [leo:cpu] start 01:30:12
Target Time = 1.5; Load Intensity = 1.0; #Success = 0; #Failed = 0; #Dropped = 0
Target Time = 2.5; Load Intensity = 2.0; #Success = 0; #Failed = 0; #Dropped = 0
Target Time = 3.5; Load Intensity = 2.0; #Success = 0; #Failed = 0; #Dropped = 0
Target Time = 4.5; Load Intensity = 3.0; #Success = 8; #Failed = 0; #Dropped = 0
Target Time = 5.5; Load Intensity = 4.0; #Success = 2; #Failed = 0; #Dropped = 0
Target Time = 6.5; Load Intensity = 5.0; #Success = 6; #Failed = 0; #Dropped = 0
Target Time = 7.5; Load Intensity = 6.0; #Success = 7; #Failed = 0; #Dropped = 0
Target Time = 8.5; Load Intensity = 7.0; #Success = 7; #Failed = 0; #Dropped = 0
Target Time = 9.5; Load Intensity = 7.0; #Success = 7; #Failed = 0; #Dropped = 0
Target Time = 10.5; Load Intensity = 8.0; #Success = 5; #Failed = 0; #Dropped = 0
Target Time = 11.5; Load Intensity = 9.0; #Success = 4; #Failed = 0; #Dropped = 0
Target Time = 12.5; Load Intensity = 10.0; #Success = 1; #Failed = 0; #Dropped = 0
Target Time = 13.5; Load Intensity = 11.0; #Success = 1; #Failed = 0; #Dropped = 0
Target Time = 14.5; Load Intensity = 12.0; #Success = 4; #Failed = 0; #Dropped = 0
Target Time = 15.5; Load Intensity = 12.0; #Success = 8; #Failed = 0; #Dropped = 0
Target Time = 16.5; Load Intensity = 13.0; #Success = 9; #Failed = 0; #Dropped = 0
Target Time = 17.5; Load Intensity = 14.0; #Success = 22; #Failed = 0; #Dropped = 0
Target Time = 18.5; Load Intensity = 15.0; #Success = 8; #Failed = 0; #Dropped = 0
Target Time = 19.5; Load Intensity = 16.0; #Success = 13; #Failed = 0; #Dropped = 0
Target Time = 20.5; Load Intensity = 17.0; #Success = 16; #Failed = 0; #Dropped = 0
Target Time = 21.5; Load Intensity = 17.0; #Success = 0; #Failed = 0; #Dropped = 0
Target Time = 22.5; Load Intensity = 18.0; #Success = 0; #Failed = 0; #Dropped = 0
Target Time = 23.5; Load Intensity = 19.0; #Success = 0; #Failed = 0; #Dropped = 0
Target Time = 24.5; Load Intensity = 20.0; #Success = 13; #Failed = 0; #Dropped = 0
Target Time = 25.5; Load Intensity = 21.0; #Success = 2; #Failed = 0; #Dropped = 0
Target Time = 26.5; Load Intensity = 22.0; #Success = 6; #Failed = 0; #Dropped = 0
Target Time = 27.5; Load Intensity = 22.0; #Success = 3; #Failed = 0; #Dropped = 0
Target Time = 28.5; Load Intensity = 23.0; #Success = 13; #Failed = 0; #Dropped = 0
Target Time = 29.5; Load Intensity = 24.0; #Success = 26; #Failed = 2; #Dropped = 0
Target Time = 30.5; Load Intensity = 25.0; #Success = 1; #Failed = 0; #Dropped = 0
Target Time = 31.5; Load Intensity = 26.0; #Success = 0; #Failed = 0; #Dropped = 0
Target Time = 32.5; Load Intensity = 27.0; #Success = 0; #Failed = 0; #Dropped = 0
Target Time = 33.5; Load Intensity = 27.0; #Success = 0; #Failed = 0; #Dropped = 0
Target Time = 34.5; Load Intensity = 28.0; #Success = 0; #Failed = 0; #Dropped = 0
Target Time = 35.5; Load Intensity = 29.0; #Success = 0; #Failed = 0; #Dropped = 0
Target Time = 36.5; Load Intensity = 30.0; #Success = 0; #Failed = 0; #Dropped = 0
Target Time = 37.5; Load Intensity = 31.0; #Success = 0; #Failed = 0; #Dropped = 0
Target Time = 38.5; Load Intensity = 32.0; #Success = 0; #Failed = 0; #Dropped = 0
Target Time = 39.5; Load Intensity = 32.0; #Success = 0; #Failed = 2; #Dropped = 0
Target Time = 40.5; Load Intensity = 33.0; #Success = 0; #Failed = 6; #Dropped = 0
Target Time = 41.5; Load Intensity = 34.0; #Success = 0; #Failed = 7; #Dropped = 0
Target Time = 42.5; Load Intensity = 35.0; #Success = 0; #Failed = 0; #Dropped = 0
Target Time = 43.5; Load Intensity = 36.0; #Success = 0; #Failed = 2; #Dropped = 0
Target Time = 44.5; Load Intensity = 37.0; #Success = 0; #Failed = 0; #Dropped = 0
Target Time = 45.5; Load Intensity = 37.0; #Success = 0; #Failed = 1; #Dropped = 0
Target Time = 46.5; Load Intensity = 38.0; #Success = 0; #Failed = 0; #Dropped = 0
Target Time = 47.5; Load Intensity = 39.0; #Success = 0; #Failed = 0; #Dropped = 0
Target Time = 48.5; Load Intensity = 40.0; #Success = 0; #Failed = 0; #Dropped = 0
Target Time = 49.5; Load Intensity = 41.0; #Success = 0; #Failed = 3; #Dropped = 0
Target Time = 50.5; Load Intensity = 42.0; #Success = 0; #Failed = 0; #Dropped = 0
Target Time = 51.5; Load Intensity = 42.0; #Success = 0; #Failed = 1; #Dropped = 0
Target Time = 52.5; Load Intensity = 43.0; #Success = 0; #Failed = 2; #Dropped = 0
Target Time = 53.5; Load Intensity = 44.0; #Success = 0; #Failed = 2; #Dropped = 0
Target Time = 54.5; Load Intensity = 45.0; #Success = 8; #Failed = 3; #Dropped = 0
Target Time = 55.5; Load Intensity = 46.0; #Success = 2; #Failed = 0; #Dropped = 0
Target Time = 56.5; Load Intensity = 47.0; #Success = 2; #Failed = 0; #Dropped = 0
Target Time = 57.5; Load Intensity = 47.0; #Success = 1; #Failed = 0; #Dropped = 0
Target Time = 58.5; Load Intensity = 48.0; #Success = 4; #Failed = 0; #Dropped = 17
Target Time = 59.5; Load Intensity = 49.0; #Success = 16; #Failed = 0; #Dropped = 21
Target Time = 60.5; Load Intensity = 50.0; #Success = 2; #Failed = 4; #Dropped = 22
Target Time = 61.5; Load Intensity = 51.0; #Success = 0; #Failed = 4; #Dropped = 21
Target Time = 62.5; Load Intensity = 52.0; #Success = 0; #Failed = 3; #Dropped = 2
Target Time = 63.5; Load Intensity = 52.0; #Success = 0; #Failed = 0; #Dropped = 0
Target Time = 64.5; Load Intensity = 53.0; #Success = 0; #Failed = 0; #Dropped = 0
Target Time = 65.5; Load Intensity = 54.0; #Success = 0; #Failed = 0; #Dropped = 0
Target Time = 66.5; Load Intensity = 55.0; #Success = 0; #Failed = 0; #Dropped = 0
Target Time = 67.5; Load Intensity = 56.0; #Success = 0; #Failed = 0; #Dropped = 0
Target Time = 68.5; Load Intensity = 57.0; #Success = 0; #Failed = 0; #Dropped = 0
Target Time = 69.5; Load Intensity = 57.0; #Success = 0; #Failed = 0; #Dropped = 0
Target Time = 70.5; Load Intensity = 58.0; #Success = 3; #Failed = 0; #Dropped = 257
Target Time = 71.5; Load Intensity = 59.0; #Success = 3; #Failed = 0; #Dropped = 18
Target Time = 72.5; Load Intensity = 60.0; #Success = 0; #Failed = 3; #Dropped = 19
Target Time = 73.5; Load Intensity = 61.0; #Success = 1; #Failed = 4; #Dropped = 55
Target Time = 74.5; Load Intensity = 62.0; #Success = 0; #Failed = 4; #Dropped = 25
Target Time = 75.5; Load Intensity = 62.0; #Success = 0; #Failed = 1; #Dropped = 34
Target Time = 76.5; Load Intensity = 63.0; #Success = 0; #Failed = 2; #Dropped = 43
Target Time = 77.5; Load Intensity = 64.0; #Success = 0; #Failed = 2; #Dropped = 43
Target Time = 78.5; Load Intensity = 65.0; #Success = 0; #Failed = 0; #Dropped = 0
Target Time = 79.5; Load Intensity = 66.0; #Success = 2; #Failed = 2; #Dropped = 61
Target Time = 80.5; Load Intensity = 67.0; #Success = 0; #Failed = 0; #Dropped = 0
Target Time = 81.5; Load Intensity = 67.0; #Success = 1; #Failed = 2; #Dropped = 96
Target Time = 82.5; Load Intensity = 68.0; #Success = 1; #Failed = 0; #Dropped = 33
Target Time = 83.5; Load Intensity = 69.0; #Success = 1; #Failed = 1; #Dropped = 37
Target Time = 84.5; Load Intensity = 70.0; #Success = 6; #Failed = 1; #Dropped = 52
Target Time = 85.5; Load Intensity = 71.0; #Success = 1; #Failed = 1; #Dropped = 4
Target Time = 86.5; Load Intensity = 72.0; #Success = 1; #Failed = 11; #Dropped = 80
Target Time = 87.5; Load Intensity = 72.0; #Success = 0; #Failed = 0; #Dropped = 0
Target Time = 88.5; Load Intensity = 73.0; #Success = 1; #Failed = 0; #Dropped = 58
Target Time = 89.5; Load Intensity = 74.0; #Success = 1; #Failed = 1; #Dropped = 62
Target Time = 90.5; Load Intensity = 75.0; #Success = 3; #Failed = 0; #Dropped = 66
Target Time = 91.5; Load Intensity = 76.0; #Success = 2; #Failed = 0; #Dropped = 47
Target Time = 92.5; Load Intensity = 77.0; #Success = 2; #Failed = 0; #Dropped = 10
Target Time = 93.5; Load Intensity = 77.0; #Success = 0; #Failed = 0; #Dropped = 0
Target Time = 94.5; Load Intensity = 78.0; #Success = 0; #Failed = 0; #Dropped = 0
Target Time = 95.5; Load Intensity = 79.0; #Success = 0; #Failed = 0; #Dropped = 0
Target Time = 96.5; Load Intensity = 80.0; #Success = 0; #Failed = 0; #Dropped = 0
Target Time = 97.5; Load Intensity = 81.0; #Success = 0; #Failed = 0; #Dropped = 0
Target Time = 98.5; Load Intensity = 82.0; #Success = 0; #Failed = 0; #Dropped = 0
Target Time = 99.5; Load Intensity = 82.0; #Success = 0; #Failed = 0; #Dropped = 0
Target Time = 100.5; Load Intensity = 83.0; #Success = 3; #Failed = 0; #Dropped = 476
Target Time = 101.5; Load Intensity = 84.0; #Success = 3; #Failed = 0; #Dropped = 41
Target Time = 102.5; Load Intensity = 85.0; #Success = 3; #Failed = 0; #Dropped = 31
Target Time = 103.5; Load Intensity = 86.0; #Success = 5; #Failed = 0; #Dropped = 94
Target Time = 104.5; Load Intensity = 87.0; #Success = 4; #Failed = 0; #Dropped = 44
Target Time = 105.5; Load Intensity = 87.0; #Success = 1; #Failed = 3; #Dropped = 76
Target Time = 106.5; Load Intensity = 88.0; #Success = 0; #Failed = 4; #Dropped = 32
Target Time = 107.5; Load Intensity = 89.0; #Success = 2; #Failed = 2; #Dropped = 88
Target Time = 108.5; Load Intensity = 90.0; #Success = 0; #Failed = 3; #Dropped = 68
Target Time = 109.5; Load Intensity = 91.0; #Success = 2; #Failed = 3; #Dropped = 13
Target Time = 110.5; Load Intensity = 92.0; #Success = 0; #Failed = 0; #Dropped = 0
Target Time = 111.5; Load Intensity = 92.0; #Success = 3; #Failed = 8; #Dropped = 171
Target Time = 112.5; Load Intensity = 93.0; #Success = 0; #Failed = 14; #Dropped = 47
Target Time = 113.5; Load Intensity = 94.0; #Success = 0; #Failed = 0; #Dropped = 0
Target Time = 114.5; Load Intensity = 95.0; #Success = 1; #Failed = 0; #Dropped = 125
Target Time = 115.5; Load Intensity = 96.0; #Success = 0; #Failed = 0; #Dropped = 0
Target Time = 116.5; Load Intensity = 97.0; #Success = 0; #Failed = 0; #Dropped = 0
Target Time = 117.5; Load Intensity = 97.0; #Success = 0; #Failed = 0; #Dropped = 0
Target Time = 118.5; Load Intensity = 98.0; #Success = 0; #Failed = 0; #Dropped = 0
Target Time = 119.5; Load Intensity = 99.0; #Success = 0; #Failed = 2; #Dropped = 343
Target Time = 120.5; Load Intensity = 0.0; #Success = 0; #Failed = 1; #Dropped = 108
Target Time = 121.5; Load Intensity = 0.0; #Success = 0; #Failed = 6; #Dropped = 56
Target Time = 122.5; Load Intensity = 0.0; #Success = 0; #Failed = 2; #Dropped = 28
Target Time = 123.5; Load Intensity = 0.0; #Success = 0; #Failed = 0; #Dropped = 0
Target Time = 124.5; Load Intensity = 0.0; #Success = 0; #Failed = 0; #Dropped = 0
Target Time = 125.5; Load Intensity = 0.0; #Success = 0; #Failed = 6; #Dropped = 266
Target Time = 126.5; Load Intensity = 0.0; #Success = 0; #Failed = 5; #Dropped = 72
Target Time = 127.5; Load Intensity = 0.0; #Success = 0; #Failed = 2; #Dropped = 108
Target Time = 128.5; Load Intensity = 0.0; #Success = 0; #Failed = 7; #Dropped = 74
Target Time = 129.5; Load Intensity = 0.0; #Success = 0; #Failed = 8; #Dropped = 74
Target Time = 130.5; Load Intensity = 0.0; #Success = 0; #Failed = 1; #Dropped = 7
Target Time = 131.5; Load Intensity = 0.0; #Success = 1; #Failed = 2; #Dropped = 116
Target Time = 132.5; Load Intensity = 0.0; #Success = 1; #Failed = 0; #Dropped = 51
Target Time = 133.5; Load Intensity = 0.0; #Success = 0; #Failed = 0; #Dropped = 0
Target Time = 134.5; Load Intensity = 0.0; #Success = 0; #Failed = 0; #Dropped = 0
Target Time = 135.5; Load Intensity = 0.0; #Success = 0; #Failed = 0; #Dropped = 0
Target Time = 136.5; Load Intensity = 0.0; #Success = 0; #Failed = 0; #Dropped = 0
Target Time = 137.5; Load Intensity = 0.0; #Success = 0; #Failed = 0; #Dropped = 0
Target Time = 138.5; Load Intensity = 0.0; #Success = 0; #Failed = 1; #Dropped = 533
Target Time = 139.5; Load Intensity = 0.0; #Success = 0; #Failed = 16; #Dropped = 145
Target Time = 140.5; Load Intensity = 0.0; #Success = 0; #Failed = 1; #Dropped = 42
Target Time = 141.5; Load Intensity = 0.0; #Success = 0; #Failed = 0; #Dropped = 0
Target Time = 142.5; Load Intensity = 0.0; #Success = 3; #Failed = 10; #Dropped = 173
Target Time = 143.5; Load Intensity = 0.0; #Success = 0; #Failed = 7; #Dropped = 59
Target Time = 144.5; Load Intensity = 0.0; #Success = 1; #Failed = 0; #Dropped = 136
/home/luish/Documents/death/teastore/TeaStore/examples/httploadgenerator/measure_energy.sh: line 104: 821087 Segmentation fault      timeout $((real_duration+5)) sudo "$path/ecofloc-$comp/ecofloc-$comp.out" -n text -i $ECO_INTERVAL -t $real_duration -f "$path/ecofloc-$comp/" > "$tmpfile" 2> /dev/null
Target Time = 145.5; Load Intensity = 0.0; #Success = 0; #Failed = 1; #Dropped = 75
  └─ [nitro5:ram] end 01:32:37
  └─ [nitro5:nic] end 01:32:37
  └─ [nitro5:cpu] end 01:32:37
Target Time = 146.5; Load Intensity = 0.0; #Success = 0; #Failed = 0; #Dropped = 0
Target Time = 147.5; Load Intensity = 0.0; #Success = 0; #Failed = 2; #Dropped = 169
Target Time = 148.5; Load Intensity = 0.0; #Success = 0; #Failed = 1; #Dropped = 145
Target Time = 149.5; Load Intensity = 0.0; #Success = 2; #Failed = 2; #Dropped = 86
Target Time = 150.5; Load Intensity = 0.0; #Success = 0; #Failed = 3; #Dropped = 33
Target Time = 151.5; Load Intensity = 0.0; #Success = 4; #Failed = 2; #Dropped = 0
Target Time = 152.5; Load Intensity = 0.0; #Success = 0; #Failed = 0; #Dropped = 0
Target Time = 153.5; Load Intensity = 0.0; #Success = 0; #Failed = 0; #Dropped = 0
  └─ [leo:nic] end 01:32:44
Target Time = 154.5; Load Intensity = 0.0; #Success = 0; #Failed = 0; #Dropped = 0
Target Time = 155.5; Load Intensity = 0.0; #Success = 0; #Failed = 0; #Dropped = 0
Target Time = 156.5; Load Intensity = 0.0; #Success = 1; #Failed = 0; #Dropped = 0
Target Time = 157.5; Load Intensity = 0.0; #Success = 0; #Failed = 0; #Dropped = 0
  └─ [scorpius:cpu] end 01:32:49
  └─ [leo:sd] end 01:32:49
Target Time = 158.5; Load Intensity = 0.0; #Success = 3; #Failed = 0; #Dropped = 0
Target Time = 159.5; Load Intensity = 0.0; #Success = 1; #Failed = 0; #Dropped = 0
  └─ [scorpius:nic] end 01:32:51
  └─ [scorpius:sd] end 01:32:51
  └─ [scorpius:ram] end 01:32:51
  └─ [leo:cpu] end 01:32:51
Target Time = 160.5; Load Intensity = 0.0; #Success = 0; #Failed = 0; #Dropped = 0
  └─ [leo:ram] end 01:32:52
Target Time = 161.5; Load Intensity = 0.0; #Success = 3; #Failed = 33; #Dropped = 0
Target Time = 162.5; Load Intensity = 0.0; #Success = 0; #Failed = 13; #Dropped = 0
  └─ [aspire:nic] end 01:32:54
Target Time = 163.5; Load Intensity = 0.0; #Success = 0; #Failed = 0; #Dropped = 0
  └─ [aspire:cpu] end 01:32:55
  └─ [aspire:ram] end 01:32:55
  └─ [aspire:sd] end 01:32:55
=== Bloque 145s terminado - Fase: fase3_carga_low_iter2 ===
[🧹] Limpiando CSVs internos de ecofloc en cada nodo (fase: fase3_carga_low_iter2)...
  ✔ [nitro5:cpu] limpiado /home/luish/Documents/p3/ecofloc2/ecofloc/ecofloc-cpu/ECOFLOC_CPU_COMM_text.csv
  ✔ [nitro5:nic] limpiado /home/luish/Documents/p3/ecofloc2/ecofloc/ecofloc-nic/ECOFLOC_NIC_COMM_text.csv
  ✔ [nitro5:ram] limpiado /home/luish/Documents/p3/ecofloc2/ecofloc/ecofloc-ram/ECOFLOC_RAM_COMM_text.csv
  ✔ [nitro5:sd] limpiado /home/luish/Documents/p3/ecofloc2/ecofloc/ecofloc-sd/ECOFLOC_SD_COMM_text.csv
Target Time = 164.5; Load Intensity = 0.0; #Success = 1; #Failed = 0; #Dropped = 0
  ✔ [leo:cpu] limpiado /home/leo/ecofloc/ecofloc-cpu/ECOFLOC_CPU_COMM_text.csv
  ✔ [leo:nic] limpiado /home/leo/ecofloc/ecofloc-nic/ECOFLOC_NIC_COMM_text.csv
  ✔ [leo:ram] limpiado /home/leo/ecofloc/ecofloc-ram/ECOFLOC_RAM_COMM_text.csv
  ✔ [leo:sd] limpiado /home/leo/ecofloc/ecofloc-sd/ECOFLOC_SD_COMM_text.csv
  ✔ [aspire:cpu] limpiado /home/luish/Documents/p3/ecofloc2/ecofloc/ecofloc-cpu/ECOFLOC_CPU_COMM_text.csv
  ✔ [aspire:nic] limpiado /home/luish/Documents/p3/ecofloc2/ecofloc/ecofloc-nic/ECOFLOC_NIC_COMM_text.csv
  ✔ [aspire:ram] limpiado /home/luish/Documents/p3/ecofloc2/ecofloc/ecofloc-ram/ECOFLOC_RAM_COMM_text.csv
  ✔ [aspire:sd] limpiado /home/luish/Documents/p3/ecofloc2/ecofloc/ecofloc-sd/ECOFLOC_SD_COMM_text.csv
  ✔ [scorpius:cpu] limpiado /home/scorpius03/Documents/ecofloc/ecofloc-cpu/ECOFLOC_CPU_COMM_text.csv
  ✔ [scorpius:nic] limpiado /home/scorpius03/Documents/ecofloc/ecofloc-nic/ECOFLOC_NIC_COMM_text.csv
  ✔ [scorpius:ram] limpiado /home/scorpius03/Documents/ecofloc/ecofloc-ram/ECOFLOC_RAM_COMM_text.csv
  ✔ [scorpius:sd] limpiado /home/scorpius03/Documents/ecofloc/ecofloc-sd/ECOFLOC_SD_COMM_text.csv
========================================
🔋 MEASURE ENERGY FINALIZADO
   Fase: fase3_carga_low_iter2
========================================
Workload finished.
Log finished.
📄 LIMBO finalizado para scenario=low
⏳ [01:33:00] Esperando que termine medición: fase3_carga_low_iter2 (PID: 820366)
✔️ [01:33:00] Medición fase3_carga_low_iter2 completada
[📦] Archivando resultados → ./historyexecutions/exp(01:33:05)_fase3_low_iter2
[✔] Archivado: ./historyexecutions/exp(01:33:05)_fase3_low_iter2
🧹 Limpiando TeaStore (iter 2)...
⏸ Esperando 15s para limpieza completa...
✅ Iteración 2 / 5 del escenario low completada.

########################################################
🔄 ESCENARIO: low | ITERACIÓN: 3 / 5
   Hora: 01:33:53
########################################################
========================================
🔋 FASE 1: Descarga de imágenes (low, iter 3)
========================================
📋 Capturando PIDs (gepidstea.sh)...
📋 Capturando PIDs de contenedores (kpsnodos.sh)...
🔋 [01:34:11] Iniciando medición de energía: fase1_descarga_low_iter3 (25s)
   PID de medición: 1218121
🚀 Desplegando TeaStore desde https://raw.githubusercontent.com/DescartesResearch/TeaStore/master/examples/kubernetes/teastore-ribbon.yaml...
========================================
🔋 MEASURE ENERGY - Fase: fase1_descarga_low_iter3
   Duración: 25s
   PID: 1218121
========================================
=== Medición bloque 25s - Fase: fase1_descarga_low_iter3 ===
[⏱ 01:34:11] Iniciando ecofloc en nitro5 por 25s (fase: fase1_descarga_low_iter3)
⏳ Esperando a que todos los pods de TeaStore estén Running y Ready...
  ├─ [nitro5:sd] start 01:34:11
  ├─ [nitro5:ram] start 01:34:12
  ├─ [nitro5:nic] start 01:34:12
[⏱ 01:34:12] Iniciando ecofloc en aspire por 25s (fase: fase1_descarga_low_iter3)
  ├─ [nitro5:cpu] start 01:34:12
  ├─ [aspire:sd] start 01:34:12
  ├─ [aspire:ram] start 01:34:12
[⏱ 01:34:12] Iniciando ecofloc en scorpius por 25s (fase: fase1_descarga_low_iter3)
  ├─ [aspire:nic] start 01:34:12
  ├─ [aspire:cpu] start 01:34:12
  ├─ [scorpius:sd] start 01:34:12
  ├─ [scorpius:ram] start 01:34:12
[⏱ 01:34:12] Iniciando ecofloc en leo por 25s (fase: fase1_descarga_low_iter3)
  ├─ [scorpius:nic] start 01:34:12
  ├─ [scorpius:cpu] start 01:34:12
  ├─ [leo:ram] start 01:34:12
  ├─ [leo:sd] start 01:34:12
  ├─ [leo:nic] start 01:34:12
  ├─ [leo:cpu] start 01:34:12
✅ Pods listos.
⏳ [01:34:20] Esperando que termine medición: fase1_descarga_low_iter3 (PID: 1218121)
  └─ [scorpius:nic] end 01:34:34
/home/luish/Documents/death/teastore/TeaStore/examples/httploadgenerator/measure_energy.sh: line 104: 1218198 Segmentation fault      timeout $((real_duration+5)) sudo "$path/ecofloc-$comp/ecofloc-$comp.out" -n text -i $ECO_INTERVAL -t $real_duration -f "$path/ecofloc-$comp/" > "$tmpfile" 2> /dev/null
  └─ [nitro5:ram] end 01:34:37
  └─ [nitro5:nic] end 01:34:37
  └─ [nitro5:cpu] end 01:34:37
  └─ [leo:cpu] end 01:34:41
  └─ [aspire:cpu] end 01:34:41
  └─ [leo:sd] end 01:34:42
  └─ [aspire:sd] end 01:34:42
  └─ [scorpius:cpu] end 01:34:43
  └─ [scorpius:sd] end 01:34:44
  └─ [aspire:ram] end 01:34:44
  └─ [aspire:nic] end 01:34:44
  └─ [leo:nic] end 01:34:44
  └─ [leo:ram] end 01:34:44
  └─ [scorpius:ram] end 01:34:45
=== Bloque 25s terminado - Fase: fase1_descarga_low_iter3 ===
[🧹] Limpiando CSVs internos de ecofloc en cada nodo (fase: fase1_descarga_low_iter3)...
  ✔ [nitro5:cpu] limpiado /home/luish/Documents/p3/ecofloc2/ecofloc/ecofloc-cpu/ECOFLOC_CPU_COMM_text.csv
  ✔ [nitro5:nic] limpiado /home/luish/Documents/p3/ecofloc2/ecofloc/ecofloc-nic/ECOFLOC_NIC_COMM_text.csv
  ✔ [nitro5:ram] limpiado /home/luish/Documents/p3/ecofloc2/ecofloc/ecofloc-ram/ECOFLOC_RAM_COMM_text.csv
  ✔ [nitro5:sd] limpiado /home/luish/Documents/p3/ecofloc2/ecofloc/ecofloc-sd/ECOFLOC_SD_COMM_text.csv
  ✔ [leo:cpu] limpiado /home/leo/ecofloc/ecofloc-cpu/ECOFLOC_CPU_COMM_text.csv
  ✔ [leo:nic] limpiado /home/leo/ecofloc/ecofloc-nic/ECOFLOC_NIC_COMM_text.csv
  ✔ [leo:ram] limpiado /home/leo/ecofloc/ecofloc-ram/ECOFLOC_RAM_COMM_text.csv
  ✔ [leo:sd] limpiado /home/leo/ecofloc/ecofloc-sd/ECOFLOC_SD_COMM_text.csv
  ✔ [aspire:cpu] limpiado /home/luish/Documents/p3/ecofloc2/ecofloc/ecofloc-cpu/ECOFLOC_CPU_COMM_text.csv
  ✔ [aspire:nic] limpiado /home/luish/Documents/p3/ecofloc2/ecofloc/ecofloc-nic/ECOFLOC_NIC_COMM_text.csv
  ✔ [aspire:ram] limpiado /home/luish/Documents/p3/ecofloc2/ecofloc/ecofloc-ram/ECOFLOC_RAM_COMM_text.csv
  ✔ [aspire:sd] limpiado /home/luish/Documents/p3/ecofloc2/ecofloc/ecofloc-sd/ECOFLOC_SD_COMM_text.csv
  ✔ [scorpius:cpu] limpiado /home/scorpius03/Documents/ecofloc/ecofloc-cpu/ECOFLOC_CPU_COMM_text.csv
  ✔ [scorpius:nic] limpiado /home/scorpius03/Documents/ecofloc/ecofloc-nic/ECOFLOC_NIC_COMM_text.csv
  ✔ [scorpius:ram] limpiado /home/scorpius03/Documents/ecofloc/ecofloc-ram/ECOFLOC_RAM_COMM_text.csv
  ✔ [scorpius:sd] limpiado /home/scorpius03/Documents/ecofloc/ecofloc-sd/ECOFLOC_SD_COMM_text.csv
========================================
🔋 MEASURE ENERGY FINALIZADO
   Fase: fase1_descarga_low_iter3
========================================
✔️ [01:34:49] Medición fase1_descarga_low_iter3 completada
[📦] Archivando resultados → ./historyexecutions/exp(01:34:54)_fase1_low_iter3
[✔] Archivado: ./historyexecutions/exp(01:34:54)_fase1_low_iter3
========================================
🔋 FASE 2: Preparación de servicios (low, iter 3)
========================================
📋 Capturando PIDs (gepidstea.sh)...
📋 Capturando PIDs de contenedores (kpsnodos.sh)...
🔋 [01:35:13] Iniciando medición de energía: fase2_preparacion_low_iter3 (50s)
   PID de medición: 1286389
========================================
🔋 MEASURE ENERGY - Fase: fase2_preparacion_low_iter3
   Duración: 50s
   PID: 1286389
========================================
=== Medición bloque 50s - Fase: fase2_preparacion_low_iter3 ===
[⏱ 01:35:13] Iniciando ecofloc en nitro5 por 50s (fase: fase2_preparacion_low_iter3)
⏳ Esperando 10s a que CoreDNS se estabilice...
  ├─ [nitro5:sd] start 01:35:13
  ├─ [nitro5:ram] start 01:35:14
  ├─ [nitro5:nic] start 01:35:14
[⏱ 01:35:14] Iniciando ecofloc en aspire por 50s (fase: fase2_preparacion_low_iter3)
  ├─ [nitro5:cpu] start 01:35:14
  ├─ [aspire:sd] start 01:35:14
  ├─ [aspire:ram] start 01:35:14
  ├─ [aspire:nic] start 01:35:14
[⏱ 01:35:14] Iniciando ecofloc en scorpius por 50s (fase: fase2_preparacion_low_iter3)
  ├─ [aspire:cpu] start 01:35:14
  ├─ [scorpius:sd] start 01:35:14
  ├─ [scorpius:ram] start 01:35:14
[⏱ 01:35:14] Iniciando ecofloc en leo por 50s (fase: fase2_preparacion_low_iter3)
  ├─ [scorpius:nic] start 01:35:14
  ├─ [scorpius:cpu] start 01:35:14
  ├─ [leo:sd] start 01:35:14
  ├─ [leo:ram] start 01:35:14
  ├─ [leo:nic] start 01:35:14
  ├─ [leo:cpu] start 01:35:14
➡️ Pod WebUI: teastore-webui-558b54cc77-x2zwj
➡️ Está en el nodo: leo02
🌐 IP del nodo WebUI: 192.168.18.36
⏳ Verificando estado del TeaStore en http://192.168.18.36:30080/tools.descartes.teastore.webui/status ...
   ➤ Estado actual: 2 / 5 servicios OK
❌ TeaStore aún no está listo. Reintentando en 10s...
   ➤ Estado actual: 2 / 5 servicios OK
❌ TeaStore aún no está listo. Reintentando en 10s...
   ➤ Estado actual: 2 / 5 servicios OK
❌ TeaStore aún no está listo. Reintentando en 10s...
  └─ [nitro5:sd] end 01:36:03
  └─ [nitro5:ram] end 01:36:04
   ➤ Estado actual: 2 / 5 servicios OK
❌ TeaStore aún no está listo. Reintentando en 10s...
  └─ [nitro5:nic] end 01:36:04
  └─ [nitro5:cpu] end 01:36:04
  └─ [aspire:cpu] end 01:36:06
  └─ [aspire:sd] end 01:36:07
  └─ [leo:cpu] end 01:36:07
  └─ [leo:sd] end 01:36:07
  └─ [scorpius:sd] end 01:36:07
  └─ [scorpius:cpu] end 01:36:07
  └─ [aspire:nic] end 01:36:07
  └─ [aspire:ram] end 01:36:08
  └─ [leo:nic] end 01:36:08
  └─ [leo:ram] end 01:36:08
  └─ [scorpius:nic] end 01:36:08
  └─ [scorpius:ram] end 01:36:08
=== Bloque 50s terminado - Fase: fase2_preparacion_low_iter3 ===
[🧹] Limpiando CSVs internos de ecofloc en cada nodo (fase: fase2_preparacion_low_iter3)...
  ✔ [nitro5:cpu] limpiado /home/luish/Documents/p3/ecofloc2/ecofloc/ecofloc-cpu/ECOFLOC_CPU_COMM_text.csv
  ✔ [nitro5:nic] limpiado /home/luish/Documents/p3/ecofloc2/ecofloc/ecofloc-nic/ECOFLOC_NIC_COMM_text.csv
  ✔ [nitro5:ram] limpiado /home/luish/Documents/p3/ecofloc2/ecofloc/ecofloc-ram/ECOFLOC_RAM_COMM_text.csv
  ✔ [nitro5:sd] limpiado /home/luish/Documents/p3/ecofloc2/ecofloc/ecofloc-sd/ECOFLOC_SD_COMM_text.csv
  ✔ [leo:cpu] limpiado /home/leo/ecofloc/ecofloc-cpu/ECOFLOC_CPU_COMM_text.csv
  ✔ [leo:nic] limpiado /home/leo/ecofloc/ecofloc-nic/ECOFLOC_NIC_COMM_text.csv
  ✔ [leo:ram] limpiado /home/leo/ecofloc/ecofloc-ram/ECOFLOC_RAM_COMM_text.csv
  ✔ [leo:sd] limpiado /home/leo/ecofloc/ecofloc-sd/ECOFLOC_SD_COMM_text.csv
  ✔ [aspire:cpu] limpiado /home/luish/Documents/p3/ecofloc2/ecofloc/ecofloc-cpu/ECOFLOC_CPU_COMM_text.csv
  ✔ [aspire:nic] limpiado /home/luish/Documents/p3/ecofloc2/ecofloc/ecofloc-nic/ECOFLOC_NIC_COMM_text.csv
  ✔ [aspire:ram] limpiado /home/luish/Documents/p3/ecofloc2/ecofloc/ecofloc-ram/ECOFLOC_RAM_COMM_text.csv
  ✔ [aspire:sd] limpiado /home/luish/Documents/p3/ecofloc2/ecofloc/ecofloc-sd/ECOFLOC_SD_COMM_text.csv
  ✔ [scorpius:cpu] limpiado /home/scorpius03/Documents/ecofloc/ecofloc-cpu/ECOFLOC_CPU_COMM_text.csv
  ✔ [scorpius:nic] limpiado /home/scorpius03/Documents/ecofloc/ecofloc-nic/ECOFLOC_NIC_COMM_text.csv
  ✔ [scorpius:ram] limpiado /home/scorpius03/Documents/ecofloc/ecofloc-ram/ECOFLOC_RAM_COMM_text.csv
  ✔ [scorpius:sd] limpiado /home/scorpius03/Documents/ecofloc/ecofloc-sd/ECOFLOC_SD_COMM_text.csv
========================================
🔋 MEASURE ENERGY FINALIZADO
   Fase: fase2_preparacion_low_iter3
========================================
   ➤ Estado actual: 2 / 5 servicios OK
❌ TeaStore aún no está listo. Reintentando en 10s...
   ➤ Estado actual: 2 / 5 servicios OK
❌ TeaStore aún no está listo. Reintentando en 10s...
   ➤ Estado actual: 2 / 5 servicios OK
❌ TeaStore aún no está listo. Reintentando en 10s...
   ➤ Estado actual: 2 / 5 servicios OK
❌ TeaStore aún no está listo. Reintentando en 10s...
   ➤ Estado actual: 5 / 5 servicios OK
✔ TODOS los servicios del TeaStore están OK. Continuando...
⏳ [01:37:03] Esperando que termine medición: fase2_preparacion_low_iter3 (PID: 1286389)
✔️ [01:37:03] Medición fase2_preparacion_low_iter3 completada
[📦] Archivando resultados → ./historyexecutions/exp(01:37:08)_fase2_low_iter3
[✔] Archivado: ./historyexecutions/exp(01:37:08)_fase2_low_iter3
========================================
🔋 FASE 3: Ejecución de carga (low, iter 3)
========================================
📋 Capturando PIDs (gepidstea.sh)...
📋 Capturando PIDs de contenedores (kpsnodos.sh)...
🔋 [01:37:28] Iniciando medición de energía: fase3_carga_low_iter3 (145s)
   PID de medición: 1422806
=== Escenario low (iter 3) ===
========================================
🔋 MEASURE ENERGY - Fase: fase3_carga_low_iter3
   Duración: 145s
   PID: 1422806
========================================
=== Medición bloque 145s - Fase: fase3_carga_low_iter3 ===
🚀 Iniciando LIMBO con profile=/home/luish/Documents/death/teastore/TeaStore/examples/httploadgenerator/increasingLowIntensity.csv y script=/home/luish/Documents/death/teastore/TeaStore/examples/httploadgenerator/teastore_buy.lua
[⏱ 01:37:28] Iniciando ecofloc en nitro5 por 145s (fase: fase3_carga_low_iter3)
Feb 24, 2026 1:37:28 AM tools.descartes.dlim.httploadgenerator.runner.Director executeDirector
WARNING: No power measurements
Feb 24, 2026 1:37:28 AM tools.descartes.dlim.httploadgenerator.runner.Director executeDirector
INFO: Load Generator Thread Count set to 64
Feb 24, 2026 1:37:28 AM tools.descartes.dlim.httploadgenerator.runner.Director executeDirector
INFO: URL connection timout set to 30000 ms
Feb 24, 2026 1:37:28 AM tools.descartes.dlim.httploadgenerator.runner.Director executeDirector
INFO: Using Lua Script: /home/luish/Documents/death/teastore/TeaStore/examples/httploadgenerator/teastore_buy.lua
Feb 24, 2026 1:37:28 AM tools.descartes.dlim.httploadgenerator.runner.Director process
INFO: Read 120 Arrival Rate Tuples
Load Generator sent: ok
Feb 24, 2026 1:37:28 AM tools.descartes.dlim.httploadgenerator.runner.Director process
INFO: Arrival Rates sent to Load Generator(s).
Load Generator sent: ok
Feb 24, 2026 1:37:28 AM tools.descartes.dlim.httploadgenerator.runner.Director process
INFO: Thread Count sent to Load Generator(s): 64
Load Generator sent: ok
Feb 24, 2026 1:37:28 AM tools.descartes.dlim.httploadgenerator.runner.Director process
INFO: URL connection timeout sent to Load Generator(s): 30000
Load Generator sent: ok
Feb 24, 2026 1:37:28 AM tools.descartes.dlim.httploadgenerator.runner.Director process
INFO: Contents of script sent to Load Generator: /home/luish/Documents/death/teastore/TeaStore/examples/httploadgenerator/teastore_buy.lua
Feb 24, 2026 1:37:28 AM tools.descartes.dlim.httploadgenerator.runner.Director process
INFO: Starting Load Generation
Beginning Run @1771915048711(24.02.2026;01:37:28711)
Target Time = 0.5; Load Intensity = 0.0; #Success = 0; #Failed = 0; #Dropped = 0
  ├─ [nitro5:sd] start 01:37:28
  ├─ [nitro5:ram] start 01:37:29
  ├─ [nitro5:nic] start 01:37:29
[⏱ 01:37:30] Iniciando ecofloc en aspire por 145s (fase: fase3_carga_low_iter3)
  ├─ [nitro5:cpu] start 01:37:30
  ├─ [aspire:sd] start 01:37:30
  ├─ [aspire:ram] start 01:37:30
[⏱ 01:37:30] Iniciando ecofloc en scorpius por 145s (fase: fase3_carga_low_iter3)
  ├─ [aspire:nic] start 01:37:30
  ├─ [aspire:cpu] start 01:37:30
  ├─ [scorpius:sd] start 01:37:30
  ├─ [scorpius:ram] start 01:37:30
  ├─ [scorpius:nic] start 01:37:30
[⏱ 01:37:30] Iniciando ecofloc en leo por 145s (fase: fase3_carga_low_iter3)
  ├─ [scorpius:cpu] start 01:37:30
  ├─ [leo:sd] start 01:37:30
  ├─ [leo:ram] start 01:37:30
  ├─ [leo:nic] start 01:37:30
  ├─ [leo:cpu] start 01:37:30
Target Time = 1.5; Load Intensity = 1.0; #Success = 0; #Failed = 0; #Dropped = 0
Target Time = 2.5; Load Intensity = 2.0; #Success = 0; #Failed = 0; #Dropped = 0
Target Time = 3.5; Load Intensity = 2.0; #Success = 0; #Failed = 0; #Dropped = 0
Target Time = 4.5; Load Intensity = 3.0; #Success = 0; #Failed = 0; #Dropped = 0
Target Time = 5.5; Load Intensity = 4.0; #Success = 12; #Failed = 0; #Dropped = 0
Target Time = 6.5; Load Intensity = 5.0; #Success = 4; #Failed = 0; #Dropped = 0
Target Time = 7.5; Load Intensity = 6.0; #Success = 7; #Failed = 0; #Dropped = 0
Target Time = 8.5; Load Intensity = 7.0; #Success = 2; #Failed = 0; #Dropped = 0
Target Time = 9.5; Load Intensity = 7.0; #Success = 12; #Failed = 0; #Dropped = 0
Target Time = 10.5; Load Intensity = 8.0; #Success = 6; #Failed = 0; #Dropped = 0
Target Time = 11.5; Load Intensity = 9.0; #Success = 10; #Failed = 0; #Dropped = 0
Target Time = 12.5; Load Intensity = 10.0; #Success = 5; #Failed = 0; #Dropped = 0
Target Time = 13.5; Load Intensity = 11.0; #Success = 5; #Failed = 0; #Dropped = 0
Target Time = 14.5; Load Intensity = 12.0; #Success = 1; #Failed = 0; #Dropped = 0
Target Time = 15.5; Load Intensity = 12.0; #Success = 4; #Failed = 0; #Dropped = 0
Target Time = 16.5; Load Intensity = 13.0; #Success = 5; #Failed = 0; #Dropped = 0
Target Time = 17.5; Load Intensity = 14.0; #Success = 13; #Failed = 0; #Dropped = 0
Target Time = 18.5; Load Intensity = 15.0; #Success = 10; #Failed = 0; #Dropped = 0
Target Time = 19.5; Load Intensity = 16.0; #Success = 9; #Failed = 0; #Dropped = 0
Target Time = 20.5; Load Intensity = 17.0; #Success = 5; #Failed = 0; #Dropped = 0
Target Time = 21.5; Load Intensity = 17.0; #Success = 14; #Failed = 0; #Dropped = 0
Target Time = 22.5; Load Intensity = 18.0; #Success = 4; #Failed = 0; #Dropped = 0
Target Time = 23.5; Load Intensity = 19.0; #Success = 0; #Failed = 0; #Dropped = 0
Target Time = 24.5; Load Intensity = 20.0; #Success = 0; #Failed = 0; #Dropped = 0
Target Time = 25.5; Load Intensity = 21.0; #Success = 4; #Failed = 0; #Dropped = 0
Target Time = 26.5; Load Intensity = 22.0; #Success = 1; #Failed = 0; #Dropped = 0
Target Time = 27.5; Load Intensity = 22.0; #Success = 0; #Failed = 0; #Dropped = 0
Target Time = 28.5; Load Intensity = 23.0; #Success = 15; #Failed = 0; #Dropped = 0
Target Time = 29.5; Load Intensity = 24.0; #Success = 2; #Failed = 0; #Dropped = 0
Target Time = 30.5; Load Intensity = 25.0; #Success = 8; #Failed = 0; #Dropped = 0
Target Time = 31.5; Load Intensity = 26.0; #Success = 3; #Failed = 0; #Dropped = 0
Target Time = 32.5; Load Intensity = 27.0; #Success = 14; #Failed = 0; #Dropped = 0
Target Time = 33.5; Load Intensity = 27.0; #Success = 2; #Failed = 0; #Dropped = 0
Target Time = 34.5; Load Intensity = 28.0; #Success = 15; #Failed = 0; #Dropped = 0
Target Time = 35.5; Load Intensity = 29.0; #Success = 0; #Failed = 0; #Dropped = 0
Target Time = 36.5; Load Intensity = 30.0; #Success = 0; #Failed = 0; #Dropped = 0
Target Time = 37.5; Load Intensity = 31.0; #Success = 0; #Failed = 0; #Dropped = 0
Target Time = 38.5; Load Intensity = 32.0; #Success = 0; #Failed = 0; #Dropped = 0
Target Time = 39.5; Load Intensity = 32.0; #Success = 0; #Failed = 0; #Dropped = 0
Target Time = 40.5; Load Intensity = 33.0; #Success = 0; #Failed = 0; #Dropped = 0
Target Time = 41.5; Load Intensity = 34.0; #Success = 0; #Failed = 0; #Dropped = 0
Target Time = 42.5; Load Intensity = 35.0; #Success = 0; #Failed = 0; #Dropped = 0
Target Time = 43.5; Load Intensity = 36.0; #Success = 0; #Failed = 0; #Dropped = 0
Target Time = 44.5; Load Intensity = 37.0; #Success = 0; #Failed = 0; #Dropped = 0
Target Time = 45.5; Load Intensity = 37.0; #Success = 0; #Failed = 0; #Dropped = 0
Target Time = 46.5; Load Intensity = 38.0; #Success = 0; #Failed = 0; #Dropped = 0
Target Time = 47.5; Load Intensity = 39.0; #Success = 0; #Failed = 0; #Dropped = 0
Target Time = 48.5; Load Intensity = 40.0; #Success = 0; #Failed = 0; #Dropped = 0
Target Time = 49.5; Load Intensity = 41.0; #Success = 0; #Failed = 0; #Dropped = 0
Target Time = 50.5; Load Intensity = 42.0; #Success = 0; #Failed = 0; #Dropped = 0
Target Time = 51.5; Load Intensity = 42.0; #Success = 0; #Failed = 0; #Dropped = 0
Target Time = 52.5; Load Intensity = 43.0; #Success = 0; #Failed = 0; #Dropped = 0
Target Time = 53.5; Load Intensity = 44.0; #Success = 0; #Failed = 0; #Dropped = 0
Target Time = 54.5; Load Intensity = 45.0; #Success = 0; #Failed = 0; #Dropped = 0
Target Time = 55.5; Load Intensity = 46.0; #Success = 4; #Failed = 2; #Dropped = 4
Target Time = 56.5; Load Intensity = 47.0; #Success = 1; #Failed = 1; #Dropped = 12
Target Time = 57.5; Load Intensity = 47.0; #Success = 0; #Failed = 0; #Dropped = 0
Target Time = 58.5; Load Intensity = 48.0; #Success = 15; #Failed = 0; #Dropped = 36
Target Time = 59.5; Load Intensity = 49.0; #Success = 1; #Failed = 1; #Dropped = 14
Target Time = 60.5; Load Intensity = 50.0; #Success = 7; #Failed = 0; #Dropped = 27
Target Time = 61.5; Load Intensity = 51.0; #Success = 3; #Failed = 0; #Dropped = 8
Target Time = 62.5; Load Intensity = 52.0; #Success = 12; #Failed = 0; #Dropped = 34
Target Time = 63.5; Load Intensity = 52.0; #Success = 2; #Failed = 0; #Dropped = 24
Target Time = 64.5; Load Intensity = 53.0; #Success = 15; #Failed = 0; #Dropped = 9
Target Time = 65.5; Load Intensity = 54.0; #Success = 0; #Failed = 0; #Dropped = 0
Target Time = 66.5; Load Intensity = 55.0; #Success = 0; #Failed = 0; #Dropped = 0
Target Time = 67.5; Load Intensity = 56.0; #Success = 0; #Failed = 0; #Dropped = 0
Target Time = 68.5; Load Intensity = 57.0; #Success = 0; #Failed = 0; #Dropped = 0
Target Time = 69.5; Load Intensity = 57.0; #Success = 0; #Failed = 0; #Dropped = 0
Target Time = 70.5; Load Intensity = 58.0; #Success = 0; #Failed = 0; #Dropped = 0
Target Time = 71.5; Load Intensity = 59.0; #Success = 0; #Failed = 0; #Dropped = 0
Target Time = 72.5; Load Intensity = 60.0; #Success = 0; #Failed = 0; #Dropped = 0
Target Time = 73.5; Load Intensity = 61.0; #Success = 0; #Failed = 0; #Dropped = 0
Target Time = 74.5; Load Intensity = 62.0; #Success = 0; #Failed = 0; #Dropped = 0
Target Time = 75.5; Load Intensity = 62.0; #Success = 0; #Failed = 0; #Dropped = 0
Target Time = 76.5; Load Intensity = 63.0; #Success = 0; #Failed = 0; #Dropped = 0
Target Time = 77.5; Load Intensity = 64.0; #Success = 0; #Failed = 0; #Dropped = 0
Target Time = 78.5; Load Intensity = 65.0; #Success = 0; #Failed = 0; #Dropped = 0
Target Time = 79.5; Load Intensity = 66.0; #Success = 0; #Failed = 0; #Dropped = 0
Target Time = 80.5; Load Intensity = 67.0; #Success = 0; #Failed = 0; #Dropped = 0
Target Time = 81.5; Load Intensity = 67.0; #Success = 0; #Failed = 16; #Dropped = 607
Target Time = 82.5; Load Intensity = 68.0; #Success = 0; #Failed = 16; #Dropped = 0
Target Time = 83.5; Load Intensity = 69.0; #Success = 0; #Failed = 1; #Dropped = 27
Target Time = 84.5; Load Intensity = 70.0; #Success = 0; #Failed = 0; #Dropped = 0
Target Time = 85.5; Load Intensity = 71.0; #Success = 0; #Failed = 11; #Dropped = 110
Target Time = 86.5; Load Intensity = 72.0; #Success = 0; #Failed = 5; #Dropped = 34
Target Time = 87.5; Load Intensity = 72.0; #Success = 0; #Failed = 2; #Dropped = 20
Target Time = 88.5; Load Intensity = 73.0; #Success = 1; #Failed = 2; #Dropped = 56
Target Time = 89.5; Load Intensity = 74.0; #Success = 2; #Failed = 16; #Dropped = 33
Target Time = 90.5; Load Intensity = 75.0; #Success = 2; #Failed = 0; #Dropped = 80
Target Time = 91.5; Load Intensity = 76.0; #Success = 1; #Failed = 10; #Dropped = 31
Target Time = 92.5; Load Intensity = 77.0; #Success = 0; #Failed = 5; #Dropped = 28
Target Time = 93.5; Load Intensity = 77.0; #Success = 0; #Failed = 6; #Dropped = 60
Target Time = 94.5; Load Intensity = 78.0; #Success = 0; #Failed = 13; #Dropped = 42
Target Time = 95.5; Load Intensity = 79.0; #Success = 0; #Failed = 30; #Dropped = 29
Target Time = 96.5; Load Intensity = 80.0; #Success = 0; #Failed = 14; #Dropped = 28
Target Time = 97.5; Load Intensity = 81.0; #Success = 0; #Failed = 0; #Dropped = 0
Target Time = 98.5; Load Intensity = 82.0; #Success = 0; #Failed = 6; #Dropped = 117
Target Time = 99.5; Load Intensity = 82.0; #Success = 0; #Failed = 20; #Dropped = 30
Target Time = 100.5; Load Intensity = 83.0; #Success = 0; #Failed = 10; #Dropped = 36
Target Time = 101.5; Load Intensity = 84.0; #Success = 0; #Failed = 17; #Dropped = 57
Target Time = 102.5; Load Intensity = 85.0; #Success = 0; #Failed = 11; #Dropped = 55
Target Time = 103.5; Load Intensity = 86.0; #Success = 0; #Failed = 10; #Dropped = 43
Target Time = 104.5; Load Intensity = 87.0; #Success = 0; #Failed = 1; #Dropped = 42
Target Time = 105.5; Load Intensity = 87.0; #Success = 0; #Failed = 1; #Dropped = 78
Target Time = 106.5; Load Intensity = 88.0; #Success = 0; #Failed = 8; #Dropped = 14
Target Time = 107.5; Load Intensity = 89.0; #Success = 0; #Failed = 20; #Dropped = 90
Target Time = 108.5; Load Intensity = 90.0; #Success = 0; #Failed = 3; #Dropped = 23
Target Time = 109.5; Load Intensity = 91.0; #Success = 0; #Failed = 7; #Dropped = 100
Target Time = 110.5; Load Intensity = 92.0; #Success = 0; #Failed = 2; #Dropped = 41
Target Time = 111.5; Load Intensity = 92.0; #Success = 0; #Failed = 7; #Dropped = 85
Target Time = 112.5; Load Intensity = 93.0; #Success = 0; #Failed = 17; #Dropped = 59
Target Time = 113.5; Load Intensity = 94.0; #Success = 0; #Failed = 7; #Dropped = 39
Target Time = 114.5; Load Intensity = 95.0; #Success = 0; #Failed = 28; #Dropped = 67
Target Time = 115.5; Load Intensity = 96.0; #Success = 0; #Failed = 28; #Dropped = 24
Target Time = 116.5; Load Intensity = 97.0; #Success = 0; #Failed = 11; #Dropped = 60
Target Time = 117.5; Load Intensity = 97.0; #Success = 0; #Failed = 24; #Dropped = 64
Target Time = 118.5; Load Intensity = 98.0; #Success = 0; #Failed = 11; #Dropped = 53
Target Time = 119.5; Load Intensity = 99.0; #Success = 0; #Failed = 14; #Dropped = 68
Target Time = 120.5; Load Intensity = 0.0; #Success = 0; #Failed = 17; #Dropped = 35
Target Time = 121.5; Load Intensity = 0.0; #Success = 0; #Failed = 16; #Dropped = 86
Target Time = 122.5; Load Intensity = 0.0; #Success = 0; #Failed = 20; #Dropped = 48
Target Time = 123.5; Load Intensity = 0.0; #Success = 0; #Failed = 32; #Dropped = 45
Target Time = 124.5; Load Intensity = 0.0; #Success = 0; #Failed = 23; #Dropped = 64
Target Time = 125.5; Load Intensity = 0.0; #Success = 0; #Failed = 15; #Dropped = 65
Target Time = 126.5; Load Intensity = 0.0; #Success = 0; #Failed = 23; #Dropped = 39
Target Time = 127.5; Load Intensity = 0.0; #Success = 0; #Failed = 21; #Dropped = 78
Target Time = 128.5; Load Intensity = 0.0; #Success = 0; #Failed = 18; #Dropped = 50
Target Time = 129.5; Load Intensity = 0.0; #Success = 0; #Failed = 18; #Dropped = 74
Target Time = 130.5; Load Intensity = 0.0; #Success = 0; #Failed = 15; #Dropped = 53
Target Time = 131.5; Load Intensity = 0.0; #Success = 0; #Failed = 15; #Dropped = 83
Target Time = 132.5; Load Intensity = 0.0; #Success = 0; #Failed = 14; #Dropped = 60
Target Time = 133.5; Load Intensity = 0.0; #Success = 0; #Failed = 26; #Dropped = 51
Target Time = 134.5; Load Intensity = 0.0; #Success = 0; #Failed = 10; #Dropped = 85
Target Time = 135.5; Load Intensity = 0.0; #Success = 0; #Failed = 34; #Dropped = 64
Target Time = 136.5; Load Intensity = 0.0; #Success = 0; #Failed = 25; #Dropped = 65
Target Time = 137.5; Load Intensity = 0.0; #Success = 0; #Failed = 24; #Dropped = 63
Target Time = 138.5; Load Intensity = 0.0; #Success = 0; #Failed = 19; #Dropped = 64
Target Time = 139.5; Load Intensity = 0.0; #Success = 0; #Failed = 29; #Dropped = 60
Target Time = 140.5; Load Intensity = 0.0; #Success = 0; #Failed = 10; #Dropped = 90
Target Time = 141.5; Load Intensity = 0.0; #Success = 0; #Failed = 14; #Dropped = 72
Target Time = 142.5; Load Intensity = 0.0; #Success = 0; #Failed = 20; #Dropped = 79
Target Time = 143.5; Load Intensity = 0.0; #Success = 0; #Failed = 27; #Dropped = 72
Target Time = 144.5; Load Intensity = 0.0; #Success = 0; #Failed = 11; #Dropped = 79
  └─ [nitro5:sd] end 01:39:53
Target Time = 145.5; Load Intensity = 0.0; #Success = 0; #Failed = 10; #Dropped = 60
  └─ [nitro5:ram] end 01:39:54
  └─ [nitro5:nic] end 01:39:54
  └─ [nitro5:cpu] end 01:39:55
Target Time = 146.5; Load Intensity = 0.0; #Success = 0; #Failed = 26; #Dropped = 97
Target Time = 147.5; Load Intensity = 0.0; #Success = 0; #Failed = 24; #Dropped = 66
Target Time = 148.5; Load Intensity = 0.0; #Success = 0; #Failed = 16; #Dropped = 80
Target Time = 149.5; Load Intensity = 0.0; #Success = 0; #Failed = 25; #Dropped = 84
Target Time = 150.5; Load Intensity = 0.0; #Success = 0; #Failed = 23; #Dropped = 0
Target Time = 151.5; Load Intensity = 0.0; #Success = 0; #Failed = 18; #Dropped = 0
  └─ [leo:cpu] end 01:40:01
Target Time = 152.5; Load Intensity = 0.0; #Success = 0; #Failed = 21; #Dropped = 0
  └─ [scorpius:nic] end 01:40:01
  └─ [scorpius:ram] end 01:40:02
  └─ [scorpius:sd] end 01:40:03
  └─ [leo:nic] end 01:40:03
  └─ [leo:sd] end 01:40:04
  └─ [leo:ram] end 01:40:04
  └─ [scorpius:cpu] end 01:40:04
Workload finished.
Log finished.
📄 LIMBO finalizado para scenario=low
⏳ [01:40:06] Esperando que termine medición: fase3_carga_low_iter3 (PID: 1422806)
=== Bloque 145s terminado - Fase: fase3_carga_low_iter3 ===
[🧹] Limpiando CSVs internos de ecofloc en cada nodo (fase: fase3_carga_low_iter3)...
  ✔ [nitro5:cpu] limpiado /home/luish/Documents/p3/ecofloc2/ecofloc/ecofloc-cpu/ECOFLOC_CPU_COMM_text.csv
  ✔ [nitro5:nic] limpiado /home/luish/Documents/p3/ecofloc2/ecofloc/ecofloc-nic/ECOFLOC_NIC_COMM_text.csv
  ✔ [nitro5:ram] limpiado /home/luish/Documents/p3/ecofloc2/ecofloc/ecofloc-ram/ECOFLOC_RAM_COMM_text.csv
  ✔ [nitro5:sd] limpiado /home/luish/Documents/p3/ecofloc2/ecofloc/ecofloc-sd/ECOFLOC_SD_COMM_text.csv
  ✔ [leo:cpu] limpiado /home/leo/ecofloc/ecofloc-cpu/ECOFLOC_CPU_COMM_text.csv
  ✔ [leo:nic] limpiado /home/leo/ecofloc/ecofloc-nic/ECOFLOC_NIC_COMM_text.csv
  ✔ [leo:ram] limpiado /home/leo/ecofloc/ecofloc-ram/ECOFLOC_RAM_COMM_text.csv
  ✔ [leo:sd] limpiado /home/leo/ecofloc/ecofloc-sd/ECOFLOC_SD_COMM_text.csv
ssh: connect to host luish-aspire-a315-55g port 22: No route to host
✔️ [01:57:35] Medición fase3_carga_low_iter3 completada
[📦] Archivando resultados → ./historyexecutions/exp(01:57:40)_fase3_low_iter3
[✔] Archivado: ./historyexecutions/exp(01:57:40)_fase3_low_iter3
🧹 Limpiando TeaStore (iter 3)...
⏸ Esperando 15s para limpieza completa...
✅ Iteración 3 / 5 del escenario low completada.

########################################################
🔄 ESCENARIO: low | ITERACIÓN: 4 / 5
   Hora: 05:59:16
########################################################
========================================
🔋 FASE 1: Descarga de imágenes (low, iter 4)
========================================
📋 Capturando PIDs (gepidstea.sh)...
📋 Capturando PIDs de contenedores (kpsnodos.sh)...
🔋 [05:59:36] Iniciando medición de energía: fase1_descarga_low_iter4 (25s)
   PID de medición: 2166710
🚀 Desplegando TeaStore desde https://raw.githubusercontent.com/DescartesResearch/TeaStore/master/examples/kubernetes/teastore-ribbon.yaml...
========================================
🔋 MEASURE ENERGY - Fase: fase1_descarga_low_iter4
   Duración: 25s
   PID: 2166710
========================================
=== Medición bloque 25s - Fase: fase1_descarga_low_iter4 ===
[⏱ 05:59:36] Iniciando ecofloc en nitro5 por 25s (fase: fase1_descarga_low_iter4)
  ├─ [nitro5:sd] start 05:59:36
⏳ Esperando a que todos los pods de TeaStore estén Running y Ready...
  ├─ [nitro5:ram] start 05:59:37
  ├─ [nitro5:nic] start 05:59:37
[⏱ 05:59:37] Iniciando ecofloc en aspire por 25s (fase: fase1_descarga_low_iter4)
  ├─ [nitro5:cpu] start 05:59:37
  ├─ [aspire:sd] start 05:59:37
  ├─ [aspire:ram] start 05:59:37
  ├─ [aspire:nic] start 05:59:37
[⏱ 05:59:37] Iniciando ecofloc en scorpius por 25s (fase: fase1_descarga_low_iter4)
  ├─ [aspire:cpu] start 05:59:37
  ├─ [scorpius:sd] start 05:59:37
  ├─ [scorpius:ram] start 05:59:37
[⏱ 05:59:37] Iniciando ecofloc en leo por 25s (fase: fase1_descarga_low_iter4)
  ├─ [scorpius:nic] start 05:59:37
  ├─ [scorpius:cpu] start 05:59:37
  ├─ [leo:sd] start 05:59:37
  ├─ [leo:ram] start 05:59:37
  ├─ [leo:nic] start 05:59:37
  ├─ [leo:cpu] start 05:59:37
✅ Pods listos.
⏳ [05:59:44] Esperando que termine medición: fase1_descarga_low_iter4 (PID: 2166710)
  └─ [nitro5:sd] end 06:00:01
  └─ [nitro5:ram] end 06:00:02
  └─ [nitro5:nic] end 06:00:02
  └─ [nitro5:cpu] end 06:00:02
  └─ [aspire:cpu] end 06:00:04
  └─ [leo:cpu] end 06:00:04
  └─ [leo:sd] end 06:00:05
  └─ [aspire:sd] end 06:00:05
  └─ [scorpius:cpu] end 06:00:05
  └─ [scorpius:sd] end 06:00:05
  └─ [leo:nic] end 06:00:06
  └─ [leo:ram] end 06:00:06
  └─ [scorpius:nic] end 06:00:06
  └─ [aspire:nic] end 06:00:06
  └─ [aspire:ram] end 06:00:06
  └─ [scorpius:ram] end 06:00:07
=== Bloque 25s terminado - Fase: fase1_descarga_low_iter4 ===
[🧹] Limpiando CSVs internos de ecofloc en cada nodo (fase: fase1_descarga_low_iter4)...
  ✔ [nitro5:cpu] limpiado /home/luish/Documents/p3/ecofloc2/ecofloc/ecofloc-cpu/ECOFLOC_CPU_COMM_text.csv
  ✔ [nitro5:nic] limpiado /home/luish/Documents/p3/ecofloc2/ecofloc/ecofloc-nic/ECOFLOC_NIC_COMM_text.csv
  ✔ [nitro5:ram] limpiado /home/luish/Documents/p3/ecofloc2/ecofloc/ecofloc-ram/ECOFLOC_RAM_COMM_text.csv
  ✔ [nitro5:sd] limpiado /home/luish/Documents/p3/ecofloc2/ecofloc/ecofloc-sd/ECOFLOC_SD_COMM_text.csv
  ✔ [leo:cpu] limpiado /home/leo/ecofloc/ecofloc-cpu/ECOFLOC_CPU_COMM_text.csv
  ✔ [leo:nic] limpiado /home/leo/ecofloc/ecofloc-nic/ECOFLOC_NIC_COMM_text.csv
  ✔ [leo:ram] limpiado /home/leo/ecofloc/ecofloc-ram/ECOFLOC_RAM_COMM_text.csv
  ✔ [leo:sd] limpiado /home/leo/ecofloc/ecofloc-sd/ECOFLOC_SD_COMM_text.csv
  ✔ [aspire:cpu] limpiado /home/luish/Documents/p3/ecofloc2/ecofloc/ecofloc-cpu/ECOFLOC_CPU_COMM_text.csv
  ✔ [aspire:nic] limpiado /home/luish/Documents/p3/ecofloc2/ecofloc/ecofloc-nic/ECOFLOC_NIC_COMM_text.csv
  ✔ [aspire:ram] limpiado /home/luish/Documents/p3/ecofloc2/ecofloc/ecofloc-ram/ECOFLOC_RAM_COMM_text.csv
  ✔ [aspire:sd] limpiado /home/luish/Documents/p3/ecofloc2/ecofloc/ecofloc-sd/ECOFLOC_SD_COMM_text.csv
  ✔ [scorpius:cpu] limpiado /home/scorpius03/Documents/ecofloc/ecofloc-cpu/ECOFLOC_CPU_COMM_text.csv
  ✔ [scorpius:nic] limpiado /home/scorpius03/Documents/ecofloc/ecofloc-nic/ECOFLOC_NIC_COMM_text.csv
  ✔ [scorpius:ram] limpiado /home/scorpius03/Documents/ecofloc/ecofloc-ram/ECOFLOC_RAM_COMM_text.csv
  ✔ [scorpius:sd] limpiado /home/scorpius03/Documents/ecofloc/ecofloc-sd/ECOFLOC_SD_COMM_text.csv
========================================
🔋 MEASURE ENERGY FINALIZADO
   Fase: fase1_descarga_low_iter4
========================================
✔️ [06:00:10] Medición fase1_descarga_low_iter4 completada
[📦] Archivando resultados → ./historyexecutions/exp(06:00:15)_fase1_low_iter4
[✔] Archivado: ./historyexecutions/exp(06:00:15)_fase1_low_iter4
========================================
🔋 FASE 2: Preparación de servicios (low, iter 4)
========================================
📋 Capturando PIDs (gepidstea.sh)...
📋 Capturando PIDs de contenedores (kpsnodos.sh)...
🔋 [06:00:33] Iniciando medición de energía: fase2_preparacion_low_iter4 (50s)
   PID de medición: 2236498
========================================
🔋 MEASURE ENERGY - Fase: fase2_preparacion_low_iter4
   Duración: 50s
   PID: 2236498
========================================
=== Medición bloque 50s - Fase: fase2_preparacion_low_iter4 ===
[⏱ 06:00:33] Iniciando ecofloc en nitro5 por 50s (fase: fase2_preparacion_low_iter4)
⏳ Esperando 10s a que CoreDNS se estabilice...
  ├─ [nitro5:sd] start 06:00:33
  ├─ [nitro5:ram] start 06:00:34
  ├─ [nitro5:nic] start 06:00:34
[⏱ 06:00:35] Iniciando ecofloc en aspire por 50s (fase: fase2_preparacion_low_iter4)
  ├─ [nitro5:cpu] start 06:00:35
  ├─ [aspire:sd] start 06:00:35
  ├─ [aspire:ram] start 06:00:35
[⏱ 06:00:35] Iniciando ecofloc en scorpius por 50s (fase: fase2_preparacion_low_iter4)
  ├─ [aspire:nic] start 06:00:35
  ├─ [aspire:cpu] start 06:00:35
  ├─ [scorpius:sd] start 06:00:35
  ├─ [scorpius:ram] start 06:00:35
  ├─ [scorpius:nic] start 06:00:35
[⏱ 06:00:35] Iniciando ecofloc en leo por 50s (fase: fase2_preparacion_low_iter4)
  ├─ [scorpius:cpu] start 06:00:35
  ├─ [leo:sd] start 06:00:35
  ├─ [leo:ram] start 06:00:35
  ├─ [leo:nic] start 06:00:35
  ├─ [leo:cpu] start 06:00:35
➡️ Pod WebUI: teastore-webui-558b54cc77-zslmr
➡️ Está en el nodo: scorpius03
🌐 IP del nodo WebUI: 192.168.18.34
⏳ Verificando estado del TeaStore en http://192.168.18.34:30080/tools.descartes.teastore.webui/status ...
   ➤ Estado actual: 5 / 5 servicios OK
✔ TODOS los servicios del TeaStore están OK. Continuando...
⏳ [06:00:51] Esperando que termine medición: fase2_preparacion_low_iter4 (PID: 2236498)
/home/luish/Documents/death/teastore/TeaStore/examples/httploadgenerator/measure_energy.sh: line 104: 2236563 Segmentation fault      timeout $((real_duration+5)) sudo "$path/ecofloc-$comp/ecofloc-$comp.out" -n text -i $ECO_INTERVAL -t $real_duration -f "$path/ecofloc-$comp/" > "$tmpfile" 2> /dev/null
  └─ [nitro5:ram] end 06:01:24
  └─ [nitro5:nic] end 06:01:24
  └─ [nitro5:cpu] end 06:01:25
  └─ [aspire:nic] end 06:01:25
  └─ [leo:sd] end 06:01:26
  └─ [leo:cpu] end 06:01:26
  └─ [aspire:sd] end 06:01:26
  └─ [aspire:cpu] end 06:01:26
  └─ [scorpius:sd] end 06:01:26
  └─ [scorpius:cpu] end 06:01:26
  └─ [aspire:ram] end 06:01:27
  └─ [scorpius:nic] end 06:01:27
  └─ [leo:nic] end 06:01:27
  └─ [leo:ram] end 06:01:27
  └─ [scorpius:ram] end 06:01:27
=== Bloque 50s terminado - Fase: fase2_preparacion_low_iter4 ===
[🧹] Limpiando CSVs internos de ecofloc en cada nodo (fase: fase2_preparacion_low_iter4)...
  ✔ [nitro5:cpu] limpiado /home/luish/Documents/p3/ecofloc2/ecofloc/ecofloc-cpu/ECOFLOC_CPU_COMM_text.csv
  ✔ [nitro5:nic] limpiado /home/luish/Documents/p3/ecofloc2/ecofloc/ecofloc-nic/ECOFLOC_NIC_COMM_text.csv
  ✔ [nitro5:ram] limpiado /home/luish/Documents/p3/ecofloc2/ecofloc/ecofloc-ram/ECOFLOC_RAM_COMM_text.csv
  ✔ [nitro5:sd] limpiado /home/luish/Documents/p3/ecofloc2/ecofloc/ecofloc-sd/ECOFLOC_SD_COMM_text.csv
  ✔ [leo:cpu] limpiado /home/leo/ecofloc/ecofloc-cpu/ECOFLOC_CPU_COMM_text.csv
  ✔ [leo:nic] limpiado /home/leo/ecofloc/ecofloc-nic/ECOFLOC_NIC_COMM_text.csv
  ✔ [leo:ram] limpiado /home/leo/ecofloc/ecofloc-ram/ECOFLOC_RAM_COMM_text.csv
  ✔ [leo:sd] limpiado /home/leo/ecofloc/ecofloc-sd/ECOFLOC_SD_COMM_text.csv
  ✔ [aspire:cpu] limpiado /home/luish/Documents/p3/ecofloc2/ecofloc/ecofloc-cpu/ECOFLOC_CPU_COMM_text.csv
  ✔ [aspire:nic] limpiado /home/luish/Documents/p3/ecofloc2/ecofloc/ecofloc-nic/ECOFLOC_NIC_COMM_text.csv
  ✔ [aspire:ram] limpiado /home/luish/Documents/p3/ecofloc2/ecofloc/ecofloc-ram/ECOFLOC_RAM_COMM_text.csv
  ✔ [aspire:sd] limpiado /home/luish/Documents/p3/ecofloc2/ecofloc/ecofloc-sd/ECOFLOC_SD_COMM_text.csv
  ✔ [scorpius:cpu] limpiado /home/scorpius03/Documents/ecofloc/ecofloc-cpu/ECOFLOC_CPU_COMM_text.csv
  ✔ [scorpius:nic] limpiado /home/scorpius03/Documents/ecofloc/ecofloc-nic/ECOFLOC_NIC_COMM_text.csv
  ✔ [scorpius:ram] limpiado /home/scorpius03/Documents/ecofloc/ecofloc-ram/ECOFLOC_RAM_COMM_text.csv
  ✔ [scorpius:sd] limpiado /home/scorpius03/Documents/ecofloc/ecofloc-sd/ECOFLOC_SD_COMM_text.csv
========================================
🔋 MEASURE ENERGY FINALIZADO
   Fase: fase2_preparacion_low_iter4
========================================
✔️ [06:01:31] Medición fase2_preparacion_low_iter4 completada
[📦] Archivando resultados → ./historyexecutions/exp(06:01:36)_fase2_low_iter4
[✔] Archivado: ./historyexecutions/exp(06:01:36)_fase2_low_iter4
========================================
🔋 FASE 3: Ejecución de carga (low, iter 4)
========================================
📋 Capturando PIDs (gepidstea.sh)...
📋 Capturando PIDs de contenedores (kpsnodos.sh)...
🔋 [06:01:54] Iniciando medición de energía: fase3_carga_low_iter4 (145s)
   PID de medición: 2372411
=== Escenario low (iter 4) ===
========================================
🔋 MEASURE ENERGY - Fase: fase3_carga_low_iter4
   Duración: 145s
   PID: 2372411
========================================
=== Medición bloque 145s - Fase: fase3_carga_low_iter4 ===
🚀 Iniciando LIMBO con profile=/home/luish/Documents/death/teastore/TeaStore/examples/httploadgenerator/increasingLowIntensity.csv y script=/home/luish/Documents/death/teastore/TeaStore/examples/httploadgenerator/teastore_buy.lua
[⏱ 06:01:54] Iniciando ecofloc en nitro5 por 145s (fase: fase3_carga_low_iter4)
Feb 24, 2026 6:01:54 AM tools.descartes.dlim.httploadgenerator.runner.Director executeDirector
WARNING: No power measurements
Feb 24, 2026 6:01:54 AM tools.descartes.dlim.httploadgenerator.runner.Director executeDirector
INFO: Load Generator Thread Count set to 64
Feb 24, 2026 6:01:54 AM tools.descartes.dlim.httploadgenerator.runner.Director executeDirector
INFO: URL connection timout set to 30000 ms
Feb 24, 2026 6:01:54 AM tools.descartes.dlim.httploadgenerator.runner.Director executeDirector
INFO: Using Lua Script: /home/luish/Documents/death/teastore/TeaStore/examples/httploadgenerator/teastore_buy.lua
Feb 24, 2026 6:01:54 AM tools.descartes.dlim.httploadgenerator.runner.Director process
INFO: Read 120 Arrival Rate Tuples
Load Generator sent: ok
Feb 24, 2026 6:01:54 AM tools.descartes.dlim.httploadgenerator.runner.Director process
INFO: Arrival Rates sent to Load Generator(s).
Load Generator sent: ok
Feb 24, 2026 6:01:54 AM tools.descartes.dlim.httploadgenerator.runner.Director process
INFO: Thread Count sent to Load Generator(s): 64
Load Generator sent: ok
Feb 24, 2026 6:01:54 AM tools.descartes.dlim.httploadgenerator.runner.Director process
INFO: URL connection timeout sent to Load Generator(s): 30000
Load Generator sent: ok
Feb 24, 2026 6:01:54 AM tools.descartes.dlim.httploadgenerator.runner.Director process
INFO: Contents of script sent to Load Generator: /home/luish/Documents/death/teastore/TeaStore/examples/httploadgenerator/teastore_buy.lua
Feb 24, 2026 6:01:54 AM tools.descartes.dlim.httploadgenerator.runner.Director process
INFO: Starting Load Generation
Beginning Run @1771930914386(24.02.2026;06:01:54386)
Target Time = 0.5; Load Intensity = 0.0; #Success = 0; #Failed = 0; #Dropped = 0
  ├─ [nitro5:sd] start 06:01:54
  ├─ [nitro5:ram] start 06:01:55
  ├─ [nitro5:nic] start 06:01:55
[⏱ 06:01:55] Iniciando ecofloc en aspire por 145s (fase: fase3_carga_low_iter4)
  ├─ [nitro5:cpu] start 06:01:55
  ├─ [aspire:sd] start 06:01:55
  ├─ [aspire:ram] start 06:01:55
[⏱ 06:01:55] Iniciando ecofloc en scorpius por 145s (fase: fase3_carga_low_iter4)
  ├─ [aspire:nic] start 06:01:55
  ├─ [aspire:cpu] start 06:01:55
  ├─ [scorpius:sd] start 06:01:55
  ├─ [scorpius:ram] start 06:01:55
  ├─ [scorpius:nic] start 06:01:55
[⏱ 06:01:55] Iniciando ecofloc en leo por 145s (fase: fase3_carga_low_iter4)
  ├─ [scorpius:cpu] start 06:01:55
  ├─ [leo:sd] start 06:01:55
  ├─ [leo:ram] start 06:01:55
  ├─ [leo:nic] start 06:01:55
  ├─ [leo:cpu] start 06:01:55
Target Time = 1.5; Load Intensity = 1.0; #Success = 0; #Failed = 0; #Dropped = 0
Target Time = 2.5; Load Intensity = 2.0; #Success = 0; #Failed = 0; #Dropped = 0
Target Time = 3.5; Load Intensity = 2.0; #Success = 0; #Failed = 0; #Dropped = 0
Target Time = 4.5; Load Intensity = 3.0; #Success = 8; #Failed = 0; #Dropped = 0
Target Time = 5.5; Load Intensity = 4.0; #Success = 4; #Failed = 0; #Dropped = 0
Target Time = 6.5; Load Intensity = 5.0; #Success = 4; #Failed = 0; #Dropped = 0
Target Time = 7.5; Load Intensity = 6.0; #Success = 7; #Failed = 0; #Dropped = 0
Target Time = 8.5; Load Intensity = 7.0; #Success = 5; #Failed = 0; #Dropped = 0
Target Time = 9.5; Load Intensity = 7.0; #Success = 7; #Failed = 0; #Dropped = 0
Target Time = 10.5; Load Intensity = 8.0; #Success = 8; #Failed = 0; #Dropped = 0
Target Time = 11.5; Load Intensity = 9.0; #Success = 9; #Failed = 0; #Dropped = 0
Target Time = 12.5; Load Intensity = 10.0; #Success = 11; #Failed = 0; #Dropped = 0
Target Time = 13.5; Load Intensity = 11.0; #Success = 1; #Failed = 0; #Dropped = 0
Target Time = 14.5; Load Intensity = 12.0; #Success = 0; #Failed = 0; #Dropped = 0
Target Time = 15.5; Load Intensity = 12.0; #Success = 12; #Failed = 0; #Dropped = 0
Target Time = 16.5; Load Intensity = 13.0; #Success = 18; #Failed = 0; #Dropped = 0
Target Time = 17.5; Load Intensity = 14.0; #Success = 22; #Failed = 0; #Dropped = 0
Target Time = 18.5; Load Intensity = 15.0; #Success = 14; #Failed = 0; #Dropped = 0
Target Time = 19.5; Load Intensity = 16.0; #Success = 0; #Failed = 0; #Dropped = 0
Target Time = 20.5; Load Intensity = 17.0; #Success = 15; #Failed = 0; #Dropped = 0
Target Time = 21.5; Load Intensity = 17.0; #Success = 16; #Failed = 0; #Dropped = 0
Target Time = 22.5; Load Intensity = 18.0; #Success = 7; #Failed = 0; #Dropped = 0
Target Time = 23.5; Load Intensity = 19.0; #Success = 2; #Failed = 0; #Dropped = 0
Target Time = 24.5; Load Intensity = 20.0; #Success = 4; #Failed = 0; #Dropped = 0
Target Time = 25.5; Load Intensity = 21.0; #Success = 5; #Failed = 0; #Dropped = 0
Target Time = 26.5; Load Intensity = 22.0; #Success = 5; #Failed = 0; #Dropped = 0
Target Time = 27.5; Load Intensity = 22.0; #Success = 8; #Failed = 0; #Dropped = 0
Target Time = 28.5; Load Intensity = 23.0; #Success = 0; #Failed = 4; #Dropped = 0
Target Time = 29.5; Load Intensity = 24.0; #Success = 0; #Failed = 0; #Dropped = 0
Target Time = 30.5; Load Intensity = 25.0; #Success = 0; #Failed = 0; #Dropped = 0
Target Time = 31.5; Load Intensity = 26.0; #Success = 0; #Failed = 0; #Dropped = 0
Target Time = 32.5; Load Intensity = 27.0; #Success = 0; #Failed = 0; #Dropped = 0
Target Time = 33.5; Load Intensity = 27.0; #Success = 0; #Failed = 0; #Dropped = 0
Target Time = 34.5; Load Intensity = 28.0; #Success = 0; #Failed = 0; #Dropped = 0
Target Time = 35.5; Load Intensity = 29.0; #Success = 0; #Failed = 0; #Dropped = 0
Target Time = 36.5; Load Intensity = 30.0; #Success = 0; #Failed = 0; #Dropped = 0
Target Time = 37.5; Load Intensity = 31.0; #Success = 0; #Failed = 0; #Dropped = 0
Target Time = 38.5; Load Intensity = 32.0; #Success = 0; #Failed = 0; #Dropped = 0
Target Time = 39.5; Load Intensity = 32.0; #Success = 0; #Failed = 0; #Dropped = 0
Target Time = 40.5; Load Intensity = 33.0; #Success = 0; #Failed = 0; #Dropped = 0
Target Time = 41.5; Load Intensity = 34.0; #Success = 0; #Failed = 0; #Dropped = 0
Target Time = 42.5; Load Intensity = 35.0; #Success = 0; #Failed = 0; #Dropped = 0
Target Time = 43.5; Load Intensity = 36.0; #Success = 0; #Failed = 0; #Dropped = 0
Target Time = 44.5; Load Intensity = 37.0; #Success = 0; #Failed = 0; #Dropped = 0
Target Time = 45.5; Load Intensity = 37.0; #Success = 0; #Failed = 0; #Dropped = 0
Target Time = 46.5; Load Intensity = 38.0; #Success = 0; #Failed = 0; #Dropped = 0
Target Time = 47.5; Load Intensity = 39.0; #Success = 0; #Failed = 0; #Dropped = 0
Target Time = 48.5; Load Intensity = 40.0; #Success = 0; #Failed = 0; #Dropped = 0
Target Time = 49.5; Load Intensity = 41.0; #Success = 0; #Failed = 0; #Dropped = 0
Target Time = 50.5; Load Intensity = 42.0; #Success = 4; #Failed = 27; #Dropped = 0
Target Time = 51.5; Load Intensity = 42.0; #Success = 0; #Failed = 1; #Dropped = 0
Target Time = 52.5; Load Intensity = 43.0; #Success = 6; #Failed = 0; #Dropped = 0
Target Time = 53.5; Load Intensity = 44.0; #Success = 12; #Failed = 0; #Dropped = 0
Target Time = 54.5; Load Intensity = 45.0; #Success = 6; #Failed = 0; #Dropped = 0
Target Time = 55.5; Load Intensity = 46.0; #Success = 3; #Failed = 0; #Dropped = 0
Target Time = 56.5; Load Intensity = 47.0; #Success = 4; #Failed = 0; #Dropped = 0
Target Time = 57.5; Load Intensity = 47.0; #Success = 1; #Failed = 0; #Dropped = 0
Target Time = 58.5; Load Intensity = 48.0; #Success = 0; #Failed = 0; #Dropped = 0
Target Time = 59.5; Load Intensity = 49.0; #Success = 0; #Failed = 0; #Dropped = 0
Target Time = 60.5; Load Intensity = 50.0; #Success = 0; #Failed = 0; #Dropped = 0
Target Time = 61.5; Load Intensity = 51.0; #Success = 1; #Failed = 0; #Dropped = 67
Target Time = 62.5; Load Intensity = 52.0; #Success = 0; #Failed = 0; #Dropped = 0
Target Time = 63.5; Load Intensity = 52.0; #Success = 0; #Failed = 0; #Dropped = 0
Target Time = 64.5; Load Intensity = 53.0; #Success = 1; #Failed = 4; #Dropped = 97
Target Time = 65.5; Load Intensity = 54.0; #Success = 0; #Failed = 0; #Dropped = 0
Target Time = 66.5; Load Intensity = 55.0; #Success = 0; #Failed = 0; #Dropped = 0
Target Time = 67.5; Load Intensity = 56.0; #Success = 0; #Failed = 0; #Dropped = 0
Target Time = 68.5; Load Intensity = 57.0; #Success = 0; #Failed = 2; #Dropped = 96
Target Time = 69.5; Load Intensity = 57.0; #Success = 0; #Failed = 2; #Dropped = 39
Target Time = 70.5; Load Intensity = 58.0; #Success = 0; #Failed = 1; #Dropped = 19
Target Time = 71.5; Load Intensity = 59.0; #Success = 1; #Failed = 2; #Dropped = 57
Target Time = 72.5; Load Intensity = 60.0; #Success = 0; #Failed = 3; #Dropped = 23
Target Time = 73.5; Load Intensity = 61.0; #Success = 0; #Failed = 0; #Dropped = 0
Target Time = 74.5; Load Intensity = 62.0; #Success = 0; #Failed = 0; #Dropped = 0
Target Time = 75.5; Load Intensity = 62.0; #Success = 0; #Failed = 0; #Dropped = 0
Target Time = 76.5; Load Intensity = 63.0; #Success = 0; #Failed = 0; #Dropped = 0
Target Time = 77.5; Load Intensity = 64.0; #Success = 0; #Failed = 0; #Dropped = 0
Target Time = 78.5; Load Intensity = 65.0; #Success = 0; #Failed = 3; #Dropped = 229
Target Time = 79.5; Load Intensity = 66.0; #Success = 0; #Failed = 3; #Dropped = 7
Target Time = 80.5; Load Intensity = 67.0; #Success = 15; #Failed = 6; #Dropped = 55
Target Time = 81.5; Load Intensity = 67.0; #Success = 1; #Failed = 0; #Dropped = 3
Target Time = 82.5; Load Intensity = 68.0; #Success = 5; #Failed = 5; #Dropped = 70
Target Time = 83.5; Load Intensity = 69.0; #Success = 5; #Failed = 0; #Dropped = 40
Target Time = 84.5; Load Intensity = 70.0; #Success = 1; #Failed = 0; #Dropped = 17
Target Time = 85.5; Load Intensity = 71.0; #Success = 1; #Failed = 0; #Dropped = 34
Target Time = 86.5; Load Intensity = 72.0; #Success = 2; #Failed = 1; #Dropped = 84
Target Time = 87.5; Load Intensity = 72.0; #Success = 0; #Failed = 1; #Dropped = 38
Target Time = 88.5; Load Intensity = 73.0; #Success = 0; #Failed = 12; #Dropped = 40
Target Time = 89.5; Load Intensity = 74.0; #Success = 0; #Failed = 6; #Dropped = 30
Target Time = 90.5; Load Intensity = 75.0; #Success = 0; #Failed = 4; #Dropped = 58
Target Time = 91.5; Load Intensity = 76.0; #Success = 1; #Failed = 8; #Dropped = 52
Target Time = 92.5; Load Intensity = 77.0; #Success = 0; #Failed = 1; #Dropped = 23
Target Time = 93.5; Load Intensity = 77.0; #Success = 0; #Failed = 0; #Dropped = 0
Target Time = 94.5; Load Intensity = 78.0; #Success = 2; #Failed = 1; #Dropped = 121
Target Time = 95.5; Load Intensity = 79.0; #Success = 1; #Failed = 10; #Dropped = 34
Target Time = 96.5; Load Intensity = 80.0; #Success = 0; #Failed = 5; #Dropped = 62
Target Time = 97.5; Load Intensity = 81.0; #Success = 0; #Failed = 6; #Dropped = 49
Target Time = 98.5; Load Intensity = 82.0; #Success = 0; #Failed = 12; #Dropped = 31
Target Time = 99.5; Load Intensity = 82.0; #Success = 0; #Failed = 5; #Dropped = 54
Target Time = 100.5; Load Intensity = 83.0; #Success = 0; #Failed = 5; #Dropped = 56
Target Time = 101.5; Load Intensity = 84.0; #Success = 0; #Failed = 5; #Dropped = 67
Target Time = 102.5; Load Intensity = 85.0; #Success = 0; #Failed = 0; #Dropped = 0
Target Time = 103.5; Load Intensity = 86.0; #Success = 0; #Failed = 0; #Dropped = 0
Target Time = 104.5; Load Intensity = 87.0; #Success = 0; #Failed = 0; #Dropped = 0
Target Time = 105.5; Load Intensity = 87.0; #Success = 0; #Failed = 0; #Dropped = 0
Target Time = 106.5; Load Intensity = 88.0; #Success = 0; #Failed = 1; #Dropped = 293
Target Time = 107.5; Load Intensity = 89.0; #Success = 0; #Failed = 1; #Dropped = 58
Target Time = 108.5; Load Intensity = 90.0; #Success = 0; #Failed = 0; #Dropped = 0
Target Time = 109.5; Load Intensity = 91.0; #Success = 0; #Failed = 0; #Dropped = 0
Target Time = 110.5; Load Intensity = 92.0; #Success = 0; #Failed = 0; #Dropped = 0
Target Time = 111.5; Load Intensity = 92.0; #Success = 0; #Failed = 0; #Dropped = 0
Target Time = 112.5; Load Intensity = 93.0; #Success = 1; #Failed = 0; #Dropped = 308
Target Time = 113.5; Load Intensity = 94.0; #Success = 0; #Failed = 0; #Dropped = 0
Target Time = 114.5; Load Intensity = 95.0; #Success = 0; #Failed = 0; #Dropped = 0
Target Time = 115.5; Load Intensity = 96.0; #Success = 0; #Failed = 0; #Dropped = 0
Target Time = 116.5; Load Intensity = 97.0; #Success = 0; #Failed = 0; #Dropped = 0
Target Time = 117.5; Load Intensity = 97.0; #Success = 1; #Failed = 0; #Dropped = 352
Target Time = 118.5; Load Intensity = 98.0; #Success = 0; #Failed = 0; #Dropped = 0
Target Time = 119.5; Load Intensity = 99.0; #Success = 1; #Failed = 0; #Dropped = 175
Target Time = 120.5; Load Intensity = 0.0; #Success = 3; #Failed = 0; #Dropped = 54
Target Time = 121.5; Load Intensity = 0.0; #Success = 7; #Failed = 0; #Dropped = 93
Target Time = 122.5; Load Intensity = 0.0; #Success = 1; #Failed = 0; #Dropped = 45
Target Time = 123.5; Load Intensity = 0.0; #Success = 0; #Failed = 0; #Dropped = 0
Target Time = 124.5; Load Intensity = 0.0; #Success = 2; #Failed = 0; #Dropped = 171
Target Time = 125.5; Load Intensity = 0.0; #Success = 10; #Failed = 0; #Dropped = 68
Target Time = 126.5; Load Intensity = 0.0; #Success = 5; #Failed = 4; #Dropped = 90
Target Time = 127.5; Load Intensity = 0.0; #Success = 6; #Failed = 1; #Dropped = 83
Target Time = 128.5; Load Intensity = 0.0; #Success = 9; #Failed = 0; #Dropped = 57
Target Time = 129.5; Load Intensity = 0.0; #Success = 4; #Failed = 0; #Dropped = 71
Target Time = 130.5; Load Intensity = 0.0; #Success = 2; #Failed = 1; #Dropped = 51
Target Time = 131.5; Load Intensity = 0.0; #Success = 4; #Failed = 0; #Dropped = 127
Target Time = 132.5; Load Intensity = 0.0; #Success = 0; #Failed = 1; #Dropped = 73
Target Time = 133.5; Load Intensity = 0.0; #Success = 0; #Failed = 6; #Dropped = 83
Target Time = 134.5; Load Intensity = 0.0; #Success = 0; #Failed = 6; #Dropped = 83
Target Time = 135.5; Load Intensity = 0.0; #Success = 0; #Failed = 4; #Dropped = 68
Target Time = 136.5; Load Intensity = 0.0; #Success = 1; #Failed = 2; #Dropped = 87
Target Time = 137.5; Load Intensity = 0.0; #Success = 1; #Failed = 4; #Dropped = 91
Target Time = 138.5; Load Intensity = 0.0; #Success = 0; #Failed = 2; #Dropped = 29
Target Time = 139.5; Load Intensity = 0.0; #Success = 0; #Failed = 12; #Dropped = 146
Target Time = 140.5; Load Intensity = 0.0; #Success = 0; #Failed = 8; #Dropped = 87
Target Time = 141.5; Load Intensity = 0.0; #Success = 0; #Failed = 5; #Dropped = 83
Target Time = 142.5; Load Intensity = 0.0; #Success = 0; #Failed = 6; #Dropped = 95
Target Time = 143.5; Load Intensity = 0.0; #Success = 0; #Failed = 3; #Dropped = 0
Target Time = 144.5; Load Intensity = 0.0; #Success = 0; #Failed = 0; #Dropped = 0
  └─ [nitro5:sd] end 06:04:19
Target Time = 145.5; Load Intensity = 0.0; #Success = 0; #Failed = 0; #Dropped = 0
  └─ [nitro5:ram] end 06:04:20
  └─ [nitro5:nic] end 06:04:20
  └─ [nitro5:cpu] end 06:04:20
Target Time = 146.5; Load Intensity = 0.0; #Success = 0; #Failed = 0; #Dropped = 0
Target Time = 147.5; Load Intensity = 0.0; #Success = 0; #Failed = 0; #Dropped = 0
Target Time = 148.5; Load Intensity = 0.0; #Success = 0; #Failed = 0; #Dropped = 0
Target Time = 149.5; Load Intensity = 0.0; #Success = 0; #Failed = 0; #Dropped = 0
Target Time = 150.5; Load Intensity = 0.0; #Success = 0; #Failed = 0; #Dropped = 0
  └─ [scorpius:sd] end 06:04:25
Target Time = 151.5; Load Intensity = 0.0; #Success = 0; #Failed = 0; #Dropped = 0
Target Time = 152.5; Load Intensity = 0.0; #Success = 0; #Failed = 3; #Dropped = 668
Target Time = 153.5; Load Intensity = 0.0; #Success = 0; #Failed = 2; #Dropped = 0
Target Time = 154.5; Load Intensity = 0.0; #Success = 0; #Failed = 1; #Dropped = 0
Target Time = 155.5; Load Intensity = 0.0; #Success = 0; #Failed = 3; #Dropped = 0
Target Time = 156.5; Load Intensity = 0.0; #Success = 0; #Failed = 0; #Dropped = 0
  └─ [scorpius:cpu] end 06:04:31
Target Time = 157.5; Load Intensity = 0.0; #Success = 0; #Failed = 1; #Dropped = 0
  └─ [leo:sd] end 06:04:32
Target Time = 158.5; Load Intensity = 0.0; #Success = 0; #Failed = 2; #Dropped = 0
Target Time = 159.5; Load Intensity = 0.0; #Success = 0; #Failed = 0; #Dropped = 0
Target Time = 160.5; Load Intensity = 0.0; #Success = 0; #Failed = 3; #Dropped = 0
  └─ [leo:cpu] end 06:04:35
Target Time = 161.5; Load Intensity = 0.0; #Success = 1; #Failed = 32; #Dropped = 0
  └─ [scorpius:nic] end 06:04:35
  └─ [leo:nic] end 06:04:36
Target Time = 162.5; Load Intensity = 0.0; #Success = 0; #Failed = 0; #Dropped = 0
Target Time = 163.5; Load Intensity = 0.0; #Success = 4; #Failed = 0; #Dropped = 0
Target Time = 164.5; Load Intensity = 0.0; #Success = 2; #Failed = 1; #Dropped = 0
Target Time = 165.5; Load Intensity = 0.0; #Success = 0; #Failed = 0; #Dropped = 0
  └─ [leo:ram] end 06:04:40
Target Time = 166.5; Load Intensity = 0.0; #Success = 0; #Failed = 1; #Dropped = 0
Target Time = 167.5; Load Intensity = 0.0; #Success = 1; #Failed = 1; #Dropped = 0
  └─ [scorpius:ram] end 06:04:42
Target Time = 168.5; Load Intensity = 0.0; #Success = 1; #Failed = 2; #Dropped = 0
Target Time = 169.5; Load Intensity = 0.0; #Success = 1; #Failed = 2; #Dropped = 0
  └─ [aspire:nic] end 06:04:44
  └─ [aspire:cpu] end 06:04:44
  └─ [aspire:ram] end 06:04:44
  └─ [aspire:sd] end 06:04:44
=== Bloque 145s terminado - Fase: fase3_carga_low_iter4 ===
[🧹] Limpiando CSVs internos de ecofloc en cada nodo (fase: fase3_carga_low_iter4)...
  ✔ [nitro5:cpu] limpiado /home/luish/Documents/p3/ecofloc2/ecofloc/ecofloc-cpu/ECOFLOC_CPU_COMM_text.csv
  ✔ [nitro5:nic] limpiado /home/luish/Documents/p3/ecofloc2/ecofloc/ecofloc-nic/ECOFLOC_NIC_COMM_text.csv
  ✔ [nitro5:ram] limpiado /home/luish/Documents/p3/ecofloc2/ecofloc/ecofloc-ram/ECOFLOC_RAM_COMM_text.csv
  ✔ [nitro5:sd] limpiado /home/luish/Documents/p3/ecofloc2/ecofloc/ecofloc-sd/ECOFLOC_SD_COMM_text.csv
  ✔ [leo:cpu] limpiado /home/leo/ecofloc/ecofloc-cpu/ECOFLOC_CPU_COMM_text.csv
  ✔ [leo:nic] limpiado /home/leo/ecofloc/ecofloc-nic/ECOFLOC_NIC_COMM_text.csv
  ✔ [leo:ram] limpiado /home/leo/ecofloc/ecofloc-ram/ECOFLOC_RAM_COMM_text.csv
  ✔ [leo:sd] limpiado /home/leo/ecofloc/ecofloc-sd/ECOFLOC_SD_COMM_text.csv
  ✔ [aspire:cpu] limpiado /home/luish/Documents/p3/ecofloc2/ecofloc/ecofloc-cpu/ECOFLOC_CPU_COMM_text.csv
  ✔ [aspire:nic] limpiado /home/luish/Documents/p3/ecofloc2/ecofloc/ecofloc-nic/ECOFLOC_NIC_COMM_text.csv
  ✔ [aspire:ram] limpiado /home/luish/Documents/p3/ecofloc2/ecofloc/ecofloc-ram/ECOFLOC_RAM_COMM_text.csv
  ✔ [aspire:sd] limpiado /home/luish/Documents/p3/ecofloc2/ecofloc/ecofloc-sd/ECOFLOC_SD_COMM_text.csv
  ✔ [scorpius:cpu] limpiado /home/scorpius03/Documents/ecofloc/ecofloc-cpu/ECOFLOC_CPU_COMM_text.csv
  ✔ [scorpius:nic] limpiado /home/scorpius03/Documents/ecofloc/ecofloc-nic/ECOFLOC_NIC_COMM_text.csv
  ✔ [scorpius:ram] limpiado /home/scorpius03/Documents/ecofloc/ecofloc-ram/ECOFLOC_RAM_COMM_text.csv
  ✔ [scorpius:sd] limpiado /home/scorpius03/Documents/ecofloc/ecofloc-sd/ECOFLOC_SD_COMM_text.csv
========================================
🔋 MEASURE ENERGY FINALIZADO
   Fase: fase3_carga_low_iter4
========================================
Workload finished.
Log finished.
📄 LIMBO finalizado para scenario=low
⏳ [06:04:48] Esperando que termine medición: fase3_carga_low_iter4 (PID: 2372411)
✔️ [06:04:48] Medición fase3_carga_low_iter4 completada
[📦] Archivando resultados → ./historyexecutions/exp(06:04:53)_fase3_low_iter4
[✔] Archivado: ./historyexecutions/exp(06:04:53)_fase3_low_iter4
🧹 Limpiando TeaStore (iter 4)...
⏸ Esperando 15s para limpieza completa...
✅ Iteración 4 / 5 del escenario low completada.

########################################################
🔄 ESCENARIO: low | ITERACIÓN: 5 / 5
   Hora: 06:05:41
########################################################
========================================
🔋 FASE 1: Descarga de imágenes (low, iter 5)
========================================
📋 Capturando PIDs (gepidstea.sh)...
📋 Capturando PIDs de contenedores (kpsnodos.sh)...
🔋 [06:06:01] Iniciando medición de energía: fase1_descarga_low_iter5 (25s)
   PID de medición: 2756707
🚀 Desplegando TeaStore desde https://raw.githubusercontent.com/DescartesResearch/TeaStore/master/examples/kubernetes/teastore-ribbon.yaml...
========================================
🔋 MEASURE ENERGY - Fase: fase1_descarga_low_iter5
   Duración: 25s
   PID: 2756707
========================================
=== Medición bloque 25s - Fase: fase1_descarga_low_iter5 ===
[⏱ 06:06:01] Iniciando ecofloc en nitro5 por 25s (fase: fase1_descarga_low_iter5)
  ├─ [nitro5:sd] start 06:06:02
⏳ Esperando a que todos los pods de TeaStore estén Running y Ready...
  ├─ [nitro5:ram] start 06:06:02
  ├─ [nitro5:nic] start 06:06:03
[⏱ 06:06:03] Iniciando ecofloc en aspire por 25s (fase: fase1_descarga_low_iter5)
  ├─ [nitro5:cpu] start 06:06:03
  ├─ [aspire:sd] start 06:06:03
  ├─ [aspire:ram] start 06:06:03
[⏱ 06:06:03] Iniciando ecofloc en scorpius por 25s (fase: fase1_descarga_low_iter5)
  ├─ [aspire:nic] start 06:06:03
  ├─ [aspire:cpu] start 06:06:03
  ├─ [scorpius:sd] start 06:06:03
  ├─ [scorpius:ram] start 06:06:03
  ├─ [scorpius:nic] start 06:06:03
[⏱ 06:06:03] Iniciando ecofloc en leo por 25s (fase: fase1_descarga_low_iter5)
  ├─ [scorpius:cpu] start 06:06:03
  ├─ [leo:sd] start 06:06:03
  ├─ [leo:ram] start 06:06:03
  ├─ [leo:cpu] start 06:06:03
  ├─ [leo:nic] start 06:06:03
✅ Pods listos.
⏳ [06:06:11] Esperando que termine medición: fase1_descarga_low_iter5 (PID: 2756707)
  └─ [nitro5:sd] end 06:06:27
  └─ [nitro5:ram] end 06:06:27
  └─ [nitro5:nic] end 06:06:28
  └─ [nitro5:cpu] end 06:06:28
  └─ [leo:sd] end 06:06:28
  └─ [aspire:sd] end 06:06:29
  └─ [scorpius:sd] end 06:06:29
  └─ [scorpius:cpu] end 06:06:29
  └─ [aspire:cpu] end 06:06:29
  └─ [leo:cpu] end 06:06:29
  └─ [aspire:ram] end 06:06:29
  └─ [scorpius:ram] end 06:06:29
  └─ [scorpius:nic] end 06:06:29
  └─ [leo:nic] end 06:06:29
  └─ [aspire:nic] end 06:06:30
  └─ [leo:ram] end 06:06:30
=== Bloque 25s terminado - Fase: fase1_descarga_low_iter5 ===
[🧹] Limpiando CSVs internos de ecofloc en cada nodo (fase: fase1_descarga_low_iter5)...
  ✔ [nitro5:cpu] limpiado /home/luish/Documents/p3/ecofloc2/ecofloc/ecofloc-cpu/ECOFLOC_CPU_COMM_text.csv
  ✔ [nitro5:nic] limpiado /home/luish/Documents/p3/ecofloc2/ecofloc/ecofloc-nic/ECOFLOC_NIC_COMM_text.csv
  ✔ [nitro5:ram] limpiado /home/luish/Documents/p3/ecofloc2/ecofloc/ecofloc-ram/ECOFLOC_RAM_COMM_text.csv
  ✔ [nitro5:sd] limpiado /home/luish/Documents/p3/ecofloc2/ecofloc/ecofloc-sd/ECOFLOC_SD_COMM_text.csv
  ✔ [leo:cpu] limpiado /home/leo/ecofloc/ecofloc-cpu/ECOFLOC_CPU_COMM_text.csv
  ✔ [leo:nic] limpiado /home/leo/ecofloc/ecofloc-nic/ECOFLOC_NIC_COMM_text.csv
  ✔ [leo:ram] limpiado /home/leo/ecofloc/ecofloc-ram/ECOFLOC_RAM_COMM_text.csv
  ✔ [leo:sd] limpiado /home/leo/ecofloc/ecofloc-sd/ECOFLOC_SD_COMM_text.csv
  ✔ [aspire:cpu] limpiado /home/luish/Documents/p3/ecofloc2/ecofloc/ecofloc-cpu/ECOFLOC_CPU_COMM_text.csv
  ✔ [aspire:nic] limpiado /home/luish/Documents/p3/ecofloc2/ecofloc/ecofloc-nic/ECOFLOC_NIC_COMM_text.csv
  ✔ [aspire:ram] limpiado /home/luish/Documents/p3/ecofloc2/ecofloc/ecofloc-ram/ECOFLOC_RAM_COMM_text.csv
  ✔ [aspire:sd] limpiado /home/luish/Documents/p3/ecofloc2/ecofloc/ecofloc-sd/ECOFLOC_SD_COMM_text.csv
  ✔ [scorpius:cpu] limpiado /home/scorpius03/Documents/ecofloc/ecofloc-cpu/ECOFLOC_CPU_COMM_text.csv
  ✔ [scorpius:nic] limpiado /home/scorpius03/Documents/ecofloc/ecofloc-nic/ECOFLOC_NIC_COMM_text.csv
  ✔ [scorpius:ram] limpiado /home/scorpius03/Documents/ecofloc/ecofloc-ram/ECOFLOC_RAM_COMM_text.csv
  ✔ [scorpius:sd] limpiado /home/scorpius03/Documents/ecofloc/ecofloc-sd/ECOFLOC_SD_COMM_text.csv
========================================
🔋 MEASURE ENERGY FINALIZADO
   Fase: fase1_descarga_low_iter5
========================================
✔️ [06:06:33] Medición fase1_descarga_low_iter5 completada
[📦] Archivando resultados → ./historyexecutions/exp(06:06:38)_fase1_low_iter5
[✔] Archivado: ./historyexecutions/exp(06:06:38)_fase1_low_iter5
========================================
🔋 FASE 2: Preparación de servicios (low, iter 5)
========================================
📋 Capturando PIDs (gepidstea.sh)...
📋 Capturando PIDs de contenedores (kpsnodos.sh)...
🔋 [06:06:56] Iniciando medición de energía: fase2_preparacion_low_iter5 (50s)
   PID de medición: 2822708
========================================
🔋 MEASURE ENERGY - Fase: fase2_preparacion_low_iter5
   Duración: 50s
   PID: 2822708
========================================
=== Medición bloque 50s - Fase: fase2_preparacion_low_iter5 ===
[⏱ 06:06:56] Iniciando ecofloc en nitro5 por 50s (fase: fase2_preparacion_low_iter5)
⏳ Esperando 10s a que CoreDNS se estabilice...
  ├─ [nitro5:sd] start 06:06:56
  ├─ [nitro5:ram] start 06:06:57
  ├─ [nitro5:nic] start 06:06:57
[⏱ 06:06:57] Iniciando ecofloc en aspire por 50s (fase: fase2_preparacion_low_iter5)
  ├─ [nitro5:cpu] start 06:06:57
  ├─ [aspire:sd] start 06:06:57
  ├─ [aspire:ram] start 06:06:57
[⏱ 06:06:57] Iniciando ecofloc en scorpius por 50s (fase: fase2_preparacion_low_iter5)
  ├─ [aspire:nic] start 06:06:57
  ├─ [aspire:cpu] start 06:06:57
  ├─ [scorpius:sd] start 06:06:57
  ├─ [scorpius:ram] start 06:06:57
[⏱ 06:06:57] Iniciando ecofloc en leo por 50s (fase: fase2_preparacion_low_iter5)
  ├─ [scorpius:nic] start 06:06:57
  ├─ [scorpius:cpu] start 06:06:57
  ├─ [leo:sd] start 06:06:57
  ├─ [leo:ram] start 06:06:57
  ├─ [leo:nic] start 06:06:57
  ├─ [leo:cpu] start 06:06:57
➡️ Pod WebUI: teastore-webui-558b54cc77-q57p5
➡️ Está en el nodo: leo02
🌐 IP del nodo WebUI: 192.168.18.36
⏳ Verificando estado del TeaStore en http://192.168.18.36:30080/tools.descartes.teastore.webui/status ...
   ➤ Estado actual: 2 / 5 servicios OK
❌ TeaStore aún no está listo. Reintentando en 10s...
   ➤ Estado actual: 2 / 5 servicios OK
❌ TeaStore aún no está listo. Reintentando en 10s...
   ➤ Estado actual: 2 / 5 servicios OK
❌ TeaStore aún no está listo. Reintentando en 10s...
   ➤ Estado actual: 2 / 5 servicios OK
❌ TeaStore aún no está listo. Reintentando en 10s...
  └─ [nitro5:sd] end 06:07:46
  └─ [nitro5:ram] end 06:07:47
  └─ [nitro5:nic] end 06:07:47
  └─ [nitro5:cpu] end 06:07:47
  └─ [scorpius:cpu] end 06:07:48
  └─ [aspire:cpu] end 06:07:48
  └─ [scorpius:sd] end 06:07:48
  └─ [aspire:sd] end 06:07:48
  └─ [aspire:nic] end 06:07:49
  └─ [leo:cpu] end 06:07:49
  └─ [leo:sd] end 06:07:49
  └─ [scorpius:nic] end 06:07:49
  └─ [leo:ram] end 06:07:49
  └─ [scorpius:ram] end 06:07:49
  └─ [aspire:ram] end 06:07:49
  └─ [leo:nic] end 06:07:50
=== Bloque 50s terminado - Fase: fase2_preparacion_low_iter5 ===
[🧹] Limpiando CSVs internos de ecofloc en cada nodo (fase: fase2_preparacion_low_iter5)...
  ✔ [nitro5:cpu] limpiado /home/luish/Documents/p3/ecofloc2/ecofloc/ecofloc-cpu/ECOFLOC_CPU_COMM_text.csv
  ✔ [nitro5:nic] limpiado /home/luish/Documents/p3/ecofloc2/ecofloc/ecofloc-nic/ECOFLOC_NIC_COMM_text.csv
  ✔ [nitro5:ram] limpiado /home/luish/Documents/p3/ecofloc2/ecofloc/ecofloc-ram/ECOFLOC_RAM_COMM_text.csv
  ✔ [nitro5:sd] limpiado /home/luish/Documents/p3/ecofloc2/ecofloc/ecofloc-sd/ECOFLOC_SD_COMM_text.csv
  ✔ [leo:cpu] limpiado /home/leo/ecofloc/ecofloc-cpu/ECOFLOC_CPU_COMM_text.csv
  ✔ [leo:nic] limpiado /home/leo/ecofloc/ecofloc-nic/ECOFLOC_NIC_COMM_text.csv
  ✔ [leo:ram] limpiado /home/leo/ecofloc/ecofloc-ram/ECOFLOC_RAM_COMM_text.csv
  ✔ [leo:sd] limpiado /home/leo/ecofloc/ecofloc-sd/ECOFLOC_SD_COMM_text.csv
  ✔ [aspire:cpu] limpiado /home/luish/Documents/p3/ecofloc2/ecofloc/ecofloc-cpu/ECOFLOC_CPU_COMM_text.csv
  ✔ [aspire:nic] limpiado /home/luish/Documents/p3/ecofloc2/ecofloc/ecofloc-nic/ECOFLOC_NIC_COMM_text.csv
  ✔ [aspire:ram] limpiado /home/luish/Documents/p3/ecofloc2/ecofloc/ecofloc-ram/ECOFLOC_RAM_COMM_text.csv
  ✔ [aspire:sd] limpiado /home/luish/Documents/p3/ecofloc2/ecofloc/ecofloc-sd/ECOFLOC_SD_COMM_text.csv
  ✔ [scorpius:cpu] limpiado /home/scorpius03/Documents/ecofloc/ecofloc-cpu/ECOFLOC_CPU_COMM_text.csv
  ✔ [scorpius:nic] limpiado /home/scorpius03/Documents/ecofloc/ecofloc-nic/ECOFLOC_NIC_COMM_text.csv
  ✔ [scorpius:ram] limpiado /home/scorpius03/Documents/ecofloc/ecofloc-ram/ECOFLOC_RAM_COMM_text.csv
  ✔ [scorpius:sd] limpiado /home/scorpius03/Documents/ecofloc/ecofloc-sd/ECOFLOC_SD_COMM_text.csv
========================================
🔋 MEASURE ENERGY FINALIZADO
   Fase: fase2_preparacion_low_iter5
========================================
   ➤ Estado actual: 2 / 5 servicios OK
❌ TeaStore aún no está listo. Reintentando en 10s...
   ➤ Estado actual: 2 / 5 servicios OK
❌ TeaStore aún no está listo. Reintentando en 10s...
   ➤ Estado actual: 2 / 5 servicios OK
❌ TeaStore aún no está listo. Reintentando en 10s...
   ➤ Estado actual: 2 / 5 servicios OK
❌ TeaStore aún no está listo. Reintentando en 10s...
   ➤ Estado actual: 2 / 5 servicios OK
❌ TeaStore aún no está listo. Reintentando en 10s...
   ➤ Estado actual: 2 / 5 servicios OK
❌ TeaStore aún no está listo. Reintentando en 10s...
   ➤ Estado actual: 3 / 5 servicios OK
❌ TeaStore aún no está listo. Reintentando en 10s...
   ➤ Estado actual: 5 / 5 servicios OK
✔ TODOS los servicios del TeaStore están OK. Continuando...
⏳ [06:09:15] Esperando que termine medición: fase2_preparacion_low_iter5 (PID: 2822708)
✔️ [06:09:15] Medición fase2_preparacion_low_iter5 completada
[📦] Archivando resultados → ./historyexecutions/exp(06:09:20)_fase2_low_iter5
[✔] Archivado: ./historyexecutions/exp(06:09:20)_fase2_low_iter5
========================================
🔋 FASE 3: Ejecución de carga (low, iter 5)
========================================
📋 Capturando PIDs (gepidstea.sh)...
📋 Capturando PIDs de contenedores (kpsnodos.sh)...
🔋 [06:09:36] Iniciando medición de energía: fase3_carga_low_iter5 (145s)
   PID de medición: 2958814
=== Escenario low (iter 5) ===
========================================
🔋 MEASURE ENERGY - Fase: fase3_carga_low_iter5
   Duración: 145s
   PID: 2958814
========================================
=== Medición bloque 145s - Fase: fase3_carga_low_iter5 ===
🚀 Iniciando LIMBO con profile=/home/luish/Documents/death/teastore/TeaStore/examples/httploadgenerator/increasingLowIntensity.csv y script=/home/luish/Documents/death/teastore/TeaStore/examples/httploadgenerator/teastore_buy.lua
[⏱ 06:09:36] Iniciando ecofloc en nitro5 por 145s (fase: fase3_carga_low_iter5)
Feb 24, 2026 6:09:36 AM tools.descartes.dlim.httploadgenerator.runner.Director executeDirector
WARNING: No power measurements
Feb 24, 2026 6:09:36 AM tools.descartes.dlim.httploadgenerator.runner.Director executeDirector
INFO: Load Generator Thread Count set to 64
Feb 24, 2026 6:09:36 AM tools.descartes.dlim.httploadgenerator.runner.Director executeDirector
INFO: URL connection timout set to 30000 ms
Feb 24, 2026 6:09:36 AM tools.descartes.dlim.httploadgenerator.runner.Director executeDirector
INFO: Using Lua Script: /home/luish/Documents/death/teastore/TeaStore/examples/httploadgenerator/teastore_buy.lua
Feb 24, 2026 6:09:36 AM tools.descartes.dlim.httploadgenerator.runner.Director process
INFO: Read 120 Arrival Rate Tuples
Load Generator sent: ok
Feb 24, 2026 6:09:36 AM tools.descartes.dlim.httploadgenerator.runner.Director process
INFO: Arrival Rates sent to Load Generator(s).
Load Generator sent: ok
Feb 24, 2026 6:09:36 AM tools.descartes.dlim.httploadgenerator.runner.Director process
INFO: Thread Count sent to Load Generator(s): 64
Load Generator sent: ok
Feb 24, 2026 6:09:36 AM tools.descartes.dlim.httploadgenerator.runner.Director process
INFO: URL connection timeout sent to Load Generator(s): 30000
Load Generator sent: ok
Feb 24, 2026 6:09:36 AM tools.descartes.dlim.httploadgenerator.runner.Director process
INFO: Contents of script sent to Load Generator: /home/luish/Documents/death/teastore/TeaStore/examples/httploadgenerator/teastore_buy.lua
Feb 24, 2026 6:09:36 AM tools.descartes.dlim.httploadgenerator.runner.Director process
INFO: Starting Load Generation
Beginning Run @1771931376967(24.02.2026;06:09:36967)
Target Time = 0.5; Load Intensity = 0.0; #Success = 0; #Failed = 0; #Dropped = 0
  ├─ [nitro5:sd] start 06:09:37
  ├─ [nitro5:ram] start 06:09:37
  ├─ [nitro5:nic] start 06:09:38
[⏱ 06:09:38] Iniciando ecofloc en aspire por 145s (fase: fase3_carga_low_iter5)
  ├─ [nitro5:cpu] start 06:09:38
  ├─ [aspire:sd] start 06:09:38
  ├─ [aspire:ram] start 06:09:38
[⏱ 06:09:38] Iniciando ecofloc en scorpius por 145s (fase: fase3_carga_low_iter5)
  ├─ [aspire:nic] start 06:09:38
  ├─ [aspire:cpu] start 06:09:38
  ├─ [scorpius:sd] start 06:09:38
  ├─ [scorpius:ram] start 06:09:38
  ├─ [scorpius:nic] start 06:09:38
[⏱ 06:09:38] Iniciando ecofloc en leo por 145s (fase: fase3_carga_low_iter5)
  ├─ [scorpius:cpu] start 06:09:38
  ├─ [leo:sd] start 06:09:38
  ├─ [leo:ram] start 06:09:38
  ├─ [leo:cpu] start 06:09:38
  ├─ [leo:nic] start 06:09:38
Target Time = 1.5; Load Intensity = 1.0; #Success = 0; #Failed = 0; #Dropped = 0
Target Time = 2.5; Load Intensity = 2.0; #Success = 0; #Failed = 0; #Dropped = 0
Target Time = 3.5; Load Intensity = 2.0; #Success = 0; #Failed = 0; #Dropped = 0
Target Time = 4.5; Load Intensity = 3.0; #Success = 8; #Failed = 0; #Dropped = 0
Target Time = 5.5; Load Intensity = 4.0; #Success = 4; #Failed = 0; #Dropped = 0
Target Time = 6.5; Load Intensity = 5.0; #Success = 5; #Failed = 0; #Dropped = 0
Target Time = 7.5; Load Intensity = 6.0; #Success = 6; #Failed = 0; #Dropped = 0
Target Time = 8.5; Load Intensity = 7.0; #Success = 6; #Failed = 0; #Dropped = 0
Target Time = 9.5; Load Intensity = 7.0; #Success = 8; #Failed = 0; #Dropped = 0
Target Time = 10.5; Load Intensity = 8.0; #Success = 7; #Failed = 0; #Dropped = 0
Target Time = 11.5; Load Intensity = 9.0; #Success = 10; #Failed = 0; #Dropped = 0
Target Time = 12.5; Load Intensity = 10.0; #Success = 10; #Failed = 0; #Dropped = 0
Target Time = 13.5; Load Intensity = 11.0; #Success = 0; #Failed = 0; #Dropped = 0
Target Time = 14.5; Load Intensity = 12.0; #Success = 0; #Failed = 0; #Dropped = 0
Target Time = 15.5; Load Intensity = 12.0; #Success = 5; #Failed = 0; #Dropped = 0
Target Time = 16.5; Load Intensity = 13.0; #Success = 20; #Failed = 0; #Dropped = 0
Target Time = 17.5; Load Intensity = 14.0; #Success = 18; #Failed = 0; #Dropped = 0
Target Time = 18.5; Load Intensity = 15.0; #Success = 2; #Failed = 0; #Dropped = 0
Target Time = 19.5; Load Intensity = 16.0; #Success = 5; #Failed = 0; #Dropped = 0
Target Time = 20.5; Load Intensity = 17.0; #Success = 2; #Failed = 0; #Dropped = 0
Target Time = 21.5; Load Intensity = 17.0; #Success = 0; #Failed = 0; #Dropped = 0
Target Time = 22.5; Load Intensity = 18.0; #Success = 1; #Failed = 0; #Dropped = 0
Target Time = 23.5; Load Intensity = 19.0; #Success = 4; #Failed = 0; #Dropped = 0
Target Time = 24.5; Load Intensity = 20.0; #Success = 2; #Failed = 0; #Dropped = 0
Target Time = 25.5; Load Intensity = 21.0; #Success = 0; #Failed = 0; #Dropped = 0
Target Time = 26.5; Load Intensity = 22.0; #Success = 0; #Failed = 0; #Dropped = 0
Target Time = 27.5; Load Intensity = 22.0; #Success = 2; #Failed = 0; #Dropped = 0
Target Time = 28.5; Load Intensity = 23.0; #Success = 3; #Failed = 0; #Dropped = 0
Target Time = 29.5; Load Intensity = 24.0; #Success = 3; #Failed = 0; #Dropped = 0
Target Time = 30.5; Load Intensity = 25.0; #Success = 12; #Failed = 0; #Dropped = 0
Target Time = 31.5; Load Intensity = 26.0; #Success = 13; #Failed = 0; #Dropped = 0
Target Time = 32.5; Load Intensity = 27.0; #Success = 3; #Failed = 0; #Dropped = 0
Target Time = 33.5; Load Intensity = 27.0; #Success = 3; #Failed = 0; #Dropped = 0
Target Time = 34.5; Load Intensity = 28.0; #Success = 4; #Failed = 0; #Dropped = 0
Target Time = 35.5; Load Intensity = 29.0; #Success = 0; #Failed = 0; #Dropped = 0
Target Time = 36.5; Load Intensity = 30.0; #Success = 5; #Failed = 0; #Dropped = 0
Target Time = 37.5; Load Intensity = 31.0; #Success = 4; #Failed = 0; #Dropped = 0
Target Time = 38.5; Load Intensity = 32.0; #Success = 1; #Failed = 2; #Dropped = 0
Target Time = 39.5; Load Intensity = 32.0; #Success = 1; #Failed = 0; #Dropped = 0
Target Time = 40.5; Load Intensity = 33.0; #Success = 9; #Failed = 0; #Dropped = 0
Target Time = 41.5; Load Intensity = 34.0; #Success = 3; #Failed = 0; #Dropped = 0
Target Time = 42.5; Load Intensity = 35.0; #Success = 1; #Failed = 0; #Dropped = 0
Target Time = 43.5; Load Intensity = 36.0; #Success = 1; #Failed = 0; #Dropped = 0
Target Time = 44.5; Load Intensity = 37.0; #Success = 0; #Failed = 0; #Dropped = 0
Target Time = 45.5; Load Intensity = 37.0; #Success = 0; #Failed = 0; #Dropped = 0
Target Time = 46.5; Load Intensity = 38.0; #Success = 0; #Failed = 0; #Dropped = 0
Target Time = 47.5; Load Intensity = 39.0; #Success = 1; #Failed = 0; #Dropped = 0
Target Time = 48.5; Load Intensity = 40.0; #Success = 0; #Failed = 0; #Dropped = 0
Target Time = 49.5; Load Intensity = 41.0; #Success = 0; #Failed = 0; #Dropped = 0
Target Time = 50.5; Load Intensity = 42.0; #Success = 0; #Failed = 0; #Dropped = 0
Target Time = 51.5; Load Intensity = 42.0; #Success = 0; #Failed = 0; #Dropped = 0
Target Time = 52.5; Load Intensity = 43.0; #Success = 0; #Failed = 0; #Dropped = 0
Target Time = 53.5; Load Intensity = 44.0; #Success = 0; #Failed = 0; #Dropped = 0
Target Time = 54.5; Load Intensity = 45.0; #Success = 0; #Failed = 0; #Dropped = 0
Target Time = 55.5; Load Intensity = 46.0; #Success = 0; #Failed = 0; #Dropped = 0
Target Time = 56.5; Load Intensity = 47.0; #Success = 0; #Failed = 0; #Dropped = 0
Target Time = 57.5; Load Intensity = 47.0; #Success = 0; #Failed = 0; #Dropped = 0
Target Time = 58.5; Load Intensity = 48.0; #Success = 0; #Failed = 0; #Dropped = 0
Target Time = 59.5; Load Intensity = 49.0; #Success = 3; #Failed = 0; #Dropped = 99
Target Time = 60.5; Load Intensity = 50.0; #Success = 12; #Failed = 0; #Dropped = 15
Target Time = 61.5; Load Intensity = 51.0; #Success = 13; #Failed = 0; #Dropped = 5
Target Time = 62.5; Load Intensity = 52.0; #Success = 3; #Failed = 0; #Dropped = 23
Target Time = 63.5; Load Intensity = 52.0; #Success = 3; #Failed = 0; #Dropped = 29
Target Time = 64.5; Load Intensity = 53.0; #Success = 3; #Failed = 0; #Dropped = 24
Target Time = 65.5; Load Intensity = 54.0; #Success = 1; #Failed = 0; #Dropped = 3
Target Time = 66.5; Load Intensity = 55.0; #Success = 5; #Failed = 0; #Dropped = 40
Target Time = 67.5; Load Intensity = 56.0; #Success = 4; #Failed = 0; #Dropped = 35
Target Time = 68.5; Load Intensity = 57.0; #Success = 1; #Failed = 0; #Dropped = 35
Target Time = 69.5; Load Intensity = 57.0; #Success = 1; #Failed = 0; #Dropped = 14
Target Time = 70.5; Load Intensity = 58.0; #Success = 9; #Failed = 0; #Dropped = 40
Target Time = 71.5; Load Intensity = 59.0; #Success = 3; #Failed = 0; #Dropped = 23
Target Time = 72.5; Load Intensity = 60.0; #Success = 1; #Failed = 0; #Dropped = 15
Target Time = 73.5; Load Intensity = 61.0; #Success = 1; #Failed = 0; #Dropped = 31
Target Time = 74.5; Load Intensity = 62.0; #Success = 0; #Failed = 0; #Dropped = 0
Target Time = 75.5; Load Intensity = 62.0; #Success = 0; #Failed = 0; #Dropped = 0
Target Time = 76.5; Load Intensity = 63.0; #Success = 0; #Failed = 0; #Dropped = 0
Target Time = 77.5; Load Intensity = 64.0; #Success = 1; #Failed = 0; #Dropped = 165
Target Time = 78.5; Load Intensity = 65.0; #Success = 0; #Failed = 0; #Dropped = 0
Target Time = 79.5; Load Intensity = 66.0; #Success = 0; #Failed = 0; #Dropped = 0
Target Time = 80.5; Load Intensity = 67.0; #Success = 0; #Failed = 0; #Dropped = 0
Target Time = 81.5; Load Intensity = 67.0; #Success = 0; #Failed = 0; #Dropped = 0
Target Time = 82.5; Load Intensity = 68.0; #Success = 0; #Failed = 0; #Dropped = 0
Target Time = 83.5; Load Intensity = 69.0; #Success = 0; #Failed = 0; #Dropped = 0
Target Time = 84.5; Load Intensity = 70.0; #Success = 0; #Failed = 0; #Dropped = 0
Target Time = 85.5; Load Intensity = 71.0; #Success = 0; #Failed = 0; #Dropped = 0
Target Time = 86.5; Load Intensity = 72.0; #Success = 0; #Failed = 0; #Dropped = 0
Target Time = 87.5; Load Intensity = 72.0; #Success = 0; #Failed = 0; #Dropped = 0
Target Time = 88.5; Load Intensity = 73.0; #Success = 0; #Failed = 0; #Dropped = 0
Target Time = 89.5; Load Intensity = 74.0; #Success = 3; #Failed = 0; #Dropped = 546
Target Time = 90.5; Load Intensity = 75.0; #Success = 12; #Failed = 0; #Dropped = 42
Target Time = 91.5; Load Intensity = 76.0; #Success = 13; #Failed = 0; #Dropped = 28
Target Time = 92.5; Load Intensity = 77.0; #Success = 3; #Failed = 0; #Dropped = 44
Target Time = 93.5; Load Intensity = 77.0; #Success = 3; #Failed = 0; #Dropped = 57
Target Time = 94.5; Load Intensity = 78.0; #Success = 4; #Failed = 0; #Dropped = 60
Target Time = 95.5; Load Intensity = 79.0; #Success = 0; #Failed = 1; #Dropped = 26
Target Time = 96.5; Load Intensity = 80.0; #Success = 5; #Failed = 1; #Dropped = 54
Target Time = 97.5; Load Intensity = 81.0; #Success = 4; #Failed = 0; #Dropped = 63
Target Time = 98.5; Load Intensity = 82.0; #Success = 1; #Failed = 0; #Dropped = 57
Target Time = 99.5; Load Intensity = 82.0; #Success = 1; #Failed = 0; #Dropped = 39
Target Time = 100.5; Load Intensity = 83.0; #Success = 9; #Failed = 0; #Dropped = 66
Target Time = 101.5; Load Intensity = 84.0; #Success = 2; #Failed = 0; #Dropped = 49
Target Time = 102.5; Load Intensity = 85.0; #Success = 0; #Failed = 0; #Dropped = 0
Target Time = 103.5; Load Intensity = 86.0; #Success = 1; #Failed = 0; #Dropped = 79
Target Time = 104.5; Load Intensity = 87.0; #Success = 0; #Failed = 0; #Dropped = 0
Target Time = 105.5; Load Intensity = 87.0; #Success = 0; #Failed = 0; #Dropped = 0
Target Time = 106.5; Load Intensity = 88.0; #Success = 0; #Failed = 1; #Dropped = 212
Target Time = 107.5; Load Intensity = 89.0; #Success = 0; #Failed = 0; #Dropped = 0
Target Time = 108.5; Load Intensity = 90.0; #Success = 0; #Failed = 0; #Dropped = 0
Target Time = 109.5; Load Intensity = 91.0; #Success = 0; #Failed = 0; #Dropped = 0
Target Time = 110.5; Load Intensity = 92.0; #Success = 0; #Failed = 0; #Dropped = 0
Target Time = 111.5; Load Intensity = 92.0; #Success = 0; #Failed = 0; #Dropped = 0
Target Time = 112.5; Load Intensity = 93.0; #Success = 0; #Failed = 0; #Dropped = 0
Target Time = 113.5; Load Intensity = 94.0; #Success = 0; #Failed = 0; #Dropped = 0
Target Time = 114.5; Load Intensity = 95.0; #Success = 0; #Failed = 0; #Dropped = 0
Target Time = 115.5; Load Intensity = 96.0; #Success = 0; #Failed = 0; #Dropped = 0
Target Time = 116.5; Load Intensity = 97.0; #Success = 0; #Failed = 0; #Dropped = 0
Target Time = 117.5; Load Intensity = 97.0; #Success = 0; #Failed = 0; #Dropped = 0
Target Time = 118.5; Load Intensity = 98.0; #Success = 0; #Failed = 0; #Dropped = 0
Target Time = 119.5; Load Intensity = 99.0; #Success = 3; #Failed = 0; #Dropped = 917
Target Time = 120.5; Load Intensity = 0.0; #Success = 13; #Failed = 0; #Dropped = 72
Target Time = 121.5; Load Intensity = 0.0; #Success = 13; #Failed = 0; #Dropped = 66
Target Time = 122.5; Load Intensity = 0.0; #Success = 2; #Failed = 0; #Dropped = 54
Target Time = 123.5; Load Intensity = 0.0; #Success = 3; #Failed = 0; #Dropped = 84
Target Time = 124.5; Load Intensity = 0.0; #Success = 3; #Failed = 0; #Dropped = 74
Target Time = 125.5; Load Intensity = 0.0; #Success = 2; #Failed = 0; #Dropped = 53
Target Time = 126.5; Load Intensity = 0.0; #Success = 6; #Failed = 0; #Dropped = 71
Target Time = 127.5; Load Intensity = 0.0; #Success = 4; #Failed = 0; #Dropped = 101
Target Time = 128.5; Load Intensity = 0.0; #Success = 1; #Failed = 0; #Dropped = 88
Target Time = 129.5; Load Intensity = 0.0; #Success = 1; #Failed = 0; #Dropped = 45
Target Time = 130.5; Load Intensity = 0.0; #Success = 9; #Failed = 0; #Dropped = 109
Target Time = 131.5; Load Intensity = 0.0; #Success = 2; #Failed = 0; #Dropped = 63
Target Time = 132.5; Load Intensity = 0.0; #Success = 0; #Failed = 0; #Dropped = 0
Target Time = 133.5; Load Intensity = 0.0; #Success = 1; #Failed = 0; #Dropped = 110
Target Time = 134.5; Load Intensity = 0.0; #Success = 0; #Failed = 0; #Dropped = 0
Target Time = 135.5; Load Intensity = 0.0; #Success = 0; #Failed = 0; #Dropped = 0
Target Time = 136.5; Load Intensity = 0.0; #Success = 1; #Failed = 0; #Dropped = 303
Target Time = 137.5; Load Intensity = 0.0; #Success = 0; #Failed = 0; #Dropped = 0
Target Time = 138.5; Load Intensity = 0.0; #Success = 0; #Failed = 0; #Dropped = 0
Target Time = 139.5; Load Intensity = 0.0; #Success = 0; #Failed = 0; #Dropped = 0
Target Time = 140.5; Load Intensity = 0.0; #Success = 0; #Failed = 0; #Dropped = 0
Target Time = 141.5; Load Intensity = 0.0; #Success = 0; #Failed = 0; #Dropped = 0
Target Time = 142.5; Load Intensity = 0.0; #Success = 0; #Failed = 0; #Dropped = 0
Target Time = 143.5; Load Intensity = 0.0; #Success = 0; #Failed = 0; #Dropped = 0
Target Time = 144.5; Load Intensity = 0.0; #Success = 0; #Failed = 0; #Dropped = 0
  └─ [nitro5:sd] end 06:12:02
Target Time = 145.5; Load Intensity = 0.0; #Success = 0; #Failed = 0; #Dropped = 0
  └─ [nitro5:ram] end 06:12:02
  └─ [nitro5:nic] end 06:12:03
  └─ [nitro5:cpu] end 06:12:03
Target Time = 146.5; Load Intensity = 0.0; #Success = 0; #Failed = 0; #Dropped = 0
Target Time = 147.5; Load Intensity = 0.0; #Success = 0; #Failed = 0; #Dropped = 0
Target Time = 148.5; Load Intensity = 0.0; #Success = 0; #Failed = 0; #Dropped = 0
Target Time = 149.5; Load Intensity = 0.0; #Success = 3; #Failed = 0; #Dropped = 1259
Target Time = 150.5; Load Intensity = 0.0; #Success = 12; #Failed = 0; #Dropped = 0
Target Time = 151.5; Load Intensity = 0.0; #Success = 13; #Failed = 0; #Dropped = 0
Target Time = 152.5; Load Intensity = 0.0; #Success = 3; #Failed = 0; #Dropped = 0
Target Time = 153.5; Load Intensity = 0.0; #Success = 3; #Failed = 0; #Dropped = 0
Target Time = 154.5; Load Intensity = 0.0; #Success = 3; #Failed = 0; #Dropped = 0
Target Time = 155.5; Load Intensity = 0.0; #Success = 2; #Failed = 0; #Dropped = 0
  └─ [aspire:nic] end 06:12:12
Target Time = 156.5; Load Intensity = 0.0; #Success = 6; #Failed = 0; #Dropped = 0
Target Time = 157.5; Load Intensity = 0.0; #Success = 4; #Failed = 2; #Dropped = 0
  └─ [scorpius:cpu] end 06:12:14
Target Time = 158.5; Load Intensity = 0.0; #Success = 1; #Failed = 0; #Dropped = 0
Target Time = 159.5; Load Intensity = 0.0; #Success = 1; #Failed = 0; #Dropped = 0
Target Time = 160.5; Load Intensity = 0.0; #Success = 7; #Failed = 0; #Dropped = 0
Target Time = 161.5; Load Intensity = 0.0; #Success = 2; #Failed = 0; #Dropped = 0
Target Time = 162.5; Load Intensity = 0.0; #Success = 0; #Failed = 0; #Dropped = 0
Target Time = 163.5; Load Intensity = 0.0; #Success = 1; #Failed = 0; #Dropped = 0
  └─ [leo:nic] end 06:12:20
Target Time = 164.5; Load Intensity = 0.0; #Success = 0; #Failed = 0; #Dropped = 0
Target Time = 165.5; Load Intensity = 0.0; #Success = 0; #Failed = 0; #Dropped = 0
  └─ [scorpius:ram] end 06:12:22
Target Time = 166.5; Load Intensity = 0.0; #Success = 1; #Failed = 0; #Dropped = 0
  └─ [scorpius:sd] end 06:12:23
  └─ [scorpius:nic] end 06:12:23
Target Time = 167.5; Load Intensity = 0.0; #Success = 0; #Failed = 0; #Dropped = 0
Target Time = 168.5; Load Intensity = 0.0; #Success = 0; #Failed = 0; #Dropped = 0
  └─ [leo:cpu] end 06:12:26
Target Time = 169.5; Load Intensity = 0.0; #Success = 0; #Failed = 0; #Dropped = 0
Target Time = 170.5; Load Intensity = 0.0; #Success = 0; #Failed = 0; #Dropped = 0
Target Time = 171.5; Load Intensity = 0.0; #Success = 0; #Failed = 0; #Dropped = 0
Target Time = 172.5; Load Intensity = 0.0; #Success = 0; #Failed = 0; #Dropped = 0
  └─ [aspire:cpu] end 06:12:29
Target Time = 173.5; Load Intensity = 0.0; #Success = 0; #Failed = 0; #Dropped = 0
Target Time = 174.5; Load Intensity = 0.0; #Success = 0; #Failed = 0; #Dropped = 0
  └─ [aspire:ram] end 06:12:32
  └─ [aspire:sd] end 06:12:32
Target Time = 175.5; Load Intensity = 0.0; #Success = 0; #Failed = 0; #Dropped = 0
Target Time = 176.5; Load Intensity = 0.0; #Success = 0; #Failed = 0; #Dropped = 0
Target Time = 177.5; Load Intensity = 0.0; #Success = 0; #Failed = 0; #Dropped = 0
Target Time = 178.5; Load Intensity = 0.0; #Success = 0; #Failed = 0; #Dropped = 0
Target Time = 179.5; Load Intensity = 0.0; #Success = 3; #Failed = 0; #Dropped = 0
  └─ [leo:ram] end 06:12:37
  └─ [leo:sd] end 06:12:37
=== Bloque 145s terminado - Fase: fase3_carga_low_iter5 ===
[🧹] Limpiando CSVs internos de ecofloc en cada nodo (fase: fase3_carga_low_iter5)...
  ✔ [nitro5:cpu] limpiado /home/luish/Documents/p3/ecofloc2/ecofloc/ecofloc-cpu/ECOFLOC_CPU_COMM_text.csv
  ✔ [nitro5:nic] limpiado /home/luish/Documents/p3/ecofloc2/ecofloc/ecofloc-nic/ECOFLOC_NIC_COMM_text.csv
  ✔ [nitro5:ram] limpiado /home/luish/Documents/p3/ecofloc2/ecofloc/ecofloc-ram/ECOFLOC_RAM_COMM_text.csv
  ✔ [nitro5:sd] limpiado /home/luish/Documents/p3/ecofloc2/ecofloc/ecofloc-sd/ECOFLOC_SD_COMM_text.csv
  ✔ [leo:cpu] limpiado /home/leo/ecofloc/ecofloc-cpu/ECOFLOC_CPU_COMM_text.csv
  ✔ [leo:nic] limpiado /home/leo/ecofloc/ecofloc-nic/ECOFLOC_NIC_COMM_text.csv
  ✔ [leo:ram] limpiado /home/leo/ecofloc/ecofloc-ram/ECOFLOC_RAM_COMM_text.csv
  ✔ [leo:sd] limpiado /home/leo/ecofloc/ecofloc-sd/ECOFLOC_SD_COMM_text.csv
  ✔ [aspire:cpu] limpiado /home/luish/Documents/p3/ecofloc2/ecofloc/ecofloc-cpu/ECOFLOC_CPU_COMM_text.csv
Workload finished.
Log finished.
📄 LIMBO finalizado para scenario=low
⏳ [06:12:41] Esperando que termine medición: fase3_carga_low_iter5 (PID: 2958814)
  ✔ [aspire:nic] limpiado /home/luish/Documents/p3/ecofloc2/ecofloc/ecofloc-nic/ECOFLOC_NIC_COMM_text.csv
  ✔ [aspire:ram] limpiado /home/luish/Documents/p3/ecofloc2/ecofloc/ecofloc-ram/ECOFLOC_RAM_COMM_text.csv
  ✔ [aspire:sd] limpiado /home/luish/Documents/p3/ecofloc2/ecofloc/ecofloc-sd/ECOFLOC_SD_COMM_text.csv
  ✔ [scorpius:cpu] limpiado /home/scorpius03/Documents/ecofloc/ecofloc-cpu/ECOFLOC_CPU_COMM_text.csv
  ✔ [scorpius:nic] limpiado /home/scorpius03/Documents/ecofloc/ecofloc-nic/ECOFLOC_NIC_COMM_text.csv
  ✔ [scorpius:ram] limpiado /home/scorpius03/Documents/ecofloc/ecofloc-ram/ECOFLOC_RAM_COMM_text.csv
  ✔ [scorpius:sd] limpiado /home/scorpius03/Documents/ecofloc/ecofloc-sd/ECOFLOC_SD_COMM_text.csv
========================================
🔋 MEASURE ENERGY FINALIZADO
   Fase: fase3_carga_low_iter5
========================================
✔️ [06:12:43] Medición fase3_carga_low_iter5 completada
[📦] Archivando resultados → ./historyexecutions/exp(06:12:48)_fase3_low_iter5
[✔] Archivado: ./historyexecutions/exp(06:12:48)_fase3_low_iter5
🧹 Limpiando TeaStore (iter 5)...
⏸ Esperando 15s para limpieza completa...
✅ Iteración 5 / 5 del escenario low completada.

🏁 Escenario low finalizado (5 iteraciones).

########################################################
🔄 ESCENARIO: medium | ITERACIÓN: 1 / 5
   Hora: 06:13:36
########################################################
========================================
🔋 FASE 1: Descarga de imágenes (medium, iter 1)
========================================
📋 Capturando PIDs (gepidstea.sh)...
📋 Capturando PIDs de contenedores (kpsnodos.sh)...
🔋 [06:14:13] Iniciando medición de energía: fase1_descarga_medium_iter1 (25s)
   PID de medición: 3358503
🚀 Desplegando TeaStore desde https://raw.githubusercontent.com/DescartesResearch/TeaStore/master/examples/kubernetes/teastore-ribbon.yaml...
========================================
🔋 MEASURE ENERGY - Fase: fase1_descarga_medium_iter1
   Duración: 25s
   PID: 3358503
========================================
=== Medición bloque 25s - Fase: fase1_descarga_medium_iter1 ===
[⏱ 06:14:13] Iniciando ecofloc en nitro5 por 25s (fase: fase1_descarga_medium_iter1)
⏳ Esperando a que todos los pods de TeaStore estén Running y Ready...
  ├─ [nitro5:sd] start 06:14:13
  ├─ [nitro5:ram] start 06:14:13
  ├─ [nitro5:nic] start 06:14:14
[⏱ 06:14:14] Iniciando ecofloc en aspire por 25s (fase: fase1_descarga_medium_iter1)
  ├─ [nitro5:cpu] start 06:14:14
  ├─ [aspire:sd] start 06:14:14
  ├─ [aspire:ram] start 06:14:14
  ├─ [aspire:nic] start 06:14:14
[⏱ 06:14:14] Iniciando ecofloc en scorpius por 25s (fase: fase1_descarga_medium_iter1)
  ├─ [aspire:cpu] start 06:14:14
  ├─ [scorpius:sd] start 06:14:14
  ├─ [scorpius:ram] start 06:14:14
  ├─ [scorpius:nic] start 06:14:14
[⏱ 06:14:14] Iniciando ecofloc en leo por 25s (fase: fase1_descarga_medium_iter1)
  ├─ [scorpius:cpu] start 06:14:14
  ├─ [leo:sd] start 06:14:14
  ├─ [leo:ram] start 06:14:14
  ├─ [leo:nic] start 06:14:14
  ├─ [leo:cpu] start 06:14:14
✅ Pods listos.
⏳ [06:14:21] Esperando que termine medición: fase1_descarga_medium_iter1 (PID: 3358503)
  └─ [nitro5:sd] end 06:14:38
  └─ [nitro5:ram] end 06:14:38
  └─ [nitro5:nic] end 06:14:39
  └─ [nitro5:cpu] end 06:14:39
  └─ [scorpius:sd] end 06:14:40
  └─ [aspire:sd] end 06:14:40
  └─ [aspire:cpu] end 06:14:40
  └─ [scorpius:cpu] end 06:14:40
  └─ [leo:cpu] end 06:14:40
  └─ [leo:sd] end 06:14:40
  └─ [scorpius:nic] end 06:14:41
  └─ [aspire:nic] end 06:14:41
  └─ [leo:nic] end 06:14:41
  └─ [aspire:ram] end 06:14:41
  └─ [scorpius:ram] end 06:14:41
  └─ [leo:ram] end 06:14:41
=== Bloque 25s terminado - Fase: fase1_descarga_medium_iter1 ===
[🧹] Limpiando CSVs internos de ecofloc en cada nodo (fase: fase1_descarga_medium_iter1)...
  ✔ [nitro5:cpu] limpiado /home/luish/Documents/p3/ecofloc2/ecofloc/ecofloc-cpu/ECOFLOC_CPU_COMM_text.csv
  ✔ [nitro5:nic] limpiado /home/luish/Documents/p3/ecofloc2/ecofloc/ecofloc-nic/ECOFLOC_NIC_COMM_text.csv
  ✔ [nitro5:ram] limpiado /home/luish/Documents/p3/ecofloc2/ecofloc/ecofloc-ram/ECOFLOC_RAM_COMM_text.csv
  ✔ [nitro5:sd] limpiado /home/luish/Documents/p3/ecofloc2/ecofloc/ecofloc-sd/ECOFLOC_SD_COMM_text.csv
  ✔ [leo:cpu] limpiado /home/leo/ecofloc/ecofloc-cpu/ECOFLOC_CPU_COMM_text.csv
  ✔ [leo:nic] limpiado /home/leo/ecofloc/ecofloc-nic/ECOFLOC_NIC_COMM_text.csv
  ✔ [leo:ram] limpiado /home/leo/ecofloc/ecofloc-ram/ECOFLOC_RAM_COMM_text.csv
  ✔ [leo:sd] limpiado /home/leo/ecofloc/ecofloc-sd/ECOFLOC_SD_COMM_text.csv
  ✔ [aspire:cpu] limpiado /home/luish/Documents/p3/ecofloc2/ecofloc/ecofloc-cpu/ECOFLOC_CPU_COMM_text.csv
  ✔ [aspire:nic] limpiado /home/luish/Documents/p3/ecofloc2/ecofloc/ecofloc-nic/ECOFLOC_NIC_COMM_text.csv
  ✔ [aspire:ram] limpiado /home/luish/Documents/p3/ecofloc2/ecofloc/ecofloc-ram/ECOFLOC_RAM_COMM_text.csv
  ✔ [aspire:sd] limpiado /home/luish/Documents/p3/ecofloc2/ecofloc/ecofloc-sd/ECOFLOC_SD_COMM_text.csv
  ✔ [scorpius:cpu] limpiado /home/scorpius03/Documents/ecofloc/ecofloc-cpu/ECOFLOC_CPU_COMM_text.csv
  ✔ [scorpius:nic] limpiado /home/scorpius03/Documents/ecofloc/ecofloc-nic/ECOFLOC_NIC_COMM_text.csv
  ✔ [scorpius:ram] limpiado /home/scorpius03/Documents/ecofloc/ecofloc-ram/ECOFLOC_RAM_COMM_text.csv
  ✔ [scorpius:sd] limpiado /home/scorpius03/Documents/ecofloc/ecofloc-sd/ECOFLOC_SD_COMM_text.csv
========================================
🔋 MEASURE ENERGY FINALIZADO
   Fase: fase1_descarga_medium_iter1
========================================
✔️ [06:14:46] Medición fase1_descarga_medium_iter1 completada
[📦] Archivando resultados → ./historyexecutions/exp(06:14:51)_fase1_medium_iter1
[✔] Archivado: ./historyexecutions/exp(06:14:51)_fase1_medium_iter1
========================================
🔋 FASE 2: Preparación de servicios (medium, iter 1)
========================================
📋 Capturando PIDs (gepidstea.sh)...
📋 Capturando PIDs de contenedores (kpsnodos.sh)...
🔋 [06:15:10] Iniciando medición de energía: fase2_preparacion_medium_iter1 (50s)
   PID de medición: 3426691
========================================
🔋 MEASURE ENERGY - Fase: fase2_preparacion_medium_iter1
   Duración: 50s
   PID: 3426691
========================================
=== Medición bloque 50s - Fase: fase2_preparacion_medium_iter1 ===
[⏱ 06:15:10] Iniciando ecofloc en nitro5 por 50s (fase: fase2_preparacion_medium_iter1)
⏳ Esperando 10s a que CoreDNS se estabilice...
  ├─ [nitro5:sd] start 06:15:10
  ├─ [nitro5:ram] start 06:15:11
  ├─ [nitro5:nic] start 06:15:11
[⏱ 06:15:12] Iniciando ecofloc en aspire por 50s (fase: fase2_preparacion_medium_iter1)
  ├─ [nitro5:cpu] start 06:15:12
  ├─ [aspire:sd] start 06:15:12
  ├─ [aspire:ram] start 06:15:12
[⏱ 06:15:12] Iniciando ecofloc en scorpius por 50s (fase: fase2_preparacion_medium_iter1)
  ├─ [aspire:nic] start 06:15:12
  ├─ [aspire:cpu] start 06:15:12
  ├─ [scorpius:sd] start 06:15:12
  ├─ [scorpius:ram] start 06:15:12
  ├─ [scorpius:nic] start 06:15:12
[⏱ 06:15:12] Iniciando ecofloc en leo por 50s (fase: fase2_preparacion_medium_iter1)
  ├─ [scorpius:cpu] start 06:15:12
  ├─ [leo:sd] start 06:15:12
  ├─ [leo:ram] start 06:15:12
  ├─ [leo:nic] start 06:15:12
  ├─ [leo:cpu] start 06:15:12
➡️ Pod WebUI: teastore-webui-558b54cc77-c4l6b
➡️ Está en el nodo: scorpius03
🌐 IP del nodo WebUI: 192.168.18.34
⏳ Verificando estado del TeaStore en http://192.168.18.34:30080/tools.descartes.teastore.webui/status ...
   ➤ Estado actual: 2 / 5 servicios OK
❌ TeaStore aún no está listo. Reintentando en 10s...
   ➤ Estado actual: 2 / 5 servicios OK
❌ TeaStore aún no está listo. Reintentando en 10s...
   ➤ Estado actual: 2 / 5 servicios OK
❌ TeaStore aún no está listo. Reintentando en 10s...
  └─ [nitro5:sd] end 06:16:00
   ➤ Estado actual: 2 / 5 servicios OK
❌ TeaStore aún no está listo. Reintentando en 10s...
  └─ [nitro5:ram] end 06:16:01
  └─ [nitro5:nic] end 06:16:01
  └─ [nitro5:cpu] end 06:16:02
  └─ [leo:cpu] end 06:16:02
  └─ [leo:sd] end 06:16:03
  └─ [aspire:sd] end 06:16:03
  └─ [scorpius:sd] end 06:16:03
  └─ [scorpius:nic] end 06:16:03
  └─ [scorpius:cpu] end 06:16:03
  └─ [aspire:cpu] end 06:16:03
  └─ [aspire:nic] end 06:16:03
  └─ [leo:ram] end 06:16:04
  └─ [leo:nic] end 06:16:04
  └─ [scorpius:ram] end 06:16:04
  └─ [aspire:ram] end 06:16:04
=== Bloque 50s terminado - Fase: fase2_preparacion_medium_iter1 ===
[🧹] Limpiando CSVs internos de ecofloc en cada nodo (fase: fase2_preparacion_medium_iter1)...
  ✔ [nitro5:cpu] limpiado /home/luish/Documents/p3/ecofloc2/ecofloc/ecofloc-cpu/ECOFLOC_CPU_COMM_text.csv
  ✔ [nitro5:nic] limpiado /home/luish/Documents/p3/ecofloc2/ecofloc/ecofloc-nic/ECOFLOC_NIC_COMM_text.csv
  ✔ [nitro5:ram] limpiado /home/luish/Documents/p3/ecofloc2/ecofloc/ecofloc-ram/ECOFLOC_RAM_COMM_text.csv
  ✔ [nitro5:sd] limpiado /home/luish/Documents/p3/ecofloc2/ecofloc/ecofloc-sd/ECOFLOC_SD_COMM_text.csv
  ✔ [leo:cpu] limpiado /home/leo/ecofloc/ecofloc-cpu/ECOFLOC_CPU_COMM_text.csv
  ✔ [leo:nic] limpiado /home/leo/ecofloc/ecofloc-nic/ECOFLOC_NIC_COMM_text.csv
  ✔ [leo:ram] limpiado /home/leo/ecofloc/ecofloc-ram/ECOFLOC_RAM_COMM_text.csv
  ✔ [leo:sd] limpiado /home/leo/ecofloc/ecofloc-sd/ECOFLOC_SD_COMM_text.csv
  ✔ [aspire:cpu] limpiado /home/luish/Documents/p3/ecofloc2/ecofloc/ecofloc-cpu/ECOFLOC_CPU_COMM_text.csv
  ✔ [aspire:nic] limpiado /home/luish/Documents/p3/ecofloc2/ecofloc/ecofloc-nic/ECOFLOC_NIC_COMM_text.csv
  ✔ [aspire:ram] limpiado /home/luish/Documents/p3/ecofloc2/ecofloc/ecofloc-ram/ECOFLOC_RAM_COMM_text.csv
  ✔ [aspire:sd] limpiado /home/luish/Documents/p3/ecofloc2/ecofloc/ecofloc-sd/ECOFLOC_SD_COMM_text.csv
  ✔ [scorpius:cpu] limpiado /home/scorpius03/Documents/ecofloc/ecofloc-cpu/ECOFLOC_CPU_COMM_text.csv
  ✔ [scorpius:nic] limpiado /home/scorpius03/Documents/ecofloc/ecofloc-nic/ECOFLOC_NIC_COMM_text.csv
  ✔ [scorpius:ram] limpiado /home/scorpius03/Documents/ecofloc/ecofloc-ram/ECOFLOC_RAM_COMM_text.csv
  ✔ [scorpius:sd] limpiado /home/scorpius03/Documents/ecofloc/ecofloc-sd/ECOFLOC_SD_COMM_text.csv
========================================
🔋 MEASURE ENERGY FINALIZADO
   Fase: fase2_preparacion_medium_iter1
========================================
   ➤ Estado actual: 2 / 5 servicios OK
❌ TeaStore aún no está listo. Reintentando en 10s...
   ➤ Estado actual: 2 / 5 servicios OK
❌ TeaStore aún no está listo. Reintentando en 10s...
   ➤ Estado actual: 2 / 5 servicios OK
❌ TeaStore aún no está listo. Reintentando en 10s...
   ➤ Estado actual: 3 / 5 servicios OK
❌ TeaStore aún no está listo. Reintentando en 10s...
   ➤ Estado actual: 5 / 5 servicios OK
✔ TODOS los servicios del TeaStore están OK. Continuando...
⏳ [06:16:59] Esperando que termine medición: fase2_preparacion_medium_iter1 (PID: 3426691)
✔️ [06:16:59] Medición fase2_preparacion_medium_iter1 completada
[📦] Archivando resultados → ./historyexecutions/exp(06:17:04)_fase2_medium_iter1
[✔] Archivado: ./historyexecutions/exp(06:17:04)_fase2_medium_iter1
========================================
🔋 FASE 3: Ejecución de carga (medium, iter 1)
========================================
📋 Capturando PIDs (gepidstea.sh)...
📋 Capturando PIDs de contenedores (kpsnodos.sh)...
🔋 [06:17:20] Iniciando medición de energía: fase3_carga_medium_iter1 (145s)
   PID de medición: 3563239
=== Escenario medium (iter 1) ===
========================================
🔋 MEASURE ENERGY - Fase: fase3_carga_medium_iter1
   Duración: 145s
   PID: 3563239
========================================
=== Medición bloque 145s - Fase: fase3_carga_medium_iter1 ===
🚀 Iniciando LIMBO con profile=/home/luish/Documents/death/teastore/TeaStore/examples/httploadgenerator/increasingMedIntensity.csv y script=/home/luish/Documents/death/teastore/TeaStore/examples/httploadgenerator/teastore_buy.lua
[⏱ 06:17:20] Iniciando ecofloc en nitro5 por 145s (fase: fase3_carga_medium_iter1)
Feb 24, 2026 6:17:21 AM tools.descartes.dlim.httploadgenerator.runner.Director executeDirector
WARNING: No power measurements
Feb 24, 2026 6:17:21 AM tools.descartes.dlim.httploadgenerator.runner.Director executeDirector
INFO: Load Generator Thread Count set to 64
Feb 24, 2026 6:17:21 AM tools.descartes.dlim.httploadgenerator.runner.Director executeDirector
INFO: URL connection timout set to 30000 ms
Feb 24, 2026 6:17:21 AM tools.descartes.dlim.httploadgenerator.runner.Director executeDirector
INFO: Using Lua Script: /home/luish/Documents/death/teastore/TeaStore/examples/httploadgenerator/teastore_buy.lua
Feb 24, 2026 6:17:21 AM tools.descartes.dlim.httploadgenerator.runner.Director process
INFO: Read 120 Arrival Rate Tuples
Load Generator sent: ok
Feb 24, 2026 6:17:21 AM tools.descartes.dlim.httploadgenerator.runner.Director process
INFO: Arrival Rates sent to Load Generator(s).
Load Generator sent: ok
Feb 24, 2026 6:17:21 AM tools.descartes.dlim.httploadgenerator.runner.Director process
INFO: Thread Count sent to Load Generator(s): 64
Load Generator sent: ok
Feb 24, 2026 6:17:21 AM tools.descartes.dlim.httploadgenerator.runner.Director process
INFO: URL connection timeout sent to Load Generator(s): 30000
Load Generator sent: ok
Feb 24, 2026 6:17:21 AM tools.descartes.dlim.httploadgenerator.runner.Director process
INFO: Contents of script sent to Load Generator: /home/luish/Documents/death/teastore/TeaStore/examples/httploadgenerator/teastore_buy.lua
Feb 24, 2026 6:17:21 AM tools.descartes.dlim.httploadgenerator.runner.Director process
INFO: Starting Load Generation
Beginning Run @1771931841146(24.02.2026;06:17:21146)
  ├─ [nitro5:sd] start 06:17:21
Target Time = 0.5; Load Intensity = 8.0; #Success = 0; #Failed = 0; #Dropped = 0
  ├─ [nitro5:ram] start 06:17:21
  ├─ [nitro5:nic] start 06:17:22
[⏱ 06:17:22] Iniciando ecofloc en aspire por 145s (fase: fase3_carga_medium_iter1)
  ├─ [nitro5:cpu] start 06:17:22
  ├─ [aspire:sd] start 06:17:22
  ├─ [aspire:ram] start 06:17:22
[⏱ 06:17:22] Iniciando ecofloc en scorpius por 145s (fase: fase3_carga_medium_iter1)
  ├─ [aspire:nic] start 06:17:22
  ├─ [aspire:cpu] start 06:17:22
  ├─ [scorpius:sd] start 06:17:22
  ├─ [scorpius:ram] start 06:17:22
[⏱ 06:17:22] Iniciando ecofloc en leo por 145s (fase: fase3_carga_medium_iter1)
  ├─ [scorpius:nic] start 06:17:22
  ├─ [scorpius:cpu] start 06:17:22
  ├─ [leo:sd] start 06:17:22
  ├─ [leo:ram] start 06:17:22
  ├─ [leo:nic] start 06:17:22
  ├─ [leo:cpu] start 06:17:22
Target Time = 1.5; Load Intensity = 16.0; #Success = 0; #Failed = 0; #Dropped = 0
Target Time = 2.5; Load Intensity = 25.0; #Success = 3; #Failed = 0; #Dropped = 0
Target Time = 3.5; Load Intensity = 33.0; #Success = 33; #Failed = 0; #Dropped = 0
Target Time = 4.5; Load Intensity = 41.0; #Success = 2; #Failed = 0; #Dropped = 0
Target Time = 5.5; Load Intensity = 50.0; #Success = 10; #Failed = 0; #Dropped = 0
Target Time = 6.5; Load Intensity = 58.0; #Success = 7; #Failed = 0; #Dropped = 0
Target Time = 7.5; Load Intensity = 66.0; #Success = 1; #Failed = 0; #Dropped = 0
Target Time = 8.5; Load Intensity = 75.0; #Success = 5; #Failed = 0; #Dropped = 0
Target Time = 9.5; Load Intensity = 83.0; #Success = 10; #Failed = 0; #Dropped = 0
Target Time = 10.5; Load Intensity = 91.0; #Success = 25; #Failed = 0; #Dropped = 0
Target Time = 11.5; Load Intensity = 100.0; #Success = 6; #Failed = 0; #Dropped = 0
Target Time = 12.5; Load Intensity = 108.0; #Success = 14; #Failed = 0; #Dropped = 0
Target Time = 13.5; Load Intensity = 116.0; #Success = 10; #Failed = 0; #Dropped = 0
Target Time = 14.5; Load Intensity = 125.0; #Success = 11; #Failed = 0; #Dropped = 0
Target Time = 15.5; Load Intensity = 133.0; #Success = 11; #Failed = 0; #Dropped = 0
Target Time = 16.5; Load Intensity = 141.0; #Success = 22; #Failed = 0; #Dropped = 0
Target Time = 17.5; Load Intensity = 150.0; #Success = 17; #Failed = 0; #Dropped = 0
Target Time = 18.5; Load Intensity = 158.0; #Success = 4; #Failed = 0; #Dropped = 0
Target Time = 19.5; Load Intensity = 166.0; #Success = 1; #Failed = 0; #Dropped = 0
Target Time = 20.5; Load Intensity = 175.0; #Success = 0; #Failed = 0; #Dropped = 0
Target Time = 21.5; Load Intensity = 183.0; #Success = 0; #Failed = 0; #Dropped = 0
Target Time = 22.5; Load Intensity = 191.0; #Success = 0; #Failed = 0; #Dropped = 0
Target Time = 23.5; Load Intensity = 200.0; #Success = 0; #Failed = 0; #Dropped = 0
Target Time = 24.5; Load Intensity = 208.0; #Success = 0; #Failed = 0; #Dropped = 0
Target Time = 25.5; Load Intensity = 216.0; #Success = 0; #Failed = 0; #Dropped = 0
Target Time = 26.5; Load Intensity = 225.0; #Success = 0; #Failed = 0; #Dropped = 0
Target Time = 27.5; Load Intensity = 233.0; #Success = 0; #Failed = 0; #Dropped = 0
Target Time = 28.5; Load Intensity = 241.0; #Success = 0; #Failed = 0; #Dropped = 0
Target Time = 29.5; Load Intensity = 250.0; #Success = 0; #Failed = 0; #Dropped = 0
Target Time = 30.5; Load Intensity = 258.0; #Success = 0; #Failed = 0; #Dropped = 0
Target Time = 31.5; Load Intensity = 266.0; #Success = 0; #Failed = 0; #Dropped = 0
Target Time = 32.5; Load Intensity = 275.0; #Success = 0; #Failed = 0; #Dropped = 0
Target Time = 33.5; Load Intensity = 283.0; #Success = 0; #Failed = 0; #Dropped = 0
Target Time = 34.5; Load Intensity = 291.0; #Success = 0; #Failed = 0; #Dropped = 0
Target Time = 35.5; Load Intensity = 300.0; #Success = 0; #Failed = 0; #Dropped = 0
Target Time = 36.5; Load Intensity = 308.0; #Success = 0; #Failed = 0; #Dropped = 0
Target Time = 37.5; Load Intensity = 316.0; #Success = 0; #Failed = 0; #Dropped = 0
Target Time = 38.5; Load Intensity = 325.0; #Success = 0; #Failed = 0; #Dropped = 0
Target Time = 39.5; Load Intensity = 333.0; #Success = 0; #Failed = 0; #Dropped = 0
Target Time = 40.5; Load Intensity = 341.0; #Success = 0; #Failed = 1; #Dropped = 215
Target Time = 41.5; Load Intensity = 350.0; #Success = 2; #Failed = 0; #Dropped = 136
Target Time = 42.5; Load Intensity = 358.0; #Success = 1; #Failed = 15; #Dropped = 134
Target Time = 43.5; Load Intensity = 366.0; #Success = 7; #Failed = 6; #Dropped = 94
Target Time = 44.5; Load Intensity = 375.0; #Success = 5; #Failed = 2; #Dropped = 121
Target Time = 45.5; Load Intensity = 383.0; #Success = 3; #Failed = 2; #Dropped = 126
Target Time = 46.5; Load Intensity = 391.0; #Success = 9; #Failed = 0; #Dropped = 135
Target Time = 47.5; Load Intensity = 400.0; #Success = 8; #Failed = 3; #Dropped = 103
Target Time = 48.5; Load Intensity = 408.0; #Success = 2; #Failed = 3; #Dropped = 179
Target Time = 49.5; Load Intensity = 416.0; #Success = 0; #Failed = 2; #Dropped = 36
Target Time = 50.5; Load Intensity = 425.0; #Success = 0; #Failed = 23; #Dropped = 287
Target Time = 51.5; Load Intensity = 433.0; #Success = 0; #Failed = 24; #Dropped = 163
Target Time = 52.5; Load Intensity = 441.0; #Success = 0; #Failed = 23; #Dropped = 169
Target Time = 53.5; Load Intensity = 450.0; #Success = 0; #Failed = 30; #Dropped = 166
Target Time = 54.5; Load Intensity = 458.0; #Success = 0; #Failed = 19; #Dropped = 173
Target Time = 55.5; Load Intensity = 466.0; #Success = 0; #Failed = 28; #Dropped = 200
Target Time = 56.5; Load Intensity = 475.0; #Success = 0; #Failed = 21; #Dropped = 205
Target Time = 57.5; Load Intensity = 483.0; #Success = 0; #Failed = 29; #Dropped = 182
Target Time = 58.5; Load Intensity = 491.0; #Success = 0; #Failed = 25; #Dropped = 230
Target Time = 59.5; Load Intensity = 500.0; #Success = 0; #Failed = 30; #Dropped = 257
Target Time = 60.5; Load Intensity = 508.0; #Success = 0; #Failed = 21; #Dropped = 205
Target Time = 61.5; Load Intensity = 516.0; #Success = 0; #Failed = 29; #Dropped = 273
Target Time = 62.5; Load Intensity = 525.0; #Success = 0; #Failed = 20; #Dropped = 216
Target Time = 63.5; Load Intensity = 533.0; #Success = 0; #Failed = 21; #Dropped = 274
Target Time = 64.5; Load Intensity = 541.0; #Success = 0; #Failed = 16; #Dropped = 242
Target Time = 65.5; Load Intensity = 550.0; #Success = 0; #Failed = 18; #Dropped = 257
Target Time = 66.5; Load Intensity = 558.0; #Success = 0; #Failed = 17; #Dropped = 340
Target Time = 67.5; Load Intensity = 566.0; #Success = 0; #Failed = 21; #Dropped = 287
Target Time = 68.5; Load Intensity = 575.0; #Success = 0; #Failed = 33; #Dropped = 308
Target Time = 69.5; Load Intensity = 583.0; #Success = 0; #Failed = 15; #Dropped = 320
Target Time = 70.5; Load Intensity = 591.0; #Success = 0; #Failed = 7; #Dropped = 320
Target Time = 71.5; Load Intensity = 600.0; #Success = 0; #Failed = 28; #Dropped = 292
Target Time = 72.5; Load Intensity = 608.0; #Success = 0; #Failed = 19; #Dropped = 382
Target Time = 73.5; Load Intensity = 616.0; #Success = 0; #Failed = 21; #Dropped = 362
Target Time = 74.5; Load Intensity = 625.0; #Success = 0; #Failed = 8; #Dropped = 345
Target Time = 75.5; Load Intensity = 633.0; #Success = 0; #Failed = 29; #Dropped = 377
Target Time = 76.5; Load Intensity = 641.0; #Success = 0; #Failed = 25; #Dropped = 338
Target Time = 77.5; Load Intensity = 650.0; #Success = 0; #Failed = 19; #Dropped = 410
Target Time = 78.5; Load Intensity = 658.0; #Success = 0; #Failed = 32; #Dropped = 360
Target Time = 79.5; Load Intensity = 666.0; #Success = 0; #Failed = 19; #Dropped = 327
Target Time = 80.5; Load Intensity = 675.0; #Success = 0; #Failed = 28; #Dropped = 486
Target Time = 81.5; Load Intensity = 683.0; #Success = 0; #Failed = 32; #Dropped = 322
Target Time = 82.5; Load Intensity = 691.0; #Success = 0; #Failed = 8; #Dropped = 459
Target Time = 83.5; Load Intensity = 700.0; #Success = 0; #Failed = 8; #Dropped = 339
Target Time = 84.5; Load Intensity = 708.0; #Success = 0; #Failed = 28; #Dropped = 564
Target Time = 85.5; Load Intensity = 716.0; #Success = 0; #Failed = 13; #Dropped = 436
Target Time = 86.5; Load Intensity = 725.0; #Success = 0; #Failed = 23; #Dropped = 516
Target Time = 87.5; Load Intensity = 733.0; #Success = 0; #Failed = 13; #Dropped = 400
Target Time = 88.5; Load Intensity = 741.0; #Success = 0; #Failed = 14; #Dropped = 401
Target Time = 89.5; Load Intensity = 750.0; #Success = 0; #Failed = 37; #Dropped = 475
Target Time = 90.5; Load Intensity = 758.0; #Success = 0; #Failed = 19; #Dropped = 527
Target Time = 91.5; Load Intensity = 766.0; #Success = 0; #Failed = 26; #Dropped = 526
Target Time = 92.5; Load Intensity = 775.0; #Success = 0; #Failed = 16; #Dropped = 500
Target Time = 93.5; Load Intensity = 783.0; #Success = 0; #Failed = 28; #Dropped = 575
Target Time = 94.5; Load Intensity = 791.0; #Success = 0; #Failed = 27; #Dropped = 455
Target Time = 95.5; Load Intensity = 800.0; #Success = 0; #Failed = 18; #Dropped = 513
Target Time = 96.5; Load Intensity = 808.0; #Success = 0; #Failed = 33; #Dropped = 544
Target Time = 97.5; Load Intensity = 816.0; #Success = 0; #Failed = 16; #Dropped = 563
Target Time = 98.5; Load Intensity = 825.0; #Success = 0; #Failed = 17; #Dropped = 555
Target Time = 99.5; Load Intensity = 833.0; #Success = 0; #Failed = 18; #Dropped = 515
Target Time = 100.5; Load Intensity = 841.0; #Success = 0; #Failed = 34; #Dropped = 591
Target Time = 101.5; Load Intensity = 850.0; #Success = 0; #Failed = 26; #Dropped = 593
Target Time = 102.5; Load Intensity = 858.0; #Success = 0; #Failed = 14; #Dropped = 581
Target Time = 103.5; Load Intensity = 866.0; #Success = 0; #Failed = 34; #Dropped = 655
Target Time = 104.5; Load Intensity = 875.0; #Success = 0; #Failed = 11; #Dropped = 581
Target Time = 105.5; Load Intensity = 883.0; #Success = 0; #Failed = 14; #Dropped = 506
Target Time = 106.5; Load Intensity = 891.0; #Success = 0; #Failed = 13; #Dropped = 741
Target Time = 107.5; Load Intensity = 900.0; #Success = 0; #Failed = 15; #Dropped = 566
Target Time = 108.5; Load Intensity = 908.0; #Success = 0; #Failed = 19; #Dropped = 673
Target Time = 109.5; Load Intensity = 916.0; #Success = 0; #Failed = 16; #Dropped = 643
Target Time = 110.5; Load Intensity = 925.0; #Success = 0; #Failed = 26; #Dropped = 635
Target Time = 111.5; Load Intensity = 933.0; #Success = 0; #Failed = 19; #Dropped = 669
Target Time = 112.5; Load Intensity = 941.0; #Success = 0; #Failed = 26; #Dropped = 734
Target Time = 113.5; Load Intensity = 950.0; #Success = 0; #Failed = 14; #Dropped = 493
Target Time = 114.5; Load Intensity = 958.0; #Success = 0; #Failed = 24; #Dropped = 807
Target Time = 115.5; Load Intensity = 966.0; #Success = 0; #Failed = 25; #Dropped = 575
Target Time = 116.5; Load Intensity = 975.0; #Success = 0; #Failed = 32; #Dropped = 796
Target Time = 117.5; Load Intensity = 983.0; #Success = 0; #Failed = 21; #Dropped = 782
Target Time = 118.5; Load Intensity = 991.0; #Success = 0; #Failed = 14; #Dropped = 688
Target Time = 119.5; Load Intensity = 1000.0; #Success = 0; #Failed = 22; #Dropped = 717
Target Time = 120.5; Load Intensity = 0.0; #Success = 0; #Failed = 20; #Dropped = 754
Target Time = 121.5; Load Intensity = 0.0; #Success = 0; #Failed = 29; #Dropped = 736
Target Time = 122.5; Load Intensity = 0.0; #Success = 0; #Failed = 24; #Dropped = 793
Target Time = 123.5; Load Intensity = 0.0; #Success = 0; #Failed = 19; #Dropped = 724
Target Time = 124.5; Load Intensity = 0.0; #Success = 0; #Failed = 23; #Dropped = 845
Target Time = 125.5; Load Intensity = 0.0; #Success = 0; #Failed = 14; #Dropped = 420
Target Time = 126.5; Load Intensity = 0.0; #Success = 0; #Failed = 18; #Dropped = 1039
Target Time = 127.5; Load Intensity = 0.0; #Success = 0; #Failed = 19; #Dropped = 546
Target Time = 128.5; Load Intensity = 0.0; #Success = 0; #Failed = 28; #Dropped = 1077
Target Time = 129.5; Load Intensity = 0.0; #Success = 0; #Failed = 30; #Dropped = 791
Target Time = 130.5; Load Intensity = 0.0; #Success = 0; #Failed = 1; #Dropped = 210
Target Time = 131.5; Load Intensity = 0.0; #Success = 0; #Failed = 1; #Dropped = 1192
Target Time = 132.5; Load Intensity = 0.0; #Success = 0; #Failed = 0; #Dropped = 0
Target Time = 133.5; Load Intensity = 0.0; #Success = 0; #Failed = 0; #Dropped = 0
Target Time = 134.5; Load Intensity = 0.0; #Success = 0; #Failed = 0; #Dropped = 0
Target Time = 135.5; Load Intensity = 0.0; #Success = 3; #Failed = 0; #Dropped = 3629
Target Time = 136.5; Load Intensity = 0.0; #Success = 0; #Failed = 0; #Dropped = 0
Target Time = 137.5; Load Intensity = 0.0; #Success = 0; #Failed = 13; #Dropped = 1905
Target Time = 138.5; Load Intensity = 0.0; #Success = 0; #Failed = 6; #Dropped = 889
Target Time = 139.5; Load Intensity = 0.0; #Success = 0; #Failed = 5; #Dropped = 925
Target Time = 140.5; Load Intensity = 0.0; #Success = 0; #Failed = 6; #Dropped = 949
Target Time = 141.5; Load Intensity = 0.0; #Success = 0; #Failed = 7; #Dropped = 909
Target Time = 142.5; Load Intensity = 0.0; #Success = 0; #Failed = 0; #Dropped = 0
Target Time = 143.5; Load Intensity = 0.0; #Success = 0; #Failed = 2; #Dropped = 1858
Target Time = 144.5; Load Intensity = 0.0; #Success = 0; #Failed = 3; #Dropped = 956
  └─ [nitro5:sd] end 06:19:46
Target Time = 145.5; Load Intensity = 0.0; #Success = 0; #Failed = 2; #Dropped = 882
  └─ [nitro5:ram] end 06:19:46
  └─ [nitro5:nic] end 06:19:47
  └─ [nitro5:cpu] end 06:19:47
Target Time = 146.5; Load Intensity = 0.0; #Success = 0; #Failed = 5; #Dropped = 1148
Target Time = 147.5; Load Intensity = 0.0; #Success = 0; #Failed = 3; #Dropped = 807
Target Time = 148.5; Load Intensity = 0.0; #Success = 0; #Failed = 4; #Dropped = 1111
Target Time = 149.5; Load Intensity = 0.0; #Success = 0; #Failed = 3; #Dropped = 881
Target Time = 150.5; Load Intensity = 0.0; #Success = 0; #Failed = 4; #Dropped = 115
Target Time = 151.5; Load Intensity = 0.0; #Success = 0; #Failed = 1; #Dropped = 0
  └─ [leo:nic] end 06:19:53
Target Time = 152.5; Load Intensity = 0.0; #Success = 0; #Failed = 10; #Dropped = 0
Target Time = 153.5; Load Intensity = 0.0; #Success = 0; #Failed = 12; #Dropped = 0
  └─ [leo:cpu] end 06:19:55
  └─ [leo:sd] end 06:19:55
Target Time = 154.5; Load Intensity = 0.0; #Success = 0; #Failed = 1; #Dropped = 0
  └─ [leo:ram] end 06:19:56
Target Time = 155.5; Load Intensity = 0.0; #Success = 2; #Failed = 9; #Dropped = 0
Target Time = 156.5; Load Intensity = 0.0; #Success = 0; #Failed = 0; #Dropped = 0
  └─ [scorpius:cpu] end 06:19:57
  └─ [scorpius:sd] end 06:19:58
Target Time = 157.5; Load Intensity = 0.0; #Success = 1; #Failed = 9; #Dropped = 0
  └─ [scorpius:ram] end 06:19:59
Target Time = 158.5; Load Intensity = 0.0; #Success = 1; #Failed = 0; #Dropped = 0
Target Time = 159.5; Load Intensity = 0.0; #Success = 6; #Failed = 0; #Dropped = 0
Target Time = 160.5; Load Intensity = 0.0; #Success = 0; #Failed = 0; #Dropped = 0
Target Time = 161.5; Load Intensity = 0.0; #Success = 0; #Failed = 0; #Dropped = 0
Target Time = 162.5; Load Intensity = 0.0; #Success = 0; #Failed = 0; #Dropped = 0
Target Time = 163.5; Load Intensity = 0.0; #Success = 0; #Failed = 0; #Dropped = 0
Target Time = 164.5; Load Intensity = 0.0; #Success = 0; #Failed = 0; #Dropped = 0
Target Time = 165.5; Load Intensity = 0.0; #Success = 0; #Failed = 0; #Dropped = 0
Target Time = 166.5; Load Intensity = 0.0; #Success = 0; #Failed = 0; #Dropped = 0
Target Time = 167.5; Load Intensity = 0.0; #Success = 1; #Failed = 0; #Dropped = 0
Target Time = 168.5; Load Intensity = 0.0; #Success = 2; #Failed = 0; #Dropped = 0
Target Time = 169.5; Load Intensity = 0.0; #Success = 4; #Failed = 0; #Dropped = 0
  └─ [aspire:sd] end 06:20:11
  └─ [aspire:cpu] end 06:20:11
Target Time = 170.5; Load Intensity = 0.0; #Success = 0; #Failed = 0; #Dropped = 0
Target Time = 171.5; Load Intensity = 0.0; #Success = 0; #Failed = 0; #Dropped = 0
  └─ [aspire:ram] end 06:20:13
Target Time = 172.5; Load Intensity = 0.0; #Success = 1; #Failed = 0; #Dropped = 0
  └─ [aspire:nic] end 06:20:15
=== Bloque 145s terminado - Fase: fase3_carga_medium_iter1 ===
[🧹] Limpiando CSVs internos de ecofloc en cada nodo (fase: fase3_carga_medium_iter1)...
  ✔ [nitro5:cpu] limpiado /home/luish/Documents/p3/ecofloc2/ecofloc/ecofloc-cpu/ECOFLOC_CPU_COMM_text.csv
  ✔ [nitro5:nic] limpiado /home/luish/Documents/p3/ecofloc2/ecofloc/ecofloc-nic/ECOFLOC_NIC_COMM_text.csv
  ✔ [nitro5:ram] limpiado /home/luish/Documents/p3/ecofloc2/ecofloc/ecofloc-ram/ECOFLOC_RAM_COMM_text.csv
  ✔ [nitro5:sd] limpiado /home/luish/Documents/p3/ecofloc2/ecofloc/ecofloc-sd/ECOFLOC_SD_COMM_text.csv
  ✔ [leo:cpu] limpiado /home/leo/ecofloc/ecofloc-cpu/ECOFLOC_CPU_COMM_text.csv
  ✔ [leo:nic] limpiado /home/leo/ecofloc/ecofloc-nic/ECOFLOC_NIC_COMM_text.csv
  ✔ [leo:ram] limpiado /home/leo/ecofloc/ecofloc-ram/ECOFLOC_RAM_COMM_text.csv
  ✔ [leo:sd] limpiado /home/leo/ecofloc/ecofloc-sd/ECOFLOC_SD_COMM_text.csv
  ✔ [aspire:cpu] limpiado /home/luish/Documents/p3/ecofloc2/ecofloc/ecofloc-cpu/ECOFLOC_CPU_COMM_text.csv
  ✔ [aspire:nic] limpiado /home/luish/Documents/p3/ecofloc2/ecofloc/ecofloc-nic/ECOFLOC_NIC_COMM_text.csv
Workload finished.
Log finished.
📄 LIMBO finalizado para scenario=medium
⏳ [06:20:18] Esperando que termine medición: fase3_carga_medium_iter1 (PID: 3563239)
  ✔ [aspire:ram] limpiado /home/luish/Documents/p3/ecofloc2/ecofloc/ecofloc-ram/ECOFLOC_RAM_COMM_text.csv
  ✔ [aspire:sd] limpiado /home/luish/Documents/p3/ecofloc2/ecofloc/ecofloc-sd/ECOFLOC_SD_COMM_text.csv
  ✔ [scorpius:cpu] limpiado /home/scorpius03/Documents/ecofloc/ecofloc-cpu/ECOFLOC_CPU_COMM_text.csv
  ✔ [scorpius:nic] limpiado /home/scorpius03/Documents/ecofloc/ecofloc-nic/ECOFLOC_NIC_COMM_text.csv
  ✔ [scorpius:ram] limpiado /home/scorpius03/Documents/ecofloc/ecofloc-ram/ECOFLOC_RAM_COMM_text.csv
  ✔ [scorpius:sd] limpiado /home/scorpius03/Documents/ecofloc/ecofloc-sd/ECOFLOC_SD_COMM_text.csv
========================================
🔋 MEASURE ENERGY FINALIZADO
   Fase: fase3_carga_medium_iter1
========================================
✔️ [06:20:20] Medición fase3_carga_medium_iter1 completada
[📦] Archivando resultados → ./historyexecutions/exp(06:20:25)_fase3_medium_iter1
[✔] Archivado: ./historyexecutions/exp(06:20:25)_fase3_medium_iter1
🧹 Limpiando TeaStore (iter 1)...
⏸ Esperando 15s para limpieza completa...
✅ Iteración 1 / 5 del escenario medium completada.

########################################################
🔄 ESCENARIO: medium | ITERACIÓN: 2 / 5
   Hora: 06:21:13
########################################################
========================================
🔋 FASE 1: Descarga de imágenes (medium, iter 2)
========================================
📋 Capturando PIDs (gepidstea.sh)...
📋 Capturando PIDs de contenedores (kpsnodos.sh)...
🔋 [06:21:32] Iniciando medición de energía: fase1_descarga_medium_iter2 (25s)
   PID de medición: 3939867
🚀 Desplegando TeaStore desde https://raw.githubusercontent.com/DescartesResearch/TeaStore/master/examples/kubernetes/teastore-ribbon.yaml...
========================================
🔋 MEASURE ENERGY - Fase: fase1_descarga_medium_iter2
   Duración: 25s
   PID: 3939867
========================================
=== Medición bloque 25s - Fase: fase1_descarga_medium_iter2 ===
[⏱ 06:21:32] Iniciando ecofloc en nitro5 por 25s (fase: fase1_descarga_medium_iter2)
⏳ Esperando a que todos los pods de TeaStore estén Running y Ready...
  ├─ [nitro5:sd] start 06:21:32
  ├─ [nitro5:ram] start 06:21:33
  ├─ [nitro5:nic] start 06:21:33
[⏱ 06:21:34] Iniciando ecofloc en aspire por 25s (fase: fase1_descarga_medium_iter2)
  ├─ [nitro5:cpu] start 06:21:34
  ├─ [aspire:sd] start 06:21:34
  ├─ [aspire:ram] start 06:21:34
[⏱ 06:21:34] Iniciando ecofloc en scorpius por 25s (fase: fase1_descarga_medium_iter2)
  ├─ [aspire:nic] start 06:21:34
  ├─ [aspire:cpu] start 06:21:34
  ├─ [scorpius:sd] start 06:21:34
  ├─ [scorpius:ram] start 06:21:34
  ├─ [scorpius:nic] start 06:21:34
[⏱ 06:21:34] Iniciando ecofloc en leo por 25s (fase: fase1_descarga_medium_iter2)
  ├─ [scorpius:cpu] start 06:21:34
  ├─ [leo:sd] start 06:21:34
  ├─ [leo:ram] start 06:21:34
  ├─ [leo:nic] start 06:21:34
  ├─ [leo:cpu] start 06:21:34
✅ Pods listos.
⏳ [06:21:43] Esperando que termine medición: fase1_descarga_medium_iter2 (PID: 3939867)
  └─ [nitro5:sd] end 06:21:57
  └─ [nitro5:ram] end 06:21:58
  └─ [nitro5:nic] end 06:21:58
  └─ [nitro5:cpu] end 06:21:59
  └─ [aspire:sd] end 06:22:00
  └─ [aspire:cpu] end 06:22:00
  └─ [scorpius:cpu] end 06:22:00
  └─ [leo:cpu] end 06:22:00
  └─ [leo:sd] end 06:22:00
  └─ [scorpius:sd] end 06:22:00
  └─ [scorpius:nic] end 06:22:00
  └─ [leo:nic] end 06:22:00
  └─ [leo:ram] end 06:22:00
  └─ [aspire:nic] end 06:22:01
  └─ [scorpius:ram] end 06:22:01
  └─ [aspire:ram] end 06:22:01
=== Bloque 25s terminado - Fase: fase1_descarga_medium_iter2 ===
[🧹] Limpiando CSVs internos de ecofloc en cada nodo (fase: fase1_descarga_medium_iter2)...
  ✔ [nitro5:cpu] limpiado /home/luish/Documents/p3/ecofloc2/ecofloc/ecofloc-cpu/ECOFLOC_CPU_COMM_text.csv
  ✔ [nitro5:nic] limpiado /home/luish/Documents/p3/ecofloc2/ecofloc/ecofloc-nic/ECOFLOC_NIC_COMM_text.csv
  ✔ [nitro5:ram] limpiado /home/luish/Documents/p3/ecofloc2/ecofloc/ecofloc-ram/ECOFLOC_RAM_COMM_text.csv
  ✔ [nitro5:sd] limpiado /home/luish/Documents/p3/ecofloc2/ecofloc/ecofloc-sd/ECOFLOC_SD_COMM_text.csv
  ✔ [leo:cpu] limpiado /home/leo/ecofloc/ecofloc-cpu/ECOFLOC_CPU_COMM_text.csv
  ✔ [leo:nic] limpiado /home/leo/ecofloc/ecofloc-nic/ECOFLOC_NIC_COMM_text.csv
  ✔ [leo:ram] limpiado /home/leo/ecofloc/ecofloc-ram/ECOFLOC_RAM_COMM_text.csv
  ✔ [leo:sd] limpiado /home/leo/ecofloc/ecofloc-sd/ECOFLOC_SD_COMM_text.csv
  ✔ [aspire:cpu] limpiado /home/luish/Documents/p3/ecofloc2/ecofloc/ecofloc-cpu/ECOFLOC_CPU_COMM_text.csv
  ✔ [aspire:nic] limpiado /home/luish/Documents/p3/ecofloc2/ecofloc/ecofloc-nic/ECOFLOC_NIC_COMM_text.csv
  ✔ [aspire:ram] limpiado /home/luish/Documents/p3/ecofloc2/ecofloc/ecofloc-ram/ECOFLOC_RAM_COMM_text.csv
  ✔ [aspire:sd] limpiado /home/luish/Documents/p3/ecofloc2/ecofloc/ecofloc-sd/ECOFLOC_SD_COMM_text.csv
  ✔ [scorpius:cpu] limpiado /home/scorpius03/Documents/ecofloc/ecofloc-cpu/ECOFLOC_CPU_COMM_text.csv
  ✔ [scorpius:nic] limpiado /home/scorpius03/Documents/ecofloc/ecofloc-nic/ECOFLOC_NIC_COMM_text.csv
  ✔ [scorpius:ram] limpiado /home/scorpius03/Documents/ecofloc/ecofloc-ram/ECOFLOC_RAM_COMM_text.csv
  ✔ [scorpius:sd] limpiado /home/scorpius03/Documents/ecofloc/ecofloc-sd/ECOFLOC_SD_COMM_text.csv
========================================
🔋 MEASURE ENERGY FINALIZADO
   Fase: fase1_descarga_medium_iter2
========================================
✔️ [06:22:04] Medición fase1_descarga_medium_iter2 completada
[📦] Archivando resultados → ./historyexecutions/exp(06:22:09)_fase1_medium_iter2
