========================================
🔬 EXPERIMENTO: HIGH=15, LOW=15, MED=13
   Escenarios: 3
   Total ejecuciones: 43
   Inicio: 2026-02-26 00:40:47
========================================

########################################################
🔄 ESCENARIO: low | ITERACIÓN: 1 / 15
   Hora: 00:40:47
########################################################
========================================
🔋 FASE 1: Descarga de imágenes (low, iter 1)
========================================
📋 Capturando PIDs (gepidstea.sh)...
📋 Capturando PIDs de contenedores (kpsnodos.sh)...
🔋 [00:41:08] Iniciando medición de energía: fase1_descarga_low_iter1 (25s)
   PID de medición: 1287403
🚀 Desplegando TeaStore desde /home/luish/Documents/death/teastore/TeaStore/examples/kubernetes/teastore-energy-scheduler.yaml...
========================================
🔋 MEASURE ENERGY - Fase: fase1_descarga_low_iter1
   Duración: 25s
   PID: 1287403
========================================
=== Medición bloque 25s - Fase: fase1_descarga_low_iter1 ===
[⏱ 00:41:08] Iniciando ecofloc en nitro5 por 25s (fase: fase1_descarga_low_iter1)
⏳ Esperando a que todos los pods de TeaStore estén Running y Ready...
  ├─ [nitro5:sd] start 00:41:09
  ├─ [nitro5:ram] start 00:41:09
  ├─ [nitro5:nic] start 00:41:09
[⏱ 00:41:10] Iniciando ecofloc en aspire por 25s (fase: fase1_descarga_low_iter1)
  ├─ [nitro5:cpu] start 00:41:10
  ├─ [aspire:sd] start 00:41:10
  ├─ [aspire:ram] start 00:41:10
  ├─ [aspire:nic] start 00:41:10
[⏱ 00:41:10] Iniciando ecofloc en scorpius por 25s (fase: fase1_descarga_low_iter1)
  ├─ [aspire:cpu] start 00:41:10
  ├─ [scorpius:sd] start 00:41:10
  ├─ [scorpius:ram] start 00:41:10
[⏱ 00:41:10] Iniciando ecofloc en leo por 25s (fase: fase1_descarga_low_iter1)
  ├─ [scorpius:nic] start 00:41:10
  ├─ [scorpius:cpu] start 00:41:10
  ├─ [leo:sd] start 00:41:10
  ├─ [leo:ram] start 00:41:10
  ├─ [leo:nic] start 00:41:10
  ├─ [leo:cpu] start 00:41:10
✅ Pods listos.
⏳ [00:41:13] Esperando que termine medición: fase1_descarga_low_iter1 (PID: 1287403)
  └─ [nitro5:sd] end 00:41:34
  └─ [nitro5:ram] end 00:41:34
  └─ [nitro5:nic] end 00:41:34
  └─ [nitro5:cpu] end 00:41:35
  └─ [aspire:cpu] end 00:41:37
  └─ [aspire:sd] end 00:41:37
  └─ [leo:sd] end 00:41:37
  └─ [leo:nic] end 00:41:37
  └─ [aspire:nic] end 00:41:37
  └─ [scorpius:sd] end 00:41:37
  └─ [leo:cpu] end 00:41:37
  └─ [scorpius:cpu] end 00:41:37
  └─ [aspire:ram] end 00:41:37
  └─ [leo:ram] end 00:41:38
  └─ [scorpius:nic] end 00:41:38
  └─ [scorpius:ram] end 00:41:38
=== Bloque 25s terminado - Fase: fase1_descarga_low_iter1 ===
[🧹] Limpiando CSVs internos de ecofloc en cada nodo (fase: fase1_descarga_low_iter1)...
  ✔ [nitro5:cpu] limpiado /home/luish/Documents/p3/ecofloc2/ecofloc/ecofloc-cpu/ECOFLOC_CPU_COMM_text.csv
  ✔ [nitro5:nic] limpiado /home/luish/Documents/p3/ecofloc2/ecofloc/ecofloc-nic/ECOFLOC_NIC_COMM_text.csv
  ✔ [nitro5:ram] limpiado /home/luish/Documents/p3/ecofloc2/ecofloc/ecofloc-ram/ECOFLOC_RAM_COMM_text.csv
  ✔ [nitro5:sd] limpiado /home/luish/Documents/p3/ecofloc2/ecofloc/ecofloc-sd/ECOFLOC_SD_COMM_text.csv
  ✔ [leo:cpu] limpiado /home/leo/ecofloc/ecofloc-cpu/ECOFLOC_CPU_COMM_text.csv
  ✔ [leo:nic] limpiado /home/leo/ecofloc/ecofloc-nic/ECOFLOC_NIC_COMM_text.csv
  ✔ [leo:ram] limpiado /home/leo/ecofloc/ecofloc-ram/ECOFLOC_RAM_COMM_text.csv
  ✔ [leo:sd] limpiado /home/leo/ecofloc/ecofloc-sd/ECOFLOC_SD_COMM_text.csv
  ✔ [aspire:cpu] limpiado /home/luish/Documents/p3/ecofloc2/ecofloc/ecofloc-cpu/ECOFLOC_CPU_COMM_text.csv
  ✔ [aspire:nic] limpiado /home/luish/Documents/p3/ecofloc2/ecofloc/ecofloc-nic/ECOFLOC_NIC_COMM_text.csv
  ✔ [aspire:ram] limpiado /home/luish/Documents/p3/ecofloc2/ecofloc/ecofloc-ram/ECOFLOC_RAM_COMM_text.csv
  ✔ [aspire:sd] limpiado /home/luish/Documents/p3/ecofloc2/ecofloc/ecofloc-sd/ECOFLOC_SD_COMM_text.csv
  ✔ [scorpius:cpu] limpiado /home/scorpius03/Documents/ecofloc/ecofloc-cpu/ECOFLOC_CPU_COMM_text.csv
  ✔ [scorpius:nic] limpiado /home/scorpius03/Documents/ecofloc/ecofloc-nic/ECOFLOC_NIC_COMM_text.csv
  ✔ [scorpius:ram] limpiado /home/scorpius03/Documents/ecofloc/ecofloc-ram/ECOFLOC_RAM_COMM_text.csv
  ✔ [scorpius:sd] limpiado /home/scorpius03/Documents/ecofloc/ecofloc-sd/ECOFLOC_SD_COMM_text.csv
========================================
🔋 MEASURE ENERGY FINALIZADO
   Fase: fase1_descarga_low_iter1
========================================
✔️ [00:41:42] Medición fase1_descarga_low_iter1 completada
[📦] Archivando resultados → ./historyexecutions/exp(00:41:47)_fase1_low_iter1
[✔] Archivado: ./historyexecutions/exp(00:41:47)_fase1_low_iter1
========================================
🔋 FASE 2: Preparación de servicios (low, iter 1)
========================================
📋 Capturando PIDs (gepidstea.sh)...
📋 Capturando PIDs de contenedores (kpsnodos.sh)...
🔋 [00:42:03] Iniciando medición de energía: fase2_preparacion_low_iter1 (50s)
   PID de medición: 1352145
========================================
🔋 MEASURE ENERGY - Fase: fase2_preparacion_low_iter1
   Duración: 50s
   PID: 1352145
========================================
=== Medición bloque 50s - Fase: fase2_preparacion_low_iter1 ===
[⏱ 00:42:03] Iniciando ecofloc en nitro5 por 50s (fase: fase2_preparacion_low_iter1)
⏳ Esperando 10s a que CoreDNS se estabilice...
  ├─ [nitro5:sd] start 00:42:04
  ├─ [nitro5:ram] start 00:42:04
  ├─ [nitro5:nic] start 00:42:04
[⏱ 00:42:05] Iniciando ecofloc en aspire por 50s (fase: fase2_preparacion_low_iter1)
  ├─ [nitro5:cpu] start 00:42:05
  ├─ [aspire:sd] start 00:42:05
  ├─ [aspire:ram] start 00:42:05
[⏱ 00:42:05] Iniciando ecofloc en scorpius por 50s (fase: fase2_preparacion_low_iter1)
  ├─ [aspire:nic] start 00:42:05
  ├─ [aspire:cpu] start 00:42:05
  ├─ [scorpius:sd] start 00:42:05
  ├─ [scorpius:ram] start 00:42:05
  ├─ [scorpius:nic] start 00:42:05
[⏱ 00:42:05] Iniciando ecofloc en leo por 50s (fase: fase2_preparacion_low_iter1)
  ├─ [scorpius:cpu] start 00:42:05
  ├─ [leo:ram] start 00:42:05
  ├─ [leo:nic] start 00:42:05
  ├─ [leo:sd] start 00:42:05
  ├─ [leo:cpu] start 00:42:05
➡️ Pod WebUI: teastore-webui-ff7768544-kfltk
➡️ Está en el nodo: luish-nitro-an515-57
🌐 IP del nodo WebUI: 192.168.18.27
⏳ Verificando estado del TeaStore en http://192.168.18.27:30080/tools.descartes.teastore.webui/status ...
   ➤ Estado actual: 5 / 5 servicios OK
✔ TODOS los servicios del TeaStore están OK. Continuando...
⏳ [00:42:16] Esperando que termine medición: fase2_preparacion_low_iter1 (PID: 1352145)
  └─ [nitro5:sd] end 00:42:54
  └─ [nitro5:ram] end 00:42:54
  └─ [nitro5:nic] end 00:42:54
  └─ [nitro5:cpu] end 00:42:55
  └─ [scorpius:cpu] end 00:42:55
  └─ [aspire:cpu] end 00:42:56
  └─ [scorpius:sd] end 00:42:56
  └─ [leo:cpu] end 00:42:57
  └─ [leo:sd] end 00:42:57
  └─ [aspire:nic] end 00:42:57
  └─ [aspire:ram] end 00:42:57
  └─ [scorpius:nic] end 00:42:57
  └─ [scorpius:ram] end 00:42:59
  └─ [leo:ram] end 00:42:59
  └─ [leo:nic] end 00:43:00
=== Bloque 50s terminado - Fase: fase2_preparacion_low_iter1 ===
[🧹] Limpiando CSVs internos de ecofloc en cada nodo (fase: fase2_preparacion_low_iter1)...
  ✔ [nitro5:cpu] limpiado /home/luish/Documents/p3/ecofloc2/ecofloc/ecofloc-cpu/ECOFLOC_CPU_COMM_text.csv
  ✔ [nitro5:nic] limpiado /home/luish/Documents/p3/ecofloc2/ecofloc/ecofloc-nic/ECOFLOC_NIC_COMM_text.csv
  ✔ [nitro5:ram] limpiado /home/luish/Documents/p3/ecofloc2/ecofloc/ecofloc-ram/ECOFLOC_RAM_COMM_text.csv
  ✔ [nitro5:sd] limpiado /home/luish/Documents/p3/ecofloc2/ecofloc/ecofloc-sd/ECOFLOC_SD_COMM_text.csv
  ✔ [leo:cpu] limpiado /home/leo/ecofloc/ecofloc-cpu/ECOFLOC_CPU_COMM_text.csv
  ✔ [leo:nic] limpiado /home/leo/ecofloc/ecofloc-nic/ECOFLOC_NIC_COMM_text.csv
  ✔ [leo:ram] limpiado /home/leo/ecofloc/ecofloc-ram/ECOFLOC_RAM_COMM_text.csv
  ✔ [leo:sd] limpiado /home/leo/ecofloc/ecofloc-sd/ECOFLOC_SD_COMM_text.csv
  ✔ [aspire:cpu] limpiado /home/luish/Documents/p3/ecofloc2/ecofloc/ecofloc-cpu/ECOFLOC_CPU_COMM_text.csv
  ✔ [aspire:nic] limpiado /home/luish/Documents/p3/ecofloc2/ecofloc/ecofloc-nic/ECOFLOC_NIC_COMM_text.csv
  ✔ [aspire:ram] limpiado /home/luish/Documents/p3/ecofloc2/ecofloc/ecofloc-ram/ECOFLOC_RAM_COMM_text.csv
  ✔ [aspire:sd] limpiado /home/luish/Documents/p3/ecofloc2/ecofloc/ecofloc-sd/ECOFLOC_SD_COMM_text.csv
  ✔ [scorpius:cpu] limpiado /home/scorpius03/Documents/ecofloc/ecofloc-cpu/ECOFLOC_CPU_COMM_text.csv
  ✔ [scorpius:nic] limpiado /home/scorpius03/Documents/ecofloc/ecofloc-nic/ECOFLOC_NIC_COMM_text.csv
  ✔ [scorpius:ram] limpiado /home/scorpius03/Documents/ecofloc/ecofloc-ram/ECOFLOC_RAM_COMM_text.csv
  ✔ [scorpius:sd] limpiado /home/scorpius03/Documents/ecofloc/ecofloc-sd/ECOFLOC_SD_COMM_text.csv
========================================
🔋 MEASURE ENERGY FINALIZADO
   Fase: fase2_preparacion_low_iter1
========================================
✔️ [00:43:04] Medición fase2_preparacion_low_iter1 completada
[📦] Archivando resultados → ./historyexecutions/exp(00:43:09)_fase2_low_iter1
[✔] Archivado: ./historyexecutions/exp(00:43:09)_fase2_low_iter1
========================================
🔋 FASE 3: Ejecución de carga (low, iter 1)
========================================
📋 Capturando PIDs (gepidstea.sh)...
📋 Capturando PIDs de contenedores (kpsnodos.sh)...
🔋 [00:43:29] Iniciando medición de energía: fase3_carga_low_iter1 (145s)
   PID de medición: 1488843
=== Escenario low (iter 1) ===
========================================
🔋 MEASURE ENERGY - Fase: fase3_carga_low_iter1
   Duración: 145s
   PID: 1488843
========================================
=== Medición bloque 145s - Fase: fase3_carga_low_iter1 ===
🚀 Iniciando LIMBO con profile=/home/luish/Documents/death/teastore/TeaStore/examples/httploadgenerator/increasingLowIntensity.csv y script=/home/luish/Documents/death/teastore/TeaStore/examples/httploadgenerator/teastore_buy.lua
[⏱ 00:43:29] Iniciando ecofloc en nitro5 por 145s (fase: fase3_carga_low_iter1)
Feb 26, 2026 12:43:29 AM tools.descartes.dlim.httploadgenerator.runner.Director executeDirector
WARNING: No power measurements
Feb 26, 2026 12:43:29 AM tools.descartes.dlim.httploadgenerator.runner.Director executeDirector
INFO: Load Generator Thread Count set to 64
Feb 26, 2026 12:43:29 AM tools.descartes.dlim.httploadgenerator.runner.Director executeDirector
INFO: URL connection timout set to 30000 ms
Feb 26, 2026 12:43:29 AM tools.descartes.dlim.httploadgenerator.runner.Director executeDirector
INFO: Using Lua Script: /home/luish/Documents/death/teastore/TeaStore/examples/httploadgenerator/teastore_buy.lua
Feb 26, 2026 12:43:29 AM tools.descartes.dlim.httploadgenerator.runner.Director process
INFO: Read 120 Arrival Rate Tuples
Load Generator sent: ok
Feb 26, 2026 12:43:29 AM tools.descartes.dlim.httploadgenerator.runner.Director process
INFO: Arrival Rates sent to Load Generator(s).
Load Generator sent: ok
Feb 26, 2026 12:43:29 AM tools.descartes.dlim.httploadgenerator.runner.Director process
INFO: Thread Count sent to Load Generator(s): 64
Load Generator sent: ok
Feb 26, 2026 12:43:29 AM tools.descartes.dlim.httploadgenerator.runner.Director process
INFO: URL connection timeout sent to Load Generator(s): 30000
Load Generator sent: ok
Feb 26, 2026 12:43:29 AM tools.descartes.dlim.httploadgenerator.runner.Director process
INFO: Contents of script sent to Load Generator: /home/luish/Documents/death/teastore/TeaStore/examples/httploadgenerator/teastore_buy.lua
Feb 26, 2026 12:43:29 AM tools.descartes.dlim.httploadgenerator.runner.Director process
INFO: Starting Load Generation
Beginning Run @1772084609752(26.02.2026;00:43:29752)
  ├─ [nitro5:sd] start 00:43:29
Target Time = 0.5; Load Intensity = 0.0; #Success = 0; #Failed = 0; #Dropped = 0
  ├─ [nitro5:ram] start 00:43:30
  ├─ [nitro5:nic] start 00:43:30
[⏱ 00:43:31] Iniciando ecofloc en aspire por 145s (fase: fase3_carga_low_iter1)
  ├─ [nitro5:cpu] start 00:43:31
  ├─ [aspire:sd] start 00:43:31
  ├─ [aspire:ram] start 00:43:31
[⏱ 00:43:31] Iniciando ecofloc en scorpius por 145s (fase: fase3_carga_low_iter1)
  ├─ [aspire:nic] start 00:43:31
  ├─ [aspire:cpu] start 00:43:31
  ├─ [scorpius:sd] start 00:43:31
  ├─ [scorpius:ram] start 00:43:31
  ├─ [scorpius:nic] start 00:43:31
[⏱ 00:43:31] Iniciando ecofloc en leo por 145s (fase: fase3_carga_low_iter1)
  ├─ [scorpius:cpu] start 00:43:31
  ├─ [leo:sd] start 00:43:31
  ├─ [leo:ram] start 00:43:31
  ├─ [leo:nic] start 00:43:31
  ├─ [leo:cpu] start 00:43:31
Target Time = 1.5; Load Intensity = 1.0; #Success = 0; #Failed = 0; #Dropped = 0
Target Time = 2.5; Load Intensity = 2.0; #Success = 0; #Failed = 0; #Dropped = 0
Target Time = 3.5; Load Intensity = 2.0; #Success = 0; #Failed = 0; #Dropped = 0
Target Time = 4.5; Load Intensity = 3.0; #Success = 8; #Failed = 0; #Dropped = 0
Target Time = 5.5; Load Intensity = 4.0; #Success = 4; #Failed = 0; #Dropped = 0
Target Time = 6.5; Load Intensity = 5.0; #Success = 5; #Failed = 0; #Dropped = 0
Target Time = 7.5; Load Intensity = 6.0; #Success = 6; #Failed = 0; #Dropped = 0
Target Time = 8.5; Load Intensity = 7.0; #Success = 7; #Failed = 0; #Dropped = 0
Target Time = 9.5; Load Intensity = 7.0; #Success = 7; #Failed = 0; #Dropped = 0
Target Time = 10.5; Load Intensity = 8.0; #Success = 7; #Failed = 0; #Dropped = 0
Target Time = 11.5; Load Intensity = 9.0; #Success = 10; #Failed = 0; #Dropped = 0
Target Time = 12.5; Load Intensity = 10.0; #Success = 10; #Failed = 0; #Dropped = 0
Target Time = 13.5; Load Intensity = 11.0; #Success = 9; #Failed = 0; #Dropped = 0
Target Time = 14.5; Load Intensity = 12.0; #Success = 12; #Failed = 0; #Dropped = 0
Target Time = 15.5; Load Intensity = 12.0; #Success = 10; #Failed = 0; #Dropped = 0
Target Time = 16.5; Load Intensity = 13.0; #Success = 15; #Failed = 0; #Dropped = 0
Target Time = 17.5; Load Intensity = 14.0; #Success = 14; #Failed = 0; #Dropped = 0
Target Time = 18.5; Load Intensity = 15.0; #Success = 4; #Failed = 0; #Dropped = 0
Target Time = 19.5; Load Intensity = 16.0; #Success = 0; #Failed = 0; #Dropped = 0
Target Time = 20.5; Load Intensity = 17.0; #Success = 4; #Failed = 0; #Dropped = 0
Target Time = 21.5; Load Intensity = 17.0; #Success = 7; #Failed = 0; #Dropped = 0
Target Time = 22.5; Load Intensity = 18.0; #Success = 3; #Failed = 0; #Dropped = 0
Target Time = 23.5; Load Intensity = 19.0; #Success = 18; #Failed = 0; #Dropped = 0
Target Time = 24.5; Load Intensity = 20.0; #Success = 18; #Failed = 0; #Dropped = 0
Target Time = 25.5; Load Intensity = 21.0; #Success = 11; #Failed = 0; #Dropped = 0
Target Time = 26.5; Load Intensity = 22.0; #Success = 0; #Failed = 0; #Dropped = 0
Target Time = 27.5; Load Intensity = 22.0; #Success = 0; #Failed = 0; #Dropped = 0
Target Time = 28.5; Load Intensity = 23.0; #Success = 0; #Failed = 0; #Dropped = 0
Target Time = 29.5; Load Intensity = 24.0; #Success = 0; #Failed = 0; #Dropped = 0
Target Time = 30.5; Load Intensity = 25.0; #Success = 0; #Failed = 3; #Dropped = 0
Target Time = 31.5; Load Intensity = 26.0; #Success = 0; #Failed = 4; #Dropped = 0
Target Time = 32.5; Load Intensity = 27.0; #Success = 0; #Failed = 1; #Dropped = 0
Target Time = 33.5; Load Intensity = 27.0; #Success = 0; #Failed = 5; #Dropped = 0
Target Time = 34.5; Load Intensity = 28.0; #Success = 0; #Failed = 0; #Dropped = 0
Target Time = 35.5; Load Intensity = 29.0; #Success = 2; #Failed = 0; #Dropped = 0
Target Time = 36.5; Load Intensity = 30.0; #Success = 0; #Failed = 0; #Dropped = 0
Target Time = 37.5; Load Intensity = 31.0; #Success = 0; #Failed = 5; #Dropped = 0
Target Time = 38.5; Load Intensity = 32.0; #Success = 0; #Failed = 5; #Dropped = 0
Target Time = 39.5; Load Intensity = 32.0; #Success = 0; #Failed = 0; #Dropped = 0
Target Time = 40.5; Load Intensity = 33.0; #Success = 18; #Failed = 0; #Dropped = 0
Target Time = 41.5; Load Intensity = 34.0; #Success = 3; #Failed = 0; #Dropped = 0
Target Time = 42.5; Load Intensity = 35.0; #Success = 1; #Failed = 0; #Dropped = 0
Target Time = 43.5; Load Intensity = 36.0; #Success = 0; #Failed = 0; #Dropped = 0
Target Time = 44.5; Load Intensity = 37.0; #Success = 1; #Failed = 1; #Dropped = 0
Target Time = 45.5; Load Intensity = 37.0; #Success = 3; #Failed = 1; #Dropped = 0
Target Time = 46.5; Load Intensity = 38.0; #Success = 1; #Failed = 0; #Dropped = 0
Target Time = 47.5; Load Intensity = 39.0; #Success = 0; #Failed = 0; #Dropped = 0
Target Time = 48.5; Load Intensity = 40.0; #Success = 0; #Failed = 0; #Dropped = 0
Target Time = 49.5; Load Intensity = 41.0; #Success = 6; #Failed = 0; #Dropped = 0
Target Time = 50.5; Load Intensity = 42.0; #Success = 3; #Failed = 0; #Dropped = 0
Target Time = 51.5; Load Intensity = 42.0; #Success = 0; #Failed = 1; #Dropped = 0
Target Time = 52.5; Load Intensity = 43.0; #Success = 1; #Failed = 0; #Dropped = 0
Target Time = 53.5; Load Intensity = 44.0; #Success = 11; #Failed = 0; #Dropped = 0
Target Time = 54.5; Load Intensity = 45.0; #Success = 4; #Failed = 0; #Dropped = 0
Target Time = 55.5; Load Intensity = 46.0; #Success = 1; #Failed = 0; #Dropped = 0
Target Time = 56.5; Load Intensity = 47.0; #Success = 6; #Failed = 1; #Dropped = 0
Target Time = 57.5; Load Intensity = 47.0; #Success = 5; #Failed = 0; #Dropped = 0
Target Time = 58.5; Load Intensity = 48.0; #Success = 2; #Failed = 0; #Dropped = 0
Target Time = 59.5; Load Intensity = 49.0; #Success = 5; #Failed = 0; #Dropped = 3
Target Time = 60.5; Load Intensity = 50.0; #Success = 4; #Failed = 0; #Dropped = 25
Target Time = 61.5; Load Intensity = 51.0; #Success = 1; #Failed = 0; #Dropped = 9
Target Time = 62.5; Load Intensity = 52.0; #Success = 3; #Failed = 0; #Dropped = 25
Target Time = 63.5; Load Intensity = 52.0; #Success = 1; #Failed = 0; #Dropped = 27
Target Time = 64.5; Load Intensity = 53.0; #Success = 2; #Failed = 0; #Dropped = 26
Target Time = 65.5; Load Intensity = 54.0; #Success = 0; #Failed = 0; #Dropped = 0
Target Time = 66.5; Load Intensity = 55.0; #Success = 1; #Failed = 0; #Dropped = 54
Target Time = 67.5; Load Intensity = 56.0; #Success = 1; #Failed = 0; #Dropped = 19
Target Time = 68.5; Load Intensity = 57.0; #Success = 0; #Failed = 0; #Dropped = 0
Target Time = 69.5; Load Intensity = 57.0; #Success = 0; #Failed = 0; #Dropped = 0
Target Time = 70.5; Load Intensity = 58.0; #Success = 7; #Failed = 2; #Dropped = 110
Target Time = 71.5; Load Intensity = 59.0; #Success = 0; #Failed = 0; #Dropped = 0
Target Time = 72.5; Load Intensity = 60.0; #Success = 2; #Failed = 1; #Dropped = 60
Target Time = 73.5; Load Intensity = 61.0; #Success = 0; #Failed = 0; #Dropped = 0
Target Time = 74.5; Load Intensity = 62.0; #Success = 1; #Failed = 0; #Dropped = 74
Target Time = 75.5; Load Intensity = 62.0; #Success = 3; #Failed = 1; #Dropped = 41
Target Time = 76.5; Load Intensity = 63.0; #Success = 6; #Failed = 0; #Dropped = 14
Target Time = 77.5; Load Intensity = 64.0; #Success = 5; #Failed = 0; #Dropped = 40
Target Time = 78.5; Load Intensity = 65.0; #Success = 9; #Failed = 1; #Dropped = 38
Target Time = 79.5; Load Intensity = 66.0; #Success = 2; #Failed = 0; #Dropped = 37
Target Time = 80.5; Load Intensity = 67.0; #Success = 2; #Failed = 0; #Dropped = 40
Target Time = 81.5; Load Intensity = 67.0; #Success = 0; #Failed = 3; #Dropped = 17
Target Time = 82.5; Load Intensity = 68.0; #Success = 9; #Failed = 0; #Dropped = 44
Target Time = 83.5; Load Intensity = 69.0; #Success = 1; #Failed = 0; #Dropped = 59
Target Time = 84.5; Load Intensity = 70.0; #Success = 1; #Failed = 0; #Dropped = 49
Target Time = 85.5; Load Intensity = 71.0; #Success = 0; #Failed = 0; #Dropped = 0
Target Time = 86.5; Load Intensity = 72.0; #Success = 1; #Failed = 0; #Dropped = 47
Target Time = 87.5; Load Intensity = 72.0; #Success = 6; #Failed = 1; #Dropped = 76
Target Time = 88.5; Load Intensity = 73.0; #Success = 6; #Failed = 0; #Dropped = 48
Target Time = 89.5; Load Intensity = 74.0; #Success = 2; #Failed = 0; #Dropped = 45
Target Time = 90.5; Load Intensity = 75.0; #Success = 2; #Failed = 0; #Dropped = 52
Target Time = 91.5; Load Intensity = 76.0; #Success = 2; #Failed = 0; #Dropped = 47
Target Time = 92.5; Load Intensity = 77.0; #Success = 0; #Failed = 0; #Dropped = 0
Target Time = 93.5; Load Intensity = 77.0; #Success = 1; #Failed = 0; #Dropped = 71
Target Time = 94.5; Load Intensity = 78.0; #Success = 0; #Failed = 1; #Dropped = 41
Target Time = 95.5; Load Intensity = 79.0; #Success = 0; #Failed = 0; #Dropped = 0
Target Time = 96.5; Load Intensity = 80.0; #Success = 0; #Failed = 1; #Dropped = 127
Target Time = 97.5; Load Intensity = 81.0; #Success = 0; #Failed = 0; #Dropped = 0
Target Time = 98.5; Load Intensity = 82.0; #Success = 3; #Failed = 0; #Dropped = 108
Target Time = 99.5; Load Intensity = 82.0; #Success = 9; #Failed = 0; #Dropped = 69
Target Time = 100.5; Load Intensity = 83.0; #Success = 5; #Failed = 0; #Dropped = 59
Target Time = 101.5; Load Intensity = 84.0; #Success = 0; #Failed = 0; #Dropped = 0
Target Time = 102.5; Load Intensity = 85.0; #Success = 5; #Failed = 0; #Dropped = 108
Target Time = 103.5; Load Intensity = 86.0; #Success = 4; #Failed = 0; #Dropped = 70
Target Time = 104.5; Load Intensity = 87.0; #Success = 0; #Failed = 0; #Dropped = 0
Target Time = 105.5; Load Intensity = 87.0; #Success = 1; #Failed = 0; #Dropped = 103
Target Time = 106.5; Load Intensity = 88.0; #Success = 1; #Failed = 0; #Dropped = 45
Target Time = 107.5; Load Intensity = 89.0; #Success = 5; #Failed = 0; #Dropped = 82
Target Time = 108.5; Load Intensity = 90.0; #Success = 6; #Failed = 0; #Dropped = 62
Target Time = 109.5; Load Intensity = 91.0; #Success = 0; #Failed = 0; #Dropped = 0
Target Time = 110.5; Load Intensity = 92.0; #Success = 4; #Failed = 0; #Dropped = 115
Target Time = 111.5; Load Intensity = 92.0; #Success = 0; #Failed = 0; #Dropped = 0
Target Time = 112.5; Load Intensity = 93.0; #Success = 2; #Failed = 1; #Dropped = 105
Target Time = 113.5; Load Intensity = 94.0; #Success = 2; #Failed = 1; #Dropped = 110
Target Time = 114.5; Load Intensity = 95.0; #Success = 0; #Failed = 0; #Dropped = 0
Target Time = 115.5; Load Intensity = 96.0; #Success = 1; #Failed = 1; #Dropped = 93
Target Time = 116.5; Load Intensity = 97.0; #Success = 2; #Failed = 2; #Dropped = 88
Target Time = 117.5; Load Intensity = 97.0; #Success = 6; #Failed = 0; #Dropped = 86
Target Time = 118.5; Load Intensity = 98.0; #Success = 3; #Failed = 1; #Dropped = 58
Target Time = 119.5; Load Intensity = 99.0; #Success = 4; #Failed = 0; #Dropped = 77
Target Time = 120.5; Load Intensity = 0.0; #Success = 4; #Failed = 0; #Dropped = 88
Target Time = 121.5; Load Intensity = 0.0; #Success = 1; #Failed = 1; #Dropped = 71
Target Time = 122.5; Load Intensity = 0.0; #Success = 5; #Failed = 0; #Dropped = 70
Target Time = 123.5; Load Intensity = 0.0; #Success = 5; #Failed = 0; #Dropped = 60
Target Time = 124.5; Load Intensity = 0.0; #Success = 0; #Failed = 2; #Dropped = 41
Target Time = 125.5; Load Intensity = 0.0; #Success = 2; #Failed = 4; #Dropped = 73
Target Time = 126.5; Load Intensity = 0.0; #Success = 1; #Failed = 2; #Dropped = 77
Target Time = 127.5; Load Intensity = 0.0; #Success = 3; #Failed = 0; #Dropped = 120
Target Time = 128.5; Load Intensity = 0.0; #Success = 6; #Failed = 0; #Dropped = 48
Target Time = 129.5; Load Intensity = 0.0; #Success = 3; #Failed = 0; #Dropped = 90
Target Time = 130.5; Load Intensity = 0.0; #Success = 4; #Failed = 0; #Dropped = 101
Target Time = 131.5; Load Intensity = 0.0; #Success = 1; #Failed = 0; #Dropped = 69
Target Time = 132.5; Load Intensity = 0.0; #Success = 7; #Failed = 0; #Dropped = 89
Target Time = 133.5; Load Intensity = 0.0; #Success = 1; #Failed = 1; #Dropped = 81
Target Time = 134.5; Load Intensity = 0.0; #Success = 1; #Failed = 2; #Dropped = 63
Target Time = 135.5; Load Intensity = 0.0; #Success = 1; #Failed = 0; #Dropped = 75
Target Time = 136.5; Load Intensity = 0.0; #Success = 0; #Failed = 0; #Dropped = 0
Target Time = 137.5; Load Intensity = 0.0; #Success = 3; #Failed = 0; #Dropped = 177
Target Time = 138.5; Load Intensity = 0.0; #Success = 0; #Failed = 0; #Dropped = 0
Target Time = 139.5; Load Intensity = 0.0; #Success = 3; #Failed = 0; #Dropped = 209
Target Time = 140.5; Load Intensity = 0.0; #Success = 2; #Failed = 3; #Dropped = 60
Target Time = 141.5; Load Intensity = 0.0; #Success = 0; #Failed = 0; #Dropped = 0
Target Time = 142.5; Load Intensity = 0.0; #Success = 2; #Failed = 2; #Dropped = 164
Target Time = 143.5; Load Intensity = 0.0; #Success = 0; #Failed = 7; #Dropped = 79
  └─ [nitro5:sd] end 00:45:54
Target Time = 144.5; Load Intensity = 0.0; #Success = 1; #Failed = 2; #Dropped = 95
  └─ [nitro5:ram] end 00:45:55
Target Time = 145.5; Load Intensity = 0.0; #Success = 0; #Failed = 4; #Dropped = 106
  └─ [nitro5:nic] end 00:45:55
  └─ [nitro5:cpu] end 00:45:56
Target Time = 146.5; Load Intensity = 0.0; #Success = 6; #Failed = 7; #Dropped = 73
Target Time = 147.5; Load Intensity = 0.0; #Success = 5; #Failed = 1; #Dropped = 138
Target Time = 148.5; Load Intensity = 0.0; #Success = 2; #Failed = 0; #Dropped = 71
Target Time = 149.5; Load Intensity = 0.0; #Success = 3; #Failed = 0; #Dropped = 97
Target Time = 150.5; Load Intensity = 0.0; #Success = 1; #Failed = 0; #Dropped = 28
  └─ [leo:nic] end 00:46:01
Target Time = 151.5; Load Intensity = 0.0; #Success = 0; #Failed = 0; #Dropped = 0
  └─ [leo:sd] end 00:46:02
Target Time = 152.5; Load Intensity = 0.0; #Success = 3; #Failed = 0; #Dropped = 0
  └─ [leo:ram] end 00:46:03
Target Time = 153.5; Load Intensity = 0.0; #Success = 0; #Failed = 3; #Dropped = 0
  └─ [leo:cpu] end 00:46:03
Target Time = 154.5; Load Intensity = 0.0; #Success = 5; #Failed = 2; #Dropped = 0
  └─ [scorpius:nic] end 00:46:05
Target Time = 155.5; Load Intensity = 0.0; #Success = 8; #Failed = 0; #Dropped = 0
  └─ [scorpius:cpu] end 00:46:06
Target Time = 156.5; Load Intensity = 0.0; #Success = 5; #Failed = 0; #Dropped = 0
  └─ [scorpius:sd] end 00:46:06
Target Time = 157.5; Load Intensity = 0.0; #Success = 2; #Failed = 0; #Dropped = 0
  └─ [aspire:nic] end 00:46:08
Target Time = 158.5; Load Intensity = 0.0; #Success = 3; #Failed = 1; #Dropped = 0
Target Time = 159.5; Load Intensity = 0.0; #Success = 2; #Failed = 0; #Dropped = 0
  └─ [aspire:ram] end 00:46:10
Target Time = 160.5; Load Intensity = 0.0; #Success = 1; #Failed = 2; #Dropped = 0
Target Time = 161.5; Load Intensity = 0.0; #Success = 2; #Failed = 0; #Dropped = 0
  └─ [aspire:cpu] end 00:46:11
  └─ [aspire:sd] end 00:46:12
Target Time = 162.5; Load Intensity = 0.0; #Success = 1; #Failed = 0; #Dropped = 0
Target Time = 163.5; Load Intensity = 0.0; #Success = 0; #Failed = 0; #Dropped = 0
Target Time = 164.5; Load Intensity = 0.0; #Success = 0; #Failed = 0; #Dropped = 0
Target Time = 165.5; Load Intensity = 0.0; #Success = 3; #Failed = 0; #Dropped = 0
Target Time = 166.5; Load Intensity = 0.0; #Success = 2; #Failed = 0; #Dropped = 0
  └─ [scorpius:ram] end 00:46:17
=== Bloque 145s terminado - Fase: fase3_carga_low_iter1 ===
[🧹] Limpiando CSVs internos de ecofloc en cada nodo (fase: fase3_carga_low_iter1)...
  ✔ [nitro5:cpu] limpiado /home/luish/Documents/p3/ecofloc2/ecofloc/ecofloc-cpu/ECOFLOC_CPU_COMM_text.csv
  ✔ [nitro5:nic] limpiado /home/luish/Documents/p3/ecofloc2/ecofloc/ecofloc-nic/ECOFLOC_NIC_COMM_text.csv
  ✔ [nitro5:ram] limpiado /home/luish/Documents/p3/ecofloc2/ecofloc/ecofloc-ram/ECOFLOC_RAM_COMM_text.csv
  ✔ [nitro5:sd] limpiado /home/luish/Documents/p3/ecofloc2/ecofloc/ecofloc-sd/ECOFLOC_SD_COMM_text.csv
Target Time = 167.5; Load Intensity = 0.0; #Success = 1; #Failed = 1; #Dropped = 0
Target Time = 168.5; Load Intensity = 0.0; #Success = 4; #Failed = 0; #Dropped = 0
Target Time = 169.5; Load Intensity = 0.0; #Success = 1; #Failed = 0; #Dropped = 0
Target Time = 170.5; Load Intensity = 0.0; #Success = 3; #Failed = 0; #Dropped = 0
  ✔ [leo:cpu] limpiado /home/leo/ecofloc/ecofloc-cpu/ECOFLOC_CPU_COMM_text.csv
Target Time = 171.5; Load Intensity = 0.0; #Success = 8; #Failed = 0; #Dropped = 0
  ✔ [leo:nic] limpiado /home/leo/ecofloc/ecofloc-nic/ECOFLOC_NIC_COMM_text.csv
  ✔ [leo:ram] limpiado /home/leo/ecofloc/ecofloc-ram/ECOFLOC_RAM_COMM_text.csv
  ✔ [leo:sd] limpiado /home/leo/ecofloc/ecofloc-sd/ECOFLOC_SD_COMM_text.csv
  ✔ [aspire:cpu] limpiado /home/luish/Documents/p3/ecofloc2/ecofloc/ecofloc-cpu/ECOFLOC_CPU_COMM_text.csv
  ✔ [aspire:nic] limpiado /home/luish/Documents/p3/ecofloc2/ecofloc/ecofloc-nic/ECOFLOC_NIC_COMM_text.csv
  ✔ [aspire:ram] limpiado /home/luish/Documents/p3/ecofloc2/ecofloc/ecofloc-ram/ECOFLOC_RAM_COMM_text.csv
  ✔ [aspire:sd] limpiado /home/luish/Documents/p3/ecofloc2/ecofloc/ecofloc-sd/ECOFLOC_SD_COMM_text.csv
  ✔ [scorpius:cpu] limpiado /home/scorpius03/Documents/ecofloc/ecofloc-cpu/ECOFLOC_CPU_COMM_text.csv
  ✔ [scorpius:nic] limpiado /home/scorpius03/Documents/ecofloc/ecofloc-nic/ECOFLOC_NIC_COMM_text.csv
  ✔ [scorpius:ram] limpiado /home/scorpius03/Documents/ecofloc/ecofloc-ram/ECOFLOC_RAM_COMM_text.csv
  ✔ [scorpius:sd] limpiado /home/scorpius03/Documents/ecofloc/ecofloc-sd/ECOFLOC_SD_COMM_text.csv
========================================
🔋 MEASURE ENERGY FINALIZADO
   Fase: fase3_carga_low_iter1
========================================
Workload finished.
Log finished.
📄 LIMBO finalizado para scenario=low
⏳ [00:46:26] Esperando que termine medición: fase3_carga_low_iter1 (PID: 1488843)
✔️ [00:46:26] Medición fase3_carga_low_iter1 completada
[📦] Archivando resultados → ./historyexecutions/exp(00:46:31)_fase3_low_iter1
[✔] Archivado: ./historyexecutions/exp(00:46:31)_fase3_low_iter1
🧹 Limpiando TeaStore (iter 1)...
⏸ Esperando 15s para limpieza completa...
✅ Iteración 1 / 15 del escenario low completada.

########################################################
🔄 ESCENARIO: low | ITERACIÓN: 2 / 15
   Hora: 00:47:20
########################################################
========================================
🔋 FASE 1: Descarga de imágenes (low, iter 2)
========================================
📋 Capturando PIDs (gepidstea.sh)...
📋 Capturando PIDs de contenedores (kpsnodos.sh)...
🔋 [00:47:40] Iniciando medición de energía: fase1_descarga_low_iter2 (25s)
   PID de medición: 1862296
🚀 Desplegando TeaStore desde /home/luish/Documents/death/teastore/TeaStore/examples/kubernetes/teastore-energy-scheduler.yaml...
========================================
🔋 MEASURE ENERGY - Fase: fase1_descarga_low_iter2
   Duración: 25s
   PID: 1862296
========================================
=== Medición bloque 25s - Fase: fase1_descarga_low_iter2 ===
[⏱ 00:47:40] Iniciando ecofloc en nitro5 por 25s (fase: fase1_descarga_low_iter2)
⏳ Esperando a que todos los pods de TeaStore estén Running y Ready...
  ├─ [nitro5:sd] start 00:47:40
  ├─ [nitro5:ram] start 00:47:41
  ├─ [nitro5:nic] start 00:47:41
[⏱ 00:47:41] Iniciando ecofloc en aspire por 25s (fase: fase1_descarga_low_iter2)
  ├─ [nitro5:cpu] start 00:47:41
  ├─ [aspire:sd] start 00:47:41
  ├─ [aspire:ram] start 00:47:41
  ├─ [aspire:cpu] start 00:47:41
[⏱ 00:47:41] Iniciando ecofloc en scorpius por 25s (fase: fase1_descarga_low_iter2)
  ├─ [aspire:nic] start 00:47:41
  ├─ [scorpius:sd] start 00:47:41
  ├─ [scorpius:ram] start 00:47:41
  ├─ [scorpius:nic] start 00:47:41
[⏱ 00:47:41] Iniciando ecofloc en leo por 25s (fase: fase1_descarga_low_iter2)
  ├─ [scorpius:cpu] start 00:47:41
  ├─ [leo:sd] start 00:47:41
  ├─ [leo:ram] start 00:47:41
  ├─ [leo:cpu] start 00:47:41
  ├─ [leo:nic] start 00:47:41
✅ Pods listos.
⏳ [00:47:59] Esperando que termine medición: fase1_descarga_low_iter2 (PID: 1862296)
  └─ [nitro5:sd] end 00:48:05
  └─ [nitro5:ram] end 00:48:06
  └─ [nitro5:nic] end 00:48:06
  └─ [nitro5:cpu] end 00:48:06
  └─ [leo:sd] end 00:48:07
  └─ [aspire:sd] end 00:48:07
  └─ [aspire:cpu] end 00:48:07
  └─ [leo:cpu] end 00:48:08
  └─ [aspire:nic] end 00:48:08
  └─ [scorpius:cpu] end 00:48:08
  └─ [aspire:ram] end 00:48:08
  └─ [scorpius:sd] end 00:48:09
  └─ [leo:nic] end 00:48:09
  └─ [leo:ram] end 00:48:09
  └─ [scorpius:nic] end 00:48:09
  └─ [scorpius:ram] end 00:48:09
=== Bloque 25s terminado - Fase: fase1_descarga_low_iter2 ===
[🧹] Limpiando CSVs internos de ecofloc en cada nodo (fase: fase1_descarga_low_iter2)...
  ✔ [nitro5:cpu] limpiado /home/luish/Documents/p3/ecofloc2/ecofloc/ecofloc-cpu/ECOFLOC_CPU_COMM_text.csv
  ✔ [nitro5:nic] limpiado /home/luish/Documents/p3/ecofloc2/ecofloc/ecofloc-nic/ECOFLOC_NIC_COMM_text.csv
  ✔ [nitro5:ram] limpiado /home/luish/Documents/p3/ecofloc2/ecofloc/ecofloc-ram/ECOFLOC_RAM_COMM_text.csv
  ✔ [nitro5:sd] limpiado /home/luish/Documents/p3/ecofloc2/ecofloc/ecofloc-sd/ECOFLOC_SD_COMM_text.csv
  ✔ [leo:cpu] limpiado /home/leo/ecofloc/ecofloc-cpu/ECOFLOC_CPU_COMM_text.csv
  ✔ [leo:nic] limpiado /home/leo/ecofloc/ecofloc-nic/ECOFLOC_NIC_COMM_text.csv
  ✔ [leo:ram] limpiado /home/leo/ecofloc/ecofloc-ram/ECOFLOC_RAM_COMM_text.csv
  ✔ [leo:sd] limpiado /home/leo/ecofloc/ecofloc-sd/ECOFLOC_SD_COMM_text.csv
  ✔ [aspire:cpu] limpiado /home/luish/Documents/p3/ecofloc2/ecofloc/ecofloc-cpu/ECOFLOC_CPU_COMM_text.csv
  ✔ [aspire:nic] limpiado /home/luish/Documents/p3/ecofloc2/ecofloc/ecofloc-nic/ECOFLOC_NIC_COMM_text.csv
  ✔ [aspire:ram] limpiado /home/luish/Documents/p3/ecofloc2/ecofloc/ecofloc-ram/ECOFLOC_RAM_COMM_text.csv
  ✔ [aspire:sd] limpiado /home/luish/Documents/p3/ecofloc2/ecofloc/ecofloc-sd/ECOFLOC_SD_COMM_text.csv
  ✔ [scorpius:cpu] limpiado /home/scorpius03/Documents/ecofloc/ecofloc-cpu/ECOFLOC_CPU_COMM_text.csv
  ✔ [scorpius:nic] limpiado /home/scorpius03/Documents/ecofloc/ecofloc-nic/ECOFLOC_NIC_COMM_text.csv
  ✔ [scorpius:ram] limpiado /home/scorpius03/Documents/ecofloc/ecofloc-ram/ECOFLOC_RAM_COMM_text.csv
  ✔ [scorpius:sd] limpiado /home/scorpius03/Documents/ecofloc/ecofloc-sd/ECOFLOC_SD_COMM_text.csv
========================================
🔋 MEASURE ENERGY FINALIZADO
   Fase: fase1_descarga_low_iter2
========================================
✔️ [00:48:13] Medición fase1_descarga_low_iter2 completada
[📦] Archivando resultados → ./historyexecutions/exp(00:48:18)_fase1_low_iter2
[✔] Archivado: ./historyexecutions/exp(00:48:18)_fase1_low_iter2
========================================
🔋 FASE 2: Preparación de servicios (low, iter 2)
========================================
📋 Capturando PIDs (gepidstea.sh)...
📋 Capturando PIDs de contenedores (kpsnodos.sh)...
🔋 [00:48:34] Iniciando medición de energía: fase2_preparacion_low_iter2 (50s)
   PID de medición: 1923027
========================================
🔋 MEASURE ENERGY - Fase: fase2_preparacion_low_iter2
   Duración: 50s
   PID: 1923027
========================================
=== Medición bloque 50s - Fase: fase2_preparacion_low_iter2 ===
[⏱ 00:48:34] Iniciando ecofloc en nitro5 por 50s (fase: fase2_preparacion_low_iter2)
⏳ Esperando 10s a que CoreDNS se estabilice...
  ├─ [nitro5:sd] start 00:48:34
  ├─ [nitro5:ram] start 00:48:35
  ├─ [nitro5:nic] start 00:48:35
[⏱ 00:48:36] Iniciando ecofloc en aspire por 50s (fase: fase2_preparacion_low_iter2)
  ├─ [nitro5:cpu] start 00:48:36
  ├─ [aspire:sd] start 00:48:36
  ├─ [aspire:ram] start 00:48:36
[⏱ 00:48:36] Iniciando ecofloc en scorpius por 50s (fase: fase2_preparacion_low_iter2)
  ├─ [aspire:nic] start 00:48:36
  ├─ [aspire:cpu] start 00:48:36
  ├─ [scorpius:sd] start 00:48:36
  ├─ [scorpius:ram] start 00:48:36
  ├─ [scorpius:nic] start 00:48:36
[⏱ 00:48:36] Iniciando ecofloc en leo por 50s (fase: fase2_preparacion_low_iter2)
  ├─ [scorpius:cpu] start 00:48:36
  ├─ [leo:sd] start 00:48:36
  ├─ [leo:ram] start 00:48:36
  ├─ [leo:nic] start 00:48:36
  ├─ [leo:cpu] start 00:48:36
➡️ Pod WebUI: teastore-webui-ff7768544-gcnl9
➡️ Está en el nodo: luish-nitro-an515-57
🌐 IP del nodo WebUI: 192.168.18.27
⏳ Verificando estado del TeaStore en http://192.168.18.27:30080/tools.descartes.teastore.webui/status ...
   ➤ Estado actual: 5 / 5 servicios OK
✔ TODOS los servicios del TeaStore están OK. Continuando...
⏳ [00:48:47] Esperando que termine medición: fase2_preparacion_low_iter2 (PID: 1923027)
  └─ [nitro5:sd] end 00:49:24
  └─ [nitro5:ram] end 00:49:25
  └─ [nitro5:nic] end 00:49:25
  └─ [nitro5:cpu] end 00:49:26
  └─ [aspire:sd] end 00:49:26
  └─ [aspire:cpu] end 00:49:26
  └─ [scorpius:sd] end 00:49:27
  └─ [scorpius:cpu] end 00:49:28
  └─ [leo:cpu] end 00:49:28
  └─ [aspire:nic] end 00:49:28
  └─ [leo:sd] end 00:49:28
  └─ [aspire:ram] end 00:49:28
  └─ [leo:ram] end 00:49:28
  └─ [scorpius:ram] end 00:49:28
  └─ [leo:nic] end 00:49:29
  └─ [scorpius:nic] end 00:49:29
=== Bloque 50s terminado - Fase: fase2_preparacion_low_iter2 ===
[🧹] Limpiando CSVs internos de ecofloc en cada nodo (fase: fase2_preparacion_low_iter2)...
  ✔ [nitro5:cpu] limpiado /home/luish/Documents/p3/ecofloc2/ecofloc/ecofloc-cpu/ECOFLOC_CPU_COMM_text.csv
  ✔ [nitro5:nic] limpiado /home/luish/Documents/p3/ecofloc2/ecofloc/ecofloc-nic/ECOFLOC_NIC_COMM_text.csv
  ✔ [nitro5:ram] limpiado /home/luish/Documents/p3/ecofloc2/ecofloc/ecofloc-ram/ECOFLOC_RAM_COMM_text.csv
  ✔ [nitro5:sd] limpiado /home/luish/Documents/p3/ecofloc2/ecofloc/ecofloc-sd/ECOFLOC_SD_COMM_text.csv
  ✔ [leo:cpu] limpiado /home/leo/ecofloc/ecofloc-cpu/ECOFLOC_CPU_COMM_text.csv
  ✔ [leo:nic] limpiado /home/leo/ecofloc/ecofloc-nic/ECOFLOC_NIC_COMM_text.csv
  ✔ [leo:ram] limpiado /home/leo/ecofloc/ecofloc-ram/ECOFLOC_RAM_COMM_text.csv
  ✔ [leo:sd] limpiado /home/leo/ecofloc/ecofloc-sd/ECOFLOC_SD_COMM_text.csv
  ✔ [aspire:cpu] limpiado /home/luish/Documents/p3/ecofloc2/ecofloc/ecofloc-cpu/ECOFLOC_CPU_COMM_text.csv
  ✔ [aspire:nic] limpiado /home/luish/Documents/p3/ecofloc2/ecofloc/ecofloc-nic/ECOFLOC_NIC_COMM_text.csv
  ✔ [aspire:ram] limpiado /home/luish/Documents/p3/ecofloc2/ecofloc/ecofloc-ram/ECOFLOC_RAM_COMM_text.csv
  ✔ [aspire:sd] limpiado /home/luish/Documents/p3/ecofloc2/ecofloc/ecofloc-sd/ECOFLOC_SD_COMM_text.csv
  ✔ [scorpius:cpu] limpiado /home/scorpius03/Documents/ecofloc/ecofloc-cpu/ECOFLOC_CPU_COMM_text.csv
  ✔ [scorpius:nic] limpiado /home/scorpius03/Documents/ecofloc/ecofloc-nic/ECOFLOC_NIC_COMM_text.csv
  ✔ [scorpius:ram] limpiado /home/scorpius03/Documents/ecofloc/ecofloc-ram/ECOFLOC_RAM_COMM_text.csv
  ✔ [scorpius:sd] limpiado /home/scorpius03/Documents/ecofloc/ecofloc-sd/ECOFLOC_SD_COMM_text.csv
========================================
🔋 MEASURE ENERGY FINALIZADO
   Fase: fase2_preparacion_low_iter2
========================================
✔️ [00:49:32] Medición fase2_preparacion_low_iter2 completada
[📦] Archivando resultados → ./historyexecutions/exp(00:49:37)_fase2_low_iter2
[✔] Archivado: ./historyexecutions/exp(00:49:37)_fase2_low_iter2
========================================
🔋 FASE 3: Ejecución de carga (low, iter 2)
========================================
📋 Capturando PIDs (gepidstea.sh)...
📋 Capturando PIDs de contenedores (kpsnodos.sh)...
🔋 [00:49:56] Iniciando medición de energía: fase3_carga_low_iter2 (145s)
   PID de medición: 2066794
=== Escenario low (iter 2) ===
========================================
🔋 MEASURE ENERGY - Fase: fase3_carga_low_iter2
   Duración: 145s
   PID: 2066794
========================================
=== Medición bloque 145s - Fase: fase3_carga_low_iter2 ===
🚀 Iniciando LIMBO con profile=/home/luish/Documents/death/teastore/TeaStore/examples/httploadgenerator/increasingLowIntensity.csv y script=/home/luish/Documents/death/teastore/TeaStore/examples/httploadgenerator/teastore_buy.lua
[⏱ 00:49:56] Iniciando ecofloc en nitro5 por 145s (fase: fase3_carga_low_iter2)
Feb 26, 2026 12:49:56 AM tools.descartes.dlim.httploadgenerator.runner.Director executeDirector
WARNING: No power measurements
Feb 26, 2026 12:49:56 AM tools.descartes.dlim.httploadgenerator.runner.Director executeDirector
INFO: Load Generator Thread Count set to 64
Feb 26, 2026 12:49:56 AM tools.descartes.dlim.httploadgenerator.runner.Director executeDirector
INFO: URL connection timout set to 30000 ms
Feb 26, 2026 12:49:56 AM tools.descartes.dlim.httploadgenerator.runner.Director executeDirector
INFO: Using Lua Script: /home/luish/Documents/death/teastore/TeaStore/examples/httploadgenerator/teastore_buy.lua
Feb 26, 2026 12:49:56 AM tools.descartes.dlim.httploadgenerator.runner.Director process
INFO: Read 120 Arrival Rate Tuples
Load Generator sent: ok
Feb 26, 2026 12:49:56 AM tools.descartes.dlim.httploadgenerator.runner.Director process
INFO: Arrival Rates sent to Load Generator(s).
Load Generator sent: ok
Feb 26, 2026 12:49:56 AM tools.descartes.dlim.httploadgenerator.runner.Director process
INFO: Thread Count sent to Load Generator(s): 64
Load Generator sent: ok
Feb 26, 2026 12:49:56 AM tools.descartes.dlim.httploadgenerator.runner.Director process
INFO: URL connection timeout sent to Load Generator(s): 30000
Load Generator sent: ok
Feb 26, 2026 12:49:56 AM tools.descartes.dlim.httploadgenerator.runner.Director process
INFO: Contents of script sent to Load Generator: /home/luish/Documents/death/teastore/TeaStore/examples/httploadgenerator/teastore_buy.lua
Feb 26, 2026 12:49:56 AM tools.descartes.dlim.httploadgenerator.runner.Director process
INFO: Starting Load Generation
Beginning Run @1772084996910(26.02.2026;00:49:56910)
Target Time = 0.5; Load Intensity = 0.0; #Success = 0; #Failed = 0; #Dropped = 0
  ├─ [nitro5:sd] start 00:49:57
  ├─ [nitro5:ram] start 00:49:57
  ├─ [nitro5:nic] start 00:49:57
[⏱ 00:49:58] Iniciando ecofloc en aspire por 145s (fase: fase3_carga_low_iter2)
  ├─ [nitro5:cpu] start 00:49:58
  ├─ [aspire:sd] start 00:49:58
  ├─ [aspire:ram] start 00:49:58
[⏱ 00:49:58] Iniciando ecofloc en scorpius por 145s (fase: fase3_carga_low_iter2)
  ├─ [aspire:nic] start 00:49:58
  ├─ [aspire:cpu] start 00:49:58
  ├─ [scorpius:sd] start 00:49:58
  ├─ [scorpius:ram] start 00:49:58
  ├─ [scorpius:nic] start 00:49:58
[⏱ 00:49:58] Iniciando ecofloc en leo por 145s (fase: fase3_carga_low_iter2)
  ├─ [scorpius:cpu] start 00:49:58
  ├─ [leo:sd] start 00:49:58
  ├─ [leo:ram] start 00:49:58
  ├─ [leo:nic] start 00:49:58
  ├─ [leo:cpu] start 00:49:58
Target Time = 1.5; Load Intensity = 1.0; #Success = 0; #Failed = 0; #Dropped = 0
Target Time = 2.5; Load Intensity = 2.0; #Success = 0; #Failed = 0; #Dropped = 0
Target Time = 3.5; Load Intensity = 2.0; #Success = 2; #Failed = 0; #Dropped = 0
Target Time = 4.5; Load Intensity = 3.0; #Success = 6; #Failed = 0; #Dropped = 0
Target Time = 5.5; Load Intensity = 4.0; #Success = 4; #Failed = 0; #Dropped = 0
Target Time = 6.5; Load Intensity = 5.0; #Success = 4; #Failed = 0; #Dropped = 0
Target Time = 7.5; Load Intensity = 6.0; #Success = 7; #Failed = 0; #Dropped = 0
Target Time = 8.5; Load Intensity = 7.0; #Success = 7; #Failed = 0; #Dropped = 0
Target Time = 9.5; Load Intensity = 7.0; #Success = 7; #Failed = 0; #Dropped = 0
Target Time = 10.5; Load Intensity = 8.0; #Success = 7; #Failed = 0; #Dropped = 0
Target Time = 11.5; Load Intensity = 9.0; #Success = 10; #Failed = 0; #Dropped = 0
Target Time = 12.5; Load Intensity = 10.0; #Success = 10; #Failed = 0; #Dropped = 0
Target Time = 13.5; Load Intensity = 11.0; #Success = 0; #Failed = 0; #Dropped = 0
Target Time = 14.5; Load Intensity = 12.0; #Success = 22; #Failed = 0; #Dropped = 0
Target Time = 15.5; Load Intensity = 12.0; #Success = 13; #Failed = 0; #Dropped = 0
Target Time = 16.5; Load Intensity = 13.0; #Success = 13; #Failed = 0; #Dropped = 0
Target Time = 17.5; Load Intensity = 14.0; #Success = 14; #Failed = 0; #Dropped = 0
Target Time = 18.5; Load Intensity = 15.0; #Success = 2; #Failed = 0; #Dropped = 0
Target Time = 19.5; Load Intensity = 16.0; #Success = 0; #Failed = 0; #Dropped = 0
Target Time = 20.5; Load Intensity = 17.0; #Success = 0; #Failed = 0; #Dropped = 0
Target Time = 21.5; Load Intensity = 17.0; #Success = 5; #Failed = 0; #Dropped = 0
Target Time = 22.5; Load Intensity = 18.0; #Success = 1; #Failed = 0; #Dropped = 0
Target Time = 23.5; Load Intensity = 19.0; #Success = 4; #Failed = 0; #Dropped = 0
Target Time = 24.5; Load Intensity = 20.0; #Success = 15; #Failed = 0; #Dropped = 0
Target Time = 25.5; Load Intensity = 21.0; #Success = 5; #Failed = 0; #Dropped = 0
Target Time = 26.5; Load Intensity = 22.0; #Success = 8; #Failed = 0; #Dropped = 0
Target Time = 27.5; Load Intensity = 22.0; #Success = 3; #Failed = 9; #Dropped = 0
Target Time = 28.5; Load Intensity = 23.0; #Success = 5; #Failed = 11; #Dropped = 0
Target Time = 29.5; Load Intensity = 24.0; #Success = 1; #Failed = 8; #Dropped = 0
Target Time = 30.5; Load Intensity = 25.0; #Success = 0; #Failed = 4; #Dropped = 0
Target Time = 31.5; Load Intensity = 26.0; #Success = 0; #Failed = 7; #Dropped = 0
Target Time = 32.5; Load Intensity = 27.0; #Success = 0; #Failed = 11; #Dropped = 0
Target Time = 33.5; Load Intensity = 27.0; #Success = 0; #Failed = 5; #Dropped = 0
Target Time = 34.5; Load Intensity = 28.0; #Success = 0; #Failed = 12; #Dropped = 0
Target Time = 35.5; Load Intensity = 29.0; #Success = 0; #Failed = 0; #Dropped = 0
Target Time = 36.5; Load Intensity = 30.0; #Success = 0; #Failed = 9; #Dropped = 0
Target Time = 37.5; Load Intensity = 31.0; #Success = 0; #Failed = 1; #Dropped = 0
Target Time = 38.5; Load Intensity = 32.0; #Success = 0; #Failed = 0; #Dropped = 0
Target Time = 39.5; Load Intensity = 32.0; #Success = 0; #Failed = 0; #Dropped = 0
Target Time = 40.5; Load Intensity = 33.0; #Success = 0; #Failed = 16; #Dropped = 0
Target Time = 41.5; Load Intensity = 34.0; #Success = 0; #Failed = 10; #Dropped = 0
Target Time = 42.5; Load Intensity = 35.0; #Success = 9; #Failed = 1; #Dropped = 0
Target Time = 43.5; Load Intensity = 36.0; #Success = 0; #Failed = 1; #Dropped = 0
Target Time = 44.5; Load Intensity = 37.0; #Success = 0; #Failed = 0; #Dropped = 0
Target Time = 45.5; Load Intensity = 37.0; #Success = 2; #Failed = 14; #Dropped = 0
Target Time = 46.5; Load Intensity = 38.0; #Success = 0; #Failed = 0; #Dropped = 0
Target Time = 47.5; Load Intensity = 39.0; #Success = 0; #Failed = 0; #Dropped = 0
Target Time = 48.5; Load Intensity = 40.0; #Success = 0; #Failed = 0; #Dropped = 0
Target Time = 49.5; Load Intensity = 41.0; #Success = 0; #Failed = 5; #Dropped = 0
Target Time = 50.5; Load Intensity = 42.0; #Success = 0; #Failed = 8; #Dropped = 0
Target Time = 51.5; Load Intensity = 42.0; #Success = 0; #Failed = 6; #Dropped = 0
Target Time = 52.5; Load Intensity = 43.0; #Success = 0; #Failed = 2; #Dropped = 0
Target Time = 53.5; Load Intensity = 44.0; #Success = 0; #Failed = 1; #Dropped = 0
Target Time = 54.5; Load Intensity = 45.0; #Success = 0; #Failed = 4; #Dropped = 0
Target Time = 55.5; Load Intensity = 46.0; #Success = 0; #Failed = 0; #Dropped = 0
Target Time = 56.5; Load Intensity = 47.0; #Success = 0; #Failed = 1; #Dropped = 0
Target Time = 57.5; Load Intensity = 47.0; #Success = 0; #Failed = 3; #Dropped = 0
Target Time = 58.5; Load Intensity = 48.0; #Success = 0; #Failed = 2; #Dropped = 0
Target Time = 59.5; Load Intensity = 49.0; #Success = 0; #Failed = 3; #Dropped = 0
Target Time = 60.5; Load Intensity = 50.0; #Success = 1; #Failed = 13; #Dropped = 0
Target Time = 61.5; Load Intensity = 51.0; #Success = 2; #Failed = 6; #Dropped = 0
Target Time = 62.5; Load Intensity = 52.0; #Success = 4; #Failed = 1; #Dropped = 10
Target Time = 63.5; Load Intensity = 52.0; #Success = 0; #Failed = 8; #Dropped = 9
Target Time = 64.5; Load Intensity = 53.0; #Success = 0; #Failed = 6; #Dropped = 18
Target Time = 65.5; Load Intensity = 54.0; #Success = 0; #Failed = 4; #Dropped = 21
Target Time = 66.5; Load Intensity = 55.0; #Success = 3; #Failed = 0; #Dropped = 42
Target Time = 67.5; Load Intensity = 56.0; #Success = 0; #Failed = 0; #Dropped = 0
Target Time = 68.5; Load Intensity = 57.0; #Success = 1; #Failed = 0; #Dropped = 31
Target Time = 69.5; Load Intensity = 57.0; #Success = 0; #Failed = 0; #Dropped = 0
Target Time = 70.5; Load Intensity = 58.0; #Success = 4; #Failed = 0; #Dropped = 84
Target Time = 71.5; Load Intensity = 59.0; #Success = 3; #Failed = 0; #Dropped = 37
Target Time = 72.5; Load Intensity = 60.0; #Success = 0; #Failed = 9; #Dropped = 16
Target Time = 73.5; Load Intensity = 61.0; #Success = 1; #Failed = 10; #Dropped = 31
Target Time = 74.5; Load Intensity = 62.0; #Success = 0; #Failed = 10; #Dropped = 11
Target Time = 75.5; Load Intensity = 62.0; #Success = 2; #Failed = 6; #Dropped = 48
Target Time = 76.5; Load Intensity = 63.0; #Success = 0; #Failed = 3; #Dropped = 7
Target Time = 77.5; Load Intensity = 64.0; #Success = 0; #Failed = 3; #Dropped = 39
Target Time = 78.5; Load Intensity = 65.0; #Success = 0; #Failed = 1; #Dropped = 34
Target Time = 79.5; Load Intensity = 66.0; #Success = 1; #Failed = 1; #Dropped = 52
Target Time = 80.5; Load Intensity = 67.0; #Success = 1; #Failed = 5; #Dropped = 34
Target Time = 81.5; Load Intensity = 67.0; #Success = 0; #Failed = 5; #Dropped = 46
Target Time = 82.5; Load Intensity = 68.0; #Success = 1; #Failed = 4; #Dropped = 40
Target Time = 83.5; Load Intensity = 69.0; #Success = 0; #Failed = 2; #Dropped = 18
Target Time = 84.5; Load Intensity = 70.0; #Success = 0; #Failed = 4; #Dropped = 41
Target Time = 85.5; Load Intensity = 71.0; #Success = 0; #Failed = 0; #Dropped = 0
Target Time = 86.5; Load Intensity = 72.0; #Success = 0; #Failed = 0; #Dropped = 0
Target Time = 87.5; Load Intensity = 72.0; #Success = 0; #Failed = 0; #Dropped = 0
Target Time = 88.5; Load Intensity = 73.0; #Success = 1; #Failed = 1; #Dropped = 198
Target Time = 89.5; Load Intensity = 74.0; #Success = 0; #Failed = 0; #Dropped = 0
Target Time = 90.5; Load Intensity = 75.0; #Success = 4; #Failed = 0; #Dropped = 88
Target Time = 91.5; Load Intensity = 76.0; #Success = 0; #Failed = 9; #Dropped = 58
Target Time = 92.5; Load Intensity = 77.0; #Success = 2; #Failed = 7; #Dropped = 59
Target Time = 93.5; Load Intensity = 77.0; #Success = 0; #Failed = 6; #Dropped = 47
Target Time = 94.5; Load Intensity = 78.0; #Success = 0; #Failed = 6; #Dropped = 29
Target Time = 95.5; Load Intensity = 79.0; #Success = 0; #Failed = 9; #Dropped = 37
Target Time = 96.5; Load Intensity = 80.0; #Success = 0; #Failed = 14; #Dropped = 52
Target Time = 97.5; Load Intensity = 81.0; #Success = 0; #Failed = 12; #Dropped = 44
Target Time = 98.5; Load Intensity = 82.0; #Success = 0; #Failed = 13; #Dropped = 39
Target Time = 99.5; Load Intensity = 82.0; #Success = 0; #Failed = 18; #Dropped = 45
Target Time = 100.5; Load Intensity = 83.0; #Success = 0; #Failed = 9; #Dropped = 36
Target Time = 101.5; Load Intensity = 84.0; #Success = 0; #Failed = 17; #Dropped = 53
Target Time = 102.5; Load Intensity = 85.0; #Success = 0; #Failed = 14; #Dropped = 45
Target Time = 103.5; Load Intensity = 86.0; #Success = 2; #Failed = 0; #Dropped = 72
Target Time = 104.5; Load Intensity = 87.0; #Success = 0; #Failed = 0; #Dropped = 0
Target Time = 105.5; Load Intensity = 87.0; #Success = 0; #Failed = 0; #Dropped = 0
Target Time = 106.5; Load Intensity = 88.0; #Success = 0; #Failed = 0; #Dropped = 0
Target Time = 107.5; Load Intensity = 89.0; #Success = 0; #Failed = 0; #Dropped = 0
Target Time = 108.5; Load Intensity = 90.0; #Success = 0; #Failed = 1; #Dropped = 264
Target Time = 109.5; Load Intensity = 91.0; #Success = 0; #Failed = 6; #Dropped = 81
Target Time = 110.5; Load Intensity = 92.0; #Success = 0; #Failed = 4; #Dropped = 49
Target Time = 111.5; Load Intensity = 92.0; #Success = 0; #Failed = 5; #Dropped = 51
Target Time = 112.5; Load Intensity = 93.0; #Success = 0; #Failed = 11; #Dropped = 65
Target Time = 113.5; Load Intensity = 94.0; #Success = 0; #Failed = 8; #Dropped = 69
Target Time = 114.5; Load Intensity = 95.0; #Success = 0; #Failed = 2; #Dropped = 63
Target Time = 115.5; Load Intensity = 96.0; #Success = 0; #Failed = 1; #Dropped = 60
Target Time = 116.5; Load Intensity = 97.0; #Success = 0; #Failed = 4; #Dropped = 70
Target Time = 117.5; Load Intensity = 97.0; #Success = 0; #Failed = 3; #Dropped = 77
Target Time = 118.5; Load Intensity = 98.0; #Success = 0; #Failed = 3; #Dropped = 60
Target Time = 119.5; Load Intensity = 99.0; #Success = 0; #Failed = 2; #Dropped = 84
Target Time = 120.5; Load Intensity = 0.0; #Success = 0; #Failed = 4; #Dropped = 61
Target Time = 121.5; Load Intensity = 0.0; #Success = 0; #Failed = 6; #Dropped = 124
Target Time = 122.5; Load Intensity = 0.0; #Success = 0; #Failed = 3; #Dropped = 26
Target Time = 123.5; Load Intensity = 0.0; #Success = 0; #Failed = 6; #Dropped = 83
Target Time = 124.5; Load Intensity = 0.0; #Success = 0; #Failed = 6; #Dropped = 68
Target Time = 125.5; Load Intensity = 0.0; #Success = 0; #Failed = 13; #Dropped = 77
Target Time = 126.5; Load Intensity = 0.0; #Success = 0; #Failed = 5; #Dropped = 66
Target Time = 127.5; Load Intensity = 0.0; #Success = 0; #Failed = 10; #Dropped = 83
Target Time = 128.5; Load Intensity = 0.0; #Success = 0; #Failed = 11; #Dropped = 69
Target Time = 129.5; Load Intensity = 0.0; #Success = 0; #Failed = 7; #Dropped = 73
Target Time = 130.5; Load Intensity = 0.0; #Success = 0; #Failed = 18; #Dropped = 80
Target Time = 131.5; Load Intensity = 0.0; #Success = 1; #Failed = 4; #Dropped = 59
Target Time = 132.5; Load Intensity = 0.0; #Success = 1; #Failed = 0; #Dropped = 42
Target Time = 133.5; Load Intensity = 0.0; #Success = 0; #Failed = 0; #Dropped = 0
Target Time = 134.5; Load Intensity = 0.0; #Success = 0; #Failed = 0; #Dropped = 0
Target Time = 135.5; Load Intensity = 0.0; #Success = 0; #Failed = 0; #Dropped = 0
Target Time = 136.5; Load Intensity = 0.0; #Success = 0; #Failed = 0; #Dropped = 0
Target Time = 137.5; Load Intensity = 0.0; #Success = 0; #Failed = 0; #Dropped = 0
Target Time = 138.5; Load Intensity = 0.0; #Success = 0; #Failed = 0; #Dropped = 0
Target Time = 139.5; Load Intensity = 0.0; #Success = 0; #Failed = 0; #Dropped = 0
Target Time = 140.5; Load Intensity = 0.0; #Success = 0; #Failed = 0; #Dropped = 0
Target Time = 141.5; Load Intensity = 0.0; #Success = 0; #Failed = 0; #Dropped = 0
Target Time = 142.5; Load Intensity = 0.0; #Success = 1; #Failed = 25; #Dropped = 912
Target Time = 143.5; Load Intensity = 0.0; #Success = 0; #Failed = 4; #Dropped = 83
Target Time = 144.5; Load Intensity = 0.0; #Success = 0; #Failed = 3; #Dropped = 91
  └─ [nitro5:sd] end 00:52:22
Target Time = 145.5; Load Intensity = 0.0; #Success = 0; #Failed = 0; #Dropped = 0
  └─ [nitro5:ram] end 00:52:22
  └─ [nitro5:nic] end 00:52:22
  └─ [nitro5:cpu] end 00:52:23
Target Time = 146.5; Load Intensity = 0.0; #Success = 0; #Failed = 0; #Dropped = 0
Target Time = 147.5; Load Intensity = 0.0; #Success = 0; #Failed = 22; #Dropped = 283
Target Time = 148.5; Load Intensity = 0.0; #Success = 1; #Failed = 2; #Dropped = 68
Target Time = 149.5; Load Intensity = 0.0; #Success = 0; #Failed = 0; #Dropped = 0
Target Time = 150.5; Load Intensity = 0.0; #Success = 0; #Failed = 47; #Dropped = 152
  └─ [aspire:nic] end 00:52:27
Target Time = 151.5; Load Intensity = 0.0; #Success = 0; #Failed = 7; #Dropped = 0
  └─ [scorpius:cpu] end 00:52:28
  └─ [scorpius:nic] end 00:52:29
  └─ [aspire:cpu] end 00:52:29
Target Time = 152.5; Load Intensity = 0.0; #Success = 0; #Failed = 5; #Dropped = 0
Target Time = 153.5; Load Intensity = 0.0; #Success = 0; #Failed = 0; #Dropped = 0
  └─ [aspire:sd] end 00:52:31
  └─ [aspire:ram] end 00:52:31
Target Time = 154.5; Load Intensity = 0.0; #Success = 2; #Failed = 0; #Dropped = 0
Target Time = 155.5; Load Intensity = 0.0; #Success = 0; #Failed = 2; #Dropped = 0
Target Time = 156.5; Load Intensity = 0.0; #Success = 0; #Failed = 0; #Dropped = 0
Target Time = 157.5; Load Intensity = 0.0; #Success = 1; #Failed = 0; #Dropped = 0
  └─ [scorpius:ram] end 00:52:37
  └─ [leo:nic] end 00:52:38
Workload finished.
Log finished.
📄 LIMBO finalizado para scenario=low
⏳ [00:52:39] Esperando que termine medición: fase3_carga_low_iter2 (PID: 2066794)
  └─ [leo:sd] end 00:52:41
  └─ [scorpius:sd] end 00:52:42
  └─ [leo:cpu] end 00:52:42
  └─ [leo:ram] end 00:52:43
=== Bloque 145s terminado - Fase: fase3_carga_low_iter2 ===
[🧹] Limpiando CSVs internos de ecofloc en cada nodo (fase: fase3_carga_low_iter2)...
  ✔ [nitro5:cpu] limpiado /home/luish/Documents/p3/ecofloc2/ecofloc/ecofloc-cpu/ECOFLOC_CPU_COMM_text.csv
  ✔ [nitro5:nic] limpiado /home/luish/Documents/p3/ecofloc2/ecofloc/ecofloc-nic/ECOFLOC_NIC_COMM_text.csv
  ✔ [nitro5:ram] limpiado /home/luish/Documents/p3/ecofloc2/ecofloc/ecofloc-ram/ECOFLOC_RAM_COMM_text.csv
  ✔ [nitro5:sd] limpiado /home/luish/Documents/p3/ecofloc2/ecofloc/ecofloc-sd/ECOFLOC_SD_COMM_text.csv
  ✔ [leo:cpu] limpiado /home/leo/ecofloc/ecofloc-cpu/ECOFLOC_CPU_COMM_text.csv
  ✔ [leo:nic] limpiado /home/leo/ecofloc/ecofloc-nic/ECOFLOC_NIC_COMM_text.csv
  ✔ [leo:ram] limpiado /home/leo/ecofloc/ecofloc-ram/ECOFLOC_RAM_COMM_text.csv
  ✔ [leo:sd] limpiado /home/leo/ecofloc/ecofloc-sd/ECOFLOC_SD_COMM_text.csv
  ✔ [aspire:cpu] limpiado /home/luish/Documents/p3/ecofloc2/ecofloc/ecofloc-cpu/ECOFLOC_CPU_COMM_text.csv
  ✔ [aspire:nic] limpiado /home/luish/Documents/p3/ecofloc2/ecofloc/ecofloc-nic/ECOFLOC_NIC_COMM_text.csv
  ✔ [aspire:ram] limpiado /home/luish/Documents/p3/ecofloc2/ecofloc/ecofloc-ram/ECOFLOC_RAM_COMM_text.csv
  ✔ [aspire:sd] limpiado /home/luish/Documents/p3/ecofloc2/ecofloc/ecofloc-sd/ECOFLOC_SD_COMM_text.csv
  ✔ [scorpius:cpu] limpiado /home/scorpius03/Documents/ecofloc/ecofloc-cpu/ECOFLOC_CPU_COMM_text.csv
  ✔ [scorpius:nic] limpiado /home/scorpius03/Documents/ecofloc/ecofloc-nic/ECOFLOC_NIC_COMM_text.csv
  ✔ [scorpius:ram] limpiado /home/scorpius03/Documents/ecofloc/ecofloc-ram/ECOFLOC_RAM_COMM_text.csv
  ✔ [scorpius:sd] limpiado /home/scorpius03/Documents/ecofloc/ecofloc-sd/ECOFLOC_SD_COMM_text.csv
========================================
🔋 MEASURE ENERGY FINALIZADO
   Fase: fase3_carga_low_iter2
========================================
✔️ [00:52:46] Medición fase3_carga_low_iter2 completada
[📦] Archivando resultados → ./historyexecutions/exp(00:52:51)_fase3_low_iter2
[✔] Archivado: ./historyexecutions/exp(00:52:51)_fase3_low_iter2
🧹 Limpiando TeaStore (iter 2)...
⏸ Esperando 15s para limpieza completa...
✅ Iteración 2 / 15 del escenario low completada.

########################################################
🔄 ESCENARIO: low | ITERACIÓN: 3 / 15
   Hora: 00:53:39
########################################################
========================================
🔋 FASE 1: Descarga de imágenes (low, iter 3)
========================================
📋 Capturando PIDs (gepidstea.sh)...
📋 Capturando PIDs de contenedores (kpsnodos.sh)...
🔋 [00:54:01] Iniciando medición de energía: fase1_descarga_low_iter3 (25s)
   PID de medición: 2478605
🚀 Desplegando TeaStore desde /home/luish/Documents/death/teastore/TeaStore/examples/kubernetes/teastore-energy-scheduler.yaml...
========================================
🔋 MEASURE ENERGY - Fase: fase1_descarga_low_iter3
   Duración: 25s
   PID: 2478605
========================================
=== Medición bloque 25s - Fase: fase1_descarga_low_iter3 ===
[⏱ 00:54:01] Iniciando ecofloc en nitro5 por 25s (fase: fase1_descarga_low_iter3)
⏳ Esperando a que todos los pods de TeaStore estén Running y Ready...
  ├─ [nitro5:sd] start 00:54:01
  ├─ [nitro5:ram] start 00:54:02
  ├─ [nitro5:nic] start 00:54:02
[⏱ 00:54:02] Iniciando ecofloc en aspire por 25s (fase: fase1_descarga_low_iter3)
  ├─ [nitro5:cpu] start 00:54:02
  ├─ [aspire:sd] start 00:54:02
  ├─ [aspire:ram] start 00:54:02
[⏱ 00:54:02] Iniciando ecofloc en scorpius por 25s (fase: fase1_descarga_low_iter3)
  ├─ [aspire:nic] start 00:54:02
  ├─ [aspire:cpu] start 00:54:02
  ├─ [scorpius:sd] start 00:54:02
  ├─ [scorpius:ram] start 00:54:02
  ├─ [scorpius:nic] start 00:54:02
[⏱ 00:54:02] Iniciando ecofloc en leo por 25s (fase: fase1_descarga_low_iter3)
  ├─ [scorpius:cpu] start 00:54:02
  ├─ [leo:sd] start 00:54:02
  ├─ [leo:nic] start 00:54:02
  ├─ [leo:cpu] start 00:54:02
  ├─ [leo:ram] start 00:54:02
✅ Pods listos.
⏳ [00:54:05] Esperando que termine medición: fase1_descarga_low_iter3 (PID: 2478605)
  └─ [nitro5:sd] end 00:54:26
  └─ [nitro5:ram] end 00:54:27
  └─ [nitro5:nic] end 00:54:27
  └─ [nitro5:cpu] end 00:54:27
  └─ [aspire:cpu] end 00:54:28
  └─ [aspire:sd] end 00:54:28
  └─ [aspire:ram] end 00:54:28
  └─ [scorpius:cpu] end 00:54:28
  └─ [scorpius:sd] end 00:54:29
  └─ [leo:cpu] end 00:54:29
  └─ [leo:sd] end 00:54:29
  └─ [aspire:nic] end 00:54:29
  └─ [leo:nic] end 00:54:30
  └─ [scorpius:nic] end 00:54:30
  └─ [leo:ram] end 00:54:30
  └─ [scorpius:ram] end 00:54:30
=== Bloque 25s terminado - Fase: fase1_descarga_low_iter3 ===
[🧹] Limpiando CSVs internos de ecofloc en cada nodo (fase: fase1_descarga_low_iter3)...
  ✔ [nitro5:cpu] limpiado /home/luish/Documents/p3/ecofloc2/ecofloc/ecofloc-cpu/ECOFLOC_CPU_COMM_text.csv
  ✔ [nitro5:nic] limpiado /home/luish/Documents/p3/ecofloc2/ecofloc/ecofloc-nic/ECOFLOC_NIC_COMM_text.csv
  ✔ [nitro5:ram] limpiado /home/luish/Documents/p3/ecofloc2/ecofloc/ecofloc-ram/ECOFLOC_RAM_COMM_text.csv
  ✔ [nitro5:sd] limpiado /home/luish/Documents/p3/ecofloc2/ecofloc/ecofloc-sd/ECOFLOC_SD_COMM_text.csv
  ✔ [leo:cpu] limpiado /home/leo/ecofloc/ecofloc-cpu/ECOFLOC_CPU_COMM_text.csv
  ✔ [leo:nic] limpiado /home/leo/ecofloc/ecofloc-nic/ECOFLOC_NIC_COMM_text.csv
  ✔ [leo:ram] limpiado /home/leo/ecofloc/ecofloc-ram/ECOFLOC_RAM_COMM_text.csv
  ✔ [leo:sd] limpiado /home/leo/ecofloc/ecofloc-sd/ECOFLOC_SD_COMM_text.csv
  ✔ [aspire:cpu] limpiado /home/luish/Documents/p3/ecofloc2/ecofloc/ecofloc-cpu/ECOFLOC_CPU_COMM_text.csv
  ✔ [aspire:nic] limpiado /home/luish/Documents/p3/ecofloc2/ecofloc/ecofloc-nic/ECOFLOC_NIC_COMM_text.csv
  ✔ [aspire:ram] limpiado /home/luish/Documents/p3/ecofloc2/ecofloc/ecofloc-ram/ECOFLOC_RAM_COMM_text.csv
  ✔ [aspire:sd] limpiado /home/luish/Documents/p3/ecofloc2/ecofloc/ecofloc-sd/ECOFLOC_SD_COMM_text.csv
  ✔ [scorpius:cpu] limpiado /home/scorpius03/Documents/ecofloc/ecofloc-cpu/ECOFLOC_CPU_COMM_text.csv
  ✔ [scorpius:nic] limpiado /home/scorpius03/Documents/ecofloc/ecofloc-nic/ECOFLOC_NIC_COMM_text.csv
  ✔ [scorpius:ram] limpiado /home/scorpius03/Documents/ecofloc/ecofloc-ram/ECOFLOC_RAM_COMM_text.csv
  ✔ [scorpius:sd] limpiado /home/scorpius03/Documents/ecofloc/ecofloc-sd/ECOFLOC_SD_COMM_text.csv
========================================
🔋 MEASURE ENERGY FINALIZADO
   Fase: fase1_descarga_low_iter3
========================================
✔️ [00:54:34] Medición fase1_descarga_low_iter3 completada
[📦] Archivando resultados → ./historyexecutions/exp(00:54:39)_fase1_low_iter3
[✔] Archivado: ./historyexecutions/exp(00:54:39)_fase1_low_iter3
========================================
🔋 FASE 2: Preparación de servicios (low, iter 3)
========================================
📋 Capturando PIDs (gepidstea.sh)...
📋 Capturando PIDs de contenedores (kpsnodos.sh)...
🔋 [00:54:55] Iniciando medición de energía: fase2_preparacion_low_iter3 (50s)
   PID de medición: 2543105
========================================
🔋 MEASURE ENERGY - Fase: fase2_preparacion_low_iter3
   Duración: 50s
   PID: 2543105
========================================
=== Medición bloque 50s - Fase: fase2_preparacion_low_iter3 ===
[⏱ 00:54:55] Iniciando ecofloc en nitro5 por 50s (fase: fase2_preparacion_low_iter3)
⏳ Esperando 10s a que CoreDNS se estabilice...
  ├─ [nitro5:sd] start 00:54:56
  ├─ [nitro5:ram] start 00:54:56
  ├─ [nitro5:nic] start 00:54:56
[⏱ 00:54:57] Iniciando ecofloc en aspire por 50s (fase: fase2_preparacion_low_iter3)
  ├─ [nitro5:cpu] start 00:54:57
  ├─ [aspire:sd] start 00:54:57
  ├─ [aspire:ram] start 00:54:57
[⏱ 00:54:57] Iniciando ecofloc en scorpius por 50s (fase: fase2_preparacion_low_iter3)
  ├─ [aspire:nic] start 00:54:57
  ├─ [aspire:cpu] start 00:54:57
  ├─ [scorpius:sd] start 00:54:57
  ├─ [scorpius:ram] start 00:54:57
  ├─ [scorpius:nic] start 00:54:57
[⏱ 00:54:57] Iniciando ecofloc en leo por 50s (fase: fase2_preparacion_low_iter3)
  ├─ [scorpius:cpu] start 00:54:57
  ├─ [leo:sd] start 00:54:57
  ├─ [leo:ram] start 00:54:57
  ├─ [leo:nic] start 00:54:57
  ├─ [leo:cpu] start 00:54:57
➡️ Pod WebUI: teastore-webui-ff7768544-qvsh5
➡️ Está en el nodo: luish-nitro-an515-57
🌐 IP del nodo WebUI: 192.168.18.27
⏳ Verificando estado del TeaStore en http://192.168.18.27:30080/tools.descartes.teastore.webui/status ...
   ➤ Estado actual: 5 / 5 servicios OK
✔ TODOS los servicios del TeaStore están OK. Continuando...
⏳ [00:55:08] Esperando que termine medición: fase2_preparacion_low_iter3 (PID: 2543105)
  └─ [nitro5:sd] end 00:55:46
  └─ [nitro5:ram] end 00:55:46
  └─ [nitro5:nic] end 00:55:46
  └─ [nitro5:cpu] end 00:55:47
  └─ [scorpius:sd] end 00:55:48
  └─ [aspire:sd] end 00:55:48
  └─ [aspire:cpu] end 00:55:48
  └─ [aspire:nic] end 00:55:48
  └─ [aspire:ram] end 00:55:49
  └─ [scorpius:cpu] end 00:55:49
  └─ [scorpius:nic] end 00:55:50
  └─ [scorpius:ram] end 00:55:51
  └─ [leo:sd] end 00:55:51
  └─ [leo:nic] end 00:55:52
  └─ [leo:ram] end 00:55:53
  └─ [leo:cpu] end 00:55:53
=== Bloque 50s terminado - Fase: fase2_preparacion_low_iter3 ===
[🧹] Limpiando CSVs internos de ecofloc en cada nodo (fase: fase2_preparacion_low_iter3)...
  ✔ [nitro5:cpu] limpiado /home/luish/Documents/p3/ecofloc2/ecofloc/ecofloc-cpu/ECOFLOC_CPU_COMM_text.csv
  ✔ [nitro5:nic] limpiado /home/luish/Documents/p3/ecofloc2/ecofloc/ecofloc-nic/ECOFLOC_NIC_COMM_text.csv
  ✔ [nitro5:ram] limpiado /home/luish/Documents/p3/ecofloc2/ecofloc/ecofloc-ram/ECOFLOC_RAM_COMM_text.csv
  ✔ [nitro5:sd] limpiado /home/luish/Documents/p3/ecofloc2/ecofloc/ecofloc-sd/ECOFLOC_SD_COMM_text.csv
  ✔ [leo:cpu] limpiado /home/leo/ecofloc/ecofloc-cpu/ECOFLOC_CPU_COMM_text.csv
  ✔ [leo:nic] limpiado /home/leo/ecofloc/ecofloc-nic/ECOFLOC_NIC_COMM_text.csv
  ✔ [leo:ram] limpiado /home/leo/ecofloc/ecofloc-ram/ECOFLOC_RAM_COMM_text.csv
  ✔ [leo:sd] limpiado /home/leo/ecofloc/ecofloc-sd/ECOFLOC_SD_COMM_text.csv
  ✔ [aspire:cpu] limpiado /home/luish/Documents/p3/ecofloc2/ecofloc/ecofloc-cpu/ECOFLOC_CPU_COMM_text.csv
  ✔ [aspire:nic] limpiado /home/luish/Documents/p3/ecofloc2/ecofloc/ecofloc-nic/ECOFLOC_NIC_COMM_text.csv
  ✔ [aspire:ram] limpiado /home/luish/Documents/p3/ecofloc2/ecofloc/ecofloc-ram/ECOFLOC_RAM_COMM_text.csv
  ✔ [aspire:sd] limpiado /home/luish/Documents/p3/ecofloc2/ecofloc/ecofloc-sd/ECOFLOC_SD_COMM_text.csv
  ✔ [scorpius:cpu] limpiado /home/scorpius03/Documents/ecofloc/ecofloc-cpu/ECOFLOC_CPU_COMM_text.csv
  ✔ [scorpius:nic] limpiado /home/scorpius03/Documents/ecofloc/ecofloc-nic/ECOFLOC_NIC_COMM_text.csv
  ✔ [scorpius:ram] limpiado /home/scorpius03/Documents/ecofloc/ecofloc-ram/ECOFLOC_RAM_COMM_text.csv
  ✔ [scorpius:sd] limpiado /home/scorpius03/Documents/ecofloc/ecofloc-sd/ECOFLOC_SD_COMM_text.csv
========================================
🔋 MEASURE ENERGY FINALIZADO
   Fase: fase2_preparacion_low_iter3
========================================
✔️ [00:55:58] Medición fase2_preparacion_low_iter3 completada
[📦] Archivando resultados → ./historyexecutions/exp(00:56:03)_fase2_low_iter3
[✔] Archivado: ./historyexecutions/exp(00:56:03)_fase2_low_iter3
========================================
🔋 FASE 3: Ejecución de carga (low, iter 3)
========================================
📋 Capturando PIDs (gepidstea.sh)...
📋 Capturando PIDs de contenedores (kpsnodos.sh)...
🔋 [00:56:20] Iniciando medición de energía: fase3_carga_low_iter3 (145s)
   PID de medición: 2680841
=== Escenario low (iter 3) ===
========================================
🔋 MEASURE ENERGY - Fase: fase3_carga_low_iter3
   Duración: 145s
   PID: 2680841
========================================
=== Medición bloque 145s - Fase: fase3_carga_low_iter3 ===
🚀 Iniciando LIMBO con profile=/home/luish/Documents/death/teastore/TeaStore/examples/httploadgenerator/increasingLowIntensity.csv y script=/home/luish/Documents/death/teastore/TeaStore/examples/httploadgenerator/teastore_buy.lua
[⏱ 00:56:20] Iniciando ecofloc en nitro5 por 145s (fase: fase3_carga_low_iter3)
Feb 26, 2026 12:56:20 AM tools.descartes.dlim.httploadgenerator.runner.Director executeDirector
WARNING: No power measurements
Feb 26, 2026 12:56:20 AM tools.descartes.dlim.httploadgenerator.runner.Director executeDirector
INFO: Load Generator Thread Count set to 64
Feb 26, 2026 12:56:20 AM tools.descartes.dlim.httploadgenerator.runner.Director executeDirector
INFO: URL connection timout set to 30000 ms
Feb 26, 2026 12:56:20 AM tools.descartes.dlim.httploadgenerator.runner.Director executeDirector
INFO: Using Lua Script: /home/luish/Documents/death/teastore/TeaStore/examples/httploadgenerator/teastore_buy.lua
Feb 26, 2026 12:56:20 AM tools.descartes.dlim.httploadgenerator.runner.Director process
INFO: Read 120 Arrival Rate Tuples
Load Generator sent: ok
Feb 26, 2026 12:56:20 AM tools.descartes.dlim.httploadgenerator.runner.Director process
INFO: Arrival Rates sent to Load Generator(s).
Load Generator sent: ok
Feb 26, 2026 12:56:20 AM tools.descartes.dlim.httploadgenerator.runner.Director process
INFO: Thread Count sent to Load Generator(s): 64
Load Generator sent: ok
Feb 26, 2026 12:56:20 AM tools.descartes.dlim.httploadgenerator.runner.Director process
INFO: URL connection timeout sent to Load Generator(s): 30000
Load Generator sent: ok
Feb 26, 2026 12:56:20 AM tools.descartes.dlim.httploadgenerator.runner.Director process
INFO: Contents of script sent to Load Generator: /home/luish/Documents/death/teastore/TeaStore/examples/httploadgenerator/teastore_buy.lua
Feb 26, 2026 12:56:20 AM tools.descartes.dlim.httploadgenerator.runner.Director process
INFO: Starting Load Generation
Beginning Run @1772085380677(26.02.2026;00:56:20677)
Target Time = 0.5; Load Intensity = 0.0; #Success = 0; #Failed = 0; #Dropped = 0
  ├─ [nitro5:sd] start 00:56:20
  ├─ [nitro5:ram] start 00:56:21
  ├─ [nitro5:nic] start 00:56:21
[⏱ 00:56:22] Iniciando ecofloc en aspire por 145s (fase: fase3_carga_low_iter3)
  ├─ [nitro5:cpu] start 00:56:22
  ├─ [aspire:sd] start 00:56:22
  ├─ [aspire:ram] start 00:56:22
[⏱ 00:56:22] Iniciando ecofloc en scorpius por 145s (fase: fase3_carga_low_iter3)
  ├─ [aspire:nic] start 00:56:22
  ├─ [aspire:cpu] start 00:56:22
  ├─ [scorpius:sd] start 00:56:22
  ├─ [scorpius:ram] start 00:56:22
[⏱ 00:56:22] Iniciando ecofloc en leo por 145s (fase: fase3_carga_low_iter3)
  ├─ [scorpius:nic] start 00:56:22
  ├─ [scorpius:cpu] start 00:56:22
  ├─ [leo:sd] start 00:56:22
  ├─ [leo:ram] start 00:56:22
  ├─ [leo:nic] start 00:56:22
  ├─ [leo:cpu] start 00:56:22
Target Time = 1.5; Load Intensity = 1.0; #Success = 0; #Failed = 0; #Dropped = 0
Target Time = 2.5; Load Intensity = 2.0; #Success = 0; #Failed = 0; #Dropped = 0
Target Time = 3.5; Load Intensity = 2.0; #Success = 5; #Failed = 0; #Dropped = 0
Target Time = 4.5; Load Intensity = 3.0; #Success = 3; #Failed = 0; #Dropped = 0
Target Time = 5.5; Load Intensity = 4.0; #Success = 4; #Failed = 0; #Dropped = 0
Target Time = 6.5; Load Intensity = 5.0; #Success = 5; #Failed = 0; #Dropped = 0
Target Time = 7.5; Load Intensity = 6.0; #Success = 6; #Failed = 0; #Dropped = 0
Target Time = 8.5; Load Intensity = 7.0; #Success = 7; #Failed = 0; #Dropped = 0
Target Time = 9.5; Load Intensity = 7.0; #Success = 7; #Failed = 0; #Dropped = 0
Target Time = 10.5; Load Intensity = 8.0; #Success = 6; #Failed = 0; #Dropped = 0
Target Time = 11.5; Load Intensity = 9.0; #Success = 11; #Failed = 0; #Dropped = 0
Target Time = 12.5; Load Intensity = 10.0; #Success = 10; #Failed = 0; #Dropped = 0
Target Time = 13.5; Load Intensity = 11.0; #Success = 9; #Failed = 0; #Dropped = 0
Target Time = 14.5; Load Intensity = 12.0; #Success = 12; #Failed = 0; #Dropped = 0
Target Time = 15.5; Load Intensity = 12.0; #Success = 14; #Failed = 0; #Dropped = 0
Target Time = 16.5; Load Intensity = 13.0; #Success = 13; #Failed = 0; #Dropped = 0
Target Time = 17.5; Load Intensity = 14.0; #Success = 14; #Failed = 0; #Dropped = 0
Target Time = 18.5; Load Intensity = 15.0; #Success = 2; #Failed = 0; #Dropped = 0
Target Time = 19.5; Load Intensity = 16.0; #Success = 4; #Failed = 0; #Dropped = 0
Target Time = 20.5; Load Intensity = 17.0; #Success = 0; #Failed = 0; #Dropped = 0
Target Time = 21.5; Load Intensity = 17.0; #Success = 4; #Failed = 0; #Dropped = 0
Target Time = 22.5; Load Intensity = 18.0; #Success = 12; #Failed = 0; #Dropped = 0
Target Time = 23.5; Load Intensity = 19.0; #Success = 13; #Failed = 0; #Dropped = 0
Target Time = 24.5; Load Intensity = 20.0; #Success = 4; #Failed = 0; #Dropped = 0
Target Time = 25.5; Load Intensity = 21.0; #Success = 1; #Failed = 0; #Dropped = 0
Target Time = 26.5; Load Intensity = 22.0; #Success = 1; #Failed = 0; #Dropped = 0
Target Time = 27.5; Load Intensity = 22.0; #Success = 0; #Failed = 0; #Dropped = 0
Target Time = 28.5; Load Intensity = 23.0; #Success = 0; #Failed = 0; #Dropped = 0
Target Time = 29.5; Load Intensity = 24.0; #Success = 0; #Failed = 0; #Dropped = 0
Target Time = 30.5; Load Intensity = 25.0; #Success = 0; #Failed = 1; #Dropped = 0
Target Time = 31.5; Load Intensity = 26.0; #Success = 0; #Failed = 0; #Dropped = 0
Target Time = 32.5; Load Intensity = 27.0; #Success = 2; #Failed = 4; #Dropped = 0
Target Time = 33.5; Load Intensity = 27.0; #Success = 0; #Failed = 3; #Dropped = 0
Target Time = 34.5; Load Intensity = 28.0; #Success = 0; #Failed = 3; #Dropped = 0
Target Time = 35.5; Load Intensity = 29.0; #Success = 0; #Failed = 1; #Dropped = 0
Target Time = 36.5; Load Intensity = 30.0; #Success = 0; #Failed = 4; #Dropped = 0
Target Time = 37.5; Load Intensity = 31.0; #Success = 0; #Failed = 9; #Dropped = 0
Target Time = 38.5; Load Intensity = 32.0; #Success = 0; #Failed = 13; #Dropped = 0
Target Time = 39.5; Load Intensity = 32.0; #Success = 0; #Failed = 19; #Dropped = 0
Target Time = 40.5; Load Intensity = 33.0; #Success = 0; #Failed = 7; #Dropped = 0
Target Time = 41.5; Load Intensity = 34.0; #Success = 0; #Failed = 1; #Dropped = 0
Target Time = 42.5; Load Intensity = 35.0; #Success = 0; #Failed = 0; #Dropped = 0
Target Time = 43.5; Load Intensity = 36.0; #Success = 0; #Failed = 0; #Dropped = 0
Target Time = 44.5; Load Intensity = 37.0; #Success = 0; #Failed = 0; #Dropped = 0
Target Time = 45.5; Load Intensity = 37.0; #Success = 0; #Failed = 1; #Dropped = 0
Target Time = 46.5; Load Intensity = 38.0; #Success = 0; #Failed = 0; #Dropped = 0
Target Time = 47.5; Load Intensity = 39.0; #Success = 0; #Failed = 1; #Dropped = 0
Target Time = 48.5; Load Intensity = 40.0; #Success = 0; #Failed = 0; #Dropped = 0
Target Time = 49.5; Load Intensity = 41.0; #Success = 0; #Failed = 0; #Dropped = 0
Target Time = 50.5; Load Intensity = 42.0; #Success = 0; #Failed = 23; #Dropped = 0
Target Time = 51.5; Load Intensity = 42.0; #Success = 0; #Failed = 0; #Dropped = 0
Target Time = 52.5; Load Intensity = 43.0; #Success = 0; #Failed = 0; #Dropped = 0
Target Time = 53.5; Load Intensity = 44.0; #Success = 0; #Failed = 24; #Dropped = 0
Target Time = 54.5; Load Intensity = 45.0; #Success = 0; #Failed = 0; #Dropped = 0
Target Time = 55.5; Load Intensity = 46.0; #Success = 0; #Failed = 0; #Dropped = 0
Target Time = 56.5; Load Intensity = 47.0; #Success = 0; #Failed = 23; #Dropped = 0
Target Time = 57.5; Load Intensity = 47.0; #Success = 0; #Failed = 0; #Dropped = 0
Target Time = 58.5; Load Intensity = 48.0; #Success = 0; #Failed = 0; #Dropped = 0
Target Time = 59.5; Load Intensity = 49.0; #Success = 0; #Failed = 0; #Dropped = 0
Target Time = 60.5; Load Intensity = 50.0; #Success = 0; #Failed = 4; #Dropped = 0
Target Time = 61.5; Load Intensity = 51.0; #Success = 0; #Failed = 2; #Dropped = 16
Target Time = 62.5; Load Intensity = 52.0; #Success = 2; #Failed = 10; #Dropped = 31
Target Time = 63.5; Load Intensity = 52.0; #Success = 0; #Failed = 8; #Dropped = 9
Target Time = 64.5; Load Intensity = 53.0; #Success = 0; #Failed = 0; #Dropped = 0
Target Time = 65.5; Load Intensity = 54.0; #Success = 0; #Failed = 23; #Dropped = 63
Target Time = 66.5; Load Intensity = 55.0; #Success = 0; #Failed = 0; #Dropped = 0
Target Time = 67.5; Load Intensity = 56.0; #Success = 1; #Failed = 0; #Dropped = 20
Target Time = 68.5; Load Intensity = 57.0; #Success = 3; #Failed = 23; #Dropped = 46
Target Time = 69.5; Load Intensity = 57.0; #Success = 6; #Failed = 0; #Dropped = 0
Target Time = 70.5; Load Intensity = 58.0; #Success = 3; #Failed = 0; #Dropped = 12
Target Time = 71.5; Load Intensity = 59.0; #Success = 0; #Failed = 0; #Dropped = 0
Target Time = 72.5; Load Intensity = 60.0; #Success = 0; #Failed = 0; #Dropped = 0
Target Time = 73.5; Load Intensity = 61.0; #Success = 0; #Failed = 0; #Dropped = 0
Target Time = 74.5; Load Intensity = 62.0; #Success = 0; #Failed = 0; #Dropped = 0
Target Time = 75.5; Load Intensity = 62.0; #Success = 1; #Failed = 0; #Dropped = 175
Target Time = 76.5; Load Intensity = 63.0; #Success = 0; #Failed = 0; #Dropped = 0
Target Time = 77.5; Load Intensity = 64.0; #Success = 0; #Failed = 18; #Dropped = 100
Target Time = 78.5; Load Intensity = 65.0; #Success = 0; #Failed = 5; #Dropped = 21
Target Time = 79.5; Load Intensity = 66.0; #Success = 0; #Failed = 0; #Dropped = 0
Target Time = 80.5; Load Intensity = 67.0; #Success = 0; #Failed = 18; #Dropped = 78
Target Time = 81.5; Load Intensity = 67.0; #Success = 0; #Failed = 5; #Dropped = 25
Target Time = 82.5; Load Intensity = 68.0; #Success = 0; #Failed = 0; #Dropped = 0
Target Time = 83.5; Load Intensity = 69.0; #Success = 1; #Failed = 18; #Dropped = 80
Target Time = 84.5; Load Intensity = 70.0; #Success = 0; #Failed = 7; #Dropped = 25
Target Time = 85.5; Load Intensity = 71.0; #Success = 0; #Failed = 2; #Dropped = 41
Target Time = 86.5; Load Intensity = 72.0; #Success = 0; #Failed = 27; #Dropped = 36
Target Time = 87.5; Load Intensity = 72.0; #Success = 0; #Failed = 5; #Dropped = 28
Target Time = 88.5; Load Intensity = 73.0; #Success = 0; #Failed = 0; #Dropped = 0
Target Time = 89.5; Load Intensity = 74.0; #Success = 0; #Failed = 18; #Dropped = 93
Target Time = 90.5; Load Intensity = 75.0; #Success = 4; #Failed = 5; #Dropped = 1
Target Time = 91.5; Load Intensity = 76.0; #Success = 0; #Failed = 7; #Dropped = 51
Target Time = 92.5; Load Intensity = 77.0; #Success = 2; #Failed = 0; #Dropped = 67
Target Time = 93.5; Load Intensity = 77.0; #Success = 2; #Failed = 0; #Dropped = 24
Target Time = 94.5; Load Intensity = 78.0; #Success = 0; #Failed = 0; #Dropped = 0
Target Time = 95.5; Load Intensity = 79.0; #Success = 0; #Failed = 1; #Dropped = 96
Target Time = 96.5; Load Intensity = 80.0; #Success = 0; #Failed = 8; #Dropped = 88
Target Time = 97.5; Load Intensity = 81.0; #Success = 0; #Failed = 0; #Dropped = 0
Target Time = 98.5; Load Intensity = 82.0; #Success = 0; #Failed = 19; #Dropped = 106
Target Time = 99.5; Load Intensity = 82.0; #Success = 1; #Failed = 5; #Dropped = 41
Target Time = 100.5; Load Intensity = 83.0; #Success = 1; #Failed = 2; #Dropped = 42
Target Time = 101.5; Load Intensity = 84.0; #Success = 0; #Failed = 25; #Dropped = 60
Target Time = 102.5; Load Intensity = 85.0; #Success = 0; #Failed = 5; #Dropped = 40
Target Time = 103.5; Load Intensity = 86.0; #Success = 0; #Failed = 0; #Dropped = 0
Target Time = 104.5; Load Intensity = 87.0; #Success = 0; #Failed = 18; #Dropped = 121
Target Time = 105.5; Load Intensity = 87.0; #Success = 1; #Failed = 9; #Dropped = 38
Target Time = 106.5; Load Intensity = 88.0; #Success = 0; #Failed = 0; #Dropped = 0
Target Time = 107.5; Load Intensity = 89.0; #Success = 0; #Failed = 18; #Dropped = 119
Target Time = 108.5; Load Intensity = 90.0; #Success = 0; #Failed = 5; #Dropped = 51
Target Time = 109.5; Load Intensity = 91.0; #Success = 0; #Failed = 0; #Dropped = 0
Target Time = 110.5; Load Intensity = 92.0; #Success = 0; #Failed = 22; #Dropped = 121
Target Time = 111.5; Load Intensity = 92.0; #Success = 0; #Failed = 5; #Dropped = 45
Target Time = 112.5; Load Intensity = 93.0; #Success = 0; #Failed = 0; #Dropped = 0
Target Time = 113.5; Load Intensity = 94.0; #Success = 0; #Failed = 18; #Dropped = 140
Target Time = 114.5; Load Intensity = 95.0; #Success = 2; #Failed = 7; #Dropped = 42
Target Time = 115.5; Load Intensity = 96.0; #Success = 0; #Failed = 0; #Dropped = 0
Target Time = 116.5; Load Intensity = 97.0; #Success = 0; #Failed = 18; #Dropped = 143
Target Time = 117.5; Load Intensity = 97.0; #Success = 0; #Failed = 9; #Dropped = 0
Target Time = 118.5; Load Intensity = 98.0; #Success = 0; #Failed = 0; #Dropped = 0
Target Time = 119.5; Load Intensity = 99.0; #Success = 0; #Failed = 2; #Dropped = 128
Target Time = 120.5; Load Intensity = 0.0; #Success = 0; #Failed = 0; #Dropped = 0
Target Time = 121.5; Load Intensity = 0.0; #Success = 1; #Failed = 0; #Dropped = 160
Target Time = 122.5; Load Intensity = 0.0; #Success = 0; #Failed = 2; #Dropped = 80
Target Time = 123.5; Load Intensity = 0.0; #Success = 2; #Failed = 9; #Dropped = 114
Target Time = 124.5; Load Intensity = 0.0; #Success = 0; #Failed = 7; #Dropped = 11
Target Time = 125.5; Load Intensity = 0.0; #Success = 0; #Failed = 18; #Dropped = 137
Target Time = 126.5; Load Intensity = 0.0; #Success = 2; #Failed = 12; #Dropped = 47
Target Time = 127.5; Load Intensity = 0.0; #Success = 0; #Failed = 14; #Dropped = 30
Target Time = 128.5; Load Intensity = 0.0; #Success = 0; #Failed = 2; #Dropped = 118
Target Time = 129.5; Load Intensity = 0.0; #Success = 0; #Failed = 0; #Dropped = 0
Target Time = 130.5; Load Intensity = 0.0; #Success = 0; #Failed = 0; #Dropped = 0
Target Time = 131.5; Load Intensity = 0.0; #Success = 0; #Failed = 2; #Dropped = 249
Target Time = 132.5; Load Intensity = 0.0; #Success = 0; #Failed = 0; #Dropped = 0
Target Time = 133.5; Load Intensity = 0.0; #Success = 0; #Failed = 0; #Dropped = 0
Target Time = 134.5; Load Intensity = 0.0; #Success = 0; #Failed = 6; #Dropped = 243
Target Time = 135.5; Load Intensity = 0.0; #Success = 0; #Failed = 12; #Dropped = 51
Target Time = 136.5; Load Intensity = 0.0; #Success = 0; #Failed = 5; #Dropped = 118
Target Time = 137.5; Load Intensity = 0.0; #Success = 0; #Failed = 14; #Dropped = 26
Target Time = 138.5; Load Intensity = 0.0; #Success = 0; #Failed = 2; #Dropped = 72
Target Time = 139.5; Load Intensity = 0.0; #Success = 0; #Failed = 0; #Dropped = 0
Target Time = 140.5; Load Intensity = 0.0; #Success = 0; #Failed = 0; #Dropped = 0
Target Time = 141.5; Load Intensity = 0.0; #Success = 0; #Failed = 2; #Dropped = 306
Target Time = 142.5; Load Intensity = 0.0; #Success = 0; #Failed = 0; #Dropped = 0
Target Time = 143.5; Load Intensity = 0.0; #Success = 0; #Failed = 3; #Dropped = 204
Target Time = 144.5; Load Intensity = 0.0; #Success = 0; #Failed = 0; #Dropped = 0
  └─ [nitro5:sd] end 00:58:45
Target Time = 145.5; Load Intensity = 0.0; #Success = 0; #Failed = 27; #Dropped = 182
  └─ [nitro5:ram] end 00:58:46
  └─ [nitro5:nic] end 00:58:46
  └─ [nitro5:cpu] end 00:58:47
Target Time = 146.5; Load Intensity = 0.0; #Success = 0; #Failed = 9; #Dropped = 68
Target Time = 147.5; Load Intensity = 0.0; #Success = 0; #Failed = 6; #Dropped = 31
Target Time = 148.5; Load Intensity = 0.0; #Success = 0; #Failed = 29; #Dropped = 155
  └─ [aspire:cpu] end 00:58:49
Target Time = 149.5; Load Intensity = 0.0; #Success = 0; #Failed = 11; #Dropped = 65
  └─ [aspire:nic] end 00:58:50
Target Time = 150.5; Load Intensity = 0.0; #Success = 0; #Failed = 2; #Dropped = 12
Target Time = 151.5; Load Intensity = 0.0; #Success = 0; #Failed = 20; #Dropped = 0
  └─ [aspire:sd] end 00:58:53
Target Time = 152.5; Load Intensity = 0.0; #Success = 0; #Failed = 3; #Dropped = 0
Target Time = 153.5; Load Intensity = 0.0; #Success = 0; #Failed = 0; #Dropped = 0
  └─ [leo:cpu] end 00:58:54
Target Time = 154.5; Load Intensity = 0.0; #Success = 0; #Failed = 0; #Dropped = 0
  └─ [aspire:ram] end 00:58:55
Target Time = 155.5; Load Intensity = 0.0; #Success = 0; #Failed = 2; #Dropped = 0
Target Time = 156.5; Load Intensity = 0.0; #Success = 0; #Failed = 0; #Dropped = 0
Target Time = 157.5; Load Intensity = 0.0; #Success = 1; #Failed = 0; #Dropped = 0
  └─ [leo:sd] end 00:58:58
Target Time = 158.5; Load Intensity = 0.0; #Success = 0; #Failed = 0; #Dropped = 0
Target Time = 159.5; Load Intensity = 0.0; #Success = 0; #Failed = 5; #Dropped = 0
  └─ [leo:nic] end 00:59:00
Target Time = 160.5; Load Intensity = 0.0; #Success = 0; #Failed = 0; #Dropped = 0
Target Time = 161.5; Load Intensity = 0.0; #Success = 0; #Failed = 0; #Dropped = 0
Target Time = 162.5; Load Intensity = 0.0; #Success = 0; #Failed = 4; #Dropped = 0
Target Time = 163.5; Load Intensity = 0.0; #Success = 0; #Failed = 1; #Dropped = 0
Target Time = 164.5; Load Intensity = 0.0; #Success = 0; #Failed = 1; #Dropped = 0
  └─ [leo:ram] end 00:59:05
Target Time = 165.5; Load Intensity = 0.0; #Success = 0; #Failed = 1; #Dropped = 0
Target Time = 166.5; Load Intensity = 0.0; #Success = 0; #Failed = 0; #Dropped = 0
Target Time = 167.5; Load Intensity = 0.0; #Success = 2; #Failed = 0; #Dropped = 0
Target Time = 168.5; Load Intensity = 0.0; #Success = 0; #Failed = 0; #Dropped = 0
Target Time = 169.5; Load Intensity = 0.0; #Success = 0; #Failed = 15; #Dropped = 0
Target Time = 170.5; Load Intensity = 0.0; #Success = 0; #Failed = 0; #Dropped = 0
Target Time = 171.5; Load Intensity = 0.0; #Success = 0; #Failed = 0; #Dropped = 0
Target Time = 172.5; Load Intensity = 0.0; #Success = 0; #Failed = 2; #Dropped = 0
Target Time = 173.5; Load Intensity = 0.0; #Success = 0; #Failed = 0; #Dropped = 0
Target Time = 174.5; Load Intensity = 0.0; #Success = 0; #Failed = 0; #Dropped = 0
Target Time = 175.5; Load Intensity = 0.0; #Success = 2; #Failed = 0; #Dropped = 0
Target Time = 176.5; Load Intensity = 0.0; #Success = 2; #Failed = 0; #Dropped = 0
Target Time = 177.5; Load Intensity = 0.0; #Success = 1; #Failed = 0; #Dropped = 0
Workload finished.
Log finished.
📄 LIMBO finalizado para scenario=low
⏳ [00:59:23] Esperando que termine medición: fase3_carga_low_iter3 (PID: 2680841)
  └─ [scorpius:cpu] end 00:59:27
  └─ [scorpius:sd] end 00:59:29
  └─ [scorpius:ram] end 00:59:29
  └─ [scorpius:nic] end 00:59:29
=== Bloque 145s terminado - Fase: fase3_carga_low_iter3 ===
[🧹] Limpiando CSVs internos de ecofloc en cada nodo (fase: fase3_carga_low_iter3)...
  ✔ [nitro5:cpu] limpiado /home/luish/Documents/p3/ecofloc2/ecofloc/ecofloc-cpu/ECOFLOC_CPU_COMM_text.csv
  ✔ [nitro5:nic] limpiado /home/luish/Documents/p3/ecofloc2/ecofloc/ecofloc-nic/ECOFLOC_NIC_COMM_text.csv
  ✔ [nitro5:ram] limpiado /home/luish/Documents/p3/ecofloc2/ecofloc/ecofloc-ram/ECOFLOC_RAM_COMM_text.csv
  ✔ [nitro5:sd] limpiado /home/luish/Documents/p3/ecofloc2/ecofloc/ecofloc-sd/ECOFLOC_SD_COMM_text.csv
  ✔ [leo:cpu] limpiado /home/leo/ecofloc/ecofloc-cpu/ECOFLOC_CPU_COMM_text.csv
  ✔ [leo:nic] limpiado /home/leo/ecofloc/ecofloc-nic/ECOFLOC_NIC_COMM_text.csv
  ✔ [leo:ram] limpiado /home/leo/ecofloc/ecofloc-ram/ECOFLOC_RAM_COMM_text.csv
  ✔ [leo:sd] limpiado /home/leo/ecofloc/ecofloc-sd/ECOFLOC_SD_COMM_text.csv
  ✔ [aspire:cpu] limpiado /home/luish/Documents/p3/ecofloc2/ecofloc/ecofloc-cpu/ECOFLOC_CPU_COMM_text.csv
  ✔ [aspire:nic] limpiado /home/luish/Documents/p3/ecofloc2/ecofloc/ecofloc-nic/ECOFLOC_NIC_COMM_text.csv
  ✔ [aspire:ram] limpiado /home/luish/Documents/p3/ecofloc2/ecofloc/ecofloc-ram/ECOFLOC_RAM_COMM_text.csv
  ✔ [aspire:sd] limpiado /home/luish/Documents/p3/ecofloc2/ecofloc/ecofloc-sd/ECOFLOC_SD_COMM_text.csv
  ✔ [scorpius:cpu] limpiado /home/scorpius03/Documents/ecofloc/ecofloc-cpu/ECOFLOC_CPU_COMM_text.csv
  ✔ [scorpius:nic] limpiado /home/scorpius03/Documents/ecofloc/ecofloc-nic/ECOFLOC_NIC_COMM_text.csv
  ✔ [scorpius:ram] limpiado /home/scorpius03/Documents/ecofloc/ecofloc-ram/ECOFLOC_RAM_COMM_text.csv
  ✔ [scorpius:sd] limpiado /home/scorpius03/Documents/ecofloc/ecofloc-sd/ECOFLOC_SD_COMM_text.csv
========================================
🔋 MEASURE ENERGY FINALIZADO
   Fase: fase3_carga_low_iter3
========================================
✔️ [00:59:33] Medición fase3_carga_low_iter3 completada
[📦] Archivando resultados → ./historyexecutions/exp(00:59:38)_fase3_low_iter3
[✔] Archivado: ./historyexecutions/exp(00:59:38)_fase3_low_iter3
🧹 Limpiando TeaStore (iter 3)...
⏸ Esperando 15s para limpieza completa...
✅ Iteración 3 / 15 del escenario low completada.

########################################################
🔄 ESCENARIO: low | ITERACIÓN: 4 / 15
   Hora: 01:00:26
########################################################
========================================
🔋 FASE 1: Descarga de imágenes (low, iter 4)
========================================
📋 Capturando PIDs (gepidstea.sh)...
📋 Capturando PIDs de contenedores (kpsnodos.sh)...
🔋 [01:00:45] Iniciando medición de energía: fase1_descarga_low_iter4 (25s)
   PID de medición: 3076684
🚀 Desplegando TeaStore desde /home/luish/Documents/death/teastore/TeaStore/examples/kubernetes/teastore-energy-scheduler.yaml...
========================================
🔋 MEASURE ENERGY - Fase: fase1_descarga_low_iter4
   Duración: 25s
   PID: 3076684
========================================
=== Medición bloque 25s - Fase: fase1_descarga_low_iter4 ===
[⏱ 01:00:45] Iniciando ecofloc en nitro5 por 25s (fase: fase1_descarga_low_iter4)
⏳ Esperando a que todos los pods de TeaStore estén Running y Ready...
  ├─ [nitro5:sd] start 01:00:46
  ├─ [nitro5:ram] start 01:00:46
  ├─ [nitro5:nic] start 01:00:46
[⏱ 01:00:47] Iniciando ecofloc en aspire por 25s (fase: fase1_descarga_low_iter4)
  ├─ [nitro5:cpu] start 01:00:47
  ├─ [aspire:sd] start 01:00:47
  ├─ [aspire:ram] start 01:00:47
  ├─ [aspire:nic] start 01:00:47
[⏱ 01:00:47] Iniciando ecofloc en scorpius por 25s (fase: fase1_descarga_low_iter4)
  ├─ [aspire:cpu] start 01:00:47
  ├─ [scorpius:sd] start 01:00:47
  ├─ [scorpius:nic] start 01:00:47
[⏱ 01:00:47] Iniciando ecofloc en leo por 25s (fase: fase1_descarga_low_iter4)
  ├─ [scorpius:cpu] start 01:00:47
  ├─ [leo:sd] start 01:00:47
  ├─ [leo:ram] start 01:00:47
  ├─ [leo:nic] start 01:00:47
  ├─ [scorpius:ram] start 01:00:47
  ├─ [leo:cpu] start 01:00:47
✅ Pods listos.
⏳ [01:00:50] Esperando que termine medición: fase1_descarga_low_iter4 (PID: 3076684)
  └─ [nitro5:sd] end 01:01:11
  └─ [nitro5:ram] end 01:01:11
  └─ [nitro5:nic] end 01:01:11
  └─ [nitro5:cpu] end 01:01:12
  └─ [aspire:cpu] end 01:01:12
  └─ [aspire:sd] end 01:01:13
  └─ [leo:sd] end 01:01:13
  └─ [scorpius:cpu] end 01:01:13
  └─ [scorpius:sd] end 01:01:13
  └─ [aspire:nic] end 01:01:13
  └─ [scorpius:ram] end 01:01:14
  └─ [scorpius:nic] end 01:01:14
  └─ [leo:cpu] end 01:01:14
  └─ [aspire:ram] end 01:01:14
  └─ [leo:ram] end 01:01:14
  └─ [leo:nic] end 01:01:14
=== Bloque 25s terminado - Fase: fase1_descarga_low_iter4 ===
[🧹] Limpiando CSVs internos de ecofloc en cada nodo (fase: fase1_descarga_low_iter4)...
  ✔ [nitro5:cpu] limpiado /home/luish/Documents/p3/ecofloc2/ecofloc/ecofloc-cpu/ECOFLOC_CPU_COMM_text.csv
  ✔ [nitro5:nic] limpiado /home/luish/Documents/p3/ecofloc2/ecofloc/ecofloc-nic/ECOFLOC_NIC_COMM_text.csv
  ✔ [nitro5:ram] limpiado /home/luish/Documents/p3/ecofloc2/ecofloc/ecofloc-ram/ECOFLOC_RAM_COMM_text.csv
  ✔ [nitro5:sd] limpiado /home/luish/Documents/p3/ecofloc2/ecofloc/ecofloc-sd/ECOFLOC_SD_COMM_text.csv
  ✔ [leo:cpu] limpiado /home/leo/ecofloc/ecofloc-cpu/ECOFLOC_CPU_COMM_text.csv
  ✔ [leo:nic] limpiado /home/leo/ecofloc/ecofloc-nic/ECOFLOC_NIC_COMM_text.csv
  ✔ [leo:ram] limpiado /home/leo/ecofloc/ecofloc-ram/ECOFLOC_RAM_COMM_text.csv
  ✔ [leo:sd] limpiado /home/leo/ecofloc/ecofloc-sd/ECOFLOC_SD_COMM_text.csv
  ✔ [aspire:cpu] limpiado /home/luish/Documents/p3/ecofloc2/ecofloc/ecofloc-cpu/ECOFLOC_CPU_COMM_text.csv
  ✔ [aspire:nic] limpiado /home/luish/Documents/p3/ecofloc2/ecofloc/ecofloc-nic/ECOFLOC_NIC_COMM_text.csv
  ✔ [aspire:ram] limpiado /home/luish/Documents/p3/ecofloc2/ecofloc/ecofloc-ram/ECOFLOC_RAM_COMM_text.csv
  ✔ [aspire:sd] limpiado /home/luish/Documents/p3/ecofloc2/ecofloc/ecofloc-sd/ECOFLOC_SD_COMM_text.csv
  ✔ [scorpius:cpu] limpiado /home/scorpius03/Documents/ecofloc/ecofloc-cpu/ECOFLOC_CPU_COMM_text.csv
  ✔ [scorpius:nic] limpiado /home/scorpius03/Documents/ecofloc/ecofloc-nic/ECOFLOC_NIC_COMM_text.csv
  ✔ [scorpius:ram] limpiado /home/scorpius03/Documents/ecofloc/ecofloc-ram/ECOFLOC_RAM_COMM_text.csv
  ✔ [scorpius:sd] limpiado /home/scorpius03/Documents/ecofloc/ecofloc-sd/ECOFLOC_SD_COMM_text.csv
========================================
🔋 MEASURE ENERGY FINALIZADO
   Fase: fase1_descarga_low_iter4
========================================
✔️ [01:01:17] Medición fase1_descarga_low_iter4 completada
[📦] Archivando resultados → ./historyexecutions/exp(01:01:22)_fase1_low_iter4
[✔] Archivado: ./historyexecutions/exp(01:01:22)_fase1_low_iter4
========================================
🔋 FASE 2: Preparación de servicios (low, iter 4)
========================================
📋 Capturando PIDs (gepidstea.sh)...
📋 Capturando PIDs de contenedores (kpsnodos.sh)...
🔋 [01:01:38] Iniciando medición de energía: fase2_preparacion_low_iter4 (50s)
   PID de medición: 3138046
========================================
🔋 MEASURE ENERGY - Fase: fase2_preparacion_low_iter4
   Duración: 50s
   PID: 3138046
========================================
=== Medición bloque 50s - Fase: fase2_preparacion_low_iter4 ===
[⏱ 01:01:38] Iniciando ecofloc en nitro5 por 50s (fase: fase2_preparacion_low_iter4)
⏳ Esperando 10s a que CoreDNS se estabilice...
  ├─ [nitro5:sd] start 01:01:39
  ├─ [nitro5:ram] start 01:01:39
  ├─ [nitro5:nic] start 01:01:40
[⏱ 01:01:40] Iniciando ecofloc en aspire por 50s (fase: fase2_preparacion_low_iter4)
  ├─ [nitro5:cpu] start 01:01:40
  ├─ [aspire:sd] start 01:01:40
  ├─ [aspire:ram] start 01:01:40
  ├─ [aspire:nic] start 01:01:40
[⏱ 01:01:40] Iniciando ecofloc en scorpius por 50s (fase: fase2_preparacion_low_iter4)
  ├─ [aspire:cpu] start 01:01:40
  ├─ [scorpius:sd] start 01:01:40
  ├─ [scorpius:ram] start 01:01:40
[⏱ 01:01:40] Iniciando ecofloc en leo por 50s (fase: fase2_preparacion_low_iter4)
  ├─ [scorpius:nic] start 01:01:40
  ├─ [scorpius:cpu] start 01:01:40
  ├─ [leo:sd] start 01:01:40
  ├─ [leo:ram] start 01:01:40
  ├─ [leo:nic] start 01:01:40
  ├─ [leo:cpu] start 01:01:40
➡️ Pod WebUI: teastore-webui-ff7768544-vb6n5
➡️ Está en el nodo: luish-nitro-an515-57
🌐 IP del nodo WebUI: 192.168.18.27
⏳ Verificando estado del TeaStore en http://192.168.18.27:30080/tools.descartes.teastore.webui/status ...
   ➤ Estado actual: 5 / 5 servicios OK
✔ TODOS los servicios del TeaStore están OK. Continuando...
⏳ [01:01:52] Esperando que termine medición: fase2_preparacion_low_iter4 (PID: 3138046)
  └─ [nitro5:sd] end 01:02:29
  └─ [nitro5:ram] end 01:02:29
  └─ [nitro5:nic] end 01:02:30
  └─ [aspire:nic] end 01:02:30
  └─ [nitro5:cpu] end 01:02:30
  └─ [aspire:sd] end 01:02:31
  └─ [aspire:cpu] end 01:02:31
  └─ [leo:cpu] end 01:02:32
  └─ [leo:sd] end 01:02:32
  └─ [scorpius:sd] end 01:02:32
  └─ [scorpius:cpu] end 01:02:32
  └─ [leo:nic] end 01:02:32
  └─ [scorpius:nic] end 01:02:33
  └─ [aspire:ram] end 01:02:33
  └─ [scorpius:ram] end 01:02:33
  └─ [leo:ram] end 01:02:33
=== Bloque 50s terminado - Fase: fase2_preparacion_low_iter4 ===
[🧹] Limpiando CSVs internos de ecofloc en cada nodo (fase: fase2_preparacion_low_iter4)...
  ✔ [nitro5:cpu] limpiado /home/luish/Documents/p3/ecofloc2/ecofloc/ecofloc-cpu/ECOFLOC_CPU_COMM_text.csv
  ✔ [nitro5:nic] limpiado /home/luish/Documents/p3/ecofloc2/ecofloc/ecofloc-nic/ECOFLOC_NIC_COMM_text.csv
  ✔ [nitro5:ram] limpiado /home/luish/Documents/p3/ecofloc2/ecofloc/ecofloc-ram/ECOFLOC_RAM_COMM_text.csv
  ✔ [nitro5:sd] limpiado /home/luish/Documents/p3/ecofloc2/ecofloc/ecofloc-sd/ECOFLOC_SD_COMM_text.csv
  ✔ [leo:cpu] limpiado /home/leo/ecofloc/ecofloc-cpu/ECOFLOC_CPU_COMM_text.csv
  ✔ [leo:nic] limpiado /home/leo/ecofloc/ecofloc-nic/ECOFLOC_NIC_COMM_text.csv
  ✔ [leo:ram] limpiado /home/leo/ecofloc/ecofloc-ram/ECOFLOC_RAM_COMM_text.csv
  ✔ [leo:sd] limpiado /home/leo/ecofloc/ecofloc-sd/ECOFLOC_SD_COMM_text.csv
  ✔ [aspire:cpu] limpiado /home/luish/Documents/p3/ecofloc2/ecofloc/ecofloc-cpu/ECOFLOC_CPU_COMM_text.csv
  ✔ [aspire:nic] limpiado /home/luish/Documents/p3/ecofloc2/ecofloc/ecofloc-nic/ECOFLOC_NIC_COMM_text.csv
  ✔ [aspire:ram] limpiado /home/luish/Documents/p3/ecofloc2/ecofloc/ecofloc-ram/ECOFLOC_RAM_COMM_text.csv
  ✔ [aspire:sd] limpiado /home/luish/Documents/p3/ecofloc2/ecofloc/ecofloc-sd/ECOFLOC_SD_COMM_text.csv
  ✔ [scorpius:cpu] limpiado /home/scorpius03/Documents/ecofloc/ecofloc-cpu/ECOFLOC_CPU_COMM_text.csv
  ✔ [scorpius:nic] limpiado /home/scorpius03/Documents/ecofloc/ecofloc-nic/ECOFLOC_NIC_COMM_text.csv
  ✔ [scorpius:ram] limpiado /home/scorpius03/Documents/ecofloc/ecofloc-ram/ECOFLOC_RAM_COMM_text.csv
  ✔ [scorpius:sd] limpiado /home/scorpius03/Documents/ecofloc/ecofloc-sd/ECOFLOC_SD_COMM_text.csv
========================================
🔋 MEASURE ENERGY FINALIZADO
   Fase: fase2_preparacion_low_iter4
========================================
✔️ [01:02:37] Medición fase2_preparacion_low_iter4 completada
[📦] Archivando resultados → ./historyexecutions/exp(01:02:42)_fase2_low_iter4
[✔] Archivado: ./historyexecutions/exp(01:02:42)_fase2_low_iter4
========================================
🔋 FASE 3: Ejecución de carga (low, iter 4)
========================================
📋 Capturando PIDs (gepidstea.sh)...
📋 Capturando PIDs de contenedores (kpsnodos.sh)...
🔋 [01:03:01] Iniciando medición de energía: fase3_carga_low_iter4 (145s)
   PID de medición: 3283198
=== Escenario low (iter 4) ===
========================================
🔋 MEASURE ENERGY - Fase: fase3_carga_low_iter4
   Duración: 145s
   PID: 3283198
========================================
=== Medición bloque 145s - Fase: fase3_carga_low_iter4 ===
🚀 Iniciando LIMBO con profile=/home/luish/Documents/death/teastore/TeaStore/examples/httploadgenerator/increasingLowIntensity.csv y script=/home/luish/Documents/death/teastore/TeaStore/examples/httploadgenerator/teastore_buy.lua
[⏱ 01:03:01] Iniciando ecofloc en nitro5 por 145s (fase: fase3_carga_low_iter4)
Feb 26, 2026 1:03:01 AM tools.descartes.dlim.httploadgenerator.runner.Director executeDirector
WARNING: No power measurements
Feb 26, 2026 1:03:01 AM tools.descartes.dlim.httploadgenerator.runner.Director executeDirector
INFO: Load Generator Thread Count set to 64
Feb 26, 2026 1:03:01 AM tools.descartes.dlim.httploadgenerator.runner.Director executeDirector
INFO: URL connection timout set to 30000 ms
Feb 26, 2026 1:03:01 AM tools.descartes.dlim.httploadgenerator.runner.Director executeDirector
INFO: Using Lua Script: /home/luish/Documents/death/teastore/TeaStore/examples/httploadgenerator/teastore_buy.lua
Feb 26, 2026 1:03:01 AM tools.descartes.dlim.httploadgenerator.runner.Director process
INFO: Read 120 Arrival Rate Tuples
Load Generator sent: ok
Feb 26, 2026 1:03:01 AM tools.descartes.dlim.httploadgenerator.runner.Director process
INFO: Arrival Rates sent to Load Generator(s).
Load Generator sent: ok
Feb 26, 2026 1:03:01 AM tools.descartes.dlim.httploadgenerator.runner.Director process
INFO: Thread Count sent to Load Generator(s): 64
Load Generator sent: ok
Feb 26, 2026 1:03:01 AM tools.descartes.dlim.httploadgenerator.runner.Director process
INFO: URL connection timeout sent to Load Generator(s): 30000
Load Generator sent: ok
Feb 26, 2026 1:03:01 AM tools.descartes.dlim.httploadgenerator.runner.Director process
INFO: Contents of script sent to Load Generator: /home/luish/Documents/death/teastore/TeaStore/examples/httploadgenerator/teastore_buy.lua
Feb 26, 2026 1:03:01 AM tools.descartes.dlim.httploadgenerator.runner.Director process
INFO: Starting Load Generation
Beginning Run @1772085781498(26.02.2026;01:03:01498)
Target Time = 0.5; Load Intensity = 0.0; #Success = 0; #Failed = 0; #Dropped = 0
  ├─ [nitro5:sd] start 01:03:01
  ├─ [nitro5:ram] start 01:03:02
  ├─ [nitro5:nic] start 01:03:02
[⏱ 01:03:02] Iniciando ecofloc en aspire por 145s (fase: fase3_carga_low_iter4)
  ├─ [nitro5:cpu] start 01:03:02
  ├─ [aspire:sd] start 01:03:02
  ├─ [aspire:ram] start 01:03:02
[⏱ 01:03:02] Iniciando ecofloc en scorpius por 145s (fase: fase3_carga_low_iter4)
  ├─ [aspire:nic] start 01:03:02
  ├─ [aspire:cpu] start 01:03:02
  ├─ [scorpius:sd] start 01:03:02
  ├─ [scorpius:ram] start 01:03:02
[⏱ 01:03:02] Iniciando ecofloc en leo por 145s (fase: fase3_carga_low_iter4)
  ├─ [scorpius:nic] start 01:03:02
  ├─ [scorpius:cpu] start 01:03:02
  ├─ [leo:sd] start 01:03:02
  ├─ [leo:ram] start 01:03:02
  ├─ [leo:nic] start 01:03:02
  ├─ [leo:cpu] start 01:03:02
Target Time = 1.5; Load Intensity = 1.0; #Success = 0; #Failed = 0; #Dropped = 0
Target Time = 2.5; Load Intensity = 2.0; #Success = 0; #Failed = 0; #Dropped = 0
Target Time = 3.5; Load Intensity = 2.0; #Success = 5; #Failed = 0; #Dropped = 0
Target Time = 4.5; Load Intensity = 3.0; #Success = 3; #Failed = 0; #Dropped = 0
Target Time = 5.5; Load Intensity = 4.0; #Success = 4; #Failed = 0; #Dropped = 0
Target Time = 6.5; Load Intensity = 5.0; #Success = 5; #Failed = 0; #Dropped = 0
Target Time = 7.5; Load Intensity = 6.0; #Success = 6; #Failed = 0; #Dropped = 0
Target Time = 8.5; Load Intensity = 7.0; #Success = 7; #Failed = 0; #Dropped = 0
Target Time = 9.5; Load Intensity = 7.0; #Success = 6; #Failed = 0; #Dropped = 0
Target Time = 10.5; Load Intensity = 8.0; #Success = 4; #Failed = 0; #Dropped = 0
Target Time = 11.5; Load Intensity = 9.0; #Success = 4; #Failed = 0; #Dropped = 0
Target Time = 12.5; Load Intensity = 10.0; #Success = 8; #Failed = 0; #Dropped = 0
Target Time = 13.5; Load Intensity = 11.0; #Success = 12; #Failed = 0; #Dropped = 0
Target Time = 14.5; Load Intensity = 12.0; #Success = 17; #Failed = 0; #Dropped = 0
Target Time = 15.5; Load Intensity = 12.0; #Success = 17; #Failed = 0; #Dropped = 0
Target Time = 16.5; Load Intensity = 13.0; #Success = 14; #Failed = 0; #Dropped = 0
Target Time = 17.5; Load Intensity = 14.0; #Success = 14; #Failed = 0; #Dropped = 0
Target Time = 18.5; Load Intensity = 15.0; #Success = 2; #Failed = 0; #Dropped = 0
Target Time = 19.5; Load Intensity = 16.0; #Success = 19; #Failed = 0; #Dropped = 0
Target Time = 20.5; Load Intensity = 17.0; #Success = 22; #Failed = 0; #Dropped = 0
Target Time = 21.5; Load Intensity = 17.0; #Success = 12; #Failed = 0; #Dropped = 0
Target Time = 22.5; Load Intensity = 18.0; #Success = 3; #Failed = 0; #Dropped = 0
Target Time = 23.5; Load Intensity = 19.0; #Success = 3; #Failed = 0; #Dropped = 0
Target Time = 24.5; Load Intensity = 20.0; #Success = 2; #Failed = 0; #Dropped = 0
Target Time = 25.5; Load Intensity = 21.0; #Success = 0; #Failed = 0; #Dropped = 0
Target Time = 26.5; Load Intensity = 22.0; #Success = 1; #Failed = 0; #Dropped = 0
Target Time = 27.5; Load Intensity = 22.0; #Success = 0; #Failed = 0; #Dropped = 0
Target Time = 28.5; Load Intensity = 23.0; #Success = 0; #Failed = 0; #Dropped = 0
Target Time = 29.5; Load Intensity = 24.0; #Success = 0; #Failed = 0; #Dropped = 0
Target Time = 30.5; Load Intensity = 25.0; #Success = 0; #Failed = 0; #Dropped = 0
Target Time = 31.5; Load Intensity = 26.0; #Success = 0; #Failed = 10; #Dropped = 0
Target Time = 32.5; Load Intensity = 27.0; #Success = 0; #Failed = 8; #Dropped = 0
Target Time = 33.5; Load Intensity = 27.0; #Success = 0; #Failed = 1; #Dropped = 0
Target Time = 34.5; Load Intensity = 28.0; #Success = 0; #Failed = 3; #Dropped = 0
Target Time = 35.5; Load Intensity = 29.0; #Success = 0; #Failed = 0; #Dropped = 0
Target Time = 36.5; Load Intensity = 30.0; #Success = 0; #Failed = 0; #Dropped = 0
Target Time = 37.5; Load Intensity = 31.0; #Success = 0; #Failed = 0; #Dropped = 0
Target Time = 38.5; Load Intensity = 32.0; #Success = 0; #Failed = 0; #Dropped = 0
Target Time = 39.5; Load Intensity = 32.0; #Success = 0; #Failed = 1; #Dropped = 0
Target Time = 40.5; Load Intensity = 33.0; #Success = 0; #Failed = 0; #Dropped = 0
Target Time = 41.5; Load Intensity = 34.0; #Success = 0; #Failed = 7; #Dropped = 0
Target Time = 42.5; Load Intensity = 35.0; #Success = 0; #Failed = 1; #Dropped = 0
Target Time = 43.5; Load Intensity = 36.0; #Success = 0; #Failed = 7; #Dropped = 0
Target Time = 44.5; Load Intensity = 37.0; #Success = 0; #Failed = 19; #Dropped = 0
Target Time = 45.5; Load Intensity = 37.0; #Success = 0; #Failed = 9; #Dropped = 0
Target Time = 46.5; Load Intensity = 38.0; #Success = 0; #Failed = 1; #Dropped = 0
Target Time = 47.5; Load Intensity = 39.0; #Success = 0; #Failed = 24; #Dropped = 0
Target Time = 48.5; Load Intensity = 40.0; #Success = 0; #Failed = 12; #Dropped = 0
Target Time = 49.5; Load Intensity = 41.0; #Success = 0; #Failed = 8; #Dropped = 0
Target Time = 50.5; Load Intensity = 42.0; #Success = 0; #Failed = 23; #Dropped = 0
Target Time = 51.5; Load Intensity = 42.0; #Success = 0; #Failed = 6; #Dropped = 0
Target Time = 52.5; Load Intensity = 43.0; #Success = 6; #Failed = 9; #Dropped = 0
Target Time = 53.5; Load Intensity = 44.0; #Success = 3; #Failed = 31; #Dropped = 0
Target Time = 54.5; Load Intensity = 45.0; #Success = 1; #Failed = 6; #Dropped = 0
Target Time = 55.5; Load Intensity = 46.0; #Success = 0; #Failed = 13; #Dropped = 0
Target Time = 56.5; Load Intensity = 47.0; #Success = 0; #Failed = 34; #Dropped = 0
Target Time = 57.5; Load Intensity = 47.0; #Success = 0; #Failed = 6; #Dropped = 0
Target Time = 58.5; Load Intensity = 48.0; #Success = 0; #Failed = 10; #Dropped = 0
Target Time = 59.5; Load Intensity = 49.0; #Success = 0; #Failed = 39; #Dropped = 0
Target Time = 60.5; Load Intensity = 50.0; #Success = 0; #Failed = 21; #Dropped = 0
Target Time = 61.5; Load Intensity = 51.0; #Success = 2; #Failed = 0; #Dropped = 0
Target Time = 62.5; Load Intensity = 52.0; #Success = 0; #Failed = 0; #Dropped = 0
Target Time = 63.5; Load Intensity = 52.0; #Success = 0; #Failed = 0; #Dropped = 0
Target Time = 64.5; Load Intensity = 53.0; #Success = 0; #Failed = 0; #Dropped = 0
Target Time = 65.5; Load Intensity = 54.0; #Success = 0; #Failed = 2; #Dropped = 0
Target Time = 66.5; Load Intensity = 55.0; #Success = 0; #Failed = 11; #Dropped = 0
Target Time = 67.5; Load Intensity = 56.0; #Success = 0; #Failed = 11; #Dropped = 0
Target Time = 68.5; Load Intensity = 57.0; #Success = 0; #Failed = 9; #Dropped = 0
Target Time = 69.5; Load Intensity = 57.0; #Success = 0; #Failed = 6; #Dropped = 18
Target Time = 70.5; Load Intensity = 58.0; #Success = 0; #Failed = 2; #Dropped = 26
Target Time = 71.5; Load Intensity = 59.0; #Success = 0; #Failed = 3; #Dropped = 30
Target Time = 72.5; Load Intensity = 60.0; #Success = 0; #Failed = 0; #Dropped = 0
Target Time = 73.5; Load Intensity = 61.0; #Success = 0; #Failed = 0; #Dropped = 0
Target Time = 74.5; Load Intensity = 62.0; #Success = 0; #Failed = 1; #Dropped = 105
Target Time = 75.5; Load Intensity = 62.0; #Success = 0; #Failed = 6; #Dropped = 36
Target Time = 76.5; Load Intensity = 63.0; #Success = 0; #Failed = 0; #Dropped = 0
Target Time = 77.5; Load Intensity = 64.0; #Success = 0; #Failed = 0; #Dropped = 0
Target Time = 78.5; Load Intensity = 65.0; #Success = 0; #Failed = 0; #Dropped = 0
Target Time = 79.5; Load Intensity = 66.0; #Success = 0; #Failed = 0; #Dropped = 0
Target Time = 80.5; Load Intensity = 67.0; #Success = 0; #Failed = 2; #Dropped = 217
Target Time = 81.5; Load Intensity = 67.0; #Success = 0; #Failed = 0; #Dropped = 0
Target Time = 82.5; Load Intensity = 68.0; #Success = 0; #Failed = 1; #Dropped = 56
Target Time = 83.5; Load Intensity = 69.0; #Success = 0; #Failed = 4; #Dropped = 42
Target Time = 84.5; Load Intensity = 70.0; #Success = 0; #Failed = 0; #Dropped = 0
Target Time = 85.5; Load Intensity = 71.0; #Success = 0; #Failed = 2; #Dropped = 86
Target Time = 86.5; Load Intensity = 72.0; #Success = 0; #Failed = 7; #Dropped = 42
Target Time = 87.5; Load Intensity = 72.0; #Success = 0; #Failed = 9; #Dropped = 57
Target Time = 88.5; Load Intensity = 73.0; #Success = 2; #Failed = 0; #Dropped = 10
Target Time = 89.5; Load Intensity = 74.0; #Success = 1; #Failed = 2; #Dropped = 83
Target Time = 90.5; Load Intensity = 75.0; #Success = 4; #Failed = 0; #Dropped = 50
Target Time = 91.5; Load Intensity = 76.0; #Success = 0; #Failed = 0; #Dropped = 0
Target Time = 92.5; Load Intensity = 77.0; #Success = 0; #Failed = 0; #Dropped = 0
Target Time = 93.5; Load Intensity = 77.0; #Success = 0; #Failed = 0; #Dropped = 0
Target Time = 94.5; Load Intensity = 78.0; #Success = 0; #Failed = 0; #Dropped = 0
Target Time = 95.5; Load Intensity = 79.0; #Success = 0; #Failed = 1; #Dropped = 212
Target Time = 96.5; Load Intensity = 80.0; #Success = 3; #Failed = 0; #Dropped = 77
Target Time = 97.5; Load Intensity = 81.0; #Success = 1; #Failed = 0; #Dropped = 50
Target Time = 98.5; Load Intensity = 82.0; #Success = 1; #Failed = 17; #Dropped = 47
Target Time = 99.5; Load Intensity = 82.0; #Success = 0; #Failed = 4; #Dropped = 25
Target Time = 100.5; Load Intensity = 83.0; #Success = 0; #Failed = 0; #Dropped = 0
Target Time = 101.5; Load Intensity = 84.0; #Success = 3; #Failed = 0; #Dropped = 128
Target Time = 102.5; Load Intensity = 85.0; #Success = 0; #Failed = 2; #Dropped = 97
Target Time = 103.5; Load Intensity = 86.0; #Success = 0; #Failed = 1; #Dropped = 39
Target Time = 104.5; Load Intensity = 87.0; #Success = 0; #Failed = 7; #Dropped = 73
Target Time = 105.5; Load Intensity = 87.0; #Success = 0; #Failed = 0; #Dropped = 0
Target Time = 106.5; Load Intensity = 88.0; #Success = 0; #Failed = 0; #Dropped = 0
Target Time = 107.5; Load Intensity = 89.0; #Success = 0; #Failed = 5; #Dropped = 186
Target Time = 108.5; Load Intensity = 90.0; #Success = 0; #Failed = 5; #Dropped = 52
Target Time = 109.5; Load Intensity = 91.0; #Success = 0; #Failed = 0; #Dropped = 0
Target Time = 110.5; Load Intensity = 92.0; #Success = 0; #Failed = 7; #Dropped = 97
Target Time = 111.5; Load Intensity = 92.0; #Success = 0; #Failed = 11; #Dropped = 64
Target Time = 112.5; Load Intensity = 93.0; #Success = 0; #Failed = 3; #Dropped = 48
Target Time = 113.5; Load Intensity = 94.0; #Success = 0; #Failed = 0; #Dropped = 0
Target Time = 114.5; Load Intensity = 95.0; #Success = 0; #Failed = 0; #Dropped = 0
Target Time = 115.5; Load Intensity = 96.0; #Success = 1; #Failed = 0; #Dropped = 211
Target Time = 116.5; Load Intensity = 97.0; #Success = 0; #Failed = 1; #Dropped = 70
Target Time = 117.5; Load Intensity = 97.0; #Success = 0; #Failed = 0; #Dropped = 0
Target Time = 118.5; Load Intensity = 98.0; #Success = 0; #Failed = 0; #Dropped = 0
Target Time = 119.5; Load Intensity = 99.0; #Success = 1; #Failed = 0; #Dropped = 255
Target Time = 120.5; Load Intensity = 0.0; #Success = 4; #Failed = 0; #Dropped = 78
Target Time = 121.5; Load Intensity = 0.0; #Success = 0; #Failed = 4; #Dropped = 33
Target Time = 122.5; Load Intensity = 0.0; #Success = 0; #Failed = 12; #Dropped = 72
Target Time = 123.5; Load Intensity = 0.0; #Success = 0; #Failed = 0; #Dropped = 0
Target Time = 124.5; Load Intensity = 0.0; #Success = 0; #Failed = 0; #Dropped = 0
Target Time = 125.5; Load Intensity = 0.0; #Success = 0; #Failed = 0; #Dropped = 0
Target Time = 126.5; Load Intensity = 0.0; #Success = 0; #Failed = 0; #Dropped = 0
Target Time = 127.5; Load Intensity = 0.0; #Success = 2; #Failed = 2; #Dropped = 436
Target Time = 128.5; Load Intensity = 0.0; #Success = 3; #Failed = 0; #Dropped = 73
Target Time = 129.5; Load Intensity = 0.0; #Success = 0; #Failed = 0; #Dropped = 0
Target Time = 130.5; Load Intensity = 0.0; #Success = 0; #Failed = 0; #Dropped = 0
Target Time = 131.5; Load Intensity = 0.0; #Success = 1; #Failed = 2; #Dropped = 191
Target Time = 132.5; Load Intensity = 0.0; #Success = 0; #Failed = 0; #Dropped = 0
Target Time = 133.5; Load Intensity = 0.0; #Success = 2; #Failed = 0; #Dropped = 168
Target Time = 134.5; Load Intensity = 0.0; #Success = 0; #Failed = 0; #Dropped = 0
Target Time = 135.5; Load Intensity = 0.0; #Success = 0; #Failed = 1; #Dropped = 144
Target Time = 136.5; Load Intensity = 0.0; #Success = 0; #Failed = 0; #Dropped = 0
Target Time = 137.5; Load Intensity = 0.0; #Success = 5; #Failed = 0; #Dropped = 251
Target Time = 138.5; Load Intensity = 0.0; #Success = 4; #Failed = 0; #Dropped = 80
Target Time = 139.5; Load Intensity = 0.0; #Success = 0; #Failed = 28; #Dropped = 50
Target Time = 140.5; Load Intensity = 0.0; #Success = 0; #Failed = 0; #Dropped = 0
Target Time = 141.5; Load Intensity = 0.0; #Success = 4; #Failed = 7; #Dropped = 140
Target Time = 142.5; Load Intensity = 0.0; #Success = 2; #Failed = 1; #Dropped = 104
Target Time = 143.5; Load Intensity = 0.0; #Success = 0; #Failed = 0; #Dropped = 0
Target Time = 144.5; Load Intensity = 0.0; #Success = 0; #Failed = 0; #Dropped = 0
  └─ [nitro5:sd] end 01:05:26
Target Time = 145.5; Load Intensity = 0.0; #Success = 0; #Failed = 0; #Dropped = 0
  └─ [nitro5:ram] end 01:05:27
  └─ [nitro5:nic] end 01:05:27
  └─ [nitro5:cpu] end 01:05:28
Target Time = 146.5; Load Intensity = 0.0; #Success = 0; #Failed = 0; #Dropped = 0
Target Time = 147.5; Load Intensity = 0.0; #Success = 0; #Failed = 0; #Dropped = 0
Target Time = 148.5; Load Intensity = 0.0; #Success = 0; #Failed = 0; #Dropped = 0
Target Time = 149.5; Load Intensity = 0.0; #Success = 0; #Failed = 1; #Dropped = 674
Target Time = 150.5; Load Intensity = 0.0; #Success = 3; #Failed = 0; #Dropped = 38
Target Time = 151.5; Load Intensity = 0.0; #Success = 2; #Failed = 0; #Dropped = 0
Target Time = 152.5; Load Intensity = 0.0; #Success = 3; #Failed = 0; #Dropped = 0
Target Time = 153.5; Load Intensity = 0.0; #Success = 0; #Failed = 0; #Dropped = 0
  └─ [aspire:nic] end 01:05:35
Target Time = 154.5; Load Intensity = 0.0; #Success = 0; #Failed = 0; #Dropped = 0
  └─ [leo:cpu] end 01:05:36
Target Time = 155.5; Load Intensity = 0.0; #Success = 0; #Failed = 0; #Dropped = 0
Target Time = 156.5; Load Intensity = 0.0; #Success = 0; #Failed = 0; #Dropped = 0
  └─ [aspire:cpu] end 01:05:38
Target Time = 157.5; Load Intensity = 0.0; #Success = 0; #Failed = 0; #Dropped = 0
  └─ [aspire:sd] end 01:05:39
  └─ [aspire:ram] end 01:05:39
  └─ [leo:nic] end 01:05:39
Target Time = 158.5; Load Intensity = 0.0; #Success = 0; #Failed = 0; #Dropped = 0
  └─ [leo:sd] end 01:05:40
Target Time = 159.5; Load Intensity = 0.0; #Success = 0; #Failed = 0; #Dropped = 0
Target Time = 160.5; Load Intensity = 0.0; #Success = 0; #Failed = 0; #Dropped = 0
Target Time = 161.5; Load Intensity = 0.0; #Success = 2; #Failed = 0; #Dropped = 0
Target Time = 162.5; Load Intensity = 0.0; #Success = 0; #Failed = 0; #Dropped = 0
Target Time = 163.5; Load Intensity = 0.0; #Success = 2; #Failed = 0; #Dropped = 0
Target Time = 164.5; Load Intensity = 0.0; #Success = 0; #Failed = 0; #Dropped = 0
  └─ [leo:ram] end 01:05:46
Target Time = 165.5; Load Intensity = 0.0; #Success = 0; #Failed = 15; #Dropped = 0
Target Time = 166.5; Load Intensity = 0.0; #Success = 0; #Failed = 0; #Dropped = 0
Target Time = 167.5; Load Intensity = 0.0; #Success = 0; #Failed = 30; #Dropped = 0
Target Time = 168.5; Load Intensity = 0.0; #Success = 3; #Failed = 0; #Dropped = 0
Target Time = 169.5; Load Intensity = 0.0; #Success = 2; #Failed = 0; #Dropped = 0
Target Time = 170.5; Load Intensity = 0.0; #Success = 1; #Failed = 0; #Dropped = 0
Target Time = 171.5; Load Intensity = 0.0; #Success = 1; #Failed = 0; #Dropped = 0
Workload finished.
Log finished.
📄 LIMBO finalizado para scenario=low
⏳ [01:05:58] Esperando que termine medición: fase3_carga_low_iter4 (PID: 3283198)
  └─ [scorpius:sd] end 01:05:58
  └─ [scorpius:ram] end 01:05:59
  └─ [scorpius:cpu] end 01:06:01
  └─ [scorpius:nic] end 01:06:01
=== Bloque 145s terminado - Fase: fase3_carga_low_iter4 ===
[🧹] Limpiando CSVs internos de ecofloc en cada nodo (fase: fase3_carga_low_iter4)...
  ✔ [nitro5:cpu] limpiado /home/luish/Documents/p3/ecofloc2/ecofloc/ecofloc-cpu/ECOFLOC_CPU_COMM_text.csv
  ✔ [nitro5:nic] limpiado /home/luish/Documents/p3/ecofloc2/ecofloc/ecofloc-nic/ECOFLOC_NIC_COMM_text.csv
  ✔ [nitro5:ram] limpiado /home/luish/Documents/p3/ecofloc2/ecofloc/ecofloc-ram/ECOFLOC_RAM_COMM_text.csv
  ✔ [nitro5:sd] limpiado /home/luish/Documents/p3/ecofloc2/ecofloc/ecofloc-sd/ECOFLOC_SD_COMM_text.csv
  ✔ [leo:cpu] limpiado /home/leo/ecofloc/ecofloc-cpu/ECOFLOC_CPU_COMM_text.csv
  ✔ [leo:nic] limpiado /home/leo/ecofloc/ecofloc-nic/ECOFLOC_NIC_COMM_text.csv
  ✔ [leo:ram] limpiado /home/leo/ecofloc/ecofloc-ram/ECOFLOC_RAM_COMM_text.csv
  ✔ [leo:sd] limpiado /home/leo/ecofloc/ecofloc-sd/ECOFLOC_SD_COMM_text.csv
  ✔ [aspire:cpu] limpiado /home/luish/Documents/p3/ecofloc2/ecofloc/ecofloc-cpu/ECOFLOC_CPU_COMM_text.csv
  ✔ [aspire:nic] limpiado /home/luish/Documents/p3/ecofloc2/ecofloc/ecofloc-nic/ECOFLOC_NIC_COMM_text.csv
  ✔ [aspire:ram] limpiado /home/luish/Documents/p3/ecofloc2/ecofloc/ecofloc-ram/ECOFLOC_RAM_COMM_text.csv
  ✔ [aspire:sd] limpiado /home/luish/Documents/p3/ecofloc2/ecofloc/ecofloc-sd/ECOFLOC_SD_COMM_text.csv
  ✔ [scorpius:cpu] limpiado /home/scorpius03/Documents/ecofloc/ecofloc-cpu/ECOFLOC_CPU_COMM_text.csv
  ✔ [scorpius:nic] limpiado /home/scorpius03/Documents/ecofloc/ecofloc-nic/ECOFLOC_NIC_COMM_text.csv
  ✔ [scorpius:ram] limpiado /home/scorpius03/Documents/ecofloc/ecofloc-ram/ECOFLOC_RAM_COMM_text.csv
  ✔ [scorpius:sd] limpiado /home/scorpius03/Documents/ecofloc/ecofloc-sd/ECOFLOC_SD_COMM_text.csv
========================================
🔋 MEASURE ENERGY FINALIZADO
   Fase: fase3_carga_low_iter4
========================================
✔️ [01:06:05] Medición fase3_carga_low_iter4 completada
[📦] Archivando resultados → ./historyexecutions/exp(01:06:10)_fase3_low_iter4
[✔] Archivado: ./historyexecutions/exp(01:06:10)_fase3_low_iter4
🧹 Limpiando TeaStore (iter 4)...
⏸ Esperando 15s para limpieza completa...
✅ Iteración 4 / 15 del escenario low completada.

########################################################
🔄 ESCENARIO: low | ITERACIÓN: 5 / 15
   Hora: 01:06:58
########################################################
========================================
🔋 FASE 1: Descarga de imágenes (low, iter 5)
========================================
📋 Capturando PIDs (gepidstea.sh)...
📋 Capturando PIDs de contenedores (kpsnodos.sh)...
🔋 [01:07:19] Iniciando medición de energía: fase1_descarga_low_iter5 (25s)
   PID de medición: 3690223
🚀 Desplegando TeaStore desde /home/luish/Documents/death/teastore/TeaStore/examples/kubernetes/teastore-energy-scheduler.yaml...
========================================
🔋 MEASURE ENERGY - Fase: fase1_descarga_low_iter5
   Duración: 25s
   PID: 3690223
========================================
=== Medición bloque 25s - Fase: fase1_descarga_low_iter5 ===
[⏱ 01:07:19] Iniciando ecofloc en nitro5 por 25s (fase: fase1_descarga_low_iter5)
⏳ Esperando a que todos los pods de TeaStore estén Running y Ready...
  ├─ [nitro5:sd] start 01:07:19
  ├─ [nitro5:ram] start 01:07:20
  ├─ [nitro5:nic] start 01:07:20
[⏱ 01:07:20] Iniciando ecofloc en aspire por 25s (fase: fase1_descarga_low_iter5)
  ├─ [nitro5:cpu] start 01:07:20
  ├─ [aspire:sd] start 01:07:20
  ├─ [aspire:ram] start 01:07:20
[⏱ 01:07:20] Iniciando ecofloc en scorpius por 25s (fase: fase1_descarga_low_iter5)
  ├─ [aspire:nic] start 01:07:20
  ├─ [aspire:cpu] start 01:07:20
  ├─ [scorpius:sd] start 01:07:20
  ├─ [scorpius:ram] start 01:07:20
  ├─ [scorpius:nic] start 01:07:20
[⏱ 01:07:20] Iniciando ecofloc en leo por 25s (fase: fase1_descarga_low_iter5)
  ├─ [scorpius:cpu] start 01:07:20
  ├─ [leo:sd] start 01:07:21
  ├─ [leo:ram] start 01:07:21
  ├─ [leo:nic] start 01:07:21
  ├─ [leo:cpu] start 01:07:21
✅ Pods listos.
⏳ [01:07:24] Esperando que termine medición: fase1_descarga_low_iter5 (PID: 3690223)
  └─ [nitro5:sd] end 01:07:44
  └─ [nitro5:cpu] end 01:07:45
  └─ [nitro5:ram] end 01:07:45
  └─ [nitro5:nic] end 01:07:45
  └─ [leo:cpu] end 01:07:47
  └─ [aspire:cpu] end 01:07:47
  └─ [aspire:sd] end 01:07:47
  └─ [leo:sd] end 01:07:47
  └─ [leo:nic] end 01:07:47
  └─ [scorpius:sd] end 01:07:47
  └─ [scorpius:cpu] end 01:07:47
  └─ [leo:ram] end 01:07:47
  └─ [aspire:nic] end 01:07:48
  └─ [scorpius:nic] end 01:07:48
  └─ [aspire:ram] end 01:07:48
  └─ [scorpius:ram] end 01:07:49
=== Bloque 25s terminado - Fase: fase1_descarga_low_iter5 ===
[🧹] Limpiando CSVs internos de ecofloc en cada nodo (fase: fase1_descarga_low_iter5)...
  ✔ [nitro5:cpu] limpiado /home/luish/Documents/p3/ecofloc2/ecofloc/ecofloc-cpu/ECOFLOC_CPU_COMM_text.csv
  ✔ [nitro5:nic] limpiado /home/luish/Documents/p3/ecofloc2/ecofloc/ecofloc-nic/ECOFLOC_NIC_COMM_text.csv
  ✔ [nitro5:ram] limpiado /home/luish/Documents/p3/ecofloc2/ecofloc/ecofloc-ram/ECOFLOC_RAM_COMM_text.csv
  ✔ [nitro5:sd] limpiado /home/luish/Documents/p3/ecofloc2/ecofloc/ecofloc-sd/ECOFLOC_SD_COMM_text.csv
  ✔ [leo:cpu] limpiado /home/leo/ecofloc/ecofloc-cpu/ECOFLOC_CPU_COMM_text.csv
  ✔ [leo:nic] limpiado /home/leo/ecofloc/ecofloc-nic/ECOFLOC_NIC_COMM_text.csv
  ✔ [leo:ram] limpiado /home/leo/ecofloc/ecofloc-ram/ECOFLOC_RAM_COMM_text.csv
  ✔ [leo:sd] limpiado /home/leo/ecofloc/ecofloc-sd/ECOFLOC_SD_COMM_text.csv
  ✔ [aspire:cpu] limpiado /home/luish/Documents/p3/ecofloc2/ecofloc/ecofloc-cpu/ECOFLOC_CPU_COMM_text.csv
  ✔ [aspire:nic] limpiado /home/luish/Documents/p3/ecofloc2/ecofloc/ecofloc-nic/ECOFLOC_NIC_COMM_text.csv
  ✔ [aspire:ram] limpiado /home/luish/Documents/p3/ecofloc2/ecofloc/ecofloc-ram/ECOFLOC_RAM_COMM_text.csv
  ✔ [aspire:sd] limpiado /home/luish/Documents/p3/ecofloc2/ecofloc/ecofloc-sd/ECOFLOC_SD_COMM_text.csv
  ✔ [scorpius:cpu] limpiado /home/scorpius03/Documents/ecofloc/ecofloc-cpu/ECOFLOC_CPU_COMM_text.csv
  ✔ [scorpius:nic] limpiado /home/scorpius03/Documents/ecofloc/ecofloc-nic/ECOFLOC_NIC_COMM_text.csv
  ✔ [scorpius:ram] limpiado /home/scorpius03/Documents/ecofloc/ecofloc-ram/ECOFLOC_RAM_COMM_text.csv
  ✔ [scorpius:sd] limpiado /home/scorpius03/Documents/ecofloc/ecofloc-sd/ECOFLOC_SD_COMM_text.csv
========================================
🔋 MEASURE ENERGY FINALIZADO
   Fase: fase1_descarga_low_iter5
========================================
✔️ [01:07:54] Medición fase1_descarga_low_iter5 completada
[📦] Archivando resultados → ./historyexecutions/exp(01:07:59)_fase1_low_iter5
[✔] Archivado: ./historyexecutions/exp(01:07:59)_fase1_low_iter5
========================================
🔋 FASE 2: Preparación de servicios (low, iter 5)
========================================
📋 Capturando PIDs (gepidstea.sh)...
📋 Capturando PIDs de contenedores (kpsnodos.sh)...
🔋 [01:08:17] Iniciando medición de energía: fase2_preparacion_low_iter5 (50s)
   PID de medición: 3752596
========================================
🔋 MEASURE ENERGY - Fase: fase2_preparacion_low_iter5
   Duración: 50s
   PID: 3752596
========================================
=== Medición bloque 50s - Fase: fase2_preparacion_low_iter5 ===
[⏱ 01:08:17] Iniciando ecofloc en nitro5 por 50s (fase: fase2_preparacion_low_iter5)
⏳ Esperando 10s a que CoreDNS se estabilice...
  ├─ [nitro5:sd] start 01:08:17
  ├─ [nitro5:ram] start 01:08:18
  ├─ [nitro5:nic] start 01:08:18
[⏱ 01:08:18] Iniciando ecofloc en aspire por 50s (fase: fase2_preparacion_low_iter5)
  ├─ [nitro5:cpu] start 01:08:18
  ├─ [aspire:sd] start 01:08:18
  ├─ [aspire:ram] start 01:08:18
  ├─ [aspire:nic] start 01:08:18
[⏱ 01:08:18] Iniciando ecofloc en scorpius por 50s (fase: fase2_preparacion_low_iter5)
  ├─ [aspire:cpu] start 01:08:19
  ├─ [scorpius:sd] start 01:08:19
  ├─ [scorpius:ram] start 01:08:19
  ├─ [scorpius:nic] start 01:08:19
[⏱ 01:08:19] Iniciando ecofloc en leo por 50s (fase: fase2_preparacion_low_iter5)
  ├─ [scorpius:cpu] start 01:08:19
  ├─ [leo:sd] start 01:08:19
  ├─ [leo:ram] start 01:08:19
  ├─ [leo:nic] start 01:08:19
  ├─ [leo:cpu] start 01:08:19
➡️ Pod WebUI: teastore-webui-ff7768544-q7rj6
➡️ Está en el nodo: leo02
🌐 IP del nodo WebUI: 192.168.18.36
⏳ Verificando estado del TeaStore en http://192.168.18.36:30080/tools.descartes.teastore.webui/status ...
   ➤ Estado actual: 5 / 5 servicios OK
✔ TODOS los servicios del TeaStore están OK. Continuando...
⏳ [01:08:34] Esperando que termine medición: fase2_preparacion_low_iter5 (PID: 3752596)
  └─ [nitro5:sd] end 01:09:07
  └─ [nitro5:ram] end 01:09:08
  └─ [nitro5:nic] end 01:09:08
  └─ [nitro5:cpu] end 01:09:09
  └─ [aspire:cpu] end 01:09:10
  └─ [aspire:sd] end 01:09:10
  └─ [leo:sd] end 01:09:11
  └─ [aspire:nic] end 01:09:11
  └─ [aspire:ram] end 01:09:12
  └─ [leo:ram] end 01:09:14
  └─ [leo:cpu] end 01:09:14
  └─ [leo:nic] end 01:09:14
  └─ [scorpius:cpu] end 01:09:14
  └─ [scorpius:nic] end 01:09:14
  └─ [scorpius:sd] end 01:09:15
  └─ [scorpius:ram] end 01:09:17
=== Bloque 50s terminado - Fase: fase2_preparacion_low_iter5 ===
[🧹] Limpiando CSVs internos de ecofloc en cada nodo (fase: fase2_preparacion_low_iter5)...
  ✔ [nitro5:cpu] limpiado /home/luish/Documents/p3/ecofloc2/ecofloc/ecofloc-cpu/ECOFLOC_CPU_COMM_text.csv
  ✔ [nitro5:nic] limpiado /home/luish/Documents/p3/ecofloc2/ecofloc/ecofloc-nic/ECOFLOC_NIC_COMM_text.csv
  ✔ [nitro5:ram] limpiado /home/luish/Documents/p3/ecofloc2/ecofloc/ecofloc-ram/ECOFLOC_RAM_COMM_text.csv
  ✔ [nitro5:sd] limpiado /home/luish/Documents/p3/ecofloc2/ecofloc/ecofloc-sd/ECOFLOC_SD_COMM_text.csv
  ✔ [leo:cpu] limpiado /home/leo/ecofloc/ecofloc-cpu/ECOFLOC_CPU_COMM_text.csv
  ✔ [leo:nic] limpiado /home/leo/ecofloc/ecofloc-nic/ECOFLOC_NIC_COMM_text.csv
  ✔ [leo:ram] limpiado /home/leo/ecofloc/ecofloc-ram/ECOFLOC_RAM_COMM_text.csv
  ✔ [leo:sd] limpiado /home/leo/ecofloc/ecofloc-sd/ECOFLOC_SD_COMM_text.csv
  ✔ [aspire:cpu] limpiado /home/luish/Documents/p3/ecofloc2/ecofloc/ecofloc-cpu/ECOFLOC_CPU_COMM_text.csv
  ✔ [aspire:nic] limpiado /home/luish/Documents/p3/ecofloc2/ecofloc/ecofloc-nic/ECOFLOC_NIC_COMM_text.csv
  ✔ [aspire:ram] limpiado /home/luish/Documents/p3/ecofloc2/ecofloc/ecofloc-ram/ECOFLOC_RAM_COMM_text.csv
  ✔ [aspire:sd] limpiado /home/luish/Documents/p3/ecofloc2/ecofloc/ecofloc-sd/ECOFLOC_SD_COMM_text.csv
  ✔ [scorpius:cpu] limpiado /home/scorpius03/Documents/ecofloc/ecofloc-cpu/ECOFLOC_CPU_COMM_text.csv
  ✔ [scorpius:nic] limpiado /home/scorpius03/Documents/ecofloc/ecofloc-nic/ECOFLOC_NIC_COMM_text.csv
  ✔ [scorpius:ram] limpiado /home/scorpius03/Documents/ecofloc/ecofloc-ram/ECOFLOC_RAM_COMM_text.csv
  ✔ [scorpius:sd] limpiado /home/scorpius03/Documents/ecofloc/ecofloc-sd/ECOFLOC_SD_COMM_text.csv
========================================
🔋 MEASURE ENERGY FINALIZADO
   Fase: fase2_preparacion_low_iter5
========================================
✔️ [01:09:22] Medición fase2_preparacion_low_iter5 completada
[📦] Archivando resultados → ./historyexecutions/exp(01:09:27)_fase2_low_iter5
[✔] Archivado: ./historyexecutions/exp(01:09:27)_fase2_low_iter5
========================================
🔋 FASE 3: Ejecución de carga (low, iter 5)
========================================
📋 Capturando PIDs (gepidstea.sh)...
📋 Capturando PIDs de contenedores (kpsnodos.sh)...
🔋 [01:09:45] Iniciando medición de energía: fase3_carga_low_iter5 (145s)
   PID de medición: 3878076
=== Escenario low (iter 5) ===
========================================
🔋 MEASURE ENERGY - Fase: fase3_carga_low_iter5
   Duración: 145s
   PID: 3878076
========================================
=== Medición bloque 145s - Fase: fase3_carga_low_iter5 ===
🚀 Iniciando LIMBO con profile=/home/luish/Documents/death/teastore/TeaStore/examples/httploadgenerator/increasingLowIntensity.csv y script=/home/luish/Documents/death/teastore/TeaStore/examples/httploadgenerator/teastore_buy.lua
[⏱ 01:09:45] Iniciando ecofloc en nitro5 por 145s (fase: fase3_carga_low_iter5)
Feb 26, 2026 1:09:45 AM tools.descartes.dlim.httploadgenerator.runner.Director executeDirector
WARNING: No power measurements
Feb 26, 2026 1:09:45 AM tools.descartes.dlim.httploadgenerator.runner.Director executeDirector
INFO: Load Generator Thread Count set to 64
Feb 26, 2026 1:09:45 AM tools.descartes.dlim.httploadgenerator.runner.Director executeDirector
INFO: URL connection timout set to 30000 ms
Feb 26, 2026 1:09:45 AM tools.descartes.dlim.httploadgenerator.runner.Director executeDirector
INFO: Using Lua Script: /home/luish/Documents/death/teastore/TeaStore/examples/httploadgenerator/teastore_buy.lua
Feb 26, 2026 1:09:45 AM tools.descartes.dlim.httploadgenerator.runner.Director process
INFO: Read 120 Arrival Rate Tuples
Load Generator sent: ok
Feb 26, 2026 1:09:45 AM tools.descartes.dlim.httploadgenerator.runner.Director process
INFO: Arrival Rates sent to Load Generator(s).
Load Generator sent: ok
Feb 26, 2026 1:09:45 AM tools.descartes.dlim.httploadgenerator.runner.Director process
INFO: Thread Count sent to Load Generator(s): 64
Load Generator sent: ok
Feb 26, 2026 1:09:45 AM tools.descartes.dlim.httploadgenerator.runner.Director process
INFO: URL connection timeout sent to Load Generator(s): 30000
Load Generator sent: ok
Feb 26, 2026 1:09:45 AM tools.descartes.dlim.httploadgenerator.runner.Director process
INFO: Contents of script sent to Load Generator: /home/luish/Documents/death/teastore/TeaStore/examples/httploadgenerator/teastore_buy.lua
Feb 26, 2026 1:09:45 AM tools.descartes.dlim.httploadgenerator.runner.Director process
INFO: Starting Load Generation
Beginning Run @1772086185708(26.02.2026;01:09:45708)
Target Time = 0.5; Load Intensity = 0.0; #Success = 0; #Failed = 0; #Dropped = 0
  ├─ [nitro5:sd] start 01:09:45
  ├─ [nitro5:ram] start 01:09:46
  ├─ [nitro5:nic] start 01:09:46
[⏱ 01:09:47] Iniciando ecofloc en aspire por 145s (fase: fase3_carga_low_iter5)
  ├─ [nitro5:cpu] start 01:09:47
  ├─ [aspire:sd] start 01:09:47
  ├─ [aspire:ram] start 01:09:47
[⏱ 01:09:47] Iniciando ecofloc en scorpius por 145s (fase: fase3_carga_low_iter5)
  ├─ [aspire:nic] start 01:09:47
  ├─ [aspire:cpu] start 01:09:47
  ├─ [scorpius:sd] start 01:09:47
  ├─ [scorpius:ram] start 01:09:47
  ├─ [scorpius:nic] start 01:09:47
[⏱ 01:09:47] Iniciando ecofloc en leo por 145s (fase: fase3_carga_low_iter5)
  ├─ [scorpius:cpu] start 01:09:47
  ├─ [leo:sd] start 01:09:47
  ├─ [leo:ram] start 01:09:47
  ├─ [leo:nic] start 01:09:47
  ├─ [leo:cpu] start 01:09:47
Target Time = 1.5; Load Intensity = 1.0; #Success = 0; #Failed = 0; #Dropped = 0
Target Time = 2.5; Load Intensity = 2.0; #Success = 0; #Failed = 0; #Dropped = 0
Target Time = 3.5; Load Intensity = 2.0; #Success = 0; #Failed = 0; #Dropped = 0
Target Time = 4.5; Load Intensity = 3.0; #Success = 0; #Failed = 0; #Dropped = 0
Target Time = 5.5; Load Intensity = 4.0; #Success = 0; #Failed = 0; #Dropped = 0
Target Time = 6.5; Load Intensity = 5.0; #Success = 0; #Failed = 0; #Dropped = 0
Target Time = 7.5; Load Intensity = 6.0; #Success = 7; #Failed = 0; #Dropped = 0
Target Time = 8.5; Load Intensity = 7.0; #Success = 3; #Failed = 0; #Dropped = 0
Target Time = 9.5; Load Intensity = 7.0; #Success = 1; #Failed = 0; #Dropped = 0
Target Time = 10.5; Load Intensity = 8.0; #Success = 10; #Failed = 0; #Dropped = 0
Target Time = 11.5; Load Intensity = 9.0; #Success = 4; #Failed = 0; #Dropped = 0
Target Time = 12.5; Load Intensity = 10.0; #Success = 8; #Failed = 0; #Dropped = 0
Target Time = 13.5; Load Intensity = 11.0; #Success = 1; #Failed = 0; #Dropped = 0
Target Time = 14.5; Load Intensity = 12.0; #Success = 3; #Failed = 0; #Dropped = 0
Target Time = 15.5; Load Intensity = 12.0; #Success = 7; #Failed = 0; #Dropped = 0
Target Time = 16.5; Load Intensity = 13.0; #Success = 2; #Failed = 0; #Dropped = 0
Target Time = 17.5; Load Intensity = 14.0; #Success = 2; #Failed = 0; #Dropped = 0
Target Time = 18.5; Load Intensity = 15.0; #Success = 10; #Failed = 0; #Dropped = 0
Target Time = 19.5; Load Intensity = 16.0; #Success = 2; #Failed = 0; #Dropped = 0
Target Time = 20.5; Load Intensity = 17.0; #Success = 12; #Failed = 0; #Dropped = 0
Target Time = 21.5; Load Intensity = 17.0; #Success = 5; #Failed = 0; #Dropped = 0
Target Time = 22.5; Load Intensity = 18.0; #Success = 0; #Failed = 0; #Dropped = 0
Target Time = 23.5; Load Intensity = 19.0; #Success = 6; #Failed = 0; #Dropped = 0
Target Time = 24.5; Load Intensity = 20.0; #Success = 4; #Failed = 0; #Dropped = 0
Target Time = 25.5; Load Intensity = 21.0; #Success = 2; #Failed = 1; #Dropped = 0
Target Time = 26.5; Load Intensity = 22.0; #Success = 1; #Failed = 12; #Dropped = 0
Target Time = 27.5; Load Intensity = 22.0; #Success = 0; #Failed = 4; #Dropped = 0
Target Time = 28.5; Load Intensity = 23.0; #Success = 0; #Failed = 3; #Dropped = 0
Target Time = 29.5; Load Intensity = 24.0; #Success = 3; #Failed = 2; #Dropped = 0
Target Time = 30.5; Load Intensity = 25.0; #Success = 4; #Failed = 0; #Dropped = 0
Target Time = 31.5; Load Intensity = 26.0; #Success = 2; #Failed = 0; #Dropped = 0
Target Time = 32.5; Load Intensity = 27.0; #Success = 2; #Failed = 0; #Dropped = 0
Target Time = 33.5; Load Intensity = 27.0; #Success = 0; #Failed = 0; #Dropped = 0
Target Time = 34.5; Load Intensity = 28.0; #Success = 0; #Failed = 0; #Dropped = 0
Target Time = 35.5; Load Intensity = 29.0; #Success = 0; #Failed = 0; #Dropped = 0
Target Time = 36.5; Load Intensity = 30.0; #Success = 0; #Failed = 0; #Dropped = 0
Target Time = 37.5; Load Intensity = 31.0; #Success = 0; #Failed = 0; #Dropped = 0
Target Time = 38.5; Load Intensity = 32.0; #Success = 3; #Failed = 4; #Dropped = 0
Target Time = 39.5; Load Intensity = 32.0; #Success = 5; #Failed = 2; #Dropped = 0
Target Time = 40.5; Load Intensity = 33.0; #Success = 4; #Failed = 5; #Dropped = 0
Target Time = 41.5; Load Intensity = 34.0; #Success = 2; #Failed = 1; #Dropped = 0
Target Time = 42.5; Load Intensity = 35.0; #Success = 1; #Failed = 0; #Dropped = 0
Target Time = 43.5; Load Intensity = 36.0; #Success = 3; #Failed = 0; #Dropped = 0
Target Time = 44.5; Load Intensity = 37.0; #Success = 2; #Failed = 0; #Dropped = 0
Target Time = 45.5; Load Intensity = 37.0; #Success = 4; #Failed = 0; #Dropped = 0
Target Time = 46.5; Load Intensity = 38.0; #Success = 3; #Failed = 0; #Dropped = 0
Target Time = 47.5; Load Intensity = 39.0; #Success = 3; #Failed = 0; #Dropped = 0
Target Time = 48.5; Load Intensity = 40.0; #Success = 2; #Failed = 0; #Dropped = 0
Target Time = 49.5; Load Intensity = 41.0; #Success = 3; #Failed = 0; #Dropped = 0
Target Time = 50.5; Load Intensity = 42.0; #Success = 1; #Failed = 0; #Dropped = 0
Target Time = 51.5; Load Intensity = 42.0; #Success = 1; #Failed = 0; #Dropped = 0
Target Time = 52.5; Load Intensity = 43.0; #Success = 3; #Failed = 1; #Dropped = 0
Target Time = 53.5; Load Intensity = 44.0; #Success = 12; #Failed = 5; #Dropped = 0
Target Time = 54.5; Load Intensity = 45.0; #Success = 0; #Failed = 0; #Dropped = 0
Target Time = 55.5; Load Intensity = 46.0; #Success = 4; #Failed = 0; #Dropped = 10
Target Time = 56.5; Load Intensity = 47.0; #Success = 4; #Failed = 0; #Dropped = 14
Target Time = 57.5; Load Intensity = 47.0; #Success = 4; #Failed = 0; #Dropped = 18
Target Time = 58.5; Load Intensity = 48.0; #Success = 3; #Failed = 0; #Dropped = 6
Target Time = 59.5; Load Intensity = 49.0; #Success = 7; #Failed = 0; #Dropped = 29
Target Time = 60.5; Load Intensity = 50.0; #Success = 4; #Failed = 0; #Dropped = 25
Target Time = 61.5; Load Intensity = 51.0; #Success = 0; #Failed = 0; #Dropped = 0
Target Time = 62.5; Load Intensity = 52.0; #Success = 0; #Failed = 0; #Dropped = 0
Target Time = 63.5; Load Intensity = 52.0; #Success = 0; #Failed = 0; #Dropped = 0
Target Time = 64.5; Load Intensity = 53.0; #Success = 0; #Failed = 0; #Dropped = 0
Target Time = 65.5; Load Intensity = 54.0; #Success = 0; #Failed = 0; #Dropped = 0
Target Time = 66.5; Load Intensity = 55.0; #Success = 0; #Failed = 0; #Dropped = 0
Target Time = 67.5; Load Intensity = 56.0; #Success = 0; #Failed = 1; #Dropped = 167
Target Time = 68.5; Load Intensity = 57.0; #Success = 0; #Failed = 5; #Dropped = 53
Target Time = 69.5; Load Intensity = 57.0; #Success = 0; #Failed = 0; #Dropped = 0
Target Time = 70.5; Load Intensity = 58.0; #Success = 2; #Failed = 0; #Dropped = 52
Target Time = 71.5; Load Intensity = 59.0; #Success = 0; #Failed = 0; #Dropped = 0
Target Time = 72.5; Load Intensity = 60.0; #Success = 0; #Failed = 0; #Dropped = 0
Target Time = 73.5; Load Intensity = 61.0; #Success = 1; #Failed = 0; #Dropped = 108
Target Time = 74.5; Load Intensity = 62.0; #Success = 2; #Failed = 0; #Dropped = 40
Target Time = 75.5; Load Intensity = 62.0; #Success = 4; #Failed = 0; #Dropped = 32
Target Time = 76.5; Load Intensity = 63.0; #Success = 2; #Failed = 0; #Dropped = 39
Target Time = 77.5; Load Intensity = 64.0; #Success = 3; #Failed = 0; #Dropped = 40
Target Time = 78.5; Load Intensity = 65.0; #Success = 2; #Failed = 0; #Dropped = 11
Target Time = 79.5; Load Intensity = 66.0; #Success = 3; #Failed = 0; #Dropped = 38
Target Time = 80.5; Load Intensity = 67.0; #Success = 1; #Failed = 0; #Dropped = 52
Target Time = 81.5; Load Intensity = 67.0; #Success = 0; #Failed = 0; #Dropped = 0
Target Time = 82.5; Load Intensity = 68.0; #Success = 1; #Failed = 0; #Dropped = 86
Target Time = 83.5; Load Intensity = 69.0; #Success = 15; #Failed = 1; #Dropped = 31
Target Time = 84.5; Load Intensity = 70.0; #Success = 0; #Failed = 2; #Dropped = 27
Target Time = 85.5; Load Intensity = 71.0; #Success = 1; #Failed = 2; #Dropped = 63
Target Time = 86.5; Load Intensity = 72.0; #Success = 3; #Failed = 1; #Dropped = 5
Target Time = 87.5; Load Intensity = 72.0; #Success = 3; #Failed = 0; #Dropped = 81
Target Time = 88.5; Load Intensity = 73.0; #Success = 2; #Failed = 1; #Dropped = 34
Target Time = 89.5; Load Intensity = 74.0; #Success = 3; #Failed = 3; #Dropped = 54
Target Time = 90.5; Load Intensity = 75.0; #Success = 2; #Failed = 0; #Dropped = 57
Target Time = 91.5; Load Intensity = 76.0; #Success = 0; #Failed = 0; #Dropped = 0
Target Time = 92.5; Load Intensity = 77.0; #Success = 1; #Failed = 1; #Dropped = 71
Target Time = 93.5; Load Intensity = 77.0; #Success = 0; #Failed = 0; #Dropped = 0
Target Time = 94.5; Load Intensity = 78.0; #Success = 2; #Failed = 0; #Dropped = 125
Target Time = 95.5; Load Intensity = 79.0; #Success = 1; #Failed = 1; #Dropped = 52
Target Time = 96.5; Load Intensity = 80.0; #Success = 1; #Failed = 0; #Dropped = 60
Target Time = 97.5; Load Intensity = 81.0; #Success = 1; #Failed = 2; #Dropped = 51
Target Time = 98.5; Load Intensity = 82.0; #Success = 4; #Failed = 3; #Dropped = 56
Target Time = 99.5; Load Intensity = 82.0; #Success = 4; #Failed = 3; #Dropped = 11
Target Time = 100.5; Load Intensity = 83.0; #Success = 3; #Failed = 3; #Dropped = 68
Target Time = 101.5; Load Intensity = 84.0; #Success = 0; #Failed = 0; #Dropped = 0
Target Time = 102.5; Load Intensity = 85.0; #Success = 0; #Failed = 0; #Dropped = 0
Target Time = 103.5; Load Intensity = 86.0; #Success = 0; #Failed = 8; #Dropped = 174
  └─ [leo:nic] end 01:11:29
Target Time = 104.5; Load Intensity = 87.0; #Success = 0; #Failed = 0; #Dropped = 0
Target Time = 105.5; Load Intensity = 87.0; #Success = 2; #Failed = 2; #Dropped = 126
Target Time = 106.5; Load Intensity = 88.0; #Success = 1; #Failed = 4; #Dropped = 59
Target Time = 107.5; Load Intensity = 89.0; #Success = 2; #Failed = 4; #Dropped = 68
Target Time = 108.5; Load Intensity = 90.0; #Success = 1; #Failed = 4; #Dropped = 58
Target Time = 109.5; Load Intensity = 91.0; #Success = 2; #Failed = 2; #Dropped = 16
Target Time = 110.5; Load Intensity = 92.0; #Success = 0; #Failed = 0; #Dropped = 0
Target Time = 111.5; Load Intensity = 92.0; #Success = 0; #Failed = 0; #Dropped = 0
Target Time = 112.5; Load Intensity = 93.0; #Success = 0; #Failed = 4; #Dropped = 219
Target Time = 113.5; Load Intensity = 94.0; #Success = 5; #Failed = 7; #Dropped = 78
Target Time = 114.5; Load Intensity = 95.0; #Success = 1; #Failed = 0; #Dropped = 16
Target Time = 115.5; Load Intensity = 96.0; #Success = 0; #Failed = 3; #Dropped = 118
Target Time = 116.5; Load Intensity = 97.0; #Success = 0; #Failed = 0; #Dropped = 0
Target Time = 117.5; Load Intensity = 97.0; #Success = 0; #Failed = 2; #Dropped = 154
Target Time = 118.5; Load Intensity = 98.0; #Success = 2; #Failed = 1; #Dropped = 72
Target Time = 119.5; Load Intensity = 99.0; #Success = 0; #Failed = 0; #Dropped = 0
Target Time = 120.5; Load Intensity = 0.0; #Success = 0; #Failed = 0; #Dropped = 0
Target Time = 121.5; Load Intensity = 0.0; #Success = 0; #Failed = 0; #Dropped = 0
Target Time = 122.5; Load Intensity = 0.0; #Success = 0; #Failed = 2; #Dropped = 291
Target Time = 123.5; Load Intensity = 0.0; #Success = 0; #Failed = 9; #Dropped = 66
Target Time = 124.5; Load Intensity = 0.0; #Success = 1; #Failed = 4; #Dropped = 81
Target Time = 125.5; Load Intensity = 0.0; #Success = 0; #Failed = 1; #Dropped = 76
Target Time = 126.5; Load Intensity = 0.0; #Success = 0; #Failed = 3; #Dropped = 48
Target Time = 127.5; Load Intensity = 0.0; #Success = 1; #Failed = 1; #Dropped = 122
Target Time = 128.5; Load Intensity = 0.0; #Success = 0; #Failed = 12; #Dropped = 54
Target Time = 129.5; Load Intensity = 0.0; #Success = 3; #Failed = 3; #Dropped = 61
Target Time = 130.5; Load Intensity = 0.0; #Success = 1; #Failed = 2; #Dropped = 94
Target Time = 131.5; Load Intensity = 0.0; #Success = 0; #Failed = 2; #Dropped = 83
Target Time = 132.5; Load Intensity = 0.0; #Success = 0; #Failed = 10; #Dropped = 34
Target Time = 133.5; Load Intensity = 0.0; #Success = 0; #Failed = 1; #Dropped = 117
Target Time = 134.5; Load Intensity = 0.0; #Success = 0; #Failed = 0; #Dropped = 0
Target Time = 135.5; Load Intensity = 0.0; #Success = 1; #Failed = 0; #Dropped = 107
Target Time = 136.5; Load Intensity = 0.0; #Success = 0; #Failed = 0; #Dropped = 0
Target Time = 137.5; Load Intensity = 0.0; #Success = 1; #Failed = 0; #Dropped = 208
Target Time = 138.5; Load Intensity = 0.0; #Success = 1; #Failed = 0; #Dropped = 66
Target Time = 139.5; Load Intensity = 0.0; #Success = 0; #Failed = 0; #Dropped = 0
Target Time = 140.5; Load Intensity = 0.0; #Success = 0; #Failed = 15; #Dropped = 231
Target Time = 141.5; Load Intensity = 0.0; #Success = 0; #Failed = 2; #Dropped = 61
Target Time = 142.5; Load Intensity = 0.0; #Success = 0; #Failed = 0; #Dropped = 0
Target Time = 143.5; Load Intensity = 0.0; #Success = 1; #Failed = 0; #Dropped = 171
Target Time = 144.5; Load Intensity = 0.0; #Success = 0; #Failed = 0; #Dropped = 0
  └─ [nitro5:sd] end 01:12:10
Target Time = 145.5; Load Intensity = 0.0; #Success = 0; #Failed = 0; #Dropped = 0
  └─ [nitro5:ram] end 01:12:11
  └─ [nitro5:nic] end 01:12:11
  └─ [nitro5:cpu] end 01:12:12
Target Time = 146.5; Load Intensity = 0.0; #Success = 1; #Failed = 0; #Dropped = 251
Target Time = 147.5; Load Intensity = 0.0; #Success = 1; #Failed = 0; #Dropped = 151
Target Time = 148.5; Load Intensity = 0.0; #Success = 2; #Failed = 0; #Dropped = 128
Target Time = 149.5; Load Intensity = 0.0; #Success = 0; #Failed = 1; #Dropped = 93
Target Time = 150.5; Load Intensity = 0.0; #Success = 0; #Failed = 2; #Dropped = 4
Target Time = 151.5; Load Intensity = 0.0; #Success = 0; #Failed = 1; #Dropped = 0
Target Time = 152.5; Load Intensity = 0.0; #Success = 0; #Failed = 4; #Dropped = 0
  └─ [aspire:sd] end 01:12:18
Target Time = 153.5; Load Intensity = 0.0; #Success = 4; #Failed = 21; #Dropped = 0
Target Time = 154.5; Load Intensity = 0.0; #Success = 1; #Failed = 15; #Dropped = 0
Target Time = 155.5; Load Intensity = 0.0; #Success = 0; #Failed = 2; #Dropped = 0
Target Time = 156.5; Load Intensity = 0.0; #Success = 0; #Failed = 2; #Dropped = 0
Target Time = 157.5; Load Intensity = 0.0; #Success = 0; #Failed = 0; #Dropped = 0
  └─ [aspire:nic] end 01:12:23
Target Time = 158.5; Load Intensity = 0.0; #Success = 1; #Failed = 0; #Dropped = 0
  └─ [aspire:cpu] end 01:12:24
Target Time = 159.5; Load Intensity = 0.0; #Success = 0; #Failed = 0; #Dropped = 0
  └─ [aspire:ram] end 01:12:25
Target Time = 160.5; Load Intensity = 0.0; #Success = 0; #Failed = 0; #Dropped = 0
  └─ [scorpius:nic] end 01:12:27
Target Time = 161.5; Load Intensity = 0.0; #Success = 1; #Failed = 0; #Dropped = 0
Target Time = 162.5; Load Intensity = 0.0; #Success = 1; #Failed = 1; #Dropped = 0
Target Time = 163.5; Load Intensity = 0.0; #Success = 0; #Failed = 2; #Dropped = 0
Target Time = 164.5; Load Intensity = 0.0; #Success = 0; #Failed = 3; #Dropped = 0
Target Time = 165.5; Load Intensity = 0.0; #Success = 0; #Failed = 2; #Dropped = 0
Target Time = 166.5; Load Intensity = 0.0; #Success = 0; #Failed = 0; #Dropped = 0
Target Time = 167.5; Load Intensity = 0.0; #Success = 0; #Failed = 0; #Dropped = 0
Target Time = 168.5; Load Intensity = 0.0; #Success = 0; #Failed = 0; #Dropped = 0
Target Time = 169.5; Load Intensity = 0.0; #Success = 0; #Failed = 0; #Dropped = 0
  └─ [leo:cpu] end 01:12:35
Target Time = 170.5; Load Intensity = 0.0; #Success = 0; #Failed = 0; #Dropped = 0
Target Time = 171.5; Load Intensity = 0.0; #Success = 0; #Failed = 0; #Dropped = 0
Target Time = 172.5; Load Intensity = 0.0; #Success = 0; #Failed = 0; #Dropped = 0
Target Time = 173.5; Load Intensity = 0.0; #Success = 1; #Failed = 0; #Dropped = 0
  └─ [scorpius:cpu] end 01:12:39
  └─ [scorpius:ram] end 01:12:39
  └─ [scorpius:sd] end 01:12:39
  └─ [leo:ram] end 01:12:40
  └─ [leo:sd] end 01:12:40
=== Bloque 145s terminado - Fase: fase3_carga_low_iter5 ===
[🧹] Limpiando CSVs internos de ecofloc en cada nodo (fase: fase3_carga_low_iter5)...
  ✔ [nitro5:cpu] limpiado /home/luish/Documents/p3/ecofloc2/ecofloc/ecofloc-cpu/ECOFLOC_CPU_COMM_text.csv
  ✔ [nitro5:nic] limpiado /home/luish/Documents/p3/ecofloc2/ecofloc/ecofloc-nic/ECOFLOC_NIC_COMM_text.csv
  ✔ [nitro5:ram] limpiado /home/luish/Documents/p3/ecofloc2/ecofloc/ecofloc-ram/ECOFLOC_RAM_COMM_text.csv
  ✔ [nitro5:sd] limpiado /home/luish/Documents/p3/ecofloc2/ecofloc/ecofloc-sd/ECOFLOC_SD_COMM_text.csv
  ✔ [leo:cpu] limpiado /home/leo/ecofloc/ecofloc-cpu/ECOFLOC_CPU_COMM_text.csv
  ✔ [leo:nic] limpiado /home/leo/ecofloc/ecofloc-nic/ECOFLOC_NIC_COMM_text.csv
  ✔ [leo:ram] limpiado /home/leo/ecofloc/ecofloc-ram/ECOFLOC_RAM_COMM_text.csv
  ✔ [leo:sd] limpiado /home/leo/ecofloc/ecofloc-sd/ECOFLOC_SD_COMM_text.csv
  ✔ [aspire:cpu] limpiado /home/luish/Documents/p3/ecofloc2/ecofloc/ecofloc-cpu/ECOFLOC_CPU_COMM_text.csv
  ✔ [aspire:nic] limpiado /home/luish/Documents/p3/ecofloc2/ecofloc/ecofloc-nic/ECOFLOC_NIC_COMM_text.csv
  ✔ [aspire:ram] limpiado /home/luish/Documents/p3/ecofloc2/ecofloc/ecofloc-ram/ECOFLOC_RAM_COMM_text.csv
  ✔ [aspire:sd] limpiado /home/luish/Documents/p3/ecofloc2/ecofloc/ecofloc-sd/ECOFLOC_SD_COMM_text.csv
  ✔ [scorpius:cpu] limpiado /home/scorpius03/Documents/ecofloc/ecofloc-cpu/ECOFLOC_CPU_COMM_text.csv
Workload finished.
Log finished.
📄 LIMBO finalizado para scenario=low
⏳ [01:12:44] Esperando que termine medición: fase3_carga_low_iter5 (PID: 3878076)
  ✔ [scorpius:nic] limpiado /home/scorpius03/Documents/ecofloc/ecofloc-nic/ECOFLOC_NIC_COMM_text.csv
  ✔ [scorpius:ram] limpiado /home/scorpius03/Documents/ecofloc/ecofloc-ram/ECOFLOC_RAM_COMM_text.csv
  ✔ [scorpius:sd] limpiado /home/scorpius03/Documents/ecofloc/ecofloc-sd/ECOFLOC_SD_COMM_text.csv
========================================
🔋 MEASURE ENERGY FINALIZADO
   Fase: fase3_carga_low_iter5
========================================
✔️ [01:12:45] Medición fase3_carga_low_iter5 completada
[📦] Archivando resultados → ./historyexecutions/exp(01:12:50)_fase3_low_iter5
[✔] Archivado: ./historyexecutions/exp(01:12:50)_fase3_low_iter5
🧹 Limpiando TeaStore (iter 5)...
⏸ Esperando 15s para limpieza completa...
✅ Iteración 5 / 15 del escenario low completada.

########################################################
🔄 ESCENARIO: low | ITERACIÓN: 6 / 15
   Hora: 01:13:38
########################################################
========================================
🔋 FASE 1: Descarga de imágenes (low, iter 6)
========================================
📋 Capturando PIDs (gepidstea.sh)...
📋 Capturando PIDs de contenedores (kpsnodos.sh)...
🔋 [01:13:57] Iniciando medición de energía: fase1_descarga_low_iter6 (25s)
   PID de medición: 34857
🚀 Desplegando TeaStore desde /home/luish/Documents/death/teastore/TeaStore/examples/kubernetes/teastore-energy-scheduler.yaml...
========================================
🔋 MEASURE ENERGY - Fase: fase1_descarga_low_iter6
   Duración: 25s
   PID: 34857
========================================
=== Medición bloque 25s - Fase: fase1_descarga_low_iter6 ===
[⏱ 01:13:57] Iniciando ecofloc en nitro5 por 25s (fase: fase1_descarga_low_iter6)
⏳ Esperando a que todos los pods de TeaStore estén Running y Ready...
  ├─ [nitro5:sd] start 01:13:57
  ├─ [nitro5:ram] start 01:13:57
  ├─ [nitro5:nic] start 01:13:58
[⏱ 01:13:58] Iniciando ecofloc en aspire por 25s (fase: fase1_descarga_low_iter6)
  ├─ [nitro5:cpu] start 01:13:58
  ├─ [aspire:sd] start 01:13:58
  ├─ [aspire:ram] start 01:13:58
[⏱ 01:13:58] Iniciando ecofloc en scorpius por 25s (fase: fase1_descarga_low_iter6)
  ├─ [aspire:cpu] start 01:13:58
  ├─ [aspire:nic] start 01:13:58
  ├─ [scorpius:sd] start 01:13:58
  ├─ [scorpius:ram] start 01:13:58
  ├─ [scorpius:nic] start 01:13:58
[⏱ 01:13:58] Iniciando ecofloc en leo por 25s (fase: fase1_descarga_low_iter6)
  ├─ [scorpius:cpu] start 01:13:58
  ├─ [leo:sd] start 01:13:58
  ├─ [leo:ram] start 01:13:58
  ├─ [leo:cpu] start 01:13:58
  ├─ [leo:nic] start 01:13:58
✅ Pods listos.
⏳ [01:13:59] Esperando que termine medición: fase1_descarga_low_iter6 (PID: 34857)
  └─ [nitro5:sd] end 01:14:22
  └─ [nitro5:ram] end 01:14:22
  └─ [nitro5:nic] end 01:14:23
  └─ [nitro5:cpu] end 01:14:23
  └─ [aspire:sd] end 01:14:24
  └─ [aspire:cpu] end 01:14:24
  └─ [leo:cpu] end 01:14:24
  └─ [scorpius:cpu] end 01:14:24
  └─ [scorpius:sd] end 01:14:25
  └─ [leo:sd] end 01:14:25
  └─ [scorpius:nic] end 01:14:25
  └─ [aspire:nic] end 01:14:25
  └─ [aspire:ram] end 01:14:25
  └─ [leo:nic] end 01:14:25
  └─ [leo:ram] end 01:14:25
  └─ [scorpius:ram] end 01:14:25
=== Bloque 25s terminado - Fase: fase1_descarga_low_iter6 ===
[🧹] Limpiando CSVs internos de ecofloc en cada nodo (fase: fase1_descarga_low_iter6)...
  ✔ [nitro5:cpu] limpiado /home/luish/Documents/p3/ecofloc2/ecofloc/ecofloc-cpu/ECOFLOC_CPU_COMM_text.csv
  ✔ [nitro5:nic] limpiado /home/luish/Documents/p3/ecofloc2/ecofloc/ecofloc-nic/ECOFLOC_NIC_COMM_text.csv
  ✔ [nitro5:ram] limpiado /home/luish/Documents/p3/ecofloc2/ecofloc/ecofloc-ram/ECOFLOC_RAM_COMM_text.csv
  ✔ [nitro5:sd] limpiado /home/luish/Documents/p3/ecofloc2/ecofloc/ecofloc-sd/ECOFLOC_SD_COMM_text.csv
  ✔ [leo:cpu] limpiado /home/leo/ecofloc/ecofloc-cpu/ECOFLOC_CPU_COMM_text.csv
  ✔ [leo:nic] limpiado /home/leo/ecofloc/ecofloc-nic/ECOFLOC_NIC_COMM_text.csv
  ✔ [leo:ram] limpiado /home/leo/ecofloc/ecofloc-ram/ECOFLOC_RAM_COMM_text.csv
  ✔ [leo:sd] limpiado /home/leo/ecofloc/ecofloc-sd/ECOFLOC_SD_COMM_text.csv
  ✔ [aspire:cpu] limpiado /home/luish/Documents/p3/ecofloc2/ecofloc/ecofloc-cpu/ECOFLOC_CPU_COMM_text.csv
  ✔ [aspire:nic] limpiado /home/luish/Documents/p3/ecofloc2/ecofloc/ecofloc-nic/ECOFLOC_NIC_COMM_text.csv
  ✔ [aspire:ram] limpiado /home/luish/Documents/p3/ecofloc2/ecofloc/ecofloc-ram/ECOFLOC_RAM_COMM_text.csv
  ✔ [aspire:sd] limpiado /home/luish/Documents/p3/ecofloc2/ecofloc/ecofloc-sd/ECOFLOC_SD_COMM_text.csv
  ✔ [scorpius:cpu] limpiado /home/scorpius03/Documents/ecofloc/ecofloc-cpu/ECOFLOC_CPU_COMM_text.csv
  ✔ [scorpius:nic] limpiado /home/scorpius03/Documents/ecofloc/ecofloc-nic/ECOFLOC_NIC_COMM_text.csv
  ✔ [scorpius:ram] limpiado /home/scorpius03/Documents/ecofloc/ecofloc-ram/ECOFLOC_RAM_COMM_text.csv
  ✔ [scorpius:sd] limpiado /home/scorpius03/Documents/ecofloc/ecofloc-sd/ECOFLOC_SD_COMM_text.csv
========================================
🔋 MEASURE ENERGY FINALIZADO
   Fase: fase1_descarga_low_iter6
========================================
✔️ [01:14:29] Medición fase1_descarga_low_iter6 completada
[📦] Archivando resultados → ./historyexecutions/exp(01:14:34)_fase1_low_iter6
[✔] Archivado: ./historyexecutions/exp(01:14:34)_fase1_low_iter6
========================================
🔋 FASE 2: Preparación de servicios (low, iter 6)
========================================
📋 Capturando PIDs (gepidstea.sh)...
📋 Capturando PIDs de contenedores (kpsnodos.sh)...
🔋 [01:14:53] Iniciando medición de energía: fase2_preparacion_low_iter6 (50s)
   PID de medición: 96971
========================================
🔋 MEASURE ENERGY - Fase: fase2_preparacion_low_iter6
   Duración: 50s
   PID: 96971
========================================
=== Medición bloque 50s - Fase: fase2_preparacion_low_iter6 ===
[⏱ 01:14:53] Iniciando ecofloc en nitro5 por 50s (fase: fase2_preparacion_low_iter6)
⏳ Esperando 10s a que CoreDNS se estabilice...
  ├─ [nitro5:sd] start 01:14:53
  ├─ [nitro5:ram] start 01:14:54
  ├─ [nitro5:nic] start 01:14:54
[⏱ 01:14:55] Iniciando ecofloc en aspire por 50s (fase: fase2_preparacion_low_iter6)
  ├─ [nitro5:cpu] start 01:14:55
  ├─ [aspire:ram] start 01:14:55
[⏱ 01:14:55] Iniciando ecofloc en scorpius por 50s (fase: fase2_preparacion_low_iter6)
  ├─ [aspire:sd] start 01:14:55
  ├─ [aspire:nic] start 01:14:55
  ├─ [aspire:cpu] start 01:14:55
  ├─ [scorpius:sd] start 01:14:55
  ├─ [scorpius:nic] start 01:14:55
  ├─ [scorpius:ram] start 01:14:55
[⏱ 01:14:55] Iniciando ecofloc en leo por 50s (fase: fase2_preparacion_low_iter6)
  ├─ [leo:sd] start 01:14:55
  ├─ [scorpius:cpu] start 01:14:55
  ├─ [leo:ram] start 01:14:55
  ├─ [leo:nic] start 01:14:55
  ├─ [leo:cpu] start 01:14:55
➡️ Pod WebUI: teastore-webui-ff7768544-hnj7z
➡️ Está en el nodo: luish-nitro-an515-57
🌐 IP del nodo WebUI: 192.168.18.27
⏳ Verificando estado del TeaStore en http://192.168.18.27:30080/tools.descartes.teastore.webui/status ...
   ➤ Estado actual: 5 / 5 servicios OK
✔ TODOS los servicios del TeaStore están OK. Continuando...
⏳ [01:15:06] Esperando que termine medición: fase2_preparacion_low_iter6 (PID: 96971)
  └─ [nitro5:sd] end 01:15:43
  └─ [nitro5:ram] end 01:15:44
  └─ [nitro5:nic] end 01:15:44
  └─ [nitro5:cpu] end 01:15:45
  └─ [aspire:cpu] end 01:15:45
  └─ [aspire:sd] end 01:15:46
  └─ [leo:sd] end 01:15:46
  └─ [scorpius:sd] end 01:15:46
  └─ [scorpius:cpu] end 01:15:46
  └─ [leo:cpu] end 01:15:46
  └─ [aspire:nic] end 01:15:46
  └─ [leo:nic] end 01:15:46
  └─ [aspire:ram] end 01:15:46
  └─ [leo:ram] end 01:15:47
  └─ [scorpius:nic] end 01:15:47
  └─ [scorpius:ram] end 01:15:47
=== Bloque 50s terminado - Fase: fase2_preparacion_low_iter6 ===
[🧹] Limpiando CSVs internos de ecofloc en cada nodo (fase: fase2_preparacion_low_iter6)...
  ✔ [nitro5:cpu] limpiado /home/luish/Documents/p3/ecofloc2/ecofloc/ecofloc-cpu/ECOFLOC_CPU_COMM_text.csv
  ✔ [nitro5:nic] limpiado /home/luish/Documents/p3/ecofloc2/ecofloc/ecofloc-nic/ECOFLOC_NIC_COMM_text.csv
  ✔ [nitro5:ram] limpiado /home/luish/Documents/p3/ecofloc2/ecofloc/ecofloc-ram/ECOFLOC_RAM_COMM_text.csv
  ✔ [nitro5:sd] limpiado /home/luish/Documents/p3/ecofloc2/ecofloc/ecofloc-sd/ECOFLOC_SD_COMM_text.csv
  ✔ [leo:cpu] limpiado /home/leo/ecofloc/ecofloc-cpu/ECOFLOC_CPU_COMM_text.csv
  ✔ [leo:nic] limpiado /home/leo/ecofloc/ecofloc-nic/ECOFLOC_NIC_COMM_text.csv
  ✔ [leo:ram] limpiado /home/leo/ecofloc/ecofloc-ram/ECOFLOC_RAM_COMM_text.csv
  ✔ [leo:sd] limpiado /home/leo/ecofloc/ecofloc-sd/ECOFLOC_SD_COMM_text.csv
  ✔ [aspire:cpu] limpiado /home/luish/Documents/p3/ecofloc2/ecofloc/ecofloc-cpu/ECOFLOC_CPU_COMM_text.csv
  ✔ [aspire:nic] limpiado /home/luish/Documents/p3/ecofloc2/ecofloc/ecofloc-nic/ECOFLOC_NIC_COMM_text.csv
  ✔ [aspire:ram] limpiado /home/luish/Documents/p3/ecofloc2/ecofloc/ecofloc-ram/ECOFLOC_RAM_COMM_text.csv
  ✔ [aspire:sd] limpiado /home/luish/Documents/p3/ecofloc2/ecofloc/ecofloc-sd/ECOFLOC_SD_COMM_text.csv
  ✔ [scorpius:cpu] limpiado /home/scorpius03/Documents/ecofloc/ecofloc-cpu/ECOFLOC_CPU_COMM_text.csv
  ✔ [scorpius:nic] limpiado /home/scorpius03/Documents/ecofloc/ecofloc-nic/ECOFLOC_NIC_COMM_text.csv
  ✔ [scorpius:ram] limpiado /home/scorpius03/Documents/ecofloc/ecofloc-ram/ECOFLOC_RAM_COMM_text.csv
  ✔ [scorpius:sd] limpiado /home/scorpius03/Documents/ecofloc/ecofloc-sd/ECOFLOC_SD_COMM_text.csv
========================================
🔋 MEASURE ENERGY FINALIZADO
   Fase: fase2_preparacion_low_iter6
========================================
✔️ [01:15:51] Medición fase2_preparacion_low_iter6 completada
[📦] Archivando resultados → ./historyexecutions/exp(01:15:56)_fase2_low_iter6
[✔] Archivado: ./historyexecutions/exp(01:15:56)_fase2_low_iter6
========================================
🔋 FASE 3: Ejecución de carga (low, iter 6)
========================================
📋 Capturando PIDs (gepidstea.sh)...
📋 Capturando PIDs de contenedores (kpsnodos.sh)...
🔋 [01:16:14] Iniciando medición de energía: fase3_carga_low_iter6 (145s)
   PID de medición: 237224
=== Escenario low (iter 6) ===
========================================
🔋 MEASURE ENERGY - Fase: fase3_carga_low_iter6
   Duración: 145s
   PID: 237224
========================================
=== Medición bloque 145s - Fase: fase3_carga_low_iter6 ===
🚀 Iniciando LIMBO con profile=/home/luish/Documents/death/teastore/TeaStore/examples/httploadgenerator/increasingLowIntensity.csv y script=/home/luish/Documents/death/teastore/TeaStore/examples/httploadgenerator/teastore_buy.lua
[⏱ 01:16:14] Iniciando ecofloc en nitro5 por 145s (fase: fase3_carga_low_iter6)
Feb 26, 2026 1:16:14 AM tools.descartes.dlim.httploadgenerator.runner.Director executeDirector
WARNING: No power measurements
Feb 26, 2026 1:16:14 AM tools.descartes.dlim.httploadgenerator.runner.Director executeDirector
INFO: Load Generator Thread Count set to 64
Feb 26, 2026 1:16:14 AM tools.descartes.dlim.httploadgenerator.runner.Director executeDirector
INFO: URL connection timout set to 30000 ms
Feb 26, 2026 1:16:14 AM tools.descartes.dlim.httploadgenerator.runner.Director executeDirector
INFO: Using Lua Script: /home/luish/Documents/death/teastore/TeaStore/examples/httploadgenerator/teastore_buy.lua
Feb 26, 2026 1:16:14 AM tools.descartes.dlim.httploadgenerator.runner.Director process
INFO: Read 120 Arrival Rate Tuples
Load Generator sent: ok
Feb 26, 2026 1:16:14 AM tools.descartes.dlim.httploadgenerator.runner.Director process
INFO: Arrival Rates sent to Load Generator(s).
Load Generator sent: ok
Feb 26, 2026 1:16:14 AM tools.descartes.dlim.httploadgenerator.runner.Director process
INFO: Thread Count sent to Load Generator(s): 64
Load Generator sent: ok
Feb 26, 2026 1:16:14 AM tools.descartes.dlim.httploadgenerator.runner.Director process
INFO: URL connection timeout sent to Load Generator(s): 30000
Load Generator sent: ok
Feb 26, 2026 1:16:14 AM tools.descartes.dlim.httploadgenerator.runner.Director process
INFO: Contents of script sent to Load Generator: /home/luish/Documents/death/teastore/TeaStore/examples/httploadgenerator/teastore_buy.lua
Feb 26, 2026 1:16:14 AM tools.descartes.dlim.httploadgenerator.runner.Director process
INFO: Starting Load Generation
Beginning Run @1772086574431(26.02.2026;01:16:14431)
Target Time = 0.5; Load Intensity = 0.0; #Success = 0; #Failed = 0; #Dropped = 0
  ├─ [nitro5:sd] start 01:16:14
  ├─ [nitro5:ram] start 01:16:15
  ├─ [nitro5:nic] start 01:16:15
[⏱ 01:16:15] Iniciando ecofloc en aspire por 145s (fase: fase3_carga_low_iter6)
  ├─ [nitro5:cpu] start 01:16:15
  ├─ [aspire:sd] start 01:16:15
  ├─ [aspire:ram] start 01:16:15
[⏱ 01:16:15] Iniciando ecofloc en scorpius por 145s (fase: fase3_carga_low_iter6)
  ├─ [aspire:nic] start 01:16:15
  ├─ [scorpius:sd] start 01:16:15
  ├─ [aspire:cpu] start 01:16:15
  ├─ [scorpius:ram] start 01:16:15
[⏱ 01:16:15] Iniciando ecofloc en leo por 145s (fase: fase3_carga_low_iter6)
  ├─ [scorpius:nic] start 01:16:15
  ├─ [scorpius:cpu] start 01:16:15
  ├─ [leo:sd] start 01:16:15
  ├─ [leo:ram] start 01:16:15
  ├─ [leo:cpu] start 01:16:15
  ├─ [leo:nic] start 01:16:15
Target Time = 1.5; Load Intensity = 1.0; #Success = 0; #Failed = 0; #Dropped = 0
Target Time = 2.5; Load Intensity = 2.0; #Success = 0; #Failed = 0; #Dropped = 0
Target Time = 3.5; Load Intensity = 2.0; #Success = 5; #Failed = 0; #Dropped = 0
Target Time = 4.5; Load Intensity = 3.0; #Success = 3; #Failed = 0; #Dropped = 0
Target Time = 5.5; Load Intensity = 4.0; #Success = 4; #Failed = 0; #Dropped = 0
Target Time = 6.5; Load Intensity = 5.0; #Success = 5; #Failed = 0; #Dropped = 0
Target Time = 7.5; Load Intensity = 6.0; #Success = 6; #Failed = 0; #Dropped = 0
Target Time = 8.5; Load Intensity = 7.0; #Success = 7; #Failed = 0; #Dropped = 0
Target Time = 9.5; Load Intensity = 7.0; #Success = 7; #Failed = 0; #Dropped = 0
Target Time = 10.5; Load Intensity = 8.0; #Success = 7; #Failed = 0; #Dropped = 0
Target Time = 11.5; Load Intensity = 9.0; #Success = 10; #Failed = 0; #Dropped = 0
Target Time = 12.5; Load Intensity = 10.0; #Success = 10; #Failed = 0; #Dropped = 0
Target Time = 13.5; Load Intensity = 11.0; #Success = 0; #Failed = 0; #Dropped = 0
Target Time = 14.5; Load Intensity = 12.0; #Success = 20; #Failed = 0; #Dropped = 0
Target Time = 15.5; Load Intensity = 12.0; #Success = 12; #Failed = 0; #Dropped = 0
Target Time = 16.5; Load Intensity = 13.0; #Success = 16; #Failed = 0; #Dropped = 0
Target Time = 17.5; Load Intensity = 14.0; #Success = 14; #Failed = 0; #Dropped = 0
Target Time = 18.5; Load Intensity = 15.0; #Success = 2; #Failed = 0; #Dropped = 0
Target Time = 19.5; Load Intensity = 16.0; #Success = 0; #Failed = 0; #Dropped = 0
Target Time = 20.5; Load Intensity = 17.0; #Success = 0; #Failed = 0; #Dropped = 0
Target Time = 21.5; Load Intensity = 17.0; #Success = 0; #Failed = 0; #Dropped = 0
Target Time = 22.5; Load Intensity = 18.0; #Success = 25; #Failed = 0; #Dropped = 0
Target Time = 23.5; Load Intensity = 19.0; #Success = 9; #Failed = 0; #Dropped = 0
Target Time = 24.5; Load Intensity = 20.0; #Success = 25; #Failed = 0; #Dropped = 0
Target Time = 25.5; Load Intensity = 21.0; #Success = 0; #Failed = 0; #Dropped = 0
Target Time = 26.5; Load Intensity = 22.0; #Success = 0; #Failed = 0; #Dropped = 0
Target Time = 27.5; Load Intensity = 22.0; #Success = 0; #Failed = 0; #Dropped = 0
Target Time = 28.5; Load Intensity = 23.0; #Success = 0; #Failed = 0; #Dropped = 0
Target Time = 29.5; Load Intensity = 24.0; #Success = 0; #Failed = 13; #Dropped = 0
Target Time = 30.5; Load Intensity = 25.0; #Success = 0; #Failed = 0; #Dropped = 0
Target Time = 31.5; Load Intensity = 26.0; #Success = 0; #Failed = 0; #Dropped = 0
Target Time = 32.5; Load Intensity = 27.0; #Success = 0; #Failed = 0; #Dropped = 0
Target Time = 33.5; Load Intensity = 27.0; #Success = 0; #Failed = 5; #Dropped = 0
Target Time = 34.5; Load Intensity = 28.0; #Success = 0; #Failed = 29; #Dropped = 0
Target Time = 35.5; Load Intensity = 29.0; #Success = 0; #Failed = 5; #Dropped = 0
Target Time = 36.5; Load Intensity = 30.0; #Success = 0; #Failed = 0; #Dropped = 0
Target Time = 37.5; Load Intensity = 31.0; #Success = 0; #Failed = 17; #Dropped = 0
Target Time = 38.5; Load Intensity = 32.0; #Success = 0; #Failed = 0; #Dropped = 0
Target Time = 39.5; Load Intensity = 32.0; #Success = 0; #Failed = 1; #Dropped = 0
Target Time = 40.5; Load Intensity = 33.0; #Success = 0; #Failed = 0; #Dropped = 0
Target Time = 41.5; Load Intensity = 34.0; #Success = 0; #Failed = 7; #Dropped = 0
Target Time = 42.5; Load Intensity = 35.0; #Success = 0; #Failed = 5; #Dropped = 0
Target Time = 43.5; Load Intensity = 36.0; #Success = 0; #Failed = 0; #Dropped = 0
Target Time = 44.5; Load Intensity = 37.0; #Success = 0; #Failed = 18; #Dropped = 0
Target Time = 45.5; Load Intensity = 37.0; #Success = 0; #Failed = 3; #Dropped = 0
Target Time = 46.5; Load Intensity = 38.0; #Success = 0; #Failed = 1; #Dropped = 0
Target Time = 47.5; Load Intensity = 39.0; #Success = 0; #Failed = 8; #Dropped = 0
Target Time = 48.5; Load Intensity = 40.0; #Success = 0; #Failed = 0; #Dropped = 0
Target Time = 49.5; Load Intensity = 41.0; #Success = 0; #Failed = 13; #Dropped = 0
Target Time = 50.5; Load Intensity = 42.0; #Success = 0; #Failed = 13; #Dropped = 0
Target Time = 51.5; Load Intensity = 42.0; #Success = 0; #Failed = 4; #Dropped = 0
Target Time = 52.5; Load Intensity = 43.0; #Success = 3; #Failed = 0; #Dropped = 0
Target Time = 53.5; Load Intensity = 44.0; #Success = 4; #Failed = 0; #Dropped = 0
Target Time = 54.5; Load Intensity = 45.0; #Success = 0; #Failed = 0; #Dropped = 0
Target Time = 55.5; Load Intensity = 46.0; #Success = 1; #Failed = 0; #Dropped = 0
Target Time = 56.5; Load Intensity = 47.0; #Success = 0; #Failed = 10; #Dropped = 0
Target Time = 57.5; Load Intensity = 47.0; #Success = 0; #Failed = 0; #Dropped = 0
Target Time = 58.5; Load Intensity = 48.0; #Success = 0; #Failed = 21; #Dropped = 0
Target Time = 59.5; Load Intensity = 49.0; #Success = 0; #Failed = 0; #Dropped = 0
Target Time = 60.5; Load Intensity = 50.0; #Success = 0; #Failed = 0; #Dropped = 0
Target Time = 61.5; Load Intensity = 51.0; #Success = 0; #Failed = 2; #Dropped = 0
Target Time = 62.5; Load Intensity = 52.0; #Success = 0; #Failed = 6; #Dropped = 0
Target Time = 63.5; Load Intensity = 52.0; #Success = 0; #Failed = 5; #Dropped = 0
Target Time = 64.5; Load Intensity = 53.0; #Success = 2; #Failed = 2; #Dropped = 47
Target Time = 65.5; Load Intensity = 54.0; #Success = 0; #Failed = 1; #Dropped = 11
Target Time = 66.5; Load Intensity = 55.0; #Success = 1; #Failed = 17; #Dropped = 31
Target Time = 67.5; Load Intensity = 56.0; #Success = 0; #Failed = 0; #Dropped = 0
Target Time = 68.5; Load Intensity = 57.0; #Success = 0; #Failed = 0; #Dropped = 0
Target Time = 69.5; Load Intensity = 57.0; #Success = 0; #Failed = 15; #Dropped = 83
Target Time = 70.5; Load Intensity = 58.0; #Success = 0; #Failed = 24; #Dropped = 8
Target Time = 71.5; Load Intensity = 59.0; #Success = 0; #Failed = 14; #Dropped = 21
Target Time = 72.5; Load Intensity = 60.0; #Success = 0; #Failed = 0; #Dropped = 0
Target Time = 73.5; Load Intensity = 61.0; #Success = 0; #Failed = 5; #Dropped = 27
Target Time = 74.5; Load Intensity = 62.0; #Success = 0; #Failed = 4; #Dropped = 32
Target Time = 75.5; Load Intensity = 62.0; #Success = 0; #Failed = 8; #Dropped = 32
Target Time = 76.5; Load Intensity = 63.0; #Success = 0; #Failed = 17; #Dropped = 29
Target Time = 77.5; Load Intensity = 64.0; #Success = 0; #Failed = 14; #Dropped = 21
Target Time = 78.5; Load Intensity = 65.0; #Success = 0; #Failed = 15; #Dropped = 53
Target Time = 79.5; Load Intensity = 66.0; #Success = 0; #Failed = 0; #Dropped = 0
Target Time = 80.5; Load Intensity = 67.0; #Success = 0; #Failed = 6; #Dropped = 77
Target Time = 81.5; Load Intensity = 67.0; #Success = 0; #Failed = 20; #Dropped = 34
Target Time = 82.5; Load Intensity = 68.0; #Success = 0; #Failed = 15; #Dropped = 0
Target Time = 83.5; Load Intensity = 69.0; #Success = 0; #Failed = 9; #Dropped = 13
Target Time = 84.5; Load Intensity = 70.0; #Success = 0; #Failed = 0; #Dropped = 0
Target Time = 85.5; Load Intensity = 71.0; #Success = 0; #Failed = 0; #Dropped = 0
Target Time = 86.5; Load Intensity = 72.0; #Success = 0; #Failed = 10; #Dropped = 165
Target Time = 87.5; Load Intensity = 72.0; #Success = 1; #Failed = 14; #Dropped = 37
Target Time = 88.5; Load Intensity = 73.0; #Success = 0; #Failed = 0; #Dropped = 0
Target Time = 89.5; Load Intensity = 74.0; #Success = 0; #Failed = 4; #Dropped = 42
Target Time = 90.5; Load Intensity = 75.0; #Success = 0; #Failed = 9; #Dropped = 46
Target Time = 91.5; Load Intensity = 76.0; #Success = 0; #Failed = 7; #Dropped = 45
Target Time = 92.5; Load Intensity = 77.0; #Success = 0; #Failed = 4; #Dropped = 42
Target Time = 93.5; Load Intensity = 77.0; #Success = 0; #Failed = 17; #Dropped = 52
Target Time = 94.5; Load Intensity = 78.0; #Success = 0; #Failed = 0; #Dropped = 0
Target Time = 95.5; Load Intensity = 79.0; #Success = 0; #Failed = 5; #Dropped = 82
Target Time = 96.5; Load Intensity = 80.0; #Success = 0; #Failed = 32; #Dropped = 76
Target Time = 97.5; Load Intensity = 81.0; #Success = 0; #Failed = 3; #Dropped = 48
Target Time = 98.5; Load Intensity = 82.0; #Success = 0; #Failed = 15; #Dropped = 1
Target Time = 99.5; Load Intensity = 82.0; #Success = 0; #Failed = 3; #Dropped = 46
Target Time = 100.5; Load Intensity = 83.0; #Success = 1; #Failed = 4; #Dropped = 49
Target Time = 101.5; Load Intensity = 84.0; #Success = 0; #Failed = 2; #Dropped = 54
Target Time = 102.5; Load Intensity = 85.0; #Success = 0; #Failed = 9; #Dropped = 61
Target Time = 103.5; Load Intensity = 86.0; #Success = 0; #Failed = 8; #Dropped = 54
Target Time = 104.5; Load Intensity = 87.0; #Success = 0; #Failed = 11; #Dropped = 53
Target Time = 105.5; Load Intensity = 87.0; #Success = 1; #Failed = 3; #Dropped = 84
Target Time = 106.5; Load Intensity = 88.0; #Success = 2; #Failed = 1; #Dropped = 74
Target Time = 107.5; Load Intensity = 89.0; #Success = 1; #Failed = 0; #Dropped = 60
Target Time = 108.5; Load Intensity = 90.0; #Success = 2; #Failed = 0; #Dropped = 31
Target Time = 109.5; Load Intensity = 91.0; #Success = 1; #Failed = 16; #Dropped = 79
Target Time = 110.5; Load Intensity = 92.0; #Success = 3; #Failed = 1; #Dropped = 43
Target Time = 111.5; Load Intensity = 92.0; #Success = 2; #Failed = 3; #Dropped = 62
Target Time = 112.5; Load Intensity = 93.0; #Success = 3; #Failed = 1; #Dropped = 88
Target Time = 113.5; Load Intensity = 94.0; #Success = 0; #Failed = 1; #Dropped = 27
Target Time = 114.5; Load Intensity = 95.0; #Success = 2; #Failed = 1; #Dropped = 75
Target Time = 115.5; Load Intensity = 96.0; #Success = 1; #Failed = 21; #Dropped = 73
Target Time = 116.5; Load Intensity = 97.0; #Success = 3; #Failed = 2; #Dropped = 80
Target Time = 117.5; Load Intensity = 97.0; #Success = 0; #Failed = 2; #Dropped = 28
Target Time = 118.5; Load Intensity = 98.0; #Success = 1; #Failed = 11; #Dropped = 86
Target Time = 119.5; Load Intensity = 99.0; #Success = 0; #Failed = 4; #Dropped = 25
Target Time = 120.5; Load Intensity = 0.0; #Success = 0; #Failed = 5; #Dropped = 86
Target Time = 121.5; Load Intensity = 0.0; #Success = 0; #Failed = 8; #Dropped = 67
Target Time = 122.5; Load Intensity = 0.0; #Success = 0; #Failed = 0; #Dropped = 0
Target Time = 123.5; Load Intensity = 0.0; #Success = 0; #Failed = 3; #Dropped = 127
Target Time = 124.5; Load Intensity = 0.0; #Success = 1; #Failed = 7; #Dropped = 116
Target Time = 125.5; Load Intensity = 0.0; #Success = 0; #Failed = 0; #Dropped = 0
Target Time = 126.5; Load Intensity = 0.0; #Success = 0; #Failed = 0; #Dropped = 0
Target Time = 127.5; Load Intensity = 0.0; #Success = 0; #Failed = 11; #Dropped = 227
Target Time = 128.5; Load Intensity = 0.0; #Success = 0; #Failed = 4; #Dropped = 71
Target Time = 129.5; Load Intensity = 0.0; #Success = 0; #Failed = 12; #Dropped = 73
Target Time = 130.5; Load Intensity = 0.0; #Success = 0; #Failed = 22; #Dropped = 81
Target Time = 131.5; Load Intensity = 0.0; #Success = 0; #Failed = 8; #Dropped = 53
Target Time = 132.5; Load Intensity = 0.0; #Success = 0; #Failed = 4; #Dropped = 80
Target Time = 133.5; Load Intensity = 0.0; #Success = 0; #Failed = 7; #Dropped = 81
Target Time = 134.5; Load Intensity = 0.0; #Success = 0; #Failed = 6; #Dropped = 66
Target Time = 135.5; Load Intensity = 0.0; #Success = 0; #Failed = 10; #Dropped = 80
Target Time = 136.5; Load Intensity = 0.0; #Success = 0; #Failed = 3; #Dropped = 84
Target Time = 137.5; Load Intensity = 0.0; #Success = 0; #Failed = 20; #Dropped = 99
Target Time = 138.5; Load Intensity = 0.0; #Success = 0; #Failed = 11; #Dropped = 66
Target Time = 139.5; Load Intensity = 0.0; #Success = 0; #Failed = 3; #Dropped = 72
Target Time = 140.5; Load Intensity = 0.0; #Success = 0; #Failed = 6; #Dropped = 95
Target Time = 141.5; Load Intensity = 0.0; #Success = 0; #Failed = 13; #Dropped = 115
Target Time = 142.5; Load Intensity = 0.0; #Success = 0; #Failed = 5; #Dropped = 48
Target Time = 143.5; Load Intensity = 0.0; #Success = 0; #Failed = 12; #Dropped = 116
Target Time = 144.5; Load Intensity = 0.0; #Success = 0; #Failed = 7; #Dropped = 60
  └─ [nitro5:sd] end 01:18:39
Target Time = 145.5; Load Intensity = 0.0; #Success = 0; #Failed = 12; #Dropped = 74
  └─ [nitro5:ram] end 01:18:40
  └─ [nitro5:nic] end 01:18:40
  └─ [nitro5:cpu] end 01:18:40
Target Time = 146.5; Load Intensity = 0.0; #Success = 0; #Failed = 15; #Dropped = 88
Target Time = 147.5; Load Intensity = 0.0; #Success = 0; #Failed = 7; #Dropped = 85
Target Time = 148.5; Load Intensity = 0.0; #Success = 0; #Failed = 10; #Dropped = 84
  └─ [aspire:nic] end 01:18:43
Target Time = 149.5; Load Intensity = 0.0; #Success = 0; #Failed = 10; #Dropped = 105
Target Time = 150.5; Load Intensity = 0.0; #Success = 0; #Failed = 4; #Dropped = 30
Target Time = 151.5; Load Intensity = 0.0; #Success = 0; #Failed = 2; #Dropped = 0
  └─ [aspire:cpu] end 01:18:46
  └─ [aspire:sd] end 01:18:46
Target Time = 152.5; Load Intensity = 0.0; #Success = 0; #Failed = 0; #Dropped = 0
  └─ [aspire:ram] end 01:18:47
Target Time = 153.5; Load Intensity = 0.0; #Success = 0; #Failed = 0; #Dropped = 0
Target Time = 154.5; Load Intensity = 0.0; #Success = 1; #Failed = 0; #Dropped = 0
Target Time = 155.5; Load Intensity = 0.0; #Success = 0; #Failed = 0; #Dropped = 0
Target Time = 156.5; Load Intensity = 0.0; #Success = 0; #Failed = 0; #Dropped = 0
Target Time = 157.5; Load Intensity = 0.0; #Success = 2; #Failed = 0; #Dropped = 0
Target Time = 158.5; Load Intensity = 0.0; #Success = 0; #Failed = 0; #Dropped = 0
Target Time = 159.5; Load Intensity = 0.0; #Success = 7; #Failed = 0; #Dropped = 0
Target Time = 160.5; Load Intensity = 0.0; #Success = 5; #Failed = 0; #Dropped = 0
Target Time = 161.5; Load Intensity = 0.0; #Success = 0; #Failed = 0; #Dropped = 0
Target Time = 162.5; Load Intensity = 0.0; #Success = 15; #Failed = 0; #Dropped = 0
Target Time = 163.5; Load Intensity = 0.0; #Success = 10; #Failed = 0; #Dropped = 0
Target Time = 164.5; Load Intensity = 0.0; #Success = 1; #Failed = 0; #Dropped = 0
Target Time = 165.5; Load Intensity = 0.0; #Success = 0; #Failed = 0; #Dropped = 0
Target Time = 166.5; Load Intensity = 0.0; #Success = 0; #Failed = 0; #Dropped = 0
  └─ [scorpius:nic] end 01:19:01
  └─ [scorpius:cpu] end 01:19:01
Target Time = 167.5; Load Intensity = 0.0; #Success = 3; #Failed = 0; #Dropped = 0
Target Time = 168.5; Load Intensity = 0.0; #Success = 0; #Failed = 0; #Dropped = 0
  └─ [scorpius:ram] end 01:19:03
  └─ [scorpius:sd] end 01:19:03
Target Time = 169.5; Load Intensity = 0.0; #Success = 0; #Failed = 0; #Dropped = 0
Target Time = 170.5; Load Intensity = 0.0; #Success = 2; #Failed = 0; #Dropped = 0
Target Time = 171.5; Load Intensity = 0.0; #Success = 0; #Failed = 0; #Dropped = 0
Target Time = 172.5; Load Intensity = 0.0; #Success = 0; #Failed = 0; #Dropped = 0
Target Time = 173.5; Load Intensity = 0.0; #Success = 0; #Failed = 8; #Dropped = 0
Target Time = 174.5; Load Intensity = 0.0; #Success = 0; #Failed = 1; #Dropped = 0
  └─ [leo:nic] end 01:19:09
Target Time = 175.5; Load Intensity = 0.0; #Success = 3; #Failed = 0; #Dropped = 0
  └─ [leo:cpu] end 01:19:11
  └─ [leo:sd] end 01:19:11
  └─ [leo:ram] end 01:19:11
=== Bloque 145s terminado - Fase: fase3_carga_low_iter6 ===
[🧹] Limpiando CSVs internos de ecofloc en cada nodo (fase: fase3_carga_low_iter6)...
  ✔ [nitro5:cpu] limpiado /home/luish/Documents/p3/ecofloc2/ecofloc/ecofloc-cpu/ECOFLOC_CPU_COMM_text.csv
  ✔ [nitro5:nic] limpiado /home/luish/Documents/p3/ecofloc2/ecofloc/ecofloc-nic/ECOFLOC_NIC_COMM_text.csv
  ✔ [nitro5:ram] limpiado /home/luish/Documents/p3/ecofloc2/ecofloc/ecofloc-ram/ECOFLOC_RAM_COMM_text.csv
  ✔ [nitro5:sd] limpiado /home/luish/Documents/p3/ecofloc2/ecofloc/ecofloc-sd/ECOFLOC_SD_COMM_text.csv
  ✔ [leo:cpu] limpiado /home/leo/ecofloc/ecofloc-cpu/ECOFLOC_CPU_COMM_text.csv
  ✔ [leo:nic] limpiado /home/leo/ecofloc/ecofloc-nic/ECOFLOC_NIC_COMM_text.csv
  ✔ [leo:ram] limpiado /home/leo/ecofloc/ecofloc-ram/ECOFLOC_RAM_COMM_text.csv
  ✔ [leo:sd] limpiado /home/leo/ecofloc/ecofloc-sd/ECOFLOC_SD_COMM_text.csv
  ✔ [aspire:cpu] limpiado /home/luish/Documents/p3/ecofloc2/ecofloc/ecofloc-cpu/ECOFLOC_CPU_COMM_text.csv
  ✔ [aspire:nic] limpiado /home/luish/Documents/p3/ecofloc2/ecofloc/ecofloc-nic/ECOFLOC_NIC_COMM_text.csv
  ✔ [aspire:ram] limpiado /home/luish/Documents/p3/ecofloc2/ecofloc/ecofloc-ram/ECOFLOC_RAM_COMM_text.csv
  ✔ [aspire:sd] limpiado /home/luish/Documents/p3/ecofloc2/ecofloc/ecofloc-sd/ECOFLOC_SD_COMM_text.csv
  ✔ [scorpius:cpu] limpiado /home/scorpius03/Documents/ecofloc/ecofloc-cpu/ECOFLOC_CPU_COMM_text.csv
  ✔ [scorpius:nic] limpiado /home/scorpius03/Documents/ecofloc/ecofloc-nic/ECOFLOC_NIC_COMM_text.csv
  ✔ [scorpius:ram] limpiado /home/scorpius03/Documents/ecofloc/ecofloc-ram/ECOFLOC_RAM_COMM_text.csv
Workload finished.
Log finished.
📄 LIMBO finalizado para scenario=low
⏳ [01:19:14] Esperando que termine medición: fase3_carga_low_iter6 (PID: 237224)
  ✔ [scorpius:sd] limpiado /home/scorpius03/Documents/ecofloc/ecofloc-sd/ECOFLOC_SD_COMM_text.csv
========================================
🔋 MEASURE ENERGY FINALIZADO
   Fase: fase3_carga_low_iter6
========================================
✔️ [01:19:15] Medición fase3_carga_low_iter6 completada
[📦] Archivando resultados → ./historyexecutions/exp(01:19:20)_fase3_low_iter6
[✔] Archivado: ./historyexecutions/exp(01:19:20)_fase3_low_iter6
🧹 Limpiando TeaStore (iter 6)...
⏸ Esperando 15s para limpieza completa...
✅ Iteración 6 / 15 del escenario low completada.

########################################################
🔄 ESCENARIO: low | ITERACIÓN: 7 / 15
   Hora: 01:20:08
########################################################
========================================
🔋 FASE 1: Descarga de imágenes (low, iter 7)
========================================
📋 Capturando PIDs (gepidstea.sh)...
📋 Capturando PIDs de contenedores (kpsnodos.sh)...
🔋 [01:20:25] Iniciando medición de energía: fase1_descarga_low_iter7 (25s)
   PID de medición: 638707
🚀 Desplegando TeaStore desde /home/luish/Documents/death/teastore/TeaStore/examples/kubernetes/teastore-energy-scheduler.yaml...
========================================
🔋 MEASURE ENERGY - Fase: fase1_descarga_low_iter7
   Duración: 25s
   PID: 638707
========================================
=== Medición bloque 25s - Fase: fase1_descarga_low_iter7 ===
[⏱ 01:20:25] Iniciando ecofloc en nitro5 por 25s (fase: fase1_descarga_low_iter7)
⏳ Esperando a que todos los pods de TeaStore estén Running y Ready...
  ├─ [nitro5:sd] start 01:20:25
  ├─ [nitro5:ram] start 01:20:26
  ├─ [nitro5:nic] start 01:20:26
[⏱ 01:20:27] Iniciando ecofloc en aspire por 25s (fase: fase1_descarga_low_iter7)
  ├─ [nitro5:cpu] start 01:20:27
  ├─ [aspire:sd] start 01:20:27
[⏱ 01:20:27] Iniciando ecofloc en scorpius por 25s (fase: fase1_descarga_low_iter7)
  ├─ [aspire:nic] start 01:20:27
  ├─ [aspire:cpu] start 01:20:27
  ├─ [aspire:ram] start 01:20:27
[⏱ 01:20:27] Iniciando ecofloc en leo por 25s (fase: fase1_descarga_low_iter7)
  ├─ [scorpius:ram] start 01:20:27
  ├─ [scorpius:nic] start 01:20:27
  ├─ [scorpius:cpu] start 01:20:27
  ├─ [scorpius:sd] start 01:20:27
  ├─ [leo:sd] start 01:20:27
  ├─ [leo:nic] start 01:20:27
  ├─ [leo:ram] start 01:20:27
  ├─ [leo:cpu] start 01:20:27
✅ Pods listos.
⏳ [01:20:28] Esperando que termine medición: fase1_descarga_low_iter7 (PID: 638707)
  └─ [nitro5:sd] end 01:20:50
  └─ [nitro5:ram] end 01:20:51
  └─ [nitro5:nic] end 01:20:51
  └─ [nitro5:cpu] end 01:20:52
  └─ [aspire:cpu] end 01:20:52
  └─ [aspire:sd] end 01:20:52
  └─ [leo:cpu] end 01:20:53
  └─ [leo:sd] end 01:20:53
  └─ [scorpius:sd] end 01:20:53
  └─ [leo:nic] end 01:20:53
  └─ [aspire:nic] end 01:20:53
  └─ [aspire:ram] end 01:20:53
  └─ [scorpius:cpu] end 01:20:53
  └─ [scorpius:nic] end 01:20:54
  └─ [scorpius:ram] end 01:20:54
  └─ [leo:ram] end 01:20:55
=== Bloque 25s terminado - Fase: fase1_descarga_low_iter7 ===
[🧹] Limpiando CSVs internos de ecofloc en cada nodo (fase: fase1_descarga_low_iter7)...
  ✔ [nitro5:cpu] limpiado /home/luish/Documents/p3/ecofloc2/ecofloc/ecofloc-cpu/ECOFLOC_CPU_COMM_text.csv
  ✔ [nitro5:nic] limpiado /home/luish/Documents/p3/ecofloc2/ecofloc/ecofloc-nic/ECOFLOC_NIC_COMM_text.csv
  ✔ [nitro5:ram] limpiado /home/luish/Documents/p3/ecofloc2/ecofloc/ecofloc-ram/ECOFLOC_RAM_COMM_text.csv
  ✔ [nitro5:sd] limpiado /home/luish/Documents/p3/ecofloc2/ecofloc/ecofloc-sd/ECOFLOC_SD_COMM_text.csv
  ✔ [leo:cpu] limpiado /home/leo/ecofloc/ecofloc-cpu/ECOFLOC_CPU_COMM_text.csv
  ✔ [leo:nic] limpiado /home/leo/ecofloc/ecofloc-nic/ECOFLOC_NIC_COMM_text.csv
  ✔ [leo:ram] limpiado /home/leo/ecofloc/ecofloc-ram/ECOFLOC_RAM_COMM_text.csv
  ✔ [leo:sd] limpiado /home/leo/ecofloc/ecofloc-sd/ECOFLOC_SD_COMM_text.csv
  ✔ [aspire:cpu] limpiado /home/luish/Documents/p3/ecofloc2/ecofloc/ecofloc-cpu/ECOFLOC_CPU_COMM_text.csv
  ✔ [aspire:nic] limpiado /home/luish/Documents/p3/ecofloc2/ecofloc/ecofloc-nic/ECOFLOC_NIC_COMM_text.csv
  ✔ [aspire:ram] limpiado /home/luish/Documents/p3/ecofloc2/ecofloc/ecofloc-ram/ECOFLOC_RAM_COMM_text.csv
  ✔ [aspire:sd] limpiado /home/luish/Documents/p3/ecofloc2/ecofloc/ecofloc-sd/ECOFLOC_SD_COMM_text.csv
  ✔ [scorpius:cpu] limpiado /home/scorpius03/Documents/ecofloc/ecofloc-cpu/ECOFLOC_CPU_COMM_text.csv
  ✔ [scorpius:nic] limpiado /home/scorpius03/Documents/ecofloc/ecofloc-nic/ECOFLOC_NIC_COMM_text.csv
  ✔ [scorpius:ram] limpiado /home/scorpius03/Documents/ecofloc/ecofloc-ram/ECOFLOC_RAM_COMM_text.csv
  ✔ [scorpius:sd] limpiado /home/scorpius03/Documents/ecofloc/ecofloc-sd/ECOFLOC_SD_COMM_text.csv
========================================
🔋 MEASURE ENERGY FINALIZADO
   Fase: fase1_descarga_low_iter7
========================================
✔️ [01:20:59] Medición fase1_descarga_low_iter7 completada
[📦] Archivando resultados → ./historyexecutions/exp(01:21:04)_fase1_low_iter7
