========================================
🔬 EXPERIMENTO: 9 iteraciones por escenario
   Escenarios: 3
   Total ejecuciones: 27
   Inicio: 2026-02-24 21:14:21
========================================

########################################################
🔄 ESCENARIO: low | ITERACIÓN: 1 / 9
   Hora: 21:14:21
########################################################
========================================
🔋 FASE 1: Descarga de imágenes (low, iter 1)
========================================
📋 Capturando PIDs (gepidstea.sh)...
📋 Capturando PIDs de contenedores (kpsnodos.sh)...
🔋 [21:14:37] Iniciando medición de energía: fase1_descarga_low_iter1 (25s)
   PID de medición: 53109
🚀 Desplegando TeaStore desde https://raw.githubusercontent.com/DescartesResearch/TeaStore/master/examples/kubernetes/teastore-ribbon.yaml...
========================================
🔋 MEASURE ENERGY - Fase: fase1_descarga_low_iter1
   Duración: 25s
   PID: 53109
========================================
=== Medición bloque 25s - Fase: fase1_descarga_low_iter1 ===
[⏱ 21:14:37] Iniciando ecofloc en nitro5 por 25s (fase: fase1_descarga_low_iter1)
⏳ Esperando a que todos los pods de TeaStore estén Running y Ready...
  ├─ [nitro5:sd] start 21:14:37
  ├─ [nitro5:ram] start 21:14:38
  ├─ [nitro5:nic] start 21:14:38
[⏱ 21:14:39] Iniciando ecofloc en aspire por 25s (fase: fase1_descarga_low_iter1)
  ├─ [nitro5:cpu] start 21:14:39
  ├─ [aspire:sd] start 21:14:39
  ├─ [aspire:ram] start 21:14:39
  ├─ [aspire:nic] start 21:14:39
[⏱ 21:14:39] Iniciando ecofloc en scorpius por 25s (fase: fase1_descarga_low_iter1)
  ├─ [aspire:cpu] start 21:14:39
  ├─ [scorpius:sd] start 21:14:39
  ├─ [scorpius:ram] start 21:14:39
  ├─ [scorpius:nic] start 21:14:39
[⏱ 21:14:39] Iniciando ecofloc en leo por 25s (fase: fase1_descarga_low_iter1)
  ├─ [scorpius:cpu] start 21:14:39
  ├─ [leo:sd] start 21:14:39
  ├─ [leo:ram] start 21:14:39
  ├─ [leo:nic] start 21:14:39
  ├─ [leo:cpu] start 21:14:39
✅ Pods listos.
⏳ [21:14:46] Esperando que termine medición: fase1_descarga_low_iter1 (PID: 53109)
  └─ [nitro5:sd] end 21:15:02
  └─ [nitro5:ram] end 21:15:03
  └─ [nitro5:nic] end 21:15:03
  └─ [nitro5:cpu] end 21:15:04
  └─ [aspire:cpu] end 21:15:04
  └─ [aspire:sd] end 21:15:05
  └─ [scorpius:sd] end 21:15:05
  └─ [scorpius:cpu] end 21:15:05
  └─ [leo:cpu] end 21:15:05
  └─ [leo:sd] end 21:15:05
  └─ [aspire:nic] end 21:15:06
  └─ [aspire:ram] end 21:15:06
  └─ [leo:ram] end 21:15:06
  └─ [scorpius:nic] end 21:15:06
  └─ [scorpius:ram] end 21:15:06
  └─ [leo:nic] end 21:15:06
=== Bloque 25s terminado - Fase: fase1_descarga_low_iter1 ===
[🧹] Limpiando CSVs internos de ecofloc en cada nodo (fase: fase1_descarga_low_iter1)...
  ✔ [nitro5:cpu] limpiado /home/luish/Documents/p3/ecofloc2/ecofloc/ecofloc-cpu/ECOFLOC_CPU_COMM_text.csv
  ✔ [nitro5:nic] limpiado /home/luish/Documents/p3/ecofloc2/ecofloc/ecofloc-nic/ECOFLOC_NIC_COMM_text.csv
  ✔ [nitro5:ram] limpiado /home/luish/Documents/p3/ecofloc2/ecofloc/ecofloc-ram/ECOFLOC_RAM_COMM_text.csv
  ✔ [nitro5:sd] limpiado /home/luish/Documents/p3/ecofloc2/ecofloc/ecofloc-sd/ECOFLOC_SD_COMM_text.csv
  ✔ [leo:cpu] limpiado /home/leo/ecofloc/ecofloc-cpu/ECOFLOC_CPU_COMM_text.csv
  ✔ [leo:nic] limpiado /home/leo/ecofloc/ecofloc-nic/ECOFLOC_NIC_COMM_text.csv
  ✔ [leo:ram] limpiado /home/leo/ecofloc/ecofloc-ram/ECOFLOC_RAM_COMM_text.csv
  ✔ [leo:sd] limpiado /home/leo/ecofloc/ecofloc-sd/ECOFLOC_SD_COMM_text.csv
  ✔ [aspire:cpu] limpiado /home/luish/Documents/p3/ecofloc2/ecofloc/ecofloc-cpu/ECOFLOC_CPU_COMM_text.csv
  ✔ [aspire:nic] limpiado /home/luish/Documents/p3/ecofloc2/ecofloc/ecofloc-nic/ECOFLOC_NIC_COMM_text.csv
  ✔ [aspire:ram] limpiado /home/luish/Documents/p3/ecofloc2/ecofloc/ecofloc-ram/ECOFLOC_RAM_COMM_text.csv
  ✔ [aspire:sd] limpiado /home/luish/Documents/p3/ecofloc2/ecofloc/ecofloc-sd/ECOFLOC_SD_COMM_text.csv
  ✔ [scorpius:cpu] limpiado /home/scorpius03/Documents/ecofloc/ecofloc-cpu/ECOFLOC_CPU_COMM_text.csv
  ✔ [scorpius:nic] limpiado /home/scorpius03/Documents/ecofloc/ecofloc-nic/ECOFLOC_NIC_COMM_text.csv
  ✔ [scorpius:ram] limpiado /home/scorpius03/Documents/ecofloc/ecofloc-ram/ECOFLOC_RAM_COMM_text.csv
  ✔ [scorpius:sd] limpiado /home/scorpius03/Documents/ecofloc/ecofloc-sd/ECOFLOC_SD_COMM_text.csv
========================================
🔋 MEASURE ENERGY FINALIZADO
   Fase: fase1_descarga_low_iter1
========================================
✔️ [21:15:17] Medición fase1_descarga_low_iter1 completada
[📦] Archivando resultados → ./historyexecutions/exp(21:15:22)_fase1_low_iter1
[✔] Archivado: ./historyexecutions/exp(21:15:22)_fase1_low_iter1
========================================
🔋 FASE 2: Preparación de servicios (low, iter 1)
========================================
📋 Capturando PIDs (gepidstea.sh)...
📋 Capturando PIDs de contenedores (kpsnodos.sh)...
🔋 [21:15:38] Iniciando medición de energía: fase2_preparacion_low_iter1 (50s)
   PID de medición: 123694
========================================
🔋 MEASURE ENERGY - Fase: fase2_preparacion_low_iter1
   Duración: 50s
   PID: 123694
========================================
=== Medición bloque 50s - Fase: fase2_preparacion_low_iter1 ===
[⏱ 21:15:38] Iniciando ecofloc en nitro5 por 50s (fase: fase2_preparacion_low_iter1)
⏳ Esperando 10s a que CoreDNS se estabilice...
  ├─ [nitro5:sd] start 21:15:38
  ├─ [nitro5:ram] start 21:15:38
  ├─ [nitro5:nic] start 21:15:39
[⏱ 21:15:39] Iniciando ecofloc en aspire por 50s (fase: fase2_preparacion_low_iter1)
  ├─ [nitro5:cpu] start 21:15:39
  ├─ [aspire:sd] start 21:15:39
  ├─ [aspire:ram] start 21:15:39
  ├─ [aspire:nic] start 21:15:39
[⏱ 21:15:39] Iniciando ecofloc en scorpius por 50s (fase: fase2_preparacion_low_iter1)
  ├─ [aspire:cpu] start 21:15:39
  ├─ [scorpius:sd] start 21:15:39
  ├─ [scorpius:ram] start 21:15:39
[⏱ 21:15:39] Iniciando ecofloc en leo por 50s (fase: fase2_preparacion_low_iter1)
  ├─ [scorpius:nic] start 21:15:39
  ├─ [scorpius:cpu] start 21:15:39
  ├─ [leo:ram] start 21:15:39
  ├─ [leo:cpu] start 21:15:39
  ├─ [leo:nic] start 21:15:39
  ├─ [leo:sd] start 21:15:39
➡️ Pod WebUI: teastore-webui-558b54cc77-t7rct
➡️ Está en el nodo: leo02
🌐 IP del nodo WebUI: 192.168.18.36
⏳ Verificando estado del TeaStore en http://192.168.18.36:30080/tools.descartes.teastore.webui/status ...
   ➤ Estado actual: 2 / 5 servicios OK
❌ TeaStore aún no está listo. Reintentando en 10s...
   ➤ Estado actual: 2 / 5 servicios OK
❌ TeaStore aún no está listo. Reintentando en 10s...
   ➤ Estado actual: 2 / 5 servicios OK
❌ TeaStore aún no está listo. Reintentando en 10s...
   ➤ Estado actual: 2 / 5 servicios OK
❌ TeaStore aún no está listo. Reintentando en 10s...
/home/luish/Documents/death/teastore/TeaStore/examples/httploadgenerator/measure_energy.sh: line 104: 123773 Segmentation fault      timeout $((real_duration+5)) sudo "$path/ecofloc-$comp/ecofloc-$comp.out" -n text -i $ECO_INTERVAL -t $real_duration -f "$path/ecofloc-$comp/" > "$tmpfile" 2> /dev/null
  └─ [nitro5:ram] end 21:16:28
  └─ [nitro5:nic] end 21:16:29
  └─ [nitro5:cpu] end 21:16:29
  └─ [leo:cpu] end 21:16:30
  └─ [leo:sd] end 21:16:30
  └─ [aspire:sd] end 21:16:30
  └─ [aspire:cpu] end 21:16:31
  └─ [aspire:nic] end 21:16:31
  └─ [scorpius:cpu] end 21:16:31
  └─ [scorpius:sd] end 21:16:31
  └─ [aspire:ram] end 21:16:31
  └─ [leo:nic] end 21:16:31
  └─ [leo:ram] end 21:16:31
  └─ [scorpius:nic] end 21:16:32
  └─ [scorpius:ram] end 21:16:32
=== Bloque 50s terminado - Fase: fase2_preparacion_low_iter1 ===
[🧹] Limpiando CSVs internos de ecofloc en cada nodo (fase: fase2_preparacion_low_iter1)...
  ✔ [nitro5:cpu] limpiado /home/luish/Documents/p3/ecofloc2/ecofloc/ecofloc-cpu/ECOFLOC_CPU_COMM_text.csv
  ✔ [nitro5:nic] limpiado /home/luish/Documents/p3/ecofloc2/ecofloc/ecofloc-nic/ECOFLOC_NIC_COMM_text.csv
  ✔ [nitro5:ram] limpiado /home/luish/Documents/p3/ecofloc2/ecofloc/ecofloc-ram/ECOFLOC_RAM_COMM_text.csv
  ✔ [nitro5:sd] limpiado /home/luish/Documents/p3/ecofloc2/ecofloc/ecofloc-sd/ECOFLOC_SD_COMM_text.csv
  ✔ [leo:cpu] limpiado /home/leo/ecofloc/ecofloc-cpu/ECOFLOC_CPU_COMM_text.csv
  ✔ [leo:nic] limpiado /home/leo/ecofloc/ecofloc-nic/ECOFLOC_NIC_COMM_text.csv
  ✔ [leo:ram] limpiado /home/leo/ecofloc/ecofloc-ram/ECOFLOC_RAM_COMM_text.csv
  ✔ [leo:sd] limpiado /home/leo/ecofloc/ecofloc-sd/ECOFLOC_SD_COMM_text.csv
  ✔ [aspire:cpu] limpiado /home/luish/Documents/p3/ecofloc2/ecofloc/ecofloc-cpu/ECOFLOC_CPU_COMM_text.csv
   ➤ Estado actual: 2 / 5 servicios OK
❌ TeaStore aún no está listo. Reintentando en 10s...
  ✔ [aspire:nic] limpiado /home/luish/Documents/p3/ecofloc2/ecofloc/ecofloc-nic/ECOFLOC_NIC_COMM_text.csv
  ✔ [aspire:ram] limpiado /home/luish/Documents/p3/ecofloc2/ecofloc/ecofloc-ram/ECOFLOC_RAM_COMM_text.csv
  ✔ [aspire:sd] limpiado /home/luish/Documents/p3/ecofloc2/ecofloc/ecofloc-sd/ECOFLOC_SD_COMM_text.csv
  ✔ [scorpius:cpu] limpiado /home/scorpius03/Documents/ecofloc/ecofloc-cpu/ECOFLOC_CPU_COMM_text.csv
  ✔ [scorpius:nic] limpiado /home/scorpius03/Documents/ecofloc/ecofloc-nic/ECOFLOC_NIC_COMM_text.csv
  ✔ [scorpius:ram] limpiado /home/scorpius03/Documents/ecofloc/ecofloc-ram/ECOFLOC_RAM_COMM_text.csv
  ✔ [scorpius:sd] limpiado /home/scorpius03/Documents/ecofloc/ecofloc-sd/ECOFLOC_SD_COMM_text.csv
========================================
🔋 MEASURE ENERGY FINALIZADO
   Fase: fase2_preparacion_low_iter1
========================================
   ➤ Estado actual: 2 / 5 servicios OK
❌ TeaStore aún no está listo. Reintentando en 10s...
   ➤ Estado actual: 2 / 5 servicios OK
❌ TeaStore aún no está listo. Reintentando en 10s...
   ➤ Estado actual: 2 / 5 servicios OK
❌ TeaStore aún no está listo. Reintentando en 10s...
   ➤ Estado actual: 3 / 5 servicios OK
❌ TeaStore aún no está listo. Reintentando en 10s...
   ➤ Estado actual: 5 / 5 servicios OK
✔ TODOS los servicios del TeaStore están OK. Continuando...
⏳ [21:17:26] Esperando que termine medición: fase2_preparacion_low_iter1 (PID: 123694)
✔️ [21:17:26] Medición fase2_preparacion_low_iter1 completada
[📦] Archivando resultados → ./historyexecutions/exp(21:17:31)_fase2_low_iter1
[✔] Archivado: ./historyexecutions/exp(21:17:31)_fase2_low_iter1
========================================
🔋 FASE 3: Ejecución de carga (low, iter 1)
========================================
📋 Capturando PIDs (gepidstea.sh)...
📋 Capturando PIDs de contenedores (kpsnodos.sh)...
🔋 [21:17:47] Iniciando medición de energía: fase3_carga_low_iter1 (145s)
   PID de medición: 258650
=== Escenario low (iter 1) ===
========================================
🔋 MEASURE ENERGY - Fase: fase3_carga_low_iter1
   Duración: 145s
   PID: 258650
========================================
=== Medición bloque 145s - Fase: fase3_carga_low_iter1 ===
🚀 Iniciando LIMBO con profile=/home/luish/Documents/death/teastore/TeaStore/examples/httploadgenerator/increasingLowIntensity.csv y script=/home/luish/Documents/death/teastore/TeaStore/examples/httploadgenerator/teastore_buy.lua
[⏱ 21:17:47] Iniciando ecofloc en nitro5 por 145s (fase: fase3_carga_low_iter1)
Feb 24, 2026 9:17:47 PM tools.descartes.dlim.httploadgenerator.runner.Director executeDirector
WARNING: No power measurements
Feb 24, 2026 9:17:47 PM tools.descartes.dlim.httploadgenerator.runner.Director executeDirector
INFO: Load Generator Thread Count set to 64
Feb 24, 2026 9:17:47 PM tools.descartes.dlim.httploadgenerator.runner.Director executeDirector
INFO: URL connection timout set to 30000 ms
Feb 24, 2026 9:17:47 PM tools.descartes.dlim.httploadgenerator.runner.Director executeDirector
INFO: Using Lua Script: /home/luish/Documents/death/teastore/TeaStore/examples/httploadgenerator/teastore_buy.lua
Feb 24, 2026 9:17:47 PM tools.descartes.dlim.httploadgenerator.runner.Director process
INFO: Read 120 Arrival Rate Tuples
Load Generator sent: ok
Feb 24, 2026 9:17:47 PM tools.descartes.dlim.httploadgenerator.runner.Director process
INFO: Arrival Rates sent to Load Generator(s).
Load Generator sent: ok
Feb 24, 2026 9:17:47 PM tools.descartes.dlim.httploadgenerator.runner.Director process
INFO: Thread Count sent to Load Generator(s): 64
Load Generator sent: ok
Feb 24, 2026 9:17:47 PM tools.descartes.dlim.httploadgenerator.runner.Director process
INFO: URL connection timeout sent to Load Generator(s): 30000
Load Generator sent: ok
Feb 24, 2026 9:17:47 PM tools.descartes.dlim.httploadgenerator.runner.Director process
INFO: Contents of script sent to Load Generator: /home/luish/Documents/death/teastore/TeaStore/examples/httploadgenerator/teastore_buy.lua
Feb 24, 2026 9:17:47 PM tools.descartes.dlim.httploadgenerator.runner.Director process
INFO: Starting Load Generation
Beginning Run @1771985867787(24.02.2026;21:17:47787)
  ├─ [nitro5:sd] start 21:17:48
Target Time = 0.5; Load Intensity = 0.0; #Success = 0; #Failed = 0; #Dropped = 0
  ├─ [nitro5:ram] start 21:17:48
  ├─ [nitro5:nic] start 21:17:48
[⏱ 21:17:49] Iniciando ecofloc en aspire por 145s (fase: fase3_carga_low_iter1)
  ├─ [nitro5:cpu] start 21:17:49
  ├─ [aspire:sd] start 21:17:49
  ├─ [aspire:ram] start 21:17:49
[⏱ 21:17:49] Iniciando ecofloc en scorpius por 145s (fase: fase3_carga_low_iter1)
  ├─ [aspire:nic] start 21:17:49
  ├─ [aspire:cpu] start 21:17:49
  ├─ [scorpius:sd] start 21:17:49
  ├─ [scorpius:ram] start 21:17:49
  ├─ [scorpius:nic] start 21:17:49
[⏱ 21:17:49] Iniciando ecofloc en leo por 145s (fase: fase3_carga_low_iter1)
  ├─ [scorpius:cpu] start 21:17:49
  ├─ [leo:sd] start 21:17:49
  ├─ [leo:ram] start 21:17:49
  ├─ [leo:nic] start 21:17:49
  ├─ [leo:cpu] start 21:17:49
Target Time = 1.5; Load Intensity = 1.0; #Success = 0; #Failed = 0; #Dropped = 0
Target Time = 2.5; Load Intensity = 2.0; #Success = 0; #Failed = 0; #Dropped = 0
Target Time = 3.5; Load Intensity = 2.0; #Success = 0; #Failed = 0; #Dropped = 0
Target Time = 4.5; Load Intensity = 3.0; #Success = 8; #Failed = 0; #Dropped = 0
Target Time = 5.5; Load Intensity = 4.0; #Success = 4; #Failed = 0; #Dropped = 0
Target Time = 6.5; Load Intensity = 5.0; #Success = 4; #Failed = 0; #Dropped = 0
Target Time = 7.5; Load Intensity = 6.0; #Success = 7; #Failed = 0; #Dropped = 0
Target Time = 8.5; Load Intensity = 7.0; #Success = 2; #Failed = 0; #Dropped = 0
Target Time = 9.5; Load Intensity = 7.0; #Success = 5; #Failed = 0; #Dropped = 0
Target Time = 10.5; Load Intensity = 8.0; #Success = 0; #Failed = 0; #Dropped = 0
Target Time = 11.5; Load Intensity = 9.0; #Success = 3; #Failed = 0; #Dropped = 0
Target Time = 12.5; Load Intensity = 10.0; #Success = 4; #Failed = 0; #Dropped = 0
Target Time = 13.5; Load Intensity = 11.0; #Success = 5; #Failed = 0; #Dropped = 0
Target Time = 14.5; Load Intensity = 12.0; #Success = 7; #Failed = 0; #Dropped = 0
Target Time = 15.5; Load Intensity = 12.0; #Success = 1; #Failed = 0; #Dropped = 0
Target Time = 16.5; Load Intensity = 13.0; #Success = 13; #Failed = 0; #Dropped = 0
Target Time = 17.5; Load Intensity = 14.0; #Success = 0; #Failed = 0; #Dropped = 0
Target Time = 18.5; Load Intensity = 15.0; #Success = 0; #Failed = 0; #Dropped = 0
Target Time = 19.5; Load Intensity = 16.0; #Success = 0; #Failed = 0; #Dropped = 0
Target Time = 20.5; Load Intensity = 17.0; #Success = 0; #Failed = 0; #Dropped = 0
Target Time = 21.5; Load Intensity = 17.0; #Success = 0; #Failed = 0; #Dropped = 0
Target Time = 22.5; Load Intensity = 18.0; #Success = 0; #Failed = 0; #Dropped = 0
Target Time = 23.5; Load Intensity = 19.0; #Success = 2; #Failed = 3; #Dropped = 0
Target Time = 24.5; Load Intensity = 20.0; #Success = 0; #Failed = 10; #Dropped = 0
Target Time = 25.5; Load Intensity = 21.0; #Success = 3; #Failed = 6; #Dropped = 0
Target Time = 26.5; Load Intensity = 22.0; #Success = 1; #Failed = 0; #Dropped = 0
Target Time = 27.5; Load Intensity = 22.0; #Success = 0; #Failed = 0; #Dropped = 0
Target Time = 28.5; Load Intensity = 23.0; #Success = 1; #Failed = 8; #Dropped = 0
Target Time = 29.5; Load Intensity = 24.0; #Success = 6; #Failed = 9; #Dropped = 0
Target Time = 30.5; Load Intensity = 25.0; #Success = 3; #Failed = 0; #Dropped = 0
Target Time = 31.5; Load Intensity = 26.0; #Success = 3; #Failed = 0; #Dropped = 0
Target Time = 32.5; Load Intensity = 27.0; #Success = 3; #Failed = 0; #Dropped = 0
Target Time = 33.5; Load Intensity = 27.0; #Success = 1; #Failed = 0; #Dropped = 0
Target Time = 34.5; Load Intensity = 28.0; #Success = 5; #Failed = 0; #Dropped = 0
Target Time = 35.5; Load Intensity = 29.0; #Success = 5; #Failed = 0; #Dropped = 0
Target Time = 36.5; Load Intensity = 30.0; #Success = 2; #Failed = 0; #Dropped = 0
Target Time = 37.5; Load Intensity = 31.0; #Success = 7; #Failed = 0; #Dropped = 0
Target Time = 38.5; Load Intensity = 32.0; #Success = 23; #Failed = 0; #Dropped = 0
Target Time = 39.5; Load Intensity = 32.0; #Success = 6; #Failed = 0; #Dropped = 0
Target Time = 40.5; Load Intensity = 33.0; #Success = 17; #Failed = 0; #Dropped = 0
Target Time = 41.5; Load Intensity = 34.0; #Success = 6; #Failed = 0; #Dropped = 0
Target Time = 42.5; Load Intensity = 35.0; #Success = 19; #Failed = 0; #Dropped = 0
Target Time = 43.5; Load Intensity = 36.0; #Success = 2; #Failed = 0; #Dropped = 0
Target Time = 44.5; Load Intensity = 37.0; #Success = 6; #Failed = 0; #Dropped = 0
Target Time = 45.5; Load Intensity = 37.0; #Success = 7; #Failed = 2; #Dropped = 0
Target Time = 46.5; Load Intensity = 38.0; #Success = 1; #Failed = 0; #Dropped = 0
Target Time = 47.5; Load Intensity = 39.0; #Success = 0; #Failed = 0; #Dropped = 0
Target Time = 48.5; Load Intensity = 40.0; #Success = 0; #Failed = 0; #Dropped = 0
Target Time = 49.5; Load Intensity = 41.0; #Success = 0; #Failed = 1; #Dropped = 0
Target Time = 50.5; Load Intensity = 42.0; #Success = 0; #Failed = 1; #Dropped = 0
Target Time = 51.5; Load Intensity = 42.0; #Success = 0; #Failed = 0; #Dropped = 0
Target Time = 52.5; Load Intensity = 43.0; #Success = 0; #Failed = 2; #Dropped = 0
Target Time = 53.5; Load Intensity = 44.0; #Success = 0; #Failed = 2; #Dropped = 0
Target Time = 54.5; Load Intensity = 45.0; #Success = 0; #Failed = 4; #Dropped = 0
Target Time = 55.5; Load Intensity = 46.0; #Success = 0; #Failed = 0; #Dropped = 0
Target Time = 56.5; Load Intensity = 47.0; #Success = 0; #Failed = 0; #Dropped = 0
Target Time = 57.5; Load Intensity = 47.0; #Success = 0; #Failed = 1; #Dropped = 0
Target Time = 58.5; Load Intensity = 48.0; #Success = 0; #Failed = 1; #Dropped = 12
Target Time = 59.5; Load Intensity = 49.0; #Success = 0; #Failed = 0; #Dropped = 0
Target Time = 60.5; Load Intensity = 50.0; #Success = 0; #Failed = 0; #Dropped = 0
Target Time = 61.5; Load Intensity = 51.0; #Success = 0; #Failed = 2; #Dropped = 93
Target Time = 62.5; Load Intensity = 52.0; #Success = 0; #Failed = 4; #Dropped = 18
Target Time = 63.5; Load Intensity = 52.0; #Success = 0; #Failed = 3; #Dropped = 4
Target Time = 64.5; Load Intensity = 53.0; #Success = 0; #Failed = 0; #Dropped = 0
Target Time = 65.5; Load Intensity = 54.0; #Success = 0; #Failed = 0; #Dropped = 0
Target Time = 66.5; Load Intensity = 55.0; #Success = 0; #Failed = 0; #Dropped = 0
Target Time = 67.5; Load Intensity = 56.0; #Success = 0; #Failed = 0; #Dropped = 0
Target Time = 68.5; Load Intensity = 57.0; #Success = 0; #Failed = 0; #Dropped = 0
Target Time = 69.5; Load Intensity = 57.0; #Success = 5; #Failed = 0; #Dropped = 197
Target Time = 70.5; Load Intensity = 58.0; #Success = 14; #Failed = 0; #Dropped = 22
Target Time = 71.5; Load Intensity = 59.0; #Success = 6; #Failed = 0; #Dropped = 27
Target Time = 72.5; Load Intensity = 60.0; #Success = 7; #Failed = 4; #Dropped = 26
Target Time = 73.5; Load Intensity = 61.0; #Success = 0; #Failed = 7; #Dropped = 14
Target Time = 74.5; Load Intensity = 62.0; #Success = 0; #Failed = 2; #Dropped = 23
Target Time = 75.5; Load Intensity = 62.0; #Success = 0; #Failed = 0; #Dropped = 0
Target Time = 76.5; Load Intensity = 63.0; #Success = 0; #Failed = 0; #Dropped = 0
Target Time = 77.5; Load Intensity = 64.0; #Success = 0; #Failed = 2; #Dropped = 139
Target Time = 78.5; Load Intensity = 65.0; #Success = 0; #Failed = 21; #Dropped = 20
Target Time = 79.5; Load Intensity = 66.0; #Success = 0; #Failed = 0; #Dropped = 0
Target Time = 80.5; Load Intensity = 67.0; #Success = 0; #Failed = 3; #Dropped = 52
Target Time = 81.5; Load Intensity = 67.0; #Success = 0; #Failed = 18; #Dropped = 56
Target Time = 82.5; Load Intensity = 68.0; #Success = 0; #Failed = 4; #Dropped = 30
Target Time = 83.5; Load Intensity = 69.0; #Success = 0; #Failed = 22; #Dropped = 26
Target Time = 84.5; Load Intensity = 70.0; #Success = 0; #Failed = 39; #Dropped = 5
Target Time = 85.5; Load Intensity = 71.0; #Success = 0; #Failed = 0; #Dropped = 0
Target Time = 86.5; Load Intensity = 72.0; #Success = 0; #Failed = 0; #Dropped = 0
Target Time = 87.5; Load Intensity = 72.0; #Success = 0; #Failed = 0; #Dropped = 0
Target Time = 88.5; Load Intensity = 73.0; #Success = 0; #Failed = 0; #Dropped = 0
Target Time = 89.5; Load Intensity = 74.0; #Success = 0; #Failed = 0; #Dropped = 0
Target Time = 90.5; Load Intensity = 75.0; #Success = 0; #Failed = 0; #Dropped = 0
Target Time = 91.5; Load Intensity = 76.0; #Success = 0; #Failed = 0; #Dropped = 0
Target Time = 92.5; Load Intensity = 77.0; #Success = 0; #Failed = 0; #Dropped = 0
Target Time = 93.5; Load Intensity = 77.0; #Success = 0; #Failed = 0; #Dropped = 0
Target Time = 94.5; Load Intensity = 78.0; #Success = 0; #Failed = 0; #Dropped = 0
Target Time = 95.5; Load Intensity = 79.0; #Success = 0; #Failed = 0; #Dropped = 0
Target Time = 96.5; Load Intensity = 80.0; #Success = 0; #Failed = 0; #Dropped = 0
Target Time = 97.5; Load Intensity = 81.0; #Success = 0; #Failed = 0; #Dropped = 0
Target Time = 98.5; Load Intensity = 82.0; #Success = 0; #Failed = 0; #Dropped = 0
Target Time = 99.5; Load Intensity = 82.0; #Success = 0; #Failed = 0; #Dropped = 0
Target Time = 100.5; Load Intensity = 83.0; #Success = 0; #Failed = 0; #Dropped = 0
Target Time = 101.5; Load Intensity = 84.0; #Success = 0; #Failed = 0; #Dropped = 0
Target Time = 102.5; Load Intensity = 85.0; #Success = 0; #Failed = 0; #Dropped = 0
Target Time = 103.5; Load Intensity = 86.0; #Success = 0; #Failed = 0; #Dropped = 0
Target Time = 104.5; Load Intensity = 87.0; #Success = 0; #Failed = 0; #Dropped = 0
Target Time = 105.5; Load Intensity = 87.0; #Success = 0; #Failed = 51; #Dropped = 1102
Target Time = 106.5; Load Intensity = 88.0; #Success = 0; #Failed = 23; #Dropped = 24
Target Time = 107.5; Load Intensity = 89.0; #Success = 0; #Failed = 21; #Dropped = 35
Target Time = 108.5; Load Intensity = 90.0; #Success = 0; #Failed = 1; #Dropped = 39
Target Time = 109.5; Load Intensity = 91.0; #Success = 0; #Failed = 16; #Dropped = 79
Target Time = 110.5; Load Intensity = 92.0; #Success = 0; #Failed = 52; #Dropped = 32
Target Time = 111.5; Load Intensity = 92.0; #Success = 0; #Failed = 30; #Dropped = 38
Target Time = 112.5; Load Intensity = 93.0; #Success = 0; #Failed = 18; #Dropped = 0
Target Time = 113.5; Load Intensity = 94.0; #Success = 0; #Failed = 2; #Dropped = 93
Target Time = 114.5; Load Intensity = 95.0; #Success = 0; #Failed = 3; #Dropped = 57
Target Time = 115.5; Load Intensity = 96.0; #Success = 0; #Failed = 20; #Dropped = 80
Target Time = 116.5; Load Intensity = 97.0; #Success = 0; #Failed = 21; #Dropped = 13
Target Time = 117.5; Load Intensity = 97.0; #Success = 0; #Failed = 25; #Dropped = 76
Target Time = 118.5; Load Intensity = 98.0; #Success = 0; #Failed = 7; #Dropped = 66
Target Time = 119.5; Load Intensity = 99.0; #Success = 0; #Failed = 4; #Dropped = 27
Target Time = 120.5; Load Intensity = 0.0; #Success = 0; #Failed = 1; #Dropped = 113
Target Time = 121.5; Load Intensity = 0.0; #Success = 0; #Failed = 11; #Dropped = 51
Target Time = 122.5; Load Intensity = 0.0; #Success = 0; #Failed = 0; #Dropped = 0
Target Time = 123.5; Load Intensity = 0.0; #Success = 0; #Failed = 5; #Dropped = 133
Target Time = 124.5; Load Intensity = 0.0; #Success = 0; #Failed = 3; #Dropped = 119
Target Time = 125.5; Load Intensity = 0.0; #Success = 0; #Failed = 43; #Dropped = 42
Target Time = 126.5; Load Intensity = 0.0; #Success = 0; #Failed = 19; #Dropped = 30
Target Time = 127.5; Load Intensity = 0.0; #Success = 0; #Failed = 3; #Dropped = 86
Target Time = 128.5; Load Intensity = 0.0; #Success = 0; #Failed = 2; #Dropped = 49
Target Time = 129.5; Load Intensity = 0.0; #Success = 0; #Failed = 53; #Dropped = 66
Target Time = 130.5; Load Intensity = 0.0; #Success = 0; #Failed = 50; #Dropped = 36
Target Time = 131.5; Load Intensity = 0.0; #Success = 0; #Failed = 10; #Dropped = 67
Target Time = 132.5; Load Intensity = 0.0; #Success = 0; #Failed = 6; #Dropped = 80
Target Time = 133.5; Load Intensity = 0.0; #Success = 0; #Failed = 9; #Dropped = 83
Target Time = 134.5; Load Intensity = 0.0; #Success = 0; #Failed = 3; #Dropped = 31
Target Time = 135.5; Load Intensity = 0.0; #Success = 0; #Failed = 22; #Dropped = 121
Target Time = 136.5; Load Intensity = 0.0; #Success = 0; #Failed = 0; #Dropped = 0
Target Time = 137.5; Load Intensity = 0.0; #Success = 0; #Failed = 0; #Dropped = 0
Target Time = 138.5; Load Intensity = 0.0; #Success = 0; #Failed = 4; #Dropped = 267
Target Time = 139.5; Load Intensity = 0.0; #Success = 0; #Failed = 21; #Dropped = 61
Target Time = 140.5; Load Intensity = 0.0; #Success = 0; #Failed = 56; #Dropped = 36
Target Time = 141.5; Load Intensity = 0.0; #Success = 0; #Failed = 7; #Dropped = 81
Target Time = 142.5; Load Intensity = 0.0; #Success = 0; #Failed = 24; #Dropped = 81
Target Time = 143.5; Load Intensity = 0.0; #Success = 0; #Failed = 36; #Dropped = 48
Target Time = 144.5; Load Intensity = 0.0; #Success = 0; #Failed = 6; #Dropped = 79
  └─ [nitro5:sd] end 21:20:13
  └─ [nitro5:ram] end 21:20:13
Target Time = 145.5; Load Intensity = 0.0; #Success = 0; #Failed = 2; #Dropped = 19
  └─ [nitro5:nic] end 21:20:13
  └─ [nitro5:cpu] end 21:20:14
Target Time = 146.5; Load Intensity = 0.0; #Success = 0; #Failed = 0; #Dropped = 0
Target Time = 147.5; Load Intensity = 0.0; #Success = 0; #Failed = 16; #Dropped = 260
Target Time = 148.5; Load Intensity = 0.0; #Success = 0; #Failed = 21; #Dropped = 70
Target Time = 149.5; Load Intensity = 0.0; #Success = 0; #Failed = 4; #Dropped = 89
Target Time = 150.5; Load Intensity = 0.0; #Success = 0; #Failed = 7; #Dropped = 17
Target Time = 151.5; Load Intensity = 0.0; #Success = 0; #Failed = 15; #Dropped = 0
Target Time = 152.5; Load Intensity = 0.0; #Success = 0; #Failed = 13; #Dropped = 0
Target Time = 153.5; Load Intensity = 0.0; #Success = 0; #Failed = 15; #Dropped = 0
Target Time = 154.5; Load Intensity = 0.0; #Success = 0; #Failed = 3; #Dropped = 0
Target Time = 155.5; Load Intensity = 0.0; #Success = 0; #Failed = 10; #Dropped = 0
Target Time = 156.5; Load Intensity = 0.0; #Success = 0; #Failed = 1; #Dropped = 0
  └─ [leo:nic] end 21:20:24
  └─ [scorpius:nic] end 21:20:25
  └─ [leo:cpu] end 21:20:26
  └─ [leo:ram] end 21:20:27
  └─ [leo:sd] end 21:20:27
  └─ [aspire:sd] end 21:20:28
Workload finished.
Log finished.
📄 LIMBO finalizado para scenario=low
⏳ [21:20:29] Esperando que termine medición: fase3_carga_low_iter1 (PID: 258650)
  └─ [aspire:cpu] end 21:20:30
  └─ [aspire:ram] end 21:20:30
  └─ [scorpius:sd] end 21:20:32
  └─ [scorpius:ram] end 21:20:34
  └─ [aspire:nic] end 21:20:35
  └─ [scorpius:cpu] end 21:20:35
=== Bloque 145s terminado - Fase: fase3_carga_low_iter1 ===
[🧹] Limpiando CSVs internos de ecofloc en cada nodo (fase: fase3_carga_low_iter1)...
  ✔ [nitro5:cpu] limpiado /home/luish/Documents/p3/ecofloc2/ecofloc/ecofloc-cpu/ECOFLOC_CPU_COMM_text.csv
  ✔ [nitro5:nic] limpiado /home/luish/Documents/p3/ecofloc2/ecofloc/ecofloc-nic/ECOFLOC_NIC_COMM_text.csv
  ✔ [nitro5:ram] limpiado /home/luish/Documents/p3/ecofloc2/ecofloc/ecofloc-ram/ECOFLOC_RAM_COMM_text.csv
  ✔ [nitro5:sd] limpiado /home/luish/Documents/p3/ecofloc2/ecofloc/ecofloc-sd/ECOFLOC_SD_COMM_text.csv
  ✔ [leo:cpu] limpiado /home/leo/ecofloc/ecofloc-cpu/ECOFLOC_CPU_COMM_text.csv
  ✔ [leo:nic] limpiado /home/leo/ecofloc/ecofloc-nic/ECOFLOC_NIC_COMM_text.csv
  ✔ [leo:ram] limpiado /home/leo/ecofloc/ecofloc-ram/ECOFLOC_RAM_COMM_text.csv
  ✔ [leo:sd] limpiado /home/leo/ecofloc/ecofloc-sd/ECOFLOC_SD_COMM_text.csv
  ✔ [aspire:cpu] limpiado /home/luish/Documents/p3/ecofloc2/ecofloc/ecofloc-cpu/ECOFLOC_CPU_COMM_text.csv
  ✔ [aspire:nic] limpiado /home/luish/Documents/p3/ecofloc2/ecofloc/ecofloc-nic/ECOFLOC_NIC_COMM_text.csv
  ✔ [aspire:ram] limpiado /home/luish/Documents/p3/ecofloc2/ecofloc/ecofloc-ram/ECOFLOC_RAM_COMM_text.csv
  ✔ [aspire:sd] limpiado /home/luish/Documents/p3/ecofloc2/ecofloc/ecofloc-sd/ECOFLOC_SD_COMM_text.csv
  ✔ [scorpius:cpu] limpiado /home/scorpius03/Documents/ecofloc/ecofloc-cpu/ECOFLOC_CPU_COMM_text.csv
  ✔ [scorpius:nic] limpiado /home/scorpius03/Documents/ecofloc/ecofloc-nic/ECOFLOC_NIC_COMM_text.csv
  ✔ [scorpius:ram] limpiado /home/scorpius03/Documents/ecofloc/ecofloc-ram/ECOFLOC_RAM_COMM_text.csv
  ✔ [scorpius:sd] limpiado /home/scorpius03/Documents/ecofloc/ecofloc-sd/ECOFLOC_SD_COMM_text.csv
========================================
🔋 MEASURE ENERGY FINALIZADO
   Fase: fase3_carga_low_iter1
========================================
✔️ [21:20:40] Medición fase3_carga_low_iter1 completada
[📦] Archivando resultados → ./historyexecutions/exp(21:20:45)_fase3_low_iter1
[✔] Archivado: ./historyexecutions/exp(21:20:45)_fase3_low_iter1
🧹 Limpiando TeaStore (iter 1)...
⏸ Esperando 15s para limpieza completa...
✅ Iteración 1 / 9 del escenario low completada.

########################################################
🔄 ESCENARIO: low | ITERACIÓN: 2 / 9
   Hora: 21:21:56
########################################################
========================================
🔋 FASE 1: Descarga de imágenes (low, iter 2)
========================================
📋 Capturando PIDs (gepidstea.sh)...
📋 Capturando PIDs de contenedores (kpsnodos.sh)...
🔋 [21:22:18] Iniciando medición de energía: fase1_descarga_low_iter2 (25s)
   PID de medición: 623352
🚀 Desplegando TeaStore desde https://raw.githubusercontent.com/DescartesResearch/TeaStore/master/examples/kubernetes/teastore-ribbon.yaml...
========================================
🔋 MEASURE ENERGY - Fase: fase1_descarga_low_iter2
   Duración: 25s
   PID: 623352
========================================
=== Medición bloque 25s - Fase: fase1_descarga_low_iter2 ===
[⏱ 21:22:18] Iniciando ecofloc en nitro5 por 25s (fase: fase1_descarga_low_iter2)
  ├─ [nitro5:sd] start 21:22:19
  ├─ [nitro5:ram] start 21:22:19
  ├─ [nitro5:nic] start 21:22:20
[⏱ 21:22:20] Iniciando ecofloc en aspire por 25s (fase: fase1_descarga_low_iter2)
  ├─ [nitro5:cpu] start 21:22:20
  ├─ [aspire:sd] start 21:22:20
  ├─ [aspire:ram] start 21:22:20
[⏱ 21:22:20] Iniciando ecofloc en scorpius por 25s (fase: fase1_descarga_low_iter2)
  ├─ [aspire:nic] start 21:22:20
  ├─ [aspire:cpu] start 21:22:20
  ├─ [scorpius:sd] start 21:22:20
  ├─ [scorpius:ram] start 21:22:20
[⏱ 21:22:20] Iniciando ecofloc en leo por 25s (fase: fase1_descarga_low_iter2)
  ├─ [scorpius:nic] start 21:22:20
  ├─ [scorpius:cpu] start 21:22:20
  ├─ [leo:sd] start 21:22:20
  ├─ [leo:ram] start 21:22:20
  ├─ [leo:nic] start 21:22:20
  ├─ [leo:cpu] start 21:22:20
⏳ Esperando a que todos los pods de TeaStore estén Running y Ready...
✅ Pods listos.
⏳ [21:22:33] Esperando que termine medición: fase1_descarga_low_iter2 (PID: 623352)
  └─ [nitro5:sd] end 21:22:44
  └─ [nitro5:ram] end 21:22:44
  └─ [nitro5:nic] end 21:22:45
  └─ [nitro5:cpu] end 21:22:45
  └─ [leo:sd] end 21:22:46
  └─ [leo:cpu] end 21:22:46
  └─ [scorpius:sd] end 21:22:46
  └─ [scorpius:cpu] end 21:22:46
  └─ [aspire:cpu] end 21:22:46
  └─ [aspire:sd] end 21:22:46
  └─ [scorpius:nic] end 21:22:47
  └─ [leo:nic] end 21:22:47
  └─ [aspire:nic] end 21:22:47
  └─ [aspire:ram] end 21:22:47
  └─ [leo:ram] end 21:22:47
  └─ [scorpius:ram] end 21:22:48
=== Bloque 25s terminado - Fase: fase1_descarga_low_iter2 ===
[🧹] Limpiando CSVs internos de ecofloc en cada nodo (fase: fase1_descarga_low_iter2)...
  ✔ [nitro5:cpu] limpiado /home/luish/Documents/p3/ecofloc2/ecofloc/ecofloc-cpu/ECOFLOC_CPU_COMM_text.csv
  ✔ [nitro5:nic] limpiado /home/luish/Documents/p3/ecofloc2/ecofloc/ecofloc-nic/ECOFLOC_NIC_COMM_text.csv
  ✔ [nitro5:ram] limpiado /home/luish/Documents/p3/ecofloc2/ecofloc/ecofloc-ram/ECOFLOC_RAM_COMM_text.csv
  ✔ [nitro5:sd] limpiado /home/luish/Documents/p3/ecofloc2/ecofloc/ecofloc-sd/ECOFLOC_SD_COMM_text.csv
  ✔ [leo:cpu] limpiado /home/leo/ecofloc/ecofloc-cpu/ECOFLOC_CPU_COMM_text.csv
  ✔ [leo:nic] limpiado /home/leo/ecofloc/ecofloc-nic/ECOFLOC_NIC_COMM_text.csv
  ✔ [leo:ram] limpiado /home/leo/ecofloc/ecofloc-ram/ECOFLOC_RAM_COMM_text.csv
  ✔ [leo:sd] limpiado /home/leo/ecofloc/ecofloc-sd/ECOFLOC_SD_COMM_text.csv
  ✔ [aspire:cpu] limpiado /home/luish/Documents/p3/ecofloc2/ecofloc/ecofloc-cpu/ECOFLOC_CPU_COMM_text.csv
  ✔ [aspire:nic] limpiado /home/luish/Documents/p3/ecofloc2/ecofloc/ecofloc-nic/ECOFLOC_NIC_COMM_text.csv
  ✔ [aspire:ram] limpiado /home/luish/Documents/p3/ecofloc2/ecofloc/ecofloc-ram/ECOFLOC_RAM_COMM_text.csv
  ✔ [aspire:sd] limpiado /home/luish/Documents/p3/ecofloc2/ecofloc/ecofloc-sd/ECOFLOC_SD_COMM_text.csv
  ✔ [scorpius:cpu] limpiado /home/scorpius03/Documents/ecofloc/ecofloc-cpu/ECOFLOC_CPU_COMM_text.csv
  ✔ [scorpius:nic] limpiado /home/scorpius03/Documents/ecofloc/ecofloc-nic/ECOFLOC_NIC_COMM_text.csv
  ✔ [scorpius:ram] limpiado /home/scorpius03/Documents/ecofloc/ecofloc-ram/ECOFLOC_RAM_COMM_text.csv
  ✔ [scorpius:sd] limpiado /home/scorpius03/Documents/ecofloc/ecofloc-sd/ECOFLOC_SD_COMM_text.csv
========================================
🔋 MEASURE ENERGY FINALIZADO
   Fase: fase1_descarga_low_iter2
========================================
✔️ [21:22:52] Medición fase1_descarga_low_iter2 completada
[📦] Archivando resultados → ./historyexecutions/exp(21:22:57)_fase1_low_iter2
[✔] Archivado: ./historyexecutions/exp(21:22:57)_fase1_low_iter2
========================================
🔋 FASE 2: Preparación de servicios (low, iter 2)
========================================
📋 Capturando PIDs (gepidstea.sh)...
📋 Capturando PIDs de contenedores (kpsnodos.sh)...
🔋 [21:23:12] Iniciando medición de energía: fase2_preparacion_low_iter2 (50s)
   PID de medición: 688067
========================================
🔋 MEASURE ENERGY - Fase: fase2_preparacion_low_iter2
   Duración: 50s
   PID: 688067
========================================
=== Medición bloque 50s - Fase: fase2_preparacion_low_iter2 ===
[⏱ 21:23:13] Iniciando ecofloc en nitro5 por 50s (fase: fase2_preparacion_low_iter2)
⏳ Esperando 10s a que CoreDNS se estabilice...
  ├─ [nitro5:sd] start 21:23:13
  ├─ [nitro5:ram] start 21:23:13
  ├─ [nitro5:nic] start 21:23:14
[⏱ 21:23:14] Iniciando ecofloc en aspire por 50s (fase: fase2_preparacion_low_iter2)
  ├─ [nitro5:cpu] start 21:23:14
  ├─ [aspire:sd] start 21:23:14
  ├─ [aspire:ram] start 21:23:14
[⏱ 21:23:14] Iniciando ecofloc en scorpius por 50s (fase: fase2_preparacion_low_iter2)
  ├─ [aspire:nic] start 21:23:14
  ├─ [aspire:cpu] start 21:23:14
  ├─ [scorpius:sd] start 21:23:14
  ├─ [scorpius:ram] start 21:23:14
  ├─ [scorpius:nic] start 21:23:14
[⏱ 21:23:14] Iniciando ecofloc en leo por 50s (fase: fase2_preparacion_low_iter2)
  ├─ [scorpius:cpu] start 21:23:14
  ├─ [leo:sd] start 21:23:14
  ├─ [leo:ram] start 21:23:14
  ├─ [leo:nic] start 21:23:14
  ├─ [leo:cpu] start 21:23:14
➡️ Pod WebUI: teastore-webui-558b54cc77-q6zm9
➡️ Está en el nodo: leo02
🌐 IP del nodo WebUI: 192.168.18.36
⏳ Verificando estado del TeaStore en http://192.168.18.36:30080/tools.descartes.teastore.webui/status ...
   ➤ Estado actual: 2 / 5 servicios OK
❌ TeaStore aún no está listo. Reintentando en 10s...
   ➤ Estado actual: 2 / 5 servicios OK
❌ TeaStore aún no está listo. Reintentando en 10s...
   ➤ Estado actual: 2 / 5 servicios OK
❌ TeaStore aún no está listo. Reintentando en 10s...
  └─ [nitro5:sd] end 21:24:03
   ➤ Estado actual: 2 / 5 servicios OK
❌ TeaStore aún no está listo. Reintentando en 10s...
  └─ [nitro5:ram] end 21:24:03
  └─ [nitro5:nic] end 21:24:04
  └─ [nitro5:cpu] end 21:24:04
  └─ [scorpius:cpu] end 21:24:06
  └─ [leo:sd] end 21:24:07
  └─ [aspire:sd] end 21:24:08
  └─ [aspire:cpu] end 21:24:08
  └─ [aspire:nic] end 21:24:08
  └─ [scorpius:nic] end 21:24:09
  └─ [scorpius:ram] end 21:24:09
  └─ [leo:cpu] end 21:24:09
  └─ [scorpius:sd] end 21:24:09
  └─ [aspire:ram] end 21:24:09
  └─ [leo:nic] end 21:24:09
  └─ [leo:ram] end 21:24:09
=== Bloque 50s terminado - Fase: fase2_preparacion_low_iter2 ===
[🧹] Limpiando CSVs internos de ecofloc en cada nodo (fase: fase2_preparacion_low_iter2)...
  ✔ [nitro5:cpu] limpiado /home/luish/Documents/p3/ecofloc2/ecofloc/ecofloc-cpu/ECOFLOC_CPU_COMM_text.csv
  ✔ [nitro5:nic] limpiado /home/luish/Documents/p3/ecofloc2/ecofloc/ecofloc-nic/ECOFLOC_NIC_COMM_text.csv
  ✔ [nitro5:ram] limpiado /home/luish/Documents/p3/ecofloc2/ecofloc/ecofloc-ram/ECOFLOC_RAM_COMM_text.csv
  ✔ [nitro5:sd] limpiado /home/luish/Documents/p3/ecofloc2/ecofloc/ecofloc-sd/ECOFLOC_SD_COMM_text.csv
  ✔ [leo:cpu] limpiado /home/leo/ecofloc/ecofloc-cpu/ECOFLOC_CPU_COMM_text.csv
  ✔ [leo:nic] limpiado /home/leo/ecofloc/ecofloc-nic/ECOFLOC_NIC_COMM_text.csv
  ✔ [leo:ram] limpiado /home/leo/ecofloc/ecofloc-ram/ECOFLOC_RAM_COMM_text.csv
  ✔ [leo:sd] limpiado /home/leo/ecofloc/ecofloc-sd/ECOFLOC_SD_COMM_text.csv
  ✔ [aspire:cpu] limpiado /home/luish/Documents/p3/ecofloc2/ecofloc/ecofloc-cpu/ECOFLOC_CPU_COMM_text.csv
  ✔ [aspire:nic] limpiado /home/luish/Documents/p3/ecofloc2/ecofloc/ecofloc-nic/ECOFLOC_NIC_COMM_text.csv
  ✔ [aspire:ram] limpiado /home/luish/Documents/p3/ecofloc2/ecofloc/ecofloc-ram/ECOFLOC_RAM_COMM_text.csv
  ✔ [aspire:sd] limpiado /home/luish/Documents/p3/ecofloc2/ecofloc/ecofloc-sd/ECOFLOC_SD_COMM_text.csv
  ✔ [scorpius:cpu] limpiado /home/scorpius03/Documents/ecofloc/ecofloc-cpu/ECOFLOC_CPU_COMM_text.csv
  ✔ [scorpius:nic] limpiado /home/scorpius03/Documents/ecofloc/ecofloc-nic/ECOFLOC_NIC_COMM_text.csv
  ✔ [scorpius:ram] limpiado /home/scorpius03/Documents/ecofloc/ecofloc-ram/ECOFLOC_RAM_COMM_text.csv
  ✔ [scorpius:sd] limpiado /home/scorpius03/Documents/ecofloc/ecofloc-sd/ECOFLOC_SD_COMM_text.csv
========================================
🔋 MEASURE ENERGY FINALIZADO
   Fase: fase2_preparacion_low_iter2
========================================
   ➤ Estado actual: 2 / 5 servicios OK
❌ TeaStore aún no está listo. Reintentando en 10s...
   ➤ Estado actual: 2 / 5 servicios OK
❌ TeaStore aún no está listo. Reintentando en 10s...
   ➤ Estado actual: 2 / 5 servicios OK
❌ TeaStore aún no está listo. Reintentando en 10s...
   ➤ Estado actual: 2 / 5 servicios OK
❌ TeaStore aún no está listo. Reintentando en 10s...
   ➤ Estado actual: 2 / 5 servicios OK
❌ TeaStore aún no está listo. Reintentando en 10s...
   ➤ Estado actual: 2 / 5 servicios OK
❌ TeaStore aún no está listo. Reintentando en 10s...
   ➤ Estado actual: 2 / 5 servicios OK
❌ TeaStore aún no está listo. Reintentando en 10s...
   ➤ Estado actual: 2 / 5 servicios OK
❌ TeaStore aún no está listo. Reintentando en 10s...
   ➤ Estado actual: 5 / 5 servicios OK
✔ TODOS los servicios del TeaStore están OK. Continuando...
⏳ [21:25:42] Esperando que termine medición: fase2_preparacion_low_iter2 (PID: 688067)
✔️ [21:25:42] Medición fase2_preparacion_low_iter2 completada
[📦] Archivando resultados → ./historyexecutions/exp(21:25:47)_fase2_low_iter2
[✔] Archivado: ./historyexecutions/exp(21:25:47)_fase2_low_iter2
========================================
🔋 FASE 3: Ejecución de carga (low, iter 2)
========================================
📋 Capturando PIDs (gepidstea.sh)...
📋 Capturando PIDs de contenedores (kpsnodos.sh)...
🔋 [21:26:06] Iniciando medición de energía: fase3_carga_low_iter2 (145s)
   PID de medición: 824239
=== Escenario low (iter 2) ===
========================================
🔋 MEASURE ENERGY - Fase: fase3_carga_low_iter2
   Duración: 145s
   PID: 824239
========================================
=== Medición bloque 145s - Fase: fase3_carga_low_iter2 ===
🚀 Iniciando LIMBO con profile=/home/luish/Documents/death/teastore/TeaStore/examples/httploadgenerator/increasingLowIntensity.csv y script=/home/luish/Documents/death/teastore/TeaStore/examples/httploadgenerator/teastore_buy.lua
[⏱ 21:26:06] Iniciando ecofloc en nitro5 por 145s (fase: fase3_carga_low_iter2)
Feb 24, 2026 9:26:06 PM tools.descartes.dlim.httploadgenerator.runner.Director executeDirector
WARNING: No power measurements
Feb 24, 2026 9:26:06 PM tools.descartes.dlim.httploadgenerator.runner.Director executeDirector
INFO: Load Generator Thread Count set to 64
Feb 24, 2026 9:26:06 PM tools.descartes.dlim.httploadgenerator.runner.Director executeDirector
INFO: URL connection timout set to 30000 ms
Feb 24, 2026 9:26:06 PM tools.descartes.dlim.httploadgenerator.runner.Director executeDirector
INFO: Using Lua Script: /home/luish/Documents/death/teastore/TeaStore/examples/httploadgenerator/teastore_buy.lua
Feb 24, 2026 9:26:06 PM tools.descartes.dlim.httploadgenerator.runner.Director process
INFO: Read 120 Arrival Rate Tuples
Load Generator sent: ok
Feb 24, 2026 9:26:06 PM tools.descartes.dlim.httploadgenerator.runner.Director process
INFO: Arrival Rates sent to Load Generator(s).
Load Generator sent: ok
Feb 24, 2026 9:26:06 PM tools.descartes.dlim.httploadgenerator.runner.Director process
INFO: Thread Count sent to Load Generator(s): 64
Load Generator sent: ok
Feb 24, 2026 9:26:06 PM tools.descartes.dlim.httploadgenerator.runner.Director process
INFO: URL connection timeout sent to Load Generator(s): 30000
Load Generator sent: ok
Feb 24, 2026 9:26:06 PM tools.descartes.dlim.httploadgenerator.runner.Director process
INFO: Contents of script sent to Load Generator: /home/luish/Documents/death/teastore/TeaStore/examples/httploadgenerator/teastore_buy.lua
Feb 24, 2026 9:26:06 PM tools.descartes.dlim.httploadgenerator.runner.Director process
INFO: Starting Load Generation
Beginning Run @1771986366289(24.02.2026;21:26:06289)
Target Time = 0.5; Load Intensity = 0.0; #Success = 0; #Failed = 0; #Dropped = 0
  ├─ [nitro5:sd] start 21:26:06
  ├─ [nitro5:ram] start 21:26:06
  ├─ [nitro5:nic] start 21:26:07
[⏱ 21:26:07] Iniciando ecofloc en aspire por 145s (fase: fase3_carga_low_iter2)
  ├─ [nitro5:cpu] start 21:26:07
  ├─ [aspire:sd] start 21:26:07
  ├─ [aspire:ram] start 21:26:07
  ├─ [aspire:nic] start 21:26:07
[⏱ 21:26:07] Iniciando ecofloc en scorpius por 145s (fase: fase3_carga_low_iter2)
  ├─ [aspire:cpu] start 21:26:07
  ├─ [scorpius:sd] start 21:26:07
  ├─ [scorpius:ram] start 21:26:07
  ├─ [scorpius:nic] start 21:26:07
[⏱ 21:26:07] Iniciando ecofloc en leo por 145s (fase: fase3_carga_low_iter2)
  ├─ [scorpius:cpu] start 21:26:07
  ├─ [leo:sd] start 21:26:07
  ├─ [leo:nic] start 21:26:07
  ├─ [leo:cpu] start 21:26:07
  ├─ [leo:ram] start 21:26:07
Target Time = 1.5; Load Intensity = 1.0; #Success = 0; #Failed = 0; #Dropped = 0
Target Time = 2.5; Load Intensity = 2.0; #Success = 0; #Failed = 0; #Dropped = 0
Target Time = 3.5; Load Intensity = 2.0; #Success = 0; #Failed = 0; #Dropped = 0
Target Time = 4.5; Load Intensity = 3.0; #Success = 8; #Failed = 0; #Dropped = 0
Target Time = 5.5; Load Intensity = 4.0; #Success = 4; #Failed = 0; #Dropped = 0
Target Time = 6.5; Load Intensity = 5.0; #Success = 4; #Failed = 0; #Dropped = 0
Target Time = 7.5; Load Intensity = 6.0; #Success = 7; #Failed = 0; #Dropped = 0
Target Time = 8.5; Load Intensity = 7.0; #Success = 4; #Failed = 0; #Dropped = 0
Target Time = 9.5; Load Intensity = 7.0; #Success = 8; #Failed = 0; #Dropped = 0
Target Time = 10.5; Load Intensity = 8.0; #Success = 5; #Failed = 0; #Dropped = 0
Target Time = 11.5; Load Intensity = 9.0; #Success = 5; #Failed = 0; #Dropped = 0
Target Time = 12.5; Load Intensity = 10.0; #Success = 5; #Failed = 0; #Dropped = 0
Target Time = 13.5; Load Intensity = 11.0; #Success = 8; #Failed = 0; #Dropped = 0
Target Time = 14.5; Load Intensity = 12.0; #Success = 6; #Failed = 0; #Dropped = 0
Target Time = 15.5; Load Intensity = 12.0; #Success = 0; #Failed = 0; #Dropped = 0
Target Time = 16.5; Load Intensity = 13.0; #Success = 7; #Failed = 0; #Dropped = 0
Target Time = 17.5; Load Intensity = 14.0; #Success = 3; #Failed = 0; #Dropped = 0
Target Time = 18.5; Load Intensity = 15.0; #Success = 10; #Failed = 0; #Dropped = 0
Target Time = 19.5; Load Intensity = 16.0; #Success = 13; #Failed = 0; #Dropped = 0
Target Time = 20.5; Load Intensity = 17.0; #Success = 2; #Failed = 0; #Dropped = 0
Target Time = 21.5; Load Intensity = 17.0; #Success = 11; #Failed = 0; #Dropped = 0
Target Time = 22.5; Load Intensity = 18.0; #Success = 5; #Failed = 0; #Dropped = 0
Target Time = 23.5; Load Intensity = 19.0; #Success = 1; #Failed = 0; #Dropped = 0
Target Time = 24.5; Load Intensity = 20.0; #Success = 12; #Failed = 0; #Dropped = 0
Target Time = 25.5; Load Intensity = 21.0; #Success = 0; #Failed = 0; #Dropped = 0
Target Time = 26.5; Load Intensity = 22.0; #Success = 0; #Failed = 0; #Dropped = 0
Target Time = 27.5; Load Intensity = 22.0; #Success = 0; #Failed = 0; #Dropped = 0
Target Time = 28.5; Load Intensity = 23.0; #Success = 0; #Failed = 0; #Dropped = 0
Target Time = 29.5; Load Intensity = 24.0; #Success = 2; #Failed = 0; #Dropped = 0
Target Time = 30.5; Load Intensity = 25.0; #Success = 1; #Failed = 0; #Dropped = 0
Target Time = 31.5; Load Intensity = 26.0; #Success = 3; #Failed = 0; #Dropped = 0
Target Time = 32.5; Load Intensity = 27.0; #Success = 1; #Failed = 0; #Dropped = 0
Target Time = 33.5; Load Intensity = 27.0; #Success = 0; #Failed = 0; #Dropped = 0
Target Time = 34.5; Load Intensity = 28.0; #Success = 0; #Failed = 0; #Dropped = 0
Target Time = 35.5; Load Intensity = 29.0; #Success = 11; #Failed = 4; #Dropped = 0
Target Time = 36.5; Load Intensity = 30.0; #Success = 8; #Failed = 1; #Dropped = 0
Target Time = 37.5; Load Intensity = 31.0; #Success = 0; #Failed = 0; #Dropped = 0
Target Time = 38.5; Load Intensity = 32.0; #Success = 0; #Failed = 5; #Dropped = 0
Target Time = 39.5; Load Intensity = 32.0; #Success = 1; #Failed = 7; #Dropped = 0
Target Time = 40.5; Load Intensity = 33.0; #Success = 0; #Failed = 8; #Dropped = 0
Target Time = 41.5; Load Intensity = 34.0; #Success = 0; #Failed = 3; #Dropped = 0
Target Time = 42.5; Load Intensity = 35.0; #Success = 0; #Failed = 2; #Dropped = 0
Target Time = 43.5; Load Intensity = 36.0; #Success = 0; #Failed = 4; #Dropped = 0
Target Time = 44.5; Load Intensity = 37.0; #Success = 0; #Failed = 5; #Dropped = 0
Target Time = 45.5; Load Intensity = 37.0; #Success = 0; #Failed = 4; #Dropped = 0
Target Time = 46.5; Load Intensity = 38.0; #Success = 0; #Failed = 2; #Dropped = 0
Target Time = 47.5; Load Intensity = 39.0; #Success = 0; #Failed = 0; #Dropped = 0
Target Time = 48.5; Load Intensity = 40.0; #Success = 0; #Failed = 18; #Dropped = 0
Target Time = 49.5; Load Intensity = 41.0; #Success = 2; #Failed = 5; #Dropped = 0
Target Time = 50.5; Load Intensity = 42.0; #Success = 0; #Failed = 0; #Dropped = 0
Target Time = 51.5; Load Intensity = 42.0; #Success = 0; #Failed = 0; #Dropped = 0
Target Time = 52.5; Load Intensity = 43.0; #Success = 0; #Failed = 0; #Dropped = 0
Target Time = 53.5; Load Intensity = 44.0; #Success = 0; #Failed = 0; #Dropped = 0
Target Time = 54.5; Load Intensity = 45.0; #Success = 1; #Failed = 1; #Dropped = 0
Target Time = 55.5; Load Intensity = 46.0; #Success = 0; #Failed = 6; #Dropped = 0
Target Time = 56.5; Load Intensity = 47.0; #Success = 0; #Failed = 5; #Dropped = 0
Target Time = 57.5; Load Intensity = 47.0; #Success = 0; #Failed = 9; #Dropped = 0
Target Time = 58.5; Load Intensity = 48.0; #Success = 0; #Failed = 7; #Dropped = 24
Target Time = 59.5; Load Intensity = 49.0; #Success = 0; #Failed = 3; #Dropped = 0
Target Time = 60.5; Load Intensity = 50.0; #Success = 1; #Failed = 2; #Dropped = 28
Target Time = 61.5; Load Intensity = 51.0; #Success = 2; #Failed = 16; #Dropped = 15
Target Time = 62.5; Load Intensity = 52.0; #Success = 0; #Failed = 3; #Dropped = 24
Target Time = 63.5; Load Intensity = 52.0; #Success = 0; #Failed = 13; #Dropped = 11
Target Time = 64.5; Load Intensity = 53.0; #Success = 0; #Failed = 14; #Dropped = 24
Target Time = 65.5; Load Intensity = 54.0; #Success = 9; #Failed = 6; #Dropped = 3
Target Time = 66.5; Load Intensity = 55.0; #Success = 2; #Failed = 1; #Dropped = 26
Target Time = 67.5; Load Intensity = 56.0; #Success = 0; #Failed = 3; #Dropped = 31
Target Time = 68.5; Load Intensity = 57.0; #Success = 0; #Failed = 7; #Dropped = 28
Target Time = 69.5; Load Intensity = 57.0; #Success = 0; #Failed = 47; #Dropped = 0
Target Time = 70.5; Load Intensity = 58.0; #Success = 0; #Failed = 23; #Dropped = 0
Target Time = 71.5; Load Intensity = 59.0; #Success = 0; #Failed = 1; #Dropped = 16
Target Time = 72.5; Load Intensity = 60.0; #Success = 0; #Failed = 8; #Dropped = 35
Target Time = 73.5; Load Intensity = 61.0; #Success = 0; #Failed = 21; #Dropped = 16
Target Time = 74.5; Load Intensity = 62.0; #Success = 0; #Failed = 24; #Dropped = 12
Target Time = 75.5; Load Intensity = 62.0; #Success = 0; #Failed = 6; #Dropped = 26
Target Time = 76.5; Load Intensity = 63.0; #Success = 0; #Failed = 6; #Dropped = 40
Target Time = 77.5; Load Intensity = 64.0; #Success = 0; #Failed = 5; #Dropped = 32
Target Time = 78.5; Load Intensity = 65.0; #Success = 1; #Failed = 8; #Dropped = 33
Target Time = 79.5; Load Intensity = 66.0; #Success = 1; #Failed = 17; #Dropped = 22
Target Time = 80.5; Load Intensity = 67.0; #Success = 0; #Failed = 9; #Dropped = 39
Target Time = 81.5; Load Intensity = 67.0; #Success = 0; #Failed = 9; #Dropped = 31
Target Time = 82.5; Load Intensity = 68.0; #Success = 0; #Failed = 1; #Dropped = 4
  └─ [aspire:nic] end 21:27:28
Target Time = 83.5; Load Intensity = 69.0; #Success = 0; #Failed = 2; #Dropped = 55
Target Time = 84.5; Load Intensity = 70.0; #Success = 0; #Failed = 9; #Dropped = 30
Target Time = 85.5; Load Intensity = 71.0; #Success = 0; #Failed = 0; #Dropped = 0
Target Time = 86.5; Load Intensity = 72.0; #Success = 0; #Failed = 0; #Dropped = 0
Target Time = 87.5; Load Intensity = 72.0; #Success = 0; #Failed = 0; #Dropped = 0
Target Time = 88.5; Load Intensity = 73.0; #Success = 0; #Failed = 0; #Dropped = 0
Target Time = 89.5; Load Intensity = 74.0; #Success = 0; #Failed = 15; #Dropped = 257
Target Time = 90.5; Load Intensity = 75.0; #Success = 0; #Failed = 6; #Dropped = 30
Target Time = 91.5; Load Intensity = 76.0; #Success = 0; #Failed = 0; #Dropped = 0
Target Time = 92.5; Load Intensity = 77.0; #Success = 0; #Failed = 0; #Dropped = 0
Target Time = 93.5; Load Intensity = 77.0; #Success = 0; #Failed = 0; #Dropped = 0
Target Time = 94.5; Load Intensity = 78.0; #Success = 0; #Failed = 0; #Dropped = 0
Target Time = 95.5; Load Intensity = 79.0; #Success = 0; #Failed = 0; #Dropped = 0
Target Time = 96.5; Load Intensity = 80.0; #Success = 1; #Failed = 0; #Dropped = 320
Target Time = 97.5; Load Intensity = 81.0; #Success = 0; #Failed = 0; #Dropped = 0
Target Time = 98.5; Load Intensity = 82.0; #Success = 0; #Failed = 5; #Dropped = 108
Target Time = 99.5; Load Intensity = 82.0; #Success = 0; #Failed = 4; #Dropped = 59
Target Time = 100.5; Load Intensity = 83.0; #Success = 0; #Failed = 4; #Dropped = 47
Target Time = 101.5; Load Intensity = 84.0; #Success = 0; #Failed = 0; #Dropped = 0
Target Time = 102.5; Load Intensity = 85.0; #Success = 0; #Failed = 0; #Dropped = 0
Target Time = 103.5; Load Intensity = 86.0; #Success = 0; #Failed = 0; #Dropped = 0
Target Time = 104.5; Load Intensity = 87.0; #Success = 0; #Failed = 0; #Dropped = 0
Target Time = 105.5; Load Intensity = 87.0; #Success = 0; #Failed = 0; #Dropped = 0
Target Time = 106.5; Load Intensity = 88.0; #Success = 2; #Failed = 0; #Dropped = 375
Target Time = 107.5; Load Intensity = 89.0; #Success = 3; #Failed = 0; #Dropped = 53
Target Time = 108.5; Load Intensity = 90.0; #Success = 9; #Failed = 0; #Dropped = 62
Target Time = 109.5; Load Intensity = 91.0; #Success = 1; #Failed = 0; #Dropped = 1
Target Time = 110.5; Load Intensity = 92.0; #Success = 3; #Failed = 10; #Dropped = 104
Target Time = 111.5; Load Intensity = 92.0; #Success = 8; #Failed = 0; #Dropped = 75
Target Time = 112.5; Load Intensity = 93.0; #Success = 1; #Failed = 0; #Dropped = 5
Target Time = 113.5; Load Intensity = 94.0; #Success = 0; #Failed = 0; #Dropped = 0
Target Time = 114.5; Load Intensity = 95.0; #Success = 2; #Failed = 0; #Dropped = 136
Target Time = 115.5; Load Intensity = 96.0; #Success = 0; #Failed = 4; #Dropped = 124
Target Time = 116.5; Load Intensity = 97.0; #Success = 0; #Failed = 0; #Dropped = 0
Target Time = 117.5; Load Intensity = 97.0; #Success = 0; #Failed = 0; #Dropped = 0
Target Time = 118.5; Load Intensity = 98.0; #Success = 0; #Failed = 3; #Dropped = 198
Target Time = 119.5; Load Intensity = 99.0; #Success = 5; #Failed = 3; #Dropped = 83
Target Time = 120.5; Load Intensity = 0.0; #Success = 2; #Failed = 3; #Dropped = 50
Target Time = 121.5; Load Intensity = 0.0; #Success = 0; #Failed = 0; #Dropped = 0
Target Time = 122.5; Load Intensity = 0.0; #Success = 0; #Failed = 8; #Dropped = 168
Target Time = 123.5; Load Intensity = 0.0; #Success = 0; #Failed = 5; #Dropped = 57
Target Time = 124.5; Load Intensity = 0.0; #Success = 0; #Failed = 2; #Dropped = 94
Target Time = 125.5; Load Intensity = 0.0; #Success = 0; #Failed = 4; #Dropped = 62
Target Time = 126.5; Load Intensity = 0.0; #Success = 1; #Failed = 2; #Dropped = 83
Target Time = 127.5; Load Intensity = 0.0; #Success = 0; #Failed = 4; #Dropped = 63
Target Time = 128.5; Load Intensity = 0.0; #Success = 3; #Failed = 17; #Dropped = 71
Target Time = 129.5; Load Intensity = 0.0; #Success = 2; #Failed = 1; #Dropped = 41
Target Time = 130.5; Load Intensity = 0.0; #Success = 3; #Failed = 2; #Dropped = 121
Target Time = 131.5; Load Intensity = 0.0; #Success = 0; #Failed = 2; #Dropped = 73
Target Time = 132.5; Load Intensity = 0.0; #Success = 0; #Failed = 2; #Dropped = 70
Target Time = 133.5; Load Intensity = 0.0; #Success = 0; #Failed = 31; #Dropped = 84
Target Time = 134.5; Load Intensity = 0.0; #Success = 0; #Failed = 0; #Dropped = 0
Target Time = 135.5; Load Intensity = 0.0; #Success = 0; #Failed = 0; #Dropped = 0
Target Time = 136.5; Load Intensity = 0.0; #Success = 0; #Failed = 1; #Dropped = 229
Target Time = 137.5; Load Intensity = 0.0; #Success = 0; #Failed = 3; #Dropped = 111
Target Time = 138.5; Load Intensity = 0.0; #Success = 1; #Failed = 0; #Dropped = 72
Target Time = 139.5; Load Intensity = 0.0; #Success = 0; #Failed = 3; #Dropped = 94
Target Time = 140.5; Load Intensity = 0.0; #Success = 0; #Failed = 0; #Dropped = 0
Target Time = 141.5; Load Intensity = 0.0; #Success = 7; #Failed = 13; #Dropped = 182
Target Time = 142.5; Load Intensity = 0.0; #Success = 2; #Failed = 13; #Dropped = 50
Target Time = 143.5; Load Intensity = 0.0; #Success = 0; #Failed = 1; #Dropped = 27
Target Time = 144.5; Load Intensity = 0.0; #Success = 2; #Failed = 0; #Dropped = 97
  └─ [nitro5:sd] end 21:28:31
Target Time = 145.5; Load Intensity = 0.0; #Success = 0; #Failed = 0; #Dropped = 0
  └─ [nitro5:ram] end 21:28:31
  └─ [nitro5:nic] end 21:28:32
  └─ [nitro5:cpu] end 21:28:32
Target Time = 146.5; Load Intensity = 0.0; #Success = 0; #Failed = 1; #Dropped = 210
Target Time = 147.5; Load Intensity = 0.0; #Success = 0; #Failed = 8; #Dropped = 149
Target Time = 148.5; Load Intensity = 0.0; #Success = 0; #Failed = 3; #Dropped = 90
Target Time = 149.5; Load Intensity = 0.0; #Success = 0; #Failed = 25; #Dropped = 74
  └─ [scorpius:cpu] end 21:28:36
Target Time = 150.5; Load Intensity = 0.0; #Success = 0; #Failed = 0; #Dropped = 0
  └─ [leo:cpu] end 21:28:36
  └─ [scorpius:nic] end 21:28:36
  └─ [leo:nic] end 21:28:37
Target Time = 151.5; Load Intensity = 0.0; #Success = 0; #Failed = 0; #Dropped = 0
  └─ [scorpius:ram] end 21:28:38
Target Time = 152.5; Load Intensity = 0.0; #Success = 0; #Failed = 0; #Dropped = 0
Target Time = 153.5; Load Intensity = 0.0; #Success = 1; #Failed = 0; #Dropped = 12
  └─ [leo:sd] end 21:28:39
Target Time = 154.5; Load Intensity = 0.0; #Success = 0; #Failed = 0; #Dropped = 0
  └─ [scorpius:sd] end 21:28:41
Target Time = 155.5; Load Intensity = 0.0; #Success = 1; #Failed = 0; #Dropped = 0
Target Time = 156.5; Load Intensity = 0.0; #Success = 2; #Failed = 1; #Dropped = 0
Target Time = 157.5; Load Intensity = 0.0; #Success = 1; #Failed = 4; #Dropped = 0
Target Time = 158.5; Load Intensity = 0.0; #Success = 5; #Failed = 23; #Dropped = 0
Target Time = 159.5; Load Intensity = 0.0; #Success = 2; #Failed = 6; #Dropped = 0
Target Time = 160.5; Load Intensity = 0.0; #Success = 3; #Failed = 3; #Dropped = 0
Target Time = 161.5; Load Intensity = 0.0; #Success = 0; #Failed = 0; #Dropped = 0
  └─ [leo:ram] end 21:28:48
Target Time = 162.5; Load Intensity = 0.0; #Success = 0; #Failed = 0; #Dropped = 0
Target Time = 163.5; Load Intensity = 0.0; #Success = 0; #Failed = 0; #Dropped = 0
Target Time = 164.5; Load Intensity = 0.0; #Success = 0; #Failed = 0; #Dropped = 0
Target Time = 165.5; Load Intensity = 0.0; #Success = 0; #Failed = 0; #Dropped = 0
Target Time = 166.5; Load Intensity = 0.0; #Success = 0; #Failed = 0; #Dropped = 0
Target Time = 167.5; Load Intensity = 0.0; #Success = 0; #Failed = 1; #Dropped = 0
Target Time = 168.5; Load Intensity = 0.0; #Success = 0; #Failed = 0; #Dropped = 0
Target Time = 169.5; Load Intensity = 0.0; #Success = 0; #Failed = 0; #Dropped = 0
Target Time = 170.5; Load Intensity = 0.0; #Success = 0; #Failed = 7; #Dropped = 0
Target Time = 171.5; Load Intensity = 0.0; #Success = 2; #Failed = 1; #Dropped = 0
Target Time = 172.5; Load Intensity = 0.0; #Success = 1; #Failed = 0; #Dropped = 0
  └─ [aspire:cpu] end 21:29:00
  └─ [aspire:sd] end 21:29:00
  └─ [aspire:ram] end 21:29:00
=== Bloque 145s terminado - Fase: fase3_carga_low_iter2 ===
[🧹] Limpiando CSVs internos de ecofloc en cada nodo (fase: fase3_carga_low_iter2)...
  ✔ [nitro5:cpu] limpiado /home/luish/Documents/p3/ecofloc2/ecofloc/ecofloc-cpu/ECOFLOC_CPU_COMM_text.csv
  ✔ [nitro5:nic] limpiado /home/luish/Documents/p3/ecofloc2/ecofloc/ecofloc-nic/ECOFLOC_NIC_COMM_text.csv
  ✔ [nitro5:ram] limpiado /home/luish/Documents/p3/ecofloc2/ecofloc/ecofloc-ram/ECOFLOC_RAM_COMM_text.csv
  ✔ [nitro5:sd] limpiado /home/luish/Documents/p3/ecofloc2/ecofloc/ecofloc-sd/ECOFLOC_SD_COMM_text.csv
  ✔ [leo:cpu] limpiado /home/leo/ecofloc/ecofloc-cpu/ECOFLOC_CPU_COMM_text.csv
  ✔ [leo:nic] limpiado /home/leo/ecofloc/ecofloc-nic/ECOFLOC_NIC_COMM_text.csv
  ✔ [leo:ram] limpiado /home/leo/ecofloc/ecofloc-ram/ECOFLOC_RAM_COMM_text.csv
  ✔ [leo:sd] limpiado /home/leo/ecofloc/ecofloc-sd/ECOFLOC_SD_COMM_text.csv
  ✔ [aspire:cpu] limpiado /home/luish/Documents/p3/ecofloc2/ecofloc/ecofloc-cpu/ECOFLOC_CPU_COMM_text.csv
  ✔ [aspire:nic] limpiado /home/luish/Documents/p3/ecofloc2/ecofloc/ecofloc-nic/ECOFLOC_NIC_COMM_text.csv
  ✔ [aspire:ram] limpiado /home/luish/Documents/p3/ecofloc2/ecofloc/ecofloc-ram/ECOFLOC_RAM_COMM_text.csv
  ✔ [aspire:sd] limpiado /home/luish/Documents/p3/ecofloc2/ecofloc/ecofloc-sd/ECOFLOC_SD_COMM_text.csv
  ✔ [scorpius:cpu] limpiado /home/scorpius03/Documents/ecofloc/ecofloc-cpu/ECOFLOC_CPU_COMM_text.csv
  ✔ [scorpius:nic] limpiado /home/scorpius03/Documents/ecofloc/ecofloc-nic/ECOFLOC_NIC_COMM_text.csv
Workload finished.
Log finished.
📄 LIMBO finalizado para scenario=low
⏳ [21:29:03] Esperando que termine medición: fase3_carga_low_iter2 (PID: 824239)
  ✔ [scorpius:ram] limpiado /home/scorpius03/Documents/ecofloc/ecofloc-ram/ECOFLOC_RAM_COMM_text.csv
  ✔ [scorpius:sd] limpiado /home/scorpius03/Documents/ecofloc/ecofloc-sd/ECOFLOC_SD_COMM_text.csv
========================================
🔋 MEASURE ENERGY FINALIZADO
   Fase: fase3_carga_low_iter2
========================================
✔️ [21:29:04] Medición fase3_carga_low_iter2 completada
[📦] Archivando resultados → ./historyexecutions/exp(21:29:09)_fase3_low_iter2
[✔] Archivado: ./historyexecutions/exp(21:29:09)_fase3_low_iter2
🧹 Limpiando TeaStore (iter 2)...
⏸ Esperando 15s para limpieza completa...
✅ Iteración 2 / 9 del escenario low completada.

########################################################
🔄 ESCENARIO: low | ITERACIÓN: 3 / 9
   Hora: 21:29:57
########################################################
========================================
🔋 FASE 1: Descarga de imágenes (low, iter 3)
========================================
📋 Capturando PIDs (gepidstea.sh)...
📋 Capturando PIDs de contenedores (kpsnodos.sh)...
🔋 [21:30:15] Iniciando medición de energía: fase1_descarga_low_iter3 (25s)
   PID de medición: 1205726
🚀 Desplegando TeaStore desde https://raw.githubusercontent.com/DescartesResearch/TeaStore/master/examples/kubernetes/teastore-ribbon.yaml...
========================================
🔋 MEASURE ENERGY - Fase: fase1_descarga_low_iter3
   Duración: 25s
   PID: 1205726
========================================
=== Medición bloque 25s - Fase: fase1_descarga_low_iter3 ===
[⏱ 21:30:15] Iniciando ecofloc en nitro5 por 25s (fase: fase1_descarga_low_iter3)
⏳ Esperando a que todos los pods de TeaStore estén Running y Ready...
  ├─ [nitro5:sd] start 21:30:15
  ├─ [nitro5:ram] start 21:30:16
  ├─ [nitro5:nic] start 21:30:16
[⏱ 21:30:17] Iniciando ecofloc en aspire por 25s (fase: fase1_descarga_low_iter3)
  ├─ [nitro5:cpu] start 21:30:17
  ├─ [aspire:sd] start 21:30:17
  ├─ [aspire:ram] start 21:30:17
  ├─ [aspire:nic] start 21:30:17
[⏱ 21:30:17] Iniciando ecofloc en scorpius por 25s (fase: fase1_descarga_low_iter3)
  ├─ [aspire:cpu] start 21:30:17
  ├─ [scorpius:sd] start 21:30:17
  ├─ [scorpius:ram] start 21:30:17
  ├─ [scorpius:nic] start 21:30:17
[⏱ 21:30:17] Iniciando ecofloc en leo por 25s (fase: fase1_descarga_low_iter3)
  ├─ [scorpius:cpu] start 21:30:17
  ├─ [leo:sd] start 21:30:17
  ├─ [leo:ram] start 21:30:17
  ├─ [leo:cpu] start 21:30:17
  ├─ [leo:nic] start 21:30:17
✅ Pods listos.
⏳ [21:30:24] Esperando que termine medición: fase1_descarga_low_iter3 (PID: 1205726)
  └─ [nitro5:sd] end 21:30:40
  └─ [nitro5:ram] end 21:30:41
  └─ [nitro5:nic] end 21:30:41
  └─ [nitro5:cpu] end 21:30:42
  └─ [aspire:sd] end 21:30:42
  └─ [scorpius:cpu] end 21:30:42
  └─ [scorpius:sd] end 21:30:43
  └─ [leo:cpu] end 21:30:43
  └─ [leo:sd] end 21:30:43
  └─ [aspire:cpu] end 21:30:43
  └─ [aspire:nic] end 21:30:44
  └─ [aspire:ram] end 21:30:44
  └─ [scorpius:nic] end 21:30:44
  └─ [scorpius:ram] end 21:30:44
  └─ [leo:nic] end 21:30:44
  └─ [leo:ram] end 21:30:44
=== Bloque 25s terminado - Fase: fase1_descarga_low_iter3 ===
[🧹] Limpiando CSVs internos de ecofloc en cada nodo (fase: fase1_descarga_low_iter3)...
  ✔ [nitro5:cpu] limpiado /home/luish/Documents/p3/ecofloc2/ecofloc/ecofloc-cpu/ECOFLOC_CPU_COMM_text.csv
  ✔ [nitro5:nic] limpiado /home/luish/Documents/p3/ecofloc2/ecofloc/ecofloc-nic/ECOFLOC_NIC_COMM_text.csv
  ✔ [nitro5:ram] limpiado /home/luish/Documents/p3/ecofloc2/ecofloc/ecofloc-ram/ECOFLOC_RAM_COMM_text.csv
  ✔ [nitro5:sd] limpiado /home/luish/Documents/p3/ecofloc2/ecofloc/ecofloc-sd/ECOFLOC_SD_COMM_text.csv
  ✔ [leo:cpu] limpiado /home/leo/ecofloc/ecofloc-cpu/ECOFLOC_CPU_COMM_text.csv
  ✔ [leo:nic] limpiado /home/leo/ecofloc/ecofloc-nic/ECOFLOC_NIC_COMM_text.csv
  ✔ [leo:ram] limpiado /home/leo/ecofloc/ecofloc-ram/ECOFLOC_RAM_COMM_text.csv
  ✔ [leo:sd] limpiado /home/leo/ecofloc/ecofloc-sd/ECOFLOC_SD_COMM_text.csv
  ✔ [aspire:cpu] limpiado /home/luish/Documents/p3/ecofloc2/ecofloc/ecofloc-cpu/ECOFLOC_CPU_COMM_text.csv
  ✔ [aspire:nic] limpiado /home/luish/Documents/p3/ecofloc2/ecofloc/ecofloc-nic/ECOFLOC_NIC_COMM_text.csv
  ✔ [aspire:ram] limpiado /home/luish/Documents/p3/ecofloc2/ecofloc/ecofloc-ram/ECOFLOC_RAM_COMM_text.csv
  ✔ [aspire:sd] limpiado /home/luish/Documents/p3/ecofloc2/ecofloc/ecofloc-sd/ECOFLOC_SD_COMM_text.csv
  ✔ [scorpius:cpu] limpiado /home/scorpius03/Documents/ecofloc/ecofloc-cpu/ECOFLOC_CPU_COMM_text.csv
  ✔ [scorpius:nic] limpiado /home/scorpius03/Documents/ecofloc/ecofloc-nic/ECOFLOC_NIC_COMM_text.csv
  ✔ [scorpius:ram] limpiado /home/scorpius03/Documents/ecofloc/ecofloc-ram/ECOFLOC_RAM_COMM_text.csv
  ✔ [scorpius:sd] limpiado /home/scorpius03/Documents/ecofloc/ecofloc-sd/ECOFLOC_SD_COMM_text.csv
========================================
🔋 MEASURE ENERGY FINALIZADO
   Fase: fase1_descarga_low_iter3
========================================
✔️ [21:30:48] Medición fase1_descarga_low_iter3 completada
[📦] Archivando resultados → ./historyexecutions/exp(21:30:53)_fase1_low_iter3
[✔] Archivado: ./historyexecutions/exp(21:30:53)_fase1_low_iter3
========================================
🔋 FASE 2: Preparación de servicios (low, iter 3)
========================================
📋 Capturando PIDs (gepidstea.sh)...
📋 Capturando PIDs de contenedores (kpsnodos.sh)...
🔋 [21:31:11] Iniciando medición de energía: fase2_preparacion_low_iter3 (50s)
   PID de medición: 1273376
========================================
🔋 MEASURE ENERGY - Fase: fase2_preparacion_low_iter3
   Duración: 50s
   PID: 1273376
========================================
=== Medición bloque 50s - Fase: fase2_preparacion_low_iter3 ===
[⏱ 21:31:11] Iniciando ecofloc en nitro5 por 50s (fase: fase2_preparacion_low_iter3)
⏳ Esperando 10s a que CoreDNS se estabilice...
  ├─ [nitro5:sd] start 21:31:12
  ├─ [nitro5:ram] start 21:31:12
  ├─ [nitro5:nic] start 21:31:13
[⏱ 21:31:13] Iniciando ecofloc en aspire por 50s (fase: fase2_preparacion_low_iter3)
  ├─ [nitro5:cpu] start 21:31:13
  ├─ [aspire:sd] start 21:31:13
  ├─ [aspire:ram] start 21:31:13
[⏱ 21:31:13] Iniciando ecofloc en scorpius por 50s (fase: fase2_preparacion_low_iter3)
  ├─ [aspire:nic] start 21:31:13
  ├─ [aspire:cpu] start 21:31:13
  ├─ [scorpius:sd] start 21:31:13
  ├─ [scorpius:ram] start 21:31:13
  ├─ [scorpius:nic] start 21:31:13
[⏱ 21:31:13] Iniciando ecofloc en leo por 50s (fase: fase2_preparacion_low_iter3)
  ├─ [scorpius:cpu] start 21:31:13
  ├─ [leo:ram] start 21:31:13
  ├─ [leo:sd] start 21:31:13
  ├─ [leo:nic] start 21:31:13
  ├─ [leo:cpu] start 21:31:13
➡️ Pod WebUI: teastore-webui-558b54cc77-ft5vj
➡️ Está en el nodo: scorpius03
🌐 IP del nodo WebUI: 192.168.18.34
⏳ Verificando estado del TeaStore en http://192.168.18.34:30080/tools.descartes.teastore.webui/status ...
   ➤ Estado actual: 2 / 5 servicios OK
❌ TeaStore aún no está listo. Reintentando en 10s...
   ➤ Estado actual: 2 / 5 servicios OK
❌ TeaStore aún no está listo. Reintentando en 10s...
   ➤ Estado actual: 2 / 5 servicios OK
❌ TeaStore aún no está listo. Reintentando en 10s...
  └─ [nitro5:sd] end 21:32:02
  └─ [nitro5:ram] end 21:32:02
   ➤ Estado actual: 2 / 5 servicios OK
❌ TeaStore aún no está listo. Reintentando en 10s...
  └─ [nitro5:nic] end 21:32:03
  └─ [nitro5:cpu] end 21:32:03
  └─ [scorpius:sd] end 21:32:05
  └─ [leo:sd] end 21:32:05
  └─ [scorpius:cpu] end 21:32:05
  └─ [scorpius:nic] end 21:32:05
  └─ [scorpius:ram] end 21:32:05
  └─ [leo:nic] end 21:32:06
  └─ [leo:ram] end 21:32:06
  └─ [leo:cpu] end 21:32:06
  └─ [aspire:cpu] end 21:32:06
  └─ [aspire:nic] end 21:32:06
  └─ [aspire:ram] end 21:32:07
  └─ [aspire:sd] end 21:32:07
=== Bloque 50s terminado - Fase: fase2_preparacion_low_iter3 ===
[🧹] Limpiando CSVs internos de ecofloc en cada nodo (fase: fase2_preparacion_low_iter3)...
  ✔ [nitro5:cpu] limpiado /home/luish/Documents/p3/ecofloc2/ecofloc/ecofloc-cpu/ECOFLOC_CPU_COMM_text.csv
  ✔ [nitro5:nic] limpiado /home/luish/Documents/p3/ecofloc2/ecofloc/ecofloc-nic/ECOFLOC_NIC_COMM_text.csv
  ✔ [nitro5:ram] limpiado /home/luish/Documents/p3/ecofloc2/ecofloc/ecofloc-ram/ECOFLOC_RAM_COMM_text.csv
  ✔ [nitro5:sd] limpiado /home/luish/Documents/p3/ecofloc2/ecofloc/ecofloc-sd/ECOFLOC_SD_COMM_text.csv
  ✔ [leo:cpu] limpiado /home/leo/ecofloc/ecofloc-cpu/ECOFLOC_CPU_COMM_text.csv
  ✔ [leo:nic] limpiado /home/leo/ecofloc/ecofloc-nic/ECOFLOC_NIC_COMM_text.csv
  ✔ [leo:ram] limpiado /home/leo/ecofloc/ecofloc-ram/ECOFLOC_RAM_COMM_text.csv
  ✔ [leo:sd] limpiado /home/leo/ecofloc/ecofloc-sd/ECOFLOC_SD_COMM_text.csv
  ✔ [aspire:cpu] limpiado /home/luish/Documents/p3/ecofloc2/ecofloc/ecofloc-cpu/ECOFLOC_CPU_COMM_text.csv
  ✔ [aspire:nic] limpiado /home/luish/Documents/p3/ecofloc2/ecofloc/ecofloc-nic/ECOFLOC_NIC_COMM_text.csv
  ✔ [aspire:ram] limpiado /home/luish/Documents/p3/ecofloc2/ecofloc/ecofloc-ram/ECOFLOC_RAM_COMM_text.csv
  ✔ [aspire:sd] limpiado /home/luish/Documents/p3/ecofloc2/ecofloc/ecofloc-sd/ECOFLOC_SD_COMM_text.csv
  ✔ [scorpius:cpu] limpiado /home/scorpius03/Documents/ecofloc/ecofloc-cpu/ECOFLOC_CPU_COMM_text.csv
  ✔ [scorpius:nic] limpiado /home/scorpius03/Documents/ecofloc/ecofloc-nic/ECOFLOC_NIC_COMM_text.csv
  ✔ [scorpius:ram] limpiado /home/scorpius03/Documents/ecofloc/ecofloc-ram/ECOFLOC_RAM_COMM_text.csv
  ✔ [scorpius:sd] limpiado /home/scorpius03/Documents/ecofloc/ecofloc-sd/ECOFLOC_SD_COMM_text.csv
========================================
🔋 MEASURE ENERGY FINALIZADO
   Fase: fase2_preparacion_low_iter3
========================================
   ➤ Estado actual: 2 / 5 servicios OK
❌ TeaStore aún no está listo. Reintentando en 10s...
   ➤ Estado actual: 2 / 5 servicios OK
❌ TeaStore aún no está listo. Reintentando en 10s...
   ➤ Estado actual: 2 / 5 servicios OK
❌ TeaStore aún no está listo. Reintentando en 10s...
   ➤ Estado actual: 2 / 5 servicios OK
❌ TeaStore aún no está listo. Reintentando en 10s...
   ➤ Estado actual: 5 / 5 servicios OK
✔ TODOS los servicios del TeaStore están OK. Continuando...
⏳ [21:33:00] Esperando que termine medición: fase2_preparacion_low_iter3 (PID: 1273376)
✔️ [21:33:00] Medición fase2_preparacion_low_iter3 completada
[📦] Archivando resultados → ./historyexecutions/exp(21:33:05)_fase2_low_iter3
[✔] Archivado: ./historyexecutions/exp(21:33:05)_fase2_low_iter3
========================================
🔋 FASE 3: Ejecución de carga (low, iter 3)
========================================
📋 Capturando PIDs (gepidstea.sh)...
📋 Capturando PIDs de contenedores (kpsnodos.sh)...
🔋 [21:33:25] Iniciando medición de energía: fase3_carga_low_iter3 (145s)
   PID de medición: 1406849
=== Escenario low (iter 3) ===
========================================
🔋 MEASURE ENERGY - Fase: fase3_carga_low_iter3
   Duración: 145s
   PID: 1406849
========================================
=== Medición bloque 145s - Fase: fase3_carga_low_iter3 ===
🚀 Iniciando LIMBO con profile=/home/luish/Documents/death/teastore/TeaStore/examples/httploadgenerator/increasingLowIntensity.csv y script=/home/luish/Documents/death/teastore/TeaStore/examples/httploadgenerator/teastore_buy.lua
[⏱ 21:33:25] Iniciando ecofloc en nitro5 por 145s (fase: fase3_carga_low_iter3)
Feb 24, 2026 9:33:25 PM tools.descartes.dlim.httploadgenerator.runner.Director executeDirector
WARNING: No power measurements
Feb 24, 2026 9:33:25 PM tools.descartes.dlim.httploadgenerator.runner.Director executeDirector
INFO: Load Generator Thread Count set to 64
Feb 24, 2026 9:33:25 PM tools.descartes.dlim.httploadgenerator.runner.Director executeDirector
INFO: URL connection timout set to 30000 ms
Feb 24, 2026 9:33:25 PM tools.descartes.dlim.httploadgenerator.runner.Director executeDirector
INFO: Using Lua Script: /home/luish/Documents/death/teastore/TeaStore/examples/httploadgenerator/teastore_buy.lua
Feb 24, 2026 9:33:25 PM tools.descartes.dlim.httploadgenerator.runner.Director process
INFO: Read 120 Arrival Rate Tuples
Load Generator sent: ok
Feb 24, 2026 9:33:25 PM tools.descartes.dlim.httploadgenerator.runner.Director process
INFO: Arrival Rates sent to Load Generator(s).
Load Generator sent: ok
Feb 24, 2026 9:33:25 PM tools.descartes.dlim.httploadgenerator.runner.Director process
INFO: Thread Count sent to Load Generator(s): 64
Load Generator sent: ok
Feb 24, 2026 9:33:25 PM tools.descartes.dlim.httploadgenerator.runner.Director process
INFO: URL connection timeout sent to Load Generator(s): 30000
Load Generator sent: ok
Feb 24, 2026 9:33:25 PM tools.descartes.dlim.httploadgenerator.runner.Director process
INFO: Contents of script sent to Load Generator: /home/luish/Documents/death/teastore/TeaStore/examples/httploadgenerator/teastore_buy.lua
Feb 24, 2026 9:33:25 PM tools.descartes.dlim.httploadgenerator.runner.Director process
INFO: Starting Load Generation
Beginning Run @1771986805330(24.02.2026;21:33:25330)
Target Time = 0.5; Load Intensity = 0.0; #Success = 0; #Failed = 0; #Dropped = 0
  ├─ [nitro5:sd] start 21:33:25
  ├─ [nitro5:ram] start 21:33:25
  ├─ [nitro5:nic] start 21:33:26
[⏱ 21:33:26] Iniciando ecofloc en aspire por 145s (fase: fase3_carga_low_iter3)
  ├─ [nitro5:cpu] start 21:33:26
  ├─ [aspire:sd] start 21:33:26
  ├─ [aspire:ram] start 21:33:26
  ├─ [aspire:nic] start 21:33:26
[⏱ 21:33:26] Iniciando ecofloc en scorpius por 145s (fase: fase3_carga_low_iter3)
  ├─ [aspire:cpu] start 21:33:26
  ├─ [scorpius:sd] start 21:33:26
  ├─ [scorpius:ram] start 21:33:26
  ├─ [scorpius:nic] start 21:33:26
[⏱ 21:33:26] Iniciando ecofloc en leo por 145s (fase: fase3_carga_low_iter3)
  ├─ [scorpius:cpu] start 21:33:26
  ├─ [leo:sd] start 21:33:26
  ├─ [leo:ram] start 21:33:26
  ├─ [leo:nic] start 21:33:26
  ├─ [leo:cpu] start 21:33:26
Target Time = 1.5; Load Intensity = 1.0; #Success = 0; #Failed = 0; #Dropped = 0
Target Time = 2.5; Load Intensity = 2.0; #Success = 0; #Failed = 0; #Dropped = 0
Target Time = 3.5; Load Intensity = 2.0; #Success = 0; #Failed = 0; #Dropped = 0
Target Time = 4.5; Load Intensity = 3.0; #Success = 8; #Failed = 0; #Dropped = 0
Target Time = 5.5; Load Intensity = 4.0; #Success = 4; #Failed = 0; #Dropped = 0
Target Time = 6.5; Load Intensity = 5.0; #Success = 4; #Failed = 0; #Dropped = 0
Target Time = 7.5; Load Intensity = 6.0; #Success = 6; #Failed = 0; #Dropped = 0
Target Time = 8.5; Load Intensity = 7.0; #Success = 6; #Failed = 0; #Dropped = 0
Target Time = 9.5; Load Intensity = 7.0; #Success = 5; #Failed = 0; #Dropped = 0
Target Time = 10.5; Load Intensity = 8.0; #Success = 6; #Failed = 0; #Dropped = 0
Target Time = 11.5; Load Intensity = 9.0; #Success = 10; #Failed = 0; #Dropped = 0
Target Time = 12.5; Load Intensity = 10.0; #Success = 13; #Failed = 0; #Dropped = 0
Target Time = 13.5; Load Intensity = 11.0; #Success = 1; #Failed = 0; #Dropped = 0
Target Time = 14.5; Load Intensity = 12.0; #Success = 1; #Failed = 0; #Dropped = 0
Target Time = 15.5; Load Intensity = 12.0; #Success = 0; #Failed = 0; #Dropped = 0
Target Time = 16.5; Load Intensity = 13.0; #Success = 19; #Failed = 0; #Dropped = 0
Target Time = 17.5; Load Intensity = 14.0; #Success = 0; #Failed = 0; #Dropped = 0
Target Time = 18.5; Load Intensity = 15.0; #Success = 0; #Failed = 0; #Dropped = 0
Target Time = 19.5; Load Intensity = 16.0; #Success = 0; #Failed = 0; #Dropped = 0
Target Time = 20.5; Load Intensity = 17.0; #Success = 0; #Failed = 0; #Dropped = 0
Target Time = 21.5; Load Intensity = 17.0; #Success = 0; #Failed = 0; #Dropped = 0
Target Time = 22.5; Load Intensity = 18.0; #Success = 0; #Failed = 0; #Dropped = 0
Target Time = 23.5; Load Intensity = 19.0; #Success = 0; #Failed = 0; #Dropped = 0
Target Time = 24.5; Load Intensity = 20.0; #Success = 0; #Failed = 17; #Dropped = 0
  └─ [scorpius:nic] end 21:33:49
Target Time = 25.5; Load Intensity = 21.0; #Success = 0; #Failed = 1; #Dropped = 0
Target Time = 26.5; Load Intensity = 22.0; #Success = 18; #Failed = 1; #Dropped = 0
Target Time = 27.5; Load Intensity = 22.0; #Success = 12; #Failed = 3; #Dropped = 0
Target Time = 28.5; Load Intensity = 23.0; #Success = 5; #Failed = 0; #Dropped = 0
Target Time = 29.5; Load Intensity = 24.0; #Success = 1; #Failed = 0; #Dropped = 0
Target Time = 30.5; Load Intensity = 25.0; #Success = 4; #Failed = 0; #Dropped = 0
Target Time = 31.5; Load Intensity = 26.0; #Success = 6; #Failed = 2; #Dropped = 0
Target Time = 32.5; Load Intensity = 27.0; #Success = 17; #Failed = 0; #Dropped = 0
Target Time = 33.5; Load Intensity = 27.0; #Success = 20; #Failed = 0; #Dropped = 0
Target Time = 34.5; Load Intensity = 28.0; #Success = 24; #Failed = 0; #Dropped = 0
Target Time = 35.5; Load Intensity = 29.0; #Success = 1; #Failed = 0; #Dropped = 0
Target Time = 36.5; Load Intensity = 30.0; #Success = 0; #Failed = 0; #Dropped = 0
Target Time = 37.5; Load Intensity = 31.0; #Success = 0; #Failed = 0; #Dropped = 0
Target Time = 38.5; Load Intensity = 32.0; #Success = 0; #Failed = 0; #Dropped = 0
Target Time = 39.5; Load Intensity = 32.0; #Success = 0; #Failed = 0; #Dropped = 0
Target Time = 40.5; Load Intensity = 33.0; #Success = 0; #Failed = 0; #Dropped = 0
Target Time = 41.5; Load Intensity = 34.0; #Success = 0; #Failed = 0; #Dropped = 0
Target Time = 42.5; Load Intensity = 35.0; #Success = 0; #Failed = 0; #Dropped = 0
Target Time = 43.5; Load Intensity = 36.0; #Success = 0; #Failed = 0; #Dropped = 0
Target Time = 44.5; Load Intensity = 37.0; #Success = 1; #Failed = 0; #Dropped = 0
Target Time = 45.5; Load Intensity = 37.0; #Success = 0; #Failed = 0; #Dropped = 0
Target Time = 46.5; Load Intensity = 38.0; #Success = 1; #Failed = 2; #Dropped = 0
Target Time = 47.5; Load Intensity = 39.0; #Success = 1; #Failed = 0; #Dropped = 0
Target Time = 48.5; Load Intensity = 40.0; #Success = 0; #Failed = 0; #Dropped = 0
Target Time = 49.5; Load Intensity = 41.0; #Success = 0; #Failed = 0; #Dropped = 0
Target Time = 50.5; Load Intensity = 42.0; #Success = 0; #Failed = 21; #Dropped = 0
Target Time = 51.5; Load Intensity = 42.0; #Success = 0; #Failed = 20; #Dropped = 0
Target Time = 52.5; Load Intensity = 43.0; #Success = 0; #Failed = 3; #Dropped = 0
Target Time = 53.5; Load Intensity = 44.0; #Success = 0; #Failed = 10; #Dropped = 0
Target Time = 54.5; Load Intensity = 45.0; #Success = 0; #Failed = 4; #Dropped = 0
Target Time = 55.5; Load Intensity = 46.0; #Success = 0; #Failed = 1; #Dropped = 0
Target Time = 56.5; Load Intensity = 47.0; #Success = 0; #Failed = 0; #Dropped = 0
Target Time = 57.5; Load Intensity = 47.0; #Success = 0; #Failed = 1; #Dropped = 0
Target Time = 58.5; Load Intensity = 48.0; #Success = 0; #Failed = 5; #Dropped = 0
Target Time = 59.5; Load Intensity = 49.0; #Success = 0; #Failed = 6; #Dropped = 6
Target Time = 60.5; Load Intensity = 50.0; #Success = 0; #Failed = 5; #Dropped = 19
Target Time = 61.5; Load Intensity = 51.0; #Success = 0; #Failed = 5; #Dropped = 14
Target Time = 62.5; Load Intensity = 52.0; #Success = 0; #Failed = 3; #Dropped = 18
Target Time = 63.5; Load Intensity = 52.0; #Success = 0; #Failed = 4; #Dropped = 34
Target Time = 64.5; Load Intensity = 53.0; #Success = 0; #Failed = 4; #Dropped = 20
Target Time = 65.5; Load Intensity = 54.0; #Success = 0; #Failed = 4; #Dropped = 13
Target Time = 66.5; Load Intensity = 55.0; #Success = 0; #Failed = 0; #Dropped = 0
Target Time = 67.5; Load Intensity = 56.0; #Success = 0; #Failed = 13; #Dropped = 66
Target Time = 68.5; Load Intensity = 57.0; #Success = 0; #Failed = 6; #Dropped = 25
Target Time = 69.5; Load Intensity = 57.0; #Success = 0; #Failed = 3; #Dropped = 27
Target Time = 70.5; Load Intensity = 58.0; #Success = 1; #Failed = 21; #Dropped = 25
Target Time = 71.5; Load Intensity = 59.0; #Success = 0; #Failed = 10; #Dropped = 13
Target Time = 72.5; Load Intensity = 60.0; #Success = 0; #Failed = 8; #Dropped = 18
Target Time = 73.5; Load Intensity = 61.0; #Success = 0; #Failed = 11; #Dropped = 39
Target Time = 74.5; Load Intensity = 62.0; #Success = 0; #Failed = 12; #Dropped = 19
Target Time = 75.5; Load Intensity = 62.0; #Success = 0; #Failed = 28; #Dropped = 8
Target Time = 76.5; Load Intensity = 63.0; #Success = 0; #Failed = 3; #Dropped = 29
Target Time = 77.5; Load Intensity = 64.0; #Success = 0; #Failed = 2; #Dropped = 38
Target Time = 78.5; Load Intensity = 65.0; #Success = 0; #Failed = 0; #Dropped = 0
Target Time = 79.5; Load Intensity = 66.0; #Success = 0; #Failed = 0; #Dropped = 0
Target Time = 80.5; Load Intensity = 67.0; #Success = 0; #Failed = 0; #Dropped = 0
Target Time = 81.5; Load Intensity = 67.0; #Success = 0; #Failed = 0; #Dropped = 0
Target Time = 82.5; Load Intensity = 68.0; #Success = 0; #Failed = 0; #Dropped = 0
Target Time = 83.5; Load Intensity = 69.0; #Success = 0; #Failed = 6; #Dropped = 248
Target Time = 84.5; Load Intensity = 70.0; #Success = 0; #Failed = 6; #Dropped = 39
Target Time = 85.5; Load Intensity = 71.0; #Success = 0; #Failed = 1; #Dropped = 10
Target Time = 86.5; Load Intensity = 72.0; #Success = 0; #Failed = 0; #Dropped = 0
Target Time = 87.5; Load Intensity = 72.0; #Success = 0; #Failed = 0; #Dropped = 0
Target Time = 88.5; Load Intensity = 73.0; #Success = 0; #Failed = 0; #Dropped = 0
Target Time = 89.5; Load Intensity = 74.0; #Success = 1; #Failed = 1; #Dropped = 198
Target Time = 90.5; Load Intensity = 75.0; #Success = 1; #Failed = 0; #Dropped = 69
Target Time = 91.5; Load Intensity = 76.0; #Success = 5; #Failed = 0; #Dropped = 48
Target Time = 92.5; Load Intensity = 77.0; #Success = 0; #Failed = 0; #Dropped = 0
Target Time = 93.5; Load Intensity = 77.0; #Success = 1; #Failed = 0; #Dropped = 110
Target Time = 94.5; Load Intensity = 78.0; #Success = 1; #Failed = 0; #Dropped = 43
Target Time = 95.5; Load Intensity = 79.0; #Success = 1; #Failed = 0; #Dropped = 33
Target Time = 96.5; Load Intensity = 80.0; #Success = 0; #Failed = 1; #Dropped = 49
Target Time = 97.5; Load Intensity = 81.0; #Success = 3; #Failed = 0; #Dropped = 69
Target Time = 98.5; Load Intensity = 82.0; #Success = 0; #Failed = 7; #Dropped = 38
Target Time = 99.5; Load Intensity = 82.0; #Success = 1; #Failed = 0; #Dropped = 60
Target Time = 100.5; Load Intensity = 83.0; #Success = 3; #Failed = 0; #Dropped = 81
Target Time = 101.5; Load Intensity = 84.0; #Success = 3; #Failed = 0; #Dropped = 53
Target Time = 102.5; Load Intensity = 85.0; #Success = 2; #Failed = 1; #Dropped = 46
Target Time = 103.5; Load Intensity = 86.0; #Success = 0; #Failed = 1; #Dropped = 48
Target Time = 104.5; Load Intensity = 87.0; #Success = 5; #Failed = 3; #Dropped = 81
Target Time = 105.5; Load Intensity = 87.0; #Success = 12; #Failed = 3; #Dropped = 47
Target Time = 106.5; Load Intensity = 88.0; #Success = 1; #Failed = 1; #Dropped = 42
Target Time = 107.5; Load Intensity = 89.0; #Success = 1; #Failed = 1; #Dropped = 74
Target Time = 108.5; Load Intensity = 90.0; #Success = 0; #Failed = 7; #Dropped = 35
Target Time = 109.5; Load Intensity = 91.0; #Success = 0; #Failed = 4; #Dropped = 49
Target Time = 110.5; Load Intensity = 92.0; #Success = 0; #Failed = 2; #Dropped = 73
Target Time = 111.5; Load Intensity = 92.0; #Success = 0; #Failed = 2; #Dropped = 42
Target Time = 112.5; Load Intensity = 93.0; #Success = 1; #Failed = 6; #Dropped = 72
Target Time = 113.5; Load Intensity = 94.0; #Success = 5; #Failed = 0; #Dropped = 110
Target Time = 114.5; Load Intensity = 95.0; #Success = 4; #Failed = 0; #Dropped = 61
Target Time = 115.5; Load Intensity = 96.0; #Success = 1; #Failed = 0; #Dropped = 16
Target Time = 116.5; Load Intensity = 97.0; #Success = 0; #Failed = 11; #Dropped = 119
Target Time = 117.5; Load Intensity = 97.0; #Success = 0; #Failed = 11; #Dropped = 63
Target Time = 118.5; Load Intensity = 98.0; #Success = 0; #Failed = 13; #Dropped = 60
Target Time = 119.5; Load Intensity = 99.0; #Success = 1; #Failed = 3; #Dropped = 39
Target Time = 120.5; Load Intensity = 0.0; #Success = 0; #Failed = 3; #Dropped = 81
Target Time = 121.5; Load Intensity = 0.0; #Success = 0; #Failed = 5; #Dropped = 99
Target Time = 122.5; Load Intensity = 0.0; #Success = 0; #Failed = 2; #Dropped = 15
Target Time = 123.5; Load Intensity = 0.0; #Success = 0; #Failed = 6; #Dropped = 130
Target Time = 124.5; Load Intensity = 0.0; #Success = 0; #Failed = 44; #Dropped = 23
Target Time = 125.5; Load Intensity = 0.0; #Success = 0; #Failed = 1; #Dropped = 14
Target Time = 126.5; Load Intensity = 0.0; #Success = 0; #Failed = 3; #Dropped = 126
Target Time = 127.5; Load Intensity = 0.0; #Success = 0; #Failed = 2; #Dropped = 56
Target Time = 128.5; Load Intensity = 0.0; #Success = 1; #Failed = 0; #Dropped = 83
Target Time = 129.5; Load Intensity = 0.0; #Success = 0; #Failed = 0; #Dropped = 0
Target Time = 130.5; Load Intensity = 0.0; #Success = 0; #Failed = 0; #Dropped = 0
Target Time = 131.5; Load Intensity = 0.0; #Success = 0; #Failed = 0; #Dropped = 0
Target Time = 132.5; Load Intensity = 0.0; #Success = 0; #Failed = 0; #Dropped = 0
Target Time = 133.5; Load Intensity = 0.0; #Success = 0; #Failed = 0; #Dropped = 0
Target Time = 134.5; Load Intensity = 0.0; #Success = 0; #Failed = 0; #Dropped = 0
Target Time = 135.5; Load Intensity = 0.0; #Success = 0; #Failed = 0; #Dropped = 0
Target Time = 136.5; Load Intensity = 0.0; #Success = 0; #Failed = 1; #Dropped = 673
Target Time = 137.5; Load Intensity = 0.0; #Success = 0; #Failed = 0; #Dropped = 0
Target Time = 138.5; Load Intensity = 0.0; #Success = 0; #Failed = 0; #Dropped = 0
Target Time = 139.5; Load Intensity = 0.0; #Success = 0; #Failed = 0; #Dropped = 0
Target Time = 140.5; Load Intensity = 0.0; #Success = 1; #Failed = 2; #Dropped = 399
Target Time = 141.5; Load Intensity = 0.0; #Success = 0; #Failed = 9; #Dropped = 77
Target Time = 142.5; Load Intensity = 0.0; #Success = 0; #Failed = 1; #Dropped = 93
Target Time = 143.5; Load Intensity = 0.0; #Success = 0; #Failed = 8; #Dropped = 103
Target Time = 144.5; Load Intensity = 0.0; #Success = 0; #Failed = 11; #Dropped = 48
  └─ [nitro5:sd] end 21:35:50
Target Time = 145.5; Load Intensity = 0.0; #Success = 0; #Failed = 0; #Dropped = 0
  └─ [nitro5:ram] end 21:35:51
  └─ [nitro5:nic] end 21:35:51
  └─ [nitro5:cpu] end 21:35:51
Target Time = 146.5; Load Intensity = 0.0; #Success = 0; #Failed = 3; #Dropped = 131
Target Time = 147.5; Load Intensity = 0.0; #Success = 0; #Failed = 3; #Dropped = 119
Target Time = 148.5; Load Intensity = 0.0; #Success = 0; #Failed = 0; #Dropped = 0
Target Time = 149.5; Load Intensity = 0.0; #Success = 0; #Failed = 6; #Dropped = 240
Target Time = 150.5; Load Intensity = 0.0; #Success = 0; #Failed = 0; #Dropped = 0
Target Time = 151.5; Load Intensity = 0.0; #Success = 1; #Failed = 0; #Dropped = 20
Target Time = 152.5; Load Intensity = 0.0; #Success = 1; #Failed = 10; #Dropped = 0
Target Time = 153.5; Load Intensity = 0.0; #Success = 1; #Failed = 4; #Dropped = 0
Target Time = 154.5; Load Intensity = 0.0; #Success = 2; #Failed = 1; #Dropped = 0
Target Time = 155.5; Load Intensity = 0.0; #Success = 0; #Failed = 0; #Dropped = 0
  └─ [leo:cpu] end 21:36:01
  └─ [leo:sd] end 21:36:01
Target Time = 156.5; Load Intensity = 0.0; #Success = 0; #Failed = 41; #Dropped = 0
Target Time = 157.5; Load Intensity = 0.0; #Success = 0; #Failed = 0; #Dropped = 0
  └─ [leo:ram] end 21:36:03
Target Time = 158.5; Load Intensity = 0.0; #Success = 0; #Failed = 0; #Dropped = 0
  └─ [scorpius:cpu] end 21:36:03
  └─ [scorpius:ram] end 21:36:04
  └─ [leo:nic] end 21:36:04
Target Time = 159.5; Load Intensity = 0.0; #Success = 0; #Failed = 1; #Dropped = 0
  └─ [scorpius:sd] end 21:36:05
Target Time = 160.5; Load Intensity = 0.0; #Success = 0; #Failed = 0; #Dropped = 0
Target Time = 161.5; Load Intensity = 0.0; #Success = 0; #Failed = 2; #Dropped = 0
  └─ [aspire:nic] end 21:36:07
  └─ [aspire:cpu] end 21:36:07
  └─ [aspire:ram] end 21:36:07
  └─ [aspire:sd] end 21:36:07
=== Bloque 145s terminado - Fase: fase3_carga_low_iter3 ===
[🧹] Limpiando CSVs internos de ecofloc en cada nodo (fase: fase3_carga_low_iter3)...
  ✔ [nitro5:cpu] limpiado /home/luish/Documents/p3/ecofloc2/ecofloc/ecofloc-cpu/ECOFLOC_CPU_COMM_text.csv
  ✔ [nitro5:nic] limpiado /home/luish/Documents/p3/ecofloc2/ecofloc/ecofloc-nic/ECOFLOC_NIC_COMM_text.csv
  ✔ [nitro5:ram] limpiado /home/luish/Documents/p3/ecofloc2/ecofloc/ecofloc-ram/ECOFLOC_RAM_COMM_text.csv
  ✔ [nitro5:sd] limpiado /home/luish/Documents/p3/ecofloc2/ecofloc/ecofloc-sd/ECOFLOC_SD_COMM_text.csv
  ✔ [leo:cpu] limpiado /home/leo/ecofloc/ecofloc-cpu/ECOFLOC_CPU_COMM_text.csv
  ✔ [leo:nic] limpiado /home/leo/ecofloc/ecofloc-nic/ECOFLOC_NIC_COMM_text.csv
  ✔ [leo:ram] limpiado /home/leo/ecofloc/ecofloc-ram/ECOFLOC_RAM_COMM_text.csv
  ✔ [leo:sd] limpiado /home/leo/ecofloc/ecofloc-sd/ECOFLOC_SD_COMM_text.csv
  ✔ [aspire:cpu] limpiado /home/luish/Documents/p3/ecofloc2/ecofloc/ecofloc-cpu/ECOFLOC_CPU_COMM_text.csv
  ✔ [aspire:nic] limpiado /home/luish/Documents/p3/ecofloc2/ecofloc/ecofloc-nic/ECOFLOC_NIC_COMM_text.csv
  ✔ [aspire:ram] limpiado /home/luish/Documents/p3/ecofloc2/ecofloc/ecofloc-ram/ECOFLOC_RAM_COMM_text.csv
  ✔ [aspire:sd] limpiado /home/luish/Documents/p3/ecofloc2/ecofloc/ecofloc-sd/ECOFLOC_SD_COMM_text.csv
  ✔ [scorpius:cpu] limpiado /home/scorpius03/Documents/ecofloc/ecofloc-cpu/ECOFLOC_CPU_COMM_text.csv
  ✔ [scorpius:nic] limpiado /home/scorpius03/Documents/ecofloc/ecofloc-nic/ECOFLOC_NIC_COMM_text.csv
  ✔ [scorpius:ram] limpiado /home/scorpius03/Documents/ecofloc/ecofloc-ram/ECOFLOC_RAM_COMM_text.csv
  ✔ [scorpius:sd] limpiado /home/scorpius03/Documents/ecofloc/ecofloc-sd/ECOFLOC_SD_COMM_text.csv
========================================
🔋 MEASURE ENERGY FINALIZADO
   Fase: fase3_carga_low_iter3
========================================
Workload finished.
Log finished.
📄 LIMBO finalizado para scenario=low
⏳ [21:36:11] Esperando que termine medición: fase3_carga_low_iter3 (PID: 1406849)
✔️ [21:36:11] Medición fase3_carga_low_iter3 completada
[📦] Archivando resultados → ./historyexecutions/exp(21:36:16)_fase3_low_iter3
[✔] Archivado: ./historyexecutions/exp(21:36:16)_fase3_low_iter3
🧹 Limpiando TeaStore (iter 3)...
⏸ Esperando 15s para limpieza completa...
✅ Iteración 3 / 9 del escenario low completada.

########################################################
🔄 ESCENARIO: low | ITERACIÓN: 4 / 9
   Hora: 21:37:05
########################################################
========================================
🔋 FASE 1: Descarga de imágenes (low, iter 4)
========================================
📋 Capturando PIDs (gepidstea.sh)...
📋 Capturando PIDs de contenedores (kpsnodos.sh)...
🔋 [21:37:27] Iniciando medición de energía: fase1_descarga_low_iter4 (25s)
   PID de medición: 1776904
🚀 Desplegando TeaStore desde https://raw.githubusercontent.com/DescartesResearch/TeaStore/master/examples/kubernetes/teastore-ribbon.yaml...
========================================
🔋 MEASURE ENERGY - Fase: fase1_descarga_low_iter4
   Duración: 25s
   PID: 1776904
========================================
=== Medición bloque 25s - Fase: fase1_descarga_low_iter4 ===
[⏱ 21:37:27] Iniciando ecofloc en nitro5 por 25s (fase: fase1_descarga_low_iter4)
⏳ Esperando a que todos los pods de TeaStore estén Running y Ready...
  ├─ [nitro5:sd] start 21:37:27
  ├─ [nitro5:ram] start 21:37:28
  ├─ [nitro5:nic] start 21:37:28
[⏱ 21:37:28] Iniciando ecofloc en aspire por 25s (fase: fase1_descarga_low_iter4)
  ├─ [nitro5:cpu] start 21:37:28
  ├─ [aspire:sd] start 21:37:28
  ├─ [aspire:ram] start 21:37:28
[⏱ 21:37:28] Iniciando ecofloc en scorpius por 25s (fase: fase1_descarga_low_iter4)
  ├─ [aspire:nic] start 21:37:28
  ├─ [aspire:cpu] start 21:37:28
  ├─ [scorpius:sd] start 21:37:29
  ├─ [scorpius:ram] start 21:37:29
  ├─ [scorpius:nic] start 21:37:29
[⏱ 21:37:29] Iniciando ecofloc en leo por 25s (fase: fase1_descarga_low_iter4)
  ├─ [scorpius:cpu] start 21:37:29
  ├─ [leo:sd] start 21:37:29
  ├─ [leo:ram] start 21:37:29
  ├─ [leo:nic] start 21:37:29
  ├─ [leo:cpu] start 21:37:29
✅ Pods listos.
⏳ [21:37:39] Esperando que termine medición: fase1_descarga_low_iter4 (PID: 1776904)
  └─ [nitro5:sd] end 21:37:52
  └─ [nitro5:ram] end 21:37:53
  └─ [nitro5:nic] end 21:37:53
  └─ [nitro5:cpu] end 21:37:54
  └─ [leo:sd] end 21:37:54
  └─ [scorpius:sd] end 21:37:55
  └─ [leo:cpu] end 21:37:55
  └─ [scorpius:cpu] end 21:37:55
  └─ [leo:nic] end 21:37:55
  └─ [scorpius:nic] end 21:37:55
  └─ [aspire:cpu] end 21:37:56
  └─ [leo:ram] end 21:37:56
  └─ [aspire:sd] end 21:37:56
  └─ [scorpius:ram] end 21:37:56
  └─ [aspire:nic] end 21:37:56
  └─ [aspire:ram] end 21:37:56
=== Bloque 25s terminado - Fase: fase1_descarga_low_iter4 ===
[🧹] Limpiando CSVs internos de ecofloc en cada nodo (fase: fase1_descarga_low_iter4)...
  ✔ [nitro5:cpu] limpiado /home/luish/Documents/p3/ecofloc2/ecofloc/ecofloc-cpu/ECOFLOC_CPU_COMM_text.csv
  ✔ [nitro5:nic] limpiado /home/luish/Documents/p3/ecofloc2/ecofloc/ecofloc-nic/ECOFLOC_NIC_COMM_text.csv
  ✔ [nitro5:ram] limpiado /home/luish/Documents/p3/ecofloc2/ecofloc/ecofloc-ram/ECOFLOC_RAM_COMM_text.csv
  ✔ [nitro5:sd] limpiado /home/luish/Documents/p3/ecofloc2/ecofloc/ecofloc-sd/ECOFLOC_SD_COMM_text.csv
  ✔ [leo:cpu] limpiado /home/leo/ecofloc/ecofloc-cpu/ECOFLOC_CPU_COMM_text.csv
  ✔ [leo:nic] limpiado /home/leo/ecofloc/ecofloc-nic/ECOFLOC_NIC_COMM_text.csv
  ✔ [leo:ram] limpiado /home/leo/ecofloc/ecofloc-ram/ECOFLOC_RAM_COMM_text.csv
  ✔ [leo:sd] limpiado /home/leo/ecofloc/ecofloc-sd/ECOFLOC_SD_COMM_text.csv
  ✔ [aspire:cpu] limpiado /home/luish/Documents/p3/ecofloc2/ecofloc/ecofloc-cpu/ECOFLOC_CPU_COMM_text.csv
  ✔ [aspire:nic] limpiado /home/luish/Documents/p3/ecofloc2/ecofloc/ecofloc-nic/ECOFLOC_NIC_COMM_text.csv
  ✔ [aspire:ram] limpiado /home/luish/Documents/p3/ecofloc2/ecofloc/ecofloc-ram/ECOFLOC_RAM_COMM_text.csv
  ✔ [aspire:sd] limpiado /home/luish/Documents/p3/ecofloc2/ecofloc/ecofloc-sd/ECOFLOC_SD_COMM_text.csv
  ✔ [scorpius:cpu] limpiado /home/scorpius03/Documents/ecofloc/ecofloc-cpu/ECOFLOC_CPU_COMM_text.csv
  ✔ [scorpius:nic] limpiado /home/scorpius03/Documents/ecofloc/ecofloc-nic/ECOFLOC_NIC_COMM_text.csv
  ✔ [scorpius:ram] limpiado /home/scorpius03/Documents/ecofloc/ecofloc-ram/ECOFLOC_RAM_COMM_text.csv
  ✔ [scorpius:sd] limpiado /home/scorpius03/Documents/ecofloc/ecofloc-sd/ECOFLOC_SD_COMM_text.csv
========================================
🔋 MEASURE ENERGY FINALIZADO
   Fase: fase1_descarga_low_iter4
========================================
✔️ [21:38:00] Medición fase1_descarga_low_iter4 completada
[📦] Archivando resultados → ./historyexecutions/exp(21:38:05)_fase1_low_iter4
[✔] Archivado: ./historyexecutions/exp(21:38:05)_fase1_low_iter4
========================================
🔋 FASE 2: Preparación de servicios (low, iter 4)
========================================
📋 Capturando PIDs (gepidstea.sh)...
📋 Capturando PIDs de contenedores (kpsnodos.sh)...
🔋 [21:38:23] Iniciando medición de energía: fase2_preparacion_low_iter4 (50s)
   PID de medición: 1842989
========================================
🔋 MEASURE ENERGY - Fase: fase2_preparacion_low_iter4
   Duración: 50s
   PID: 1842989
========================================
=== Medición bloque 50s - Fase: fase2_preparacion_low_iter4 ===
[⏱ 21:38:23] Iniciando ecofloc en nitro5 por 50s (fase: fase2_preparacion_low_iter4)
⏳ Esperando 10s a que CoreDNS se estabilice...
  ├─ [nitro5:sd] start 21:38:23
  ├─ [nitro5:ram] start 21:38:24
  ├─ [nitro5:nic] start 21:38:24
[⏱ 21:38:25] Iniciando ecofloc en aspire por 50s (fase: fase2_preparacion_low_iter4)
  ├─ [nitro5:cpu] start 21:38:25
  ├─ [aspire:sd] start 21:38:25
  ├─ [aspire:ram] start 21:38:25
  ├─ [aspire:nic] start 21:38:25
[⏱ 21:38:25] Iniciando ecofloc en scorpius por 50s (fase: fase2_preparacion_low_iter4)
  ├─ [aspire:cpu] start 21:38:25
  ├─ [scorpius:sd] start 21:38:25
  ├─ [scorpius:ram] start 21:38:25
[⏱ 21:38:25] Iniciando ecofloc en leo por 50s (fase: fase2_preparacion_low_iter4)
  ├─ [scorpius:nic] start 21:38:25
  ├─ [scorpius:cpu] start 21:38:25
  ├─ [leo:sd] start 21:38:25
  ├─ [leo:ram] start 21:38:25
  ├─ [leo:nic] start 21:38:25
  ├─ [leo:cpu] start 21:38:25
➡️ Pod WebUI: teastore-webui-558b54cc77-gml8c
➡️ Está en el nodo: luish-aspire-a315-55g
🌐 IP del nodo WebUI: 192.168.18.37
⏳ Verificando estado del TeaStore en http://192.168.18.37:30080/tools.descartes.teastore.webui/status ...
   ➤ Estado actual: 2 / 5 servicios OK
❌ TeaStore aún no está listo. Reintentando en 10s...
   ➤ Estado actual: 2 / 5 servicios OK
❌ TeaStore aún no está listo. Reintentando en 10s...
   ➤ Estado actual: 2 / 5 servicios OK
❌ TeaStore aún no está listo. Reintentando en 10s...
   ➤ Estado actual: 2 / 5 servicios OK
❌ TeaStore aún no está listo. Reintentando en 10s...
  └─ [nitro5:sd] end 21:39:13
  └─ [nitro5:ram] end 21:39:14
  └─ [nitro5:nic] end 21:39:14
  └─ [nitro5:cpu] end 21:39:15
  └─ [scorpius:sd] end 21:39:16
  └─ [leo:sd] end 21:39:16
  └─ [scorpius:cpu] end 21:39:16
  └─ [leo:nic] end 21:39:16
  └─ [leo:cpu] end 21:39:16
  └─ [leo:ram] end 21:39:17
  └─ [scorpius:nic] end 21:39:17
  └─ [scorpius:ram] end 21:39:17
  └─ [aspire:sd] end 21:39:18
  └─ [aspire:cpu] end 21:39:18
  └─ [aspire:ram] end 21:39:18
  └─ [aspire:nic] end 21:39:18
=== Bloque 50s terminado - Fase: fase2_preparacion_low_iter4 ===
[🧹] Limpiando CSVs internos de ecofloc en cada nodo (fase: fase2_preparacion_low_iter4)...
  ✔ [nitro5:cpu] limpiado /home/luish/Documents/p3/ecofloc2/ecofloc/ecofloc-cpu/ECOFLOC_CPU_COMM_text.csv
  ✔ [nitro5:nic] limpiado /home/luish/Documents/p3/ecofloc2/ecofloc/ecofloc-nic/ECOFLOC_NIC_COMM_text.csv
  ✔ [nitro5:ram] limpiado /home/luish/Documents/p3/ecofloc2/ecofloc/ecofloc-ram/ECOFLOC_RAM_COMM_text.csv
  ✔ [nitro5:sd] limpiado /home/luish/Documents/p3/ecofloc2/ecofloc/ecofloc-sd/ECOFLOC_SD_COMM_text.csv
  ✔ [leo:cpu] limpiado /home/leo/ecofloc/ecofloc-cpu/ECOFLOC_CPU_COMM_text.csv
  ✔ [leo:nic] limpiado /home/leo/ecofloc/ecofloc-nic/ECOFLOC_NIC_COMM_text.csv
  ✔ [leo:ram] limpiado /home/leo/ecofloc/ecofloc-ram/ECOFLOC_RAM_COMM_text.csv
  ✔ [leo:sd] limpiado /home/leo/ecofloc/ecofloc-sd/ECOFLOC_SD_COMM_text.csv
  ✔ [aspire:cpu] limpiado /home/luish/Documents/p3/ecofloc2/ecofloc/ecofloc-cpu/ECOFLOC_CPU_COMM_text.csv
  ✔ [aspire:nic] limpiado /home/luish/Documents/p3/ecofloc2/ecofloc/ecofloc-nic/ECOFLOC_NIC_COMM_text.csv
  ✔ [aspire:ram] limpiado /home/luish/Documents/p3/ecofloc2/ecofloc/ecofloc-ram/ECOFLOC_RAM_COMM_text.csv
  ✔ [aspire:sd] limpiado /home/luish/Documents/p3/ecofloc2/ecofloc/ecofloc-sd/ECOFLOC_SD_COMM_text.csv
  ✔ [scorpius:cpu] limpiado /home/scorpius03/Documents/ecofloc/ecofloc-cpu/ECOFLOC_CPU_COMM_text.csv
  ✔ [scorpius:nic] limpiado /home/scorpius03/Documents/ecofloc/ecofloc-nic/ECOFLOC_NIC_COMM_text.csv
   ➤ Estado actual: 2 / 5 servicios OK
❌ TeaStore aún no está listo. Reintentando en 10s...
  ✔ [scorpius:ram] limpiado /home/scorpius03/Documents/ecofloc/ecofloc-ram/ECOFLOC_RAM_COMM_text.csv
  ✔ [scorpius:sd] limpiado /home/scorpius03/Documents/ecofloc/ecofloc-sd/ECOFLOC_SD_COMM_text.csv
========================================
🔋 MEASURE ENERGY FINALIZADO
   Fase: fase2_preparacion_low_iter4
========================================
   ➤ Estado actual: 2 / 5 servicios OK
❌ TeaStore aún no está listo. Reintentando en 10s...
   ➤ Estado actual: 2 / 5 servicios OK
❌ TeaStore aún no está listo. Reintentando en 10s...
   ➤ Estado actual: 2 / 5 servicios OK
❌ TeaStore aún no está listo. Reintentando en 10s...
   ➤ Estado actual: 2 / 5 servicios OK
❌ TeaStore aún no está listo. Reintentando en 10s...
   ➤ Estado actual: 2 / 5 servicios OK
❌ TeaStore aún no está listo. Reintentando en 10s...
   ➤ Estado actual: 2 / 5 servicios OK
❌ TeaStore aún no está listo. Reintentando en 10s...
   ➤ Estado actual: 2 / 5 servicios OK
❌ TeaStore aún no está listo. Reintentando en 10s...
   ➤ Estado actual: 2 / 5 servicios OK
❌ TeaStore aún no está listo. Reintentando en 10s...
   ➤ Estado actual: 3 / 5 servicios OK
❌ TeaStore aún no está listo. Reintentando en 10s...
   ➤ Estado actual: 5 / 5 servicios OK
✔ TODOS los servicios del TeaStore están OK. Continuando...
⏳ [21:41:33] Esperando que termine medición: fase2_preparacion_low_iter4 (PID: 1842989)
✔️ [21:41:33] Medición fase2_preparacion_low_iter4 completada
[📦] Archivando resultados → ./historyexecutions/exp(21:41:38)_fase2_low_iter4
[✔] Archivado: ./historyexecutions/exp(21:41:38)_fase2_low_iter4
========================================
🔋 FASE 3: Ejecución de carga (low, iter 4)
========================================
📋 Capturando PIDs (gepidstea.sh)...
📋 Capturando PIDs de contenedores (kpsnodos.sh)...
🔋 [21:41:56] Iniciando medición de energía: fase3_carga_low_iter4 (145s)
   PID de medición: 1980651
=== Escenario low (iter 4) ===
========================================
🔋 MEASURE ENERGY - Fase: fase3_carga_low_iter4
   Duración: 145s
   PID: 1980651
========================================
=== Medición bloque 145s - Fase: fase3_carga_low_iter4 ===
🚀 Iniciando LIMBO con profile=/home/luish/Documents/death/teastore/TeaStore/examples/httploadgenerator/increasingLowIntensity.csv y script=/home/luish/Documents/death/teastore/TeaStore/examples/httploadgenerator/teastore_buy.lua
[⏱ 21:41:56] Iniciando ecofloc en nitro5 por 145s (fase: fase3_carga_low_iter4)
Feb 24, 2026 9:41:56 PM tools.descartes.dlim.httploadgenerator.runner.Director executeDirector
WARNING: No power measurements
Feb 24, 2026 9:41:57 PM tools.descartes.dlim.httploadgenerator.runner.Director executeDirector
INFO: Load Generator Thread Count set to 64
Feb 24, 2026 9:41:57 PM tools.descartes.dlim.httploadgenerator.runner.Director executeDirector
INFO: URL connection timout set to 30000 ms
Feb 24, 2026 9:41:57 PM tools.descartes.dlim.httploadgenerator.runner.Director executeDirector
INFO: Using Lua Script: /home/luish/Documents/death/teastore/TeaStore/examples/httploadgenerator/teastore_buy.lua
Feb 24, 2026 9:41:57 PM tools.descartes.dlim.httploadgenerator.runner.Director process
INFO: Read 120 Arrival Rate Tuples
Load Generator sent: ok
Feb 24, 2026 9:41:57 PM tools.descartes.dlim.httploadgenerator.runner.Director process
INFO: Arrival Rates sent to Load Generator(s).
Load Generator sent: ok
Feb 24, 2026 9:41:57 PM tools.descartes.dlim.httploadgenerator.runner.Director process
INFO: Thread Count sent to Load Generator(s): 64
Load Generator sent: ok
Feb 24, 2026 9:41:57 PM tools.descartes.dlim.httploadgenerator.runner.Director process
INFO: URL connection timeout sent to Load Generator(s): 30000
Load Generator sent: ok
Feb 24, 2026 9:41:57 PM tools.descartes.dlim.httploadgenerator.runner.Director process
INFO: Contents of script sent to Load Generator: /home/luish/Documents/death/teastore/TeaStore/examples/httploadgenerator/teastore_buy.lua
Feb 24, 2026 9:41:57 PM tools.descartes.dlim.httploadgenerator.runner.Director process
INFO: Starting Load Generation
Beginning Run @1771987317102(24.02.2026;21:41:57102)
Target Time = 0.5; Load Intensity = 0.0; #Success = 0; #Failed = 0; #Dropped = 0
  ├─ [nitro5:sd] start 21:41:57
  ├─ [nitro5:ram] start 21:41:57
  ├─ [nitro5:nic] start 21:41:58
[⏱ 21:41:58] Iniciando ecofloc en aspire por 145s (fase: fase3_carga_low_iter4)
  ├─ [nitro5:cpu] start 21:41:58
  ├─ [aspire:sd] start 21:41:58
  ├─ [aspire:ram] start 21:41:58
[⏱ 21:41:58] Iniciando ecofloc en scorpius por 145s (fase: fase3_carga_low_iter4)
  ├─ [aspire:nic] start 21:41:58
  ├─ [aspire:cpu] start 21:41:58
  ├─ [scorpius:sd] start 21:41:58
  ├─ [scorpius:ram] start 21:41:58
  ├─ [scorpius:nic] start 21:41:58
[⏱ 21:41:58] Iniciando ecofloc en leo por 145s (fase: fase3_carga_low_iter4)
  ├─ [scorpius:cpu] start 21:41:58
  ├─ [leo:sd] start 21:41:58
  ├─ [leo:ram] start 21:41:58
  ├─ [leo:nic] start 21:41:58
  ├─ [leo:cpu] start 21:41:58
Target Time = 1.5; Load Intensity = 1.0; #Success = 0; #Failed = 0; #Dropped = 0
Target Time = 2.5; Load Intensity = 2.0; #Success = 0; #Failed = 0; #Dropped = 0
Target Time = 3.5; Load Intensity = 2.0; #Success = 0; #Failed = 0; #Dropped = 0
Target Time = 4.5; Load Intensity = 3.0; #Success = 7; #Failed = 0; #Dropped = 0
Target Time = 5.5; Load Intensity = 4.0; #Success = 2; #Failed = 0; #Dropped = 0
Target Time = 6.5; Load Intensity = 5.0; #Success = 4; #Failed = 0; #Dropped = 0
Target Time = 7.5; Load Intensity = 6.0; #Success = 4; #Failed = 0; #Dropped = 0
Target Time = 8.5; Load Intensity = 7.0; #Success = 6; #Failed = 0; #Dropped = 0
Target Time = 9.5; Load Intensity = 7.0; #Success = 14; #Failed = 0; #Dropped = 0
Target Time = 10.5; Load Intensity = 8.0; #Success = 7; #Failed = 0; #Dropped = 0
Target Time = 11.5; Load Intensity = 9.0; #Success = 10; #Failed = 0; #Dropped = 0
Target Time = 12.5; Load Intensity = 10.0; #Success = 10; #Failed = 0; #Dropped = 0
Target Time = 13.5; Load Intensity = 11.0; #Success = 0; #Failed = 0; #Dropped = 0
Target Time = 14.5; Load Intensity = 12.0; #Success = 20; #Failed = 0; #Dropped = 0
Target Time = 15.5; Load Intensity = 12.0; #Success = 14; #Failed = 0; #Dropped = 0
Target Time = 16.5; Load Intensity = 13.0; #Success = 13; #Failed = 0; #Dropped = 0
Target Time = 17.5; Load Intensity = 14.0; #Success = 7; #Failed = 0; #Dropped = 0
Target Time = 18.5; Load Intensity = 15.0; #Success = 10; #Failed = 0; #Dropped = 0
Target Time = 19.5; Load Intensity = 16.0; #Success = 0; #Failed = 0; #Dropped = 0
Target Time = 20.5; Load Intensity = 17.0; #Success = 0; #Failed = 0; #Dropped = 0
Target Time = 21.5; Load Intensity = 17.0; #Success = 0; #Failed = 0; #Dropped = 0
Target Time = 22.5; Load Intensity = 18.0; #Success = 0; #Failed = 0; #Dropped = 0
Target Time = 23.5; Load Intensity = 19.0; #Success = 0; #Failed = 0; #Dropped = 0
Target Time = 24.5; Load Intensity = 20.0; #Success = 0; #Failed = 0; #Dropped = 0
Target Time = 25.5; Load Intensity = 21.0; #Success = 0; #Failed = 0; #Dropped = 0
Target Time = 26.5; Load Intensity = 22.0; #Success = 0; #Failed = 0; #Dropped = 0
Target Time = 27.5; Load Intensity = 22.0; #Success = 4; #Failed = 0; #Dropped = 0
Target Time = 28.5; Load Intensity = 23.0; #Success = 3; #Failed = 0; #Dropped = 0
Target Time = 29.5; Load Intensity = 24.0; #Success = 32; #Failed = 0; #Dropped = 0
Target Time = 30.5; Load Intensity = 25.0; #Success = 9; #Failed = 0; #Dropped = 0
Target Time = 31.5; Load Intensity = 26.0; #Success = 1; #Failed = 0; #Dropped = 0
Target Time = 32.5; Load Intensity = 27.0; #Success = 1; #Failed = 0; #Dropped = 0
Target Time = 33.5; Load Intensity = 27.0; #Success = 2; #Failed = 0; #Dropped = 0
Target Time = 34.5; Load Intensity = 28.0; #Success = 0; #Failed = 0; #Dropped = 0
Target Time = 35.5; Load Intensity = 29.0; #Success = 0; #Failed = 0; #Dropped = 0
Target Time = 36.5; Load Intensity = 30.0; #Success = 0; #Failed = 0; #Dropped = 0
Target Time = 37.5; Load Intensity = 31.0; #Success = 0; #Failed = 0; #Dropped = 0
Target Time = 38.5; Load Intensity = 32.0; #Success = 0; #Failed = 0; #Dropped = 0
Target Time = 39.5; Load Intensity = 32.0; #Success = 0; #Failed = 0; #Dropped = 0
Target Time = 40.5; Load Intensity = 33.0; #Success = 0; #Failed = 0; #Dropped = 0
Target Time = 41.5; Load Intensity = 34.0; #Success = 0; #Failed = 0; #Dropped = 0
Target Time = 42.5; Load Intensity = 35.0; #Success = 0; #Failed = 0; #Dropped = 0
Target Time = 43.5; Load Intensity = 36.0; #Success = 0; #Failed = 0; #Dropped = 0
Target Time = 44.5; Load Intensity = 37.0; #Success = 0; #Failed = 0; #Dropped = 0
Target Time = 45.5; Load Intensity = 37.0; #Success = 0; #Failed = 5; #Dropped = 0
Target Time = 46.5; Load Intensity = 38.0; #Success = 0; #Failed = 4; #Dropped = 0
Target Time = 47.5; Load Intensity = 39.0; #Success = 0; #Failed = 0; #Dropped = 0
Target Time = 48.5; Load Intensity = 40.0; #Success = 1; #Failed = 0; #Dropped = 0
Target Time = 49.5; Load Intensity = 41.0; #Success = 0; #Failed = 0; #Dropped = 0
Target Time = 50.5; Load Intensity = 42.0; #Success = 1; #Failed = 0; #Dropped = 0
Target Time = 51.5; Load Intensity = 42.0; #Success = 2; #Failed = 0; #Dropped = 0
Target Time = 52.5; Load Intensity = 43.0; #Success = 0; #Failed = 0; #Dropped = 0
Target Time = 53.5; Load Intensity = 44.0; #Success = 0; #Failed = 0; #Dropped = 0
Target Time = 54.5; Load Intensity = 45.0; #Success = 0; #Failed = 0; #Dropped = 0
Target Time = 55.5; Load Intensity = 46.0; #Success = 0; #Failed = 0; #Dropped = 0
Target Time = 56.5; Load Intensity = 47.0; #Success = 0; #Failed = 0; #Dropped = 0
Target Time = 57.5; Load Intensity = 47.0; #Success = 4; #Failed = 0; #Dropped = 51
Target Time = 58.5; Load Intensity = 48.0; #Success = 3; #Failed = 0; #Dropped = 20
Target Time = 59.5; Load Intensity = 49.0; #Success = 32; #Failed = 0; #Dropped = 3
Target Time = 60.5; Load Intensity = 50.0; #Success = 8; #Failed = 0; #Dropped = 0
Target Time = 61.5; Load Intensity = 51.0; #Success = 1; #Failed = 0; #Dropped = 30
Target Time = 62.5; Load Intensity = 52.0; #Success = 2; #Failed = 0; #Dropped = 28
Target Time = 63.5; Load Intensity = 52.0; #Success = 1; #Failed = 0; #Dropped = 16
Target Time = 64.5; Load Intensity = 53.0; #Success = 0; #Failed = 0; #Dropped = 0
Target Time = 65.5; Load Intensity = 54.0; #Success = 0; #Failed = 0; #Dropped = 0
Target Time = 66.5; Load Intensity = 55.0; #Success = 0; #Failed = 0; #Dropped = 0
Target Time = 67.5; Load Intensity = 56.0; #Success = 0; #Failed = 0; #Dropped = 0
Target Time = 68.5; Load Intensity = 57.0; #Success = 0; #Failed = 0; #Dropped = 0
Target Time = 69.5; Load Intensity = 57.0; #Success = 0; #Failed = 0; #Dropped = 0
Target Time = 70.5; Load Intensity = 58.0; #Success = 0; #Failed = 0; #Dropped = 0
Target Time = 71.5; Load Intensity = 59.0; #Success = 0; #Failed = 0; #Dropped = 0
Target Time = 72.5; Load Intensity = 60.0; #Success = 0; #Failed = 0; #Dropped = 0
Target Time = 73.5; Load Intensity = 61.0; #Success = 0; #Failed = 0; #Dropped = 0
Target Time = 74.5; Load Intensity = 62.0; #Success = 0; #Failed = 0; #Dropped = 0
Target Time = 75.5; Load Intensity = 62.0; #Success = 2; #Failed = 0; #Dropped = 401
Target Time = 76.5; Load Intensity = 63.0; #Success = 7; #Failed = 8; #Dropped = 23
Target Time = 77.5; Load Intensity = 64.0; #Success = 0; #Failed = 0; #Dropped = 0
Target Time = 78.5; Load Intensity = 65.0; #Success = 1; #Failed = 0; #Dropped = 78
Target Time = 79.5; Load Intensity = 66.0; #Success = 0; #Failed = 0; #Dropped = 0
Target Time = 80.5; Load Intensity = 67.0; #Success = 1; #Failed = 0; #Dropped = 56
Target Time = 81.5; Load Intensity = 67.0; #Success = 1; #Failed = 2; #Dropped = 63
Target Time = 82.5; Load Intensity = 68.0; #Success = 0; #Failed = 0; #Dropped = 0
Target Time = 83.5; Load Intensity = 69.0; #Success = 0; #Failed = 0; #Dropped = 0
Target Time = 84.5; Load Intensity = 70.0; #Success = 0; #Failed = 0; #Dropped = 0
Target Time = 85.5; Load Intensity = 71.0; #Success = 0; #Failed = 0; #Dropped = 0
Target Time = 86.5; Load Intensity = 72.0; #Success = 0; #Failed = 0; #Dropped = 0
Target Time = 87.5; Load Intensity = 72.0; #Success = 4; #Failed = 4; #Dropped = 262
Target Time = 88.5; Load Intensity = 73.0; #Success = 5; #Failed = 3; #Dropped = 49
Target Time = 89.5; Load Intensity = 74.0; #Success = 30; #Failed = 29; #Dropped = 1
Target Time = 90.5; Load Intensity = 75.0; #Success = 8; #Failed = 8; #Dropped = 0
Target Time = 91.5; Load Intensity = 76.0; #Success = 1; #Failed = 1; #Dropped = 65
Target Time = 92.5; Load Intensity = 77.0; #Success = 2; #Failed = 2; #Dropped = 52
Target Time = 93.5; Load Intensity = 77.0; #Success = 1; #Failed = 1; #Dropped = 34
Target Time = 94.5; Load Intensity = 78.0; #Success = 0; #Failed = 0; #Dropped = 0
Target Time = 95.5; Load Intensity = 79.0; #Success = 0; #Failed = 0; #Dropped = 0
Target Time = 96.5; Load Intensity = 80.0; #Success = 0; #Failed = 0; #Dropped = 0
Target Time = 97.5; Load Intensity = 81.0; #Success = 0; #Failed = 0; #Dropped = 0
Target Time = 98.5; Load Intensity = 82.0; #Success = 0; #Failed = 0; #Dropped = 0
Target Time = 99.5; Load Intensity = 82.0; #Success = 0; #Failed = 0; #Dropped = 0
Target Time = 100.5; Load Intensity = 83.0; #Success = 0; #Failed = 0; #Dropped = 0
Target Time = 101.5; Load Intensity = 84.0; #Success = 0; #Failed = 0; #Dropped = 0
  └─ [leo:nic] end 21:43:38
Target Time = 102.5; Load Intensity = 85.0; #Success = 0; #Failed = 0; #Dropped = 0
Target Time = 103.5; Load Intensity = 86.0; #Success = 0; #Failed = 0; #Dropped = 0
Target Time = 104.5; Load Intensity = 87.0; #Success = 0; #Failed = 0; #Dropped = 0
Target Time = 105.5; Load Intensity = 87.0; #Success = 1; #Failed = 12; #Dropped = 709
Target Time = 106.5; Load Intensity = 88.0; #Success = 0; #Failed = 3; #Dropped = 47
Target Time = 107.5; Load Intensity = 89.0; #Success = 0; #Failed = 15; #Dropped = 61
Target Time = 108.5; Load Intensity = 90.0; #Success = 1; #Failed = 1; #Dropped = 52
Target Time = 109.5; Load Intensity = 91.0; #Success = 0; #Failed = 0; #Dropped = 0
Target Time = 110.5; Load Intensity = 92.0; #Success = 1; #Failed = 0; #Dropped = 85
Target Time = 111.5; Load Intensity = 92.0; #Success = 1; #Failed = 4; #Dropped = 105
Target Time = 112.5; Load Intensity = 93.0; #Success = 0; #Failed = 0; #Dropped = 0
Target Time = 113.5; Load Intensity = 94.0; #Success = 0; #Failed = 0; #Dropped = 0
Target Time = 114.5; Load Intensity = 95.0; #Success = 0; #Failed = 1; #Dropped = 154
Target Time = 115.5; Load Intensity = 96.0; #Success = 0; #Failed = 0; #Dropped = 0
Target Time = 116.5; Load Intensity = 97.0; #Success = 0; #Failed = 0; #Dropped = 0
Target Time = 117.5; Load Intensity = 97.0; #Success = 0; #Failed = 19; #Dropped = 209
Target Time = 118.5; Load Intensity = 98.0; #Success = 0; #Failed = 3; #Dropped = 110
Target Time = 119.5; Load Intensity = 99.0; #Success = 3; #Failed = 62; #Dropped = 23
Target Time = 120.5; Load Intensity = 0.0; #Success = 0; #Failed = 14; #Dropped = 0
Target Time = 121.5; Load Intensity = 0.0; #Success = 0; #Failed = 1; #Dropped = 113
Target Time = 122.5; Load Intensity = 0.0; #Success = 1; #Failed = 3; #Dropped = 85
Target Time = 123.5; Load Intensity = 0.0; #Success = 0; #Failed = 20; #Dropped = 22
Target Time = 124.5; Load Intensity = 0.0; #Success = 0; #Failed = 0; #Dropped = 0
Target Time = 125.5; Load Intensity = 0.0; #Success = 0; #Failed = 0; #Dropped = 0
Target Time = 126.5; Load Intensity = 0.0; #Success = 0; #Failed = 1; #Dropped = 235
Target Time = 127.5; Load Intensity = 0.0; #Success = 0; #Failed = 0; #Dropped = 0
Target Time = 128.5; Load Intensity = 0.0; #Success = 0; #Failed = 0; #Dropped = 0
Target Time = 129.5; Load Intensity = 0.0; #Success = 0; #Failed = 41; #Dropped = 242
Target Time = 130.5; Load Intensity = 0.0; #Success = 0; #Failed = 0; #Dropped = 0
Target Time = 131.5; Load Intensity = 0.0; #Success = 0; #Failed = 0; #Dropped = 0
Target Time = 132.5; Load Intensity = 0.0; #Success = 0; #Failed = 0; #Dropped = 0
Target Time = 133.5; Load Intensity = 0.0; #Success = 0; #Failed = 0; #Dropped = 0
Target Time = 134.5; Load Intensity = 0.0; #Success = 0; #Failed = 0; #Dropped = 0
Target Time = 135.5; Load Intensity = 0.0; #Success = 0; #Failed = 1; #Dropped = 469
Target Time = 136.5; Load Intensity = 0.0; #Success = 0; #Failed = 0; #Dropped = 0
Target Time = 137.5; Load Intensity = 0.0; #Success = 0; #Failed = 0; #Dropped = 0
Target Time = 138.5; Load Intensity = 0.0; #Success = 0; #Failed = 0; #Dropped = 0
Target Time = 139.5; Load Intensity = 0.0; #Success = 0; #Failed = 0; #Dropped = 0
Target Time = 140.5; Load Intensity = 0.0; #Success = 0; #Failed = 0; #Dropped = 0
Target Time = 141.5; Load Intensity = 0.0; #Success = 0; #Failed = 42; #Dropped = 546
Target Time = 142.5; Load Intensity = 0.0; #Success = 0; #Failed = 0; #Dropped = 0
Target Time = 143.5; Load Intensity = 0.0; #Success = 0; #Failed = 0; #Dropped = 0
Target Time = 144.5; Load Intensity = 0.0; #Success = 0; #Failed = 42; #Dropped = 258
  └─ [nitro5:sd] end 21:44:22
Target Time = 145.5; Load Intensity = 0.0; #Success = 0; #Failed = 0; #Dropped = 0
  └─ [nitro5:ram] end 21:44:22
  └─ [nitro5:nic] end 21:44:23
  └─ [nitro5:cpu] end 21:44:23
Target Time = 146.5; Load Intensity = 0.0; #Success = 0; #Failed = 0; #Dropped = 0
Target Time = 147.5; Load Intensity = 0.0; #Success = 17; #Failed = 58; #Dropped = 225
  └─ [leo:sd] end 21:44:24
Target Time = 148.5; Load Intensity = 0.0; #Success = 1; #Failed = 2; #Dropped = 55
  └─ [leo:cpu] end 21:44:25
  └─ [scorpius:nic] end 21:44:26
Target Time = 149.5; Load Intensity = 0.0; #Success = 0; #Failed = 7; #Dropped = 28
  └─ [scorpius:sd] end 21:44:26
Target Time = 150.5; Load Intensity = 0.0; #Success = 0; #Failed = 44; #Dropped = 68
  └─ [scorpius:ram] end 21:44:27
  └─ [scorpius:cpu] end 21:44:28
  └─ [leo:ram] end 21:44:28
Target Time = 151.5; Load Intensity = 0.0; #Success = 0; #Failed = 0; #Dropped = 0
Target Time = 152.5; Load Intensity = 0.0; #Success = 0; #Failed = 0; #Dropped = 0
Target Time = 153.5; Load Intensity = 0.0; #Success = 0; #Failed = 0; #Dropped = 0
Target Time = 154.5; Load Intensity = 0.0; #Success = 0; #Failed = 20; #Dropped = 0
Workload finished.
Log finished.
📄 LIMBO finalizado para scenario=low
⏳ [21:44:36] Esperando que termine medición: fase3_carga_low_iter4 (PID: 1980651)
  └─ [aspire:ram] end 21:46:25
  └─ [aspire:cpu] end 21:46:29
  └─ [aspire:sd] end 21:46:59
  └─ [aspire:nic] end 21:47:18
=== Bloque 145s terminado - Fase: fase3_carga_low_iter4 ===
[🧹] Limpiando CSVs internos de ecofloc en cada nodo (fase: fase3_carga_low_iter4)...
  ✔ [nitro5:cpu] limpiado /home/luish/Documents/p3/ecofloc2/ecofloc/ecofloc-cpu/ECOFLOC_CPU_COMM_text.csv
  ✔ [nitro5:nic] limpiado /home/luish/Documents/p3/ecofloc2/ecofloc/ecofloc-nic/ECOFLOC_NIC_COMM_text.csv
  ✔ [nitro5:ram] limpiado /home/luish/Documents/p3/ecofloc2/ecofloc/ecofloc-ram/ECOFLOC_RAM_COMM_text.csv
  ✔ [nitro5:sd] limpiado /home/luish/Documents/p3/ecofloc2/ecofloc/ecofloc-sd/ECOFLOC_SD_COMM_text.csv
  ✔ [leo:cpu] limpiado /home/leo/ecofloc/ecofloc-cpu/ECOFLOC_CPU_COMM_text.csv
  ✔ [leo:nic] limpiado /home/leo/ecofloc/ecofloc-nic/ECOFLOC_NIC_COMM_text.csv
  ✔ [leo:ram] limpiado /home/leo/ecofloc/ecofloc-ram/ECOFLOC_RAM_COMM_text.csv
  ✔ [leo:sd] limpiado /home/leo/ecofloc/ecofloc-sd/ECOFLOC_SD_COMM_text.csv
  ✔ [aspire:cpu] limpiado /home/luish/Documents/p3/ecofloc2/ecofloc/ecofloc-cpu/ECOFLOC_CPU_COMM_text.csv
  ✔ [aspire:nic] limpiado /home/luish/Documents/p3/ecofloc2/ecofloc/ecofloc-nic/ECOFLOC_NIC_COMM_text.csv
  ✔ [aspire:ram] limpiado /home/luish/Documents/p3/ecofloc2/ecofloc/ecofloc-ram/ECOFLOC_RAM_COMM_text.csv
  ✔ [aspire:sd] limpiado /home/luish/Documents/p3/ecofloc2/ecofloc/ecofloc-sd/ECOFLOC_SD_COMM_text.csv
  ✔ [scorpius:cpu] limpiado /home/scorpius03/Documents/ecofloc/ecofloc-cpu/ECOFLOC_CPU_COMM_text.csv
  ✔ [scorpius:nic] limpiado /home/scorpius03/Documents/ecofloc/ecofloc-nic/ECOFLOC_NIC_COMM_text.csv
  ✔ [scorpius:ram] limpiado /home/scorpius03/Documents/ecofloc/ecofloc-ram/ECOFLOC_RAM_COMM_text.csv
  ✔ [scorpius:sd] limpiado /home/scorpius03/Documents/ecofloc/ecofloc-sd/ECOFLOC_SD_COMM_text.csv
========================================
🔋 MEASURE ENERGY FINALIZADO
   Fase: fase3_carga_low_iter4
========================================
✔️ [21:47:24] Medición fase3_carga_low_iter4 completada
[📦] Archivando resultados → ./historyexecutions/exp(21:47:29)_fase3_low_iter4
[✔] Archivado: ./historyexecutions/exp(21:47:29)_fase3_low_iter4
🧹 Limpiando TeaStore (iter 4)...
⏸ Esperando 15s para limpieza completa...
✅ Iteración 4 / 9 del escenario low completada.

########################################################
🔄 ESCENARIO: low | ITERACIÓN: 5 / 9
   Hora: 21:48:20
########################################################
========================================
🔋 FASE 1: Descarga de imágenes (low, iter 5)
========================================
📋 Capturando PIDs (gepidstea.sh)...
📋 Capturando PIDs de contenedores (kpsnodos.sh)...
🔋 [21:48:38] Iniciando medición de energía: fase1_descarga_low_iter5 (25s)
   PID de medición: 2368297
🚀 Desplegando TeaStore desde https://raw.githubusercontent.com/DescartesResearch/TeaStore/master/examples/kubernetes/teastore-ribbon.yaml...
========================================
🔋 MEASURE ENERGY - Fase: fase1_descarga_low_iter5
   Duración: 25s
   PID: 2368297
========================================
=== Medición bloque 25s - Fase: fase1_descarga_low_iter5 ===
[⏱ 21:48:38] Iniciando ecofloc en nitro5 por 25s (fase: fase1_descarga_low_iter5)
⏳ Esperando a que todos los pods de TeaStore estén Running y Ready...
  ├─ [nitro5:sd] start 21:48:38
  ├─ [nitro5:ram] start 21:48:38
  ├─ [nitro5:nic] start 21:48:39
[⏱ 21:48:39] Iniciando ecofloc en aspire por 25s (fase: fase1_descarga_low_iter5)
  ├─ [nitro5:cpu] start 21:48:39
  ├─ [aspire:sd] start 21:48:39
  ├─ [aspire:ram] start 21:48:39
  ├─ [aspire:nic] start 21:48:39
[⏱ 21:48:39] Iniciando ecofloc en scorpius por 25s (fase: fase1_descarga_low_iter5)
  ├─ [aspire:cpu] start 21:48:39
  ├─ [scorpius:sd] start 21:48:39
  ├─ [scorpius:ram] start 21:48:39
  ├─ [scorpius:nic] start 21:48:39
[⏱ 21:48:39] Iniciando ecofloc en leo por 25s (fase: fase1_descarga_low_iter5)
  ├─ [scorpius:cpu] start 21:48:39
  ├─ [leo:sd] start 21:48:39
  ├─ [leo:ram] start 21:48:39
  ├─ [leo:nic] start 21:48:39
  ├─ [leo:cpu] start 21:48:39
✅ Pods listos.
⏳ [21:48:49] Esperando que termine medición: fase1_descarga_low_iter5 (PID: 2368297)
  └─ [nitro5:sd] end 21:49:03
  └─ [nitro5:ram] end 21:49:03
  └─ [nitro5:nic] end 21:49:04
  └─ [nitro5:cpu] end 21:49:04
  └─ [aspire:cpu] end 21:49:05
  └─ [scorpius:cpu] end 21:49:05
  └─ [scorpius:sd] end 21:49:05
  └─ [leo:cpu] end 21:49:05
  └─ [leo:sd] end 21:49:05
  └─ [leo:nic] end 21:49:06
  └─ [aspire:sd] end 21:49:06
  └─ [scorpius:ram] end 21:49:06
  └─ [leo:ram] end 21:49:06
  └─ [aspire:nic] end 21:49:07
  └─ [aspire:ram] end 21:49:07
=== Bloque 25s terminado - Fase: fase1_descarga_low_iter5 ===
[🧹] Limpiando CSVs internos de ecofloc en cada nodo (fase: fase1_descarga_low_iter5)...
  ✔ [nitro5:cpu] limpiado /home/luish/Documents/p3/ecofloc2/ecofloc/ecofloc-cpu/ECOFLOC_CPU_COMM_text.csv
  ✔ [nitro5:nic] limpiado /home/luish/Documents/p3/ecofloc2/ecofloc/ecofloc-nic/ECOFLOC_NIC_COMM_text.csv
  ✔ [nitro5:ram] limpiado /home/luish/Documents/p3/ecofloc2/ecofloc/ecofloc-ram/ECOFLOC_RAM_COMM_text.csv
  ✔ [nitro5:sd] limpiado /home/luish/Documents/p3/ecofloc2/ecofloc/ecofloc-sd/ECOFLOC_SD_COMM_text.csv
  ✔ [leo:cpu] limpiado /home/leo/ecofloc/ecofloc-cpu/ECOFLOC_CPU_COMM_text.csv
  ✔ [leo:nic] limpiado /home/leo/ecofloc/ecofloc-nic/ECOFLOC_NIC_COMM_text.csv
  ✔ [leo:ram] limpiado /home/leo/ecofloc/ecofloc-ram/ECOFLOC_RAM_COMM_text.csv
  ✔ [leo:sd] limpiado /home/leo/ecofloc/ecofloc-sd/ECOFLOC_SD_COMM_text.csv
  ✔ [aspire:cpu] limpiado /home/luish/Documents/p3/ecofloc2/ecofloc/ecofloc-cpu/ECOFLOC_CPU_COMM_text.csv
  ✔ [aspire:nic] limpiado /home/luish/Documents/p3/ecofloc2/ecofloc/ecofloc-nic/ECOFLOC_NIC_COMM_text.csv
  ✔ [aspire:ram] limpiado /home/luish/Documents/p3/ecofloc2/ecofloc/ecofloc-ram/ECOFLOC_RAM_COMM_text.csv
  ✔ [aspire:sd] limpiado /home/luish/Documents/p3/ecofloc2/ecofloc/ecofloc-sd/ECOFLOC_SD_COMM_text.csv
  ✔ [scorpius:cpu] limpiado /home/scorpius03/Documents/ecofloc/ecofloc-cpu/ECOFLOC_CPU_COMM_text.csv
  ✔ [scorpius:nic] limpiado /home/scorpius03/Documents/ecofloc/ecofloc-nic/ECOFLOC_NIC_COMM_text.csv
  ✔ [scorpius:ram] limpiado /home/scorpius03/Documents/ecofloc/ecofloc-ram/ECOFLOC_RAM_COMM_text.csv
  ✔ [scorpius:sd] limpiado /home/scorpius03/Documents/ecofloc/ecofloc-sd/ECOFLOC_SD_COMM_text.csv
========================================
🔋 MEASURE ENERGY FINALIZADO
   Fase: fase1_descarga_low_iter5
========================================
✔️ [21:49:12] Medición fase1_descarga_low_iter5 completada
[📦] Archivando resultados → ./historyexecutions/exp(21:49:17)_fase1_low_iter5
[✔] Archivado: ./historyexecutions/exp(21:49:17)_fase1_low_iter5
========================================
🔋 FASE 2: Preparación de servicios (low, iter 5)
========================================
📋 Capturando PIDs (gepidstea.sh)...
📋 Capturando PIDs de contenedores (kpsnodos.sh)...
🔋 [21:49:36] Iniciando medición de energía: fase2_preparacion_low_iter5 (50s)
   PID de medición: 2436870
========================================
🔋 MEASURE ENERGY - Fase: fase2_preparacion_low_iter5
   Duración: 50s
   PID: 2436870
========================================
=== Medición bloque 50s - Fase: fase2_preparacion_low_iter5 ===
[⏱ 21:49:36] Iniciando ecofloc en nitro5 por 50s (fase: fase2_preparacion_low_iter5)
⏳ Esperando 10s a que CoreDNS se estabilice...
  ├─ [nitro5:sd] start 21:49:37
  ├─ [nitro5:ram] start 21:49:37
  ├─ [nitro5:nic] start 21:49:38
[⏱ 21:49:38] Iniciando ecofloc en aspire por 50s (fase: fase2_preparacion_low_iter5)
  ├─ [nitro5:cpu] start 21:49:38
  ├─ [aspire:sd] start 21:49:38
  ├─ [aspire:ram] start 21:49:38
[⏱ 21:49:38] Iniciando ecofloc en scorpius por 50s (fase: fase2_preparacion_low_iter5)
  ├─ [aspire:nic] start 21:49:38
  ├─ [aspire:cpu] start 21:49:38
  ├─ [scorpius:sd] start 21:49:38
  ├─ [scorpius:ram] start 21:49:38
  ├─ [scorpius:nic] start 21:49:38
[⏱ 21:49:38] Iniciando ecofloc en leo por 50s (fase: fase2_preparacion_low_iter5)
  ├─ [scorpius:cpu] start 21:49:38
  ├─ [leo:sd] start 21:49:38
  ├─ [leo:ram] start 21:49:38
  ├─ [leo:nic] start 21:49:38
  ├─ [leo:cpu] start 21:49:38
➡️ Pod WebUI: teastore-webui-558b54cc77-2kp2z
➡️ Está en el nodo: scorpius03
🌐 IP del nodo WebUI: 192.168.18.34
⏳ Verificando estado del TeaStore en http://192.168.18.34:30080/tools.descartes.teastore.webui/status ...
  └─ [leo:nic] end 21:49:52
   ➤ Estado actual: 2 / 5 servicios OK
❌ TeaStore aún no está listo. Reintentando en 10s...
   ➤ Estado actual: 2 / 5 servicios OK
❌ TeaStore aún no está listo. Reintentando en 10s...
   ➤ Estado actual: 2 / 5 servicios OK
❌ TeaStore aún no está listo. Reintentando en 10s...
  └─ [nitro5:sd] end 21:50:27
  └─ [nitro5:ram] end 21:50:27
  └─ [nitro5:nic] end 21:50:28
  └─ [aspire:cpu] end 21:50:28
  └─ [aspire:sd] end 21:50:28
  └─ [nitro5:cpu] end 21:50:28
  └─ [aspire:nic] end 21:50:28
  └─ [leo:sd] end 21:50:29
  └─ [scorpius:sd] end 21:50:30
  └─ [leo:cpu] end 21:50:30
  └─ [scorpius:cpu] end 21:50:30
  └─ [leo:ram] end 21:50:32
  └─ [scorpius:nic] end 21:50:32
  └─ [scorpius:ram] end 21:50:33
   ➤ Estado actual: 2 / 5 servicios OK
❌ TeaStore aún no está listo. Reintentando en 10s...
  └─ [aspire:ram] end 21:50:35
=== Bloque 50s terminado - Fase: fase2_preparacion_low_iter5 ===
[🧹] Limpiando CSVs internos de ecofloc en cada nodo (fase: fase2_preparacion_low_iter5)...
  ✔ [nitro5:cpu] limpiado /home/luish/Documents/p3/ecofloc2/ecofloc/ecofloc-cpu/ECOFLOC_CPU_COMM_text.csv
  ✔ [nitro5:nic] limpiado /home/luish/Documents/p3/ecofloc2/ecofloc/ecofloc-nic/ECOFLOC_NIC_COMM_text.csv
  ✔ [nitro5:ram] limpiado /home/luish/Documents/p3/ecofloc2/ecofloc/ecofloc-ram/ECOFLOC_RAM_COMM_text.csv
  ✔ [nitro5:sd] limpiado /home/luish/Documents/p3/ecofloc2/ecofloc/ecofloc-sd/ECOFLOC_SD_COMM_text.csv
  ✔ [leo:cpu] limpiado /home/leo/ecofloc/ecofloc-cpu/ECOFLOC_CPU_COMM_text.csv
  ✔ [leo:nic] limpiado /home/leo/ecofloc/ecofloc-nic/ECOFLOC_NIC_COMM_text.csv
  ✔ [leo:ram] limpiado /home/leo/ecofloc/ecofloc-ram/ECOFLOC_RAM_COMM_text.csv
  ✔ [leo:sd] limpiado /home/leo/ecofloc/ecofloc-sd/ECOFLOC_SD_COMM_text.csv
  ✔ [aspire:cpu] limpiado /home/luish/Documents/p3/ecofloc2/ecofloc/ecofloc-cpu/ECOFLOC_CPU_COMM_text.csv
  ✔ [aspire:nic] limpiado /home/luish/Documents/p3/ecofloc2/ecofloc/ecofloc-nic/ECOFLOC_NIC_COMM_text.csv
  ✔ [aspire:ram] limpiado /home/luish/Documents/p3/ecofloc2/ecofloc/ecofloc-ram/ECOFLOC_RAM_COMM_text.csv
  ✔ [aspire:sd] limpiado /home/luish/Documents/p3/ecofloc2/ecofloc/ecofloc-sd/ECOFLOC_SD_COMM_text.csv
  ✔ [scorpius:cpu] limpiado /home/scorpius03/Documents/ecofloc/ecofloc-cpu/ECOFLOC_CPU_COMM_text.csv
  ✔ [scorpius:nic] limpiado /home/scorpius03/Documents/ecofloc/ecofloc-nic/ECOFLOC_NIC_COMM_text.csv
  ✔ [scorpius:ram] limpiado /home/scorpius03/Documents/ecofloc/ecofloc-ram/ECOFLOC_RAM_COMM_text.csv
  ✔ [scorpius:sd] limpiado /home/scorpius03/Documents/ecofloc/ecofloc-sd/ECOFLOC_SD_COMM_text.csv
========================================
🔋 MEASURE ENERGY FINALIZADO
   Fase: fase2_preparacion_low_iter5
========================================
   ➤ Estado actual: 2 / 5 servicios OK
❌ TeaStore aún no está listo. Reintentando en 10s...
   ➤ Estado actual: 2 / 5 servicios OK
❌ TeaStore aún no está listo. Reintentando en 10s...
   ➤ Estado actual: 2 / 5 servicios OK
❌ TeaStore aún no está listo. Reintentando en 10s...
   ➤ Estado actual: 5 / 5 servicios OK
✔ TODOS los servicios del TeaStore están OK. Continuando...
⏳ [21:51:21] Esperando que termine medición: fase2_preparacion_low_iter5 (PID: 2436870)
✔️ [21:51:21] Medición fase2_preparacion_low_iter5 completada
[📦] Archivando resultados → ./historyexecutions/exp(21:51:26)_fase2_low_iter5
[✔] Archivado: ./historyexecutions/exp(21:51:26)_fase2_low_iter5
========================================
🔋 FASE 3: Ejecución de carga (low, iter 5)
========================================
📋 Capturando PIDs (gepidstea.sh)...
📋 Capturando PIDs de contenedores (kpsnodos.sh)...
🔋 [21:51:53] Iniciando medición de energía: fase3_carga_low_iter5 (145s)
   PID de medición: 2573118
=== Escenario low (iter 5) ===
========================================
🔋 MEASURE ENERGY - Fase: fase3_carga_low_iter5
   Duración: 145s
   PID: 2573118
========================================
=== Medición bloque 145s - Fase: fase3_carga_low_iter5 ===
🚀 Iniciando LIMBO con profile=/home/luish/Documents/death/teastore/TeaStore/examples/httploadgenerator/increasingLowIntensity.csv y script=/home/luish/Documents/death/teastore/TeaStore/examples/httploadgenerator/teastore_buy.lua
[⏱ 21:51:53] Iniciando ecofloc en nitro5 por 145s (fase: fase3_carga_low_iter5)
Feb 24, 2026 9:51:53 PM tools.descartes.dlim.httploadgenerator.runner.Director executeDirector
WARNING: No power measurements
Feb 24, 2026 9:51:53 PM tools.descartes.dlim.httploadgenerator.runner.Director executeDirector
INFO: Load Generator Thread Count set to 64
Feb 24, 2026 9:51:53 PM tools.descartes.dlim.httploadgenerator.runner.Director executeDirector
INFO: URL connection timout set to 30000 ms
Feb 24, 2026 9:51:53 PM tools.descartes.dlim.httploadgenerator.runner.Director executeDirector
INFO: Using Lua Script: /home/luish/Documents/death/teastore/TeaStore/examples/httploadgenerator/teastore_buy.lua
Feb 24, 2026 9:51:53 PM tools.descartes.dlim.httploadgenerator.runner.Director process
INFO: Read 120 Arrival Rate Tuples
Load Generator sent: ok
Feb 24, 2026 9:51:53 PM tools.descartes.dlim.httploadgenerator.runner.Director process
INFO: Arrival Rates sent to Load Generator(s).
Load Generator sent: ok
Feb 24, 2026 9:51:53 PM tools.descartes.dlim.httploadgenerator.runner.Director process
INFO: Thread Count sent to Load Generator(s): 64
Load Generator sent: ok
Feb 24, 2026 9:51:53 PM tools.descartes.dlim.httploadgenerator.runner.Director process
INFO: URL connection timeout sent to Load Generator(s): 30000
Load Generator sent: ok
Feb 24, 2026 9:51:54 PM tools.descartes.dlim.httploadgenerator.runner.Director process
INFO: Contents of script sent to Load Generator: /home/luish/Documents/death/teastore/TeaStore/examples/httploadgenerator/teastore_buy.lua
Feb 24, 2026 9:51:54 PM tools.descartes.dlim.httploadgenerator.runner.Director process
INFO: Starting Load Generation
Beginning Run @1771987914031(24.02.2026;21:51:54031)
Target Time = 0.5; Load Intensity = 0.0; #Success = 0; #Failed = 0; #Dropped = 0
  ├─ [nitro5:sd] start 21:51:54
  ├─ [nitro5:ram] start 21:51:54
  ├─ [nitro5:nic] start 21:51:55
[⏱ 21:51:55] Iniciando ecofloc en aspire por 145s (fase: fase3_carga_low_iter5)
  ├─ [nitro5:cpu] start 21:51:55
  ├─ [aspire:sd] start 21:51:55
  ├─ [aspire:ram] start 21:51:55
[⏱ 21:51:55] Iniciando ecofloc en scorpius por 145s (fase: fase3_carga_low_iter5)
  ├─ [aspire:nic] start 21:51:55
  ├─ [aspire:cpu] start 21:51:55
  ├─ [scorpius:sd] start 21:51:55
  ├─ [scorpius:ram] start 21:51:55
  ├─ [scorpius:nic] start 21:51:55
[⏱ 21:51:55] Iniciando ecofloc en leo por 145s (fase: fase3_carga_low_iter5)
  ├─ [leo:sd] start 21:51:55
  ├─ [scorpius:cpu] start 21:51:55
  ├─ [leo:ram] start 21:51:55
  ├─ [leo:nic] start 21:51:55
  ├─ [leo:cpu] start 21:51:55
Target Time = 1.5; Load Intensity = 1.0; #Success = 0; #Failed = 0; #Dropped = 0
Target Time = 2.5; Load Intensity = 2.0; #Success = 0; #Failed = 0; #Dropped = 0
Target Time = 3.5; Load Intensity = 2.0; #Success = 0; #Failed = 0; #Dropped = 0
Target Time = 4.5; Load Intensity = 3.0; #Success = 8; #Failed = 0; #Dropped = 0
Target Time = 5.5; Load Intensity = 4.0; #Success = 2; #Failed = 0; #Dropped = 0
Target Time = 6.5; Load Intensity = 5.0; #Success = 3; #Failed = 0; #Dropped = 0
Target Time = 7.5; Load Intensity = 6.0; #Success = 4; #Failed = 0; #Dropped = 0
Target Time = 8.5; Load Intensity = 7.0; #Success = 11; #Failed = 0; #Dropped = 0
Target Time = 9.5; Load Intensity = 7.0; #Success = 5; #Failed = 0; #Dropped = 0
Target Time = 10.5; Load Intensity = 8.0; #Success = 0; #Failed = 0; #Dropped = 0
Target Time = 11.5; Load Intensity = 9.0; #Success = 1; #Failed = 0; #Dropped = 0
Target Time = 12.5; Load Intensity = 10.0; #Success = 4; #Failed = 0; #Dropped = 0
Target Time = 13.5; Load Intensity = 11.0; #Success = 19; #Failed = 0; #Dropped = 0
Target Time = 14.5; Load Intensity = 12.0; #Success = 7; #Failed = 0; #Dropped = 0
Target Time = 15.5; Load Intensity = 12.0; #Success = 26; #Failed = 0; #Dropped = 0
Target Time = 16.5; Load Intensity = 13.0; #Success = 15; #Failed = 0; #Dropped = 0
Target Time = 17.5; Load Intensity = 14.0; #Success = 3; #Failed = 0; #Dropped = 0
Target Time = 18.5; Load Intensity = 15.0; #Success = 0; #Failed = 0; #Dropped = 0
Target Time = 19.5; Load Intensity = 16.0; #Success = 6; #Failed = 0; #Dropped = 0
Target Time = 20.5; Load Intensity = 17.0; #Success = 9; #Failed = 0; #Dropped = 0
Target Time = 21.5; Load Intensity = 17.0; #Success = 8; #Failed = 0; #Dropped = 0
Target Time = 22.5; Load Intensity = 18.0; #Success = 5; #Failed = 0; #Dropped = 0
Target Time = 23.5; Load Intensity = 19.0; #Success = 10; #Failed = 0; #Dropped = 0
Target Time = 24.5; Load Intensity = 20.0; #Success = 2; #Failed = 0; #Dropped = 0
Target Time = 25.5; Load Intensity = 21.0; #Success = 3; #Failed = 0; #Dropped = 0
Target Time = 26.5; Load Intensity = 22.0; #Success = 2; #Failed = 0; #Dropped = 0
Target Time = 27.5; Load Intensity = 22.0; #Success = 7; #Failed = 1; #Dropped = 0
Target Time = 28.5; Load Intensity = 23.0; #Success = 1; #Failed = 3; #Dropped = 0
Target Time = 29.5; Load Intensity = 24.0; #Success = 1; #Failed = 7; #Dropped = 0
Target Time = 30.5; Load Intensity = 25.0; #Success = 3; #Failed = 0; #Dropped = 0
Target Time = 31.5; Load Intensity = 26.0; #Success = 1; #Failed = 3; #Dropped = 0
Target Time = 32.5; Load Intensity = 27.0; #Success = 1; #Failed = 1; #Dropped = 0
Target Time = 33.5; Load Intensity = 27.0; #Success = 3; #Failed = 0; #Dropped = 0
Target Time = 34.5; Load Intensity = 28.0; #Success = 0; #Failed = 0; #Dropped = 0
Target Time = 35.5; Load Intensity = 29.0; #Success = 1; #Failed = 21; #Dropped = 0
Target Time = 36.5; Load Intensity = 30.0; #Success = 3; #Failed = 4; #Dropped = 0
Target Time = 37.5; Load Intensity = 31.0; #Success = 0; #Failed = 2; #Dropped = 0
Target Time = 38.5; Load Intensity = 32.0; #Success = 0; #Failed = 0; #Dropped = 0
Target Time = 39.5; Load Intensity = 32.0; #Success = 0; #Failed = 25; #Dropped = 0
Target Time = 40.5; Load Intensity = 33.0; #Success = 0; #Failed = 9; #Dropped = 0
Target Time = 41.5; Load Intensity = 34.0; #Success = 0; #Failed = 2; #Dropped = 0
Target Time = 42.5; Load Intensity = 35.0; #Success = 0; #Failed = 4; #Dropped = 0
Target Time = 43.5; Load Intensity = 36.0; #Success = 1; #Failed = 25; #Dropped = 0
Target Time = 44.5; Load Intensity = 37.0; #Success = 0; #Failed = 12; #Dropped = 0
Target Time = 45.5; Load Intensity = 37.0; #Success = 0; #Failed = 3; #Dropped = 0
Target Time = 46.5; Load Intensity = 38.0; #Success = 0; #Failed = 14; #Dropped = 0
Target Time = 47.5; Load Intensity = 39.0; #Success = 0; #Failed = 2; #Dropped = 0
Target Time = 48.5; Load Intensity = 40.0; #Success = 0; #Failed = 2; #Dropped = 0
Target Time = 49.5; Load Intensity = 41.0; #Success = 0; #Failed = 14; #Dropped = 0
Target Time = 50.5; Load Intensity = 42.0; #Success = 0; #Failed = 1; #Dropped = 0
Target Time = 51.5; Load Intensity = 42.0; #Success = 0; #Failed = 26; #Dropped = 0
Target Time = 52.5; Load Intensity = 43.0; #Success = 0; #Failed = 7; #Dropped = 0
Target Time = 53.5; Load Intensity = 44.0; #Success = 0; #Failed = 4; #Dropped = 0
Target Time = 54.5; Load Intensity = 45.0; #Success = 0; #Failed = 3; #Dropped = 0
Target Time = 55.5; Load Intensity = 46.0; #Success = 0; #Failed = 20; #Dropped = 0
Target Time = 56.5; Load Intensity = 47.0; #Success = 8; #Failed = 17; #Dropped = 0
Target Time = 57.5; Load Intensity = 47.0; #Success = 0; #Failed = 3; #Dropped = 0
Target Time = 58.5; Load Intensity = 48.0; #Success = 1; #Failed = 0; #Dropped = 0
Target Time = 59.5; Load Intensity = 49.0; #Success = 2; #Failed = 2; #Dropped = 0
Target Time = 60.5; Load Intensity = 50.0; #Success = 0; #Failed = 4; #Dropped = 0
Target Time = 61.5; Load Intensity = 51.0; #Success = 0; #Failed = 11; #Dropped = 0
Target Time = 62.5; Load Intensity = 52.0; #Success = 0; #Failed = 8; #Dropped = 0
  └─ [aspire:nic] end 21:52:57
Target Time = 63.5; Load Intensity = 52.0; #Success = 0; #Failed = 7; #Dropped = 0
Target Time = 64.5; Load Intensity = 53.0; #Success = 0; #Failed = 4; #Dropped = 0
Target Time = 65.5; Load Intensity = 54.0; #Success = 0; #Failed = 0; #Dropped = 0
Target Time = 66.5; Load Intensity = 55.0; #Success = 2; #Failed = 0; #Dropped = 9
Target Time = 67.5; Load Intensity = 56.0; #Success = 4; #Failed = 0; #Dropped = 26
Target Time = 68.5; Load Intensity = 57.0; #Success = 0; #Failed = 0; #Dropped = 0
Target Time = 69.5; Load Intensity = 57.0; #Success = 0; #Failed = 0; #Dropped = 0
Target Time = 70.5; Load Intensity = 58.0; #Success = 0; #Failed = 0; #Dropped = 0
Target Time = 71.5; Load Intensity = 59.0; #Success = 0; #Failed = 0; #Dropped = 0
Target Time = 72.5; Load Intensity = 60.0; #Success = 0; #Failed = 0; #Dropped = 0
Target Time = 73.5; Load Intensity = 61.0; #Success = 0; #Failed = 0; #Dropped = 0
Target Time = 74.5; Load Intensity = 62.0; #Success = 0; #Failed = 3; #Dropped = 249
Target Time = 75.5; Load Intensity = 62.0; #Success = 0; #Failed = 1; #Dropped = 41
Target Time = 76.5; Load Intensity = 63.0; #Success = 0; #Failed = 0; #Dropped = 0
Target Time = 77.5; Load Intensity = 64.0; #Success = 0; #Failed = 1; #Dropped = 76
Target Time = 78.5; Load Intensity = 65.0; #Success = 0; #Failed = 2; #Dropped = 38
Target Time = 79.5; Load Intensity = 66.0; #Success = 0; #Failed = 5; #Dropped = 14
Target Time = 80.5; Load Intensity = 67.0; #Success = 0; #Failed = 5; #Dropped = 28
Target Time = 81.5; Load Intensity = 67.0; #Success = 0; #Failed = 5; #Dropped = 68
Target Time = 82.5; Load Intensity = 68.0; #Success = 0; #Failed = 3; #Dropped = 27
Target Time = 83.5; Load Intensity = 69.0; #Success = 0; #Failed = 7; #Dropped = 53
Target Time = 84.5; Load Intensity = 70.0; #Success = 0; #Failed = 3; #Dropped = 27
Target Time = 85.5; Load Intensity = 71.0; #Success = 0; #Failed = 19; #Dropped = 21
Target Time = 86.5; Load Intensity = 72.0; #Success = 4; #Failed = 1; #Dropped = 62
Target Time = 87.5; Load Intensity = 72.0; #Success = 1; #Failed = 2; #Dropped = 1
Target Time = 88.5; Load Intensity = 73.0; #Success = 0; #Failed = 0; #Dropped = 0
Target Time = 89.5; Load Intensity = 74.0; #Success = 0; #Failed = 0; #Dropped = 0
Target Time = 90.5; Load Intensity = 75.0; #Success = 0; #Failed = 0; #Dropped = 0
Target Time = 91.5; Load Intensity = 76.0; #Success = 1; #Failed = 0; #Dropped = 240
Target Time = 92.5; Load Intensity = 77.0; #Success = 0; #Failed = 10; #Dropped = 46
Target Time = 93.5; Load Intensity = 77.0; #Success = 0; #Failed = 2; #Dropped = 41
Target Time = 94.5; Load Intensity = 78.0; #Success = 0; #Failed = 0; #Dropped = 0
Target Time = 95.5; Load Intensity = 79.0; #Success = 0; #Failed = 0; #Dropped = 0
Target Time = 96.5; Load Intensity = 80.0; #Success = 1; #Failed = 0; #Dropped = 140
Target Time = 97.5; Load Intensity = 81.0; #Success = 0; #Failed = 0; #Dropped = 0
Target Time = 98.5; Load Intensity = 82.0; #Success = 0; #Failed = 2; #Dropped = 131
Target Time = 99.5; Load Intensity = 82.0; #Success = 0; #Failed = 0; #Dropped = 0
Target Time = 100.5; Load Intensity = 83.0; #Success = 0; #Failed = 0; #Dropped = 0
Target Time = 101.5; Load Intensity = 84.0; #Success = 0; #Failed = 0; #Dropped = 0
Target Time = 102.5; Load Intensity = 85.0; #Success = 0; #Failed = 0; #Dropped = 0
Target Time = 103.5; Load Intensity = 86.0; #Success = 0; #Failed = 0; #Dropped = 0
Target Time = 104.5; Load Intensity = 87.0; #Success = 4; #Failed = 0; #Dropped = 351
Target Time = 105.5; Load Intensity = 87.0; #Success = 1; #Failed = 0; #Dropped = 70
Target Time = 106.5; Load Intensity = 88.0; #Success = 0; #Failed = 0; #Dropped = 0
Target Time = 107.5; Load Intensity = 89.0; #Success = 1; #Failed = 0; #Dropped = 124
Target Time = 108.5; Load Intensity = 90.0; #Success = 3; #Failed = 0; #Dropped = 68
Target Time = 109.5; Load Intensity = 91.0; #Success = 4; #Failed = 3; #Dropped = 39
Target Time = 110.5; Load Intensity = 92.0; #Success = 5; #Failed = 0; #Dropped = 27
Target Time = 111.5; Load Intensity = 92.0; #Success = 5; #Failed = 0; #Dropped = 110
Target Time = 112.5; Load Intensity = 93.0; #Success = 3; #Failed = 0; #Dropped = 44
Target Time = 113.5; Load Intensity = 94.0; #Success = 6; #Failed = 0; #Dropped = 88
Target Time = 114.5; Load Intensity = 95.0; #Success = 2; #Failed = 0; #Dropped = 41
Target Time = 115.5; Load Intensity = 96.0; #Success = 13; #Failed = 4; #Dropped = 56
Target Time = 116.5; Load Intensity = 97.0; #Success = 0; #Failed = 8; #Dropped = 61
Target Time = 117.5; Load Intensity = 97.0; #Success = 0; #Failed = 3; #Dropped = 72
Target Time = 118.5; Load Intensity = 98.0; #Success = 0; #Failed = 13; #Dropped = 66
Target Time = 119.5; Load Intensity = 99.0; #Success = 0; #Failed = 2; #Dropped = 62
Target Time = 120.5; Load Intensity = 0.0; #Success = 0; #Failed = 0; #Dropped = 0
Target Time = 121.5; Load Intensity = 0.0; #Success = 1; #Failed = 0; #Dropped = 179
Target Time = 122.5; Load Intensity = 0.0; #Success = 7; #Failed = 0; #Dropped = 72
Target Time = 123.5; Load Intensity = 0.0; #Success = 2; #Failed = 1; #Dropped = 63
Target Time = 124.5; Load Intensity = 0.0; #Success = 0; #Failed = 2; #Dropped = 80
Target Time = 125.5; Load Intensity = 0.0; #Success = 0; #Failed = 2; #Dropped = 79
Target Time = 126.5; Load Intensity = 0.0; #Success = 0; #Failed = 4; #Dropped = 75
Target Time = 127.5; Load Intensity = 0.0; #Success = 0; #Failed = 10; #Dropped = 78
Target Time = 128.5; Load Intensity = 0.0; #Success = 2; #Failed = 0; #Dropped = 65
Target Time = 129.5; Load Intensity = 0.0; #Success = 0; #Failed = 0; #Dropped = 0
Target Time = 130.5; Load Intensity = 0.0; #Success = 0; #Failed = 1; #Dropped = 167
Target Time = 131.5; Load Intensity = 0.0; #Success = 0; #Failed = 2; #Dropped = 81
Target Time = 132.5; Load Intensity = 0.0; #Success = 0; #Failed = 4; #Dropped = 80
Target Time = 133.5; Load Intensity = 0.0; #Success = 0; #Failed = 1; #Dropped = 87
Target Time = 134.5; Load Intensity = 0.0; #Success = 1; #Failed = 0; #Dropped = 71
Target Time = 135.5; Load Intensity = 0.0; #Success = 1; #Failed = 0; #Dropped = 107
Target Time = 136.5; Load Intensity = 0.0; #Success = 0; #Failed = 0; #Dropped = 0
Target Time = 137.5; Load Intensity = 0.0; #Success = 1; #Failed = 0; #Dropped = 174
Target Time = 138.5; Load Intensity = 0.0; #Success = 3; #Failed = 0; #Dropped = 88
Target Time = 139.5; Load Intensity = 0.0; #Success = 3; #Failed = 0; #Dropped = 69
Target Time = 140.5; Load Intensity = 0.0; #Success = 3; #Failed = 3; #Dropped = 104
Target Time = 141.5; Load Intensity = 0.0; #Success = 2; #Failed = 0; #Dropped = 90
Target Time = 142.5; Load Intensity = 0.0; #Success = 0; #Failed = 0; #Dropped = 0
Target Time = 143.5; Load Intensity = 0.0; #Success = 0; #Failed = 0; #Dropped = 0
Target Time = 144.5; Load Intensity = 0.0; #Success = 0; #Failed = 0; #Dropped = 0
  └─ [nitro5:sd] end 21:54:19
Target Time = 145.5; Load Intensity = 0.0; #Success = 4; #Failed = 0; #Dropped = 328
  └─ [nitro5:ram] end 21:54:19
  └─ [nitro5:nic] end 21:54:20
  └─ [nitro5:cpu] end 21:54:20
Target Time = 146.5; Load Intensity = 0.0; #Success = 5; #Failed = 0; #Dropped = 100
Target Time = 147.5; Load Intensity = 0.0; #Success = 2; #Failed = 0; #Dropped = 98
Target Time = 148.5; Load Intensity = 0.0; #Success = 3; #Failed = 0; #Dropped = 95
  └─ [leo:cpu] end 21:54:23
Target Time = 149.5; Load Intensity = 0.0; #Success = 0; #Failed = 12; #Dropped = 130
  └─ [leo:nic] end 21:54:24
  └─ [scorpius:nic] end 21:54:24
Target Time = 150.5; Load Intensity = 0.0; #Success = 0; #Failed = 3; #Dropped = 0
  └─ [leo:sd] end 21:54:25
Target Time = 151.5; Load Intensity = 0.0; #Success = 0; #Failed = 0; #Dropped = 0
Target Time = 152.5; Load Intensity = 0.0; #Success = 5; #Failed = 0; #Dropped = 0
  └─ [leo:ram] end 21:54:27
Target Time = 153.5; Load Intensity = 0.0; #Success = 1; #Failed = 2; #Dropped = 0
Target Time = 154.5; Load Intensity = 0.0; #Success = 2; #Failed = 1; #Dropped = 0
Target Time = 155.5; Load Intensity = 0.0; #Success = 0; #Failed = 4; #Dropped = 0
Target Time = 156.5; Load Intensity = 0.0; #Success = 0; #Failed = 0; #Dropped = 0
Target Time = 157.5; Load Intensity = 0.0; #Success = 2; #Failed = 6; #Dropped = 0
  └─ [scorpius:cpu] end 21:54:32
  └─ [scorpius:ram] end 21:54:32
Target Time = 158.5; Load Intensity = 0.0; #Success = 2; #Failed = 14; #Dropped = 0
Target Time = 159.5; Load Intensity = 0.0; #Success = 0; #Failed = 5; #Dropped = 0
Target Time = 160.5; Load Intensity = 0.0; #Success = 0; #Failed = 2; #Dropped = 0
  └─ [scorpius:sd] end 21:54:35
Target Time = 161.5; Load Intensity = 0.0; #Success = 0; #Failed = 8; #Dropped = 0
Target Time = 162.5; Load Intensity = 0.0; #Success = 0; #Failed = 0; #Dropped = 0
Target Time = 163.5; Load Intensity = 0.0; #Success = 0; #Failed = 3; #Dropped = 0
  └─ [aspire:ram] end 21:54:38
  └─ [aspire:cpu] end 21:54:39
  └─ [aspire:sd] end 21:54:39
=== Bloque 145s terminado - Fase: fase3_carga_low_iter5 ===
[🧹] Limpiando CSVs internos de ecofloc en cada nodo (fase: fase3_carga_low_iter5)...
  ✔ [nitro5:cpu] limpiado /home/luish/Documents/p3/ecofloc2/ecofloc/ecofloc-cpu/ECOFLOC_CPU_COMM_text.csv
  ✔ [nitro5:nic] limpiado /home/luish/Documents/p3/ecofloc2/ecofloc/ecofloc-nic/ECOFLOC_NIC_COMM_text.csv
  ✔ [nitro5:ram] limpiado /home/luish/Documents/p3/ecofloc2/ecofloc/ecofloc-ram/ECOFLOC_RAM_COMM_text.csv
  ✔ [nitro5:sd] limpiado /home/luish/Documents/p3/ecofloc2/ecofloc/ecofloc-sd/ECOFLOC_SD_COMM_text.csv
  ✔ [leo:cpu] limpiado /home/leo/ecofloc/ecofloc-cpu/ECOFLOC_CPU_COMM_text.csv
  ✔ [leo:nic] limpiado /home/leo/ecofloc/ecofloc-nic/ECOFLOC_NIC_COMM_text.csv
  ✔ [leo:ram] limpiado /home/leo/ecofloc/ecofloc-ram/ECOFLOC_RAM_COMM_text.csv
  ✔ [leo:sd] limpiado /home/leo/ecofloc/ecofloc-sd/ECOFLOC_SD_COMM_text.csv
  ✔ [aspire:cpu] limpiado /home/luish/Documents/p3/ecofloc2/ecofloc/ecofloc-cpu/ECOFLOC_CPU_COMM_text.csv
  ✔ [aspire:nic] limpiado /home/luish/Documents/p3/ecofloc2/ecofloc/ecofloc-nic/ECOFLOC_NIC_COMM_text.csv
  ✔ [aspire:ram] limpiado /home/luish/Documents/p3/ecofloc2/ecofloc/ecofloc-ram/ECOFLOC_RAM_COMM_text.csv
  ✔ [aspire:sd] limpiado /home/luish/Documents/p3/ecofloc2/ecofloc/ecofloc-sd/ECOFLOC_SD_COMM_text.csv
Workload finished.
Log finished.
📄 LIMBO finalizado para scenario=low
⏳ [21:54:42] Esperando que termine medición: fase3_carga_low_iter5 (PID: 2573118)
  ✔ [scorpius:cpu] limpiado /home/scorpius03/Documents/ecofloc/ecofloc-cpu/ECOFLOC_CPU_COMM_text.csv
  ✔ [scorpius:nic] limpiado /home/scorpius03/Documents/ecofloc/ecofloc-nic/ECOFLOC_NIC_COMM_text.csv
  ✔ [scorpius:ram] limpiado /home/scorpius03/Documents/ecofloc/ecofloc-ram/ECOFLOC_RAM_COMM_text.csv
  ✔ [scorpius:sd] limpiado /home/scorpius03/Documents/ecofloc/ecofloc-sd/ECOFLOC_SD_COMM_text.csv
========================================
🔋 MEASURE ENERGY FINALIZADO
   Fase: fase3_carga_low_iter5
========================================
✔️ [21:54:44] Medición fase3_carga_low_iter5 completada
[📦] Archivando resultados → ./historyexecutions/exp(21:54:49)_fase3_low_iter5
[✔] Archivado: ./historyexecutions/exp(21:54:49)_fase3_low_iter5
🧹 Limpiando TeaStore (iter 5)...
⏸ Esperando 15s para limpieza completa...
✅ Iteración 5 / 9 del escenario low completada.

########################################################
🔄 ESCENARIO: low | ITERACIÓN: 6 / 9
   Hora: 21:55:37
########################################################
========================================
🔋 FASE 1: Descarga de imágenes (low, iter 6)
========================================
📋 Capturando PIDs (gepidstea.sh)...
📋 Capturando PIDs de contenedores (kpsnodos.sh)...
🔋 [21:55:58] Iniciando medición de energía: fase1_descarga_low_iter6 (25s)
   PID de medición: 2938731
🚀 Desplegando TeaStore desde https://raw.githubusercontent.com/DescartesResearch/TeaStore/master/examples/kubernetes/teastore-ribbon.yaml...
========================================
🔋 MEASURE ENERGY - Fase: fase1_descarga_low_iter6
   Duración: 25s
   PID: 2938731
========================================
=== Medición bloque 25s - Fase: fase1_descarga_low_iter6 ===
[⏱ 21:55:58] Iniciando ecofloc en nitro5 por 25s (fase: fase1_descarga_low_iter6)
⏳ Esperando a que todos los pods de TeaStore estén Running y Ready...
  ├─ [nitro5:sd] start 21:55:59
  ├─ [nitro5:ram] start 21:55:59
  ├─ [nitro5:nic] start 21:55:59
[⏱ 21:56:00] Iniciando ecofloc en aspire por 25s (fase: fase1_descarga_low_iter6)
  ├─ [nitro5:cpu] start 21:56:00
  ├─ [aspire:sd] start 21:56:00
  ├─ [aspire:ram] start 21:56:00
  ├─ [aspire:nic] start 21:56:00
[⏱ 21:56:00] Iniciando ecofloc en scorpius por 25s (fase: fase1_descarga_low_iter6)
  ├─ [aspire:cpu] start 21:56:00
  ├─ [scorpius:sd] start 21:56:00
  ├─ [scorpius:ram] start 21:56:00
[⏱ 21:56:00] Iniciando ecofloc en leo por 25s (fase: fase1_descarga_low_iter6)
  ├─ [scorpius:nic] start 21:56:00
  ├─ [scorpius:cpu] start 21:56:00
  ├─ [leo:sd] start 21:56:00
  ├─ [leo:nic] start 21:56:00
  ├─ [leo:cpu] start 21:56:00
  ├─ [leo:ram] start 21:56:00
✅ Pods listos.
⏳ [21:56:07] Esperando que termine medición: fase1_descarga_low_iter6 (PID: 2938731)
  └─ [nitro5:sd] end 21:56:24
  └─ [nitro5:ram] end 21:56:24
  └─ [nitro5:nic] end 21:56:24
  └─ [nitro5:cpu] end 21:56:25
  └─ [leo:cpu] end 21:56:26
  └─ [leo:sd] end 21:56:26
  └─ [aspire:sd] end 21:56:26
  └─ [aspire:cpu] end 21:56:26
  └─ [scorpius:sd] end 21:56:26
  └─ [scorpius:cpu] end 21:56:26
  └─ [leo:nic] end 21:56:27
  └─ [leo:ram] end 21:56:27
  └─ [aspire:nic] end 21:56:27
  └─ [aspire:ram] end 21:56:27
  └─ [scorpius:nic] end 21:56:27
  └─ [scorpius:ram] end 21:56:27
=== Bloque 25s terminado - Fase: fase1_descarga_low_iter6 ===
[🧹] Limpiando CSVs internos de ecofloc en cada nodo (fase: fase1_descarga_low_iter6)...
  ✔ [nitro5:cpu] limpiado /home/luish/Documents/p3/ecofloc2/ecofloc/ecofloc-cpu/ECOFLOC_CPU_COMM_text.csv
  ✔ [nitro5:nic] limpiado /home/luish/Documents/p3/ecofloc2/ecofloc/ecofloc-nic/ECOFLOC_NIC_COMM_text.csv
  ✔ [nitro5:ram] limpiado /home/luish/Documents/p3/ecofloc2/ecofloc/ecofloc-ram/ECOFLOC_RAM_COMM_text.csv
  ✔ [nitro5:sd] limpiado /home/luish/Documents/p3/ecofloc2/ecofloc/ecofloc-sd/ECOFLOC_SD_COMM_text.csv
  ✔ [leo:cpu] limpiado /home/leo/ecofloc/ecofloc-cpu/ECOFLOC_CPU_COMM_text.csv
  ✔ [leo:nic] limpiado /home/leo/ecofloc/ecofloc-nic/ECOFLOC_NIC_COMM_text.csv
  ✔ [leo:ram] limpiado /home/leo/ecofloc/ecofloc-ram/ECOFLOC_RAM_COMM_text.csv
  ✔ [leo:sd] limpiado /home/leo/ecofloc/ecofloc-sd/ECOFLOC_SD_COMM_text.csv
  ✔ [aspire:cpu] limpiado /home/luish/Documents/p3/ecofloc2/ecofloc/ecofloc-cpu/ECOFLOC_CPU_COMM_text.csv
  ✔ [aspire:nic] limpiado /home/luish/Documents/p3/ecofloc2/ecofloc/ecofloc-nic/ECOFLOC_NIC_COMM_text.csv
  ✔ [aspire:ram] limpiado /home/luish/Documents/p3/ecofloc2/ecofloc/ecofloc-ram/ECOFLOC_RAM_COMM_text.csv
  ✔ [aspire:sd] limpiado /home/luish/Documents/p3/ecofloc2/ecofloc/ecofloc-sd/ECOFLOC_SD_COMM_text.csv
  ✔ [scorpius:cpu] limpiado /home/scorpius03/Documents/ecofloc/ecofloc-cpu/ECOFLOC_CPU_COMM_text.csv
  ✔ [scorpius:nic] limpiado /home/scorpius03/Documents/ecofloc/ecofloc-nic/ECOFLOC_NIC_COMM_text.csv
  ✔ [scorpius:ram] limpiado /home/scorpius03/Documents/ecofloc/ecofloc-ram/ECOFLOC_RAM_COMM_text.csv
  ✔ [scorpius:sd] limpiado /home/scorpius03/Documents/ecofloc/ecofloc-sd/ECOFLOC_SD_COMM_text.csv
========================================
🔋 MEASURE ENERGY FINALIZADO
   Fase: fase1_descarga_low_iter6
========================================
✔️ [21:56:31] Medición fase1_descarga_low_iter6 completada
[📦] Archivando resultados → ./historyexecutions/exp(21:56:36)_fase1_low_iter6
[✔] Archivado: ./historyexecutions/exp(21:56:36)_fase1_low_iter6
========================================
🔋 FASE 2: Preparación de servicios (low, iter 6)
========================================
📋 Capturando PIDs (gepidstea.sh)...
📋 Capturando PIDs de contenedores (kpsnodos.sh)...
🔋 [21:56:57] Iniciando medición de energía: fase2_preparacion_low_iter6 (50s)
   PID de medición: 3005306
========================================
🔋 MEASURE ENERGY - Fase: fase2_preparacion_low_iter6
   Duración: 50s
   PID: 3005306
========================================
=== Medición bloque 50s - Fase: fase2_preparacion_low_iter6 ===
[⏱ 21:56:57] Iniciando ecofloc en nitro5 por 50s (fase: fase2_preparacion_low_iter6)
⏳ Esperando 10s a que CoreDNS se estabilice...
  ├─ [nitro5:sd] start 21:56:58
  ├─ [nitro5:ram] start 21:56:58
  ├─ [nitro5:nic] start 21:56:58
[⏱ 21:56:59] Iniciando ecofloc en aspire por 50s (fase: fase2_preparacion_low_iter6)
  ├─ [nitro5:cpu] start 21:56:59
  ├─ [aspire:sd] start 21:56:59
  ├─ [aspire:ram] start 21:56:59
  ├─ [aspire:nic] start 21:56:59
[⏱ 21:56:59] Iniciando ecofloc en scorpius por 50s (fase: fase2_preparacion_low_iter6)
  ├─ [aspire:cpu] start 21:56:59
  ├─ [scorpius:sd] start 21:56:59
  ├─ [scorpius:ram] start 21:56:59
  ├─ [scorpius:nic] start 21:56:59
[⏱ 21:56:59] Iniciando ecofloc en leo por 50s (fase: fase2_preparacion_low_iter6)
  ├─ [scorpius:cpu] start 21:56:59
  ├─ [leo:sd] start 21:56:59
  ├─ [leo:ram] start 21:56:59
  ├─ [leo:cpu] start 21:56:59
  ├─ [leo:nic] start 21:56:59
➡️ Pod WebUI: teastore-webui-558b54cc77-r2zqn
➡️ Está en el nodo: leo02
🌐 IP del nodo WebUI: 192.168.18.36
⏳ Verificando estado del TeaStore en http://192.168.18.36:30080/tools.descartes.teastore.webui/status ...
   ➤ Estado actual: 2 / 5 servicios OK
❌ TeaStore aún no está listo. Reintentando en 10s...
   ➤ Estado actual: 2 / 5 servicios OK
❌ TeaStore aún no está listo. Reintentando en 10s...
   ➤ Estado actual: 2 / 5 servicios OK
❌ TeaStore aún no está listo. Reintentando en 10s...
  └─ [nitro5:sd] end 21:57:48
  └─ [nitro5:ram] end 21:57:48
  └─ [nitro5:nic] end 21:57:48
  └─ [nitro5:cpu] end 21:57:49
   ➤ Estado actual: 2 / 5 servicios OK
❌ TeaStore aún no está listo. Reintentando en 10s...
  └─ [aspire:cpu] end 21:57:50
  └─ [leo:cpu] end 21:57:50
  └─ [scorpius:cpu] end 21:57:50
  └─ [scorpius:sd] end 21:57:50
  └─ [aspire:sd] end 21:57:50
  └─ [aspire:nic] end 21:57:51
  └─ [leo:nic] end 21:57:51
  └─ [aspire:ram] end 21:57:51
  └─ [leo:sd] end 21:57:51
  └─ [scorpius:ram] end 21:57:51
  └─ [scorpius:nic] end 21:57:51
  └─ [leo:ram] end 21:57:51
=== Bloque 50s terminado - Fase: fase2_preparacion_low_iter6 ===
[🧹] Limpiando CSVs internos de ecofloc en cada nodo (fase: fase2_preparacion_low_iter6)...
  ✔ [nitro5:cpu] limpiado /home/luish/Documents/p3/ecofloc2/ecofloc/ecofloc-cpu/ECOFLOC_CPU_COMM_text.csv
  ✔ [nitro5:nic] limpiado /home/luish/Documents/p3/ecofloc2/ecofloc/ecofloc-nic/ECOFLOC_NIC_COMM_text.csv
  ✔ [nitro5:ram] limpiado /home/luish/Documents/p3/ecofloc2/ecofloc/ecofloc-ram/ECOFLOC_RAM_COMM_text.csv
  ✔ [nitro5:sd] limpiado /home/luish/Documents/p3/ecofloc2/ecofloc/ecofloc-sd/ECOFLOC_SD_COMM_text.csv
  ✔ [leo:cpu] limpiado /home/leo/ecofloc/ecofloc-cpu/ECOFLOC_CPU_COMM_text.csv
  ✔ [leo:nic] limpiado /home/leo/ecofloc/ecofloc-nic/ECOFLOC_NIC_COMM_text.csv
  ✔ [leo:ram] limpiado /home/leo/ecofloc/ecofloc-ram/ECOFLOC_RAM_COMM_text.csv
  ✔ [leo:sd] limpiado /home/leo/ecofloc/ecofloc-sd/ECOFLOC_SD_COMM_text.csv
  ✔ [aspire:cpu] limpiado /home/luish/Documents/p3/ecofloc2/ecofloc/ecofloc-cpu/ECOFLOC_CPU_COMM_text.csv
  ✔ [aspire:nic] limpiado /home/luish/Documents/p3/ecofloc2/ecofloc/ecofloc-nic/ECOFLOC_NIC_COMM_text.csv
  ✔ [aspire:ram] limpiado /home/luish/Documents/p3/ecofloc2/ecofloc/ecofloc-ram/ECOFLOC_RAM_COMM_text.csv
  ✔ [aspire:sd] limpiado /home/luish/Documents/p3/ecofloc2/ecofloc/ecofloc-sd/ECOFLOC_SD_COMM_text.csv
  ✔ [scorpius:cpu] limpiado /home/scorpius03/Documents/ecofloc/ecofloc-cpu/ECOFLOC_CPU_COMM_text.csv
  ✔ [scorpius:nic] limpiado /home/scorpius03/Documents/ecofloc/ecofloc-nic/ECOFLOC_NIC_COMM_text.csv
  ✔ [scorpius:ram] limpiado /home/scorpius03/Documents/ecofloc/ecofloc-ram/ECOFLOC_RAM_COMM_text.csv
  ✔ [scorpius:sd] limpiado /home/scorpius03/Documents/ecofloc/ecofloc-sd/ECOFLOC_SD_COMM_text.csv
========================================
🔋 MEASURE ENERGY FINALIZADO
   Fase: fase2_preparacion_low_iter6
========================================
   ➤ Estado actual: 2 / 5 servicios OK
❌ TeaStore aún no está listo. Reintentando en 10s...
   ➤ Estado actual: 2 / 5 servicios OK
❌ TeaStore aún no está listo. Reintentando en 10s...
   ➤ Estado actual: 2 / 5 servicios OK
❌ TeaStore aún no está listo. Reintentando en 10s...
   ➤ Estado actual: 2 / 5 servicios OK
❌ TeaStore aún no está listo. Reintentando en 10s...
   ➤ Estado actual: 2 / 5 servicios OK
❌ TeaStore aún no está listo. Reintentando en 10s...
   ➤ Estado actual: 2 / 5 servicios OK
❌ TeaStore aún no está listo. Reintentando en 10s...
   ➤ Estado actual: 5 / 5 servicios OK
✔ TODOS los servicios del TeaStore están OK. Continuando...
⏳ [21:59:08] Esperando que termine medición: fase2_preparacion_low_iter6 (PID: 3005306)
✔️ [21:59:08] Medición fase2_preparacion_low_iter6 completada
[📦] Archivando resultados → ./historyexecutions/exp(21:59:13)_fase2_low_iter6
[✔] Archivado: ./historyexecutions/exp(21:59:13)_fase2_low_iter6
========================================
🔋 FASE 3: Ejecución de carga (low, iter 6)
========================================
📋 Capturando PIDs (gepidstea.sh)...
📋 Capturando PIDs de contenedores (kpsnodos.sh)...
🔋 [21:59:31] Iniciando medición de energía: fase3_carga_low_iter6 (145s)
   PID de medición: 3141158
=== Escenario low (iter 6) ===
========================================
🔋 MEASURE ENERGY - Fase: fase3_carga_low_iter6
   Duración: 145s
   PID: 3141158
========================================
=== Medición bloque 145s - Fase: fase3_carga_low_iter6 ===
🚀 Iniciando LIMBO con profile=/home/luish/Documents/death/teastore/TeaStore/examples/httploadgenerator/increasingLowIntensity.csv y script=/home/luish/Documents/death/teastore/TeaStore/examples/httploadgenerator/teastore_buy.lua
[⏱ 21:59:31] Iniciando ecofloc en nitro5 por 145s (fase: fase3_carga_low_iter6)
Feb 24, 2026 9:59:31 PM tools.descartes.dlim.httploadgenerator.runner.Director executeDirector
WARNING: No power measurements
Feb 24, 2026 9:59:31 PM tools.descartes.dlim.httploadgenerator.runner.Director executeDirector
INFO: Load Generator Thread Count set to 64
Feb 24, 2026 9:59:31 PM tools.descartes.dlim.httploadgenerator.runner.Director executeDirector
INFO: URL connection timout set to 30000 ms
Feb 24, 2026 9:59:31 PM tools.descartes.dlim.httploadgenerator.runner.Director executeDirector
INFO: Using Lua Script: /home/luish/Documents/death/teastore/TeaStore/examples/httploadgenerator/teastore_buy.lua
Feb 24, 2026 9:59:31 PM tools.descartes.dlim.httploadgenerator.runner.Director process
INFO: Read 120 Arrival Rate Tuples
Load Generator sent: ok
Feb 24, 2026 9:59:31 PM tools.descartes.dlim.httploadgenerator.runner.Director process
INFO: Arrival Rates sent to Load Generator(s).
Load Generator sent: ok
Feb 24, 2026 9:59:31 PM tools.descartes.dlim.httploadgenerator.runner.Director process
INFO: Thread Count sent to Load Generator(s): 64
Load Generator sent: ok
Feb 24, 2026 9:59:31 PM tools.descartes.dlim.httploadgenerator.runner.Director process
INFO: URL connection timeout sent to Load Generator(s): 30000
Load Generator sent: ok
Feb 24, 2026 9:59:31 PM tools.descartes.dlim.httploadgenerator.runner.Director process
INFO: Contents of script sent to Load Generator: /home/luish/Documents/death/teastore/TeaStore/examples/httploadgenerator/teastore_buy.lua
Feb 24, 2026 9:59:31 PM tools.descartes.dlim.httploadgenerator.runner.Director process
INFO: Starting Load Generation
Beginning Run @1771988371650(24.02.2026;21:59:31650)
Target Time = 0.5; Load Intensity = 0.0; #Success = 0; #Failed = 0; #Dropped = 0
  ├─ [nitro5:sd] start 21:59:31
  ├─ [nitro5:ram] start 21:59:32
  ├─ [nitro5:nic] start 21:59:32
[⏱ 21:59:33] Iniciando ecofloc en aspire por 145s (fase: fase3_carga_low_iter6)
  ├─ [nitro5:cpu] start 21:59:33
  ├─ [aspire:sd] start 21:59:33
  ├─ [aspire:ram] start 21:59:33
  ├─ [aspire:nic] start 21:59:33
[⏱ 21:59:33] Iniciando ecofloc en scorpius por 145s (fase: fase3_carga_low_iter6)
  ├─ [aspire:cpu] start 21:59:33
  ├─ [scorpius:sd] start 21:59:33
  ├─ [scorpius:ram] start 21:59:33
  ├─ [scorpius:nic] start 21:59:33
[⏱ 21:59:33] Iniciando ecofloc en leo por 145s (fase: fase3_carga_low_iter6)
  ├─ [scorpius:cpu] start 21:59:33
  ├─ [leo:sd] start 21:59:33
  ├─ [leo:ram] start 21:59:33
  ├─ [leo:nic] start 21:59:33
  ├─ [leo:cpu] start 21:59:33
Target Time = 1.5; Load Intensity = 1.0; #Success = 0; #Failed = 0; #Dropped = 0
Target Time = 2.5; Load Intensity = 2.0; #Success = 0; #Failed = 0; #Dropped = 0
Target Time = 3.5; Load Intensity = 2.0; #Success = 0; #Failed = 0; #Dropped = 0
Target Time = 4.5; Load Intensity = 3.0; #Success = 8; #Failed = 0; #Dropped = 0
Target Time = 5.5; Load Intensity = 4.0; #Success = 2; #Failed = 0; #Dropped = 0
Target Time = 6.5; Load Intensity = 5.0; #Success = 6; #Failed = 0; #Dropped = 0
Target Time = 7.5; Load Intensity = 6.0; #Success = 5; #Failed = 0; #Dropped = 0
Target Time = 8.5; Load Intensity = 7.0; #Success = 7; #Failed = 0; #Dropped = 0
Target Time = 9.5; Load Intensity = 7.0; #Success = 7; #Failed = 0; #Dropped = 0
Target Time = 10.5; Load Intensity = 8.0; #Success = 0; #Failed = 0; #Dropped = 0
Target Time = 11.5; Load Intensity = 9.0; #Success = 6; #Failed = 0; #Dropped = 0
Target Time = 12.5; Load Intensity = 10.0; #Success = 8; #Failed = 0; #Dropped = 0
Target Time = 13.5; Load Intensity = 11.0; #Success = 6; #Failed = 0; #Dropped = 0
Target Time = 14.5; Load Intensity = 12.0; #Success = 4; #Failed = 0; #Dropped = 0
Target Time = 15.5; Load Intensity = 12.0; #Success = 5; #Failed = 0; #Dropped = 0
Target Time = 16.5; Load Intensity = 13.0; #Success = 0; #Failed = 0; #Dropped = 0
Target Time = 17.5; Load Intensity = 14.0; #Success = 2; #Failed = 0; #Dropped = 0
Target Time = 18.5; Load Intensity = 15.0; #Success = 3; #Failed = 0; #Dropped = 0
Target Time = 19.5; Load Intensity = 16.0; #Success = 14; #Failed = 0; #Dropped = 0
Target Time = 20.5; Load Intensity = 17.0; #Success = 15; #Failed = 0; #Dropped = 0
Target Time = 21.5; Load Intensity = 17.0; #Success = 4; #Failed = 0; #Dropped = 0
Target Time = 22.5; Load Intensity = 18.0; #Success = 0; #Failed = 0; #Dropped = 0
Target Time = 23.5; Load Intensity = 19.0; #Success = 0; #Failed = 0; #Dropped = 0
Target Time = 24.5; Load Intensity = 20.0; #Success = 0; #Failed = 0; #Dropped = 0
Target Time = 25.5; Load Intensity = 21.0; #Success = 8; #Failed = 0; #Dropped = 0
Target Time = 26.5; Load Intensity = 22.0; #Success = 0; #Failed = 0; #Dropped = 0
Target Time = 27.5; Load Intensity = 22.0; #Success = 5; #Failed = 0; #Dropped = 0
Target Time = 28.5; Load Intensity = 23.0; #Success = 7; #Failed = 0; #Dropped = 0
Target Time = 29.5; Load Intensity = 24.0; #Success = 1; #Failed = 0; #Dropped = 0
Target Time = 30.5; Load Intensity = 25.0; #Success = 0; #Failed = 0; #Dropped = 0
Target Time = 31.5; Load Intensity = 26.0; #Success = 2; #Failed = 0; #Dropped = 0
Target Time = 32.5; Load Intensity = 27.0; #Success = 3; #Failed = 0; #Dropped = 0
Target Time = 33.5; Load Intensity = 27.0; #Success = 0; #Failed = 0; #Dropped = 0
Target Time = 34.5; Load Intensity = 28.0; #Success = 0; #Failed = 0; #Dropped = 0
Target Time = 35.5; Load Intensity = 29.0; #Success = 0; #Failed = 0; #Dropped = 0
Target Time = 36.5; Load Intensity = 30.0; #Success = 0; #Failed = 0; #Dropped = 0
Target Time = 37.5; Load Intensity = 31.0; #Success = 0; #Failed = 0; #Dropped = 0
Target Time = 38.5; Load Intensity = 32.0; #Success = 11; #Failed = 0; #Dropped = 0
Target Time = 39.5; Load Intensity = 32.0; #Success = 9; #Failed = 6; #Dropped = 0
Target Time = 40.5; Load Intensity = 33.0; #Success = 0; #Failed = 0; #Dropped = 0
Target Time = 41.5; Load Intensity = 34.0; #Success = 2; #Failed = 0; #Dropped = 0
Target Time = 42.5; Load Intensity = 35.0; #Success = 7; #Failed = 0; #Dropped = 0
Target Time = 43.5; Load Intensity = 36.0; #Success = 8; #Failed = 0; #Dropped = 0
Target Time = 44.5; Load Intensity = 37.0; #Success = 1; #Failed = 0; #Dropped = 0
Target Time = 45.5; Load Intensity = 37.0; #Success = 2; #Failed = 0; #Dropped = 0
Target Time = 46.5; Load Intensity = 38.0; #Success = 4; #Failed = 2; #Dropped = 0
Target Time = 47.5; Load Intensity = 39.0; #Success = 0; #Failed = 0; #Dropped = 0
Target Time = 48.5; Load Intensity = 40.0; #Success = 0; #Failed = 0; #Dropped = 0
Target Time = 49.5; Load Intensity = 41.0; #Success = 1; #Failed = 1; #Dropped = 0
Target Time = 50.5; Load Intensity = 42.0; #Success = 1; #Failed = 0; #Dropped = 0
Target Time = 51.5; Load Intensity = 42.0; #Success = 0; #Failed = 3; #Dropped = 0
Target Time = 52.5; Load Intensity = 43.0; #Success = 0; #Failed = 4; #Dropped = 0
Target Time = 53.5; Load Intensity = 44.0; #Success = 0; #Failed = 2; #Dropped = 0
Target Time = 54.5; Load Intensity = 45.0; #Success = 0; #Failed = 3; #Dropped = 0
Target Time = 55.5; Load Intensity = 46.0; #Success = 0; #Failed = 0; #Dropped = 0
Target Time = 56.5; Load Intensity = 47.0; #Success = 0; #Failed = 5; #Dropped = 11
Target Time = 57.5; Load Intensity = 47.0; #Success = 0; #Failed = 3; #Dropped = 31
Target Time = 58.5; Load Intensity = 48.0; #Success = 1; #Failed = 1; #Dropped = 15
Target Time = 59.5; Load Intensity = 49.0; #Success = 0; #Failed = 4; #Dropped = 29
Target Time = 60.5; Load Intensity = 50.0; #Success = 0; #Failed = 18; #Dropped = 10
Target Time = 61.5; Load Intensity = 51.0; #Success = 1; #Failed = 1; #Dropped = 17
Target Time = 62.5; Load Intensity = 52.0; #Success = 1; #Failed = 2; #Dropped = 23
Target Time = 63.5; Load Intensity = 52.0; #Success = 0; #Failed = 1; #Dropped = 27
Target Time = 64.5; Load Intensity = 53.0; #Success = 0; #Failed = 0; #Dropped = 0
Target Time = 65.5; Load Intensity = 54.0; #Success = 0; #Failed = 0; #Dropped = 0
Target Time = 66.5; Load Intensity = 55.0; #Success = 0; #Failed = 0; #Dropped = 0
Target Time = 67.5; Load Intensity = 56.0; #Success = 0; #Failed = 0; #Dropped = 0
Target Time = 68.5; Load Intensity = 57.0; #Success = 2; #Failed = 0; #Dropped = 145
Target Time = 69.5; Load Intensity = 57.0; #Success = 6; #Failed = 0; #Dropped = 13
Target Time = 70.5; Load Intensity = 58.0; #Success = 0; #Failed = 0; #Dropped = 0
Target Time = 71.5; Load Intensity = 59.0; #Success = 4; #Failed = 6; #Dropped = 79
Target Time = 72.5; Load Intensity = 60.0; #Success = 3; #Failed = 0; #Dropped = 21
Target Time = 73.5; Load Intensity = 61.0; #Success = 3; #Failed = 0; #Dropped = 37
Target Time = 74.5; Load Intensity = 62.0; #Success = 2; #Failed = 0; #Dropped = 39
Target Time = 75.5; Load Intensity = 62.0; #Success = 2; #Failed = 1; #Dropped = 17
Target Time = 76.5; Load Intensity = 63.0; #Success = 1; #Failed = 0; #Dropped = 32
Target Time = 77.5; Load Intensity = 64.0; #Success = 0; #Failed = 0; #Dropped = 0
Target Time = 78.5; Load Intensity = 65.0; #Success = 2; #Failed = 0; #Dropped = 85
Target Time = 79.5; Load Intensity = 66.0; #Success = 1; #Failed = 0; #Dropped = 50
Target Time = 80.5; Load Intensity = 67.0; #Success = 1; #Failed = 0; #Dropped = 45
Target Time = 81.5; Load Intensity = 67.0; #Success = 2; #Failed = 0; #Dropped = 43
Target Time = 82.5; Load Intensity = 68.0; #Success = 0; #Failed = 3; #Dropped = 22
Target Time = 83.5; Load Intensity = 69.0; #Success = 2; #Failed = 8; #Dropped = 46
Target Time = 84.5; Load Intensity = 70.0; #Success = 0; #Failed = 0; #Dropped = 0
Target Time = 85.5; Load Intensity = 71.0; #Success = 0; #Failed = 2; #Dropped = 73
Target Time = 86.5; Load Intensity = 72.0; #Success = 2; #Failed = 1; #Dropped = 29
Target Time = 87.5; Load Intensity = 72.0; #Success = 0; #Failed = 0; #Dropped = 0
Target Time = 88.5; Load Intensity = 73.0; #Success = 1; #Failed = 0; #Dropped = 107
Target Time = 89.5; Load Intensity = 74.0; #Success = 2; #Failed = 3; #Dropped = 60
Target Time = 90.5; Load Intensity = 75.0; #Success = 10; #Failed = 1; #Dropped = 32
Target Time = 91.5; Load Intensity = 76.0; #Success = 1; #Failed = 9; #Dropped = 53
Target Time = 92.5; Load Intensity = 77.0; #Success = 0; #Failed = 9; #Dropped = 42
Target Time = 93.5; Load Intensity = 77.0; #Success = 0; #Failed = 2; #Dropped = 16
Target Time = 94.5; Load Intensity = 78.0; #Success = 0; #Failed = 0; #Dropped = 0
Target Time = 95.5; Load Intensity = 79.0; #Success = 0; #Failed = 0; #Dropped = 0
Target Time = 96.5; Load Intensity = 80.0; #Success = 0; #Failed = 0; #Dropped = 0
Target Time = 97.5; Load Intensity = 81.0; #Success = 0; #Failed = 0; #Dropped = 0
Target Time = 98.5; Load Intensity = 82.0; #Success = 0; #Failed = 0; #Dropped = 0
Target Time = 99.5; Load Intensity = 82.0; #Success = 0; #Failed = 0; #Dropped = 0
Target Time = 100.5; Load Intensity = 83.0; #Success = 0; #Failed = 0; #Dropped = 0
Target Time = 101.5; Load Intensity = 84.0; #Success = 4; #Failed = 0; #Dropped = 480
Target Time = 102.5; Load Intensity = 85.0; #Success = 0; #Failed = 0; #Dropped = 0
Target Time = 103.5; Load Intensity = 86.0; #Success = 0; #Failed = 1; #Dropped = 111
Target Time = 104.5; Load Intensity = 87.0; #Success = 0; #Failed = 3; #Dropped = 57
Target Time = 105.5; Load Intensity = 87.0; #Success = 0; #Failed = 7; #Dropped = 68
Target Time = 106.5; Load Intensity = 88.0; #Success = 0; #Failed = 20; #Dropped = 10
Target Time = 107.5; Load Intensity = 89.0; #Success = 0; #Failed = 0; #Dropped = 0
Target Time = 108.5; Load Intensity = 90.0; #Success = 0; #Failed = 0; #Dropped = 0
Target Time = 109.5; Load Intensity = 91.0; #Success = 2; #Failed = 0; #Dropped = 215
Target Time = 110.5; Load Intensity = 92.0; #Success = 2; #Failed = 0; #Dropped = 76
Target Time = 111.5; Load Intensity = 92.0; #Success = 1; #Failed = 1; #Dropped = 51
Target Time = 112.5; Load Intensity = 93.0; #Success = 3; #Failed = 0; #Dropped = 52
Target Time = 113.5; Load Intensity = 94.0; #Success = 5; #Failed = 2; #Dropped = 88
Target Time = 114.5; Load Intensity = 95.0; #Success = 0; #Failed = 8; #Dropped = 61
Target Time = 115.5; Load Intensity = 96.0; #Success = 0; #Failed = 4; #Dropped = 37
Target Time = 116.5; Load Intensity = 97.0; #Success = 0; #Failed = 16; #Dropped = 51
Target Time = 117.5; Load Intensity = 97.0; #Success = 1; #Failed = 0; #Dropped = 87
Target Time = 118.5; Load Intensity = 98.0; #Success = 1; #Failed = 0; #Dropped = 62
Target Time = 119.5; Load Intensity = 99.0; #Success = 1; #Failed = 0; #Dropped = 77
Target Time = 120.5; Load Intensity = 0.0; #Success = 3; #Failed = 0; #Dropped = 91
Target Time = 121.5; Load Intensity = 0.0; #Success = 3; #Failed = 0; #Dropped = 44
Target Time = 122.5; Load Intensity = 0.0; #Success = 3; #Failed = 4; #Dropped = 106
Target Time = 123.5; Load Intensity = 0.0; #Success = 0; #Failed = 7; #Dropped = 60
Target Time = 124.5; Load Intensity = 0.0; #Success = 0; #Failed = 0; #Dropped = 0
Target Time = 125.5; Load Intensity = 0.0; #Success = 1; #Failed = 0; #Dropped = 166
Target Time = 126.5; Load Intensity = 0.0; #Success = 0; #Failed = 0; #Dropped = 0
Target Time = 127.5; Load Intensity = 0.0; #Success = 0; #Failed = 4; #Dropped = 158
Target Time = 128.5; Load Intensity = 0.0; #Success = 0; #Failed = 3; #Dropped = 56
Target Time = 129.5; Load Intensity = 0.0; #Success = 0; #Failed = 0; #Dropped = 0
Target Time = 130.5; Load Intensity = 0.0; #Success = 0; #Failed = 7; #Dropped = 178
Target Time = 131.5; Load Intensity = 0.0; #Success = 1; #Failed = 4; #Dropped = 77
Target Time = 132.5; Load Intensity = 0.0; #Success = 0; #Failed = 2; #Dropped = 74
Target Time = 133.5; Load Intensity = 0.0; #Success = 0; #Failed = 9; #Dropped = 79
Target Time = 134.5; Load Intensity = 0.0; #Success = 0; #Failed = 4; #Dropped = 66
Target Time = 135.5; Load Intensity = 0.0; #Success = 0; #Failed = 1; #Dropped = 95
Target Time = 136.5; Load Intensity = 0.0; #Success = 2; #Failed = 1; #Dropped = 82
Target Time = 137.5; Load Intensity = 0.0; #Success = 0; #Failed = 2; #Dropped = 98
Target Time = 138.5; Load Intensity = 0.0; #Success = 0; #Failed = 0; #Dropped = 0
Target Time = 139.5; Load Intensity = 0.0; #Success = 0; #Failed = 0; #Dropped = 0
Target Time = 140.5; Load Intensity = 0.0; #Success = 0; #Failed = 0; #Dropped = 0
Target Time = 141.5; Load Intensity = 0.0; #Success = 0; #Failed = 0; #Dropped = 0
Target Time = 142.5; Load Intensity = 0.0; #Success = 0; #Failed = 0; #Dropped = 0
Target Time = 143.5; Load Intensity = 0.0; #Success = 1; #Failed = 0; #Dropped = 556
Target Time = 144.5; Load Intensity = 0.0; #Success = 1; #Failed = 5; #Dropped = 94
  └─ [nitro5:sd] end 22:01:56
Target Time = 145.5; Load Intensity = 0.0; #Success = 0; #Failed = 4; #Dropped = 99
  └─ [nitro5:ram] end 22:01:57
  └─ [nitro5:nic] end 22:01:57
  └─ [nitro5:cpu] end 22:01:58
Target Time = 146.5; Load Intensity = 0.0; #Success = 0; #Failed = 2; #Dropped = 73
Target Time = 147.5; Load Intensity = 0.0; #Success = 0; #Failed = 8; #Dropped = 105
Target Time = 148.5; Load Intensity = 0.0; #Success = 1; #Failed = 4; #Dropped = 55
Target Time = 149.5; Load Intensity = 0.0; #Success = 1; #Failed = 2; #Dropped = 106
Target Time = 150.5; Load Intensity = 0.0; #Success = 2; #Failed = 0; #Dropped = 29
Target Time = 151.5; Load Intensity = 0.0; #Success = 3; #Failed = 0; #Dropped = 0
Target Time = 152.5; Load Intensity = 0.0; #Success = 5; #Failed = 0; #Dropped = 0
  └─ [scorpius:nic] end 22:02:04
Target Time = 153.5; Load Intensity = 0.0; #Success = 5; #Failed = 0; #Dropped = 0
Target Time = 154.5; Load Intensity = 0.0; #Success = 0; #Failed = 0; #Dropped = 0
Target Time = 155.5; Load Intensity = 0.0; #Success = 1; #Failed = 15; #Dropped = 0
Target Time = 156.5; Load Intensity = 0.0; #Success = 0; #Failed = 0; #Dropped = 0
Target Time = 157.5; Load Intensity = 0.0; #Success = 0; #Failed = 0; #Dropped = 0
Target Time = 158.5; Load Intensity = 0.0; #Success = 0; #Failed = 0; #Dropped = 0
Target Time = 159.5; Load Intensity = 0.0; #Success = 0; #Failed = 0; #Dropped = 0
Target Time = 160.5; Load Intensity = 0.0; #Success = 1; #Failed = 0; #Dropped = 0
Target Time = 161.5; Load Intensity = 0.0; #Success = 0; #Failed = 0; #Dropped = 0
  └─ [scorpius:ram] end 22:02:13
  └─ [scorpius:cpu] end 22:02:13
  └─ [scorpius:sd] end 22:02:13
Target Time = 162.5; Load Intensity = 0.0; #Success = 0; #Failed = 3; #Dropped = 0
Target Time = 163.5; Load Intensity = 0.0; #Success = 0; #Failed = 0; #Dropped = 0
  └─ [leo:cpu] end 22:02:15
  └─ [leo:nic] end 22:02:15
Target Time = 164.5; Load Intensity = 0.0; #Success = 0; #Failed = 1; #Dropped = 0
Target Time = 165.5; Load Intensity = 0.0; #Success = 0; #Failed = 0; #Dropped = 0
  └─ [aspire:nic] end 22:02:17
Target Time = 166.5; Load Intensity = 0.0; #Success = 0; #Failed = 0; #Dropped = 0
  └─ [leo:ram] end 22:02:18
Target Time = 167.5; Load Intensity = 0.0; #Success = 0; #Failed = 1; #Dropped = 0
Target Time = 168.5; Load Intensity = 0.0; #Success = 0; #Failed = 0; #Dropped = 0
  └─ [leo:sd] end 22:02:21
Target Time = 169.5; Load Intensity = 0.0; #Success = 0; #Failed = 1; #Dropped = 0
Target Time = 170.5; Load Intensity = 0.0; #Success = 0; #Failed = 1; #Dropped = 0
Target Time = 171.5; Load Intensity = 0.0; #Success = 0; #Failed = 0; #Dropped = 0
Target Time = 172.5; Load Intensity = 0.0; #Success = 0; #Failed = 0; #Dropped = 0
Target Time = 173.5; Load Intensity = 0.0; #Success = 0; #Failed = 3; #Dropped = 0
Target Time = 174.5; Load Intensity = 0.0; #Success = 5; #Failed = 4; #Dropped = 0
Target Time = 175.5; Load Intensity = 0.0; #Success = 3; #Failed = 0; #Dropped = 0
Target Time = 176.5; Load Intensity = 0.0; #Success = 1; #Failed = 0; #Dropped = 0
Target Time = 177.5; Load Intensity = 0.0; #Success = 5; #Failed = 0; #Dropped = 0
Target Time = 178.5; Load Intensity = 0.0; #Success = 4; #Failed = 0; #Dropped = 0
  └─ [aspire:cpu] end 22:02:32
  └─ [aspire:sd] end 22:02:33
  └─ [aspire:ram] end 22:02:33
=== Bloque 145s terminado - Fase: fase3_carga_low_iter6 ===
[🧹] Limpiando CSVs internos de ecofloc en cada nodo (fase: fase3_carga_low_iter6)...
  ✔ [nitro5:cpu] limpiado /home/luish/Documents/p3/ecofloc2/ecofloc/ecofloc-cpu/ECOFLOC_CPU_COMM_text.csv
  ✔ [nitro5:nic] limpiado /home/luish/Documents/p3/ecofloc2/ecofloc/ecofloc-nic/ECOFLOC_NIC_COMM_text.csv
  ✔ [nitro5:ram] limpiado /home/luish/Documents/p3/ecofloc2/ecofloc/ecofloc-ram/ECOFLOC_RAM_COMM_text.csv
  ✔ [nitro5:sd] limpiado /home/luish/Documents/p3/ecofloc2/ecofloc/ecofloc-sd/ECOFLOC_SD_COMM_text.csv
Workload finished.
Log finished.
📄 LIMBO finalizado para scenario=low
⏳ [22:02:35] Esperando que termine medición: fase3_carga_low_iter6 (PID: 3141158)
  ✔ [leo:cpu] limpiado /home/leo/ecofloc/ecofloc-cpu/ECOFLOC_CPU_COMM_text.csv
  ✔ [leo:nic] limpiado /home/leo/ecofloc/ecofloc-nic/ECOFLOC_NIC_COMM_text.csv
  ✔ [leo:ram] limpiado /home/leo/ecofloc/ecofloc-ram/ECOFLOC_RAM_COMM_text.csv
  ✔ [leo:sd] limpiado /home/leo/ecofloc/ecofloc-sd/ECOFLOC_SD_COMM_text.csv
  ✔ [aspire:cpu] limpiado /home/luish/Documents/p3/ecofloc2/ecofloc/ecofloc-cpu/ECOFLOC_CPU_COMM_text.csv
  ✔ [aspire:nic] limpiado /home/luish/Documents/p3/ecofloc2/ecofloc/ecofloc-nic/ECOFLOC_NIC_COMM_text.csv
  ✔ [aspire:ram] limpiado /home/luish/Documents/p3/ecofloc2/ecofloc/ecofloc-ram/ECOFLOC_RAM_COMM_text.csv
  ✔ [aspire:sd] limpiado /home/luish/Documents/p3/ecofloc2/ecofloc/ecofloc-sd/ECOFLOC_SD_COMM_text.csv
  ✔ [scorpius:cpu] limpiado /home/scorpius03/Documents/ecofloc/ecofloc-cpu/ECOFLOC_CPU_COMM_text.csv
  ✔ [scorpius:nic] limpiado /home/scorpius03/Documents/ecofloc/ecofloc-nic/ECOFLOC_NIC_COMM_text.csv
  ✔ [scorpius:ram] limpiado /home/scorpius03/Documents/ecofloc/ecofloc-ram/ECOFLOC_RAM_COMM_text.csv
  ✔ [scorpius:sd] limpiado /home/scorpius03/Documents/ecofloc/ecofloc-sd/ECOFLOC_SD_COMM_text.csv
========================================
🔋 MEASURE ENERGY FINALIZADO
   Fase: fase3_carga_low_iter6
========================================
✔️ [22:02:39] Medición fase3_carga_low_iter6 completada
[📦] Archivando resultados → ./historyexecutions/exp(22:02:44)_fase3_low_iter6
[✔] Archivado: ./historyexecutions/exp(22:02:44)_fase3_low_iter6
🧹 Limpiando TeaStore (iter 6)...
⏸ Esperando 15s para limpieza completa...
✅ Iteración 6 / 9 del escenario low completada.

########################################################
🔄 ESCENARIO: low | ITERACIÓN: 7 / 9
   Hora: 22:03:38
########################################################
========================================
🔋 FASE 1: Descarga de imágenes (low, iter 7)
========================================
📋 Capturando PIDs (gepidstea.sh)...
📋 Capturando PIDs de contenedores (kpsnodos.sh)...
🔋 [22:03:55] Iniciando medición de energía: fase1_descarga_low_iter7 (25s)
   PID de medición: 3519712
🚀 Desplegando TeaStore desde https://raw.githubusercontent.com/DescartesResearch/TeaStore/master/examples/kubernetes/teastore-ribbon.yaml...
========================================
🔋 MEASURE ENERGY - Fase: fase1_descarga_low_iter7
   Duración: 25s
   PID: 3519712
========================================
=== Medición bloque 25s - Fase: fase1_descarga_low_iter7 ===
[⏱ 22:03:55] Iniciando ecofloc en nitro5 por 25s (fase: fase1_descarga_low_iter7)
  ├─ [nitro5:sd] start 22:03:56
⏳ Esperando a que todos los pods de TeaStore estén Running y Ready...
  ├─ [nitro5:ram] start 22:03:56
  ├─ [nitro5:nic] start 22:03:57
[⏱ 22:03:57] Iniciando ecofloc en aspire por 25s (fase: fase1_descarga_low_iter7)
  ├─ [nitro5:cpu] start 22:03:57
  ├─ [aspire:sd] start 22:03:57
  ├─ [aspire:ram] start 22:03:57
[⏱ 22:03:57] Iniciando ecofloc en scorpius por 25s (fase: fase1_descarga_low_iter7)
  ├─ [aspire:nic] start 22:03:57
  ├─ [aspire:cpu] start 22:03:57
  ├─ [scorpius:sd] start 22:03:57
  ├─ [scorpius:ram] start 22:03:57
  ├─ [scorpius:nic] start 22:03:57
[⏱ 22:03:57] Iniciando ecofloc en leo por 25s (fase: fase1_descarga_low_iter7)
  ├─ [scorpius:cpu] start 22:03:57
  ├─ [leo:sd] start 22:03:57
  ├─ [leo:ram] start 22:03:57
  ├─ [leo:nic] start 22:03:57
  ├─ [leo:cpu] start 22:03:57
✅ Pods listos.
⏳ [22:04:08] Esperando que termine medición: fase1_descarga_low_iter7 (PID: 3519712)
  └─ [nitro5:sd] end 22:04:21
  └─ [nitro5:ram] end 22:04:21
  └─ [nitro5:nic] end 22:04:22
  └─ [nitro5:cpu] end 22:04:22
  └─ [aspire:cpu] end 22:04:23
  └─ [aspire:sd] end 22:04:23
  └─ [scorpius:cpu] end 22:04:24
  └─ [leo:sd] end 22:04:24
  └─ [leo:cpu] end 22:04:24
  └─ [aspire:ram] end 22:04:24
  └─ [aspire:nic] end 22:04:24
  └─ [leo:nic] end 22:04:24
  └─ [scorpius:nic] end 22:04:24
  └─ [leo:ram] end 22:04:24
  └─ [scorpius:ram] end 22:04:24
=== Bloque 25s terminado - Fase: fase1_descarga_low_iter7 ===
[🧹] Limpiando CSVs internos de ecofloc en cada nodo (fase: fase1_descarga_low_iter7)...
  ✔ [nitro5:cpu] limpiado /home/luish/Documents/p3/ecofloc2/ecofloc/ecofloc-cpu/ECOFLOC_CPU_COMM_text.csv
  ✔ [nitro5:nic] limpiado /home/luish/Documents/p3/ecofloc2/ecofloc/ecofloc-nic/ECOFLOC_NIC_COMM_text.csv
  ✔ [nitro5:ram] limpiado /home/luish/Documents/p3/ecofloc2/ecofloc/ecofloc-ram/ECOFLOC_RAM_COMM_text.csv
  ✔ [nitro5:sd] limpiado /home/luish/Documents/p3/ecofloc2/ecofloc/ecofloc-sd/ECOFLOC_SD_COMM_text.csv
  ✔ [leo:cpu] limpiado /home/leo/ecofloc/ecofloc-cpu/ECOFLOC_CPU_COMM_text.csv
  ✔ [leo:nic] limpiado /home/leo/ecofloc/ecofloc-nic/ECOFLOC_NIC_COMM_text.csv
  ✔ [leo:ram] limpiado /home/leo/ecofloc/ecofloc-ram/ECOFLOC_RAM_COMM_text.csv
  ✔ [leo:sd] limpiado /home/leo/ecofloc/ecofloc-sd/ECOFLOC_SD_COMM_text.csv
  ✔ [aspire:cpu] limpiado /home/luish/Documents/p3/ecofloc2/ecofloc/ecofloc-cpu/ECOFLOC_CPU_COMM_text.csv
  ✔ [aspire:nic] limpiado /home/luish/Documents/p3/ecofloc2/ecofloc/ecofloc-nic/ECOFLOC_NIC_COMM_text.csv
  ✔ [aspire:ram] limpiado /home/luish/Documents/p3/ecofloc2/ecofloc/ecofloc-ram/ECOFLOC_RAM_COMM_text.csv
  ✔ [aspire:sd] limpiado /home/luish/Documents/p3/ecofloc2/ecofloc/ecofloc-sd/ECOFLOC_SD_COMM_text.csv
  ✔ [scorpius:cpu] limpiado /home/scorpius03/Documents/ecofloc/ecofloc-cpu/ECOFLOC_CPU_COMM_text.csv
  ✔ [scorpius:nic] limpiado /home/scorpius03/Documents/ecofloc/ecofloc-nic/ECOFLOC_NIC_COMM_text.csv
  ✔ [scorpius:ram] limpiado /home/scorpius03/Documents/ecofloc/ecofloc-ram/ECOFLOC_RAM_COMM_text.csv
  ✔ [scorpius:sd] limpiado /home/scorpius03/Documents/ecofloc/ecofloc-sd/ECOFLOC_SD_COMM_text.csv
========================================
🔋 MEASURE ENERGY FINALIZADO
   Fase: fase1_descarga_low_iter7
========================================
✔️ [22:04:29] Medición fase1_descarga_low_iter7 completada
[📦] Archivando resultados → ./historyexecutions/exp(22:04:34)_fase1_low_iter7
[✔] Archivado: ./historyexecutions/exp(22:04:34)_fase1_low_iter7
========================================
🔋 FASE 2: Preparación de servicios (low, iter 7)
========================================
📋 Capturando PIDs (gepidstea.sh)...
📋 Capturando PIDs de contenedores (kpsnodos.sh)...
🔋 [22:04:53] Iniciando medición de energía: fase2_preparacion_low_iter7 (50s)
   PID de medición: 3588250
========================================
🔋 MEASURE ENERGY - Fase: fase2_preparacion_low_iter7
   Duración: 50s
   PID: 3588250
========================================
=== Medición bloque 50s - Fase: fase2_preparacion_low_iter7 ===
[⏱ 22:04:53] Iniciando ecofloc en nitro5 por 50s (fase: fase2_preparacion_low_iter7)
⏳ Esperando 10s a que CoreDNS se estabilice...
  ├─ [nitro5:sd] start 22:04:53
  ├─ [nitro5:ram] start 22:04:54
  ├─ [nitro5:nic] start 22:04:54
[⏱ 22:04:54] Iniciando ecofloc en aspire por 50s (fase: fase2_preparacion_low_iter7)
  ├─ [nitro5:cpu] start 22:04:54
  ├─ [aspire:sd] start 22:04:54
  ├─ [aspire:ram] start 22:04:54
[⏱ 22:04:54] Iniciando ecofloc en scorpius por 50s (fase: fase2_preparacion_low_iter7)
  ├─ [aspire:nic] start 22:04:54
  ├─ [aspire:cpu] start 22:04:54
  ├─ [scorpius:sd] start 22:04:54
  ├─ [scorpius:ram] start 22:04:54
[⏱ 22:04:54] Iniciando ecofloc en leo por 50s (fase: fase2_preparacion_low_iter7)
  ├─ [scorpius:nic] start 22:04:54
  ├─ [scorpius:cpu] start 22:04:54
  ├─ [leo:sd] start 22:04:54
  ├─ [leo:nic] start 22:04:54
  ├─ [leo:ram] start 22:04:54
  ├─ [leo:cpu] start 22:04:54
➡️ Pod WebUI: teastore-webui-558b54cc77-l8lwz
➡️ Está en el nodo: luish-aspire-a315-55g
🌐 IP del nodo WebUI: 192.168.18.37
⏳ Verificando estado del TeaStore en http://192.168.18.37:30080/tools.descartes.teastore.webui/status ...
   ➤ Estado actual: 2 / 5 servicios OK
❌ TeaStore aún no está listo. Reintentando en 10s...
   ➤ Estado actual: 2 / 5 servicios OK
❌ TeaStore aún no está listo. Reintentando en 10s...
   ➤ Estado actual: 2 / 5 servicios OK
❌ TeaStore aún no está listo. Reintentando en 10s...
  └─ [nitro5:sd] end 22:05:43
   ➤ Estado actual: 2 / 5 servicios OK
❌ TeaStore aún no está listo. Reintentando en 10s...
  └─ [nitro5:ram] end 22:05:44
  └─ [nitro5:nic] end 22:05:44
  └─ [nitro5:cpu] end 22:05:44
  └─ [scorpius:nic] end 22:05:52
  └─ [aspire:cpu] end 22:05:52
  └─ [aspire:nic] end 22:05:52
  └─ [scorpius:ram] end 22:05:53
  └─ [scorpius:sd] end 22:05:53
  └─ [leo:nic] end 22:05:53
  └─ [scorpius:cpu] end 22:05:53
  └─ [leo:sd] end 22:05:53
  └─ [leo:cpu] end 22:05:53
  └─ [leo:ram] end 22:05:53
  └─ [aspire:ram] end 22:05:54
  └─ [aspire:sd] end 22:05:54
=== Bloque 50s terminado - Fase: fase2_preparacion_low_iter7 ===
[🧹] Limpiando CSVs internos de ecofloc en cada nodo (fase: fase2_preparacion_low_iter7)...
  ✔ [nitro5:cpu] limpiado /home/luish/Documents/p3/ecofloc2/ecofloc/ecofloc-cpu/ECOFLOC_CPU_COMM_text.csv
  ✔ [nitro5:nic] limpiado /home/luish/Documents/p3/ecofloc2/ecofloc/ecofloc-nic/ECOFLOC_NIC_COMM_text.csv
  ✔ [nitro5:ram] limpiado /home/luish/Documents/p3/ecofloc2/ecofloc/ecofloc-ram/ECOFLOC_RAM_COMM_text.csv
  ✔ [nitro5:sd] limpiado /home/luish/Documents/p3/ecofloc2/ecofloc/ecofloc-sd/ECOFLOC_SD_COMM_text.csv
   ➤ Estado actual: 2 / 5 servicios OK
❌ TeaStore aún no está listo. Reintentando en 10s...
  ✔ [leo:cpu] limpiado /home/leo/ecofloc/ecofloc-cpu/ECOFLOC_CPU_COMM_text.csv
  ✔ [leo:nic] limpiado /home/leo/ecofloc/ecofloc-nic/ECOFLOC_NIC_COMM_text.csv
  ✔ [leo:ram] limpiado /home/leo/ecofloc/ecofloc-ram/ECOFLOC_RAM_COMM_text.csv
  ✔ [leo:sd] limpiado /home/leo/ecofloc/ecofloc-sd/ECOFLOC_SD_COMM_text.csv
  ✔ [aspire:cpu] limpiado /home/luish/Documents/p3/ecofloc2/ecofloc/ecofloc-cpu/ECOFLOC_CPU_COMM_text.csv
  ✔ [aspire:nic] limpiado /home/luish/Documents/p3/ecofloc2/ecofloc/ecofloc-nic/ECOFLOC_NIC_COMM_text.csv
  ✔ [aspire:ram] limpiado /home/luish/Documents/p3/ecofloc2/ecofloc/ecofloc-ram/ECOFLOC_RAM_COMM_text.csv
  ✔ [aspire:sd] limpiado /home/luish/Documents/p3/ecofloc2/ecofloc/ecofloc-sd/ECOFLOC_SD_COMM_text.csv
  ✔ [scorpius:cpu] limpiado /home/scorpius03/Documents/ecofloc/ecofloc-cpu/ECOFLOC_CPU_COMM_text.csv
  ✔ [scorpius:nic] limpiado /home/scorpius03/Documents/ecofloc/ecofloc-nic/ECOFLOC_NIC_COMM_text.csv
  ✔ [scorpius:ram] limpiado /home/scorpius03/Documents/ecofloc/ecofloc-ram/ECOFLOC_RAM_COMM_text.csv
  ✔ [scorpius:sd] limpiado /home/scorpius03/Documents/ecofloc/ecofloc-sd/ECOFLOC_SD_COMM_text.csv
========================================
🔋 MEASURE ENERGY FINALIZADO
   Fase: fase2_preparacion_low_iter7
========================================
   ➤ Estado actual: 2 / 5 servicios OK
❌ TeaStore aún no está listo. Reintentando en 10s...
   ➤ Estado actual: 5 / 5 servicios OK
✔ TODOS los servicios del TeaStore están OK. Continuando...
⏳ [22:07:22] Esperando que termine medición: fase2_preparacion_low_iter7 (PID: 3588250)
✔️ [22:07:22] Medición fase2_preparacion_low_iter7 completada
[📦] Archivando resultados → ./historyexecutions/exp(22:07:27)_fase2_low_iter7
[✔] Archivado: ./historyexecutions/exp(22:07:27)_fase2_low_iter7
========================================
🔋 FASE 3: Ejecución de carga (low, iter 7)
========================================
📋 Capturando PIDs (gepidstea.sh)...
📋 Capturando PIDs de contenedores (kpsnodos.sh)...
🔋 [22:07:54] Iniciando medición de energía: fase3_carga_low_iter7 (145s)
   PID de medición: 3726173
=== Escenario low (iter 7) ===
========================================
🔋 MEASURE ENERGY - Fase: fase3_carga_low_iter7
   Duración: 145s
   PID: 3726173
========================================
=== Medición bloque 145s - Fase: fase3_carga_low_iter7 ===
🚀 Iniciando LIMBO con profile=/home/luish/Documents/death/teastore/TeaStore/examples/httploadgenerator/increasingLowIntensity.csv y script=/home/luish/Documents/death/teastore/TeaStore/examples/httploadgenerator/teastore_buy.lua
[⏱ 22:07:54] Iniciando ecofloc en nitro5 por 145s (fase: fase3_carga_low_iter7)
Feb 24, 2026 10:07:54 PM tools.descartes.dlim.httploadgenerator.runner.Director executeDirector
WARNING: No power measurements
Feb 24, 2026 10:07:54 PM tools.descartes.dlim.httploadgenerator.runner.Director executeDirector
INFO: Load Generator Thread Count set to 64
Feb 24, 2026 10:07:54 PM tools.descartes.dlim.httploadgenerator.runner.Director executeDirector
INFO: URL connection timout set to 30000 ms
Feb 24, 2026 10:07:54 PM tools.descartes.dlim.httploadgenerator.runner.Director executeDirector
INFO: Using Lua Script: /home/luish/Documents/death/teastore/TeaStore/examples/httploadgenerator/teastore_buy.lua
Feb 24, 2026 10:07:54 PM tools.descartes.dlim.httploadgenerator.runner.Director process
INFO: Read 120 Arrival Rate Tuples
Load Generator sent: ok
Feb 24, 2026 10:07:54 PM tools.descartes.dlim.httploadgenerator.runner.Director process
INFO: Arrival Rates sent to Load Generator(s).
Load Generator sent: ok
Feb 24, 2026 10:07:54 PM tools.descartes.dlim.httploadgenerator.runner.Director process
INFO: Thread Count sent to Load Generator(s): 64
Load Generator sent: ok
Feb 24, 2026 10:07:54 PM tools.descartes.dlim.httploadgenerator.runner.Director process
INFO: URL connection timeout sent to Load Generator(s): 30000
Load Generator sent: ok
Feb 24, 2026 10:07:54 PM tools.descartes.dlim.httploadgenerator.runner.Director process
INFO: Contents of script sent to Load Generator: /home/luish/Documents/death/teastore/TeaStore/examples/httploadgenerator/teastore_buy.lua
Feb 24, 2026 10:07:54 PM tools.descartes.dlim.httploadgenerator.runner.Director process
INFO: Starting Load Generation
Beginning Run @1771988874909(24.02.2026;22:07:54909)
Target Time = 0.5; Load Intensity = 0.0; #Success = 0; #Failed = 0; #Dropped = 0
  ├─ [nitro5:sd] start 22:07:55
  ├─ [nitro5:ram] start 22:07:55
  ├─ [nitro5:nic] start 22:07:55
[⏱ 22:07:56] Iniciando ecofloc en aspire por 145s (fase: fase3_carga_low_iter7)
  ├─ [nitro5:cpu] start 22:07:56
  ├─ [aspire:sd] start 22:07:56
  ├─ [aspire:ram] start 22:07:56
  ├─ [aspire:nic] start 22:07:56
[⏱ 22:07:56] Iniciando ecofloc en scorpius por 145s (fase: fase3_carga_low_iter7)
  ├─ [aspire:cpu] start 22:07:56
  ├─ [scorpius:sd] start 22:07:56
  ├─ [scorpius:ram] start 22:07:56
  ├─ [scorpius:nic] start 22:07:56
[⏱ 22:07:56] Iniciando ecofloc en leo por 145s (fase: fase3_carga_low_iter7)
  ├─ [scorpius:cpu] start 22:07:56
  ├─ [leo:sd] start 22:07:56
  ├─ [leo:ram] start 22:07:56
  ├─ [leo:nic] start 22:07:56
  ├─ [leo:cpu] start 22:07:56
Target Time = 1.5; Load Intensity = 1.0; #Success = 0; #Failed = 0; #Dropped = 0
Target Time = 2.5; Load Intensity = 2.0; #Success = 0; #Failed = 0; #Dropped = 0
Target Time = 3.5; Load Intensity = 2.0; #Success = 0; #Failed = 0; #Dropped = 0
Target Time = 4.5; Load Intensity = 3.0; #Success = 8; #Failed = 0; #Dropped = 0
Target Time = 5.5; Load Intensity = 4.0; #Success = 0; #Failed = 0; #Dropped = 0
Target Time = 6.5; Load Intensity = 5.0; #Success = 3; #Failed = 0; #Dropped = 0
Target Time = 7.5; Load Intensity = 6.0; #Success = 1; #Failed = 0; #Dropped = 0
Target Time = 8.5; Load Intensity = 7.0; #Success = 0; #Failed = 0; #Dropped = 0
Target Time = 9.5; Load Intensity = 7.0; #Success = 2; #Failed = 0; #Dropped = 0
Target Time = 10.5; Load Intensity = 8.0; #Success = 2; #Failed = 0; #Dropped = 0
Target Time = 11.5; Load Intensity = 9.0; #Success = 5; #Failed = 0; #Dropped = 0
Target Time = 12.5; Load Intensity = 10.0; #Success = 3; #Failed = 0; #Dropped = 0
Target Time = 13.5; Load Intensity = 11.0; #Success = 10; #Failed = 0; #Dropped = 0
Target Time = 14.5; Load Intensity = 12.0; #Success = 12; #Failed = 0; #Dropped = 0
Target Time = 15.5; Load Intensity = 12.0; #Success = 13; #Failed = 0; #Dropped = 0
Target Time = 16.5; Load Intensity = 13.0; #Success = 15; #Failed = 0; #Dropped = 0
Target Time = 17.5; Load Intensity = 14.0; #Success = 20; #Failed = 0; #Dropped = 0
Target Time = 18.5; Load Intensity = 15.0; #Success = 15; #Failed = 0; #Dropped = 0
Target Time = 19.5; Load Intensity = 16.0; #Success = 16; #Failed = 0; #Dropped = 0
Target Time = 20.5; Load Intensity = 17.0; #Success = 3; #Failed = 0; #Dropped = 0
Target Time = 21.5; Load Intensity = 17.0; #Success = 19; #Failed = 0; #Dropped = 0
Target Time = 22.5; Load Intensity = 18.0; #Success = 12; #Failed = 0; #Dropped = 0
Target Time = 23.5; Load Intensity = 19.0; #Success = 8; #Failed = 0; #Dropped = 0
Target Time = 24.5; Load Intensity = 20.0; #Success = 1; #Failed = 0; #Dropped = 0
Target Time = 25.5; Load Intensity = 21.0; #Success = 1; #Failed = 0; #Dropped = 0
Target Time = 26.5; Load Intensity = 22.0; #Success = 2; #Failed = 0; #Dropped = 0
Target Time = 27.5; Load Intensity = 22.0; #Success = 2; #Failed = 0; #Dropped = 0
Target Time = 28.5; Load Intensity = 23.0; #Success = 7; #Failed = 0; #Dropped = 0
Target Time = 29.5; Load Intensity = 24.0; #Success = 2; #Failed = 0; #Dropped = 0
Target Time = 30.5; Load Intensity = 25.0; #Success = 0; #Failed = 0; #Dropped = 0
Target Time = 31.5; Load Intensity = 26.0; #Success = 0; #Failed = 0; #Dropped = 0
Target Time = 32.5; Load Intensity = 27.0; #Success = 0; #Failed = 0; #Dropped = 0
Target Time = 33.5; Load Intensity = 27.0; #Success = 3; #Failed = 0; #Dropped = 0
Target Time = 34.5; Load Intensity = 28.0; #Success = 0; #Failed = 0; #Dropped = 0
Target Time = 35.5; Load Intensity = 29.0; #Success = 0; #Failed = 0; #Dropped = 0
Target Time = 36.5; Load Intensity = 30.0; #Success = 1; #Failed = 0; #Dropped = 0
Target Time = 37.5; Load Intensity = 31.0; #Success = 0; #Failed = 0; #Dropped = 0
Target Time = 38.5; Load Intensity = 32.0; #Success = 0; #Failed = 0; #Dropped = 0
Target Time = 39.5; Load Intensity = 32.0; #Success = 0; #Failed = 0; #Dropped = 0
Target Time = 40.5; Load Intensity = 33.0; #Success = 1; #Failed = 0; #Dropped = 0
Target Time = 41.5; Load Intensity = 34.0; #Success = 0; #Failed = 1; #Dropped = 0
Target Time = 42.5; Load Intensity = 35.0; #Success = 0; #Failed = 3; #Dropped = 0
Target Time = 43.5; Load Intensity = 36.0; #Success = 0; #Failed = 1; #Dropped = 0
Target Time = 44.5; Load Intensity = 37.0; #Success = 0; #Failed = 4; #Dropped = 0
Target Time = 45.5; Load Intensity = 37.0; #Success = 0; #Failed = 9; #Dropped = 0
Target Time = 46.5; Load Intensity = 38.0; #Success = 0; #Failed = 1; #Dropped = 0
Target Time = 47.5; Load Intensity = 39.0; #Success = 0; #Failed = 3; #Dropped = 0
Target Time = 48.5; Load Intensity = 40.0; #Success = 0; #Failed = 0; #Dropped = 0
Target Time = 49.5; Load Intensity = 41.0; #Success = 0; #Failed = 3; #Dropped = 0
Target Time = 50.5; Load Intensity = 42.0; #Success = 0; #Failed = 5; #Dropped = 0
Target Time = 51.5; Load Intensity = 42.0; #Success = 2; #Failed = 0; #Dropped = 0
Target Time = 52.5; Load Intensity = 43.0; #Success = 10; #Failed = 3; #Dropped = 0
Target Time = 53.5; Load Intensity = 44.0; #Success = 6; #Failed = 0; #Dropped = 0
Target Time = 54.5; Load Intensity = 45.0; #Success = 0; #Failed = 0; #Dropped = 0
Target Time = 55.5; Load Intensity = 46.0; #Success = 0; #Failed = 0; #Dropped = 0
  └─ [scorpius:nic] end 22:08:50
Target Time = 56.5; Load Intensity = 47.0; #Success = 0; #Failed = 9; #Dropped = 0
Target Time = 57.5; Load Intensity = 47.0; #Success = 2; #Failed = 0; #Dropped = 0
Target Time = 58.5; Load Intensity = 48.0; #Success = 0; #Failed = 5; #Dropped = 18
Target Time = 59.5; Load Intensity = 49.0; #Success = 0; #Failed = 7; #Dropped = 3
Target Time = 60.5; Load Intensity = 50.0; #Success = 0; #Failed = 2; #Dropped = 14
Target Time = 61.5; Load Intensity = 51.0; #Success = 0; #Failed = 0; #Dropped = 0
Target Time = 62.5; Load Intensity = 52.0; #Success = 0; #Failed = 0; #Dropped = 0
Target Time = 63.5; Load Intensity = 52.0; #Success = 0; #Failed = 0; #Dropped = 0
Target Time = 64.5; Load Intensity = 53.0; #Success = 0; #Failed = 0; #Dropped = 0
Target Time = 65.5; Load Intensity = 54.0; #Success = 0; #Failed = 0; #Dropped = 0
Target Time = 66.5; Load Intensity = 55.0; #Success = 1; #Failed = 3; #Dropped = 184
Target Time = 67.5; Load Intensity = 56.0; #Success = 0; #Failed = 2; #Dropped = 25
Target Time = 68.5; Load Intensity = 57.0; #Success = 0; #Failed = 15; #Dropped = 26
Target Time = 69.5; Load Intensity = 57.0; #Success = 0; #Failed = 18; #Dropped = 0
Target Time = 70.5; Load Intensity = 58.0; #Success = 0; #Failed = 2; #Dropped = 32
Target Time = 71.5; Load Intensity = 59.0; #Success = 0; #Failed = 7; #Dropped = 23
Target Time = 72.5; Load Intensity = 60.0; #Success = 0; #Failed = 0; #Dropped = 0
Target Time = 73.5; Load Intensity = 61.0; #Success = 0; #Failed = 0; #Dropped = 0
Target Time = 74.5; Load Intensity = 62.0; #Success = 0; #Failed = 8; #Dropped = 88
Target Time = 75.5; Load Intensity = 62.0; #Success = 2; #Failed = 0; #Dropped = 55
Target Time = 76.5; Load Intensity = 63.0; #Success = 0; #Failed = 0; #Dropped = 0
Target Time = 77.5; Load Intensity = 64.0; #Success = 0; #Failed = 0; #Dropped = 0
Target Time = 78.5; Load Intensity = 65.0; #Success = 0; #Failed = 0; #Dropped = 0
Target Time = 79.5; Load Intensity = 66.0; #Success = 0; #Failed = 0; #Dropped = 0
Target Time = 80.5; Load Intensity = 67.0; #Success = 0; #Failed = 0; #Dropped = 0
Target Time = 81.5; Load Intensity = 67.0; #Success = 3; #Failed = 0; #Dropped = 248
Target Time = 82.5; Load Intensity = 68.0; #Success = 1; #Failed = 0; #Dropped = 3
Target Time = 83.5; Load Intensity = 69.0; #Success = 0; #Failed = 3; #Dropped = 43
Target Time = 84.5; Load Intensity = 70.0; #Success = 0; #Failed = 0; #Dropped = 0
Target Time = 85.5; Load Intensity = 71.0; #Success = 0; #Failed = 0; #Dropped = 0
Target Time = 86.5; Load Intensity = 72.0; #Success = 0; #Failed = 0; #Dropped = 0
Target Time = 87.5; Load Intensity = 72.0; #Success = 0; #Failed = 0; #Dropped = 0
Target Time = 88.5; Load Intensity = 73.0; #Success = 0; #Failed = 0; #Dropped = 0
Target Time = 89.5; Load Intensity = 74.0; #Success = 0; #Failed = 0; #Dropped = 0
Target Time = 90.5; Load Intensity = 75.0; #Success = 2; #Failed = 0; #Dropped = 320
Target Time = 91.5; Load Intensity = 76.0; #Success = 0; #Failed = 0; #Dropped = 0
Target Time = 92.5; Load Intensity = 77.0; #Success = 0; #Failed = 0; #Dropped = 0
Target Time = 93.5; Load Intensity = 77.0; #Success = 0; #Failed = 8; #Dropped = 157
Target Time = 94.5; Load Intensity = 78.0; #Success = 0; #Failed = 0; #Dropped = 0
Target Time = 95.5; Load Intensity = 79.0; #Success = 0; #Failed = 0; #Dropped = 0
Target Time = 96.5; Load Intensity = 80.0; #Success = 2; #Failed = 21; #Dropped = 175
Target Time = 97.5; Load Intensity = 81.0; #Success = 0; #Failed = 0; #Dropped = 0
Target Time = 98.5; Load Intensity = 82.0; #Success = 7; #Failed = 1; #Dropped = 99
Target Time = 99.5; Load Intensity = 82.0; #Success = 0; #Failed = 0; #Dropped = 0
Target Time = 100.5; Load Intensity = 83.0; #Success = 2; #Failed = 0; #Dropped = 99
Target Time = 101.5; Load Intensity = 84.0; #Success = 4; #Failed = 0; #Dropped = 34
Target Time = 102.5; Load Intensity = 85.0; #Success = 0; #Failed = 0; #Dropped = 0
Target Time = 103.5; Load Intensity = 86.0; #Success = 0; #Failed = 3; #Dropped = 145
Target Time = 104.5; Load Intensity = 87.0; #Success = 8; #Failed = 0; #Dropped = 23
Target Time = 105.5; Load Intensity = 87.0; #Success = 2; #Failed = 2; #Dropped = 98
Target Time = 106.5; Load Intensity = 88.0; #Success = 0; #Failed = 0; #Dropped = 0
Target Time = 107.5; Load Intensity = 89.0; #Success = 0; #Failed = 0; #Dropped = 0
Target Time = 108.5; Load Intensity = 90.0; #Success = 0; #Failed = 4; #Dropped = 185
Target Time = 109.5; Load Intensity = 91.0; #Success = 0; #Failed = 2; #Dropped = 32
Target Time = 110.5; Load Intensity = 92.0; #Success = 0; #Failed = 0; #Dropped = 0
Target Time = 111.5; Load Intensity = 92.0; #Success = 0; #Failed = 0; #Dropped = 0
Target Time = 112.5; Load Intensity = 93.0; #Success = 0; #Failed = 0; #Dropped = 0
Target Time = 113.5; Load Intensity = 94.0; #Success = 0; #Failed = 19; #Dropped = 255
Target Time = 114.5; Load Intensity = 95.0; #Success = 0; #Failed = 0; #Dropped = 0
Target Time = 115.5; Load Intensity = 96.0; #Success = 0; #Failed = 3; #Dropped = 169
Target Time = 116.5; Load Intensity = 97.0; #Success = 0; #Failed = 0; #Dropped = 0
Target Time = 117.5; Load Intensity = 97.0; #Success = 0; #Failed = 0; #Dropped = 0
Target Time = 118.5; Load Intensity = 98.0; #Success = 0; #Failed = 1; #Dropped = 190
Target Time = 119.5; Load Intensity = 99.0; #Success = 0; #Failed = 6; #Dropped = 92
Target Time = 120.5; Load Intensity = 0.0; #Success = 2; #Failed = 1; #Dropped = 57
Target Time = 121.5; Load Intensity = 0.0; #Success = 0; #Failed = 3; #Dropped = 65
Target Time = 122.5; Load Intensity = 0.0; #Success = 0; #Failed = 1; #Dropped = 85
Target Time = 123.5; Load Intensity = 0.0; #Success = 2; #Failed = 0; #Dropped = 33
Target Time = 124.5; Load Intensity = 0.0; #Success = 0; #Failed = 0; #Dropped = 0
Target Time = 125.5; Load Intensity = 0.0; #Success = 0; #Failed = 0; #Dropped = 0
Target Time = 126.5; Load Intensity = 0.0; #Success = 0; #Failed = 0; #Dropped = 0
Target Time = 127.5; Load Intensity = 0.0; #Success = 0; #Failed = 0; #Dropped = 0
Target Time = 128.5; Load Intensity = 0.0; #Success = 0; #Failed = 0; #Dropped = 0
Target Time = 129.5; Load Intensity = 0.0; #Success = 0; #Failed = 0; #Dropped = 0
Target Time = 130.5; Load Intensity = 0.0; #Success = 2; #Failed = 0; #Dropped = 630
Target Time = 131.5; Load Intensity = 0.0; #Success = 3; #Failed = 0; #Dropped = 24
Target Time = 132.5; Load Intensity = 0.0; #Success = 0; #Failed = 25; #Dropped = 96
Target Time = 133.5; Load Intensity = 0.0; #Success = 3; #Failed = 0; #Dropped = 75
Target Time = 134.5; Load Intensity = 0.0; #Success = 5; #Failed = 19; #Dropped = 93
Target Time = 135.5; Load Intensity = 0.0; #Success = 1; #Failed = 3; #Dropped = 65
Target Time = 136.5; Load Intensity = 0.0; #Success = 0; #Failed = 3; #Dropped = 56
Target Time = 137.5; Load Intensity = 0.0; #Success = 0; #Failed = 0; #Dropped = 0
Target Time = 138.5; Load Intensity = 0.0; #Success = 0; #Failed = 0; #Dropped = 0
Target Time = 139.5; Load Intensity = 0.0; #Success = 0; #Failed = 0; #Dropped = 0
Target Time = 140.5; Load Intensity = 0.0; #Success = 0; #Failed = 0; #Dropped = 0
Target Time = 141.5; Load Intensity = 0.0; #Success = 0; #Failed = 0; #Dropped = 0
Target Time = 142.5; Load Intensity = 0.0; #Success = 0; #Failed = 0; #Dropped = 0
Target Time = 143.5; Load Intensity = 0.0; #Success = 0; #Failed = 8; #Dropped = 675
Target Time = 144.5; Load Intensity = 0.0; #Success = 0; #Failed = 30; #Dropped = 57
  └─ [nitro5:sd] end 22:10:20
Target Time = 145.5; Load Intensity = 0.0; #Success = 0; #Failed = 14; #Dropped = 11
  └─ [nitro5:ram] end 22:10:20
  └─ [nitro5:nic] end 22:10:20
  └─ [nitro5:cpu] end 22:10:21
Target Time = 146.5; Load Intensity = 0.0; #Success = 0; #Failed = 6; #Dropped = 143
Target Time = 147.5; Load Intensity = 0.0; #Success = 0; #Failed = 0; #Dropped = 0
Target Time = 148.5; Load Intensity = 0.0; #Success = 0; #Failed = 0; #Dropped = 0
Target Time = 149.5; Load Intensity = 0.0; #Success = 0; #Failed = 0; #Dropped = 0
Target Time = 150.5; Load Intensity = 0.0; #Success = 0; #Failed = 2; #Dropped = 320
Target Time = 151.5; Load Intensity = 0.0; #Success = 0; #Failed = 1; #Dropped = 0
Target Time = 152.5; Load Intensity = 0.0; #Success = 0; #Failed = 0; #Dropped = 0
Target Time = 153.5; Load Intensity = 0.0; #Success = 0; #Failed = 0; #Dropped = 0
Target Time = 154.5; Load Intensity = 0.0; #Success = 0; #Failed = 1; #Dropped = 0
Target Time = 155.5; Load Intensity = 0.0; #Success = 0; #Failed = 51; #Dropped = 0
  └─ [scorpius:sd] end 22:10:30
Target Time = 156.5; Load Intensity = 0.0; #Success = 0; #Failed = 0; #Dropped = 0
Target Time = 157.5; Load Intensity = 0.0; #Success = 0; #Failed = 2; #Dropped = 0
Target Time = 158.5; Load Intensity = 0.0; #Success = 0; #Failed = 1; #Dropped = 0
Target Time = 159.5; Load Intensity = 0.0; #Success = 0; #Failed = 0; #Dropped = 0
  └─ [scorpius:ram] end 22:10:34
Target Time = 160.5; Load Intensity = 0.0; #Success = 0; #Failed = 0; #Dropped = 0
  └─ [leo:nic] end 22:10:36
Target Time = 161.5; Load Intensity = 0.0; #Success = 0; #Failed = 0; #Dropped = 0
  └─ [leo:cpu] end 22:10:36
  └─ [leo:sd] end 22:10:36
  └─ [leo:ram] end 22:10:36
Target Time = 162.5; Load Intensity = 0.0; #Success = 0; #Failed = 0; #Dropped = 0
  └─ [aspire:nic] end 22:10:38
Target Time = 163.5; Load Intensity = 0.0; #Success = 0; #Failed = 1; #Dropped = 0
Target Time = 164.5; Load Intensity = 0.0; #Success = 0; #Failed = 0; #Dropped = 0
Target Time = 165.5; Load Intensity = 0.0; #Success = 0; #Failed = 0; #Dropped = 0
Target Time = 166.5; Load Intensity = 0.0; #Success = 0; #Failed = 0; #Dropped = 0
Target Time = 167.5; Load Intensity = 0.0; #Success = 0; #Failed = 0; #Dropped = 0
Target Time = 168.5; Load Intensity = 0.0; #Success = 0; #Failed = 0; #Dropped = 0
Target Time = 169.5; Load Intensity = 0.0; #Success = 0; #Failed = 0; #Dropped = 0
Target Time = 170.5; Load Intensity = 0.0; #Success = 0; #Failed = 0; #Dropped = 0
Target Time = 171.5; Load Intensity = 0.0; #Success = 0; #Failed = 0; #Dropped = 0
Target Time = 172.5; Load Intensity = 0.0; #Success = 0; #Failed = 0; #Dropped = 0
Target Time = 173.5; Load Intensity = 0.0; #Success = 1; #Failed = 0; #Dropped = 0
Target Time = 174.5; Load Intensity = 0.0; #Success = 2; #Failed = 0; #Dropped = 0
Target Time = 175.5; Load Intensity = 0.0; #Success = 0; #Failed = 0; #Dropped = 0
Target Time = 176.5; Load Intensity = 0.0; #Success = 2; #Failed = 0; #Dropped = 0
  └─ [aspire:ram] end 22:10:55
Workload finished.
Log finished.
📄 LIMBO finalizado para scenario=low
⏳ [22:10:56] Esperando que termine medición: fase3_carga_low_iter7 (PID: 3726173)
  └─ [aspire:sd] end 22:11:02
  └─ [aspire:cpu] end 22:11:03
=== Bloque 145s terminado - Fase: fase3_carga_low_iter7 ===
[🧹] Limpiando CSVs internos de ecofloc en cada nodo (fase: fase3_carga_low_iter7)...
  ✔ [nitro5:cpu] limpiado /home/luish/Documents/p3/ecofloc2/ecofloc/ecofloc-cpu/ECOFLOC_CPU_COMM_text.csv
  ✔ [nitro5:nic] limpiado /home/luish/Documents/p3/ecofloc2/ecofloc/ecofloc-nic/ECOFLOC_NIC_COMM_text.csv
  ✔ [nitro5:ram] limpiado /home/luish/Documents/p3/ecofloc2/ecofloc/ecofloc-ram/ECOFLOC_RAM_COMM_text.csv
  ✔ [nitro5:sd] limpiado /home/luish/Documents/p3/ecofloc2/ecofloc/ecofloc-sd/ECOFLOC_SD_COMM_text.csv
  ✔ [leo:cpu] limpiado /home/leo/ecofloc/ecofloc-cpu/ECOFLOC_CPU_COMM_text.csv
  ✔ [leo:nic] limpiado /home/leo/ecofloc/ecofloc-nic/ECOFLOC_NIC_COMM_text.csv
  ✔ [leo:ram] limpiado /home/leo/ecofloc/ecofloc-ram/ECOFLOC_RAM_COMM_text.csv
  ✔ [leo:sd] limpiado /home/leo/ecofloc/ecofloc-sd/ECOFLOC_SD_COMM_text.csv
  ✔ [aspire:cpu] limpiado /home/luish/Documents/p3/ecofloc2/ecofloc/ecofloc-cpu/ECOFLOC_CPU_COMM_text.csv
  ✔ [aspire:nic] limpiado /home/luish/Documents/p3/ecofloc2/ecofloc/ecofloc-nic/ECOFLOC_NIC_COMM_text.csv
  ✔ [aspire:ram] limpiado /home/luish/Documents/p3/ecofloc2/ecofloc/ecofloc-ram/ECOFLOC_RAM_COMM_text.csv
  ✔ [aspire:sd] limpiado /home/luish/Documents/p3/ecofloc2/ecofloc/ecofloc-sd/ECOFLOC_SD_COMM_text.csv
  ✔ [scorpius:cpu] limpiado /home/scorpius03/Documents/ecofloc/ecofloc-cpu/ECOFLOC_CPU_COMM_text.csv
  ✔ [scorpius:nic] limpiado /home/scorpius03/Documents/ecofloc/ecofloc-nic/ECOFLOC_NIC_COMM_text.csv
  ✔ [scorpius:ram] limpiado /home/scorpius03/Documents/ecofloc/ecofloc-ram/ECOFLOC_RAM_COMM_text.csv
  ✔ [scorpius:sd] limpiado /home/scorpius03/Documents/ecofloc/ecofloc-sd/ECOFLOC_SD_COMM_text.csv
========================================
🔋 MEASURE ENERGY FINALIZADO
   Fase: fase3_carga_low_iter7
========================================
✔️ [22:11:09] Medición fase3_carga_low_iter7 completada
[📦] Archivando resultados → ./historyexecutions/exp(22:11:14)_fase3_low_iter7
[✔] Archivado: ./historyexecutions/exp(22:11:14)_fase3_low_iter7
🧹 Limpiando TeaStore (iter 7)...
⏸ Esperando 15s para limpieza completa...
✅ Iteración 7 / 9 del escenario low completada.

########################################################
🔄 ESCENARIO: low | ITERACIÓN: 8 / 9
   Hora: 22:12:02
########################################################
========================================
🔋 FASE 1: Descarga de imágenes (low, iter 8)
========================================
📋 Capturando PIDs (gepidstea.sh)...
📋 Capturando PIDs de contenedores (kpsnodos.sh)...
🔋 [22:12:25] Iniciando medición de energía: fase1_descarga_low_iter8 (25s)
   PID de medición: 4089032
🚀 Desplegando TeaStore desde https://raw.githubusercontent.com/DescartesResearch/TeaStore/master/examples/kubernetes/teastore-ribbon.yaml...
========================================
🔋 MEASURE ENERGY - Fase: fase1_descarga_low_iter8
   Duración: 25s
   PID: 4089032
========================================
=== Medición bloque 25s - Fase: fase1_descarga_low_iter8 ===
[⏱ 22:12:25] Iniciando ecofloc en nitro5 por 25s (fase: fase1_descarga_low_iter8)
⏳ Esperando a que todos los pods de TeaStore estén Running y Ready...
  ├─ [nitro5:sd] start 22:12:25
  ├─ [nitro5:ram] start 22:12:26
  ├─ [nitro5:nic] start 22:12:26
[⏱ 22:12:26] Iniciando ecofloc en aspire por 25s (fase: fase1_descarga_low_iter8)
  ├─ [nitro5:cpu] start 22:12:26
  ├─ [aspire:sd] start 22:12:26
  ├─ [aspire:ram] start 22:12:26
  ├─ [aspire:nic] start 22:12:26
[⏱ 22:12:26] Iniciando ecofloc en scorpius por 25s (fase: fase1_descarga_low_iter8)
  ├─ [aspire:cpu] start 22:12:26
  ├─ [scorpius:sd] start 22:12:26
  ├─ [scorpius:ram] start 22:12:26
[⏱ 22:12:26] Iniciando ecofloc en leo por 25s (fase: fase1_descarga_low_iter8)
  ├─ [scorpius:nic] start 22:12:26
  ├─ [scorpius:cpu] start 22:12:26
  ├─ [leo:sd] start 22:12:26
  ├─ [leo:nic] start 22:12:26
  ├─ [leo:ram] start 22:12:26
  ├─ [leo:cpu] start 22:12:26
✅ Pods listos.
⏳ [22:12:34] Esperando que termine medición: fase1_descarga_low_iter8 (PID: 4089032)
  └─ [nitro5:sd] end 22:12:50
  └─ [nitro5:ram] end 22:12:51
  └─ [nitro5:nic] end 22:12:51
  └─ [nitro5:cpu] end 22:12:51
  └─ [leo:cpu] end 22:12:52
  └─ [aspire:sd] end 22:12:52
  └─ [scorpius:cpu] end 22:12:52
  └─ [scorpius:sd] end 22:12:52
  └─ [leo:sd] end 22:12:52
  └─ [aspire:cpu] end 22:12:52
  └─ [leo:nic] end 22:12:53
  └─ [scorpius:nic] end 22:12:53
  └─ [aspire:nic] end 22:12:53
  └─ [scorpius:ram] end 22:12:53
  └─ [leo:ram] end 22:12:53
  └─ [aspire:ram] end 22:12:53
=== Bloque 25s terminado - Fase: fase1_descarga_low_iter8 ===
[🧹] Limpiando CSVs internos de ecofloc en cada nodo (fase: fase1_descarga_low_iter8)...
  ✔ [nitro5:cpu] limpiado /home/luish/Documents/p3/ecofloc2/ecofloc/ecofloc-cpu/ECOFLOC_CPU_COMM_text.csv
  ✔ [nitro5:nic] limpiado /home/luish/Documents/p3/ecofloc2/ecofloc/ecofloc-nic/ECOFLOC_NIC_COMM_text.csv
  ✔ [nitro5:ram] limpiado /home/luish/Documents/p3/ecofloc2/ecofloc/ecofloc-ram/ECOFLOC_RAM_COMM_text.csv
  ✔ [nitro5:sd] limpiado /home/luish/Documents/p3/ecofloc2/ecofloc/ecofloc-sd/ECOFLOC_SD_COMM_text.csv
  ✔ [leo:cpu] limpiado /home/leo/ecofloc/ecofloc-cpu/ECOFLOC_CPU_COMM_text.csv
  ✔ [leo:nic] limpiado /home/leo/ecofloc/ecofloc-nic/ECOFLOC_NIC_COMM_text.csv
  ✔ [leo:ram] limpiado /home/leo/ecofloc/ecofloc-ram/ECOFLOC_RAM_COMM_text.csv
  ✔ [leo:sd] limpiado /home/leo/ecofloc/ecofloc-sd/ECOFLOC_SD_COMM_text.csv
  ✔ [aspire:cpu] limpiado /home/luish/Documents/p3/ecofloc2/ecofloc/ecofloc-cpu/ECOFLOC_CPU_COMM_text.csv
  ✔ [aspire:nic] limpiado /home/luish/Documents/p3/ecofloc2/ecofloc/ecofloc-nic/ECOFLOC_NIC_COMM_text.csv
  ✔ [aspire:ram] limpiado /home/luish/Documents/p3/ecofloc2/ecofloc/ecofloc-ram/ECOFLOC_RAM_COMM_text.csv
  ✔ [aspire:sd] limpiado /home/luish/Documents/p3/ecofloc2/ecofloc/ecofloc-sd/ECOFLOC_SD_COMM_text.csv
  ✔ [scorpius:cpu] limpiado /home/scorpius03/Documents/ecofloc/ecofloc-cpu/ECOFLOC_CPU_COMM_text.csv
  ✔ [scorpius:nic] limpiado /home/scorpius03/Documents/ecofloc/ecofloc-nic/ECOFLOC_NIC_COMM_text.csv
  ✔ [scorpius:ram] limpiado /home/scorpius03/Documents/ecofloc/ecofloc-ram/ECOFLOC_RAM_COMM_text.csv
  ✔ [scorpius:sd] limpiado /home/scorpius03/Documents/ecofloc/ecofloc-sd/ECOFLOC_SD_COMM_text.csv
========================================
🔋 MEASURE ENERGY FINALIZADO
   Fase: fase1_descarga_low_iter8
========================================
✔️ [22:12:57] Medición fase1_descarga_low_iter8 completada
[📦] Archivando resultados → ./historyexecutions/exp(22:13:02)_fase1_low_iter8
[✔] Archivado: ./historyexecutions/exp(22:13:02)_fase1_low_iter8
========================================
🔋 FASE 2: Preparación de servicios (low, iter 8)
========================================
📋 Capturando PIDs (gepidstea.sh)...
📋 Capturando PIDs de contenedores (kpsnodos.sh)...
🔋 [22:13:25] Iniciando medición de energía: fase2_preparacion_low_iter8 (50s)
   PID de medición: 4155797
========================================
🔋 MEASURE ENERGY - Fase: fase2_preparacion_low_iter8
   Duración: 50s
   PID: 4155797
========================================
=== Medición bloque 50s - Fase: fase2_preparacion_low_iter8 ===
[⏱ 22:13:25] Iniciando ecofloc en nitro5 por 50s (fase: fase2_preparacion_low_iter8)
⏳ Esperando 10s a que CoreDNS se estabilice...
  ├─ [nitro5:sd] start 22:13:26
  ├─ [nitro5:ram] start 22:13:26
  ├─ [nitro5:nic] start 22:13:27
[⏱ 22:13:27] Iniciando ecofloc en aspire por 50s (fase: fase2_preparacion_low_iter8)
  ├─ [nitro5:cpu] start 22:13:27
  ├─ [aspire:sd] start 22:13:27
  ├─ [aspire:ram] start 22:13:27
[⏱ 22:13:27] Iniciando ecofloc en scorpius por 50s (fase: fase2_preparacion_low_iter8)
  ├─ [aspire:nic] start 22:13:27
  ├─ [aspire:cpu] start 22:13:27
  ├─ [scorpius:sd] start 22:13:27
  ├─ [scorpius:ram] start 22:13:27
[⏱ 22:13:27] Iniciando ecofloc en leo por 50s (fase: fase2_preparacion_low_iter8)
  ├─ [scorpius:nic] start 22:13:27
  ├─ [scorpius:cpu] start 22:13:27
  ├─ [leo:sd] start 22:13:27
  ├─ [leo:ram] start 22:13:27
  ├─ [leo:nic] start 22:13:27
  ├─ [leo:cpu] start 22:13:27
➡️ Pod WebUI: teastore-webui-558b54cc77-lmbg7
➡️ Está en el nodo: luish-aspire-a315-55g
🌐 IP del nodo WebUI: 192.168.18.37
⏳ Verificando estado del TeaStore en http://192.168.18.37:30080/tools.descartes.teastore.webui/status ...
   ➤ Estado actual: 2 / 5 servicios OK
❌ TeaStore aún no está listo. Reintentando en 10s...
   ➤ Estado actual: 2 / 5 servicios OK
❌ TeaStore aún no está listo. Reintentando en 10s...
   ➤ Estado actual: 2 / 5 servicios OK
❌ TeaStore aún no está listo. Reintentando en 10s...
   ➤ Estado actual: 2 / 5 servicios OK
❌ TeaStore aún no está listo. Reintentando en 10s...
  └─ [nitro5:sd] end 22:14:16
  └─ [nitro5:ram] end 22:14:16
  └─ [nitro5:nic] end 22:14:17
  └─ [nitro5:cpu] end 22:14:17
  └─ [leo:cpu] end 22:14:19
  └─ [leo:sd] end 22:14:19
  └─ [aspire:cpu] end 22:14:19
  └─ [aspire:sd] end 22:14:19
  └─ [scorpius:cpu] end 22:14:19
  └─ [scorpius:sd] end 22:14:19
  └─ [scorpius:nic] end 22:14:20
  └─ [leo:ram] end 22:14:20
  └─ [leo:nic] end 22:14:20
  └─ [scorpius:ram] end 22:14:20
  └─ [aspire:nic] end 22:14:20
  └─ [aspire:ram] end 22:14:20
=== Bloque 50s terminado - Fase: fase2_preparacion_low_iter8 ===
[🧹] Limpiando CSVs internos de ecofloc en cada nodo (fase: fase2_preparacion_low_iter8)...
  ✔ [nitro5:cpu] limpiado /home/luish/Documents/p3/ecofloc2/ecofloc/ecofloc-cpu/ECOFLOC_CPU_COMM_text.csv
  ✔ [nitro5:nic] limpiado /home/luish/Documents/p3/ecofloc2/ecofloc/ecofloc-nic/ECOFLOC_NIC_COMM_text.csv
  ✔ [nitro5:ram] limpiado /home/luish/Documents/p3/ecofloc2/ecofloc/ecofloc-ram/ECOFLOC_RAM_COMM_text.csv
  ✔ [nitro5:sd] limpiado /home/luish/Documents/p3/ecofloc2/ecofloc/ecofloc-sd/ECOFLOC_SD_COMM_text.csv
  ✔ [leo:cpu] limpiado /home/leo/ecofloc/ecofloc-cpu/ECOFLOC_CPU_COMM_text.csv
  ✔ [leo:nic] limpiado /home/leo/ecofloc/ecofloc-nic/ECOFLOC_NIC_COMM_text.csv
  ✔ [leo:ram] limpiado /home/leo/ecofloc/ecofloc-ram/ECOFLOC_RAM_COMM_text.csv
  ✔ [leo:sd] limpiado /home/leo/ecofloc/ecofloc-sd/ECOFLOC_SD_COMM_text.csv
  ✔ [aspire:cpu] limpiado /home/luish/Documents/p3/ecofloc2/ecofloc/ecofloc-cpu/ECOFLOC_CPU_COMM_text.csv
  ✔ [aspire:nic] limpiado /home/luish/Documents/p3/ecofloc2/ecofloc/ecofloc-nic/ECOFLOC_NIC_COMM_text.csv
  ✔ [aspire:ram] limpiado /home/luish/Documents/p3/ecofloc2/ecofloc/ecofloc-ram/ECOFLOC_RAM_COMM_text.csv
  ✔ [aspire:sd] limpiado /home/luish/Documents/p3/ecofloc2/ecofloc/ecofloc-sd/ECOFLOC_SD_COMM_text.csv
  ✔ [scorpius:cpu] limpiado /home/scorpius03/Documents/ecofloc/ecofloc-cpu/ECOFLOC_CPU_COMM_text.csv
  ✔ [scorpius:nic] limpiado /home/scorpius03/Documents/ecofloc/ecofloc-nic/ECOFLOC_NIC_COMM_text.csv
  ✔ [scorpius:ram] limpiado /home/scorpius03/Documents/ecofloc/ecofloc-ram/ECOFLOC_RAM_COMM_text.csv
  ✔ [scorpius:sd] limpiado /home/scorpius03/Documents/ecofloc/ecofloc-sd/ECOFLOC_SD_COMM_text.csv
========================================
🔋 MEASURE ENERGY FINALIZADO
   Fase: fase2_preparacion_low_iter8
========================================
   ➤ Estado actual: 2 / 5 servicios OK
❌ TeaStore aún no está listo. Reintentando en 10s...
   ➤ Estado actual: 2 / 5 servicios OK
❌ TeaStore aún no está listo. Reintentando en 10s...
   ➤ Estado actual: 2 / 5 servicios OK
❌ TeaStore aún no está listo. Reintentando en 10s...
   ➤ Estado actual: 2 / 5 servicios OK
❌ TeaStore aún no está listo. Reintentando en 10s...
   ➤ Estado actual: 2 / 5 servicios OK
❌ TeaStore aún no está listo. Reintentando en 10s...
   ➤ Estado actual: 2 / 5 servicios OK
❌ TeaStore aún no está listo. Reintentando en 10s...
   ➤ Estado actual: 2 / 5 servicios OK
❌ TeaStore aún no está listo. Reintentando en 10s...
   ➤ Estado actual: 2 / 5 servicios OK
❌ TeaStore aún no está listo. Reintentando en 10s...
   ➤ Estado actual: 5 / 5 servicios OK
✔ TODOS los servicios del TeaStore están OK. Continuando...
⏳ [22:15:55] Esperando que termine medición: fase2_preparacion_low_iter8 (PID: 4155797)
✔️ [22:15:55] Medición fase2_preparacion_low_iter8 completada
[📦] Archivando resultados → ./historyexecutions/exp(22:16:00)_fase2_low_iter8
[✔] Archivado: ./historyexecutions/exp(22:16:00)_fase2_low_iter8
========================================
🔋 FASE 3: Ejecución de carga (low, iter 8)
========================================
📋 Capturando PIDs (gepidstea.sh)...
📋 Capturando PIDs de contenedores (kpsnodos.sh)...
🔋 [22:16:21] Iniciando medición de energía: fase3_carga_low_iter8 (145s)
   PID de medición: 97903
=== Escenario low (iter 8) ===
========================================
🔋 MEASURE ENERGY - Fase: fase3_carga_low_iter8
   Duración: 145s
   PID: 97903
========================================
=== Medición bloque 145s - Fase: fase3_carga_low_iter8 ===
🚀 Iniciando LIMBO con profile=/home/luish/Documents/death/teastore/TeaStore/examples/httploadgenerator/increasingLowIntensity.csv y script=/home/luish/Documents/death/teastore/TeaStore/examples/httploadgenerator/teastore_buy.lua
[⏱ 22:16:21] Iniciando ecofloc en nitro5 por 145s (fase: fase3_carga_low_iter8)
Feb 24, 2026 10:16:21 PM tools.descartes.dlim.httploadgenerator.runner.Director executeDirector
WARNING: No power measurements
Feb 24, 2026 10:16:21 PM tools.descartes.dlim.httploadgenerator.runner.Director executeDirector
INFO: Load Generator Thread Count set to 64
Feb 24, 2026 10:16:21 PM tools.descartes.dlim.httploadgenerator.runner.Director executeDirector
INFO: URL connection timout set to 30000 ms
Feb 24, 2026 10:16:21 PM tools.descartes.dlim.httploadgenerator.runner.Director executeDirector
INFO: Using Lua Script: /home/luish/Documents/death/teastore/TeaStore/examples/httploadgenerator/teastore_buy.lua
Feb 24, 2026 10:16:21 PM tools.descartes.dlim.httploadgenerator.runner.Director process
INFO: Read 120 Arrival Rate Tuples
Load Generator sent: ok
Feb 24, 2026 10:16:21 PM tools.descartes.dlim.httploadgenerator.runner.Director process
INFO: Arrival Rates sent to Load Generator(s).
Load Generator sent: ok
Feb 24, 2026 10:16:21 PM tools.descartes.dlim.httploadgenerator.runner.Director process
INFO: Thread Count sent to Load Generator(s): 64
Load Generator sent: ok
Feb 24, 2026 10:16:21 PM tools.descartes.dlim.httploadgenerator.runner.Director process
INFO: URL connection timeout sent to Load Generator(s): 30000
Load Generator sent: ok
Feb 24, 2026 10:16:21 PM tools.descartes.dlim.httploadgenerator.runner.Director process
INFO: Contents of script sent to Load Generator: /home/luish/Documents/death/teastore/TeaStore/examples/httploadgenerator/teastore_buy.lua
Feb 24, 2026 10:16:21 PM tools.descartes.dlim.httploadgenerator.runner.Director process
INFO: Starting Load Generation
Beginning Run @1771989381991(24.02.2026;22:16:21991)
Target Time = 0.5; Load Intensity = 0.0; #Success = 0; #Failed = 0; #Dropped = 0
  ├─ [nitro5:sd] start 22:16:22
  ├─ [nitro5:ram] start 22:16:22
  ├─ [nitro5:nic] start 22:16:23
[⏱ 22:16:23] Iniciando ecofloc en aspire por 145s (fase: fase3_carga_low_iter8)
  ├─ [nitro5:cpu] start 22:16:23
  ├─ [aspire:sd] start 22:16:23
  ├─ [aspire:ram] start 22:16:23
  ├─ [aspire:nic] start 22:16:23
[⏱ 22:16:23] Iniciando ecofloc en scorpius por 145s (fase: fase3_carga_low_iter8)
  ├─ [aspire:cpu] start 22:16:23
  ├─ [scorpius:sd] start 22:16:23
  ├─ [scorpius:ram] start 22:16:23
  ├─ [scorpius:nic] start 22:16:23
[⏱ 22:16:23] Iniciando ecofloc en leo por 145s (fase: fase3_carga_low_iter8)
  ├─ [scorpius:cpu] start 22:16:23
  ├─ [leo:sd] start 22:16:23
  ├─ [leo:cpu] start 22:16:23
  ├─ [leo:nic] start 22:16:23
  ├─ [leo:ram] start 22:16:23
Target Time = 1.5; Load Intensity = 1.0; #Success = 0; #Failed = 0; #Dropped = 0
Target Time = 2.5; Load Intensity = 2.0; #Success = 0; #Failed = 0; #Dropped = 0
Target Time = 3.5; Load Intensity = 2.0; #Success = 0; #Failed = 0; #Dropped = 0
Target Time = 4.5; Load Intensity = 3.0; #Success = 8; #Failed = 0; #Dropped = 0
Target Time = 5.5; Load Intensity = 4.0; #Success = 4; #Failed = 0; #Dropped = 0
Target Time = 6.5; Load Intensity = 5.0; #Success = 4; #Failed = 0; #Dropped = 0
Target Time = 7.5; Load Intensity = 6.0; #Success = 7; #Failed = 0; #Dropped = 0
Target Time = 8.5; Load Intensity = 7.0; #Success = 5; #Failed = 0; #Dropped = 0
Target Time = 9.5; Load Intensity = 7.0; #Success = 9; #Failed = 0; #Dropped = 0
Target Time = 10.5; Load Intensity = 8.0; #Success = 7; #Failed = 0; #Dropped = 0
Target Time = 11.5; Load Intensity = 9.0; #Success = 10; #Failed = 0; #Dropped = 0
Target Time = 12.5; Load Intensity = 10.0; #Success = 10; #Failed = 0; #Dropped = 0
Target Time = 13.5; Load Intensity = 11.0; #Success = 0; #Failed = 0; #Dropped = 0
Target Time = 14.5; Load Intensity = 12.0; #Success = 21; #Failed = 0; #Dropped = 0
Target Time = 15.5; Load Intensity = 12.0; #Success = 11; #Failed = 0; #Dropped = 0
Target Time = 16.5; Load Intensity = 13.0; #Success = 16; #Failed = 0; #Dropped = 0
Target Time = 17.5; Load Intensity = 14.0; #Success = 14; #Failed = 0; #Dropped = 0
Target Time = 18.5; Load Intensity = 15.0; #Success = 2; #Failed = 0; #Dropped = 0
Target Time = 19.5; Load Intensity = 16.0; #Success = 0; #Failed = 0; #Dropped = 0
Target Time = 20.5; Load Intensity = 17.0; #Success = 15; #Failed = 0; #Dropped = 0
Target Time = 21.5; Load Intensity = 17.0; #Success = 13; #Failed = 0; #Dropped = 0
Target Time = 22.5; Load Intensity = 18.0; #Success = 3; #Failed = 0; #Dropped = 0
Target Time = 23.5; Load Intensity = 19.0; #Success = 3; #Failed = 0; #Dropped = 0
Target Time = 24.5; Load Intensity = 20.0; #Success = 1; #Failed = 0; #Dropped = 0
Target Time = 25.5; Load Intensity = 21.0; #Success = 9; #Failed = 0; #Dropped = 0
Target Time = 26.5; Load Intensity = 22.0; #Success = 20; #Failed = 0; #Dropped = 0
Target Time = 27.5; Load Intensity = 22.0; #Success = 0; #Failed = 0; #Dropped = 0
Target Time = 28.5; Load Intensity = 23.0; #Success = 0; #Failed = 0; #Dropped = 0
Target Time = 29.5; Load Intensity = 24.0; #Success = 0; #Failed = 0; #Dropped = 0
Target Time = 30.5; Load Intensity = 25.0; #Success = 0; #Failed = 0; #Dropped = 0
Target Time = 31.5; Load Intensity = 26.0; #Success = 0; #Failed = 0; #Dropped = 0
Target Time = 32.5; Load Intensity = 27.0; #Success = 0; #Failed = 0; #Dropped = 0
Target Time = 33.5; Load Intensity = 27.0; #Success = 0; #Failed = 0; #Dropped = 0
Target Time = 34.5; Load Intensity = 28.0; #Success = 0; #Failed = 0; #Dropped = 0
Target Time = 35.5; Load Intensity = 29.0; #Success = 0; #Failed = 0; #Dropped = 0
Target Time = 36.5; Load Intensity = 30.0; #Success = 0; #Failed = 0; #Dropped = 0
Target Time = 37.5; Load Intensity = 31.0; #Success = 0; #Failed = 0; #Dropped = 0
Target Time = 38.5; Load Intensity = 32.0; #Success = 0; #Failed = 0; #Dropped = 0
Target Time = 39.5; Load Intensity = 32.0; #Success = 0; #Failed = 0; #Dropped = 0
Target Time = 40.5; Load Intensity = 33.0; #Success = 0; #Failed = 0; #Dropped = 0
Target Time = 41.5; Load Intensity = 34.0; #Success = 0; #Failed = 0; #Dropped = 0
Target Time = 42.5; Load Intensity = 35.0; #Success = 0; #Failed = 0; #Dropped = 0
Target Time = 43.5; Load Intensity = 36.0; #Success = 0; #Failed = 0; #Dropped = 0
Target Time = 44.5; Load Intensity = 37.0; #Success = 0; #Failed = 0; #Dropped = 0
Target Time = 45.5; Load Intensity = 37.0; #Success = 0; #Failed = 0; #Dropped = 0
Target Time = 46.5; Load Intensity = 38.0; #Success = 0; #Failed = 0; #Dropped = 0
Target Time = 47.5; Load Intensity = 39.0; #Success = 0; #Failed = 0; #Dropped = 0
Target Time = 48.5; Load Intensity = 40.0; #Success = 0; #Failed = 0; #Dropped = 0
Target Time = 49.5; Load Intensity = 41.0; #Success = 0; #Failed = 0; #Dropped = 0
Target Time = 50.5; Load Intensity = 42.0; #Success = 0; #Failed = 0; #Dropped = 0
Target Time = 51.5; Load Intensity = 42.0; #Success = 0; #Failed = 0; #Dropped = 0
Target Time = 52.5; Load Intensity = 43.0; #Success = 18; #Failed = 0; #Dropped = 0
Target Time = 53.5; Load Intensity = 44.0; #Success = 16; #Failed = 0; #Dropped = 0
Target Time = 54.5; Load Intensity = 45.0; #Success = 0; #Failed = 0; #Dropped = 0
Target Time = 55.5; Load Intensity = 46.0; #Success = 10; #Failed = 0; #Dropped = 0
Target Time = 56.5; Load Intensity = 47.0; #Success = 20; #Failed = 0; #Dropped = 0
Target Time = 57.5; Load Intensity = 47.0; #Success = 0; #Failed = 0; #Dropped = 0
Target Time = 58.5; Load Intensity = 48.0; #Success = 0; #Failed = 0; #Dropped = 0
Target Time = 59.5; Load Intensity = 49.0; #Success = 0; #Failed = 0; #Dropped = 0
Target Time = 60.5; Load Intensity = 50.0; #Success = 0; #Failed = 0; #Dropped = 0
Target Time = 61.5; Load Intensity = 51.0; #Success = 0; #Failed = 0; #Dropped = 0
Target Time = 62.5; Load Intensity = 52.0; #Success = 0; #Failed = 0; #Dropped = 0
Target Time = 63.5; Load Intensity = 52.0; #Success = 0; #Failed = 0; #Dropped = 0
Target Time = 64.5; Load Intensity = 53.0; #Success = 0; #Failed = 0; #Dropped = 0
Target Time = 65.5; Load Intensity = 54.0; #Success = 0; #Failed = 0; #Dropped = 0
Target Time = 66.5; Load Intensity = 55.0; #Success = 0; #Failed = 0; #Dropped = 0
Target Time = 67.5; Load Intensity = 56.0; #Success = 0; #Failed = 0; #Dropped = 0
Target Time = 68.5; Load Intensity = 57.0; #Success = 0; #Failed = 0; #Dropped = 0
Target Time = 69.5; Load Intensity = 57.0; #Success = 0; #Failed = 0; #Dropped = 0
Target Time = 70.5; Load Intensity = 58.0; #Success = 0; #Failed = 0; #Dropped = 0
Target Time = 71.5; Load Intensity = 59.0; #Success = 0; #Failed = 0; #Dropped = 0
Target Time = 72.5; Load Intensity = 60.0; #Success = 0; #Failed = 0; #Dropped = 0
Target Time = 73.5; Load Intensity = 61.0; #Success = 0; #Failed = 0; #Dropped = 0
Target Time = 74.5; Load Intensity = 62.0; #Success = 0; #Failed = 0; #Dropped = 0
Target Time = 75.5; Load Intensity = 62.0; #Success = 0; #Failed = 0; #Dropped = 0
Target Time = 76.5; Load Intensity = 63.0; #Success = 0; #Failed = 0; #Dropped = 0
Target Time = 77.5; Load Intensity = 64.0; #Success = 0; #Failed = 0; #Dropped = 0
Target Time = 78.5; Load Intensity = 65.0; #Success = 0; #Failed = 0; #Dropped = 0
Target Time = 79.5; Load Intensity = 66.0; #Success = 0; #Failed = 0; #Dropped = 0
Target Time = 80.5; Load Intensity = 67.0; #Success = 0; #Failed = 0; #Dropped = 0
Target Time = 81.5; Load Intensity = 67.0; #Success = 0; #Failed = 0; #Dropped = 0
Target Time = 82.5; Load Intensity = 68.0; #Success = 16; #Failed = 16; #Dropped = 791
Target Time = 83.5; Load Intensity = 69.0; #Success = 14; #Failed = 17; #Dropped = 10
Target Time = 84.5; Load Intensity = 70.0; #Success = 0; #Failed = 0; #Dropped = 0
Target Time = 85.5; Load Intensity = 71.0; #Success = 10; #Failed = 10; #Dropped = 74
Target Time = 86.5; Load Intensity = 72.0; #Success = 18; #Failed = 19; #Dropped = 15
Target Time = 87.5; Load Intensity = 72.0; #Success = 0; #Failed = 0; #Dropped = 0
Target Time = 88.5; Load Intensity = 73.0; #Success = 0; #Failed = 0; #Dropped = 0
Target Time = 89.5; Load Intensity = 74.0; #Success = 0; #Failed = 0; #Dropped = 0
Target Time = 90.5; Load Intensity = 75.0; #Success = 0; #Failed = 0; #Dropped = 0
Target Time = 91.5; Load Intensity = 76.0; #Success = 0; #Failed = 0; #Dropped = 0
Target Time = 92.5; Load Intensity = 77.0; #Success = 0; #Failed = 0; #Dropped = 0
Target Time = 93.5; Load Intensity = 77.0; #Success = 0; #Failed = 0; #Dropped = 0
Target Time = 94.5; Load Intensity = 78.0; #Success = 0; #Failed = 0; #Dropped = 0
Target Time = 95.5; Load Intensity = 79.0; #Success = 0; #Failed = 0; #Dropped = 0
Target Time = 96.5; Load Intensity = 80.0; #Success = 0; #Failed = 0; #Dropped = 0
Target Time = 97.5; Load Intensity = 81.0; #Success = 0; #Failed = 0; #Dropped = 0
Target Time = 98.5; Load Intensity = 82.0; #Success = 0; #Failed = 0; #Dropped = 0
Target Time = 99.5; Load Intensity = 82.0; #Success = 0; #Failed = 0; #Dropped = 0
Target Time = 100.5; Load Intensity = 83.0; #Success = 0; #Failed = 0; #Dropped = 0
Target Time = 101.5; Load Intensity = 84.0; #Success = 0; #Failed = 0; #Dropped = 0
Target Time = 102.5; Load Intensity = 85.0; #Success = 0; #Failed = 0; #Dropped = 0
Target Time = 103.5; Load Intensity = 86.0; #Success = 0; #Failed = 0; #Dropped = 0
Target Time = 104.5; Load Intensity = 87.0; #Success = 0; #Failed = 0; #Dropped = 0
Target Time = 105.5; Load Intensity = 87.0; #Success = 0; #Failed = 0; #Dropped = 0
Target Time = 106.5; Load Intensity = 88.0; #Success = 0; #Failed = 0; #Dropped = 0
Target Time = 107.5; Load Intensity = 89.0; #Success = 0; #Failed = 0; #Dropped = 0
Target Time = 108.5; Load Intensity = 90.0; #Success = 0; #Failed = 0; #Dropped = 0
Target Time = 109.5; Load Intensity = 91.0; #Success = 0; #Failed = 0; #Dropped = 0
Target Time = 110.5; Load Intensity = 92.0; #Success = 0; #Failed = 0; #Dropped = 0
Target Time = 111.5; Load Intensity = 92.0; #Success = 0; #Failed = 0; #Dropped = 0
Target Time = 112.5; Load Intensity = 93.0; #Success = 2; #Failed = 23; #Dropped = 1475
Target Time = 113.5; Load Intensity = 94.0; #Success = 5; #Failed = 29; #Dropped = 32
Target Time = 114.5; Load Intensity = 95.0; #Success = 0; #Failed = 0; #Dropped = 0
Target Time = 115.5; Load Intensity = 96.0; #Success = 0; #Failed = 19; #Dropped = 123
Target Time = 116.5; Load Intensity = 97.0; #Success = 3; #Failed = 31; #Dropped = 31
Target Time = 117.5; Load Intensity = 97.0; #Success = 0; #Failed = 0; #Dropped = 0
Target Time = 118.5; Load Intensity = 98.0; #Success = 0; #Failed = 0; #Dropped = 0
Target Time = 119.5; Load Intensity = 99.0; #Success = 0; #Failed = 0; #Dropped = 0
Target Time = 120.5; Load Intensity = 0.0; #Success = 0; #Failed = 0; #Dropped = 0
Target Time = 121.5; Load Intensity = 0.0; #Success = 0; #Failed = 0; #Dropped = 0
Target Time = 122.5; Load Intensity = 0.0; #Success = 0; #Failed = 0; #Dropped = 0
Target Time = 123.5; Load Intensity = 0.0; #Success = 0; #Failed = 0; #Dropped = 0
Target Time = 124.5; Load Intensity = 0.0; #Success = 0; #Failed = 0; #Dropped = 0
Target Time = 125.5; Load Intensity = 0.0; #Success = 0; #Failed = 0; #Dropped = 0
Target Time = 126.5; Load Intensity = 0.0; #Success = 0; #Failed = 0; #Dropped = 0
Target Time = 127.5; Load Intensity = 0.0; #Success = 0; #Failed = 18; #Dropped = 808
Target Time = 128.5; Load Intensity = 0.0; #Success = 0; #Failed = 0; #Dropped = 0
Target Time = 129.5; Load Intensity = 0.0; #Success = 0; #Failed = 0; #Dropped = 0
Target Time = 130.5; Load Intensity = 0.0; #Success = 0; #Failed = 38; #Dropped = 226
Target Time = 131.5; Load Intensity = 0.0; #Success = 0; #Failed = 0; #Dropped = 0
Target Time = 132.5; Load Intensity = 0.0; #Success = 0; #Failed = 0; #Dropped = 0
Target Time = 133.5; Load Intensity = 0.0; #Success = 0; #Failed = 41; #Dropped = 225
Target Time = 134.5; Load Intensity = 0.0; #Success = 0; #Failed = 0; #Dropped = 0
Target Time = 135.5; Load Intensity = 0.0; #Success = 0; #Failed = 0; #Dropped = 0
Target Time = 136.5; Load Intensity = 0.0; #Success = 0; #Failed = 45; #Dropped = 233
Target Time = 137.5; Load Intensity = 0.0; #Success = 0; #Failed = 0; #Dropped = 0
Target Time = 138.5; Load Intensity = 0.0; #Success = 0; #Failed = 0; #Dropped = 0
Target Time = 139.5; Load Intensity = 0.0; #Success = 0; #Failed = 45; #Dropped = 231
Target Time = 140.5; Load Intensity = 0.0; #Success = 0; #Failed = 0; #Dropped = 0
Target Time = 141.5; Load Intensity = 0.0; #Success = 0; #Failed = 0; #Dropped = 0
Target Time = 142.5; Load Intensity = 0.0; #Success = 9; #Failed = 72; #Dropped = 220
Target Time = 143.5; Load Intensity = 0.0; #Success = 0; #Failed = 1; #Dropped = 0
Target Time = 144.5; Load Intensity = 0.0; #Success = 0; #Failed = 0; #Dropped = 0
  └─ [nitro5:sd] end 22:18:47
Target Time = 145.5; Load Intensity = 0.0; #Success = 0; #Failed = 48; #Dropped = 215
  └─ [nitro5:ram] end 22:18:47
  └─ [nitro5:nic] end 22:18:48
  └─ [nitro5:cpu] end 22:18:48
Target Time = 146.5; Load Intensity = 0.0; #Success = 0; #Failed = 0; #Dropped = 0
Target Time = 147.5; Load Intensity = 0.0; #Success = 0; #Failed = 0; #Dropped = 0
Target Time = 148.5; Load Intensity = 0.0; #Success = 0; #Failed = 1; #Dropped = 259
Target Time = 149.5; Load Intensity = 0.0; #Success = 0; #Failed = 0; #Dropped = 0
  └─ [scorpius:cpu] end 22:18:52
Target Time = 150.5; Load Intensity = 0.0; #Success = 0; #Failed = 0; #Dropped = 0
Target Time = 151.5; Load Intensity = 0.0; #Success = 0; #Failed = 64; #Dropped = 102
  └─ [leo:cpu] end 22:18:54
  └─ [leo:sd] end 22:18:54
  └─ [leo:nic] end 22:18:54
  └─ [leo:ram] end 22:18:54
  └─ [scorpius:sd] end 22:18:54
  └─ [scorpius:ram] end 22:18:55
  └─ [scorpius:nic] end 22:18:55
Workload finished.
Log finished.
📄 LIMBO finalizado para scenario=low
⏳ [22:18:58] Esperando que termine medición: fase3_carga_low_iter8 (PID: 97903)
=== Bloque 145s terminado - Fase: fase3_carga_low_iter8 ===
[🧹] Limpiando CSVs internos de ecofloc en cada nodo (fase: fase3_carga_low_iter8)...
  ✔ [nitro5:cpu] limpiado /home/luish/Documents/p3/ecofloc2/ecofloc/ecofloc-cpu/ECOFLOC_CPU_COMM_text.csv
  ✔ [nitro5:nic] limpiado /home/luish/Documents/p3/ecofloc2/ecofloc/ecofloc-nic/ECOFLOC_NIC_COMM_text.csv
  ✔ [nitro5:ram] limpiado /home/luish/Documents/p3/ecofloc2/ecofloc/ecofloc-ram/ECOFLOC_RAM_COMM_text.csv
  ✔ [nitro5:sd] limpiado /home/luish/Documents/p3/ecofloc2/ecofloc/ecofloc-sd/ECOFLOC_SD_COMM_text.csv
  ✔ [leo:cpu] limpiado /home/leo/ecofloc/ecofloc-cpu/ECOFLOC_CPU_COMM_text.csv
  ✔ [leo:nic] limpiado /home/leo/ecofloc/ecofloc-nic/ECOFLOC_NIC_COMM_text.csv
  ✔ [leo:ram] limpiado /home/leo/ecofloc/ecofloc-ram/ECOFLOC_RAM_COMM_text.csv
  ✔ [leo:sd] limpiado /home/leo/ecofloc/ecofloc-sd/ECOFLOC_SD_COMM_text.csv
ssh: connect to host luish-aspire-a315-55g port 22: No route to host
✔️ [22:36:27] Medición fase3_carga_low_iter8 completada
[📦] Archivando resultados → ./historyexecutions/exp(22:36:32)_fase3_low_iter8
[✔] Archivado: ./historyexecutions/exp(22:36:32)_fase3_low_iter8
🧹 Limpiando TeaStore (iter 8)...
⏸ Esperando 15s para limpieza completa...
✅ Iteración 8 / 9 del escenario low completada.

########################################################
🔄 ESCENARIO: low | ITERACIÓN: 9 / 9
   Hora: 06:49:12
########################################################
========================================
🔋 FASE 1: Descarga de imágenes (low, iter 9)
========================================
📋 Capturando PIDs (gepidstea.sh)...
📋 Capturando PIDs de contenedores (kpsnodos.sh)...
🔋 [06:49:36] Iniciando medición de energía: fase1_descarga_low_iter9 (25s)
========================================
🔋 MEASURE ENERGY - Fase: fase1_descarga_low_iter9
   Duración: 25s
   PID: 1395624
========================================
=== Medición bloque 25s - Fase: fase1_descarga_low_iter9 ===
   PID de medición: 1395624
🚀 Desplegando TeaStore desde https://raw.githubusercontent.com/DescartesResearch/TeaStore/master/examples/kubernetes/teastore-ribbon.yaml...
[⏱ 06:49:36] Iniciando ecofloc en nitro5 por 25s (fase: fase1_descarga_low_iter9)
⏳ Esperando a que todos los pods de TeaStore estén Running y Ready...
  ├─ [nitro5:sd] start 06:49:37
  ├─ [nitro5:ram] start 06:49:37
  ├─ [nitro5:nic] start 06:49:37
[⏱ 06:49:38] Iniciando ecofloc en aspire por 25s (fase: fase1_descarga_low_iter9)
  ├─ [nitro5:cpu] start 06:49:38
  ├─ [aspire:sd] start 06:49:38
[⏱ 06:49:38] Iniciando ecofloc en scorpius por 25s (fase: fase1_descarga_low_iter9)
  ├─ [aspire:ram] start 06:49:38
  ├─ [aspire:nic] start 06:49:38
  ├─ [aspire:cpu] start 06:49:38
  ├─ [scorpius:sd] start 06:49:38
  ├─ [scorpius:ram] start 06:49:38
  ├─ [scorpius:nic] start 06:49:38
[⏱ 06:49:38] Iniciando ecofloc en leo por 25s (fase: fase1_descarga_low_iter9)
  ├─ [scorpius:cpu] start 06:49:38
  ├─ [leo:sd] start 06:49:38
  ├─ [leo:ram] start 06:49:38
  ├─ [leo:nic] start 06:49:38
  ├─ [leo:cpu] start 06:49:38
✅ Pods listos.
⏳ [06:49:45] Esperando que termine medición: fase1_descarga_low_iter9 (PID: 1395624)
  └─ [nitro5:sd] end 06:50:02
  └─ [nitro5:ram] end 06:50:02
  └─ [nitro5:nic] end 06:50:02
  └─ [nitro5:cpu] end 06:50:03
  └─ [leo:cpu] end 06:50:04
  └─ [scorpius:cpu] end 06:50:04
  └─ [aspire:cpu] end 06:50:04
  └─ [scorpius:sd] end 06:50:04
  └─ [leo:sd] end 06:50:04
  └─ [aspire:nic] end 06:50:04
  └─ [leo:nic] end 06:50:05
  └─ [aspire:ram] end 06:50:05
  └─ [scorpius:nic] end 06:50:05
  └─ [scorpius:ram] end 06:50:05
  └─ [aspire:sd] end 06:50:05
  └─ [leo:ram] end 06:50:05
=== Bloque 25s terminado - Fase: fase1_descarga_low_iter9 ===
[🧹] Limpiando CSVs internos de ecofloc en cada nodo (fase: fase1_descarga_low_iter9)...
  ✔ [nitro5:cpu] limpiado /home/luish/Documents/p3/ecofloc2/ecofloc/ecofloc-cpu/ECOFLOC_CPU_COMM_text.csv
  ✔ [nitro5:nic] limpiado /home/luish/Documents/p3/ecofloc2/ecofloc/ecofloc-nic/ECOFLOC_NIC_COMM_text.csv
  ✔ [nitro5:ram] limpiado /home/luish/Documents/p3/ecofloc2/ecofloc/ecofloc-ram/ECOFLOC_RAM_COMM_text.csv
  ✔ [nitro5:sd] limpiado /home/luish/Documents/p3/ecofloc2/ecofloc/ecofloc-sd/ECOFLOC_SD_COMM_text.csv
  ✔ [leo:cpu] limpiado /home/leo/ecofloc/ecofloc-cpu/ECOFLOC_CPU_COMM_text.csv
  ✔ [leo:nic] limpiado /home/leo/ecofloc/ecofloc-nic/ECOFLOC_NIC_COMM_text.csv
  ✔ [leo:ram] limpiado /home/leo/ecofloc/ecofloc-ram/ECOFLOC_RAM_COMM_text.csv
  ✔ [leo:sd] limpiado /home/leo/ecofloc/ecofloc-sd/ECOFLOC_SD_COMM_text.csv
  ✔ [aspire:cpu] limpiado /home/luish/Documents/p3/ecofloc2/ecofloc/ecofloc-cpu/ECOFLOC_CPU_COMM_text.csv
  ✔ [aspire:nic] limpiado /home/luish/Documents/p3/ecofloc2/ecofloc/ecofloc-nic/ECOFLOC_NIC_COMM_text.csv
  ✔ [aspire:ram] limpiado /home/luish/Documents/p3/ecofloc2/ecofloc/ecofloc-ram/ECOFLOC_RAM_COMM_text.csv
  ✔ [aspire:sd] limpiado /home/luish/Documents/p3/ecofloc2/ecofloc/ecofloc-sd/ECOFLOC_SD_COMM_text.csv
  ✔ [scorpius:cpu] limpiado /home/scorpius03/Documents/ecofloc/ecofloc-cpu/ECOFLOC_CPU_COMM_text.csv
  ✔ [scorpius:nic] limpiado /home/scorpius03/Documents/ecofloc/ecofloc-nic/ECOFLOC_NIC_COMM_text.csv
  ✔ [scorpius:ram] limpiado /home/scorpius03/Documents/ecofloc/ecofloc-ram/ECOFLOC_RAM_COMM_text.csv
  ✔ [scorpius:sd] limpiado /home/scorpius03/Documents/ecofloc/ecofloc-sd/ECOFLOC_SD_COMM_text.csv
========================================
🔋 MEASURE ENERGY FINALIZADO
   Fase: fase1_descarga_low_iter9
========================================
✔️ [06:50:09] Medición fase1_descarga_low_iter9 completada
[📦] Archivando resultados → ./historyexecutions/exp(06:50:14)_fase1_low_iter9
[✔] Archivado: ./historyexecutions/exp(06:50:14)_fase1_low_iter9
========================================
🔋 FASE 2: Preparación de servicios (low, iter 9)
========================================
📋 Capturando PIDs (gepidstea.sh)...
📋 Capturando PIDs de contenedores (kpsnodos.sh)...
🔋 [06:50:33] Iniciando medición de energía: fase2_preparacion_low_iter9 (50s)
   PID de medición: 1465123
========================================
🔋 MEASURE ENERGY - Fase: fase2_preparacion_low_iter9
   Duración: 50s
   PID: 1465123
========================================
=== Medición bloque 50s - Fase: fase2_preparacion_low_iter9 ===
[⏱ 06:50:33] Iniciando ecofloc en nitro5 por 50s (fase: fase2_preparacion_low_iter9)
⏳ Esperando 10s a que CoreDNS se estabilice...
  ├─ [nitro5:sd] start 06:50:33
  ├─ [nitro5:ram] start 06:50:33
  ├─ [nitro5:nic] start 06:50:34
[⏱ 06:50:34] Iniciando ecofloc en aspire por 50s (fase: fase2_preparacion_low_iter9)
  ├─ [nitro5:cpu] start 06:50:34
  ├─ [aspire:sd] start 06:50:34
  ├─ [aspire:ram] start 06:50:34
  ├─ [aspire:nic] start 06:50:34
[⏱ 06:50:34] Iniciando ecofloc en scorpius por 50s (fase: fase2_preparacion_low_iter9)
  ├─ [aspire:cpu] start 06:50:34
  ├─ [scorpius:sd] start 06:50:34
  ├─ [scorpius:ram] start 06:50:34
[⏱ 06:50:34] Iniciando ecofloc en leo por 50s (fase: fase2_preparacion_low_iter9)
  ├─ [scorpius:nic] start 06:50:34
  ├─ [scorpius:cpu] start 06:50:34
  ├─ [leo:sd] start 06:50:34
  ├─ [leo:ram] start 06:50:34
  ├─ [leo:nic] start 06:50:34
  ├─ [leo:cpu] start 06:50:34
➡️ Pod WebUI: teastore-webui-558b54cc77-p2nlt
➡️ Está en el nodo: scorpius03
🌐 IP del nodo WebUI: 192.168.18.34
⏳ Verificando estado del TeaStore en http://192.168.18.34:30080/tools.descartes.teastore.webui/status ...
   ➤ Estado actual: 2 / 5 servicios OK
❌ TeaStore aún no está listo. Reintentando en 10s...
   ➤ Estado actual: 2 / 5 servicios OK
❌ TeaStore aún no está listo. Reintentando en 10s...
   ➤ Estado actual: 2 / 5 servicios OK
❌ TeaStore aún no está listo. Reintentando en 10s...
  └─ [nitro5:sd] end 06:51:23
  └─ [nitro5:ram] end 06:51:23
  └─ [nitro5:nic] end 06:51:24
  └─ [nitro5:cpu] end 06:51:24
  └─ [leo:sd] end 06:51:28
  └─ [leo:nic] end 06:51:28
  └─ [scorpius:cpu] end 06:51:29
  └─ [leo:cpu] end 06:51:29
  └─ [scorpius:sd] end 06:51:29
  └─ [scorpius:nic] end 06:51:29
  └─ [leo:ram] end 06:51:30
  └─ [scorpius:ram] end 06:51:30
  └─ [aspire:nic] end 06:51:30
   ➤ Estado actual: 2 / 5 servicios OK
❌ TeaStore aún no está listo. Reintentando en 10s...
  └─ [aspire:cpu] end 06:51:30
  └─ [aspire:sd] end 06:51:31
  └─ [aspire:ram] end 06:51:31
=== Bloque 50s terminado - Fase: fase2_preparacion_low_iter9 ===
[🧹] Limpiando CSVs internos de ecofloc en cada nodo (fase: fase2_preparacion_low_iter9)...
  ✔ [nitro5:cpu] limpiado /home/luish/Documents/p3/ecofloc2/ecofloc/ecofloc-cpu/ECOFLOC_CPU_COMM_text.csv
  ✔ [nitro5:nic] limpiado /home/luish/Documents/p3/ecofloc2/ecofloc/ecofloc-nic/ECOFLOC_NIC_COMM_text.csv
  ✔ [nitro5:ram] limpiado /home/luish/Documents/p3/ecofloc2/ecofloc/ecofloc-ram/ECOFLOC_RAM_COMM_text.csv
  ✔ [nitro5:sd] limpiado /home/luish/Documents/p3/ecofloc2/ecofloc/ecofloc-sd/ECOFLOC_SD_COMM_text.csv
  ✔ [leo:cpu] limpiado /home/leo/ecofloc/ecofloc-cpu/ECOFLOC_CPU_COMM_text.csv
  ✔ [leo:nic] limpiado /home/leo/ecofloc/ecofloc-nic/ECOFLOC_NIC_COMM_text.csv
  ✔ [leo:ram] limpiado /home/leo/ecofloc/ecofloc-ram/ECOFLOC_RAM_COMM_text.csv
  ✔ [leo:sd] limpiado /home/leo/ecofloc/ecofloc-sd/ECOFLOC_SD_COMM_text.csv
  ✔ [aspire:cpu] limpiado /home/luish/Documents/p3/ecofloc2/ecofloc/ecofloc-cpu/ECOFLOC_CPU_COMM_text.csv
  ✔ [aspire:nic] limpiado /home/luish/Documents/p3/ecofloc2/ecofloc/ecofloc-nic/ECOFLOC_NIC_COMM_text.csv
  ✔ [aspire:ram] limpiado /home/luish/Documents/p3/ecofloc2/ecofloc/ecofloc-ram/ECOFLOC_RAM_COMM_text.csv
  ✔ [aspire:sd] limpiado /home/luish/Documents/p3/ecofloc2/ecofloc/ecofloc-sd/ECOFLOC_SD_COMM_text.csv
  ✔ [scorpius:cpu] limpiado /home/scorpius03/Documents/ecofloc/ecofloc-cpu/ECOFLOC_CPU_COMM_text.csv
  ✔ [scorpius:nic] limpiado /home/scorpius03/Documents/ecofloc/ecofloc-nic/ECOFLOC_NIC_COMM_text.csv
  ✔ [scorpius:ram] limpiado /home/scorpius03/Documents/ecofloc/ecofloc-ram/ECOFLOC_RAM_COMM_text.csv
   ➤ Estado actual: 2 / 5 servicios OK
❌ TeaStore aún no está listo. Reintentando en 10s...
  ✔ [scorpius:sd] limpiado /home/scorpius03/Documents/ecofloc/ecofloc-sd/ECOFLOC_SD_COMM_text.csv
========================================
🔋 MEASURE ENERGY FINALIZADO
   Fase: fase2_preparacion_low_iter9
========================================
   ➤ Estado actual: 1 / 5 servicios OK
❌ TeaStore aún no está listo. Reintentando en 10s...
   ➤ Estado actual: 2 / 5 servicios OK
❌ TeaStore aún no está listo. Reintentando en 10s...
   ➤ Estado actual: 2 / 5 servicios OK
❌ TeaStore aún no está listo. Reintentando en 10s...
   ➤ Estado actual: 2 / 5 servicios OK
❌ TeaStore aún no está listo. Reintentando en 10s...
   ➤ Estado actual: 2 / 5 servicios OK
❌ TeaStore aún no está listo. Reintentando en 10s...
   ➤ Estado actual: 2 / 5 servicios OK
❌ TeaStore aún no está listo. Reintentando en 10s...
   ➤ Estado actual: 2 / 5 servicios OK
❌ TeaStore aún no está listo. Reintentando en 10s...
   ➤ Estado actual: 2 / 5 servicios OK
❌ TeaStore aún no está listo. Reintentando en 10s...
   ➤ Estado actual: 2 / 5 servicios OK
❌ TeaStore aún no está listo. Reintentando en 10s...
   ➤ Estado actual: 2 / 5 servicios OK
❌ TeaStore aún no está listo. Reintentando en 10s...
   ➤ Estado actual: 2 / 5 servicios OK
❌ TeaStore aún no está listo. Reintentando en 10s...
   ➤ Estado actual: 2 / 5 servicios OK
❌ TeaStore aún no está listo. Reintentando en 10s...
   ➤ Estado actual: 2 / 5 servicios OK
❌ TeaStore aún no está listo. Reintentando en 10s...
   ➤ Estado actual: 2 / 5 servicios OK
❌ TeaStore aún no está listo. Reintentando en 10s...
   ➤ Estado actual: 3 / 5 servicios OK
❌ TeaStore aún no está listo. Reintentando en 10s...
   ➤ Estado actual: 5 / 5 servicios OK
✔ TODOS los servicios del TeaStore están OK. Continuando...
⏳ [06:55:18] Esperando que termine medición: fase2_preparacion_low_iter9 (PID: 1465123)
✔️ [06:55:18] Medición fase2_preparacion_low_iter9 completada
[📦] Archivando resultados → ./historyexecutions/exp(06:55:23)_fase2_low_iter9
[✔] Archivado: ./historyexecutions/exp(06:55:23)_fase2_low_iter9
========================================
🔋 FASE 3: Ejecución de carga (low, iter 9)
========================================
📋 Capturando PIDs (gepidstea.sh)...
📋 Capturando PIDs de contenedores (kpsnodos.sh)...
🔋 [06:55:43] Iniciando medición de energía: fase3_carga_low_iter9 (145s)
   PID de medición: 1604956
=== Escenario low (iter 9) ===
========================================
🔋 MEASURE ENERGY - Fase: fase3_carga_low_iter9
   Duración: 145s
   PID: 1604956
========================================
=== Medición bloque 145s - Fase: fase3_carga_low_iter9 ===
🚀 Iniciando LIMBO con profile=/home/luish/Documents/death/teastore/TeaStore/examples/httploadgenerator/increasingLowIntensity.csv y script=/home/luish/Documents/death/teastore/TeaStore/examples/httploadgenerator/teastore_buy.lua
[⏱ 06:55:43] Iniciando ecofloc en nitro5 por 145s (fase: fase3_carga_low_iter9)
Feb 25, 2026 6:55:43 AM tools.descartes.dlim.httploadgenerator.runner.Director executeDirector
WARNING: No power measurements
Feb 25, 2026 6:55:43 AM tools.descartes.dlim.httploadgenerator.runner.Director executeDirector
INFO: Load Generator Thread Count set to 64
Feb 25, 2026 6:55:43 AM tools.descartes.dlim.httploadgenerator.runner.Director executeDirector
INFO: URL connection timout set to 30000 ms
Feb 25, 2026 6:55:43 AM tools.descartes.dlim.httploadgenerator.runner.Director executeDirector
INFO: Using Lua Script: /home/luish/Documents/death/teastore/TeaStore/examples/httploadgenerator/teastore_buy.lua
Feb 25, 2026 6:55:43 AM tools.descartes.dlim.httploadgenerator.runner.Director process
INFO: Read 120 Arrival Rate Tuples
Load Generator sent: ok
Feb 25, 2026 6:55:43 AM tools.descartes.dlim.httploadgenerator.runner.Director process
INFO: Arrival Rates sent to Load Generator(s).
Load Generator sent: ok
Feb 25, 2026 6:55:43 AM tools.descartes.dlim.httploadgenerator.runner.Director process
INFO: Thread Count sent to Load Generator(s): 64
Load Generator sent: ok
Feb 25, 2026 6:55:43 AM tools.descartes.dlim.httploadgenerator.runner.Director process
INFO: URL connection timeout sent to Load Generator(s): 30000
Load Generator sent: ok
Feb 25, 2026 6:55:43 AM tools.descartes.dlim.httploadgenerator.runner.Director process
INFO: Contents of script sent to Load Generator: /home/luish/Documents/death/teastore/TeaStore/examples/httploadgenerator/teastore_buy.lua
Feb 25, 2026 6:55:43 AM tools.descartes.dlim.httploadgenerator.runner.Director process
INFO: Starting Load Generation
Beginning Run @1772020543912(25.02.2026;06:55:43912)
Target Time = 0.5; Load Intensity = 0.0; #Success = 0; #Failed = 0; #Dropped = 0
  ├─ [nitro5:sd] start 06:55:44
  ├─ [nitro5:ram] start 06:55:44
  ├─ [nitro5:nic] start 06:55:44
[⏱ 06:55:45] Iniciando ecofloc en aspire por 145s (fase: fase3_carga_low_iter9)
  ├─ [nitro5:cpu] start 06:55:45
  ├─ [aspire:sd] start 06:55:45
  ├─ [aspire:ram] start 06:55:45
  ├─ [aspire:nic] start 06:55:45
[⏱ 06:55:45] Iniciando ecofloc en scorpius por 145s (fase: fase3_carga_low_iter9)
  ├─ [aspire:cpu] start 06:55:45
  ├─ [scorpius:ram] start 06:55:45
[⏱ 06:55:45] Iniciando ecofloc en leo por 145s (fase: fase3_carga_low_iter9)
  ├─ [scorpius:nic] start 06:55:45
  ├─ [scorpius:sd] start 06:55:45
  ├─ [scorpius:cpu] start 06:55:45
  ├─ [leo:sd] start 06:55:45
  ├─ [leo:ram] start 06:55:45
  ├─ [leo:nic] start 06:55:45
  ├─ [leo:cpu] start 06:55:45
Target Time = 1.5; Load Intensity = 1.0; #Success = 0; #Failed = 0; #Dropped = 0
Target Time = 2.5; Load Intensity = 2.0; #Success = 0; #Failed = 0; #Dropped = 0
Target Time = 3.5; Load Intensity = 2.0; #Success = 0; #Failed = 0; #Dropped = 0
Target Time = 4.5; Load Intensity = 3.0; #Success = 8; #Failed = 0; #Dropped = 0
Target Time = 5.5; Load Intensity = 4.0; #Success = 4; #Failed = 0; #Dropped = 0
Target Time = 6.5; Load Intensity = 5.0; #Success = 2; #Failed = 0; #Dropped = 0
Target Time = 7.5; Load Intensity = 6.0; #Success = 8; #Failed = 0; #Dropped = 0
Target Time = 8.5; Load Intensity = 7.0; #Success = 4; #Failed = 0; #Dropped = 0
Target Time = 9.5; Load Intensity = 7.0; #Success = 4; #Failed = 0; #Dropped = 0
Target Time = 10.5; Load Intensity = 8.0; #Success = 2; #Failed = 0; #Dropped = 0
Target Time = 11.5; Load Intensity = 9.0; #Success = 2; #Failed = 0; #Dropped = 0
Target Time = 12.5; Load Intensity = 10.0; #Success = 6; #Failed = 0; #Dropped = 0
Target Time = 13.5; Load Intensity = 11.0; #Success = 9; #Failed = 0; #Dropped = 0
Target Time = 14.5; Load Intensity = 12.0; #Success = 2; #Failed = 0; #Dropped = 0
Target Time = 15.5; Load Intensity = 12.0; #Success = 1; #Failed = 0; #Dropped = 0
Target Time = 16.5; Load Intensity = 13.0; #Success = 3; #Failed = 0; #Dropped = 0
Target Time = 17.5; Load Intensity = 14.0; #Success = 1; #Failed = 0; #Dropped = 0
Target Time = 18.5; Load Intensity = 15.0; #Success = 3; #Failed = 0; #Dropped = 0
Target Time = 19.5; Load Intensity = 16.0; #Success = 1; #Failed = 0; #Dropped = 0
Target Time = 20.5; Load Intensity = 17.0; #Success = 10; #Failed = 0; #Dropped = 0
Target Time = 21.5; Load Intensity = 17.0; #Success = 1; #Failed = 0; #Dropped = 0
Target Time = 22.5; Load Intensity = 18.0; #Success = 2; #Failed = 0; #Dropped = 0
Target Time = 23.5; Load Intensity = 19.0; #Success = 2; #Failed = 3; #Dropped = 0
Target Time = 24.5; Load Intensity = 20.0; #Success = 0; #Failed = 6; #Dropped = 0
Target Time = 25.5; Load Intensity = 21.0; #Success = 0; #Failed = 1; #Dropped = 0
Target Time = 26.5; Load Intensity = 22.0; #Success = 0; #Failed = 5; #Dropped = 0
Target Time = 27.5; Load Intensity = 22.0; #Success = 1; #Failed = 0; #Dropped = 0
Target Time = 28.5; Load Intensity = 23.0; #Success = 0; #Failed = 0; #Dropped = 0
Target Time = 29.5; Load Intensity = 24.0; #Success = 0; #Failed = 0; #Dropped = 0
Target Time = 30.5; Load Intensity = 25.0; #Success = 0; #Failed = 0; #Dropped = 0
Target Time = 31.5; Load Intensity = 26.0; #Success = 0; #Failed = 0; #Dropped = 0
Target Time = 32.5; Load Intensity = 27.0; #Success = 0; #Failed = 5; #Dropped = 0
Target Time = 33.5; Load Intensity = 27.0; #Success = 2; #Failed = 11; #Dropped = 0
Target Time = 34.5; Load Intensity = 28.0; #Success = 8; #Failed = 13; #Dropped = 0
Target Time = 35.5; Load Intensity = 29.0; #Success = 1; #Failed = 0; #Dropped = 0
Target Time = 36.5; Load Intensity = 30.0; #Success = 1; #Failed = 0; #Dropped = 0
Target Time = 37.5; Load Intensity = 31.0; #Success = 0; #Failed = 0; #Dropped = 0
Target Time = 38.5; Load Intensity = 32.0; #Success = 6; #Failed = 0; #Dropped = 0
Target Time = 39.5; Load Intensity = 32.0; #Success = 0; #Failed = 0; #Dropped = 0
Target Time = 40.5; Load Intensity = 33.0; #Success = 2; #Failed = 0; #Dropped = 0
Target Time = 41.5; Load Intensity = 34.0; #Success = 1; #Failed = 0; #Dropped = 0
Target Time = 42.5; Load Intensity = 35.0; #Success = 0; #Failed = 0; #Dropped = 0
Target Time = 43.5; Load Intensity = 36.0; #Success = 3; #Failed = 0; #Dropped = 0
Target Time = 44.5; Load Intensity = 37.0; #Success = 0; #Failed = 0; #Dropped = 0
Target Time = 45.5; Load Intensity = 37.0; #Success = 12; #Failed = 0; #Dropped = 0
Target Time = 46.5; Load Intensity = 38.0; #Success = 7; #Failed = 0; #Dropped = 0
Target Time = 47.5; Load Intensity = 39.0; #Success = 0; #Failed = 2; #Dropped = 0
Target Time = 48.5; Load Intensity = 40.0; #Success = 10; #Failed = 0; #Dropped = 0
Target Time = 49.5; Load Intensity = 41.0; #Success = 2; #Failed = 0; #Dropped = 0
Target Time = 50.5; Load Intensity = 42.0; #Success = 7; #Failed = 0; #Dropped = 0
Target Time = 51.5; Load Intensity = 42.0; #Success = 4; #Failed = 0; #Dropped = 0
Target Time = 52.5; Load Intensity = 43.0; #Success = 12; #Failed = 0; #Dropped = 0
Target Time = 53.5; Load Intensity = 44.0; #Success = 3; #Failed = 0; #Dropped = 0
Target Time = 54.5; Load Intensity = 45.0; #Success = 5; #Failed = 0; #Dropped = 0
Target Time = 55.5; Load Intensity = 46.0; #Success = 6; #Failed = 0; #Dropped = 0
Target Time = 56.5; Load Intensity = 47.0; #Success = 1; #Failed = 0; #Dropped = 5
Target Time = 57.5; Load Intensity = 47.0; #Success = 7; #Failed = 1; #Dropped = 21
Target Time = 58.5; Load Intensity = 48.0; #Success = 0; #Failed = 0; #Dropped = 0
Target Time = 59.5; Load Intensity = 49.0; #Success = 0; #Failed = 0; #Dropped = 0
Target Time = 60.5; Load Intensity = 50.0; #Success = 1; #Failed = 0; #Dropped = 66
Target Time = 61.5; Load Intensity = 51.0; #Success = 0; #Failed = 2; #Dropped = 27
Target Time = 62.5; Load Intensity = 52.0; #Success = 0; #Failed = 1; #Dropped = 20
Target Time = 63.5; Load Intensity = 52.0; #Success = 0; #Failed = 1; #Dropped = 14
Target Time = 64.5; Load Intensity = 53.0; #Success = 0; #Failed = 2; #Dropped = 43
Target Time = 65.5; Load Intensity = 54.0; #Success = 0; #Failed = 2; #Dropped = 18
Target Time = 66.5; Load Intensity = 55.0; #Success = 0; #Failed = 0; #Dropped = 0
Target Time = 67.5; Load Intensity = 56.0; #Success = 0; #Failed = 0; #Dropped = 0
Target Time = 68.5; Load Intensity = 57.0; #Success = 0; #Failed = 0; #Dropped = 0
Target Time = 69.5; Load Intensity = 57.0; #Success = 1; #Failed = 1; #Dropped = 129
Target Time = 70.5; Load Intensity = 58.0; #Success = 1; #Failed = 0; #Dropped = 21
Target Time = 71.5; Load Intensity = 59.0; #Success = 0; #Failed = 1; #Dropped = 24
Target Time = 72.5; Load Intensity = 60.0; #Success = 0; #Failed = 3; #Dropped = 59
Target Time = 73.5; Load Intensity = 61.0; #Success = 0; #Failed = 24; #Dropped = 5
Target Time = 74.5; Load Intensity = 62.0; #Success = 0; #Failed = 0; #Dropped = 0
Target Time = 75.5; Load Intensity = 62.0; #Success = 2; #Failed = 2; #Dropped = 55
Target Time = 76.5; Load Intensity = 63.0; #Success = 1; #Failed = 3; #Dropped = 44
Target Time = 77.5; Load Intensity = 64.0; #Success = 1; #Failed = 0; #Dropped = 27
Target Time = 78.5; Load Intensity = 65.0; #Success = 6; #Failed = 3; #Dropped = 51
Target Time = 79.5; Load Intensity = 66.0; #Success = 3; #Failed = 2; #Dropped = 27
Target Time = 80.5; Load Intensity = 67.0; #Success = 2; #Failed = 0; #Dropped = 28
Target Time = 81.5; Load Intensity = 67.0; #Success = 0; #Failed = 0; #Dropped = 0
Target Time = 82.5; Load Intensity = 68.0; #Success = 0; #Failed = 0; #Dropped = 0
Target Time = 83.5; Load Intensity = 69.0; #Success = 0; #Failed = 0; #Dropped = 0
  └─ [aspire:nic] end 06:57:07
Target Time = 84.5; Load Intensity = 70.0; #Success = 0; #Failed = 0; #Dropped = 0
Target Time = 85.5; Load Intensity = 71.0; #Success = 0; #Failed = 0; #Dropped = 0
Target Time = 86.5; Load Intensity = 72.0; #Success = 0; #Failed = 0; #Dropped = 0
Target Time = 87.5; Load Intensity = 72.0; #Success = 0; #Failed = 0; #Dropped = 0
Target Time = 88.5; Load Intensity = 73.0; #Success = 0; #Failed = 0; #Dropped = 0
Target Time = 89.5; Load Intensity = 74.0; #Success = 0; #Failed = 0; #Dropped = 0
Target Time = 90.5; Load Intensity = 75.0; #Success = 0; #Failed = 0; #Dropped = 0
Target Time = 91.5; Load Intensity = 76.0; #Success = 2; #Failed = 0; #Dropped = 529
Target Time = 92.5; Load Intensity = 77.0; #Success = 2; #Failed = 12; #Dropped = 51
Target Time = 93.5; Load Intensity = 77.0; #Success = 4; #Failed = 3; #Dropped = 34
Target Time = 94.5; Load Intensity = 78.0; #Success = 1; #Failed = 1; #Dropped = 13
Target Time = 95.5; Load Intensity = 79.0; #Success = 2; #Failed = 4; #Dropped = 77
Target Time = 96.5; Load Intensity = 80.0; #Success = 2; #Failed = 3; #Dropped = 54
Target Time = 97.5; Load Intensity = 81.0; #Success = 0; #Failed = 0; #Dropped = 0
Target Time = 98.5; Load Intensity = 82.0; #Success = 0; #Failed = 0; #Dropped = 0
Target Time = 99.5; Load Intensity = 82.0; #Success = 1; #Failed = 0; #Dropped = 164
Target Time = 100.5; Load Intensity = 83.0; #Success = 0; #Failed = 3; #Dropped = 57
Target Time = 101.5; Load Intensity = 84.0; #Success = 0; #Failed = 12; #Dropped = 56
Target Time = 102.5; Load Intensity = 85.0; #Success = 1; #Failed = 11; #Dropped = 50
Target Time = 103.5; Load Intensity = 86.0; #Success = 12; #Failed = 5; #Dropped = 43
Target Time = 104.5; Load Intensity = 87.0; #Success = 0; #Failed = 0; #Dropped = 0
Target Time = 105.5; Load Intensity = 87.0; #Success = 1; #Failed = 0; #Dropped = 94
Target Time = 106.5; Load Intensity = 88.0; #Success = 3; #Failed = 0; #Dropped = 73
Target Time = 107.5; Load Intensity = 89.0; #Success = 0; #Failed = 0; #Dropped = 0
Target Time = 108.5; Load Intensity = 90.0; #Success = 0; #Failed = 6; #Dropped = 146
Target Time = 109.5; Load Intensity = 91.0; #Success = 1; #Failed = 0; #Dropped = 35
Target Time = 110.5; Load Intensity = 92.0; #Success = 0; #Failed = 1; #Dropped = 23
Target Time = 111.5; Load Intensity = 92.0; #Success = 0; #Failed = 0; #Dropped = 0
Target Time = 112.5; Load Intensity = 93.0; #Success = 0; #Failed = 2; #Dropped = 161
Target Time = 113.5; Load Intensity = 94.0; #Success = 0; #Failed = 0; #Dropped = 0
Target Time = 114.5; Load Intensity = 95.0; #Success = 0; #Failed = 0; #Dropped = 0
Target Time = 115.5; Load Intensity = 96.0; #Success = 0; #Failed = 0; #Dropped = 0
Target Time = 116.5; Load Intensity = 97.0; #Success = 0; #Failed = 0; #Dropped = 0
Target Time = 117.5; Load Intensity = 97.0; #Success = 0; #Failed = 0; #Dropped = 0
Target Time = 118.5; Load Intensity = 98.0; #Success = 0; #Failed = 0; #Dropped = 0
Target Time = 119.5; Load Intensity = 99.0; #Success = 0; #Failed = 0; #Dropped = 0
Target Time = 120.5; Load Intensity = 0.0; #Success = 0; #Failed = 0; #Dropped = 0
Target Time = 121.5; Load Intensity = 0.0; #Success = 0; #Failed = 0; #Dropped = 0
Target Time = 122.5; Load Intensity = 0.0; #Success = 2; #Failed = 0; #Dropped = 769
Target Time = 123.5; Load Intensity = 0.0; #Success = 0; #Failed = 0; #Dropped = 0
Target Time = 124.5; Load Intensity = 0.0; #Success = 0; #Failed = 0; #Dropped = 0
Target Time = 125.5; Load Intensity = 0.0; #Success = 0; #Failed = 0; #Dropped = 0
Target Time = 126.5; Load Intensity = 0.0; #Success = 3; #Failed = 0; #Dropped = 288
Target Time = 127.5; Load Intensity = 0.0; #Success = 0; #Failed = 0; #Dropped = 0
Target Time = 128.5; Load Intensity = 0.0; #Success = 0; #Failed = 1; #Dropped = 182
Target Time = 129.5; Load Intensity = 0.0; #Success = 1; #Failed = 5; #Dropped = 74
Target Time = 130.5; Load Intensity = 0.0; #Success = 3; #Failed = 6; #Dropped = 69
Target Time = 131.5; Load Intensity = 0.0; #Success = 8; #Failed = 0; #Dropped = 76
Target Time = 132.5; Load Intensity = 0.0; #Success = 8; #Failed = 0; #Dropped = 44
Target Time = 133.5; Load Intensity = 0.0; #Success = 15; #Failed = 0; #Dropped = 108
Target Time = 134.5; Load Intensity = 0.0; #Success = 0; #Failed = 0; #Dropped = 0
Target Time = 135.5; Load Intensity = 0.0; #Success = 0; #Failed = 0; #Dropped = 0
Target Time = 136.5; Load Intensity = 0.0; #Success = 3; #Failed = 5; #Dropped = 239
Target Time = 137.5; Load Intensity = 0.0; #Success = 0; #Failed = 0; #Dropped = 0
Target Time = 138.5; Load Intensity = 0.0; #Success = 1; #Failed = 0; #Dropped = 172
Target Time = 139.5; Load Intensity = 0.0; #Success = 2; #Failed = 0; #Dropped = 117
Target Time = 140.5; Load Intensity = 0.0; #Success = 0; #Failed = 0; #Dropped = 0
Target Time = 141.5; Load Intensity = 0.0; #Success = 0; #Failed = 12; #Dropped = 146
Target Time = 142.5; Load Intensity = 0.0; #Success = 1; #Failed = 1; #Dropped = 76
Target Time = 143.5; Load Intensity = 0.0; #Success = 0; #Failed = 0; #Dropped = 0
Target Time = 144.5; Load Intensity = 0.0; #Success = 0; #Failed = 2; #Dropped = 229
  └─ [nitro5:sd] end 06:58:09
Target Time = 145.5; Load Intensity = 0.0; #Success = 0; #Failed = 0; #Dropped = 0
  └─ [nitro5:ram] end 06:58:09
  └─ [nitro5:nic] end 06:58:09
  └─ [nitro5:cpu] end 06:58:10
Target Time = 146.5; Load Intensity = 0.0; #Success = 0; #Failed = 0; #Dropped = 0
Target Time = 147.5; Load Intensity = 0.0; #Success = 0; #Failed = 0; #Dropped = 0
Target Time = 148.5; Load Intensity = 0.0; #Success = 0; #Failed = 0; #Dropped = 0
Target Time = 149.5; Load Intensity = 0.0; #Success = 0; #Failed = 0; #Dropped = 0
Target Time = 150.5; Load Intensity = 0.0; #Success = 2; #Failed = 0; #Dropped = 481
Target Time = 151.5; Load Intensity = 0.0; #Success = 0; #Failed = 0; #Dropped = 0
Target Time = 152.5; Load Intensity = 0.0; #Success = 1; #Failed = 0; #Dropped = 0
Target Time = 153.5; Load Intensity = 0.0; #Success = 1; #Failed = 0; #Dropped = 0
Target Time = 154.5; Load Intensity = 0.0; #Success = 2; #Failed = 0; #Dropped = 0
Target Time = 155.5; Load Intensity = 0.0; #Success = 1; #Failed = 4; #Dropped = 0
Target Time = 156.5; Load Intensity = 0.0; #Success = 2; #Failed = 0; #Dropped = 0
Target Time = 157.5; Load Intensity = 0.0; #Success = 0; #Failed = 0; #Dropped = 0
Target Time = 158.5; Load Intensity = 0.0; #Success = 0; #Failed = 0; #Dropped = 0
Target Time = 159.5; Load Intensity = 0.0; #Success = 5; #Failed = 0; #Dropped = 0
Target Time = 160.5; Load Intensity = 0.0; #Success = 4; #Failed = 0; #Dropped = 0
Target Time = 161.5; Load Intensity = 0.0; #Success = 5; #Failed = 0; #Dropped = 0
Target Time = 162.5; Load Intensity = 0.0; #Success = 5; #Failed = 0; #Dropped = 0
Target Time = 163.5; Load Intensity = 0.0; #Success = 6; #Failed = 0; #Dropped = 0
Target Time = 164.5; Load Intensity = 0.0; #Success = 0; #Failed = 0; #Dropped = 0
Target Time = 165.5; Load Intensity = 0.0; #Success = 0; #Failed = 0; #Dropped = 0
Target Time = 166.5; Load Intensity = 0.0; #Success = 7; #Failed = 0; #Dropped = 0
Target Time = 167.5; Load Intensity = 0.0; #Success = 0; #Failed = 0; #Dropped = 0
Target Time = 168.5; Load Intensity = 0.0; #Success = 1; #Failed = 2; #Dropped = 0
Target Time = 169.5; Load Intensity = 0.0; #Success = 2; #Failed = 0; #Dropped = 0
Target Time = 170.5; Load Intensity = 0.0; #Success = 0; #Failed = 9; #Dropped = 0
Target Time = 171.5; Load Intensity = 0.0; #Success = 5; #Failed = 0; #Dropped = 0
  └─ [leo:nic] end 06:58:37
  └─ [leo:sd] end 06:58:38
  └─ [leo:ram] end 06:58:38
  └─ [leo:cpu] end 06:58:39
  └─ [scorpius:sd] end 06:58:40
Workload finished.
Log finished.
📄 LIMBO finalizado para scenario=low
⏳ [06:58:40] Esperando que termine medición: fase3_carga_low_iter9 (PID: 1604956)
  └─ [scorpius:ram] end 06:58:42
  └─ [scorpius:cpu] end 06:58:43
  └─ [aspire:ram] end 06:58:43
  └─ [aspire:sd] end 06:58:46
Connection reset by 192.168.18.37 port 22
=== Bloque 145s terminado - Fase: fase3_carga_low_iter9 ===
[🧹] Limpiando CSVs internos de ecofloc en cada nodo (fase: fase3_carga_low_iter9)...
  ✔ [nitro5:cpu] limpiado /home/luish/Documents/p3/ecofloc2/ecofloc/ecofloc-cpu/ECOFLOC_CPU_COMM_text.csv
  ✔ [nitro5:nic] limpiado /home/luish/Documents/p3/ecofloc2/ecofloc/ecofloc-nic/ECOFLOC_NIC_COMM_text.csv
  ✔ [nitro5:ram] limpiado /home/luish/Documents/p3/ecofloc2/ecofloc/ecofloc-ram/ECOFLOC_RAM_COMM_text.csv
  ✔ [nitro5:sd] limpiado /home/luish/Documents/p3/ecofloc2/ecofloc/ecofloc-sd/ECOFLOC_SD_COMM_text.csv
  ✔ [leo:cpu] limpiado /home/leo/ecofloc/ecofloc-cpu/ECOFLOC_CPU_COMM_text.csv
  ✔ [leo:nic] limpiado /home/leo/ecofloc/ecofloc-nic/ECOFLOC_NIC_COMM_text.csv
  ✔ [leo:ram] limpiado /home/leo/ecofloc/ecofloc-ram/ECOFLOC_RAM_COMM_text.csv
  ✔ [leo:sd] limpiado /home/leo/ecofloc/ecofloc-sd/ECOFLOC_SD_COMM_text.csv
  ✔ [aspire:cpu] limpiado /home/luish/Documents/p3/ecofloc2/ecofloc/ecofloc-cpu/ECOFLOC_CPU_COMM_text.csv
  ✔ [aspire:nic] limpiado /home/luish/Documents/p3/ecofloc2/ecofloc/ecofloc-nic/ECOFLOC_NIC_COMM_text.csv
  ✔ [aspire:ram] limpiado /home/luish/Documents/p3/ecofloc2/ecofloc/ecofloc-ram/ECOFLOC_RAM_COMM_text.csv
  ✔ [aspire:sd] limpiado /home/luish/Documents/p3/ecofloc2/ecofloc/ecofloc-sd/ECOFLOC_SD_COMM_text.csv
  ✔ [scorpius:cpu] limpiado /home/scorpius03/Documents/ecofloc/ecofloc-cpu/ECOFLOC_CPU_COMM_text.csv
  ✔ [scorpius:nic] limpiado /home/scorpius03/Documents/ecofloc/ecofloc-nic/ECOFLOC_NIC_COMM_text.csv
  ✔ [scorpius:ram] limpiado /home/scorpius03/Documents/ecofloc/ecofloc-ram/ECOFLOC_RAM_COMM_text.csv
  ✔ [scorpius:sd] limpiado /home/scorpius03/Documents/ecofloc/ecofloc-sd/ECOFLOC_SD_COMM_text.csv
========================================
🔋 MEASURE ENERGY FINALIZADO
   Fase: fase3_carga_low_iter9
========================================
✔️ [07:03:30] Medición fase3_carga_low_iter9 completada
[📦] Archivando resultados → ./historyexecutions/exp(07:03:35)_fase3_low_iter9
[✔] Archivado: ./historyexecutions/exp(07:03:35)_fase3_low_iter9
🧹 Limpiando TeaStore (iter 9)...
⏸ Esperando 15s para limpieza completa...
✅ Iteración 9 / 9 del escenario low completada.

🏁 Escenario low finalizado (9 iteraciones).

########################################################
🔄 ESCENARIO: medium | ITERACIÓN: 1 / 9
   Hora: 07:04:37
########################################################
========================================
🔋 FASE 1: Descarga de imágenes (medium, iter 1)
========================================
📋 Capturando PIDs (gepidstea.sh)...
📋 Capturando PIDs de contenedores (kpsnodos.sh)...
🔋 [07:04:57] Iniciando medición de energía: fase1_descarga_medium_iter1 (25s)
   PID de medición: 1984251
🚀 Desplegando TeaStore desde https://raw.githubusercontent.com/DescartesResearch/TeaStore/master/examples/kubernetes/teastore-ribbon.yaml...
========================================
🔋 MEASURE ENERGY - Fase: fase1_descarga_medium_iter1
   Duración: 25s
   PID: 1984251
========================================
=== Medición bloque 25s - Fase: fase1_descarga_medium_iter1 ===
[⏱ 07:04:57] Iniciando ecofloc en nitro5 por 25s (fase: fase1_descarga_medium_iter1)
⏳ Esperando a que todos los pods de TeaStore estén Running y Ready...
  ├─ [nitro5:sd] start 07:04:57
  ├─ [nitro5:ram] start 07:04:58
  ├─ [nitro5:nic] start 07:04:58
[⏱ 07:04:59] Iniciando ecofloc en aspire por 25s (fase: fase1_descarga_medium_iter1)
  ├─ [nitro5:cpu] start 07:04:59
  ├─ [aspire:sd] start 07:04:59
  ├─ [aspire:ram] start 07:04:59
[⏱ 07:04:59] Iniciando ecofloc en scorpius por 25s (fase: fase1_descarga_medium_iter1)
  ├─ [aspire:nic] start 07:04:59
  ├─ [aspire:cpu] start 07:04:59
  ├─ [scorpius:ram] start 07:04:59
  ├─ [scorpius:sd] start 07:04:59
  ├─ [scorpius:nic] start 07:04:59
[⏱ 07:04:59] Iniciando ecofloc en leo por 25s (fase: fase1_descarga_medium_iter1)
  ├─ [scorpius:cpu] start 07:04:59
  ├─ [leo:sd] start 07:04:59
  ├─ [leo:ram] start 07:04:59
  ├─ [leo:nic] start 07:04:59
  ├─ [leo:cpu] start 07:04:59
✅ Pods listos.
⏳ [07:05:05] Esperando que termine medición: fase1_descarga_medium_iter1 (PID: 1984251)
/home/luish/Documents/death/teastore/TeaStore/examples/httploadgenerator/measure_energy.sh: line 104: 1984332 Segmentation fault      timeout $((real_duration+5)) sudo "$path/ecofloc-$comp/ecofloc-$comp.out" -n text -i $ECO_INTERVAL -t $real_duration -f "$path/ecofloc-$comp/" > "$tmpfile" 2> /dev/null
  └─ [nitro5:ram] end 07:05:23
  └─ [nitro5:nic] end 07:05:23
  └─ [nitro5:cpu] end 07:05:24
  └─ [leo:sd] end 07:05:24
  └─ [aspire:sd] end 07:05:24
  └─ [aspire:cpu] end 07:05:25
  └─ [leo:cpu] end 07:05:25
  └─ [scorpius:cpu] end 07:05:25
  └─ [aspire:nic] end 07:05:25
  └─ [scorpius:sd] end 07:05:25
  └─ [scorpius:nic] end 07:05:26
  └─ [leo:nic] end 07:05:26
  └─ [aspire:ram] end 07:05:26
  └─ [leo:ram] end 07:05:26
  └─ [scorpius:ram] end 07:05:27
=== Bloque 25s terminado - Fase: fase1_descarga_medium_iter1 ===
[🧹] Limpiando CSVs internos de ecofloc en cada nodo (fase: fase1_descarga_medium_iter1)...
  ✔ [nitro5:cpu] limpiado /home/luish/Documents/p3/ecofloc2/ecofloc/ecofloc-cpu/ECOFLOC_CPU_COMM_text.csv
  ✔ [nitro5:nic] limpiado /home/luish/Documents/p3/ecofloc2/ecofloc/ecofloc-nic/ECOFLOC_NIC_COMM_text.csv
  ✔ [nitro5:ram] limpiado /home/luish/Documents/p3/ecofloc2/ecofloc/ecofloc-ram/ECOFLOC_RAM_COMM_text.csv
  ✔ [nitro5:sd] limpiado /home/luish/Documents/p3/ecofloc2/ecofloc/ecofloc-sd/ECOFLOC_SD_COMM_text.csv
  ✔ [leo:cpu] limpiado /home/leo/ecofloc/ecofloc-cpu/ECOFLOC_CPU_COMM_text.csv
  ✔ [leo:nic] limpiado /home/leo/ecofloc/ecofloc-nic/ECOFLOC_NIC_COMM_text.csv
  ✔ [leo:ram] limpiado /home/leo/ecofloc/ecofloc-ram/ECOFLOC_RAM_COMM_text.csv
  ✔ [leo:sd] limpiado /home/leo/ecofloc/ecofloc-sd/ECOFLOC_SD_COMM_text.csv
  ✔ [aspire:cpu] limpiado /home/luish/Documents/p3/ecofloc2/ecofloc/ecofloc-cpu/ECOFLOC_CPU_COMM_text.csv
  ✔ [aspire:nic] limpiado /home/luish/Documents/p3/ecofloc2/ecofloc/ecofloc-nic/ECOFLOC_NIC_COMM_text.csv
  ✔ [aspire:ram] limpiado /home/luish/Documents/p3/ecofloc2/ecofloc/ecofloc-ram/ECOFLOC_RAM_COMM_text.csv
  ✔ [aspire:sd] limpiado /home/luish/Documents/p3/ecofloc2/ecofloc/ecofloc-sd/ECOFLOC_SD_COMM_text.csv
  ✔ [scorpius:cpu] limpiado /home/scorpius03/Documents/ecofloc/ecofloc-cpu/ECOFLOC_CPU_COMM_text.csv
  ✔ [scorpius:nic] limpiado /home/scorpius03/Documents/ecofloc/ecofloc-nic/ECOFLOC_NIC_COMM_text.csv
  ✔ [scorpius:ram] limpiado /home/scorpius03/Documents/ecofloc/ecofloc-ram/ECOFLOC_RAM_COMM_text.csv
  ✔ [scorpius:sd] limpiado /home/scorpius03/Documents/ecofloc/ecofloc-sd/ECOFLOC_SD_COMM_text.csv
========================================
🔋 MEASURE ENERGY FINALIZADO
   Fase: fase1_descarga_medium_iter1
========================================
✔️ [07:05:31] Medición fase1_descarga_medium_iter1 completada
[📦] Archivando resultados → ./historyexecutions/exp(07:05:36)_fase1_medium_iter1
[✔] Archivado: ./historyexecutions/exp(07:05:36)_fase1_medium_iter1
========================================
🔋 FASE 2: Preparación de servicios (medium, iter 1)
========================================
📋 Capturando PIDs (gepidstea.sh)...
📋 Capturando PIDs de contenedores (kpsnodos.sh)...
🔋 [07:05:57] Iniciando medición de energía: fase2_preparacion_medium_iter1 (50s)
   PID de medición: 2052586
========================================
🔋 MEASURE ENERGY - Fase: fase2_preparacion_medium_iter1
   Duración: 50s
   PID: 2052586
========================================
=== Medición bloque 50s - Fase: fase2_preparacion_medium_iter1 ===
[⏱ 07:05:57] Iniciando ecofloc en nitro5 por 50s (fase: fase2_preparacion_medium_iter1)
⏳ Esperando 10s a que CoreDNS se estabilice...
  ├─ [nitro5:sd] start 07:05:57
  ├─ [nitro5:ram] start 07:05:57
  ├─ [nitro5:nic] start 07:05:58
[⏱ 07:05:58] Iniciando ecofloc en aspire por 50s (fase: fase2_preparacion_medium_iter1)
  ├─ [nitro5:cpu] start 07:05:58
  ├─ [aspire:sd] start 07:05:58
  ├─ [aspire:ram] start 07:05:58
[⏱ 07:05:58] Iniciando ecofloc en scorpius por 50s (fase: fase2_preparacion_medium_iter1)
  ├─ [aspire:nic] start 07:05:58
  ├─ [aspire:cpu] start 07:05:58
  ├─ [scorpius:sd] start 07:05:58
  ├─ [scorpius:ram] start 07:05:58
[⏱ 07:05:58] Iniciando ecofloc en leo por 50s (fase: fase2_preparacion_medium_iter1)
  ├─ [scorpius:nic] start 07:05:58
  ├─ [scorpius:cpu] start 07:05:58
  ├─ [leo:sd] start 07:05:58
  ├─ [leo:cpu] start 07:05:58
  ├─ [leo:nic] start 07:05:58
  ├─ [leo:ram] start 07:05:58
➡️ Pod WebUI: teastore-webui-558b54cc77-9dlk4
➡️ Está en el nodo: scorpius03
🌐 IP del nodo WebUI: 192.168.18.34
⏳ Verificando estado del TeaStore en http://192.168.18.34:30080/tools.descartes.teastore.webui/status ...
   ➤ Estado actual: 2 / 5 servicios OK
❌ TeaStore aún no está listo. Reintentando en 10s...
   ➤ Estado actual: 2 / 5 servicios OK
❌ TeaStore aún no está listo. Reintentando en 10s...
   ➤ Estado actual: 2 / 5 servicios OK
❌ TeaStore aún no está listo. Reintentando en 10s...
   ➤ Estado actual: 2 / 5 servicios OK
❌ TeaStore aún no está listo. Reintentando en 10s...
  └─ [nitro5:sd] end 07:06:47
  └─ [nitro5:ram] end 07:06:47
  └─ [nitro5:nic] end 07:06:48
  └─ [scorpius:cpu] end 07:06:48
  └─ [nitro5:cpu] end 07:06:48
  └─ [scorpius:sd] end 07:06:49
  └─ [leo:cpu] end 07:06:49
  └─ [leo:sd] end 07:06:49
  └─ [aspire:nic] end 07:06:49
  └─ [aspire:cpu] end 07:06:50
  └─ [aspire:sd] end 07:06:50
  └─ [aspire:ram] end 07:06:50
  └─ [leo:nic] end 07:06:51
  └─ [scorpius:ram] end 07:06:51
  └─ [leo:ram] end 07:06:51
  └─ [scorpius:nic] end 07:06:51
=== Bloque 50s terminado - Fase: fase2_preparacion_medium_iter1 ===
[🧹] Limpiando CSVs internos de ecofloc en cada nodo (fase: fase2_preparacion_medium_iter1)...
  ✔ [nitro5:cpu] limpiado /home/luish/Documents/p3/ecofloc2/ecofloc/ecofloc-cpu/ECOFLOC_CPU_COMM_text.csv
  ✔ [nitro5:nic] limpiado /home/luish/Documents/p3/ecofloc2/ecofloc/ecofloc-nic/ECOFLOC_NIC_COMM_text.csv
  ✔ [nitro5:ram] limpiado /home/luish/Documents/p3/ecofloc2/ecofloc/ecofloc-ram/ECOFLOC_RAM_COMM_text.csv
  ✔ [nitro5:sd] limpiado /home/luish/Documents/p3/ecofloc2/ecofloc/ecofloc-sd/ECOFLOC_SD_COMM_text.csv
  ✔ [leo:cpu] limpiado /home/leo/ecofloc/ecofloc-cpu/ECOFLOC_CPU_COMM_text.csv
  ✔ [leo:nic] limpiado /home/leo/ecofloc/ecofloc-nic/ECOFLOC_NIC_COMM_text.csv
  ✔ [leo:ram] limpiado /home/leo/ecofloc/ecofloc-ram/ECOFLOC_RAM_COMM_text.csv
  ✔ [leo:sd] limpiado /home/leo/ecofloc/ecofloc-sd/ECOFLOC_SD_COMM_text.csv
  ✔ [aspire:cpu] limpiado /home/luish/Documents/p3/ecofloc2/ecofloc/ecofloc-cpu/ECOFLOC_CPU_COMM_text.csv
   ➤ Estado actual: 2 / 5 servicios OK
❌ TeaStore aún no está listo. Reintentando en 10s...
  ✔ [aspire:nic] limpiado /home/luish/Documents/p3/ecofloc2/ecofloc/ecofloc-nic/ECOFLOC_NIC_COMM_text.csv
  ✔ [aspire:ram] limpiado /home/luish/Documents/p3/ecofloc2/ecofloc/ecofloc-ram/ECOFLOC_RAM_COMM_text.csv
  ✔ [aspire:sd] limpiado /home/luish/Documents/p3/ecofloc2/ecofloc/ecofloc-sd/ECOFLOC_SD_COMM_text.csv
  ✔ [scorpius:cpu] limpiado /home/scorpius03/Documents/ecofloc/ecofloc-cpu/ECOFLOC_CPU_COMM_text.csv
  ✔ [scorpius:nic] limpiado /home/scorpius03/Documents/ecofloc/ecofloc-nic/ECOFLOC_NIC_COMM_text.csv
  ✔ [scorpius:ram] limpiado /home/scorpius03/Documents/ecofloc/ecofloc-ram/ECOFLOC_RAM_COMM_text.csv
  ✔ [scorpius:sd] limpiado /home/scorpius03/Documents/ecofloc/ecofloc-sd/ECOFLOC_SD_COMM_text.csv
========================================
🔋 MEASURE ENERGY FINALIZADO
   Fase: fase2_preparacion_medium_iter1
========================================
   ➤ Estado actual: 2 / 5 servicios OK
❌ TeaStore aún no está listo. Reintentando en 10s...
   ➤ Estado actual: 2 / 5 servicios OK
❌ TeaStore aún no está listo. Reintentando en 10s...
   ➤ Estado actual: 2 / 5 servicios OK
❌ TeaStore aún no está listo. Reintentando en 10s...
   ➤ Estado actual: 2 / 5 servicios OK
❌ TeaStore aún no está listo. Reintentando en 10s...
   ➤ Estado actual: 2 / 5 servicios OK
❌ TeaStore aún no está listo. Reintentando en 10s...
   ➤ Estado actual: 2 / 5 servicios OK
❌ TeaStore aún no está listo. Reintentando en 10s...
   ➤ Estado actual: 1 / 5 servicios OK
❌ TeaStore aún no está listo. Reintentando en 10s...
   ➤ Estado actual: 2 / 5 servicios OK
❌ TeaStore aún no está listo. Reintentando en 10s...
   ➤ Estado actual: 2 / 5 servicios OK
❌ TeaStore aún no está listo. Reintentando en 10s...
   ➤ Estado actual: 2 / 5 servicios OK
❌ TeaStore aún no está listo. Reintentando en 10s...
   ➤ Estado actual: 2 / 5 servicios OK
❌ TeaStore aún no está listo. Reintentando en 10s...
   ➤ Estado actual: 2 / 5 servicios OK
❌ TeaStore aún no está listo. Reintentando en 10s...
   ➤ Estado actual: 2 / 5 servicios OK
❌ TeaStore aún no está listo. Reintentando en 10s...
   ➤ Estado actual: 2 / 5 servicios OK
❌ TeaStore aún no está listo. Reintentando en 10s...
   ➤ Estado actual: 2 / 5 servicios OK
❌ TeaStore aún no está listo. Reintentando en 10s...
   ➤ Estado actual: 3 / 5 servicios OK
❌ TeaStore aún no está listo. Reintentando en 10s...
   ➤ Estado actual: 5 / 5 servicios OK
✔ TODOS los servicios del TeaStore están OK. Continuando...
⏳ [07:10:20] Esperando que termine medición: fase2_preparacion_medium_iter1 (PID: 2052586)
✔️ [07:10:20] Medición fase2_preparacion_medium_iter1 completada
[📦] Archivando resultados → ./historyexecutions/exp(07:10:25)_fase2_medium_iter1
[✔] Archivado: ./historyexecutions/exp(07:10:25)_fase2_medium_iter1
========================================
🔋 FASE 3: Ejecución de carga (medium, iter 1)
========================================
📋 Capturando PIDs (gepidstea.sh)...
📋 Capturando PIDs de contenedores (kpsnodos.sh)...
🔋 [07:10:48] Iniciando medición de energía: fase3_carga_medium_iter1 (145s)
   PID de medición: 2196326
=== Escenario medium (iter 1) ===
========================================
🔋 MEASURE ENERGY - Fase: fase3_carga_medium_iter1
   Duración: 145s
   PID: 2196326
========================================
=== Medición bloque 145s - Fase: fase3_carga_medium_iter1 ===
🚀 Iniciando LIMBO con profile=/home/luish/Documents/death/teastore/TeaStore/examples/httploadgenerator/increasingMedIntensity.csv y script=/home/luish/Documents/death/teastore/TeaStore/examples/httploadgenerator/teastore_buy.lua
[⏱ 07:10:48] Iniciando ecofloc en nitro5 por 145s (fase: fase3_carga_medium_iter1)
Feb 25, 2026 7:10:49 AM tools.descartes.dlim.httploadgenerator.runner.Director executeDirector
WARNING: No power measurements
Feb 25, 2026 7:10:49 AM tools.descartes.dlim.httploadgenerator.runner.Director executeDirector
INFO: Load Generator Thread Count set to 64
Feb 25, 2026 7:10:49 AM tools.descartes.dlim.httploadgenerator.runner.Director executeDirector
INFO: URL connection timout set to 30000 ms
Feb 25, 2026 7:10:49 AM tools.descartes.dlim.httploadgenerator.runner.Director executeDirector
INFO: Using Lua Script: /home/luish/Documents/death/teastore/TeaStore/examples/httploadgenerator/teastore_buy.lua
Feb 25, 2026 7:10:49 AM tools.descartes.dlim.httploadgenerator.runner.Director process
INFO: Read 120 Arrival Rate Tuples
Load Generator sent: ok
Feb 25, 2026 7:10:49 AM tools.descartes.dlim.httploadgenerator.runner.Director process
INFO: Arrival Rates sent to Load Generator(s).
Load Generator sent: ok
Feb 25, 2026 7:10:49 AM tools.descartes.dlim.httploadgenerator.runner.Director process
INFO: Thread Count sent to Load Generator(s): 64
Load Generator sent: ok
Feb 25, 2026 7:10:49 AM tools.descartes.dlim.httploadgenerator.runner.Director process
INFO: URL connection timeout sent to Load Generator(s): 30000
Load Generator sent: ok
Feb 25, 2026 7:10:49 AM tools.descartes.dlim.httploadgenerator.runner.Director process
INFO: Contents of script sent to Load Generator: /home/luish/Documents/death/teastore/TeaStore/examples/httploadgenerator/teastore_buy.lua
Feb 25, 2026 7:10:49 AM tools.descartes.dlim.httploadgenerator.runner.Director process
INFO: Starting Load Generation
Beginning Run @1772021449212(25.02.2026;07:10:49212)
  ├─ [nitro5:sd] start 07:10:49
Target Time = 0.5; Load Intensity = 8.0; #Success = 0; #Failed = 0; #Dropped = 0
  ├─ [nitro5:ram] start 07:10:49
  ├─ [nitro5:nic] start 07:10:50
[⏱ 07:10:50] Iniciando ecofloc en aspire por 145s (fase: fase3_carga_medium_iter1)
  ├─ [nitro5:cpu] start 07:10:50
  ├─ [aspire:sd] start 07:10:50
  ├─ [aspire:ram] start 07:10:50
  ├─ [aspire:nic] start 07:10:50
[⏱ 07:10:50] Iniciando ecofloc en scorpius por 145s (fase: fase3_carga_medium_iter1)
  ├─ [aspire:cpu] start 07:10:50
  ├─ [scorpius:sd] start 07:10:50
  ├─ [scorpius:ram] start 07:10:50
[⏱ 07:10:50] Iniciando ecofloc en leo por 145s (fase: fase3_carga_medium_iter1)
  ├─ [scorpius:nic] start 07:10:50
  ├─ [scorpius:cpu] start 07:10:50
  ├─ [leo:sd] start 07:10:50
  ├─ [leo:ram] start 07:10:50
  ├─ [leo:nic] start 07:10:50
  ├─ [leo:cpu] start 07:10:50
Target Time = 1.5; Load Intensity = 16.0; #Success = 0; #Failed = 0; #Dropped = 0
Target Time = 2.5; Load Intensity = 25.0; #Success = 1; #Failed = 1; #Dropped = 0
Target Time = 3.5; Load Intensity = 33.0; #Success = 12; #Failed = 0; #Dropped = 0
Target Time = 4.5; Load Intensity = 41.0; #Success = 8; #Failed = 0; #Dropped = 0
Target Time = 5.5; Load Intensity = 50.0; #Success = 2; #Failed = 0; #Dropped = 0
Target Time = 6.5; Load Intensity = 58.0; #Success = 7; #Failed = 0; #Dropped = 0
Target Time = 7.5; Load Intensity = 66.0; #Success = 10; #Failed = 0; #Dropped = 0
Target Time = 8.5; Load Intensity = 75.0; #Success = 7; #Failed = 0; #Dropped = 0
Target Time = 9.5; Load Intensity = 83.0; #Success = 8; #Failed = 0; #Dropped = 0
Target Time = 10.5; Load Intensity = 91.0; #Success = 7; #Failed = 0; #Dropped = 0
Target Time = 11.5; Load Intensity = 100.0; #Success = 0; #Failed = 0; #Dropped = 0
Target Time = 12.5; Load Intensity = 108.0; #Success = 4; #Failed = 0; #Dropped = 0
Target Time = 13.5; Load Intensity = 116.0; #Success = 0; #Failed = 0; #Dropped = 0
Target Time = 14.5; Load Intensity = 125.0; #Success = 6; #Failed = 0; #Dropped = 0
Target Time = 15.5; Load Intensity = 133.0; #Success = 5; #Failed = 0; #Dropped = 0
Target Time = 16.5; Load Intensity = 141.0; #Success = 6; #Failed = 0; #Dropped = 0
Target Time = 17.5; Load Intensity = 150.0; #Success = 2; #Failed = 0; #Dropped = 0
Target Time = 18.5; Load Intensity = 158.0; #Success = 2; #Failed = 0; #Dropped = 0
Target Time = 19.5; Load Intensity = 166.0; #Success = 2; #Failed = 0; #Dropped = 0
Target Time = 20.5; Load Intensity = 175.0; #Success = 11; #Failed = 0; #Dropped = 0
Target Time = 21.5; Load Intensity = 183.0; #Success = 2; #Failed = 0; #Dropped = 0
Target Time = 22.5; Load Intensity = 191.0; #Success = 4; #Failed = 0; #Dropped = 0
Target Time = 23.5; Load Intensity = 200.0; #Success = 27; #Failed = 0; #Dropped = 0
Target Time = 24.5; Load Intensity = 208.0; #Success = 10; #Failed = 0; #Dropped = 0
Target Time = 25.5; Load Intensity = 216.0; #Success = 1; #Failed = 0; #Dropped = 0
Target Time = 26.5; Load Intensity = 225.0; #Success = 0; #Failed = 0; #Dropped = 0
Target Time = 27.5; Load Intensity = 233.0; #Success = 0; #Failed = 0; #Dropped = 0
Target Time = 28.5; Load Intensity = 241.0; #Success = 0; #Failed = 0; #Dropped = 0
Target Time = 29.5; Load Intensity = 250.0; #Success = 0; #Failed = 0; #Dropped = 0
Target Time = 30.5; Load Intensity = 258.0; #Success = 0; #Failed = 0; #Dropped = 0
Target Time = 31.5; Load Intensity = 266.0; #Success = 0; #Failed = 0; #Dropped = 0
Target Time = 32.5; Load Intensity = 275.0; #Success = 1; #Failed = 0; #Dropped = 0
Target Time = 33.5; Load Intensity = 283.0; #Success = 1; #Failed = 10; #Dropped = 0
Target Time = 34.5; Load Intensity = 291.0; #Success = 0; #Failed = 2; #Dropped = 0
Target Time = 35.5; Load Intensity = 300.0; #Success = 1; #Failed = 4; #Dropped = 0
Target Time = 36.5; Load Intensity = 308.0; #Success = 6; #Failed = 4; #Dropped = 0
Target Time = 37.5; Load Intensity = 316.0; #Success = 2; #Failed = 3; #Dropped = 20
Target Time = 38.5; Load Intensity = 325.0; #Success = 1; #Failed = 1; #Dropped = 79
Target Time = 39.5; Load Intensity = 333.0; #Success = 0; #Failed = 0; #Dropped = 0
  └─ [scorpius:nic] end 07:11:29
Target Time = 40.5; Load Intensity = 341.0; #Success = 0; #Failed = 1; #Dropped = 115
Target Time = 41.5; Load Intensity = 350.0; #Success = 2; #Failed = 0; #Dropped = 183
Target Time = 42.5; Load Intensity = 358.0; #Success = 4; #Failed = 0; #Dropped = 88
Target Time = 43.5; Load Intensity = 366.0; #Success = 1; #Failed = 0; #Dropped = 83
Target Time = 44.5; Load Intensity = 375.0; #Success = 2; #Failed = 1; #Dropped = 128
Target Time = 45.5; Load Intensity = 383.0; #Success = 1; #Failed = 0; #Dropped = 49
Target Time = 46.5; Load Intensity = 391.0; #Success = 1; #Failed = 0; #Dropped = 151
Target Time = 47.5; Load Intensity = 400.0; #Success = 1; #Failed = 0; #Dropped = 224
Target Time = 48.5; Load Intensity = 408.0; #Success = 5; #Failed = 0; #Dropped = 164
Target Time = 49.5; Load Intensity = 416.0; #Success = 0; #Failed = 0; #Dropped = 0
Target Time = 50.5; Load Intensity = 425.0; #Success = 2; #Failed = 0; #Dropped = 341
Target Time = 51.5; Load Intensity = 433.0; #Success = 0; #Failed = 0; #Dropped = 0
Target Time = 52.5; Load Intensity = 441.0; #Success = 2; #Failed = 0; #Dropped = 320
Target Time = 53.5; Load Intensity = 450.0; #Success = 8; #Failed = 0; #Dropped = 267
Target Time = 54.5; Load Intensity = 458.0; #Success = 9; #Failed = 0; #Dropped = 115
Target Time = 55.5; Load Intensity = 466.0; #Success = 1; #Failed = 0; #Dropped = 129
Target Time = 56.5; Load Intensity = 475.0; #Success = 0; #Failed = 0; #Dropped = 0
Target Time = 57.5; Load Intensity = 483.0; #Success = 0; #Failed = 0; #Dropped = 0
Target Time = 58.5; Load Intensity = 491.0; #Success = 1; #Failed = 1; #Dropped = 701
Target Time = 59.5; Load Intensity = 500.0; #Success = 0; #Failed = 1; #Dropped = 420
Target Time = 60.5; Load Intensity = 508.0; #Success = 0; #Failed = 0; #Dropped = 0
Target Time = 61.5; Load Intensity = 516.0; #Success = 0; #Failed = 1; #Dropped = 512
Target Time = 62.5; Load Intensity = 525.0; #Success = 0; #Failed = 4; #Dropped = 283
Target Time = 63.5; Load Intensity = 533.0; #Success = 5; #Failed = 11; #Dropped = 230
Target Time = 64.5; Load Intensity = 541.0; #Success = 3; #Failed = 3; #Dropped = 150
Target Time = 65.5; Load Intensity = 550.0; #Success = 1; #Failed = 0; #Dropped = 410
Target Time = 66.5; Load Intensity = 558.0; #Success = 3; #Failed = 0; #Dropped = 361
Target Time = 67.5; Load Intensity = 566.0; #Success = 0; #Failed = 0; #Dropped = 0
Target Time = 68.5; Load Intensity = 575.0; #Success = 0; #Failed = 14; #Dropped = 603
Target Time = 69.5; Load Intensity = 583.0; #Success = 0; #Failed = 2; #Dropped = 311
Target Time = 70.5; Load Intensity = 591.0; #Success = 0; #Failed = 0; #Dropped = 0
Target Time = 71.5; Load Intensity = 600.0; #Success = 4; #Failed = 0; #Dropped = 753
Target Time = 72.5; Load Intensity = 608.0; #Success = 0; #Failed = 0; #Dropped = 0
Target Time = 73.5; Load Intensity = 616.0; #Success = 0; #Failed = 0; #Dropped = 0
Target Time = 74.5; Load Intensity = 625.0; #Success = 0; #Failed = 0; #Dropped = 0
Target Time = 75.5; Load Intensity = 633.0; #Success = 0; #Failed = 0; #Dropped = 0
Target Time = 76.5; Load Intensity = 641.0; #Success = 0; #Failed = 4; #Dropped = 1851
Target Time = 77.5; Load Intensity = 650.0; #Success = 0; #Failed = 3; #Dropped = 309
Target Time = 78.5; Load Intensity = 658.0; #Success = 1; #Failed = 0; #Dropped = 381
Target Time = 79.5; Load Intensity = 666.0; #Success = 0; #Failed = 2; #Dropped = 520
Target Time = 80.5; Load Intensity = 675.0; #Success = 2; #Failed = 2; #Dropped = 356
Target Time = 81.5; Load Intensity = 683.0; #Success = 0; #Failed = 4; #Dropped = 448
Target Time = 82.5; Load Intensity = 691.0; #Success = 0; #Failed = 15; #Dropped = 331
Target Time = 83.5; Load Intensity = 700.0; #Success = 3; #Failed = 0; #Dropped = 313
Target Time = 84.5; Load Intensity = 708.0; #Success = 3; #Failed = 2; #Dropped = 759
Target Time = 85.5; Load Intensity = 716.0; #Success = 0; #Failed = 2; #Dropped = 161
Target Time = 86.5; Load Intensity = 725.0; #Success = 0; #Failed = 0; #Dropped = 0
Target Time = 87.5; Load Intensity = 733.0; #Success = 0; #Failed = 1; #Dropped = 1209
Target Time = 88.5; Load Intensity = 741.0; #Success = 0; #Failed = 0; #Dropped = 0
Target Time = 89.5; Load Intensity = 750.0; #Success = 0; #Failed = 0; #Dropped = 0
Target Time = 90.5; Load Intensity = 758.0; #Success = 0; #Failed = 5; #Dropped = 1436
Target Time = 91.5; Load Intensity = 766.0; #Success = 0; #Failed = 3; #Dropped = 183
Target Time = 92.5; Load Intensity = 775.0; #Success = 1; #Failed = 1; #Dropped = 934
Target Time = 93.5; Load Intensity = 783.0; #Success = 3; #Failed = 0; #Dropped = 465
Target Time = 94.5; Load Intensity = 791.0; #Success = 1; #Failed = 0; #Dropped = 455
Target Time = 95.5; Load Intensity = 800.0; #Success = 1; #Failed = 0; #Dropped = 704
Target Time = 96.5; Load Intensity = 808.0; #Success = 2; #Failed = 0; #Dropped = 173
Target Time = 97.5; Load Intensity = 816.0; #Success = 2; #Failed = 0; #Dropped = 607
Target Time = 98.5; Load Intensity = 825.0; #Success = 3; #Failed = 0; #Dropped = 835
Target Time = 99.5; Load Intensity = 833.0; #Success = 0; #Failed = 0; #Dropped = 0
Target Time = 100.5; Load Intensity = 841.0; #Success = 3; #Failed = 6; #Dropped = 1163
Target Time = 101.5; Load Intensity = 850.0; #Success = 1; #Failed = 2; #Dropped = 644
Target Time = 102.5; Load Intensity = 858.0; #Success = 2; #Failed = 2; #Dropped = 346
Target Time = 103.5; Load Intensity = 866.0; #Success = 0; #Failed = 0; #Dropped = 0
Target Time = 104.5; Load Intensity = 875.0; #Success = 0; #Failed = 0; #Dropped = 0
Target Time = 105.5; Load Intensity = 883.0; #Success = 0; #Failed = 1; #Dropped = 2121
Target Time = 106.5; Load Intensity = 891.0; #Success = 6; #Failed = 0; #Dropped = 659
Target Time = 107.5; Load Intensity = 900.0; #Success = 3; #Failed = 0; #Dropped = 578
Target Time = 108.5; Load Intensity = 908.0; #Success = 0; #Failed = 0; #Dropped = 0
Target Time = 109.5; Load Intensity = 916.0; #Success = 2; #Failed = 3; #Dropped = 1396
Target Time = 110.5; Load Intensity = 925.0; #Success = 0; #Failed = 2; #Dropped = 549
Target Time = 111.5; Load Intensity = 933.0; #Success = 0; #Failed = 0; #Dropped = 0
Target Time = 112.5; Load Intensity = 941.0; #Success = 8; #Failed = 0; #Dropped = 1112
Target Time = 113.5; Load Intensity = 950.0; #Success = 0; #Failed = 0; #Dropped = 0
Target Time = 114.5; Load Intensity = 958.0; #Success = 2; #Failed = 0; #Dropped = 1431
Target Time = 115.5; Load Intensity = 966.0; #Success = 2; #Failed = 0; #Dropped = 606
Target Time = 116.5; Load Intensity = 975.0; #Success = 0; #Failed = 2; #Dropped = 1082
Target Time = 117.5; Load Intensity = 983.0; #Success = 0; #Failed = 4; #Dropped = 817
Target Time = 118.5; Load Intensity = 991.0; #Success = 0; #Failed = 1; #Dropped = 312
Target Time = 119.5; Load Intensity = 1000.0; #Success = 0; #Failed = 0; #Dropped = 0
Target Time = 120.5; Load Intensity = 0.0; #Success = 4; #Failed = 9; #Dropped = 1812
Target Time = 121.5; Load Intensity = 0.0; #Success = 3; #Failed = 5; #Dropped = 764
Target Time = 122.5; Load Intensity = 0.0; #Success = 0; #Failed = 4; #Dropped = 508
Target Time = 123.5; Load Intensity = 0.0; #Success = 0; #Failed = 2; #Dropped = 579
Target Time = 124.5; Load Intensity = 0.0; #Success = 0; #Failed = 3; #Dropped = 1156
Target Time = 125.5; Load Intensity = 0.0; #Success = 0; #Failed = 0; #Dropped = 0
Target Time = 126.5; Load Intensity = 0.0; #Success = 1; #Failed = 0; #Dropped = 1908
Target Time = 127.5; Load Intensity = 0.0; #Success = 0; #Failed = 1; #Dropped = 38
Target Time = 128.5; Load Intensity = 0.0; #Success = 0; #Failed = 0; #Dropped = 0
Target Time = 129.5; Load Intensity = 0.0; #Success = 0; #Failed = 5; #Dropped = 2285
Target Time = 130.5; Load Intensity = 0.0; #Success = 2; #Failed = 10; #Dropped = 793
Target Time = 131.5; Load Intensity = 0.0; #Success = 0; #Failed = 2; #Dropped = 225
Target Time = 132.5; Load Intensity = 0.0; #Success = 0; #Failed = 7; #Dropped = 1362
Target Time = 133.5; Load Intensity = 0.0; #Success = 0; #Failed = 0; #Dropped = 0
Target Time = 134.5; Load Intensity = 0.0; #Success = 0; #Failed = 0; #Dropped = 0
  └─ [aspire:nic] end 07:13:03
Target Time = 135.5; Load Intensity = 0.0; #Success = 0; #Failed = 2; #Dropped = 2661
Target Time = 136.5; Load Intensity = 0.0; #Success = 0; #Failed = 0; #Dropped = 0
Target Time = 137.5; Load Intensity = 0.0; #Success = 0; #Failed = 0; #Dropped = 0
Target Time = 138.5; Load Intensity = 0.0; #Success = 1; #Failed = 1; #Dropped = 2876
Target Time = 139.5; Load Intensity = 0.0; #Success = 2; #Failed = 0; #Dropped = 374
Target Time = 140.5; Load Intensity = 0.0; #Success = 0; #Failed = 0; #Dropped = 0
Target Time = 141.5; Load Intensity = 0.0; #Success = 0; #Failed = 0; #Dropped = 0
Target Time = 142.5; Load Intensity = 0.0; #Success = 0; #Failed = 0; #Dropped = 0
Target Time = 143.5; Load Intensity = 0.0; #Success = 0; #Failed = 0; #Dropped = 0
Target Time = 144.5; Load Intensity = 0.0; #Success = 0; #Failed = 5; #Dropped = 4922
  └─ [nitro5:sd] end 07:13:14
Target Time = 145.5; Load Intensity = 0.0; #Success = 0; #Failed = 5; #Dropped = 457
  └─ [nitro5:ram] end 07:13:14
  └─ [nitro5:nic] end 07:13:15
  └─ [nitro5:cpu] end 07:13:15
Target Time = 146.5; Load Intensity = 0.0; #Success = 0; #Failed = 0; #Dropped = 0
Target Time = 147.5; Load Intensity = 0.0; #Success = 1; #Failed = 0; #Dropped = 2749
Target Time = 148.5; Load Intensity = 0.0; #Success = 1; #Failed = 0; #Dropped = 135
Target Time = 149.5; Load Intensity = 0.0; #Success = 0; #Failed = 0; #Dropped = 0
Target Time = 150.5; Load Intensity = 0.0; #Success = 12; #Failed = 0; #Dropped = 1886
Target Time = 151.5; Load Intensity = 0.0; #Success = 8; #Failed = 0; #Dropped = 0
Target Time = 152.5; Load Intensity = 0.0; #Success = 1; #Failed = 0; #Dropped = 0
Target Time = 153.5; Load Intensity = 0.0; #Success = 1; #Failed = 5; #Dropped = 0
Target Time = 154.5; Load Intensity = 0.0; #Success = 3; #Failed = 0; #Dropped = 0
Target Time = 155.5; Load Intensity = 0.0; #Success = 0; #Failed = 0; #Dropped = 0
Target Time = 156.5; Load Intensity = 0.0; #Success = 0; #Failed = 0; #Dropped = 0
Target Time = 157.5; Load Intensity = 0.0; #Success = 0; #Failed = 0; #Dropped = 0
Target Time = 158.5; Load Intensity = 0.0; #Success = 0; #Failed = 0; #Dropped = 0
Target Time = 159.5; Load Intensity = 0.0; #Success = 3; #Failed = 2; #Dropped = 0
Target Time = 160.5; Load Intensity = 0.0; #Success = 7; #Failed = 1; #Dropped = 0
Target Time = 161.5; Load Intensity = 0.0; #Success = 0; #Failed = 1; #Dropped = 0
Target Time = 162.5; Load Intensity = 0.0; #Success = 4; #Failed = 0; #Dropped = 0
Target Time = 163.5; Load Intensity = 0.0; #Success = 0; #Failed = 0; #Dropped = 0
Target Time = 164.5; Load Intensity = 0.0; #Success = 0; #Failed = 10; #Dropped = 0
Target Time = 165.5; Load Intensity = 0.0; #Success = 0; #Failed = 4; #Dropped = 0
Target Time = 166.5; Load Intensity = 0.0; #Success = 0; #Failed = 0; #Dropped = 0
Target Time = 167.5; Load Intensity = 0.0; #Success = 0; #Failed = 0; #Dropped = 0
Target Time = 168.5; Load Intensity = 0.0; #Success = 0; #Failed = 0; #Dropped = 0
Target Time = 169.5; Load Intensity = 0.0; #Success = 0; #Failed = 0; #Dropped = 0
Target Time = 170.5; Load Intensity = 0.0; #Success = 0; #Failed = 0; #Dropped = 0
Target Time = 171.5; Load Intensity = 0.0; #Success = 0; #Failed = 0; #Dropped = 0
  └─ [leo:cpu] end 07:13:41
  └─ [scorpius:ram] end 07:13:41
  └─ [leo:sd] end 07:13:41
Target Time = 172.5; Load Intensity = 0.0; #Success = 0; #Failed = 0; #Dropped = 0
  └─ [leo:ram] end 07:13:42
  └─ [scorpius:sd] end 07:13:42
Target Time = 173.5; Load Intensity = 0.0; #Success = 0; #Failed = 2; #Dropped = 0
Workload finished.
Log finished.
📄 LIMBO finalizado para scenario=medium
⏳ [07:13:47] Esperando que termine medición: fase3_carga_medium_iter1 (PID: 2196326)
  └─ [aspire:cpu] end 07:13:47
  └─ [scorpius:cpu] end 07:13:47
  └─ [aspire:ram] end 07:13:48
  └─ [aspire:sd] end 07:13:48
=== Bloque 145s terminado - Fase: fase3_carga_medium_iter1 ===
[🧹] Limpiando CSVs internos de ecofloc en cada nodo (fase: fase3_carga_medium_iter1)...
  ✔ [nitro5:cpu] limpiado /home/luish/Documents/p3/ecofloc2/ecofloc/ecofloc-cpu/ECOFLOC_CPU_COMM_text.csv
  ✔ [nitro5:nic] limpiado /home/luish/Documents/p3/ecofloc2/ecofloc/ecofloc-nic/ECOFLOC_NIC_COMM_text.csv
  ✔ [nitro5:ram] limpiado /home/luish/Documents/p3/ecofloc2/ecofloc/ecofloc-ram/ECOFLOC_RAM_COMM_text.csv
  ✔ [nitro5:sd] limpiado /home/luish/Documents/p3/ecofloc2/ecofloc/ecofloc-sd/ECOFLOC_SD_COMM_text.csv
  ✔ [leo:cpu] limpiado /home/leo/ecofloc/ecofloc-cpu/ECOFLOC_CPU_COMM_text.csv
  ✔ [leo:nic] limpiado /home/leo/ecofloc/ecofloc-nic/ECOFLOC_NIC_COMM_text.csv
  ✔ [leo:ram] limpiado /home/leo/ecofloc/ecofloc-ram/ECOFLOC_RAM_COMM_text.csv
  ✔ [leo:sd] limpiado /home/leo/ecofloc/ecofloc-sd/ECOFLOC_SD_COMM_text.csv
  ✔ [aspire:cpu] limpiado /home/luish/Documents/p3/ecofloc2/ecofloc/ecofloc-cpu/ECOFLOC_CPU_COMM_text.csv
  ✔ [aspire:nic] limpiado /home/luish/Documents/p3/ecofloc2/ecofloc/ecofloc-nic/ECOFLOC_NIC_COMM_text.csv
  ✔ [aspire:ram] limpiado /home/luish/Documents/p3/ecofloc2/ecofloc/ecofloc-ram/ECOFLOC_RAM_COMM_text.csv
  ✔ [aspire:sd] limpiado /home/luish/Documents/p3/ecofloc2/ecofloc/ecofloc-sd/ECOFLOC_SD_COMM_text.csv
  ✔ [scorpius:cpu] limpiado /home/scorpius03/Documents/ecofloc/ecofloc-cpu/ECOFLOC_CPU_COMM_text.csv
  ✔ [scorpius:nic] limpiado /home/scorpius03/Documents/ecofloc/ecofloc-nic/ECOFLOC_NIC_COMM_text.csv
  ✔ [scorpius:ram] limpiado /home/scorpius03/Documents/ecofloc/ecofloc-ram/ECOFLOC_RAM_COMM_text.csv
  ✔ [scorpius:sd] limpiado /home/scorpius03/Documents/ecofloc/ecofloc-sd/ECOFLOC_SD_COMM_text.csv
========================================
🔋 MEASURE ENERGY FINALIZADO
   Fase: fase3_carga_medium_iter1
========================================
✔️ [07:13:53] Medición fase3_carga_medium_iter1 completada
[📦] Archivando resultados → ./historyexecutions/exp(07:13:58)_fase3_medium_iter1
