🔋 [04:36:39] Iniciando medición de energía: fase1_descarga_low_iter1 (25s)
   PID de medición: 690640
🚀 Desplegando TeaStore desde GitHub...
========================================
🔋 MEASURE ENERGY - Fase: fase1_descarga_low_iter1
   Duración: 25s
   PID: 690640
========================================
=== Medición bloque 25s - Fase: fase1_descarga_low_iter1 ===
[⏱ 04:36:39] Iniciando ecofloc en nitro5 por 25s (fase: fase1_descarga_low_iter1)
  ├─ [nitro5:sd] start 04:36:40
⏳ Esperando a que todos los pods de TeaStore estén Running y Ready...
  ├─ [nitro5:ram] start 04:36:40
  ├─ [nitro5:nic] start 04:36:40
[⏱ 04:36:41] Iniciando ecofloc en aspire por 25s (fase: fase1_descarga_low_iter1)
  ├─ [nitro5:cpu] start 04:36:41
  ├─ [aspire:sd] start 04:36:41
  ├─ [aspire:ram] start 04:36:41
  ├─ [aspire:nic] start 04:36:41
[⏱ 04:36:41] Iniciando ecofloc en scorpius por 25s (fase: fase1_descarga_low_iter1)
  ├─ [aspire:cpu] start 04:36:41
  ├─ [scorpius:sd] start 04:36:41
  ├─ [scorpius:ram] start 04:36:41
  ├─ [scorpius:nic] start 04:36:41
[⏱ 04:36:41] Iniciando ecofloc en leo por 25s (fase: fase1_descarga_low_iter1)
  ├─ [scorpius:cpu] start 04:36:41
  ├─ [leo:sd] start 04:36:41
  ├─ [leo:ram] start 04:36:41
  ├─ [leo:nic] start 04:36:41
  ├─ [leo:cpu] start 04:36:41
✅ Pods listos.
⏳ [04:36:51] Esperando que termine medición: fase1_descarga_low_iter1 (PID: 690640)
  └─ [nitro5:sd] end 04:37:05
  └─ [nitro5:ram] end 04:37:05
  └─ [nitro5:nic] end 04:37:05
  └─ [nitro5:cpu] end 04:37:06
  └─ [aspire:sd] end 04:37:07
  └─ [aspire:cpu] end 04:37:07
  └─ [leo:sd] end 04:37:08
  └─ [leo:cpu] end 04:37:08
  └─ [aspire:nic] end 04:37:08
  └─ [aspire:ram] end 04:37:08
  └─ [scorpius:cpu] end 04:37:08
  └─ [scorpius:sd] end 04:37:09
  └─ [leo:nic] end 04:37:09
  └─ [leo:ram] end 04:37:10
  └─ [scorpius:ram] end 04:37:11
  └─ [scorpius:nic] end 04:37:11
=== Bloque 25s terminado - Fase: fase1_descarga_low_iter1 ===
[🧹] Limpiando CSVs internos de ecofloc en cada nodo (fase: fase1_descarga_low_iter1)...
  ✔ [nitro5:cpu] limpiado /home/luish/Documents/p3/ecofloc2/ecofloc/ecofloc-cpu/ECOFLOC_CPU_COMM_text.csv
  ✔ [nitro5:nic] limpiado /home/luish/Documents/p3/ecofloc2/ecofloc/ecofloc-nic/ECOFLOC_NIC_COMM_text.csv
  ✔ [nitro5:ram] limpiado /home/luish/Documents/p3/ecofloc2/ecofloc/ecofloc-ram/ECOFLOC_RAM_COMM_text.csv
  ✔ [nitro5:sd] limpiado /home/luish/Documents/p3/ecofloc2/ecofloc/ecofloc-sd/ECOFLOC_SD_COMM_text.csv
  ✔ [leo:cpu] limpiado /home/leo/ecofloc/ecofloc-cpu/ECOFLOC_CPU_COMM_text.csv
  ✔ [leo:nic] limpiado /home/leo/ecofloc/ecofloc-nic/ECOFLOC_NIC_COMM_text.csv
  ✔ [leo:ram] limpiado /home/leo/ecofloc/ecofloc-ram/ECOFLOC_RAM_COMM_text.csv
  ✔ [leo:sd] limpiado /home/leo/ecofloc/ecofloc-sd/ECOFLOC_SD_COMM_text.csv
  ✔ [aspire:cpu] limpiado /home/luish/Documents/p3/ecofloc2/ecofloc/ecofloc-cpu/ECOFLOC_CPU_COMM_text.csv
  ✔ [aspire:nic] limpiado /home/luish/Documents/p3/ecofloc2/ecofloc/ecofloc-nic/ECOFLOC_NIC_COMM_text.csv
  ✔ [aspire:ram] limpiado /home/luish/Documents/p3/ecofloc2/ecofloc/ecofloc-ram/ECOFLOC_RAM_COMM_text.csv
  ✔ [aspire:sd] limpiado /home/luish/Documents/p3/ecofloc2/ecofloc/ecofloc-sd/ECOFLOC_SD_COMM_text.csv
  ✔ [scorpius:cpu] limpiado /home/scorpius03/Documents/ecofloc/ecofloc-cpu/ECOFLOC_CPU_COMM_text.csv
  ✔ [scorpius:nic] limpiado /home/scorpius03/Documents/ecofloc/ecofloc-nic/ECOFLOC_NIC_COMM_text.csv
  ✔ [scorpius:ram] limpiado /home/scorpius03/Documents/ecofloc/ecofloc-ram/ECOFLOC_RAM_COMM_text.csv
  ✔ [scorpius:sd] limpiado /home/scorpius03/Documents/ecofloc/ecofloc-sd/ECOFLOC_SD_COMM_text.csv
========================================
🔋 MEASURE ENERGY FINALIZADO
   Fase: fase1_descarga_low_iter1
========================================
✔️ [04:37:19] Medición fase1_descarga_low_iter1 completada
[📦] Archivando resultados → ./historyexecutions/exp(04:37:24)_fase1_low_iter1
[✔] Archivado: ./historyexecutions/exp(04:37:24)_fase1_low_iter1
========================================
🔋 FASE 2: Preparación de servicios (low, iter 1)
========================================
📋 Capturando PIDs (gepidstea.sh)...
📋 Capturando PIDs de contenedores (kpsnodos.sh)...
🔋 [04:37:45] Iniciando medición de energía: fase2_preparacion_low_iter1 (50s)
   PID de medición: 754840
========================================
🔋 MEASURE ENERGY - Fase: fase2_preparacion_low_iter1
   Duración: 50s
   PID: 754840
========================================
=== Medición bloque 50s - Fase: fase2_preparacion_low_iter1 ===
[⏱ 04:37:45] Iniciando ecofloc en nitro5 por 50s (fase: fase2_preparacion_low_iter1)
⏳ Esperando 10s a que CoreDNS se estabilice...
  ├─ [nitro5:sd] start 04:37:45
  ├─ [nitro5:ram] start 04:37:45
  ├─ [nitro5:nic] start 04:37:46
[⏱ 04:37:46] Iniciando ecofloc en aspire por 50s (fase: fase2_preparacion_low_iter1)
  ├─ [nitro5:cpu] start 04:37:46
  ├─ [aspire:sd] start 04:37:46
  ├─ [aspire:ram] start 04:37:46
[⏱ 04:37:46] Iniciando ecofloc en scorpius por 50s (fase: fase2_preparacion_low_iter1)
  ├─ [aspire:nic] start 04:37:46
  ├─ [aspire:cpu] start 04:37:46
  ├─ [scorpius:sd] start 04:37:46
  ├─ [scorpius:ram] start 04:37:46
[⏱ 04:37:46] Iniciando ecofloc en leo por 50s (fase: fase2_preparacion_low_iter1)
  ├─ [scorpius:nic] start 04:37:46
  ├─ [scorpius:cpu] start 04:37:46
  ├─ [leo:sd] start 04:37:46
  ├─ [leo:ram] start 04:37:46
  ├─ [leo:nic] start 04:37:46
  ├─ [leo:cpu] start 04:37:46
➡️ Pod WebUI: teastore-webui-558b54cc77-2k7xb
➡️ Está en el nodo: luish-aspire-a315-55g
🌐 IP del nodo WebUI: 192.168.18.37
⏳ Verificando estado del TeaStore en http://192.168.18.37:30080/tools.descartes.teastore.webui/status ...
   ➤ Estado actual: 5 / 5 servicios OK
✔ TODOS los servicios del TeaStore están OK. Continuando...
⏳ [04:38:01] Esperando que termine medición: fase2_preparacion_low_iter1 (PID: 754840)
  └─ [nitro5:sd] end 04:38:35
  └─ [nitro5:ram] end 04:38:35
  └─ [nitro5:nic] end 04:38:36
  └─ [nitro5:cpu] end 04:38:36
  └─ [aspire:sd] end 04:38:37
  └─ [aspire:cpu] end 04:38:37
  └─ [leo:cpu] end 04:38:38
  └─ [aspire:nic] end 04:38:38
  └─ [leo:sd] end 04:38:38
  └─ [aspire:ram] end 04:38:38
  └─ [scorpius:cpu] end 04:38:39
  └─ [leo:ram] end 04:38:39
  └─ [leo:nic] end 04:38:39
  └─ [scorpius:sd] end 04:38:40
  └─ [scorpius:nic] end 04:38:40
  └─ [scorpius:ram] end 04:38:42
=== Bloque 50s terminado - Fase: fase2_preparacion_low_iter1 ===
[🧹] Limpiando CSVs internos de ecofloc en cada nodo (fase: fase2_preparacion_low_iter1)...
  ✔ [nitro5:cpu] limpiado /home/luish/Documents/p3/ecofloc2/ecofloc/ecofloc-cpu/ECOFLOC_CPU_COMM_text.csv
  ✔ [nitro5:nic] limpiado /home/luish/Documents/p3/ecofloc2/ecofloc/ecofloc-nic/ECOFLOC_NIC_COMM_text.csv
  ✔ [nitro5:ram] limpiado /home/luish/Documents/p3/ecofloc2/ecofloc/ecofloc-ram/ECOFLOC_RAM_COMM_text.csv
  ✔ [nitro5:sd] limpiado /home/luish/Documents/p3/ecofloc2/ecofloc/ecofloc-sd/ECOFLOC_SD_COMM_text.csv
  ✔ [leo:cpu] limpiado /home/leo/ecofloc/ecofloc-cpu/ECOFLOC_CPU_COMM_text.csv
  ✔ [leo:nic] limpiado /home/leo/ecofloc/ecofloc-nic/ECOFLOC_NIC_COMM_text.csv
  ✔ [leo:ram] limpiado /home/leo/ecofloc/ecofloc-ram/ECOFLOC_RAM_COMM_text.csv
  ✔ [leo:sd] limpiado /home/leo/ecofloc/ecofloc-sd/ECOFLOC_SD_COMM_text.csv
  ✔ [aspire:cpu] limpiado /home/luish/Documents/p3/ecofloc2/ecofloc/ecofloc-cpu/ECOFLOC_CPU_COMM_text.csv
  ✔ [aspire:nic] limpiado /home/luish/Documents/p3/ecofloc2/ecofloc/ecofloc-nic/ECOFLOC_NIC_COMM_text.csv
  ✔ [aspire:ram] limpiado /home/luish/Documents/p3/ecofloc2/ecofloc/ecofloc-ram/ECOFLOC_RAM_COMM_text.csv
  ✔ [aspire:sd] limpiado /home/luish/Documents/p3/ecofloc2/ecofloc/ecofloc-sd/ECOFLOC_SD_COMM_text.csv
  ✔ [scorpius:cpu] limpiado /home/scorpius03/Documents/ecofloc/ecofloc-cpu/ECOFLOC_CPU_COMM_text.csv
  ✔ [scorpius:nic] limpiado /home/scorpius03/Documents/ecofloc/ecofloc-nic/ECOFLOC_NIC_COMM_text.csv
  ✔ [scorpius:ram] limpiado /home/scorpius03/Documents/ecofloc/ecofloc-ram/ECOFLOC_RAM_COMM_text.csv
  ✔ [scorpius:sd] limpiado /home/scorpius03/Documents/ecofloc/ecofloc-sd/ECOFLOC_SD_COMM_text.csv
========================================
🔋 MEASURE ENERGY FINALIZADO
   Fase: fase2_preparacion_low_iter1
========================================
✔️ [04:38:49] Medición fase2_preparacion_low_iter1 completada
[📦] Archivando resultados → ./historyexecutions/exp(04:38:54)_fase2_low_iter1
[✔] Archivado: ./historyexecutions/exp(04:38:54)_fase2_low_iter1
========================================
🔋 FASE 3: Ejecución de carga (low, iter 1)
========================================
📋 Capturando PIDs (gepidstea.sh)...
📋 Capturando PIDs de contenedores (kpsnodos.sh)...
🔋 [04:39:15] Iniciando medición de energía: fase3_carga_low_iter1 (145s)
   PID de medición: 882745
=== Escenario low (iter 1) ===
========================================
🔋 MEASURE ENERGY - Fase: fase3_carga_low_iter1
   Duración: 145s
   PID: 882745
========================================
=== Medición bloque 145s - Fase: fase3_carga_low_iter1 ===
🚀 Iniciando LIMBO con profile=/home/luish/Documents/death/teastore/TeaStore/examples/httploadgenerator/increasingLowIntensity.csv y script=/home/luish/Documents/death/teastore/TeaStore/examples/httploadgenerator/teastore_buy.lua
[⏱ 04:39:15] Iniciando ecofloc en nitro5 por 145s (fase: fase3_carga_low_iter1)
Feb 19, 2026 4:39:15 AM tools.descartes.dlim.httploadgenerator.runner.Director executeDirector
WARNING: No power measurements
Feb 19, 2026 4:39:15 AM tools.descartes.dlim.httploadgenerator.runner.Director executeDirector
INFO: Load Generator Thread Count set to 128
Feb 19, 2026 4:39:15 AM tools.descartes.dlim.httploadgenerator.runner.Director executeDirector
INFO: URL connection timout set to 10000 ms
Feb 19, 2026 4:39:15 AM tools.descartes.dlim.httploadgenerator.runner.Director executeDirector
INFO: Using Lua Script: /home/luish/Documents/death/teastore/TeaStore/examples/httploadgenerator/teastore_buy.lua
Feb 19, 2026 4:39:15 AM tools.descartes.dlim.httploadgenerator.runner.Director process
INFO: Read 120 Arrival Rate Tuples
Load Generator sent: ok
Feb 19, 2026 4:39:15 AM tools.descartes.dlim.httploadgenerator.runner.Director process
INFO: Arrival Rates sent to Load Generator(s).
Load Generator sent: ok
Feb 19, 2026 4:39:15 AM tools.descartes.dlim.httploadgenerator.runner.Director process
INFO: Thread Count sent to Load Generator(s): 128
Load Generator sent: ok
Feb 19, 2026 4:39:15 AM tools.descartes.dlim.httploadgenerator.runner.Director process
INFO: URL connection timeout sent to Load Generator(s): 10000
Load Generator sent: ok
Feb 19, 2026 4:39:15 AM tools.descartes.dlim.httploadgenerator.runner.Director process
INFO: Contents of script sent to Load Generator: /home/luish/Documents/death/teastore/TeaStore/examples/httploadgenerator/teastore_buy.lua
Feb 19, 2026 4:39:15 AM tools.descartes.dlim.httploadgenerator.runner.Director process
INFO: Starting Load Generation
Beginning Run @1771493955481(19.02.2026;04:39:15481)
  ├─ [nitro5:sd] start 04:39:15
Target Time = 0.5; Load Intensity = 0.0; #Success = 0; #Failed = 0; #Dropped = 0
  ├─ [nitro5:ram] start 04:39:16
  ├─ [nitro5:nic] start 04:39:16
[⏱ 04:39:16] Iniciando ecofloc en aspire por 145s (fase: fase3_carga_low_iter1)
  ├─ [nitro5:cpu] start 04:39:16
  ├─ [aspire:sd] start 04:39:16
  ├─ [aspire:ram] start 04:39:16
[⏱ 04:39:16] Iniciando ecofloc en scorpius por 145s (fase: fase3_carga_low_iter1)
  ├─ [aspire:nic] start 04:39:16
  ├─ [aspire:cpu] start 04:39:16
  ├─ [scorpius:sd] start 04:39:16
  ├─ [scorpius:ram] start 04:39:16
  ├─ [scorpius:nic] start 04:39:16
  ├─ [scorpius:cpu] start 04:39:16
[⏱ 04:39:16] Iniciando ecofloc en leo por 145s (fase: fase3_carga_low_iter1)
  ├─ [leo:sd] start 04:39:16
  ├─ [leo:ram] start 04:39:16
  ├─ [leo:cpu] start 04:39:16
  ├─ [leo:nic] start 04:39:16
Target Time = 1.5; Load Intensity = 1.0; #Success = 0; #Failed = 0; #Dropped = 0
Target Time = 2.5; Load Intensity = 2.0; #Success = 0; #Failed = 0; #Dropped = 0
Target Time = 3.5; Load Intensity = 2.0; #Success = 0; #Failed = 0; #Dropped = 0
Target Time = 4.5; Load Intensity = 3.0; #Success = 8; #Failed = 0; #Dropped = 0
Target Time = 5.5; Load Intensity = 4.0; #Success = 4; #Failed = 0; #Dropped = 0
Target Time = 6.5; Load Intensity = 5.0; #Success = 4; #Failed = 0; #Dropped = 0
Target Time = 7.5; Load Intensity = 6.0; #Success = 7; #Failed = 0; #Dropped = 0
Target Time = 8.5; Load Intensity = 7.0; #Success = 7; #Failed = 0; #Dropped = 0
Target Time = 9.5; Load Intensity = 7.0; #Success = 7; #Failed = 0; #Dropped = 0
Target Time = 10.5; Load Intensity = 8.0; #Success = 6; #Failed = 0; #Dropped = 0
Target Time = 11.5; Load Intensity = 9.0; #Success = 11; #Failed = 0; #Dropped = 0
Target Time = 12.5; Load Intensity = 10.0; #Success = 10; #Failed = 0; #Dropped = 0
Target Time = 13.5; Load Intensity = 11.0; #Success = 8; #Failed = 0; #Dropped = 0
Target Time = 14.5; Load Intensity = 12.0; #Success = 13; #Failed = 0; #Dropped = 0
Target Time = 15.5; Load Intensity = 12.0; #Success = 11; #Failed = 0; #Dropped = 0
Target Time = 16.5; Load Intensity = 13.0; #Success = 16; #Failed = 0; #Dropped = 0
Target Time = 17.5; Load Intensity = 14.0; #Success = 12; #Failed = 0; #Dropped = 0
Target Time = 18.5; Load Intensity = 15.0; #Success = 4; #Failed = 0; #Dropped = 0
Target Time = 19.5; Load Intensity = 16.0; #Success = 26; #Failed = 0; #Dropped = 0
Target Time = 20.5; Load Intensity = 17.0; #Success = 19; #Failed = 0; #Dropped = 0
Target Time = 21.5; Load Intensity = 17.0; #Success = 17; #Failed = 0; #Dropped = 0
Target Time = 22.5; Load Intensity = 18.0; #Success = 18; #Failed = 0; #Dropped = 0
Target Time = 23.5; Load Intensity = 19.0; #Success = 18; #Failed = 0; #Dropped = 0
Target Time = 24.5; Load Intensity = 20.0; #Success = 21; #Failed = 0; #Dropped = 0
Target Time = 25.5; Load Intensity = 21.0; #Success = 9; #Failed = 0; #Dropped = 0
Target Time = 26.5; Load Intensity = 22.0; #Success = 7; #Failed = 0; #Dropped = 0
Target Time = 27.5; Load Intensity = 22.0; #Success = 0; #Failed = 0; #Dropped = 0
Target Time = 28.5; Load Intensity = 23.0; #Success = 0; #Failed = 0; #Dropped = 0
Target Time = 29.5; Load Intensity = 24.0; #Success = 7; #Failed = 0; #Dropped = 0
Target Time = 30.5; Load Intensity = 25.0; #Success = 32; #Failed = 0; #Dropped = 0
Target Time = 31.5; Load Intensity = 26.0; #Success = 28; #Failed = 0; #Dropped = 0
Target Time = 32.5; Load Intensity = 27.0; #Success = 12; #Failed = 0; #Dropped = 0
Target Time = 33.5; Load Intensity = 27.0; #Success = 8; #Failed = 0; #Dropped = 0
Target Time = 34.5; Load Intensity = 28.0; #Success = 5; #Failed = 0; #Dropped = 0
Target Time = 35.5; Load Intensity = 29.0; #Success = 5; #Failed = 0; #Dropped = 0
Target Time = 36.5; Load Intensity = 30.0; #Success = 0; #Failed = 0; #Dropped = 0
Target Time = 37.5; Load Intensity = 31.0; #Success = 0; #Failed = 0; #Dropped = 0
Target Time = 38.5; Load Intensity = 32.0; #Success = 5; #Failed = 0; #Dropped = 0
Target Time = 39.5; Load Intensity = 32.0; #Success = 1; #Failed = 0; #Dropped = 0
Target Time = 40.5; Load Intensity = 33.0; #Success = 18; #Failed = 0; #Dropped = 0
Target Time = 41.5; Load Intensity = 34.0; #Success = 27; #Failed = 10; #Dropped = 0
Target Time = 42.5; Load Intensity = 35.0; #Success = 18; #Failed = 0; #Dropped = 0
Target Time = 43.5; Load Intensity = 36.0; #Success = 20; #Failed = 26; #Dropped = 0
Target Time = 44.5; Load Intensity = 37.0; #Success = 0; #Failed = 0; #Dropped = 0
Target Time = 45.5; Load Intensity = 37.0; #Success = 3; #Failed = 0; #Dropped = 0
Target Time = 46.5; Load Intensity = 38.0; #Success = 0; #Failed = 3; #Dropped = 0
Target Time = 47.5; Load Intensity = 39.0; #Success = 0; #Failed = 3; #Dropped = 0
Target Time = 48.5; Load Intensity = 40.0; #Success = 2; #Failed = 3; #Dropped = 0
Target Time = 49.5; Load Intensity = 41.0; #Success = 4; #Failed = 1; #Dropped = 15
Target Time = 50.5; Load Intensity = 42.0; #Success = 15; #Failed = 0; #Dropped = 19
Target Time = 51.5; Load Intensity = 42.0; #Success = 15; #Failed = 21; #Dropped = 3
Target Time = 52.5; Load Intensity = 43.0; #Success = 17; #Failed = 3; #Dropped = 9
Target Time = 53.5; Load Intensity = 44.0; #Success = 35; #Failed = 3; #Dropped = 4
Target Time = 54.5; Load Intensity = 45.0; #Success = 0; #Failed = 0; #Dropped = 0
Target Time = 55.5; Load Intensity = 46.0; #Success = 5; #Failed = 0; #Dropped = 65
Target Time = 56.5; Load Intensity = 47.0; #Success = 4; #Failed = 0; #Dropped = 34
Target Time = 57.5; Load Intensity = 47.0; #Success = 3; #Failed = 0; #Dropped = 12
Target Time = 58.5; Load Intensity = 48.0; #Success = 5; #Failed = 0; #Dropped = 32
Target Time = 59.5; Load Intensity = 49.0; #Success = 5; #Failed = 0; #Dropped = 60
Target Time = 60.5; Load Intensity = 50.0; #Success = 12; #Failed = 0; #Dropped = 32
Target Time = 61.5; Load Intensity = 51.0; #Success = 36; #Failed = 0; #Dropped = 5
Target Time = 62.5; Load Intensity = 52.0; #Success = 20; #Failed = 0; #Dropped = 22
Target Time = 63.5; Load Intensity = 52.0; #Success = 38; #Failed = 0; #Dropped = 9
Target Time = 64.5; Load Intensity = 53.0; #Success = 0; #Failed = 0; #Dropped = 0
Target Time = 65.5; Load Intensity = 54.0; #Success = 3; #Failed = 0; #Dropped = 60
Target Time = 66.5; Load Intensity = 55.0; #Success = 6; #Failed = 0; #Dropped = 68
Target Time = 67.5; Load Intensity = 56.0; #Success = 3; #Failed = 0; #Dropped = 15
Target Time = 68.5; Load Intensity = 57.0; #Success = 5; #Failed = 0; #Dropped = 42
Target Time = 69.5; Load Intensity = 57.0; #Success = 5; #Failed = 0; #Dropped = 73
Target Time = 70.5; Load Intensity = 58.0; #Success = 12; #Failed = 0; #Dropped = 39
Target Time = 71.5; Load Intensity = 59.0; #Success = 34; #Failed = 0; #Dropped = 17
Target Time = 72.5; Load Intensity = 60.0; #Success = 22; #Failed = 0; #Dropped = 30
Target Time = 73.5; Load Intensity = 61.0; #Success = 38; #Failed = 0; #Dropped = 19
Target Time = 74.5; Load Intensity = 62.0; #Success = 0; #Failed = 0; #Dropped = 0
Target Time = 75.5; Load Intensity = 62.0; #Success = 3; #Failed = 0; #Dropped = 71
Target Time = 76.5; Load Intensity = 63.0; #Success = 6; #Failed = 0; #Dropped = 78
Target Time = 77.5; Load Intensity = 64.0; #Success = 3; #Failed = 0; #Dropped = 23
Target Time = 78.5; Load Intensity = 65.0; #Success = 5; #Failed = 0; #Dropped = 48
Target Time = 79.5; Load Intensity = 66.0; #Success = 5; #Failed = 0; #Dropped = 85
Target Time = 80.5; Load Intensity = 67.0; #Success = 11; #Failed = 0; #Dropped = 34
Target Time = 81.5; Load Intensity = 67.0; #Success = 37; #Failed = 0; #Dropped = 40
Target Time = 82.5; Load Intensity = 68.0; #Success = 20; #Failed = 0; #Dropped = 36
Target Time = 83.5; Load Intensity = 69.0; #Success = 37; #Failed = 0; #Dropped = 27
Target Time = 84.5; Load Intensity = 70.0; #Success = 1; #Failed = 0; #Dropped = 0
Target Time = 85.5; Load Intensity = 71.0; #Success = 5; #Failed = 0; #Dropped = 122
Target Time = 86.5; Load Intensity = 72.0; #Success = 4; #Failed = 0; #Dropped = 52
Target Time = 87.5; Load Intensity = 72.0; #Success = 3; #Failed = 0; #Dropped = 29
Target Time = 88.5; Load Intensity = 73.0; #Success = 5; #Failed = 0; #Dropped = 53
Target Time = 89.5; Load Intensity = 74.0; #Success = 5; #Failed = 0; #Dropped = 99
Target Time = 90.5; Load Intensity = 75.0; #Success = 12; #Failed = 0; #Dropped = 61
Target Time = 91.5; Load Intensity = 76.0; #Success = 36; #Failed = 0; #Dropped = 25
Target Time = 92.5; Load Intensity = 77.0; #Success = 20; #Failed = 0; #Dropped = 48
Target Time = 93.5; Load Intensity = 77.0; #Success = 37; #Failed = 0; #Dropped = 23
Target Time = 94.5; Load Intensity = 78.0; #Success = 1; #Failed = 0; #Dropped = 11
Target Time = 95.5; Load Intensity = 79.0; #Success = 3; #Failed = 0; #Dropped = 97
Target Time = 96.5; Load Intensity = 80.0; #Success = 6; #Failed = 0; #Dropped = 105
Target Time = 97.5; Load Intensity = 81.0; #Success = 3; #Failed = 0; #Dropped = 33
Target Time = 98.5; Load Intensity = 82.0; #Success = 5; #Failed = 0; #Dropped = 58
Target Time = 99.5; Load Intensity = 82.0; #Success = 3; #Failed = 0; #Dropped = 113
Target Time = 100.5; Load Intensity = 83.0; #Success = 14; #Failed = 0; #Dropped = 63
Target Time = 101.5; Load Intensity = 84.0; #Success = 37; #Failed = 0; #Dropped = 49
Target Time = 102.5; Load Intensity = 85.0; #Success = 19; #Failed = 0; #Dropped = 49
Target Time = 103.5; Load Intensity = 86.0; #Success = 38; #Failed = 0; #Dropped = 42
Target Time = 104.5; Load Intensity = 87.0; #Success = 0; #Failed = 0; #Dropped = 0
Target Time = 105.5; Load Intensity = 87.0; #Success = 5; #Failed = 0; #Dropped = 165
Target Time = 106.5; Load Intensity = 88.0; #Success = 4; #Failed = 0; #Dropped = 61
Target Time = 107.5; Load Intensity = 89.0; #Success = 3; #Failed = 0; #Dropped = 29
Target Time = 108.5; Load Intensity = 90.0; #Success = 5; #Failed = 0; #Dropped = 73
Target Time = 109.5; Load Intensity = 91.0; #Success = 4; #Failed = 0; #Dropped = 136
Target Time = 110.5; Load Intensity = 92.0; #Success = 13; #Failed = 0; #Dropped = 64
Target Time = 111.5; Load Intensity = 92.0; #Success = 36; #Failed = 0; #Dropped = 47
Target Time = 112.5; Load Intensity = 93.0; #Success = 19; #Failed = 0; #Dropped = 67
Target Time = 113.5; Load Intensity = 94.0; #Success = 39; #Failed = 0; #Dropped = 47
Target Time = 114.5; Load Intensity = 95.0; #Success = 0; #Failed = 0; #Dropped = 0
Target Time = 115.5; Load Intensity = 96.0; #Success = 5; #Failed = 0; #Dropped = 170
Target Time = 116.5; Load Intensity = 97.0; #Success = 4; #Failed = 0; #Dropped = 84
Target Time = 117.5; Load Intensity = 97.0; #Success = 3; #Failed = 0; #Dropped = 48
Target Time = 118.5; Load Intensity = 98.0; #Success = 5; #Failed = 0; #Dropped = 68
Target Time = 119.5; Load Intensity = 99.0; #Success = 5; #Failed = 0; #Dropped = 144
Target Time = 120.5; Load Intensity = 0.0; #Success = 11; #Failed = 0; #Dropped = 68
Target Time = 121.5; Load Intensity = 0.0; #Success = 37; #Failed = 0; #Dropped = 63
Target Time = 122.5; Load Intensity = 0.0; #Success = 20; #Failed = 0; #Dropped = 78
Target Time = 123.5; Load Intensity = 0.0; #Success = 38; #Failed = 0; #Dropped = 52
Target Time = 124.5; Load Intensity = 0.0; #Success = 0; #Failed = 0; #Dropped = 0
Target Time = 125.5; Load Intensity = 0.0; #Success = 5; #Failed = 0; #Dropped = 187
Target Time = 126.5; Load Intensity = 0.0; #Success = 4; #Failed = 0; #Dropped = 93
Target Time = 127.5; Load Intensity = 0.0; #Success = 3; #Failed = 0; #Dropped = 43
Target Time = 128.5; Load Intensity = 0.0; #Success = 5; #Failed = 0; #Dropped = 85
Target Time = 129.5; Load Intensity = 0.0; #Success = 5; #Failed = 0; #Dropped = 153
Target Time = 130.5; Load Intensity = 0.0; #Success = 12; #Failed = 0; #Dropped = 0
Target Time = 131.5; Load Intensity = 0.0; #Success = 36; #Failed = 0; #Dropped = 0
Target Time = 132.5; Load Intensity = 0.0; #Success = 20; #Failed = 0; #Dropped = 0
Target Time = 133.5; Load Intensity = 0.0; #Success = 38; #Failed = 0; #Dropped = 0
Target Time = 134.5; Load Intensity = 0.0; #Success = 0; #Failed = 0; #Dropped = 0
Target Time = 135.5; Load Intensity = 0.0; #Success = 5; #Failed = 0; #Dropped = 0
Target Time = 136.5; Load Intensity = 0.0; #Success = 4; #Failed = 0; #Dropped = 0
Target Time = 137.5; Load Intensity = 0.0; #Success = 11; #Failed = 0; #Dropped = 0
Workload finished.
Log finished.
📄 LIMBO finalizado para scenario=low
⏳ [04:41:38] Esperando que termine medición: fase3_carga_low_iter1 (PID: 882745)
  └─ [nitro5:sd] end 04:41:40
  └─ [nitro5:ram] end 04:41:41
  └─ [nitro5:nic] end 04:41:41
  └─ [nitro5:cpu] end 04:41:41
  └─ [leo:cpu] end 04:41:44
  └─ [leo:sd] end 04:41:44
  └─ [aspire:sd] end 04:41:46
  └─ [aspire:cpu] end 04:41:46
  └─ [leo:nic] end 04:41:46
  └─ [aspire:nic] end 04:41:46
  └─ [leo:ram] end 04:41:47
  └─ [aspire:ram] end 04:41:48
  └─ [scorpius:cpu] end 04:41:48
  └─ [scorpius:ram] end 04:41:49
  └─ [scorpius:sd] end 04:41:51
  └─ [scorpius:nic] end 04:42:00
=== Bloque 145s terminado - Fase: fase3_carga_low_iter1 ===
[🧹] Limpiando CSVs internos de ecofloc en cada nodo (fase: fase3_carga_low_iter1)...
  ✔ [nitro5:cpu] limpiado /home/luish/Documents/p3/ecofloc2/ecofloc/ecofloc-cpu/ECOFLOC_CPU_COMM_text.csv
  ✔ [nitro5:nic] limpiado /home/luish/Documents/p3/ecofloc2/ecofloc/ecofloc-nic/ECOFLOC_NIC_COMM_text.csv
  ✔ [nitro5:ram] limpiado /home/luish/Documents/p3/ecofloc2/ecofloc/ecofloc-ram/ECOFLOC_RAM_COMM_text.csv
  ✔ [nitro5:sd] limpiado /home/luish/Documents/p3/ecofloc2/ecofloc/ecofloc-sd/ECOFLOC_SD_COMM_text.csv
  ✔ [leo:cpu] limpiado /home/leo/ecofloc/ecofloc-cpu/ECOFLOC_CPU_COMM_text.csv
  ✔ [leo:nic] limpiado /home/leo/ecofloc/ecofloc-nic/ECOFLOC_NIC_COMM_text.csv
  ✔ [leo:ram] limpiado /home/leo/ecofloc/ecofloc-ram/ECOFLOC_RAM_COMM_text.csv
  ✔ [leo:sd] limpiado /home/leo/ecofloc/ecofloc-sd/ECOFLOC_SD_COMM_text.csv
  ✔ [aspire:cpu] limpiado /home/luish/Documents/p3/ecofloc2/ecofloc/ecofloc-cpu/ECOFLOC_CPU_COMM_text.csv
  ✔ [aspire:nic] limpiado /home/luish/Documents/p3/ecofloc2/ecofloc/ecofloc-nic/ECOFLOC_NIC_COMM_text.csv
  ✔ [aspire:ram] limpiado /home/luish/Documents/p3/ecofloc2/ecofloc/ecofloc-ram/ECOFLOC_RAM_COMM_text.csv
  ✔ [aspire:sd] limpiado /home/luish/Documents/p3/ecofloc2/ecofloc/ecofloc-sd/ECOFLOC_SD_COMM_text.csv
  ✔ [scorpius:cpu] limpiado /home/scorpius03/Documents/ecofloc/ecofloc-cpu/ECOFLOC_CPU_COMM_text.csv
  ✔ [scorpius:nic] limpiado /home/scorpius03/Documents/ecofloc/ecofloc-nic/ECOFLOC_NIC_COMM_text.csv
  ✔ [scorpius:ram] limpiado /home/scorpius03/Documents/ecofloc/ecofloc-ram/ECOFLOC_RAM_COMM_text.csv
  ✔ [scorpius:sd] limpiado /home/scorpius03/Documents/ecofloc/ecofloc-sd/ECOFLOC_SD_COMM_text.csv
========================================
🔋 MEASURE ENERGY FINALIZADO
   Fase: fase3_carga_low_iter1
========================================
✔️ [04:42:10] Medición fase3_carga_low_iter1 completada
[📦] Archivando resultados → ./historyexecutions/exp(04:42:15)_fase3_low_iter1
[✔] Archivado: ./historyexecutions/exp(04:42:15)_fase3_low_iter1
🧹 Limpiando TeaStore (iter 1)...
⏸ Esperando 15s para limpieza completa...
✅ Iteración 1 / 3 del escenario low completada.

########################################################
🔄 ESCENARIO: low | ITERACIÓN: 2 / 3
   Hora: 04:43:04
########################################################
========================================
🔋 FASE 1: Descarga de imágenes (low, iter 2)
========================================
📋 Capturando PIDs (gepidstea.sh)...
📋 Capturando PIDs de contenedores (kpsnodos.sh)...
🔋 [04:43:25] Iniciando medición de energía: fase1_descarga_low_iter2 (25s)
   PID de medición: 1249925
🚀 Desplegando TeaStore desde GitHub...
========================================
🔋 MEASURE ENERGY - Fase: fase1_descarga_low_iter2
   Duración: 25s
   PID: 1249925
========================================
=== Medición bloque 25s - Fase: fase1_descarga_low_iter2 ===
[⏱ 04:43:25] Iniciando ecofloc en nitro5 por 25s (fase: fase1_descarga_low_iter2)
⏳ Esperando a que todos los pods de TeaStore estén Running y Ready...
  ├─ [nitro5:sd] start 04:43:25
  ├─ [nitro5:ram] start 04:43:25
  ├─ [nitro5:nic] start 04:43:26
[⏱ 04:43:26] Iniciando ecofloc en aspire por 25s (fase: fase1_descarga_low_iter2)
  ├─ [nitro5:cpu] start 04:43:26
  ├─ [aspire:sd] start 04:43:26
  ├─ [aspire:ram] start 04:43:26
  ├─ [aspire:nic] start 04:43:26
[⏱ 04:43:26] Iniciando ecofloc en scorpius por 25s (fase: fase1_descarga_low_iter2)
  ├─ [aspire:cpu] start 04:43:26
  ├─ [scorpius:sd] start 04:43:26
  ├─ [scorpius:ram] start 04:43:26
  ├─ [scorpius:nic] start 04:43:26
[⏱ 04:43:26] Iniciando ecofloc en leo por 25s (fase: fase1_descarga_low_iter2)
  ├─ [scorpius:cpu] start 04:43:26
  ├─ [leo:sd] start 04:43:26
  ├─ [leo:ram] start 04:43:26
  ├─ [leo:nic] start 04:43:26
  ├─ [leo:cpu] start 04:43:26
✅ Pods listos.
⏳ [04:43:34] Esperando que termine medición: fase1_descarga_low_iter2 (PID: 1249925)
  └─ [nitro5:sd] end 04:43:50
  └─ [nitro5:ram] end 04:43:50
  └─ [nitro5:nic] end 04:43:51
  └─ [nitro5:cpu] end 04:43:51
  └─ [aspire:sd] end 04:43:52
  └─ [aspire:cpu] end 04:43:52
  └─ [scorpius:cpu] end 04:43:52
  └─ [leo:sd] end 04:43:52
  └─ [leo:cpu] end 04:43:53
  └─ [aspire:ram] end 04:43:53
  └─ [aspire:nic] end 04:43:53
  └─ [scorpius:ram] end 04:43:53
  └─ [scorpius:sd] end 04:43:53
  └─ [leo:nic] end 04:43:54
  └─ [leo:ram] end 04:43:54
=== Bloque 25s terminado - Fase: fase1_descarga_low_iter2 ===
[🧹] Limpiando CSVs internos de ecofloc en cada nodo (fase: fase1_descarga_low_iter2)...
  ✔ [nitro5:cpu] limpiado /home/luish/Documents/p3/ecofloc2/ecofloc/ecofloc-cpu/ECOFLOC_CPU_COMM_text.csv
  ✔ [nitro5:nic] limpiado /home/luish/Documents/p3/ecofloc2/ecofloc/ecofloc-nic/ECOFLOC_NIC_COMM_text.csv
  ✔ [nitro5:ram] limpiado /home/luish/Documents/p3/ecofloc2/ecofloc/ecofloc-ram/ECOFLOC_RAM_COMM_text.csv
  ✔ [nitro5:sd] limpiado /home/luish/Documents/p3/ecofloc2/ecofloc/ecofloc-sd/ECOFLOC_SD_COMM_text.csv
  ✔ [leo:cpu] limpiado /home/leo/ecofloc/ecofloc-cpu/ECOFLOC_CPU_COMM_text.csv
  ✔ [leo:nic] limpiado /home/leo/ecofloc/ecofloc-nic/ECOFLOC_NIC_COMM_text.csv
  ✔ [leo:ram] limpiado /home/leo/ecofloc/ecofloc-ram/ECOFLOC_RAM_COMM_text.csv
  ✔ [leo:sd] limpiado /home/leo/ecofloc/ecofloc-sd/ECOFLOC_SD_COMM_text.csv
  ✔ [aspire:cpu] limpiado /home/luish/Documents/p3/ecofloc2/ecofloc/ecofloc-cpu/ECOFLOC_CPU_COMM_text.csv
  ✔ [aspire:nic] limpiado /home/luish/Documents/p3/ecofloc2/ecofloc/ecofloc-nic/ECOFLOC_NIC_COMM_text.csv
  ✔ [aspire:ram] limpiado /home/luish/Documents/p3/ecofloc2/ecofloc/ecofloc-ram/ECOFLOC_RAM_COMM_text.csv
  ✔ [aspire:sd] limpiado /home/luish/Documents/p3/ecofloc2/ecofloc/ecofloc-sd/ECOFLOC_SD_COMM_text.csv
  ✔ [scorpius:cpu] limpiado /home/scorpius03/Documents/ecofloc/ecofloc-cpu/ECOFLOC_CPU_COMM_text.csv
  ✔ [scorpius:nic] limpiado /home/scorpius03/Documents/ecofloc/ecofloc-nic/ECOFLOC_NIC_COMM_text.csv
  ✔ [scorpius:ram] limpiado /home/scorpius03/Documents/ecofloc/ecofloc-ram/ECOFLOC_RAM_COMM_text.csv
  ✔ [scorpius:sd] limpiado /home/scorpius03/Documents/ecofloc/ecofloc-sd/ECOFLOC_SD_COMM_text.csv
========================================
🔋 MEASURE ENERGY FINALIZADO
   Fase: fase1_descarga_low_iter2
========================================
✔️ [04:43:58] Medición fase1_descarga_low_iter2 completada
[📦] Archivando resultados → ./historyexecutions/exp(04:44:03)_fase1_low_iter2
[✔] Archivado: ./historyexecutions/exp(04:44:03)_fase1_low_iter2
========================================
🔋 FASE 2: Preparación de servicios (low, iter 2)
========================================
📋 Capturando PIDs (gepidstea.sh)...
📋 Capturando PIDs de contenedores (kpsnodos.sh)...
🔋 [04:44:31] Iniciando medición de energía: fase2_preparacion_low_iter2 (50s)
   PID de medición: 1315562
========================================
🔋 MEASURE ENERGY - Fase: fase2_preparacion_low_iter2
   Duración: 50s
   PID: 1315562
========================================
=== Medición bloque 50s - Fase: fase2_preparacion_low_iter2 ===
[⏱ 04:44:31] Iniciando ecofloc en nitro5 por 50s (fase: fase2_preparacion_low_iter2)
⏳ Esperando 10s a que CoreDNS se estabilice...
  ├─ [nitro5:sd] start 04:44:32
  ├─ [nitro5:ram] start 04:44:32
  ├─ [nitro5:nic] start 04:44:32
[⏱ 04:44:33] Iniciando ecofloc en aspire por 50s (fase: fase2_preparacion_low_iter2)
  ├─ [nitro5:cpu] start 04:44:33
  ├─ [aspire:sd] start 04:44:33
  ├─ [aspire:ram] start 04:44:33
  ├─ [aspire:nic] start 04:44:33
[⏱ 04:44:33] Iniciando ecofloc en scorpius por 50s (fase: fase2_preparacion_low_iter2)
  ├─ [aspire:cpu] start 04:44:33
  ├─ [scorpius:sd] start 04:44:33
  ├─ [scorpius:ram] start 04:44:33
  ├─ [scorpius:nic] start 04:44:33
[⏱ 04:44:33] Iniciando ecofloc en leo por 50s (fase: fase2_preparacion_low_iter2)
  ├─ [scorpius:cpu] start 04:44:33
  ├─ [leo:nic] start 04:44:33
  ├─ [leo:sd] start 04:44:33
  ├─ [leo:cpu] start 04:44:33
  ├─ [leo:ram] start 04:44:33
➡️ Pod WebUI: teastore-webui-558b54cc77-vzztr
➡️ Está en el nodo: leo02
🌐 IP del nodo WebUI: 192.168.18.36
⏳ Verificando estado del TeaStore en http://192.168.18.36:30080/tools.descartes.teastore.webui/status ...
   ➤ Estado actual: 3 / 5 servicios OK
❌ TeaStore aún no está listo. Reintentando en 10s...
   ➤ Estado actual: 5 / 5 servicios OK
✔ TODOS los servicios del TeaStore están OK. Continuando...
⏳ [04:44:57] Esperando que termine medición: fase2_preparacion_low_iter2 (PID: 1315562)
  └─ [nitro5:sd] end 04:45:22
  └─ [nitro5:ram] end 04:45:22
  └─ [nitro5:nic] end 04:45:22
  └─ [nitro5:cpu] end 04:45:23
  └─ [aspire:cpu] end 04:45:24
  └─ [scorpius:cpu] end 04:45:24
  └─ [leo:cpu] end 04:45:24
  └─ [leo:sd] end 04:45:25
  └─ [scorpius:sd] end 04:45:25
  └─ [aspire:sd] end 04:45:25
  └─ [aspire:nic] end 04:45:27
  └─ [leo:nic] end 04:45:27
  └─ [aspire:ram] end 04:45:29
  └─ [leo:ram] end 04:45:29
  └─ [scorpius:ram] end 04:45:30
=== Bloque 50s terminado - Fase: fase2_preparacion_low_iter2 ===
[🧹] Limpiando CSVs internos de ecofloc en cada nodo (fase: fase2_preparacion_low_iter2)...
  ✔ [nitro5:cpu] limpiado /home/luish/Documents/p3/ecofloc2/ecofloc/ecofloc-cpu/ECOFLOC_CPU_COMM_text.csv
  ✔ [nitro5:nic] limpiado /home/luish/Documents/p3/ecofloc2/ecofloc/ecofloc-nic/ECOFLOC_NIC_COMM_text.csv
  ✔ [nitro5:ram] limpiado /home/luish/Documents/p3/ecofloc2/ecofloc/ecofloc-ram/ECOFLOC_RAM_COMM_text.csv
  ✔ [nitro5:sd] limpiado /home/luish/Documents/p3/ecofloc2/ecofloc/ecofloc-sd/ECOFLOC_SD_COMM_text.csv
  ✔ [leo:cpu] limpiado /home/leo/ecofloc/ecofloc-cpu/ECOFLOC_CPU_COMM_text.csv
  ✔ [leo:nic] limpiado /home/leo/ecofloc/ecofloc-nic/ECOFLOC_NIC_COMM_text.csv
  ✔ [leo:ram] limpiado /home/leo/ecofloc/ecofloc-ram/ECOFLOC_RAM_COMM_text.csv
  ✔ [leo:sd] limpiado /home/leo/ecofloc/ecofloc-sd/ECOFLOC_SD_COMM_text.csv
  ✔ [aspire:cpu] limpiado /home/luish/Documents/p3/ecofloc2/ecofloc/ecofloc-cpu/ECOFLOC_CPU_COMM_text.csv
  ✔ [aspire:nic] limpiado /home/luish/Documents/p3/ecofloc2/ecofloc/ecofloc-nic/ECOFLOC_NIC_COMM_text.csv
  ✔ [aspire:ram] limpiado /home/luish/Documents/p3/ecofloc2/ecofloc/ecofloc-ram/ECOFLOC_RAM_COMM_text.csv
  ✔ [aspire:sd] limpiado /home/luish/Documents/p3/ecofloc2/ecofloc/ecofloc-sd/ECOFLOC_SD_COMM_text.csv
  ✔ [scorpius:cpu] limpiado /home/scorpius03/Documents/ecofloc/ecofloc-cpu/ECOFLOC_CPU_COMM_text.csv
  ✔ [scorpius:nic] limpiado /home/scorpius03/Documents/ecofloc/ecofloc-nic/ECOFLOC_NIC_COMM_text.csv
  ✔ [scorpius:ram] limpiado /home/scorpius03/Documents/ecofloc/ecofloc-ram/ECOFLOC_RAM_COMM_text.csv
  ✔ [scorpius:sd] limpiado /home/scorpius03/Documents/ecofloc/ecofloc-sd/ECOFLOC_SD_COMM_text.csv
========================================
🔋 MEASURE ENERGY FINALIZADO
   Fase: fase2_preparacion_low_iter2
========================================
✔️ [04:45:35] Medición fase2_preparacion_low_iter2 completada
[📦] Archivando resultados → ./historyexecutions/exp(04:45:40)_fase2_low_iter2
[✔] Archivado: ./historyexecutions/exp(04:45:40)_fase2_low_iter2
========================================
🔋 FASE 3: Ejecución de carga (low, iter 2)
========================================
📋 Capturando PIDs (gepidstea.sh)...
📋 Capturando PIDs de contenedores (kpsnodos.sh)...
🔋 [04:46:00] Iniciando medición de energía: fase3_carga_low_iter2 (145s)
   PID de medición: 1444431
=== Escenario low (iter 2) ===
========================================
🔋 MEASURE ENERGY - Fase: fase3_carga_low_iter2
   Duración: 145s
   PID: 1444431
========================================
=== Medición bloque 145s - Fase: fase3_carga_low_iter2 ===
🚀 Iniciando LIMBO con profile=/home/luish/Documents/death/teastore/TeaStore/examples/httploadgenerator/increasingLowIntensity.csv y script=/home/luish/Documents/death/teastore/TeaStore/examples/httploadgenerator/teastore_buy.lua
[⏱ 04:46:00] Iniciando ecofloc en nitro5 por 145s (fase: fase3_carga_low_iter2)
Feb 19, 2026 4:46:00 AM tools.descartes.dlim.httploadgenerator.runner.Director executeDirector
WARNING: No power measurements
Feb 19, 2026 4:46:00 AM tools.descartes.dlim.httploadgenerator.runner.Director executeDirector
INFO: Load Generator Thread Count set to 128
Feb 19, 2026 4:46:00 AM tools.descartes.dlim.httploadgenerator.runner.Director executeDirector
INFO: URL connection timout set to 10000 ms
Feb 19, 2026 4:46:00 AM tools.descartes.dlim.httploadgenerator.runner.Director executeDirector
INFO: Using Lua Script: /home/luish/Documents/death/teastore/TeaStore/examples/httploadgenerator/teastore_buy.lua
Feb 19, 2026 4:46:00 AM tools.descartes.dlim.httploadgenerator.runner.Director process
INFO: Read 120 Arrival Rate Tuples
Load Generator sent: ok
Feb 19, 2026 4:46:00 AM tools.descartes.dlim.httploadgenerator.runner.Director process
INFO: Arrival Rates sent to Load Generator(s).
Load Generator sent: ok
Feb 19, 2026 4:46:00 AM tools.descartes.dlim.httploadgenerator.runner.Director process
INFO: Thread Count sent to Load Generator(s): 128
Load Generator sent: ok
Feb 19, 2026 4:46:00 AM tools.descartes.dlim.httploadgenerator.runner.Director process
INFO: URL connection timeout sent to Load Generator(s): 10000
Load Generator sent: ok
Feb 19, 2026 4:46:00 AM tools.descartes.dlim.httploadgenerator.runner.Director process
INFO: Contents of script sent to Load Generator: /home/luish/Documents/death/teastore/TeaStore/examples/httploadgenerator/teastore_buy.lua
Feb 19, 2026 4:46:00 AM tools.descartes.dlim.httploadgenerator.runner.Director process
INFO: Starting Load Generation
Beginning Run @1771494360481(19.02.2026;04:46:00481)
Target Time = 0.5; Load Intensity = 0.0; #Success = 0; #Failed = 0; #Dropped = 0
  ├─ [nitro5:sd] start 04:46:00
  ├─ [nitro5:ram] start 04:46:01
  ├─ [nitro5:nic] start 04:46:01
[⏱ 04:46:01] Iniciando ecofloc en aspire por 145s (fase: fase3_carga_low_iter2)
  ├─ [nitro5:cpu] start 04:46:01
  ├─ [aspire:sd] start 04:46:01
  ├─ [aspire:ram] start 04:46:01
[⏱ 04:46:01] Iniciando ecofloc en scorpius por 145s (fase: fase3_carga_low_iter2)
  ├─ [aspire:nic] start 04:46:01
  ├─ [aspire:cpu] start 04:46:01
  ├─ [scorpius:sd] start 04:46:01
  ├─ [scorpius:ram] start 04:46:01
[⏱ 04:46:01] Iniciando ecofloc en leo por 145s (fase: fase3_carga_low_iter2)
  ├─ [scorpius:nic] start 04:46:01
  ├─ [scorpius:cpu] start 04:46:01
  ├─ [leo:sd] start 04:46:01
  ├─ [leo:ram] start 04:46:01
  ├─ [leo:nic] start 04:46:01
  ├─ [leo:cpu] start 04:46:01
Target Time = 1.5; Load Intensity = 1.0; #Success = 0; #Failed = 0; #Dropped = 0
Target Time = 2.5; Load Intensity = 2.0; #Success = 0; #Failed = 0; #Dropped = 0
Target Time = 3.5; Load Intensity = 2.0; #Success = 0; #Failed = 0; #Dropped = 0
Target Time = 4.5; Load Intensity = 3.0; #Success = 6; #Failed = 0; #Dropped = 0
Target Time = 5.5; Load Intensity = 4.0; #Success = 5; #Failed = 0; #Dropped = 0
Target Time = 6.5; Load Intensity = 5.0; #Success = 5; #Failed = 0; #Dropped = 0
Target Time = 7.5; Load Intensity = 6.0; #Success = 5; #Failed = 0; #Dropped = 0
Target Time = 8.5; Load Intensity = 7.0; #Success = 7; #Failed = 0; #Dropped = 0
Target Time = 9.5; Load Intensity = 7.0; #Success = 5; #Failed = 0; #Dropped = 0
Target Time = 10.5; Load Intensity = 8.0; #Success = 4; #Failed = 0; #Dropped = 0
Target Time = 11.5; Load Intensity = 9.0; #Success = 2; #Failed = 0; #Dropped = 0
Target Time = 12.5; Load Intensity = 10.0; #Success = 1; #Failed = 0; #Dropped = 0
Target Time = 13.5; Load Intensity = 11.0; #Success = 2; #Failed = 0; #Dropped = 0
Target Time = 14.5; Load Intensity = 12.0; #Success = 1; #Failed = 0; #Dropped = 0
Target Time = 15.5; Load Intensity = 12.0; #Success = 0; #Failed = 0; #Dropped = 0
Target Time = 16.5; Load Intensity = 13.0; #Success = 8; #Failed = 0; #Dropped = 0
Target Time = 17.5; Load Intensity = 14.0; #Success = 11; #Failed = 0; #Dropped = 0
Target Time = 18.5; Load Intensity = 15.0; #Success = 2; #Failed = 0; #Dropped = 0
Target Time = 19.5; Load Intensity = 16.0; #Success = 10; #Failed = 0; #Dropped = 0
Target Time = 20.5; Load Intensity = 17.0; #Success = 3; #Failed = 0; #Dropped = 0
Target Time = 21.5; Load Intensity = 17.0; #Success = 16; #Failed = 0; #Dropped = 0
Target Time = 22.5; Load Intensity = 18.0; #Success = 10; #Failed = 0; #Dropped = 0
Target Time = 23.5; Load Intensity = 19.0; #Success = 5; #Failed = 0; #Dropped = 0
Target Time = 24.5; Load Intensity = 20.0; #Success = 2; #Failed = 0; #Dropped = 0
Target Time = 25.5; Load Intensity = 21.0; #Success = 7; #Failed = 0; #Dropped = 0
Target Time = 26.5; Load Intensity = 22.0; #Success = 6; #Failed = 0; #Dropped = 0
Target Time = 27.5; Load Intensity = 22.0; #Success = 5; #Failed = 0; #Dropped = 0
Target Time = 28.5; Load Intensity = 23.0; #Success = 13; #Failed = 0; #Dropped = 0
Target Time = 29.5; Load Intensity = 24.0; #Success = 17; #Failed = 0; #Dropped = 0
Target Time = 30.5; Load Intensity = 25.0; #Success = 14; #Failed = 2; #Dropped = 0
Target Time = 31.5; Load Intensity = 26.0; #Success = 13; #Failed = 4; #Dropped = 0
Target Time = 32.5; Load Intensity = 27.0; #Success = 16; #Failed = 3; #Dropped = 0
Target Time = 33.5; Load Intensity = 27.0; #Success = 14; #Failed = 4; #Dropped = 0
Target Time = 34.5; Load Intensity = 28.0; #Success = 9; #Failed = 1; #Dropped = 0
Target Time = 35.5; Load Intensity = 29.0; #Success = 6; #Failed = 1; #Dropped = 0
Target Time = 36.5; Load Intensity = 30.0; #Success = 3; #Failed = 3; #Dropped = 0
Target Time = 37.5; Load Intensity = 31.0; #Success = 5; #Failed = 0; #Dropped = 0
Target Time = 38.5; Load Intensity = 32.0; #Success = 11; #Failed = 1; #Dropped = 0
Target Time = 39.5; Load Intensity = 32.0; #Success = 17; #Failed = 0; #Dropped = 0
Target Time = 40.5; Load Intensity = 33.0; #Success = 17; #Failed = 0; #Dropped = 0
Target Time = 41.5; Load Intensity = 34.0; #Success = 17; #Failed = 0; #Dropped = 0
Target Time = 42.5; Load Intensity = 35.0; #Success = 19; #Failed = 0; #Dropped = 0
Target Time = 43.5; Load Intensity = 36.0; #Success = 18; #Failed = 0; #Dropped = 0
Target Time = 44.5; Load Intensity = 37.0; #Success = 10; #Failed = 1; #Dropped = 0
Target Time = 45.5; Load Intensity = 37.0; #Success = 5; #Failed = 2; #Dropped = 15
Target Time = 46.5; Load Intensity = 38.0; #Success = 6; #Failed = 0; #Dropped = 24
Target Time = 47.5; Load Intensity = 39.0; #Success = 5; #Failed = 0; #Dropped = 30
Target Time = 48.5; Load Intensity = 40.0; #Success = 13; #Failed = 0; #Dropped = 21
Target Time = 49.5; Load Intensity = 41.0; #Success = 16; #Failed = 0; #Dropped = 14
Target Time = 50.5; Load Intensity = 42.0; #Success = 16; #Failed = 0; #Dropped = 17
Target Time = 51.5; Load Intensity = 42.0; #Success = 17; #Failed = 0; #Dropped = 17
Target Time = 52.5; Load Intensity = 43.0; #Success = 19; #Failed = 0; #Dropped = 17
Target Time = 53.5; Load Intensity = 44.0; #Success = 18; #Failed = 0; #Dropped = 16
Target Time = 54.5; Load Intensity = 45.0; #Success = 12; #Failed = 0; #Dropped = 28
Target Time = 55.5; Load Intensity = 46.0; #Success = 6; #Failed = 0; #Dropped = 23
Target Time = 56.5; Load Intensity = 47.0; #Success = 6; #Failed = 0; #Dropped = 32
Target Time = 57.5; Load Intensity = 47.0; #Success = 5; #Failed = 0; #Dropped = 41
Target Time = 58.5; Load Intensity = 48.0; #Success = 12; #Failed = 0; #Dropped = 24
Target Time = 59.5; Load Intensity = 49.0; #Success = 17; #Failed = 0; #Dropped = 28
Target Time = 60.5; Load Intensity = 50.0; #Success = 16; #Failed = 0; #Dropped = 23
Target Time = 61.5; Load Intensity = 51.0; #Success = 17; #Failed = 0; #Dropped = 26
Target Time = 62.5; Load Intensity = 52.0; #Success = 19; #Failed = 0; #Dropped = 25
Target Time = 63.5; Load Intensity = 52.0; #Success = 19; #Failed = 0; #Dropped = 27
Target Time = 64.5; Load Intensity = 53.0; #Success = 10; #Failed = 0; #Dropped = 32
Target Time = 65.5; Load Intensity = 54.0; #Success = 7; #Failed = 0; #Dropped = 30
Target Time = 66.5; Load Intensity = 55.0; #Success = 6; #Failed = 0; #Dropped = 45
Target Time = 67.5; Load Intensity = 56.0; #Success = 5; #Failed = 0; #Dropped = 47
Target Time = 68.5; Load Intensity = 57.0; #Success = 12; #Failed = 0; #Dropped = 34
Target Time = 69.5; Load Intensity = 57.0; #Success = 16; #Failed = 0; #Dropped = 33
Target Time = 70.5; Load Intensity = 58.0; #Success = 17; #Failed = 0; #Dropped = 36
Target Time = 71.5; Load Intensity = 59.0; #Success = 17; #Failed = 0; #Dropped = 35
Target Time = 72.5; Load Intensity = 60.0; #Success = 19; #Failed = 0; #Dropped = 34
Target Time = 73.5; Load Intensity = 61.0; #Success = 18; #Failed = 0; #Dropped = 32
Target Time = 74.5; Load Intensity = 62.0; #Success = 11; #Failed = 0; #Dropped = 38
Target Time = 75.5; Load Intensity = 62.0; #Success = 7; #Failed = 0; #Dropped = 44
Target Time = 76.5; Load Intensity = 63.0; #Success = 6; #Failed = 0; #Dropped = 53
Target Time = 77.5; Load Intensity = 64.0; #Success = 5; #Failed = 0; #Dropped = 57
Target Time = 78.5; Load Intensity = 65.0; #Success = 13; #Failed = 0; #Dropped = 45
Target Time = 79.5; Load Intensity = 66.0; #Success = 16; #Failed = 0; #Dropped = 41
Target Time = 80.5; Load Intensity = 67.0; #Success = 17; #Failed = 0; #Dropped = 43
Target Time = 81.5; Load Intensity = 67.0; #Success = 16; #Failed = 0; #Dropped = 38
Target Time = 82.5; Load Intensity = 68.0; #Success = 19; #Failed = 0; #Dropped = 42
Target Time = 83.5; Load Intensity = 69.0; #Success = 19; #Failed = 0; #Dropped = 45
Target Time = 84.5; Load Intensity = 70.0; #Success = 10; #Failed = 0; #Dropped = 47
Target Time = 85.5; Load Intensity = 71.0; #Success = 7; #Failed = 0; #Dropped = 51
Target Time = 86.5; Load Intensity = 72.0; #Success = 6; #Failed = 0; #Dropped = 57
Target Time = 87.5; Load Intensity = 72.0; #Success = 5; #Failed = 0; #Dropped = 63
Target Time = 88.5; Load Intensity = 73.0; #Success = 12; #Failed = 0; #Dropped = 53
Target Time = 89.5; Load Intensity = 74.0; #Success = 16; #Failed = 0; #Dropped = 48
Target Time = 90.5; Load Intensity = 75.0; #Success = 17; #Failed = 0; #Dropped = 51
Target Time = 91.5; Load Intensity = 76.0; #Success = 17; #Failed = 0; #Dropped = 50
Target Time = 92.5; Load Intensity = 77.0; #Success = 19; #Failed = 0; #Dropped = 52
Target Time = 93.5; Load Intensity = 77.0; #Success = 18; #Failed = 0; #Dropped = 51
Target Time = 94.5; Load Intensity = 78.0; #Success = 11; #Failed = 0; #Dropped = 54
Target Time = 95.5; Load Intensity = 79.0; #Success = 7; #Failed = 0; #Dropped = 58
Target Time = 96.5; Load Intensity = 80.0; #Success = 6; #Failed = 0; #Dropped = 71
Target Time = 97.5; Load Intensity = 81.0; #Success = 5; #Failed = 0; #Dropped = 67
Target Time = 98.5; Load Intensity = 82.0; #Success = 13; #Failed = 0; #Dropped = 72
Target Time = 99.5; Load Intensity = 82.0; #Success = 15; #Failed = 0; #Dropped = 43
Target Time = 100.5; Load Intensity = 83.0; #Success = 17; #Failed = 0; #Dropped = 67
Target Time = 101.5; Load Intensity = 84.0; #Success = 17; #Failed = 0; #Dropped = 59
Target Time = 102.5; Load Intensity = 85.0; #Success = 19; #Failed = 0; #Dropped = 59
Target Time = 103.5; Load Intensity = 86.0; #Success = 19; #Failed = 0; #Dropped = 67
Target Time = 104.5; Load Intensity = 87.0; #Success = 10; #Failed = 0; #Dropped = 55
Target Time = 105.5; Load Intensity = 87.0; #Success = 7; #Failed = 0; #Dropped = 67
Target Time = 106.5; Load Intensity = 88.0; #Success = 6; #Failed = 0; #Dropped = 70
Target Time = 107.5; Load Intensity = 89.0; #Success = 5; #Failed = 0; #Dropped = 86
Target Time = 108.5; Load Intensity = 90.0; #Success = 12; #Failed = 0; #Dropped = 69
Target Time = 109.5; Load Intensity = 91.0; #Success = 17; #Failed = 0; #Dropped = 75
Target Time = 110.5; Load Intensity = 92.0; #Success = 16; #Failed = 0; #Dropped = 57
Target Time = 111.5; Load Intensity = 92.0; #Success = 17; #Failed = 0; #Dropped = 71
Target Time = 112.5; Load Intensity = 93.0; #Success = 19; #Failed = 0; #Dropped = 66
Target Time = 113.5; Load Intensity = 94.0; #Success = 18; #Failed = 0; #Dropped = 64
Target Time = 114.5; Load Intensity = 95.0; #Success = 12; #Failed = 0; #Dropped = 83
Target Time = 115.5; Load Intensity = 96.0; #Success = 6; #Failed = 0; #Dropped = 61
Target Time = 116.5; Load Intensity = 97.0; #Success = 6; #Failed = 0; #Dropped = 92
Target Time = 117.5; Load Intensity = 97.0; #Success = 5; #Failed = 0; #Dropped = 88
Target Time = 118.5; Load Intensity = 98.0; #Success = 12; #Failed = 0; #Dropped = 75
Target Time = 119.5; Load Intensity = 99.0; #Success = 17; #Failed = 0; #Dropped = 78
Target Time = 120.5; Load Intensity = 0.0; #Success = 16; #Failed = 0; #Dropped = 74
Target Time = 121.5; Load Intensity = 0.0; #Success = 17; #Failed = 0; #Dropped = 77
Target Time = 122.5; Load Intensity = 0.0; #Success = 19; #Failed = 0; #Dropped = 75
Target Time = 123.5; Load Intensity = 0.0; #Success = 18; #Failed = 0; #Dropped = 74
Target Time = 124.5; Load Intensity = 0.0; #Success = 11; #Failed = 0; #Dropped = 82
Target Time = 125.5; Load Intensity = 0.0; #Success = 7; #Failed = 0; #Dropped = 74
Target Time = 126.5; Load Intensity = 0.0; #Success = 6; #Failed = 0; #Dropped = 93
Target Time = 127.5; Load Intensity = 0.0; #Success = 5; #Failed = 0; #Dropped = 104
Target Time = 128.5; Load Intensity = 0.0; #Success = 12; #Failed = 0; #Dropped = 89
Target Time = 129.5; Load Intensity = 0.0; #Success = 17; #Failed = 0; #Dropped = 84
Target Time = 130.5; Load Intensity = 0.0; #Success = 16; #Failed = 0; #Dropped = 0
Target Time = 131.5; Load Intensity = 0.0; #Success = 17; #Failed = 0; #Dropped = 0
Target Time = 132.5; Load Intensity = 0.0; #Success = 19; #Failed = 0; #Dropped = 0
Target Time = 133.5; Load Intensity = 0.0; #Success = 18; #Failed = 0; #Dropped = 0
Target Time = 134.5; Load Intensity = 0.0; #Success = 11; #Failed = 0; #Dropped = 0
Target Time = 135.5; Load Intensity = 0.0; #Success = 7; #Failed = 0; #Dropped = 0
Target Time = 136.5; Load Intensity = 0.0; #Success = 6; #Failed = 0; #Dropped = 0
Target Time = 137.5; Load Intensity = 0.0; #Success = 5; #Failed = 0; #Dropped = 0
Target Time = 138.5; Load Intensity = 0.0; #Success = 12; #Failed = 0; #Dropped = 0
Target Time = 139.5; Load Intensity = 0.0; #Success = 16; #Failed = 0; #Dropped = 0
Workload finished.
Log finished.
📄 LIMBO finalizado para scenario=low
⏳ [04:48:25] Esperando que termine medición: fase3_carga_low_iter2 (PID: 1444431)
  └─ [nitro5:sd] end 04:48:25
  └─ [nitro5:ram] end 04:48:26
  └─ [nitro5:nic] end 04:48:26
  └─ [nitro5:cpu] end 04:48:26
  └─ [aspire:nic] end 04:48:31
  └─ [aspire:cpu] end 04:48:31
  └─ [aspire:sd] end 04:48:33
  └─ [leo:nic] end 04:48:33
  └─ [leo:cpu] end 04:48:37
  └─ [leo:ram] end 04:48:37
  └─ [leo:sd] end 04:48:37
  └─ [aspire:ram] end 04:48:37
  └─ [scorpius:cpu] end 04:48:39
  └─ [scorpius:ram] end 04:48:40
  └─ [scorpius:nic] end 04:48:40
  └─ [scorpius:sd] end 04:48:45
=== Bloque 145s terminado - Fase: fase3_carga_low_iter2 ===
[🧹] Limpiando CSVs internos de ecofloc en cada nodo (fase: fase3_carga_low_iter2)...
  ✔ [nitro5:cpu] limpiado /home/luish/Documents/p3/ecofloc2/ecofloc/ecofloc-cpu/ECOFLOC_CPU_COMM_text.csv
  ✔ [nitro5:nic] limpiado /home/luish/Documents/p3/ecofloc2/ecofloc/ecofloc-nic/ECOFLOC_NIC_COMM_text.csv
  ✔ [nitro5:ram] limpiado /home/luish/Documents/p3/ecofloc2/ecofloc/ecofloc-ram/ECOFLOC_RAM_COMM_text.csv
  ✔ [nitro5:sd] limpiado /home/luish/Documents/p3/ecofloc2/ecofloc/ecofloc-sd/ECOFLOC_SD_COMM_text.csv
  ✔ [leo:cpu] limpiado /home/leo/ecofloc/ecofloc-cpu/ECOFLOC_CPU_COMM_text.csv
  ✔ [leo:nic] limpiado /home/leo/ecofloc/ecofloc-nic/ECOFLOC_NIC_COMM_text.csv
  ✔ [leo:ram] limpiado /home/leo/ecofloc/ecofloc-ram/ECOFLOC_RAM_COMM_text.csv
  ✔ [leo:sd] limpiado /home/leo/ecofloc/ecofloc-sd/ECOFLOC_SD_COMM_text.csv
  ✔ [aspire:cpu] limpiado /home/luish/Documents/p3/ecofloc2/ecofloc/ecofloc-cpu/ECOFLOC_CPU_COMM_text.csv
  ✔ [aspire:nic] limpiado /home/luish/Documents/p3/ecofloc2/ecofloc/ecofloc-nic/ECOFLOC_NIC_COMM_text.csv
  ✔ [aspire:ram] limpiado /home/luish/Documents/p3/ecofloc2/ecofloc/ecofloc-ram/ECOFLOC_RAM_COMM_text.csv
  ✔ [aspire:sd] limpiado /home/luish/Documents/p3/ecofloc2/ecofloc/ecofloc-sd/ECOFLOC_SD_COMM_text.csv
  ✔ [scorpius:cpu] limpiado /home/scorpius03/Documents/ecofloc/ecofloc-cpu/ECOFLOC_CPU_COMM_text.csv
  ✔ [scorpius:nic] limpiado /home/scorpius03/Documents/ecofloc/ecofloc-nic/ECOFLOC_NIC_COMM_text.csv
  ✔ [scorpius:ram] limpiado /home/scorpius03/Documents/ecofloc/ecofloc-ram/ECOFLOC_RAM_COMM_text.csv
  ✔ [scorpius:sd] limpiado /home/scorpius03/Documents/ecofloc/ecofloc-sd/ECOFLOC_SD_COMM_text.csv
========================================
🔋 MEASURE ENERGY FINALIZADO
   Fase: fase3_carga_low_iter2
========================================
✔️ [04:49:03] Medición fase3_carga_low_iter2 completada
[📦] Archivando resultados → ./historyexecutions/exp(04:49:08)_fase3_low_iter2
[✔] Archivado: ./historyexecutions/exp(04:49:08)_fase3_low_iter2
🧹 Limpiando TeaStore (iter 2)...
⏸ Esperando 15s para limpieza completa...
✅ Iteración 2 / 3 del escenario low completada.

########################################################
🔄 ESCENARIO: low | ITERACIÓN: 3 / 3
   Hora: 04:49:58
########################################################
========================================
🔋 FASE 1: Descarga de imágenes (low, iter 3)
========================================
📋 Capturando PIDs (gepidstea.sh)...
📋 Capturando PIDs de contenedores (kpsnodos.sh)...
🔋 [04:50:18] Iniciando medición de energía: fase1_descarga_low_iter3 (25s)
   PID de medición: 1788187
🚀 Desplegando TeaStore desde GitHub...
========================================
🔋 MEASURE ENERGY - Fase: fase1_descarga_low_iter3
   Duración: 25s
   PID: 1788187
========================================
=== Medición bloque 25s - Fase: fase1_descarga_low_iter3 ===
[⏱ 04:50:18] Iniciando ecofloc en nitro5 por 25s (fase: fase1_descarga_low_iter3)
⏳ Esperando a que todos los pods de TeaStore estén Running y Ready...
  ├─ [nitro5:sd] start 04:50:18
  ├─ [nitro5:ram] start 04:50:19
  ├─ [nitro5:nic] start 04:50:19
[⏱ 04:50:20] Iniciando ecofloc en aspire por 25s (fase: fase1_descarga_low_iter3)
  ├─ [nitro5:cpu] start 04:50:20
  ├─ [aspire:sd] start 04:50:20
  ├─ [aspire:ram] start 04:50:20
  ├─ [aspire:nic] start 04:50:20
[⏱ 04:50:20] Iniciando ecofloc en scorpius por 25s (fase: fase1_descarga_low_iter3)
  ├─ [aspire:cpu] start 04:50:20
  ├─ [scorpius:ram] start 04:50:20
  ├─ [scorpius:sd] start 04:50:20
  ├─ [scorpius:nic] start 04:50:20
[⏱ 04:50:20] Iniciando ecofloc en leo por 25s (fase: fase1_descarga_low_iter3)
  ├─ [scorpius:cpu] start 04:50:20
  ├─ [leo:sd] start 04:50:20
  ├─ [leo:ram] start 04:50:20
  ├─ [leo:nic] start 04:50:20
  ├─ [leo:cpu] start 04:50:20
✅ Pods listos.
⏳ [04:50:27] Esperando que termine medición: fase1_descarga_low_iter3 (PID: 1788187)
  └─ [nitro5:sd] end 04:50:43
  └─ [nitro5:ram] end 04:50:44
  └─ [nitro5:nic] end 04:50:44
  └─ [nitro5:cpu] end 04:50:45
  └─ [aspire:sd] end 04:50:46
  └─ [leo:cpu] end 04:50:46
  └─ [aspire:cpu] end 04:50:46
  └─ [leo:sd] end 04:50:46
  └─ [leo:nic] end 04:50:47
  └─ [aspire:ram] end 04:50:47
  └─ [aspire:nic] end 04:50:47
  └─ [leo:ram] end 04:50:47
  └─ [scorpius:sd] end 04:50:49
  └─ [scorpius:nic] end 04:50:50
  └─ [scorpius:cpu] end 04:50:50
  └─ [scorpius:ram] end 04:50:50
=== Bloque 25s terminado - Fase: fase1_descarga_low_iter3 ===
[🧹] Limpiando CSVs internos de ecofloc en cada nodo (fase: fase1_descarga_low_iter3)...
  ✔ [nitro5:cpu] limpiado /home/luish/Documents/p3/ecofloc2/ecofloc/ecofloc-cpu/ECOFLOC_CPU_COMM_text.csv
  ✔ [nitro5:nic] limpiado /home/luish/Documents/p3/ecofloc2/ecofloc/ecofloc-nic/ECOFLOC_NIC_COMM_text.csv
  ✔ [nitro5:ram] limpiado /home/luish/Documents/p3/ecofloc2/ecofloc/ecofloc-ram/ECOFLOC_RAM_COMM_text.csv
  ✔ [nitro5:sd] limpiado /home/luish/Documents/p3/ecofloc2/ecofloc/ecofloc-sd/ECOFLOC_SD_COMM_text.csv
  ✔ [leo:cpu] limpiado /home/leo/ecofloc/ecofloc-cpu/ECOFLOC_CPU_COMM_text.csv
  ✔ [leo:nic] limpiado /home/leo/ecofloc/ecofloc-nic/ECOFLOC_NIC_COMM_text.csv
  ✔ [leo:ram] limpiado /home/leo/ecofloc/ecofloc-ram/ECOFLOC_RAM_COMM_text.csv
  ✔ [leo:sd] limpiado /home/leo/ecofloc/ecofloc-sd/ECOFLOC_SD_COMM_text.csv
  ✔ [aspire:cpu] limpiado /home/luish/Documents/p3/ecofloc2/ecofloc/ecofloc-cpu/ECOFLOC_CPU_COMM_text.csv
  ✔ [aspire:nic] limpiado /home/luish/Documents/p3/ecofloc2/ecofloc/ecofloc-nic/ECOFLOC_NIC_COMM_text.csv
  ✔ [aspire:ram] limpiado /home/luish/Documents/p3/ecofloc2/ecofloc/ecofloc-ram/ECOFLOC_RAM_COMM_text.csv
  ✔ [aspire:sd] limpiado /home/luish/Documents/p3/ecofloc2/ecofloc/ecofloc-sd/ECOFLOC_SD_COMM_text.csv
  ✔ [scorpius:cpu] limpiado /home/scorpius03/Documents/ecofloc/ecofloc-cpu/ECOFLOC_CPU_COMM_text.csv
  ✔ [scorpius:nic] limpiado /home/scorpius03/Documents/ecofloc/ecofloc-nic/ECOFLOC_NIC_COMM_text.csv
  ✔ [scorpius:ram] limpiado /home/scorpius03/Documents/ecofloc/ecofloc-ram/ECOFLOC_RAM_COMM_text.csv
  ✔ [scorpius:sd] limpiado /home/scorpius03/Documents/ecofloc/ecofloc-sd/ECOFLOC_SD_COMM_text.csv
========================================
🔋 MEASURE ENERGY FINALIZADO
   Fase: fase1_descarga_low_iter3
========================================
✔️ [04:50:55] Medición fase1_descarga_low_iter3 completada
[📦] Archivando resultados → ./historyexecutions/exp(04:51:00)_fase1_low_iter3
[✔] Archivado: ./historyexecutions/exp(04:51:00)_fase1_low_iter3
========================================
🔋 FASE 2: Preparación de servicios (low, iter 3)
========================================
📋 Capturando PIDs (gepidstea.sh)...
📋 Capturando PIDs de contenedores (kpsnodos.sh)...
🔋 [04:51:26] Iniciando medición de energía: fase2_preparacion_low_iter3 (50s)
   PID de medición: 1851133
========================================
🔋 MEASURE ENERGY - Fase: fase2_preparacion_low_iter3
   Duración: 50s
   PID: 1851133
========================================
=== Medición bloque 50s - Fase: fase2_preparacion_low_iter3 ===
[⏱ 04:51:26] Iniciando ecofloc en nitro5 por 50s (fase: fase2_preparacion_low_iter3)
⏳ Esperando 10s a que CoreDNS se estabilice...
  ├─ [nitro5:sd] start 04:51:27
  ├─ [nitro5:ram] start 04:51:27
  ├─ [nitro5:nic] start 04:51:27
[⏱ 04:51:28] Iniciando ecofloc en aspire por 50s (fase: fase2_preparacion_low_iter3)
  ├─ [nitro5:cpu] start 04:51:28
  ├─ [aspire:sd] start 04:51:28
  ├─ [aspire:ram] start 04:51:28
[⏱ 04:51:28] Iniciando ecofloc en scorpius por 50s (fase: fase2_preparacion_low_iter3)
  ├─ [aspire:nic] start 04:51:28
  ├─ [aspire:cpu] start 04:51:28
  ├─ [scorpius:sd] start 04:51:28
  ├─ [scorpius:ram] start 04:51:28
  ├─ [scorpius:nic] start 04:51:28
[⏱ 04:51:28] Iniciando ecofloc en leo por 50s (fase: fase2_preparacion_low_iter3)
  ├─ [scorpius:cpu] start 04:51:28
  ├─ [leo:sd] start 04:51:28
  ├─ [leo:ram] start 04:51:28
  ├─ [leo:nic] start 04:51:28
  ├─ [leo:cpu] start 04:51:28
➡️ Pod WebUI: teastore-webui-558b54cc77-zqf2k
➡️ Está en el nodo: luish-aspire-a315-55g
🌐 IP del nodo WebUI: 192.168.18.37
⏳ Verificando estado del TeaStore en http://192.168.18.37:30080/tools.descartes.teastore.webui/status ...
   ➤ Estado actual: 5 / 5 servicios OK
✔ TODOS los servicios del TeaStore están OK. Continuando...
⏳ [04:51:44] Esperando que termine medición: fase2_preparacion_low_iter3 (PID: 1851133)
  └─ [nitro5:sd] end 04:52:17
  └─ [nitro5:ram] end 04:52:17
  └─ [nitro5:nic] end 04:52:17
  └─ [nitro5:cpu] end 04:52:18
  └─ [aspire:sd] end 04:52:19
  └─ [leo:sd] end 04:52:20
  └─ [aspire:cpu] end 04:52:20
  └─ [leo:cpu] end 04:52:21
  └─ [aspire:nic] end 04:52:22
  └─ [scorpius:cpu] end 04:52:22
  └─ [leo:nic] end 04:52:23
  └─ [leo:ram] end 04:52:24
  └─ [scorpius:sd] end 04:52:25
  └─ [scorpius:nic] end 04:52:25
  └─ [scorpius:ram] end 04:52:26
=== Bloque 50s terminado - Fase: fase2_preparacion_low_iter3 ===
[🧹] Limpiando CSVs internos de ecofloc en cada nodo (fase: fase2_preparacion_low_iter3)...
  ✔ [nitro5:cpu] limpiado /home/luish/Documents/p3/ecofloc2/ecofloc/ecofloc-cpu/ECOFLOC_CPU_COMM_text.csv
  ✔ [nitro5:nic] limpiado /home/luish/Documents/p3/ecofloc2/ecofloc/ecofloc-nic/ECOFLOC_NIC_COMM_text.csv
  ✔ [nitro5:ram] limpiado /home/luish/Documents/p3/ecofloc2/ecofloc/ecofloc-ram/ECOFLOC_RAM_COMM_text.csv
  ✔ [nitro5:sd] limpiado /home/luish/Documents/p3/ecofloc2/ecofloc/ecofloc-sd/ECOFLOC_SD_COMM_text.csv
  ✔ [leo:cpu] limpiado /home/leo/ecofloc/ecofloc-cpu/ECOFLOC_CPU_COMM_text.csv
  ✔ [leo:nic] limpiado /home/leo/ecofloc/ecofloc-nic/ECOFLOC_NIC_COMM_text.csv
  ✔ [leo:ram] limpiado /home/leo/ecofloc/ecofloc-ram/ECOFLOC_RAM_COMM_text.csv
  ✔ [leo:sd] limpiado /home/leo/ecofloc/ecofloc-sd/ECOFLOC_SD_COMM_text.csv
  ✔ [aspire:cpu] limpiado /home/luish/Documents/p3/ecofloc2/ecofloc/ecofloc-cpu/ECOFLOC_CPU_COMM_text.csv
  ✔ [aspire:nic] limpiado /home/luish/Documents/p3/ecofloc2/ecofloc/ecofloc-nic/ECOFLOC_NIC_COMM_text.csv
  ✔ [aspire:ram] limpiado /home/luish/Documents/p3/ecofloc2/ecofloc/ecofloc-ram/ECOFLOC_RAM_COMM_text.csv
  ✔ [aspire:sd] limpiado /home/luish/Documents/p3/ecofloc2/ecofloc/ecofloc-sd/ECOFLOC_SD_COMM_text.csv
  ✔ [scorpius:cpu] limpiado /home/scorpius03/Documents/ecofloc/ecofloc-cpu/ECOFLOC_CPU_COMM_text.csv
  ✔ [scorpius:nic] limpiado /home/scorpius03/Documents/ecofloc/ecofloc-nic/ECOFLOC_NIC_COMM_text.csv
  ✔ [scorpius:ram] limpiado /home/scorpius03/Documents/ecofloc/ecofloc-ram/ECOFLOC_RAM_COMM_text.csv
  ✔ [scorpius:sd] limpiado /home/scorpius03/Documents/ecofloc/ecofloc-sd/ECOFLOC_SD_COMM_text.csv
========================================
🔋 MEASURE ENERGY FINALIZADO
   Fase: fase2_preparacion_low_iter3
========================================
✔️ [04:52:33] Medición fase2_preparacion_low_iter3 completada
[📦] Archivando resultados → ./historyexecutions/exp(04:52:38)_fase2_low_iter3
[✔] Archivado: ./historyexecutions/exp(04:52:38)_fase2_low_iter3
========================================
🔋 FASE 3: Ejecución de carga (low, iter 3)
========================================
📋 Capturando PIDs (gepidstea.sh)...
📋 Capturando PIDs de contenedores (kpsnodos.sh)...
🔋 [04:52:57] Iniciando medición de energía: fase3_carga_low_iter3 (145s)
   PID de medición: 1976844
=== Escenario low (iter 3) ===
========================================
🔋 MEASURE ENERGY - Fase: fase3_carga_low_iter3
   Duración: 145s
   PID: 1976844
========================================
=== Medición bloque 145s - Fase: fase3_carga_low_iter3 ===
🚀 Iniciando LIMBO con profile=/home/luish/Documents/death/teastore/TeaStore/examples/httploadgenerator/increasingLowIntensity.csv y script=/home/luish/Documents/death/teastore/TeaStore/examples/httploadgenerator/teastore_buy.lua
[⏱ 04:52:57] Iniciando ecofloc en nitro5 por 145s (fase: fase3_carga_low_iter3)
Feb 19, 2026 4:52:57 AM tools.descartes.dlim.httploadgenerator.runner.Director executeDirector
WARNING: No power measurements
Feb 19, 2026 4:52:57 AM tools.descartes.dlim.httploadgenerator.runner.Director executeDirector
INFO: Load Generator Thread Count set to 128
Feb 19, 2026 4:52:57 AM tools.descartes.dlim.httploadgenerator.runner.Director executeDirector
INFO: URL connection timout set to 10000 ms
Feb 19, 2026 4:52:57 AM tools.descartes.dlim.httploadgenerator.runner.Director executeDirector
INFO: Using Lua Script: /home/luish/Documents/death/teastore/TeaStore/examples/httploadgenerator/teastore_buy.lua
Feb 19, 2026 4:52:57 AM tools.descartes.dlim.httploadgenerator.runner.Director process
INFO: Read 120 Arrival Rate Tuples
Load Generator sent: ok
Feb 19, 2026 4:52:57 AM tools.descartes.dlim.httploadgenerator.runner.Director process
INFO: Arrival Rates sent to Load Generator(s).
Load Generator sent: ok
Feb 19, 2026 4:52:57 AM tools.descartes.dlim.httploadgenerator.runner.Director process
INFO: Thread Count sent to Load Generator(s): 128
Load Generator sent: ok
Feb 19, 2026 4:52:57 AM tools.descartes.dlim.httploadgenerator.runner.Director process
INFO: URL connection timeout sent to Load Generator(s): 10000
Load Generator sent: ok
Feb 19, 2026 4:52:57 AM tools.descartes.dlim.httploadgenerator.runner.Director process
INFO: Contents of script sent to Load Generator: /home/luish/Documents/death/teastore/TeaStore/examples/httploadgenerator/teastore_buy.lua
Feb 19, 2026 4:52:57 AM tools.descartes.dlim.httploadgenerator.runner.Director process
INFO: Starting Load Generation
Beginning Run @1771494777856(19.02.2026;04:52:57856)
Target Time = 0.5; Load Intensity = 0.0; #Success = 0; #Failed = 0; #Dropped = 0
  ├─ [nitro5:sd] start 04:52:58
  ├─ [nitro5:ram] start 04:52:58
  ├─ [nitro5:nic] start 04:52:58
[⏱ 04:52:59] Iniciando ecofloc en aspire por 145s (fase: fase3_carga_low_iter3)
  ├─ [nitro5:cpu] start 04:52:59
  ├─ [aspire:sd] start 04:52:59
  ├─ [aspire:ram] start 04:52:59
[⏱ 04:52:59] Iniciando ecofloc en scorpius por 145s (fase: fase3_carga_low_iter3)
  ├─ [aspire:nic] start 04:52:59
  ├─ [aspire:cpu] start 04:52:59
  ├─ [scorpius:sd] start 04:52:59
  ├─ [scorpius:ram] start 04:52:59
[⏱ 04:52:59] Iniciando ecofloc en leo por 145s (fase: fase3_carga_low_iter3)
  ├─ [scorpius:nic] start 04:52:59
  ├─ [scorpius:cpu] start 04:52:59
  ├─ [leo:sd] start 04:52:59
  ├─ [leo:ram] start 04:52:59
  ├─ [leo:nic] start 04:52:59
  ├─ [leo:cpu] start 04:52:59
Target Time = 1.5; Load Intensity = 1.0; #Success = 0; #Failed = 0; #Dropped = 0
Target Time = 2.5; Load Intensity = 2.0; #Success = 0; #Failed = 0; #Dropped = 0
Target Time = 3.5; Load Intensity = 2.0; #Success = 0; #Failed = 0; #Dropped = 0
Target Time = 4.5; Load Intensity = 3.0; #Success = 8; #Failed = 0; #Dropped = 0
Target Time = 5.5; Load Intensity = 4.0; #Success = 4; #Failed = 0; #Dropped = 0
Target Time = 6.5; Load Intensity = 5.0; #Success = 4; #Failed = 0; #Dropped = 0
Target Time = 7.5; Load Intensity = 6.0; #Success = 6; #Failed = 0; #Dropped = 0
Target Time = 8.5; Load Intensity = 7.0; #Success = 8; #Failed = 0; #Dropped = 0
Target Time = 9.5; Load Intensity = 7.0; #Success = 7; #Failed = 0; #Dropped = 0
Target Time = 10.5; Load Intensity = 8.0; #Success = 6; #Failed = 0; #Dropped = 0
Target Time = 11.5; Load Intensity = 9.0; #Success = 11; #Failed = 0; #Dropped = 0
Target Time = 12.5; Load Intensity = 10.0; #Success = 10; #Failed = 0; #Dropped = 0
Target Time = 13.5; Load Intensity = 11.0; #Success = 8; #Failed = 0; #Dropped = 0
Target Time = 14.5; Load Intensity = 12.0; #Success = 12; #Failed = 0; #Dropped = 0
Target Time = 15.5; Load Intensity = 12.0; #Success = 10; #Failed = 0; #Dropped = 0
Target Time = 16.5; Load Intensity = 13.0; #Success = 18; #Failed = 0; #Dropped = 0
Target Time = 17.5; Load Intensity = 14.0; #Success = 14; #Failed = 0; #Dropped = 0
Target Time = 18.5; Load Intensity = 15.0; #Success = 2; #Failed = 0; #Dropped = 0
Target Time = 19.5; Load Intensity = 16.0; #Success = 26; #Failed = 0; #Dropped = 0
Target Time = 20.5; Load Intensity = 17.0; #Success = 19; #Failed = 0; #Dropped = 0
Target Time = 21.5; Load Intensity = 17.0; #Success = 17; #Failed = 0; #Dropped = 0
Target Time = 22.5; Load Intensity = 18.0; #Success = 17; #Failed = 0; #Dropped = 0
Target Time = 23.5; Load Intensity = 19.0; #Success = 19; #Failed = 0; #Dropped = 0
Target Time = 24.5; Load Intensity = 20.0; #Success = 20; #Failed = 0; #Dropped = 0
Target Time = 25.5; Load Intensity = 21.0; #Success = 10; #Failed = 0; #Dropped = 0
Target Time = 26.5; Load Intensity = 22.0; #Success = 0; #Failed = 0; #Dropped = 0
Target Time = 27.5; Load Intensity = 22.0; #Success = 0; #Failed = 0; #Dropped = 0
Target Time = 28.5; Load Intensity = 23.0; #Success = 3; #Failed = 0; #Dropped = 0
Target Time = 29.5; Load Intensity = 24.0; #Success = 60; #Failed = 0; #Dropped = 0
Target Time = 30.5; Load Intensity = 25.0; #Success = 12; #Failed = 0; #Dropped = 0
Target Time = 31.5; Load Intensity = 26.0; #Success = 10; #Failed = 0; #Dropped = 0
Target Time = 32.5; Load Intensity = 27.0; #Success = 22; #Failed = 0; #Dropped = 0
Target Time = 33.5; Load Intensity = 27.0; #Success = 21; #Failed = 0; #Dropped = 0
Target Time = 34.5; Load Intensity = 28.0; #Success = 0; #Failed = 0; #Dropped = 0
Target Time = 35.5; Load Intensity = 29.0; #Success = 0; #Failed = 0; #Dropped = 0
Target Time = 36.5; Load Intensity = 30.0; #Success = 0; #Failed = 0; #Dropped = 0
Target Time = 37.5; Load Intensity = 31.0; #Success = 0; #Failed = 0; #Dropped = 0
Target Time = 38.5; Load Intensity = 32.0; #Success = 0; #Failed = 0; #Dropped = 0
Target Time = 39.5; Load Intensity = 32.0; #Success = 0; #Failed = 0; #Dropped = 0
Target Time = 40.5; Load Intensity = 33.0; #Success = 0; #Failed = 0; #Dropped = 0
Target Time = 41.5; Load Intensity = 34.0; #Success = 27; #Failed = 0; #Dropped = 0
Target Time = 42.5; Load Intensity = 35.0; #Success = 27; #Failed = 0; #Dropped = 0
Target Time = 43.5; Load Intensity = 36.0; #Success = 28; #Failed = 0; #Dropped = 0
Target Time = 44.5; Load Intensity = 37.0; #Success = 29; #Failed = 0; #Dropped = 0
Target Time = 45.5; Load Intensity = 37.0; #Success = 17; #Failed = 0; #Dropped = 0
Target Time = 46.5; Load Intensity = 38.0; #Success = 0; #Failed = 0; #Dropped = 0
Target Time = 47.5; Load Intensity = 39.0; #Success = 0; #Failed = 0; #Dropped = 0
Target Time = 48.5; Load Intensity = 40.0; #Success = 0; #Failed = 0; #Dropped = 0
Target Time = 49.5; Load Intensity = 41.0; #Success = 0; #Failed = 0; #Dropped = 0
Target Time = 50.5; Load Intensity = 42.0; #Success = 2; #Failed = 0; #Dropped = 40
Target Time = 51.5; Load Intensity = 42.0; #Success = 25; #Failed = 0; #Dropped = 7
Target Time = 52.5; Load Intensity = 43.0; #Success = 27; #Failed = 0; #Dropped = 8
Target Time = 53.5; Load Intensity = 44.0; #Success = 28; #Failed = 0; #Dropped = 8
Target Time = 54.5; Load Intensity = 45.0; #Success = 27; #Failed = 0; #Dropped = 10
Target Time = 55.5; Load Intensity = 46.0; #Success = 19; #Failed = 0; #Dropped = 4
Target Time = 56.5; Load Intensity = 47.0; #Success = 0; #Failed = 0; #Dropped = 0
Target Time = 57.5; Load Intensity = 47.0; #Success = 0; #Failed = 0; #Dropped = 0
Target Time = 58.5; Load Intensity = 48.0; #Success = 0; #Failed = 0; #Dropped = 0
Target Time = 59.5; Load Intensity = 49.0; #Success = 0; #Failed = 0; #Dropped = 0
Target Time = 60.5; Load Intensity = 50.0; #Success = 0; #Failed = 0; #Dropped = 0
Target Time = 61.5; Load Intensity = 51.0; #Success = 27; #Failed = 0; #Dropped = 229
Target Time = 62.5; Load Intensity = 52.0; #Success = 26; #Failed = 0; #Dropped = 15
Target Time = 63.5; Load Intensity = 52.0; #Success = 29; #Failed = 0; #Dropped = 18
Target Time = 64.5; Load Intensity = 53.0; #Success = 27; #Failed = 0; #Dropped = 17
Target Time = 65.5; Load Intensity = 54.0; #Success = 19; #Failed = 0; #Dropped = 10
Target Time = 66.5; Load Intensity = 55.0; #Success = 0; #Failed = 0; #Dropped = 0
Target Time = 67.5; Load Intensity = 56.0; #Success = 0; #Failed = 0; #Dropped = 0
Target Time = 68.5; Load Intensity = 57.0; #Success = 0; #Failed = 0; #Dropped = 0
Target Time = 69.5; Load Intensity = 57.0; #Success = 0; #Failed = 0; #Dropped = 0
Target Time = 70.5; Load Intensity = 58.0; #Success = 3; #Failed = 0; #Dropped = 263
Target Time = 71.5; Load Intensity = 59.0; #Success = 24; #Failed = 0; #Dropped = 20
Target Time = 72.5; Load Intensity = 60.0; #Success = 27; #Failed = 0; #Dropped = 27
Target Time = 73.5; Load Intensity = 61.0; #Success = 29; #Failed = 0; #Dropped = 25
Target Time = 74.5; Load Intensity = 62.0; #Success = 27; #Failed = 0; #Dropped = 24
Target Time = 75.5; Load Intensity = 62.0; #Success = 18; #Failed = 0; #Dropped = 19
Target Time = 76.5; Load Intensity = 63.0; #Success = 0; #Failed = 0; #Dropped = 0
Target Time = 77.5; Load Intensity = 64.0; #Success = 0; #Failed = 0; #Dropped = 0
Target Time = 78.5; Load Intensity = 65.0; #Success = 0; #Failed = 0; #Dropped = 0
Target Time = 79.5; Load Intensity = 66.0; #Success = 0; #Failed = 0; #Dropped = 0
Target Time = 80.5; Load Intensity = 67.0; #Success = 2; #Failed = 0; #Dropped = 296
Target Time = 81.5; Load Intensity = 67.0; #Success = 27; #Failed = 0; #Dropped = 37
Target Time = 82.5; Load Intensity = 68.0; #Success = 25; #Failed = 0; #Dropped = 31
Target Time = 83.5; Load Intensity = 69.0; #Success = 25; #Failed = 0; #Dropped = 34
Target Time = 84.5; Load Intensity = 70.0; #Success = 28; #Failed = 0; #Dropped = 33
Target Time = 85.5; Load Intensity = 71.0; #Success = 21; #Failed = 0; #Dropped = 31
Target Time = 86.5; Load Intensity = 72.0; #Success = 0; #Failed = 0; #Dropped = 0
Target Time = 87.5; Load Intensity = 72.0; #Success = 0; #Failed = 0; #Dropped = 0
Target Time = 88.5; Load Intensity = 73.0; #Success = 0; #Failed = 0; #Dropped = 0
Target Time = 89.5; Load Intensity = 74.0; #Success = 0; #Failed = 0; #Dropped = 0
Target Time = 90.5; Load Intensity = 75.0; #Success = 3; #Failed = 0; #Dropped = 337
Target Time = 91.5; Load Intensity = 76.0; #Success = 22; #Failed = 0; #Dropped = 35
Target Time = 92.5; Load Intensity = 77.0; #Success = 29; #Failed = 0; #Dropped = 46
Target Time = 93.5; Load Intensity = 77.0; #Success = 28; #Failed = 0; #Dropped = 46
Target Time = 94.5; Load Intensity = 78.0; #Success = 26; #Failed = 0; #Dropped = 42
Target Time = 95.5; Load Intensity = 79.0; #Success = 20; #Failed = 0; #Dropped = 31
Target Time = 96.5; Load Intensity = 80.0; #Success = 0; #Failed = 0; #Dropped = 0
Target Time = 97.5; Load Intensity = 81.0; #Success = 0; #Failed = 0; #Dropped = 0
Target Time = 98.5; Load Intensity = 82.0; #Success = 0; #Failed = 0; #Dropped = 0
Target Time = 99.5; Load Intensity = 82.0; #Success = 0; #Failed = 0; #Dropped = 0
Target Time = 100.5; Load Intensity = 83.0; #Success = 2; #Failed = 0; #Dropped = 382
Target Time = 101.5; Load Intensity = 84.0; #Success = 24; #Failed = 0; #Dropped = 54
Target Time = 102.5; Load Intensity = 85.0; #Success = 28; #Failed = 0; #Dropped = 46
Target Time = 103.5; Load Intensity = 86.0; #Success = 25; #Failed = 0; #Dropped = 50
Target Time = 104.5; Load Intensity = 87.0; #Success = 32; #Failed = 0; #Dropped = 53
Target Time = 105.5; Load Intensity = 87.0; #Success = 17; #Failed = 0; #Dropped = 41
Target Time = 106.5; Load Intensity = 88.0; #Success = 0; #Failed = 0; #Dropped = 0
Target Time = 107.5; Load Intensity = 89.0; #Success = 0; #Failed = 0; #Dropped = 0
Target Time = 108.5; Load Intensity = 90.0; #Success = 0; #Failed = 0; #Dropped = 0
Target Time = 109.5; Load Intensity = 91.0; #Success = 0; #Failed = 0; #Dropped = 0
Target Time = 110.5; Load Intensity = 92.0; #Success = 1; #Failed = 0; #Dropped = 423
Target Time = 111.5; Load Intensity = 92.0; #Success = 26; #Failed = 0; #Dropped = 62
Target Time = 112.5; Load Intensity = 93.0; #Success = 26; #Failed = 0; #Dropped = 50
Target Time = 113.5; Load Intensity = 94.0; #Success = 29; #Failed = 0; #Dropped = 68
Target Time = 114.5; Load Intensity = 95.0; #Success = 27; #Failed = 0; #Dropped = 53
Target Time = 115.5; Load Intensity = 96.0; #Success = 19; #Failed = 0; #Dropped = 45
Target Time = 116.5; Load Intensity = 97.0; #Success = 0; #Failed = 0; #Dropped = 0
Target Time = 117.5; Load Intensity = 97.0; #Success = 0; #Failed = 0; #Dropped = 0
Target Time = 118.5; Load Intensity = 98.0; #Success = 0; #Failed = 0; #Dropped = 0
Target Time = 119.5; Load Intensity = 99.0; #Success = 0; #Failed = 0; #Dropped = 0
Target Time = 120.5; Load Intensity = 0.0; #Success = 0; #Failed = 0; #Dropped = 0
Target Time = 121.5; Load Intensity = 0.0; #Success = 27; #Failed = 0; #Dropped = 537
Target Time = 122.5; Load Intensity = 0.0; #Success = 27; #Failed = 0; #Dropped = 72
Target Time = 123.5; Load Intensity = 0.0; #Success = 28; #Failed = 0; #Dropped = 64
Target Time = 124.5; Load Intensity = 0.0; #Success = 27; #Failed = 0; #Dropped = 66
Target Time = 125.5; Load Intensity = 0.0; #Success = 19; #Failed = 0; #Dropped = 35
Target Time = 126.5; Load Intensity = 0.0; #Success = 0; #Failed = 0; #Dropped = 0
Target Time = 127.5; Load Intensity = 0.0; #Success = 0; #Failed = 0; #Dropped = 0
Target Time = 128.5; Load Intensity = 0.0; #Success = 0; #Failed = 0; #Dropped = 0
Target Time = 129.5; Load Intensity = 0.0; #Success = 2; #Failed = 0; #Dropped = 376
Target Time = 130.5; Load Intensity = 0.0; #Success = 4; #Failed = 0; #Dropped = 54
Target Time = 131.5; Load Intensity = 0.0; #Success = 21; #Failed = 0; #Dropped = 0
Target Time = 132.5; Load Intensity = 0.0; #Success = 27; #Failed = 0; #Dropped = 0
Target Time = 133.5; Load Intensity = 0.0; #Success = 28; #Failed = 0; #Dropped = 0
Target Time = 134.5; Load Intensity = 0.0; #Success = 28; #Failed = 0; #Dropped = 0
Target Time = 135.5; Load Intensity = 0.0; #Success = 18; #Failed = 0; #Dropped = 0
Target Time = 136.5; Load Intensity = 0.0; #Success = 0; #Failed = 0; #Dropped = 0
Target Time = 137.5; Load Intensity = 0.0; #Success = 0; #Failed = 0; #Dropped = 0
Target Time = 138.5; Load Intensity = 0.0; #Success = 0; #Failed = 1; #Dropped = 0
Target Time = 139.5; Load Intensity = 0.0; #Success = 1; #Failed = 0; #Dropped = 0
Workload finished.
Log finished.
📄 LIMBO finalizado para scenario=low
⏳ [04:55:22] Esperando que termine medición: fase3_carga_low_iter3 (PID: 1976844)
  └─ [nitro5:sd] end 04:55:23
  └─ [nitro5:ram] end 04:55:23
  └─ [nitro5:nic] end 04:55:23
  └─ [nitro5:cpu] end 04:55:24
  └─ [aspire:sd] end 04:55:25
  └─ [aspire:cpu] end 04:55:25
  └─ [leo:sd] end 04:55:28
  └─ [aspire:ram] end 04:55:28
  └─ [leo:cpu] end 04:55:28
  └─ [aspire:nic] end 04:55:29
  └─ [scorpius:sd] end 04:55:30
  └─ [scorpius:ram] end 04:55:32
  └─ [leo:ram] end 04:55:33
  └─ [leo:nic] end 04:55:33
  └─ [scorpius:nic] end 04:55:34
  └─ [scorpius:cpu] end 04:55:34
=== Bloque 145s terminado - Fase: fase3_carga_low_iter3 ===
[🧹] Limpiando CSVs internos de ecofloc en cada nodo (fase: fase3_carga_low_iter3)...
  ✔ [nitro5:cpu] limpiado /home/luish/Documents/p3/ecofloc2/ecofloc/ecofloc-cpu/ECOFLOC_CPU_COMM_text.csv
  ✔ [nitro5:nic] limpiado /home/luish/Documents/p3/ecofloc2/ecofloc/ecofloc-nic/ECOFLOC_NIC_COMM_text.csv
  ✔ [nitro5:ram] limpiado /home/luish/Documents/p3/ecofloc2/ecofloc/ecofloc-ram/ECOFLOC_RAM_COMM_text.csv
  ✔ [nitro5:sd] limpiado /home/luish/Documents/p3/ecofloc2/ecofloc/ecofloc-sd/ECOFLOC_SD_COMM_text.csv
  ✔ [leo:cpu] limpiado /home/leo/ecofloc/ecofloc-cpu/ECOFLOC_CPU_COMM_text.csv
  ✔ [leo:nic] limpiado /home/leo/ecofloc/ecofloc-nic/ECOFLOC_NIC_COMM_text.csv
  ✔ [leo:ram] limpiado /home/leo/ecofloc/ecofloc-ram/ECOFLOC_RAM_COMM_text.csv
  ✔ [leo:sd] limpiado /home/leo/ecofloc/ecofloc-sd/ECOFLOC_SD_COMM_text.csv
  ✔ [aspire:cpu] limpiado /home/luish/Documents/p3/ecofloc2/ecofloc/ecofloc-cpu/ECOFLOC_CPU_COMM_text.csv
  ✔ [aspire:nic] limpiado /home/luish/Documents/p3/ecofloc2/ecofloc/ecofloc-nic/ECOFLOC_NIC_COMM_text.csv
  ✔ [aspire:ram] limpiado /home/luish/Documents/p3/ecofloc2/ecofloc/ecofloc-ram/ECOFLOC_RAM_COMM_text.csv
  ✔ [aspire:sd] limpiado /home/luish/Documents/p3/ecofloc2/ecofloc/ecofloc-sd/ECOFLOC_SD_COMM_text.csv
  ✔ [scorpius:cpu] limpiado /home/scorpius03/Documents/ecofloc/ecofloc-cpu/ECOFLOC_CPU_COMM_text.csv
  ✔ [scorpius:nic] limpiado /home/scorpius03/Documents/ecofloc/ecofloc-nic/ECOFLOC_NIC_COMM_text.csv
  ✔ [scorpius:ram] limpiado /home/scorpius03/Documents/ecofloc/ecofloc-ram/ECOFLOC_RAM_COMM_text.csv
  ✔ [scorpius:sd] limpiado /home/scorpius03/Documents/ecofloc/ecofloc-sd/ECOFLOC_SD_COMM_text.csv
========================================
🔋 MEASURE ENERGY FINALIZADO
   Fase: fase3_carga_low_iter3
========================================
✔️ [04:55:39] Medición fase3_carga_low_iter3 completada
[📦] Archivando resultados → ./historyexecutions/exp(04:55:44)_fase3_low_iter3
[✔] Archivado: ./historyexecutions/exp(04:55:44)_fase3_low_iter3
🧹 Limpiando TeaStore (iter 3)...
⏸ Esperando 15s para limpieza completa...
✅ Iteración 3 / 3 del escenario low completada.

🏁 Escenario low finalizado (3 iteraciones).

########################################################
🔄 ESCENARIO: medium | ITERACIÓN: 1 / 3
   Hora: 04:56:33
########################################################
========================================
🔋 FASE 1: Descarga de imágenes (medium, iter 1)
========================================
📋 Capturando PIDs (gepidstea.sh)...
📋 Capturando PIDs de contenedores (kpsnodos.sh)...
🔋 [04:56:55] Iniciando medición de energía: fase1_descarga_medium_iter1 (25s)
   PID de medición: 2340636
🚀 Desplegando TeaStore desde GitHub...
========================================
🔋 MEASURE ENERGY - Fase: fase1_descarga_medium_iter1
   Duración: 25s
   PID: 2340636
========================================
=== Medición bloque 25s - Fase: fase1_descarga_medium_iter1 ===
[⏱ 04:56:55] Iniciando ecofloc en nitro5 por 25s (fase: fase1_descarga_medium_iter1)
⏳ Esperando a que todos los pods de TeaStore estén Running y Ready...
  ├─ [nitro5:sd] start 04:56:55
  ├─ [nitro5:ram] start 04:56:56
  ├─ [nitro5:nic] start 04:56:56
[⏱ 04:56:57] Iniciando ecofloc en aspire por 25s (fase: fase1_descarga_medium_iter1)
  ├─ [nitro5:cpu] start 04:56:57
  ├─ [aspire:sd] start 04:56:57
  ├─ [aspire:ram] start 04:56:57
[⏱ 04:56:57] Iniciando ecofloc en scorpius por 25s (fase: fase1_descarga_medium_iter1)
  ├─ [aspire:nic] start 04:56:57
  ├─ [aspire:cpu] start 04:56:57
  ├─ [scorpius:sd] start 04:56:57
  ├─ [scorpius:ram] start 04:56:57
  ├─ [scorpius:nic] start 04:56:57
[⏱ 04:56:57] Iniciando ecofloc en leo por 25s (fase: fase1_descarga_medium_iter1)
  ├─ [scorpius:cpu] start 04:56:57
  ├─ [leo:sd] start 04:56:57
  ├─ [leo:ram] start 04:56:57
  ├─ [leo:cpu] start 04:56:57
  ├─ [leo:nic] start 04:56:57
✅ Pods listos.
⏳ [04:57:12] Esperando que termine medición: fase1_descarga_medium_iter1 (PID: 2340636)
  └─ [nitro5:sd] end 04:57:20
  └─ [nitro5:ram] end 04:57:21
  └─ [nitro5:nic] end 04:57:21
  └─ [nitro5:cpu] end 04:57:22
  └─ [leo:sd] end 04:57:26
  └─ [leo:cpu] end 04:57:26
  └─ [aspire:sd] end 04:57:28
  └─ [aspire:cpu] end 04:57:28
  └─ [aspire:nic] end 04:57:28
  └─ [aspire:ram] end 04:57:28
  └─ [scorpius:sd] end 04:57:28
  └─ [scorpius:cpu] end 04:57:28
  └─ [leo:nic] end 04:57:28
  └─ [leo:ram] end 04:57:29
  └─ [scorpius:ram] end 04:57:30
  └─ [scorpius:nic] end 04:57:31
=== Bloque 25s terminado - Fase: fase1_descarga_medium_iter1 ===
[🧹] Limpiando CSVs internos de ecofloc en cada nodo (fase: fase1_descarga_medium_iter1)...
  ✔ [nitro5:cpu] limpiado /home/luish/Documents/p3/ecofloc2/ecofloc/ecofloc-cpu/ECOFLOC_CPU_COMM_text.csv
  ✔ [nitro5:nic] limpiado /home/luish/Documents/p3/ecofloc2/ecofloc/ecofloc-nic/ECOFLOC_NIC_COMM_text.csv
  ✔ [nitro5:ram] limpiado /home/luish/Documents/p3/ecofloc2/ecofloc/ecofloc-ram/ECOFLOC_RAM_COMM_text.csv
  ✔ [nitro5:sd] limpiado /home/luish/Documents/p3/ecofloc2/ecofloc/ecofloc-sd/ECOFLOC_SD_COMM_text.csv
  ✔ [leo:cpu] limpiado /home/leo/ecofloc/ecofloc-cpu/ECOFLOC_CPU_COMM_text.csv
  ✔ [leo:nic] limpiado /home/leo/ecofloc/ecofloc-nic/ECOFLOC_NIC_COMM_text.csv
  ✔ [leo:ram] limpiado /home/leo/ecofloc/ecofloc-ram/ECOFLOC_RAM_COMM_text.csv
  ✔ [leo:sd] limpiado /home/leo/ecofloc/ecofloc-sd/ECOFLOC_SD_COMM_text.csv
  ✔ [aspire:cpu] limpiado /home/luish/Documents/p3/ecofloc2/ecofloc/ecofloc-cpu/ECOFLOC_CPU_COMM_text.csv
  ✔ [aspire:nic] limpiado /home/luish/Documents/p3/ecofloc2/ecofloc/ecofloc-nic/ECOFLOC_NIC_COMM_text.csv
  ✔ [aspire:ram] limpiado /home/luish/Documents/p3/ecofloc2/ecofloc/ecofloc-ram/ECOFLOC_RAM_COMM_text.csv
  ✔ [aspire:sd] limpiado /home/luish/Documents/p3/ecofloc2/ecofloc/ecofloc-sd/ECOFLOC_SD_COMM_text.csv
  ✔ [scorpius:cpu] limpiado /home/scorpius03/Documents/ecofloc/ecofloc-cpu/ECOFLOC_CPU_COMM_text.csv
  ✔ [scorpius:nic] limpiado /home/scorpius03/Documents/ecofloc/ecofloc-nic/ECOFLOC_NIC_COMM_text.csv
  ✔ [scorpius:ram] limpiado /home/scorpius03/Documents/ecofloc/ecofloc-ram/ECOFLOC_RAM_COMM_text.csv
  ✔ [scorpius:sd] limpiado /home/scorpius03/Documents/ecofloc/ecofloc-sd/ECOFLOC_SD_COMM_text.csv
========================================
🔋 MEASURE ENERGY FINALIZADO
   Fase: fase1_descarga_medium_iter1
========================================
✔️ [04:57:37] Medición fase1_descarga_medium_iter1 completada
[📦] Archivando resultados → ./historyexecutions/exp(04:57:42)_fase1_medium_iter1
[✔] Archivado: ./historyexecutions/exp(04:57:42)_fase1_medium_iter1
========================================
🔋 FASE 2: Preparación de servicios (medium, iter 1)
========================================
📋 Capturando PIDs (gepidstea.sh)...
📋 Capturando PIDs de contenedores (kpsnodos.sh)...
🔋 [04:58:00] Iniciando medición de energía: fase2_preparacion_medium_iter1 (50s)
   PID de medición: 2406137
========================================
🔋 MEASURE ENERGY - Fase: fase2_preparacion_medium_iter1
   Duración: 50s
   PID: 2406137
========================================
=== Medición bloque 50s - Fase: fase2_preparacion_medium_iter1 ===
[⏱ 04:58:00] Iniciando ecofloc en nitro5 por 50s (fase: fase2_preparacion_medium_iter1)
⏳ Esperando 10s a que CoreDNS se estabilice...
  ├─ [nitro5:sd] start 04:58:01
  ├─ [nitro5:ram] start 04:58:01
  ├─ [nitro5:nic] start 04:58:01
[⏱ 04:58:02] Iniciando ecofloc en aspire por 50s (fase: fase2_preparacion_medium_iter1)
  ├─ [nitro5:cpu] start 04:58:02
  ├─ [aspire:sd] start 04:58:02
  ├─ [aspire:ram] start 04:58:02
[⏱ 04:58:02] Iniciando ecofloc en scorpius por 50s (fase: fase2_preparacion_medium_iter1)
  ├─ [aspire:nic] start 04:58:02
  ├─ [aspire:cpu] start 04:58:02
  ├─ [scorpius:sd] start 04:58:02
  ├─ [scorpius:ram] start 04:58:02
  ├─ [scorpius:nic] start 04:58:02
[⏱ 04:58:02] Iniciando ecofloc en leo por 50s (fase: fase2_preparacion_medium_iter1)
  ├─ [scorpius:cpu] start 04:58:02
  ├─ [leo:sd] start 04:58:02
  ├─ [leo:ram] start 04:58:02
  ├─ [leo:nic] start 04:58:02
  ├─ [leo:cpu] start 04:58:02
➡️ Pod WebUI: teastore-webui-558b54cc77-pjt2m
➡️ Está en el nodo: leo02
🌐 IP del nodo WebUI: 192.168.18.36
⏳ Verificando estado del TeaStore en http://192.168.18.36:30080/tools.descartes.teastore.webui/status ...
   ➤ Estado actual: 2 / 5 servicios OK
❌ TeaStore aún no está listo. Reintentando en 10s...
   ➤ Estado actual: 2 / 5 servicios OK
❌ TeaStore aún no está listo. Reintentando en 10s...
   ➤ Estado actual: 2 / 5 servicios OK
❌ TeaStore aún no está listo. Reintentando en 10s...
  └─ [nitro5:sd] end 04:58:51
  └─ [nitro5:ram] end 04:58:51
  └─ [nitro5:nic] end 04:58:51
  └─ [nitro5:cpu] end 04:58:52
  └─ [aspire:sd] end 04:58:52
   ➤ Estado actual: 2 / 5 servicios OK
❌ TeaStore aún no está listo. Reintentando en 10s...
  └─ [leo:sd] end 04:58:53
  └─ [aspire:cpu] end 04:58:53
  └─ [leo:cpu] end 04:58:54
  └─ [aspire:nic] end 04:58:54
  └─ [aspire:ram] end 04:58:54
  └─ [leo:ram] end 04:58:55
  └─ [leo:nic] end 04:58:55
  └─ [scorpius:sd] end 04:58:55
  └─ [scorpius:cpu] end 04:58:57
  └─ [scorpius:ram] end 04:58:57
=== Bloque 50s terminado - Fase: fase2_preparacion_medium_iter1 ===
[🧹] Limpiando CSVs internos de ecofloc en cada nodo (fase: fase2_preparacion_medium_iter1)...
  ✔ [nitro5:cpu] limpiado /home/luish/Documents/p3/ecofloc2/ecofloc/ecofloc-cpu/ECOFLOC_CPU_COMM_text.csv
  ✔ [nitro5:nic] limpiado /home/luish/Documents/p3/ecofloc2/ecofloc/ecofloc-nic/ECOFLOC_NIC_COMM_text.csv
  ✔ [nitro5:ram] limpiado /home/luish/Documents/p3/ecofloc2/ecofloc/ecofloc-ram/ECOFLOC_RAM_COMM_text.csv
  ✔ [nitro5:sd] limpiado /home/luish/Documents/p3/ecofloc2/ecofloc/ecofloc-sd/ECOFLOC_SD_COMM_text.csv
  ✔ [leo:cpu] limpiado /home/leo/ecofloc/ecofloc-cpu/ECOFLOC_CPU_COMM_text.csv
  ✔ [leo:nic] limpiado /home/leo/ecofloc/ecofloc-nic/ECOFLOC_NIC_COMM_text.csv
  ✔ [leo:ram] limpiado /home/leo/ecofloc/ecofloc-ram/ECOFLOC_RAM_COMM_text.csv
  ✔ [leo:sd] limpiado /home/leo/ecofloc/ecofloc-sd/ECOFLOC_SD_COMM_text.csv
  ✔ [aspire:cpu] limpiado /home/luish/Documents/p3/ecofloc2/ecofloc/ecofloc-cpu/ECOFLOC_CPU_COMM_text.csv
  ✔ [aspire:nic] limpiado /home/luish/Documents/p3/ecofloc2/ecofloc/ecofloc-nic/ECOFLOC_NIC_COMM_text.csv
  ✔ [aspire:ram] limpiado /home/luish/Documents/p3/ecofloc2/ecofloc/ecofloc-ram/ECOFLOC_RAM_COMM_text.csv
  ✔ [aspire:sd] limpiado /home/luish/Documents/p3/ecofloc2/ecofloc/ecofloc-sd/ECOFLOC_SD_COMM_text.csv
  ✔ [scorpius:cpu] limpiado /home/scorpius03/Documents/ecofloc/ecofloc-cpu/ECOFLOC_CPU_COMM_text.csv
   ➤ Estado actual: 2 / 5 servicios OK
❌ TeaStore aún no está listo. Reintentando en 10s...
  ✔ [scorpius:nic] limpiado /home/scorpius03/Documents/ecofloc/ecofloc-nic/ECOFLOC_NIC_COMM_text.csv
  ✔ [scorpius:ram] limpiado /home/scorpius03/Documents/ecofloc/ecofloc-ram/ECOFLOC_RAM_COMM_text.csv
  ✔ [scorpius:sd] limpiado /home/scorpius03/Documents/ecofloc/ecofloc-sd/ECOFLOC_SD_COMM_text.csv
========================================
🔋 MEASURE ENERGY FINALIZADO
   Fase: fase2_preparacion_medium_iter1
========================================
   ➤ Estado actual: 2 / 5 servicios OK
❌ TeaStore aún no está listo. Reintentando en 10s...
   ➤ Estado actual: 2 / 5 servicios OK
❌ TeaStore aún no está listo. Reintentando en 10s...
   ➤ Estado actual: 2 / 5 servicios OK
❌ TeaStore aún no está listo. Reintentando en 10s...
   ➤ Estado actual: 2 / 5 servicios OK
❌ TeaStore aún no está listo. Reintentando en 10s...
   ➤ Estado actual: 2 / 5 servicios OK
❌ TeaStore aún no está listo. Reintentando en 10s...
   ➤ Estado actual: 5 / 5 servicios OK
✔ TODOS los servicios del TeaStore están OK. Continuando...
⏳ [05:00:16] Esperando que termine medición: fase2_preparacion_medium_iter1 (PID: 2406137)
✔️ [05:00:16] Medición fase2_preparacion_medium_iter1 completada
[📦] Archivando resultados → ./historyexecutions/exp(05:00:21)_fase2_medium_iter1
[✔] Archivado: ./historyexecutions/exp(05:00:21)_fase2_medium_iter1
========================================
🔋 FASE 3: Ejecución de carga (medium, iter 1)
========================================
📋 Capturando PIDs (gepidstea.sh)...
📋 Capturando PIDs de contenedores (kpsnodos.sh)...
🔋 [05:00:43] Iniciando medición de energía: fase3_carga_medium_iter1 (145s)
   PID de medición: 2537144
=== Escenario medium (iter 1) ===
========================================
🔋 MEASURE ENERGY - Fase: fase3_carga_medium_iter1
   Duración: 145s
   PID: 2537144
========================================
=== Medición bloque 145s - Fase: fase3_carga_medium_iter1 ===
🚀 Iniciando LIMBO con profile=/home/luish/Documents/death/teastore/TeaStore/examples/httploadgenerator/increasingMedIntensity.csv y script=/home/luish/Documents/death/teastore/TeaStore/examples/httploadgenerator/teastore_buy.lua
[⏱ 05:00:43] Iniciando ecofloc en nitro5 por 145s (fase: fase3_carga_medium_iter1)
Feb 19, 2026 5:00:43 AM tools.descartes.dlim.httploadgenerator.runner.Director executeDirector
WARNING: No power measurements
Feb 19, 2026 5:00:43 AM tools.descartes.dlim.httploadgenerator.runner.Director executeDirector
INFO: Load Generator Thread Count set to 128
Feb 19, 2026 5:00:43 AM tools.descartes.dlim.httploadgenerator.runner.Director executeDirector
INFO: URL connection timout set to 10000 ms
Feb 19, 2026 5:00:43 AM tools.descartes.dlim.httploadgenerator.runner.Director executeDirector
INFO: Using Lua Script: /home/luish/Documents/death/teastore/TeaStore/examples/httploadgenerator/teastore_buy.lua
Feb 19, 2026 5:00:43 AM tools.descartes.dlim.httploadgenerator.runner.Director process
INFO: Read 120 Arrival Rate Tuples
Load Generator sent: ok
Feb 19, 2026 5:00:43 AM tools.descartes.dlim.httploadgenerator.runner.Director process
INFO: Arrival Rates sent to Load Generator(s).
Load Generator sent: ok
Feb 19, 2026 5:00:43 AM tools.descartes.dlim.httploadgenerator.runner.Director process
INFO: Thread Count sent to Load Generator(s): 128
Load Generator sent: ok
Feb 19, 2026 5:00:43 AM tools.descartes.dlim.httploadgenerator.runner.Director process
INFO: URL connection timeout sent to Load Generator(s): 10000
Load Generator sent: ok
Feb 19, 2026 5:00:43 AM tools.descartes.dlim.httploadgenerator.runner.Director process
INFO: Contents of script sent to Load Generator: /home/luish/Documents/death/teastore/TeaStore/examples/httploadgenerator/teastore_buy.lua
Feb 19, 2026 5:00:43 AM tools.descartes.dlim.httploadgenerator.runner.Director process
INFO: Starting Load Generation
Beginning Run @1771495243701(19.02.2026;05:00:43701)
  ├─ [nitro5:sd] start 05:00:43
Target Time = 0.5; Load Intensity = 8.0; #Success = 0; #Failed = 0; #Dropped = 0
  ├─ [nitro5:ram] start 05:00:44
  ├─ [nitro5:nic] start 05:00:44
[⏱ 05:00:45] Iniciando ecofloc en aspire por 145s (fase: fase3_carga_medium_iter1)
  ├─ [nitro5:cpu] start 05:00:45
  ├─ [aspire:sd] start 05:00:45
  ├─ [aspire:ram] start 05:00:45
[⏱ 05:00:45] Iniciando ecofloc en scorpius por 145s (fase: fase3_carga_medium_iter1)
  ├─ [aspire:nic] start 05:00:45
  ├─ [aspire:cpu] start 05:00:45
  ├─ [scorpius:sd] start 05:00:45
  ├─ [scorpius:ram] start 05:00:45
[⏱ 05:00:45] Iniciando ecofloc en leo por 145s (fase: fase3_carga_medium_iter1)
  ├─ [scorpius:nic] start 05:00:45
  ├─ [scorpius:cpu] start 05:00:45
  ├─ [leo:sd] start 05:00:45
  ├─ [leo:ram] start 05:00:45
  ├─ [leo:nic] start 05:00:45
  ├─ [leo:cpu] start 05:00:45
Target Time = 1.5; Load Intensity = 16.0; #Success = 0; #Failed = 0; #Dropped = 0
Target Time = 2.5; Load Intensity = 25.0; #Success = 0; #Failed = 0; #Dropped = 0
Target Time = 3.5; Load Intensity = 33.0; #Success = 0; #Failed = 0; #Dropped = 0
Target Time = 4.5; Load Intensity = 41.0; #Success = 0; #Failed = 0; #Dropped = 0
Target Time = 5.5; Load Intensity = 50.0; #Success = 0; #Failed = 0; #Dropped = 0
Target Time = 6.5; Load Intensity = 58.0; #Success = 0; #Failed = 1; #Dropped = 0
Target Time = 7.5; Load Intensity = 66.0; #Success = 5; #Failed = 0; #Dropped = 0
Target Time = 8.5; Load Intensity = 75.0; #Success = 3; #Failed = 0; #Dropped = 0
Target Time = 9.5; Load Intensity = 83.0; #Success = 21; #Failed = 0; #Dropped = 0
Target Time = 10.5; Load Intensity = 91.0; #Success = 3; #Failed = 0; #Dropped = 0
Target Time = 11.5; Load Intensity = 100.0; #Success = 11; #Failed = 0; #Dropped = 0
Target Time = 12.5; Load Intensity = 108.0; #Success = 18; #Failed = 0; #Dropped = 0
Target Time = 13.5; Load Intensity = 116.0; #Success = 21; #Failed = 0; #Dropped = 0
Target Time = 14.5; Load Intensity = 125.0; #Success = 44; #Failed = 0; #Dropped = 0
Target Time = 15.5; Load Intensity = 133.0; #Success = 1; #Failed = 0; #Dropped = 0
Target Time = 16.5; Load Intensity = 141.0; #Success = 1; #Failed = 0; #Dropped = 0
Target Time = 17.5; Load Intensity = 150.0; #Success = 4; #Failed = 1; #Dropped = 28
Target Time = 18.5; Load Intensity = 158.0; #Success = 2; #Failed = 1; #Dropped = 65
Target Time = 19.5; Load Intensity = 166.0; #Success = 16; #Failed = 5; #Dropped = 62
Target Time = 20.5; Load Intensity = 175.0; #Success = 3; #Failed = 0; #Dropped = 101
Target Time = 21.5; Load Intensity = 183.0; #Success = 11; #Failed = 0; #Dropped = 89
Target Time = 22.5; Load Intensity = 191.0; #Success = 18; #Failed = 0; #Dropped = 92
Target Time = 23.5; Load Intensity = 200.0; #Success = 22; #Failed = 0; #Dropped = 114
Target Time = 24.5; Load Intensity = 208.0; #Success = 43; #Failed = 0; #Dropped = 71
Target Time = 25.5; Load Intensity = 216.0; #Success = 1; #Failed = 0; #Dropped = 14
Target Time = 26.5; Load Intensity = 225.0; #Success = 1; #Failed = 0; #Dropped = 126
Target Time = 27.5; Load Intensity = 233.0; #Success = 5; #Failed = 0; #Dropped = 265
Target Time = 28.5; Load Intensity = 241.0; #Success = 3; #Failed = 0; #Dropped = 109
Target Time = 29.5; Load Intensity = 250.0; #Success = 21; #Failed = 0; #Dropped = 166
Target Time = 30.5; Load Intensity = 258.0; #Success = 3; #Failed = 0; #Dropped = 195
Target Time = 31.5; Load Intensity = 266.0; #Success = 11; #Failed = 0; #Dropped = 168
Target Time = 32.5; Load Intensity = 275.0; #Success = 18; #Failed = 0; #Dropped = 182
Target Time = 33.5; Load Intensity = 283.0; #Success = 21; #Failed = 0; #Dropped = 176
Target Time = 34.5; Load Intensity = 291.0; #Success = 39; #Failed = 0; #Dropped = 174
Target Time = 35.5; Load Intensity = 300.0; #Success = 6; #Failed = 0; #Dropped = 3
Target Time = 36.5; Load Intensity = 308.0; #Success = 1; #Failed = 0; #Dropped = 224
Target Time = 37.5; Load Intensity = 316.0; #Success = 5; #Failed = 0; #Dropped = 427
Target Time = 38.5; Load Intensity = 325.0; #Success = 3; #Failed = 0; #Dropped = 166
Target Time = 39.5; Load Intensity = 333.0; #Success = 21; #Failed = 0; #Dropped = 226
Target Time = 40.5; Load Intensity = 341.0; #Success = 3; #Failed = 0; #Dropped = 335
Target Time = 41.5; Load Intensity = 350.0; #Success = 11; #Failed = 0; #Dropped = 242
Target Time = 42.5; Load Intensity = 358.0; #Success = 18; #Failed = 0; #Dropped = 272
Target Time = 43.5; Load Intensity = 366.0; #Success = 22; #Failed = 0; #Dropped = 286
Target Time = 44.5; Load Intensity = 375.0; #Success = 38; #Failed = 0; #Dropped = 229
Target Time = 45.5; Load Intensity = 383.0; #Success = 6; #Failed = 0; #Dropped = 34
Target Time = 46.5; Load Intensity = 391.0; #Success = 1; #Failed = 0; #Dropped = 301
Target Time = 47.5; Load Intensity = 400.0; #Success = 5; #Failed = 0; #Dropped = 571
Target Time = 48.5; Load Intensity = 408.0; #Success = 3; #Failed = 0; #Dropped = 252
Target Time = 49.5; Load Intensity = 416.0; #Success = 21; #Failed = 0; #Dropped = 307
Target Time = 50.5; Load Intensity = 425.0; #Success = 3; #Failed = 0; #Dropped = 413
Target Time = 51.5; Load Intensity = 433.0; #Success = 11; #Failed = 0; #Dropped = 321
Target Time = 52.5; Load Intensity = 441.0; #Success = 18; #Failed = 0; #Dropped = 362
Target Time = 53.5; Load Intensity = 450.0; #Success = 21; #Failed = 0; #Dropped = 341
Target Time = 54.5; Load Intensity = 458.0; #Success = 40; #Failed = 0; #Dropped = 358
Target Time = 55.5; Load Intensity = 466.0; #Success = 5; #Failed = 0; #Dropped = 49
Target Time = 56.5; Load Intensity = 475.0; #Success = 1; #Failed = 0; #Dropped = 329
Target Time = 57.5; Load Intensity = 483.0; #Success = 5; #Failed = 0; #Dropped = 752
Target Time = 58.5; Load Intensity = 491.0; #Success = 3; #Failed = 0; #Dropped = 321
Target Time = 59.5; Load Intensity = 500.0; #Success = 21; #Failed = 0; #Dropped = 398
Target Time = 60.5; Load Intensity = 508.0; #Success = 3; #Failed = 0; #Dropped = 518
Target Time = 61.5; Load Intensity = 516.0; #Success = 11; #Failed = 0; #Dropped = 381
Target Time = 62.5; Load Intensity = 525.0; #Success = 18; #Failed = 0; #Dropped = 450
Target Time = 63.5; Load Intensity = 533.0; #Success = 21; #Failed = 0; #Dropped = 442
Target Time = 64.5; Load Intensity = 541.0; #Success = 44; #Failed = 0; #Dropped = 440
Target Time = 65.5; Load Intensity = 550.0; #Success = 1; #Failed = 0; #Dropped = 41
Target Time = 66.5; Load Intensity = 558.0; #Success = 1; #Failed = 0; #Dropped = 422
Target Time = 67.5; Load Intensity = 566.0; #Success = 5; #Failed = 0; #Dropped = 923
Target Time = 68.5; Load Intensity = 575.0; #Success = 3; #Failed = 0; #Dropped = 368
Target Time = 69.5; Load Intensity = 583.0; #Success = 21; #Failed = 0; #Dropped = 515
Target Time = 70.5; Load Intensity = 591.0; #Success = 3; #Failed = 0; #Dropped = 581
Target Time = 71.5; Load Intensity = 600.0; #Success = 11; #Failed = 0; #Dropped = 484
Target Time = 72.5; Load Intensity = 608.0; #Success = 18; #Failed = 0; #Dropped = 531
Target Time = 73.5; Load Intensity = 616.0; #Success = 21; #Failed = 0; #Dropped = 520
Target Time = 74.5; Load Intensity = 625.0; #Success = 37; #Failed = 0; #Dropped = 498
Target Time = 75.5; Load Intensity = 633.0; #Success = 8; #Failed = 0; #Dropped = 54
Target Time = 76.5; Load Intensity = 641.0; #Success = 1; #Failed = 0; #Dropped = 549
Target Time = 77.5; Load Intensity = 650.0; #Success = 5; #Failed = 0; #Dropped = 1059
Target Time = 78.5; Load Intensity = 658.0; #Success = 3; #Failed = 0; #Dropped = 468
Target Time = 79.5; Load Intensity = 666.0; #Success = 21; #Failed = 0; #Dropped = 515
Target Time = 80.5; Load Intensity = 675.0; #Success = 3; #Failed = 0; #Dropped = 727
Target Time = 81.5; Load Intensity = 683.0; #Success = 11; #Failed = 0; #Dropped = 560
Target Time = 82.5; Load Intensity = 691.0; #Success = 18; #Failed = 0; #Dropped = 628
Target Time = 83.5; Load Intensity = 700.0; #Success = 21; #Failed = 0; #Dropped = 587
Target Time = 84.5; Load Intensity = 708.0; #Success = 41; #Failed = 0; #Dropped = 634
Target Time = 85.5; Load Intensity = 716.0; #Success = 4; #Failed = 0; #Dropped = 53
Target Time = 86.5; Load Intensity = 725.0; #Success = 1; #Failed = 0; #Dropped = 606
Target Time = 87.5; Load Intensity = 733.0; #Success = 5; #Failed = 0; #Dropped = 1213
Target Time = 88.5; Load Intensity = 741.0; #Success = 3; #Failed = 0; #Dropped = 543
Target Time = 89.5; Load Intensity = 750.0; #Success = 21; #Failed = 0; #Dropped = 642
Target Time = 90.5; Load Intensity = 758.0; #Success = 3; #Failed = 0; #Dropped = 789
Target Time = 91.5; Load Intensity = 766.0; #Success = 11; #Failed = 0; #Dropped = 658
Target Time = 92.5; Load Intensity = 775.0; #Success = 18; #Failed = 0; #Dropped = 694
Target Time = 93.5; Load Intensity = 783.0; #Success = 22; #Failed = 0; #Dropped = 711
Target Time = 94.5; Load Intensity = 791.0; #Success = 34; #Failed = 0; #Dropped = 614
Target Time = 95.5; Load Intensity = 800.0; #Success = 10; #Failed = 0; #Dropped = 89
Target Time = 96.5; Load Intensity = 808.0; #Success = 1; #Failed = 0; #Dropped = 715
Target Time = 97.5; Load Intensity = 816.0; #Success = 5; #Failed = 0; #Dropped = 1372
Target Time = 98.5; Load Intensity = 825.0; #Success = 3; #Failed = 0; #Dropped = 643
Target Time = 99.5; Load Intensity = 833.0; #Success = 19; #Failed = 15; #Dropped = 738
Target Time = 100.5; Load Intensity = 841.0; #Success = 3; #Failed = 0; #Dropped = 838
Target Time = 101.5; Load Intensity = 850.0; #Success = 11; #Failed = 0; #Dropped = 728
Target Time = 102.5; Load Intensity = 858.0; #Success = 17; #Failed = 0; #Dropped = 711
Target Time = 103.5; Load Intensity = 866.0; #Success = 22; #Failed = 0; #Dropped = 816
Target Time = 104.5; Load Intensity = 875.0; #Success = 35; #Failed = 6; #Dropped = 806
Target Time = 105.5; Load Intensity = 883.0; #Success = 7; #Failed = 5; #Dropped = 157
Target Time = 106.5; Load Intensity = 891.0; #Success = 1; #Failed = 0; #Dropped = 672
Target Time = 107.5; Load Intensity = 900.0; #Success = 5; #Failed = 0; #Dropped = 1529
Target Time = 108.5; Load Intensity = 908.0; #Success = 3; #Failed = 0; #Dropped = 566
Target Time = 109.5; Load Intensity = 916.0; #Success = 21; #Failed = 0; #Dropped = 852
Target Time = 110.5; Load Intensity = 925.0; #Success = 3; #Failed = 0; #Dropped = 1045
Target Time = 111.5; Load Intensity = 933.0; #Success = 11; #Failed = 1; #Dropped = 845
Target Time = 112.5; Load Intensity = 941.0; #Success = 18; #Failed = 0; #Dropped = 893
Target Time = 113.5; Load Intensity = 950.0; #Success = 21; #Failed = 0; #Dropped = 785
Target Time = 114.5; Load Intensity = 958.0; #Success = 39; #Failed = 0; #Dropped = 938
Target Time = 115.5; Load Intensity = 966.0; #Success = 6; #Failed = 1; #Dropped = 106
Target Time = 116.5; Load Intensity = 975.0; #Success = 1; #Failed = 0; #Dropped = 816
Target Time = 117.5; Load Intensity = 983.0; #Success = 5; #Failed = 13; #Dropped = 1616
Target Time = 118.5; Load Intensity = 991.0; #Success = 2; #Failed = 18; #Dropped = 960
Target Time = 119.5; Load Intensity = 1000.0; #Success = 13; #Failed = 1; #Dropped = 595
Target Time = 120.5; Load Intensity = 0.0; #Success = 2; #Failed = 0; #Dropped = 1180
Target Time = 121.5; Load Intensity = 0.0; #Success = 7; #Failed = 1; #Dropped = 906
Target Time = 122.5; Load Intensity = 0.0; #Success = 18; #Failed = 0; #Dropped = 938
Target Time = 123.5; Load Intensity = 0.0; #Success = 21; #Failed = 0; #Dropped = 927
Target Time = 124.5; Load Intensity = 0.0; #Success = 24; #Failed = 1; #Dropped = 911
Target Time = 125.5; Load Intensity = 0.0; #Success = 2; #Failed = 0; #Dropped = 125
Target Time = 126.5; Load Intensity = 0.0; #Success = 1; #Failed = 0; #Dropped = 1166
Target Time = 127.5; Load Intensity = 0.0; #Success = 18; #Failed = 0; #Dropped = 1624
Target Time = 128.5; Load Intensity = 0.0; #Success = 18; #Failed = 0; #Dropped = 990
Target Time = 129.5; Load Intensity = 0.0; #Success = 15; #Failed = 0; #Dropped = 675
Target Time = 130.5; Load Intensity = 0.0; #Success = 2; #Failed = 0; #Dropped = 313
Target Time = 131.5; Load Intensity = 0.0; #Success = 7; #Failed = 1; #Dropped = 0
Target Time = 132.5; Load Intensity = 0.0; #Success = 18; #Failed = 0; #Dropped = 0
Target Time = 133.5; Load Intensity = 0.0; #Success = 21; #Failed = 0; #Dropped = 0
Target Time = 134.5; Load Intensity = 0.0; #Success = 25; #Failed = 0; #Dropped = 0
Target Time = 135.5; Load Intensity = 0.0; #Success = 2; #Failed = 0; #Dropped = 0
Target Time = 136.5; Load Intensity = 0.0; #Success = 1; #Failed = 0; #Dropped = 0
Target Time = 137.5; Load Intensity = 0.0; #Success = 18; #Failed = 0; #Dropped = 0
Target Time = 138.5; Load Intensity = 0.0; #Success = 18; #Failed = 0; #Dropped = 0
Target Time = 139.5; Load Intensity = 0.0; #Success = 15; #Failed = 0; #Dropped = 0
Workload finished.
Log finished.
📄 LIMBO finalizado para scenario=medium
⏳ [05:03:08] Esperando que termine medición: fase3_carga_medium_iter1 (PID: 2537144)
  └─ [nitro5:sd] end 05:03:08
  └─ [nitro5:ram] end 05:03:09
  └─ [nitro5:nic] end 05:03:09
  └─ [nitro5:cpu] end 05:03:10
  └─ [aspire:cpu] end 05:03:15
  └─ [aspire:sd] end 05:03:15
  └─ [leo:cpu] end 05:03:15
  └─ [leo:sd] end 05:03:15
  └─ [leo:nic] end 05:03:21
  └─ [leo:ram] end 05:03:28
  └─ [aspire:nic] end 05:03:29
  └─ [scorpius:sd] end 05:03:29
  └─ [scorpius:nic] end 05:03:30
  └─ [scorpius:ram] end 05:03:30
  └─ [scorpius:cpu] end 05:03:32
  └─ [aspire:ram] end 05:03:42
=== Bloque 145s terminado - Fase: fase3_carga_medium_iter1 ===
[🧹] Limpiando CSVs internos de ecofloc en cada nodo (fase: fase3_carga_medium_iter1)...
  ✔ [nitro5:cpu] limpiado /home/luish/Documents/p3/ecofloc2/ecofloc/ecofloc-cpu/ECOFLOC_CPU_COMM_text.csv
  ✔ [nitro5:nic] limpiado /home/luish/Documents/p3/ecofloc2/ecofloc/ecofloc-nic/ECOFLOC_NIC_COMM_text.csv
  ✔ [nitro5:ram] limpiado /home/luish/Documents/p3/ecofloc2/ecofloc/ecofloc-ram/ECOFLOC_RAM_COMM_text.csv
  ✔ [nitro5:sd] limpiado /home/luish/Documents/p3/ecofloc2/ecofloc/ecofloc-sd/ECOFLOC_SD_COMM_text.csv
  ✔ [leo:cpu] limpiado /home/leo/ecofloc/ecofloc-cpu/ECOFLOC_CPU_COMM_text.csv
  ✔ [leo:nic] limpiado /home/leo/ecofloc/ecofloc-nic/ECOFLOC_NIC_COMM_text.csv
  ✔ [leo:ram] limpiado /home/leo/ecofloc/ecofloc-ram/ECOFLOC_RAM_COMM_text.csv
  ✔ [leo:sd] limpiado /home/leo/ecofloc/ecofloc-sd/ECOFLOC_SD_COMM_text.csv
  ✔ [aspire:cpu] limpiado /home/luish/Documents/p3/ecofloc2/ecofloc/ecofloc-cpu/ECOFLOC_CPU_COMM_text.csv
  ✔ [aspire:nic] limpiado /home/luish/Documents/p3/ecofloc2/ecofloc/ecofloc-nic/ECOFLOC_NIC_COMM_text.csv
  ✔ [aspire:ram] limpiado /home/luish/Documents/p3/ecofloc2/ecofloc/ecofloc-ram/ECOFLOC_RAM_COMM_text.csv
  ✔ [aspire:sd] limpiado /home/luish/Documents/p3/ecofloc2/ecofloc/ecofloc-sd/ECOFLOC_SD_COMM_text.csv
  ✔ [scorpius:cpu] limpiado /home/scorpius03/Documents/ecofloc/ecofloc-cpu/ECOFLOC_CPU_COMM_text.csv
  ✔ [scorpius:nic] limpiado /home/scorpius03/Documents/ecofloc/ecofloc-nic/ECOFLOC_NIC_COMM_text.csv
  ✔ [scorpius:ram] limpiado /home/scorpius03/Documents/ecofloc/ecofloc-ram/ECOFLOC_RAM_COMM_text.csv
  ✔ [scorpius:sd] limpiado /home/scorpius03/Documents/ecofloc/ecofloc-sd/ECOFLOC_SD_COMM_text.csv
========================================
🔋 MEASURE ENERGY FINALIZADO
   Fase: fase3_carga_medium_iter1
========================================
✔️ [05:03:57] Medición fase3_carga_medium_iter1 completada
[📦] Archivando resultados → ./historyexecutions/exp(05:04:02)_fase3_medium_iter1
